timestamp,scenario_id,episode_id,step_id,robot_x,robot_y,robot_z,robot_yaw,robot_linear_velocity,robot_angular_velocity,goal_x,goal_y,goal_z,distance_to_goal,number_of_dynamic_objects,obstacle_positions,obstacle_velocities,human_positions,human_velocities,forklift_positions,forklift_velocities,collision,goal_reached,navigation_status,warehouse_length,warehouse_width,aisle_width,scenario_type,station_availability,actor_work_states
0.1350,3,26,1,-24.0000,0.0500,-17.2000,0.0000,0.0000,0.0000,-24.0000,0.0000,-15.0000,2.2006,7,"","","8.400:0.050:-4.500|-12.900:0.000:-6.086|-4.200:0.050:0.000|4.200:0.050:-4.500|-8.400:0.050:4.500","0.000:0.000:0.000|0.000:0.000:-0.750|0.000:0.000:0.000|0.000:0.000:0.000|0.000:0.000:0.000","20.000:0.050:-8.000|-12.291:0.000:-17.949","0.000:0.000:0.000|0.079:0.000:0.443",False,False,Idle,60.00,40.00,3.00,ForkliftInteraction,"P1:True|P2:True|P3:True|D1:True|D2:True|D3:True","H1:Rack picker: R1 staging:Load / inspect at source:load=False:handoffs=0|H2:D3 receiving inspection:Transport:load=True:handoffs=0|H3:PD station operator:Load / inspect at source:load=False:handoffs=0|H4:Trolley operator: PD2 transfer:Load / inspect at source:load=False:handoffs=0|H5:Maintenance and replenishment:Load / inspect at source:load=False:handoffs=0|F1:Inbound pallet transport in east perimeter lane:Load / inspect at source:load=False:handoffs=0|F2:D3 outbound pallet staging:Transport:load=True:handoffs=0"
0.2503,3,26,2,-24.0000,0.0500,-17.1819,0.0000,0.2198,0.0000,-24.0000,0.0000,-15.0000,2.1825,7,"","","8.400:0.050:-4.500|-12.900:0.000:-6.172|-4.200:0.050:0.000|4.200:0.050:-4.500|-8.400:0.050:4.500","0.000:0.000:0.000|0.000:0.000:-0.750|0.000:0.000:0.000|0.000:0.000:0.000|0.000:0.000:0.000","20.000:0.050:-8.000|-12.282:0.000:-17.898","0.000:0.000:0.000|0.079:0.000:0.443",False,False,Moving,60.00,40.00,3.00,ForkliftInteraction,"P1:True|P2:True|P3:True|D1:True|D2:True|D3:True","H1:Rack picker: R1 staging:Load / inspect at source:load=False:handoffs=0|H2:D3 receiving inspection:Transport:load=True:handoffs=0|H3:PD station operator:Load / inspect at source:load=False:handoffs=0|H4:Trolley operator: PD2 transfer:Load / inspect at source:load=False:handoffs=0|H5:Maintenance and replenishment:Load / inspect at source:load=False:handoffs=0|F1:Inbound pallet transport in east perimeter lane:Load / inspect at source:load=False:handoffs=0|F2:D3 outbound pallet staging:Transport:load=True:handoffs=0"
0.3611,3,26,3,-24.0000,0.0500,-17.1515,0.0000,0.3289,0.0000,-24.0000,0.0000,-15.0000,2.1521,7,"","","8.400:0.050:-4.500|-12.900:0.000:-6.255|-4.200:0.050:0.000|4.200:0.050:-4.500|-8.400:0.050:4.500","0.000:0.000:0.000|0.000:0.000:-0.750|0.000:0.000:0.000|0.000:0.000:0.000|0.000:0.000:0.000","20.000:0.050:-8.000|-12.273:0.000:-17.849","0.000:0.000:0.000|0.079:0.000:0.443",False,False,Moving,60.00,40.00,3.00,ForkliftInteraction,"P1:True|P2:True|P3:True|D1:True|D2:True|D3:True","H1:Rack picker: R1 staging:Load / inspect at source:load=False:handoffs=0|H2:D3 receiving inspection:Transport:load=True:handoffs=0|H3:PD station operator:Load / inspect at source:load=False:handoffs=0|H4:Trolley operator: PD2 transfer:Load / inspect at source:load=False:handoffs=0|H5:Maintenance and replenishment:Load / inspect at source:load=False:handoffs=0|F1:Inbound pallet transport in east perimeter lane:Load / inspect at source:load=False:handoffs=0|F2:D3 outbound pallet staging:Transport:load=True:handoffs=0"
0.4679,3,26,4,-24.0000,0.0500,-17.1106,0.0000,0.4444,0.0000,-24.0000,0.0000,-15.0000,2.1112,7,"","","8.400:0.050:-4.500|-12.900:0.000:-6.336|-4.200:0.050:0.000|4.200:0.050:-4.500|-8.400:0.050:4.500","0.000:0.000:0.000|0.000:0.000:-0.750|0.000:0.000:0.000|0.000:0.000:0.000|0.000:0.000:0.000","20.000:0.050:-8.000|-12.265:0.000:-17.802","0.000:0.000:0.000|0.079:0.000:0.443",False,False,Moving,60.00,40.00,3.00,ForkliftInteraction,"P1:True|P2:True|P3:True|D1:True|D2:True|D3:True","H1:Rack picker: R1 staging:Load / inspect at source:load=False:handoffs=0|H2:D3 receiving inspection:Transport:load=True:handoffs=0|H3:PD station operator:Load / inspect at source:load=False:handoffs=0|H4:Trolley operator: PD2 transfer:Load / inspect at source:load=False:handoffs=0|H5:Maintenance and replenishment:Load / inspect at source:load=False:handoffs=0|F1:Inbound pallet transport in east perimeter lane:Load / inspect at source:load=False:handoffs=0|F2:D3 outbound pallet staging:Transport:load=True:handoffs=0"
0.5829,3,26,5,-24.0000,0.0500,-17.0539,0.0000,0.5369,0.0000,-24.0000,0.0000,-15.0000,2.0545,7,"","","8.400:0.050:-4.500|-12.900:0.000:-6.422|-4.200:0.050:0.000|4.200:0.050:-4.500|-8.400:0.050:4.500","0.000:0.000:0.000|0.000:0.000:-0.750|0.000:0.000:0.000|0.000:0.000:0.000|0.000:0.000:0.000","20.000:0.050:-8.000|-12.256:0.000:-17.751","0.000:0.000:0.000|0.079:0.000:0.443",False,False,Moving,60.00,40.00,3.00,ForkliftInteraction,"P1:True|P2:True|P3:True|D1:True|D2:True|D3:True","H1:Rack picker: R1 staging:Load / inspect at source:load=False:handoffs=0|H2:D3 receiving inspection:Transport:load=True:handoffs=0|H3:PD station operator:Load / inspect at source:load=False:handoffs=0|H4:Trolley operator: PD2 transfer:Load / inspect at source:load=False:handoffs=0|H5:Maintenance and replenishment:Load / inspect at source:load=False:handoffs=0|F1:Inbound pallet transport in east perimeter lane:Load / inspect at source:load=False:handoffs=0|F2:D3 outbound pallet staging:Transport:load=True:handoffs=0"
0.6884,3,26,6,-24.0000,0.0500,-16.9901,0.0000,0.6684,0.0000,-24.0000,0.0000,-15.0000,1.9907,7,"","","8.400:0.050:-4.500|-12.900:0.000:-6.501|-4.200:0.050:0.000|4.200:0.050:-4.500|-8.400:0.050:4.500","0.000:0.000:0.000|0.000:0.000:-0.750|0.000:0.000:0.000|0.000:0.000:0.000|0.000:0.000:0.000","20.000:0.050:-8.000|-12.247:0.000:-17.704","0.000:0.000:0.000|0.079:0.000:0.443",False,False,Moving,60.00,40.00,3.00,ForkliftInteraction,"P1:True|P2:True|P3:True|D1:True|D2:True|D3:True","H1:Rack picker: R1 staging:Load / inspect at source:load=False:handoffs=0|H2:D3 receiving inspection:Transport:load=True:handoffs=0|H3:PD station operator:Load / inspect at source:load=False:handoffs=0|H4:Trolley operator: PD2 transfer:Load / inspect at source:load=False:handoffs=0|H5:Maintenance and replenishment:Load / inspect at source:load=False:handoffs=0|F1:Inbound pallet transport in east perimeter lane:Load / inspect at source:load=False:handoffs=0|F2:D3 outbound pallet staging:Transport:load=True:handoffs=0"
0.8061,3,26,7,-24.0000,0.0500,-16.9059,0.0000,0.8120,0.0000,-24.0000,0.0000,-15.0000,1.9066,7,"","","8.400:0.050:-4.500|-12.900:0.000:-6.589|-4.200:0.050:0.000|4.200:0.050:-4.500|-8.400:0.050:4.500","0.000:0.000:0.000|0.000:0.000:-0.750|0.000:0.000:0.000|0.000:0.000:0.000|0.000:0.000:0.000","20.000:0.050:-8.000|-12.238:0.000:-17.652","0.000:0.000:0.000|0.079:0.000:0.443",False,False,Moving,60.00,40.00,3.00,ForkliftInteraction,"P1:True|P2:True|P3:True|D1:True|D2:True|D3:True","H1:Rack picker: R1 staging:Load / inspect at source:load=False:handoffs=0|H2:D3 receiving inspection:Transport:load=True:handoffs=0|H3:PD station operator:Load / inspect at source:load=False:handoffs=0|H4:Trolley operator: PD2 transfer:Load / inspect at source:load=False:handoffs=0|H5:Maintenance and replenishment:Load / inspect at source:load=False:handoffs=0|F1:Inbound pallet transport in east perimeter lane:Load / inspect at source:load=False:handoffs=0|F2:D3 outbound pallet staging:Transport:load=True:handoffs=0"
0.9074,3,26,8,-24.0000,0.0500,-16.8225,0.0000,1.0427,0.0000,-24.0000,0.0000,-15.0000,1.8232,7,"","","8.400:0.050:-4.500|-12.900:0.000:-6.665|-4.200:0.050:0.000|4.200:0.050:-4.500|-8.400:0.050:4.500","0.000:0.000:0.000|0.000:0.000:-0.750|0.000:0.000:0.000|0.000:0.000:0.000|0.000:0.000:0.000","20.000:0.050:-8.000|-12.230:0.000:-17.607","0.000:0.000:0.000|0.079:0.000:0.443",False,False,Moving,60.00,40.00,3.00,ForkliftInteraction,"P1:True|P2:True|P3:True|D1:True|D2:True|D3:True","H1:Rack picker: R1 staging:Load / inspect at source:load=False:handoffs=0|H2:D3 receiving inspection:Transport:load=True:handoffs=0|H3:PD station operator:Load / inspect at source:load=False:handoffs=0|H4:Trolley operator: PD2 transfer:Load / inspect at source:load=False:handoffs=0|H5:Maintenance and replenishment:Load / inspect at source:load=False:handoffs=0|F1:Inbound pallet transport in east perimeter lane:Load / inspect at source:load=False:handoffs=0|F2:D3 outbound pallet staging:Transport:load=True:handoffs=0"
1.0325,3,26,9,-24.0000,0.0500,-16.7053,0.0000,0.0000,0.0000,-24.0000,0.0000,-15.0000,1.7061,7,"","","8.400:0.050:-4.500|-12.900:0.000:-6.759|-4.200:0.050:0.000|4.200:0.050:-4.500|-8.400:0.050:4.500","0.000:0.000:0.000|0.000:0.000:-0.750|0.000:0.000:0.000|0.000:0.000:0.000|0.000:0.000:0.000","20.000:0.050:-8.000|-12.220:0.000:-17.552","0.000:0.000:0.000|0.079:0.000:0.443",False,False,Moving,60.00,40.00,3.00,ForkliftInteraction,"P1:True|P2:True|P3:True|D1:True|D2:True|D3:True","H1:Rack picker: R1 staging:Load / inspect at source:load=False:handoffs=0|H2:D3 receiving inspection:Transport:load=True:handoffs=0|H3:PD station operator:Load / inspect at source:load=False:handoffs=0|H4:Trolley operator: PD2 transfer:Load / inspect at source:load=False:handoffs=0|H5:Maintenance and replenishment:Load / inspect at source:load=False:handoffs=0|F1:Inbound pallet transport in east perimeter lane:Load / inspect at source:load=False:handoffs=0|F2:D3 outbound pallet staging:Transport:load=True:handoffs=0"
1.1453,3,26,10,-24.0000,0.0500,-16.5860,0.0000,1.1183,0.0000,-24.0000,0.0000,-15.0000,1.5868,7,"","","8.400:0.050:-4.500|-12.900:0.000:-6.844|-4.200:0.050:0.000|4.200:0.050:-4.500|-8.400:0.050:4.500","0.000:0.000:0.000|0.000:0.000:-0.750|0.000:0.000:0.000|0.000:0.000:0.000|0.000:0.000:0.000","20.000:0.050:-8.000|-12.211:0.000:-17.502","0.000:0.000:0.000|0.079:0.000:0.443",False,False,Moving,60.00,40.00,3.00,ForkliftInteraction,"P1:True|P2:True|P3:True|D1:True|D2:True|D3:True","H1:Rack picker: R1 staging:Load / inspect at source:load=False:handoffs=0|H2:D3 receiving inspection:Transport:load=True:handoffs=0|H3:PD station operator:Load / inspect at source:load=False:handoffs=0|H4:Trolley operator: PD2 transfer:Load / inspect at source:load=False:handoffs=0|H5:Maintenance and replenishment:Load / inspect at source:load=False:handoffs=0|F1:Inbound pallet transport in east perimeter lane:Load / inspect at source:load=False:handoffs=0|F2:D3 outbound pallet staging:Transport:load=True:handoffs=0"
1.2669,3,26,11,-24.0000,0.0500,-16.4434,0.0000,1.2948,0.0000,-24.0000,0.0000,-15.0000,1.4443,7,"","","8.400:0.050:-4.500|-12.900:0.000:-6.935|-4.200:0.050:0.000|4.200:0.050:-4.500|-8.400:0.050:4.500","0.000:0.000:0.000|0.000:0.000:-0.750|0.000:0.000:0.000|0.000:0.000:0.000|0.000:0.000:0.000","20.000:0.050:-8.000|-12.202:0.000:-17.448","0.000:0.000:0.000|0.079:0.000:0.443",False,False,Moving,60.00,40.00,3.00,ForkliftInteraction,"P1:True|P2:True|P3:True|D1:True|D2:True|D3:True","H1:Rack picker: R1 staging:Load / inspect at source:load=False:handoffs=0|H2:D3 receiving inspection:Transport:load=True:handoffs=0|H3:PD station operator:Load / inspect at source:load=False:handoffs=0|H4:Trolley operator: PD2 transfer:Load / inspect at source:load=False:handoffs=0|H5:Maintenance and replenishment:Load / inspect at source:load=False:handoffs=0|F1:Inbound pallet transport in east perimeter lane:Load / inspect at source:load=False:handoffs=0|F2:D3 outbound pallet staging:Transport:load=True:handoffs=0"
1.3805,3,26,12,-24.0000,0.0500,-16.2967,0.0000,1.3403,0.0000,-24.0000,0.0000,-15.0000,1.2977,7,"","","8.400:0.050:-4.500|-12.900:0.000:-7.020|-4.200:0.050:0.000|4.200:0.050:-4.500|-8.400:0.050:4.500","0.000:0.000:0.000|0.000:0.000:-0.750|0.000:0.000:0.000|0.000:0.000:0.000|0.000:0.000:0.000","20.000:0.050:-8.000|-12.193:0.000:-17.397","0.000:0.000:0.000|0.079:0.000:0.443",False,False,Moving,60.00,40.00,3.00,ForkliftInteraction,"P1:True|P2:True|P3:True|D1:True|D2:True|D3:True","H1:Rack picker: R1 staging:Load / inspect at source:load=False:handoffs=0|H2:D3 receiving inspection:Transport:load=True:handoffs=0|H3:PD station operator:Load / inspect at source:load=False:handoffs=0|H4:Trolley operator: PD2 transfer:Load / inspect at source:load=False:handoffs=0|H5:Maintenance and replenishment:Load / inspect at source:load=False:handoffs=0|F1:Inbound pallet transport in east perimeter lane:Load / inspect at source:load=False:handoffs=0|F2:D3 outbound pallet staging:Transport:load=True:handoffs=0"
1.4844,3,26,13,-24.0000,0.0500,-16.1511,0.0000,1.4927,0.0000,-24.0000,0.0000,-15.0000,1.1521,7,"","","8.400:0.050:-4.500|-12.900:0.000:-7.098|-4.200:0.050:0.000|4.200:0.050:-4.500|-8.400:0.050:4.500","0.000:0.000:0.000|0.000:0.000:-0.750|0.000:0.000:0.000|0.000:0.000:0.000|0.000:0.000:0.000","20.000:0.050:-8.000|-12.185:0.000:-17.351","0.000:0.000:0.000|0.079:0.000:0.443",False,False,Moving,60.00,40.00,3.00,ForkliftInteraction,"P1:True|P2:True|P3:True|D1:True|D2:True|D3:True","H1:Rack picker: R1 staging:Load / inspect at source:load=False:handoffs=0|H2:D3 receiving inspection:Transport:load=True:handoffs=0|H3:PD station operator:Load / inspect at source:load=False:handoffs=0|H4:Trolley operator: PD2 transfer:Load / inspect at source:load=False:handoffs=0|H5:Maintenance and replenishment:Load / inspect at source:load=False:handoffs=0|F1:Inbound pallet transport in east perimeter lane:Load / inspect at source:load=False:handoffs=0|F2:D3 outbound pallet staging:Transport:load=True:handoffs=0"
1.5905,3,26,14,-24.0000,0.0500,-15.9930,0.0000,1.5520,0.0000,-24.0000,0.0000,-15.0000,0.9943,7,"","","8.400:0.050:-4.500|-12.900:0.000:-7.178|-4.200:0.050:0.000|4.200:0.050:-4.500|-8.400:0.050:4.500","0.000:0.000:0.000|0.000:0.000:-0.750|0.000:0.000:0.000|0.000:0.000:0.000|0.000:0.000:0.000","20.000:0.050:-8.000|-12.176:0.000:-17.304","0.000:0.000:0.000|0.079:0.000:0.443",False,False,Moving,60.00,40.00,3.00,ForkliftInteraction,"P1:True|P2:True|P3:True|D1:True|D2:True|D3:True","H1:Rack picker: R1 staging:Load / inspect at source:load=False:handoffs=0|H2:D3 receiving inspection:Transport:load=True:handoffs=0|H3:PD station operator:Load / inspect at source:load=False:handoffs=0|H4:Trolley operator: PD2 transfer:Load / inspect at source:load=False:handoffs=0|H5:Maintenance and replenishment:Load / inspect at source:load=False:handoffs=0|F1:Inbound pallet transport in east perimeter lane:Load / inspect at source:load=False:handoffs=0|F2:D3 outbound pallet staging:Transport:load=True:handoffs=0"
1.7046,3,26,15,-24.0000,0.0500,-15.8219,0.0000,1.9037,0.0000,-24.0000,0.0000,-15.0000,0.8234,7,"","","8.400:0.050:-4.500|-12.900:0.000:-7.263|-4.200:0.050:0.000|4.200:0.050:-4.500|-8.400:0.050:4.500","0.000:0.000:0.000|0.000:0.000:-0.750|0.000:0.000:0.000|0.000:0.000:0.000|0.000:0.000:0.000","20.000:0.050:-8.000|-12.167:0.000:-17.254","0.000:0.000:0.000|0.079:0.000:0.443",False,False,Moving,60.00,40.00,3.00,ForkliftInteraction,"P1:True|P2:True|P3:True|D1:True|D2:True|D3:True","H1:Rack picker: R1 staging:Load / inspect at source:load=False:handoffs=0|H2:D3 receiving inspection:Transport:load=True:handoffs=0|H3:PD station operator:Load / inspect at source:load=False:handoffs=0|H4:Trolley operator: PD2 transfer:Load / inspect at source:load=False:handoffs=0|H5:Maintenance and replenishment:Load / inspect at source:load=False:handoffs=0|F1:Inbound pallet transport in east perimeter lane:Load / inspect at source:load=False:handoffs=0|F2:D3 outbound pallet staging:Transport:load=True:handoffs=0"
1.8107,3,26,16,-24.0000,0.0500,-15.6628,0.0000,1.4987,0.0000,-24.0000,0.0000,-15.0000,0.6647,7,"","","8.400:0.050:-4.500|-12.900:0.000:-7.343|-4.200:0.050:0.000|4.200:0.050:-4.500|-8.400:0.050:4.500","0.000:0.000:0.000|0.000:0.000:-0.750|0.000:0.000:0.000|0.000:0.000:0.000|0.000:0.000:0.000","20.000:0.050:-8.000|-12.159:0.000:-17.207","0.000:0.000:0.000|0.079:0.000:0.443",False,False,Moving,60.00,40.00,3.00,ForkliftInteraction,"P1:True|P2:True|P3:True|D1:True|D2:True|D3:True","H1:Rack picker: R1 staging:Load / inspect at source:load=False:handoffs=0|H2:D3 receiving inspection:Transport:load=True:handoffs=0|H3:PD station operator:Load / inspect at source:load=False:handoffs=0|H4:Trolley operator: PD2 transfer:Load / inspect at source:load=False:handoffs=0|H5:Maintenance and replenishment:Load / inspect at source:load=False:handoffs=0|F1:Inbound pallet transport in east perimeter lane:Load / inspect at source:load=False:handoffs=0|F2:D3 outbound pallet staging:Transport:load=True:handoffs=0"
1.9220,3,26,17,-24.0000,0.0500,-15.5075,0.0000,1.4045,0.0000,-24.0000,0.0000,-15.0000,0.5099,7,"","","8.400:0.050:-4.500|-12.900:0.000:-7.426|-4.200:0.050:0.000|4.200:0.050:-4.500|-8.400:0.050:4.500","0.000:0.000:0.000|0.000:0.000:-0.750|0.000:0.000:0.000|0.000:0.000:0.000|0.000:0.000:0.000","20.000:0.050:-8.000|-12.150:0.000:-17.158","0.000:0.000:0.000|0.079:0.000:0.443",False,False,Moving,60.00,40.00,3.00,ForkliftInteraction,"P1:True|P2:True|P3:True|D1:True|D2:True|D3:True","H1:Rack picker: R1 staging:Load / inspect at source:load=False:handoffs=0|H2:D3 receiving inspection:Transport:load=True:handoffs=0|H3:PD station operator:Load / inspect at source:load=False:handoffs=0|H4:Trolley operator: PD2 transfer:Load / inspect at source:load=False:handoffs=0|H5:Maintenance and replenishment:Load / inspect at source:load=False:handoffs=0|F1:Inbound pallet transport in east perimeter lane:Load / inspect at source:load=False:handoffs=0|F2:D3 outbound pallet staging:Transport:load=True:handoffs=0"
2.0289,3,26,18,-24.0000,0.0500,-15.3774,344.9107,1.2080,-792.9706,-24.0000,0.0000,-15.0000,0.3807,7,"","","8.400:0.050:-4.500|-12.900:0.000:-7.506|-4.200:0.050:0.000|4.200:0.050:-4.500|-8.400:0.050:4.500","0.000:0.000:0.000|0.000:0.000:-0.750|0.000:0.000:0.000|0.000:0.000:0.000|0.000:0.000:0.000","20.000:0.050:-8.000|-12.142:0.000:-17.110","0.000:0.000:0.000|0.079:0.000:0.443",False,False,Idle,60.00,40.00,3.00,ForkliftInteraction,"P1:True|P2:True|P3:True|D1:True|D2:True|D3:True","H1:Rack picker: R1 staging:Load / inspect at source:load=False:handoffs=0|H2:D3 receiving inspection:Transport:load=True:handoffs=0|H3:PD station operator:Load / inspect at source:load=False:handoffs=0|H4:Trolley operator: PD2 transfer:Load / inspect at source:load=False:handoffs=0|H5:Maintenance and replenishment:Load / inspect at source:load=False:handoffs=0|F1:Inbound pallet transport in east perimeter lane:Load / inspect at source:load=False:handoffs=0|F2:D3 outbound pallet staging:Transport:load=True:handoffs=0"
2.1394,3,26,19,-24.0000,0.0500,-15.2626,295.4413,1.0724,-310.6157,-24.0000,0.0000,-15.0000,0.2673,7,"","","8.400:0.050:-4.500|-12.900:0.000:-7.589|-4.200:0.050:0.000|4.200:0.050:-4.500|-8.400:0.050:4.500","0.000:0.000:0.000|0.000:0.000:-0.750|0.000:0.000:0.000|0.000:0.000:0.000|0.000:0.000:0.000","20.000:0.050:-8.000|-12.133:0.000:-17.061","0.000:0.000:0.000|0.079:0.000:0.443",False,False,Idle,60.00,40.00,3.00,ForkliftInteraction,"P1:True|P2:True|P3:True|D1:True|D2:True|D3:True","H1:Rack picker: R1 staging:Load / inspect at source:load=False:handoffs=0|H2:D3 receiving inspection:Transport:load=True:handoffs=0|H3:PD station operator:Load / inspect at source:load=False:handoffs=0|H4:Trolley operator: PD2 transfer:Load / inspect at source:load=False:handoffs=0|H5:Maintenance and replenishment:Load / inspect at source:load=False:handoffs=0|F1:Inbound pallet transport in east perimeter lane:Load / inspect at source:load=False:handoffs=0|F2:D3 outbound pallet staging:Transport:load=True:handoffs=0"
2.2465,3,26,20,-24.0000,0.0500,-15.1705,274.8067,0.9484,-172.3542,-24.0000,0.0000,-15.0000,0.1777,7,"","","8.400:0.050:-4.500|-12.900:0.000:-7.669|-4.200:0.050:0.000|4.200:0.050:-4.500|-8.400:0.050:4.500","0.000:0.000:0.000|0.000:0.000:-0.750|0.000:0.000:0.000|0.000:0.000:0.000|0.000:0.000:0.000","20.000:0.050:-8.000|-12.125:0.000:-17.014","0.000:0.000:0.000|0.079:0.000:0.443",False,False,Idle,60.00,40.00,3.00,ForkliftInteraction,"P1:True|P2:True|P3:True|D1:True|D2:True|D3:True","H1:Rack picker: R1 staging:Load / inspect at source:load=False:handoffs=0|H2:D3 receiving inspection:Transport:load=True:handoffs=0|H3:PD station operator:Load / inspect at source:load=False:handoffs=0|H4:Trolley operator: PD2 transfer:Load / inspect at source:load=False:handoffs=0|H5:Maintenance and replenishment:Load / inspect at source:load=False:handoffs=0|F1:Inbound pallet transport in east perimeter lane:Load / inspect at source:load=False:handoffs=0|F2:D3 outbound pallet staging:Transport:load=True:handoffs=0"
2.3554,3,26,21,-24.0000,0.0500,-15.0963,264.1310,0.7726,-104.3442,-24.0000,0.0000,-15.0000,0.1085,7,"","","8.400:0.050:-4.500|-12.900:0.000:-7.751|-4.200:0.050:0.000|4.200:0.050:-4.500|-8.400:0.050:4.500","0.000:0.000:0.000|0.000:0.000:-0.750|0.000:0.000:0.000|0.000:0.000:0.000|0.000:0.000:0.000","20.000:0.050:-8.000|-12.116:0.000:-16.966","0.000:0.000:0.000|0.079:0.000:0.443",False,False,Idle,60.00,40.00,3.00,ForkliftInteraction,"P1:True|P2:True|P3:True|D1:True|D2:True|D3:True","H1:Rack picker: R1 staging:Load / inspect at source:load=False:handoffs=0|H2:D3 receiving inspection:Transport:load=True:handoffs=0|H3:PD station operator:Load / inspect at source:load=False:handoffs=0|H4:Trolley operator: PD2 transfer:Load / inspect at source:load=False:handoffs=0|H5:Maintenance and replenishment:Load / inspect at source:load=False:handoffs=0|F1:Inbound pallet transport in east perimeter lane:Load / inspect at source:load=False:handoffs=0|F2:D3 outbound pallet staging:Transport:load=True:handoffs=0"
2.4959,3,26,22,-24.0000,0.0500,-15.0290,259.1451,0.0000,0.0000,-24.0000,0.0000,-15.0000,0.0578,7,"","","8.400:0.050:-4.500|-12.900:0.000:-7.857|-4.200:0.050:0.000|4.200:0.050:-4.500|-8.400:0.050:4.500","0.000:0.000:0.000|0.000:0.000:-0.750|0.000:0.000:0.000|0.000:0.000:0.000|0.000:0.000:0.000","20.000:0.050:-8.000|-12.105:0.000:-16.903","0.000:0.000:0.000|0.079:0.000:0.443",False,False,Idle,60.00,40.00,3.00,ForkliftInteraction,"P1:True|P2:True|P3:True|D1:True|D2:True|D3:True","H1:Rack picker: R1 staging:Load / inspect at source:load=False:handoffs=0|H2:D3 receiving inspection:Transport:load=True:handoffs=0|H3:PD station operator:Load / inspect at source:load=False:handoffs=0|H4:Trolley operator: PD2 transfer:Load / inspect at source:load=False:handoffs=0|H5:Maintenance and replenishment:Load / inspect at source:load=False:handoffs=0|F1:Inbound pallet transport in east perimeter lane:Load / inspect at source:load=False:handoffs=0|F2:D3 outbound pallet staging:Transport:load=True:handoffs=0"
2.5973,3,26,23,-24.0000,0.0500,-15.0038,268.2677,0.1672,73.8602,-24.0000,0.0000,-15.0000,0.0501,7,"","","8.400:0.050:-4.497|-12.900:0.000:-7.933|-4.200:0.050:0.003|4.200:0.050:-4.497|-8.400:0.050:4.503","0.000:0.000:0.067|0.000:0.000:-0.750|0.000:0.000:0.067|0.000:0.000:0.067|0.000:0.000:0.067","20.000:0.050:-7.997|-12.097:0.000:-16.858","0.000:0.000:0.067|0.079:0.000:0.443",False,False,Idle,60.00,40.00,3.00,ForkliftInteraction,"P1:True|P2:True|P3:True|D1:True|D2:True|D3:True","H1:Rack picker: R1 staging:Transport to work bay:load=True:handoffs=0|H2:D3 receiving inspection:Transport:load=True:handoffs=0|H3:PD station operator:Transport to work bay:load=False:handoffs=0|H4:Trolley operator: PD2 transfer:Transport to work bay:load=True:handoffs=0|H5:Maintenance and replenishment:Transport to work bay:load=False:handoffs=0|F1:Inbound pallet transport in east perimeter lane:Transport to work bay:load=True:handoffs=0|F2:D3 outbound pallet staging:Transport:load=True:handoffs=0"
2.7052,3,26,24,-24.0000,0.0500,-15.0000,271.1774,0.0000,0.0000,-24.0000,0.0000,-15.0000,0.0500,7,"","","8.400:0.050:-4.484|-12.900:0.000:-8.014|-4.200:0.050:0.016|4.200:0.050:-4.484|-8.400:0.050:4.516","0.000:0.000:0.153|0.000:0.000:-0.750|0.000:0.000:0.153|0.000:0.000:0.153|0.000:0.000:0.153","20.000:0.050:-7.984|-12.089:0.000:-16.811","0.000:0.000:0.153|0.079:0.000:0.443",False,False,Idle,60.00,40.00,3.00,ForkliftInteraction,"P1:True|P2:True|P3:True|D1:True|D2:True|D3:True","H1:Rack picker: R1 staging:Transport to work bay:load=True:handoffs=0|H2:D3 receiving inspection:Transport:load=True:handoffs=0|H3:PD station operator:Transport to work bay:load=False:handoffs=0|H4:Trolley operator: PD2 transfer:Transport to work bay:load=True:handoffs=0|H5:Maintenance and replenishment:Transport to work bay:load=False:handoffs=0|F1:Inbound pallet transport in east perimeter lane:Transport to work bay:load=True:handoffs=0|F2:D3 outbound pallet staging:Transport:load=True:handoffs=0"
2.8189,3,26,25,-24.0000,0.0500,-15.0000,271.1774,0.0000,0.0000,-24.0000,0.0000,-15.0000,0.0500,7,"","","8.400:0.050:-4.461|-12.900:0.000:-8.099|-4.200:0.050:0.039|4.200:0.050:-4.461|-8.400:0.050:4.539","0.000:0.000:0.244|0.000:0.000:-0.750|0.000:0.000:0.244|0.000:0.000:0.244|0.000:0.000:0.244","20.000:0.050:-7.961|-12.080:0.000:-16.760","0.000:0.000:0.244|0.079:0.000:0.443",False,False,Idle,60.00,40.00,3.00,ForkliftInteraction,"P1:True|P2:True|P3:True|D1:True|D2:True|D3:True","H1:Rack picker: R1 staging:Transport to work bay:load=True:handoffs=0|H2:D3 receiving inspection:Transport:load=True:handoffs=0|H3:PD station operator:Transport to work bay:load=False:handoffs=0|H4:Trolley operator: PD2 transfer:Transport to work bay:load=True:handoffs=0|H5:Maintenance and replenishment:Transport to work bay:load=False:handoffs=0|F1:Inbound pallet transport in east perimeter lane:Transport to work bay:load=True:handoffs=0|F2:D3 outbound pallet staging:Transport:load=True:handoffs=0"
2.9210,3,26,26,-24.0000,0.0500,-15.0000,271.1774,0.0000,0.0000,-24.0000,0.0000,-15.0000,0.0500,7,"","","8.400:0.050:-4.431|-12.900:0.000:-8.175|-4.200:0.050:0.069|4.200:0.050:-4.431|-8.400:0.050:4.569","0.000:0.000:0.326|0.000:0.000:-0.750|0.000:0.000:0.326|0.000:0.000:0.326|0.000:0.000:0.326","20.000:0.050:-7.931|-12.072:0.000:-16.715","0.000:0.000:0.326|0.079:0.000:0.443",False,False,Idle,60.00,40.00,3.00,ForkliftInteraction,"P1:True|P2:True|P3:True|D1:True|D2:True|D3:True","H1:Rack picker: R1 staging:Transport to work bay:load=True:handoffs=0|H2:D3 receiving inspection:Transport:load=True:handoffs=0|H3:PD station operator:Transport to work bay:load=False:handoffs=0|H4:Trolley operator: PD2 transfer:Transport to work bay:load=True:handoffs=0|H5:Maintenance and replenishment:Transport to work bay:load=False:handoffs=0|F1:Inbound pallet transport in east perimeter lane:Transport to work bay:load=True:handoffs=0|F2:D3 outbound pallet staging:Transport:load=True:handoffs=0"
3.0329,3,26,27,-24.0000,0.0500,-15.0000,271.1774,0.0000,0.0000,-24.0000,0.0000,-15.0000,0.0500,7,"","","8.400:0.050:-4.389|-12.900:0.000:-8.259|-4.200:0.050:0.111|4.200:0.050:-4.389|-8.400:0.050:4.611","0.000:0.000:0.415|0.000:0.000:-0.750|0.000:0.000:0.415|0.000:0.000:0.415|0.000:0.000:0.415","20.000:0.050:-7.889|-12.063:0.000:-16.665","0.000:0.000:0.415|0.079:0.000:0.443",False,False,Idle,60.00,40.00,3.00,ForkliftInteraction,"P1:True|P2:True|P3:True|D1:True|D2:True|D3:True","H1:Rack picker: R1 staging:Transport to work bay:load=True:handoffs=0|H2:D3 receiving inspection:Transport:load=True:handoffs=0|H3:PD station operator:Transport to work bay:load=False:handoffs=0|H4:Trolley operator: PD2 transfer:Transport to work bay:load=True:handoffs=0|H5:Maintenance and replenishment:Transport to work bay:load=False:handoffs=0|F1:Inbound pallet transport in east perimeter lane:Transport to work bay:load=True:handoffs=0|F2:D3 outbound pallet staging:Transport:load=True:handoffs=0"
3.1489,3,26,28,-24.0000,0.0500,-15.0000,271.1774,0.0000,0.0000,-24.0000,0.0000,-15.0000,0.0500,7,"","","8.400:0.050:-4.334|-12.900:0.000:-8.346|-4.200:0.050:0.166|4.200:0.050:-4.334|-8.400:0.050:4.666","0.000:0.000:0.508|0.000:0.000:-0.750|0.000:0.000:0.508|0.000:0.000:0.508|0.000:0.000:0.508","20.000:0.050:-7.834|-12.054:0.000:-16.614","0.000:0.000:0.508|0.079:0.000:0.443",False,False,Idle,60.00,40.00,3.00,ForkliftInteraction,"P1:True|P2:True|P3:True|D1:True|D2:True|D3:True","H1:Rack picker: R1 staging:Transport to work bay:load=True:handoffs=0|H2:D3 receiving inspection:Transport:load=True:handoffs=0|H3:PD station operator:Transport to work bay:load=False:handoffs=0|H4:Trolley operator: PD2 transfer:Transport to work bay:load=True:handoffs=0|H5:Maintenance and replenishment:Transport to work bay:load=False:handoffs=0|F1:Inbound pallet transport in east perimeter lane:Transport to work bay:load=True:handoffs=0|F2:D3 outbound pallet staging:Transport:load=True:handoffs=0"
3.2630,3,26,29,-24.0000,0.0500,-15.0000,271.1774,0.0000,0.0000,-24.0000,0.0000,-15.0000,0.0500,7,"","","8.400:0.050:-4.270|-12.900:0.000:-8.432|-4.200:0.050:0.230|4.200:0.050:-4.270|-8.400:0.050:4.730","0.000:0.000:0.599|0.000:0.000:-0.750|0.000:0.000:0.599|0.000:0.000:0.599|0.000:0.000:0.599","20.000:0.050:-7.770|-12.045:0.000:-16.563","0.000:0.000:0.599|0.079:0.000:0.443",False,False,Idle,60.00,40.00,3.00,ForkliftInteraction,"P1:True|P2:True|P3:True|D1:True|D2:True|D3:True","H1:Rack picker: R1 staging:Transport to work bay:load=True:handoffs=0|H2:D3 receiving inspection:Transport:load=True:handoffs=0|H3:PD station operator:Transport to work bay:load=False:handoffs=0|H4:Trolley operator: PD2 transfer:Transport to work bay:load=True:handoffs=0|H5:Maintenance and replenishment:Transport to work bay:load=False:handoffs=0|F1:Inbound pallet transport in east perimeter lane:Transport to work bay:load=True:handoffs=0|F2:D3 outbound pallet staging:Transport:load=True:handoffs=0"
3.3648,3,26,30,-24.0000,0.0500,-15.0000,271.1774,0.0000,0.0000,-24.0000,0.0000,-15.0000,0.0500,7,"","","8.400:0.050:-4.205|-12.900:0.000:-8.508|-4.200:0.050:0.296|4.200:0.050:-4.205|-8.400:0.050:4.796","0.000:0.000:0.656|0.000:0.000:-0.750|0.000:0.000:0.681|0.000:0.000:0.656|0.000:0.000:0.681","20.000:0.050:-7.704|-12.037:0.000:-16.518","0.000:0.000:0.681|0.079:0.000:0.443",False,False,Idle,60.00,40.00,3.00,ForkliftInteraction,"P1:True|P2:True|P3:True|D1:True|D2:True|D3:True","H1:Rack picker: R1 staging:Transport to work bay:load=True:handoffs=0|H2:D3 receiving inspection:Transport:load=True:handoffs=0|H3:PD station operator:Transport to work bay:load=False:handoffs=0|H4:Trolley operator: PD2 transfer:Transport to work bay:load=True:handoffs=0|H5:Maintenance and replenishment:Transport to work bay:load=False:handoffs=0|F1:Inbound pallet transport in east perimeter lane:Transport to work bay:load=True:handoffs=0|F2:D3 outbound pallet staging:Transport:load=True:handoffs=0"
3.4801,3,26,31,-24.0000,0.0500,-15.0000,271.1774,0.0000,0.0000,-24.0000,0.0000,-15.0000,0.0500,7,"","","8.400:0.050:-4.129|-12.900:0.000:-8.595|-4.200:0.050:0.380|4.200:0.050:-4.129|-8.400:0.050:4.880","0.000:0.000:0.656|0.000:0.000:-0.750|0.000:0.000:0.773|0.000:0.000:0.656|0.000:0.000:0.773","20.000:0.050:-7.620|-12.028:0.000:-16.467","0.000:0.000:0.773|0.079:0.000:0.443",False,False,Idle,60.00,40.00,3.00,ForkliftInteraction,"P1:True|P2:True|P3:True|D1:True|D2:True|D3:True","H1:Rack picker: R1 staging:Transport to work bay:load=True:handoffs=0|H2:D3 receiving inspection:Transport:load=True:handoffs=0|H3:PD station operator:Transport to work bay:load=False:handoffs=0|H4:Trolley operator: PD2 transfer:Transport to work bay:load=True:handoffs=0|H5:Maintenance and replenishment:Transport to work bay:load=False:handoffs=0|F1:Inbound pallet transport in east perimeter lane:Transport to work bay:load=True:handoffs=0|F2:D3 outbound pallet staging:Transport:load=True:handoffs=0"
3.5847,3,26,32,-24.0000,0.0500,-15.0000,271.1774,0.0000,0.0000,-24.0000,0.0000,-15.0000,0.0500,7,"","","8.400:0.050:-4.061|-12.900:0.000:-8.673|-4.200:0.050:0.464|4.200:0.050:-4.061|-8.400:0.050:4.964","0.000:0.000:0.656|0.000:0.000:-0.750|0.000:0.000:0.800|0.000:0.000:0.656|0.000:0.000:0.800","20.000:0.050:-7.534|-12.019:0.000:-16.421","0.000:0.000:0.857|0.079:0.000:0.443",False,False,Idle,60.00,40.00,3.00,ForkliftInteraction,"P1:True|P2:True|P3:True|D1:True|D2:True|D3:True","H1:Rack picker: R1 staging:Transport to work bay:load=True:handoffs=0|H2:D3 receiving inspection:Transport:load=True:handoffs=0|H3:PD station operator:Transport to work bay:load=False:handoffs=0|H4:Trolley operator: PD2 transfer:Transport to work bay:load=True:handoffs=0|H5:Maintenance and replenishment:Transport to work bay:load=False:handoffs=0|F1:Inbound pallet transport in east perimeter lane:Transport to work bay:load=True:handoffs=0|F2:D3 outbound pallet staging:Transport:load=True:handoffs=0"
3.6991,3,26,33,-24.0000,0.0500,-15.0000,271.1774,0.0000,0.0000,-24.0000,0.0000,-15.0000,0.0500,7,"","","8.400:0.050:-3.986|-12.900:0.000:-8.759|-4.200:0.050:0.555|4.200:0.050:-3.986|-8.400:0.050:5.055","0.000:0.000:0.656|0.000:0.000:-0.750|0.000:0.000:0.800|0.000:0.000:0.656|0.000:0.000:0.800","20.000:0.050:-7.430|-12.010:0.000:-16.370","0.000:0.000:0.948|0.079:0.000:0.443",False,False,Idle,60.00,40.00,3.00,ForkliftInteraction,"P1:True|P2:True|P3:True|D1:True|D2:True|D3:True","H1:Rack picker: R1 staging:Transport to work bay:load=True:handoffs=0|H2:D3 receiving inspection:Transport:load=True:handoffs=0|H3:PD station operator:Transport to work bay:load=False:handoffs=0|H4:Trolley operator: PD2 transfer:Transport to work bay:load=True:handoffs=0|H5:Maintenance and replenishment:Transport to work bay:load=False:handoffs=0|F1:Inbound pallet transport in east perimeter lane:Transport to work bay:load=True:handoffs=0|F2:D3 outbound pallet staging:Transport:load=True:handoffs=0"
3.8131,3,26,34,-24.0000,0.0500,-15.0000,271.1774,0.0000,0.0000,-24.0000,0.0000,-15.0000,0.0500,7,"","","8.400:0.050:-3.911|-12.900:0.000:-8.844|-4.200:0.050:0.646|4.200:0.050:-3.911|-8.400:0.050:5.146","0.000:0.000:0.656|0.000:0.000:-0.750|0.000:0.000:0.800|0.000:0.000:0.656|0.000:0.000:0.800","20.000:0.050:-7.316|-12.001:0.000:-16.320","0.000:0.000:1.040|0.079:0.000:0.443",False,False,Idle,60.00,40.00,3.00,ForkliftInteraction,"P1:True|P2:True|P3:True|D1:True|D2:True|D3:True","H1:Rack picker: R1 staging:Transport to work bay:load=True:handoffs=0|H2:D3 receiving inspection:Transport:load=True:handoffs=0|H3:PD station operator:Transport to work bay:load=False:handoffs=0|H4:Trolley operator: PD2 transfer:Transport to work bay:load=True:handoffs=0|H5:Maintenance and replenishment:Transport to work bay:load=False:handoffs=0|F1:Inbound pallet transport in east perimeter lane:Transport to work bay:load=True:handoffs=0|F2:D3 outbound pallet staging:Transport:load=True:handoffs=0"
3.9143,3,26,35,-24.0000,0.0500,-15.0000,271.1774,0.0000,0.0000,-24.0000,0.0000,-15.0000,0.0500,7,"","","8.400:0.050:-3.845|-12.900:0.000:-8.920|-4.200:0.050:0.727|4.200:0.050:-3.845|-8.400:0.050:5.227","0.000:0.000:0.656|0.000:0.000:-0.750|0.000:0.000:0.800|0.000:0.000:0.656|0.000:0.000:0.800","20.000:0.050:-7.208|-11.993:0.000:-16.275","0.000:0.000:1.066|0.079:0.000:0.443",False,False,Idle,60.00,40.00,3.00,ForkliftInteraction,"P1:True|P2:True|P3:True|D1:True|D2:True|D3:True","H1:Rack picker: R1 staging:Transport to work bay:load=True:handoffs=0|H2:D3 receiving inspection:Transport:load=True:handoffs=0|H3:PD station operator:Transport to work bay:load=False:handoffs=0|H4:Trolley operator: PD2 transfer:Transport to work bay:load=True:handoffs=0|H5:Maintenance and replenishment:Transport to work bay:load=False:handoffs=0|F1:Inbound pallet transport in east perimeter lane:Transport to work bay:load=True:handoffs=0|F2:D3 outbound pallet staging:Transport:load=True:handoffs=0"
4.0158,3,26,36,-24.0000,0.0500,-15.0000,271.1774,0.0000,0.0000,-24.0000,0.0000,-15.0000,0.0500,7,"","","8.400:0.050:-3.778|-12.900:0.000:-8.996|-4.200:0.050:0.808|4.200:0.050:-3.778|-8.400:0.050:5.308","0.000:0.000:0.656|0.000:0.000:-0.750|0.000:0.000:0.800|0.000:0.000:0.656|0.000:0.000:0.800","20.000:0.050:-7.100|-11.985:0.000:-16.230","0.000:0.000:1.066|0.079:0.000:0.443",False,False,Idle,60.00,40.00,3.00,ForkliftInteraction,"P1:True|P2:True|P3:True|D1:True|D2:True|D3:True","H1:Rack picker: R1 staging:Transport to work bay:load=True:handoffs=0|H2:D3 receiving inspection:Transport:load=True:handoffs=0|H3:PD station operator:Transport to work bay:load=False:handoffs=0|H4:Trolley operator: PD2 transfer:Transport to work bay:load=True:handoffs=0|H5:Maintenance and replenishment:Transport to work bay:load=False:handoffs=0|F1:Inbound pallet transport in east perimeter lane:Transport to work bay:load=True:handoffs=0|F2:D3 outbound pallet staging:Transport:load=True:handoffs=0"
4.1316,3,26,37,-24.0000,0.0500,-15.0000,271.1774,0.0000,0.0000,-24.0000,0.0000,-15.0000,0.0500,7,"","","8.400:0.050:-3.702|-12.900:0.000:-9.083|-4.200:0.050:0.901|4.200:0.050:-3.702|-8.400:0.050:5.401","0.000:0.000:0.656|0.000:0.000:-0.750|0.000:0.000:0.800|0.000:0.000:0.656|0.000:0.000:0.800","20.000:0.050:-6.977|-11.976:0.000:-16.179","0.000:0.000:1.066|0.079:0.000:0.443",False,False,Idle,60.00,40.00,3.00,ForkliftInteraction,"P1:True|P2:True|P3:True|D1:True|D2:True|D3:True","H1:Rack picker: R1 staging:Transport to work bay:load=True:handoffs=0|H2:D3 receiving inspection:Transport:load=True:handoffs=0|H3:PD station operator:Transport to work bay:load=False:handoffs=0|H4:Trolley operator: PD2 transfer:Transport to work bay:load=True:handoffs=0|H5:Maintenance and replenishment:Transport to work bay:load=False:handoffs=0|F1:Inbound pallet transport in east perimeter lane:Transport to work bay:load=True:handoffs=0|F2:D3 outbound pallet staging:Transport:load=True:handoffs=0"
4.2435,3,26,38,-24.0000,0.0500,-15.0000,271.1774,0.0000,0.0000,-24.0000,0.0000,-15.0000,0.0500,7,"","","8.400:0.050:-3.629|-12.900:0.000:-9.167|-4.200:0.050:0.991|4.200:0.050:-3.629|-8.400:0.050:5.491","0.000:0.000:0.656|0.000:0.000:-0.750|0.000:0.000:0.800|0.000:0.000:0.656|0.000:0.000:0.800","20.000:0.050:-6.857|-11.967:0.000:-16.129","0.000:0.000:1.066|0.079:0.000:0.443",False,False,Idle,60.00,40.00,3.00,ForkliftInteraction,"P1:True|P2:True|P3:True|D1:True|D2:True|D3:True","H1:Rack picker: R1 staging:Transport to work bay:load=True:handoffs=0|H2:D3 receiving inspection:Transport:load=True:handoffs=0|H3:PD station operator:Transport to work bay:load=False:handoffs=0|H4:Trolley operator: PD2 transfer:Transport to work bay:load=True:handoffs=0|H5:Maintenance and replenishment:Transport to work bay:load=False:handoffs=0|F1:Inbound pallet transport in east perimeter lane:Transport to work bay:load=True:handoffs=0|F2:D3 outbound pallet staging:Transport:load=True:handoffs=0"
4.3572,3,26,39,-24.0000,0.0500,-15.0000,271.1774,0.0000,0.0000,-24.0000,0.0000,-15.0000,0.0500,7,"","","8.400:0.050:-3.554|-12.900:0.000:-9.253|-4.200:0.050:1.082|4.200:0.050:-3.554|-8.400:0.050:5.582","0.000:0.000:0.656|0.000:0.000:-0.750|0.000:0.000:0.800|0.000:0.000:0.656|0.000:0.000:0.800","20.000:0.050:-6.736|-11.958:0.000:-16.079","0.000:0.000:1.066|0.079:0.000:0.443",False,False,Idle,60.00,40.00,3.00,ForkliftInteraction,"P1:True|P2:True|P3:True|D1:True|D2:True|D3:True","H1:Rack picker: R1 staging:Transport to work bay:load=True:handoffs=0|H2:D3 receiving inspection:Transport:load=True:handoffs=0|H3:PD station operator:Transport to work bay:load=False:handoffs=0|H4:Trolley operator: PD2 transfer:Transport to work bay:load=True:handoffs=0|H5:Maintenance and replenishment:Transport to work bay:load=False:handoffs=0|F1:Inbound pallet transport in east perimeter lane:Transport to work bay:load=True:handoffs=0|F2:D3 outbound pallet staging:Transport:load=True:handoffs=0"
4.4719,3,26,40,-24.0000,0.0500,-15.0000,271.1774,0.0000,0.0000,-24.0000,0.0000,-15.0000,0.0500,7,"","","8.400:0.050:-3.479|-12.900:0.000:-9.339|-4.200:0.050:1.173|4.200:0.050:-3.479|-8.400:0.050:5.673","0.000:0.000:0.656|0.000:0.000:-0.750|0.000:0.000:0.800|0.000:0.000:0.656|0.000:0.000:0.800","20.000:0.050:-6.614|-11.949:0.000:-16.028","0.000:0.000:1.066|0.079:0.000:0.443",False,False,Idle,60.00,40.00,3.00,ForkliftInteraction,"P1:True|P2:True|P3:True|D1:True|D2:True|D3:True","H1:Rack picker: R1 staging:Transport to work bay:load=True:handoffs=0|H2:D3 receiving inspection:Transport:load=True:handoffs=0|H3:PD station operator:Transport to work bay:load=False:handoffs=0|H4:Trolley operator: PD2 transfer:Transport to work bay:load=True:handoffs=0|H5:Maintenance and replenishment:Transport to work bay:load=False:handoffs=0|F1:Inbound pallet transport in east perimeter lane:Transport to work bay:load=True:handoffs=0|F2:D3 outbound pallet staging:Transport:load=True:handoffs=0"
4.5815,3,26,41,-24.0000,0.0500,-15.0000,271.1774,0.0000,0.0000,-24.0000,0.0000,-15.0000,0.0500,7,"","","8.400:0.050:-3.407|-12.900:0.000:-9.421|-4.200:0.050:1.261|4.200:0.050:-3.407|-8.400:0.050:5.761","0.000:0.000:0.656|0.000:0.000:-0.750|0.000:0.000:0.800|0.000:0.000:0.656|0.000:0.000:0.800","20.000:0.050:-6.497|-11.941:0.000:-15.979","0.000:0.000:1.066|0.079:0.000:0.443",False,False,Idle,60.00,40.00,3.00,ForkliftInteraction,"P1:True|P2:True|P3:True|D1:True|D2:True|D3:True","H1:Rack picker: R1 staging:Transport to work bay:load=True:handoffs=0|H2:D3 receiving inspection:Transport:load=True:handoffs=0|H3:PD station operator:Transport to work bay:load=False:handoffs=0|H4:Trolley operator: PD2 transfer:Transport to work bay:load=True:handoffs=0|H5:Maintenance and replenishment:Transport to work bay:load=False:handoffs=0|F1:Inbound pallet transport in east perimeter lane:Transport to work bay:load=True:handoffs=0|F2:D3 outbound pallet staging:Transport:load=True:handoffs=0"
4.6819,3,26,42,-24.0000,0.0500,-15.0000,271.1774,0.0000,0.0000,-24.0000,0.0000,-15.0000,0.0500,7,"","","8.400:0.050:-3.341|-12.900:0.000:-9.496|-4.200:0.050:1.341|4.200:0.050:-3.341|-8.400:0.050:5.841","0.000:0.000:0.656|0.000:0.000:-0.750|0.000:0.000:0.800|0.000:0.000:0.656|0.000:0.000:0.800","20.000:0.050:-6.390|-11.933:0.000:-15.935","0.000:0.000:1.066|0.079:0.000:0.443",False,False,Idle,60.00,40.00,3.00,ForkliftInteraction,"P1:True|P2:True|P3:True|D1:True|D2:True|D3:True","H1:Rack picker: R1 staging:Transport to work bay:load=True:handoffs=0|H2:D3 receiving inspection:Transport:load=True:handoffs=0|H3:PD station operator:Transport to work bay:load=False:handoffs=0|H4:Trolley operator: PD2 transfer:Transport to work bay:load=True:handoffs=0|H5:Maintenance and replenishment:Transport to work bay:load=False:handoffs=0|F1:Inbound pallet transport in east perimeter lane:Transport to work bay:load=True:handoffs=0|F2:D3 outbound pallet staging:Transport:load=True:handoffs=0"
4.7833,3,26,43,-24.0000,0.0500,-15.0000,271.1774,0.0000,0.0000,-24.0000,0.0000,-15.0000,0.0500,7,"","","8.400:0.050:-3.275|-12.900:0.000:-9.572|-4.200:0.050:1.422|4.200:0.050:-3.275|-8.400:0.050:5.922","0.000:0.000:0.656|0.000:0.000:-0.750|0.000:0.000:0.800|0.000:0.000:0.656|0.000:0.000:0.800","20.000:0.050:-6.282|-11.925:0.000:-15.890","0.000:0.000:1.066|0.079:0.000:0.443",False,False,Idle,60.00,40.00,3.00,ForkliftInteraction,"P1:True|P2:True|P3:True|D1:True|D2:True|D3:True","H1:Rack picker: R1 staging:Transport to work bay:load=True:handoffs=0|H2:D3 receiving inspection:Transport:load=True:handoffs=0|H3:PD station operator:Transport to work bay:load=False:handoffs=0|H4:Trolley operator: PD2 transfer:Transport to work bay:load=True:handoffs=0|H5:Maintenance and replenishment:Transport to work bay:load=False:handoffs=0|F1:Inbound pallet transport in east perimeter lane:Transport to work bay:load=True:handoffs=0|F2:D3 outbound pallet staging:Transport:load=True:handoffs=0"
4.8878,3,26,44,-24.0000,0.0500,-15.0000,271.1774,0.0000,0.0000,-24.0000,0.0000,-15.0000,0.0500,7,"","","8.400:0.050:-3.206|-12.900:0.000:-9.650|-4.200:0.050:1.506|4.200:0.050:-3.206|-8.400:0.050:6.006","0.000:0.000:0.656|0.000:0.000:-0.750|0.000:0.000:0.800|0.000:0.000:0.656|0.000:0.000:0.800","20.000:0.050:-6.170|-11.917:0.000:-15.844","0.000:0.000:1.066|0.079:0.000:0.443",False,False,Idle,60.00,40.00,3.00,ForkliftInteraction,"P1:True|P2:True|P3:True|D1:True|D2:True|D3:True","H1:Rack picker: R1 staging:Transport to work bay:load=True:handoffs=0|H2:D3 receiving inspection:Transport:load=True:handoffs=0|H3:PD station operator:Transport to work bay:load=False:handoffs=0|H4:Trolley operator: PD2 transfer:Transport to work bay:load=True:handoffs=0|H5:Maintenance and replenishment:Transport to work bay:load=False:handoffs=0|F1:Inbound pallet transport in east perimeter lane:Transport to work bay:load=True:handoffs=0|F2:D3 outbound pallet staging:Transport:load=True:handoffs=0"
4.9883,3,26,45,-24.0000,0.0500,-15.0000,271.1774,0.0000,0.0000,-24.0000,0.0000,-15.0000,0.0500,7,"","","8.400:0.050:-3.140|-12.900:0.000:-9.726|-4.200:0.050:1.586|4.200:0.050:-3.140|-8.400:0.050:6.086","0.000:0.000:0.656|0.000:0.000:-0.750|0.000:0.000:0.800|0.000:0.000:0.656|0.000:0.000:0.800","20.000:0.050:-6.063|-11.909:0.000:-15.799","0.000:0.000:1.066|0.079:0.000:0.443",False,False,Idle,60.00,40.00,3.00,ForkliftInteraction,"P1:True|P2:True|P3:True|D1:True|D2:True|D3:True","H1:Rack picker: R1 staging:Transport to work bay:load=True:handoffs=0|H2:D3 receiving inspection:Transport:load=True:handoffs=0|H3:PD station operator:Transport to work bay:load=False:handoffs=0|H4:Trolley operator: PD2 transfer:Transport to work bay:load=True:handoffs=0|H5:Maintenance and replenishment:Transport to work bay:load=False:handoffs=0|F1:Inbound pallet transport in east perimeter lane:Transport to work bay:load=True:handoffs=0|F2:D3 outbound pallet staging:Transport:load=True:handoffs=0"
5.0934,3,26,46,-24.0000,0.0500,-15.0000,271.1774,0.0000,0.0000,-24.0000,0.0000,-15.0000,0.0500,7,"","","8.400:0.050:-3.071|-12.900:0.000:-9.805|-4.200:0.050:1.671|4.200:0.050:-3.071|-8.400:0.050:6.171","0.000:0.000:0.656|0.000:0.000:-0.750|0.000:0.000:0.800|0.000:0.000:0.656|0.000:0.000:0.800","20.000:0.050:-5.951|-11.900:0.000:-15.752","0.000:0.000:1.066|0.079:0.000:0.443",False,False,Idle,60.00,40.00,3.00,ForkliftInteraction,"P1:True|P2:True|P3:True|D1:True|D2:True|D3:True","H1:Rack picker: R1 staging:Transport to work bay:load=True:handoffs=0|H2:D3 receiving inspection:Transport:load=True:handoffs=0|H3:PD station operator:Transport to work bay:load=False:handoffs=0|H4:Trolley operator: PD2 transfer:Transport to work bay:load=True:handoffs=0|H5:Maintenance and replenishment:Transport to work bay:load=False:handoffs=0|F1:Inbound pallet transport in east perimeter lane:Transport to work bay:load=True:handoffs=0|F2:D3 outbound pallet staging:Transport:load=True:handoffs=0"
5.1950,3,26,47,-24.0000,0.0500,-15.0000,271.1774,0.0000,0.0000,-24.0000,0.0000,-15.0000,0.0500,7,"","","8.400:0.050:-3.004|-12.900:0.000:-9.881|-4.200:0.050:1.752|4.200:0.050:-3.004|-8.400:0.050:6.252","0.000:0.000:0.656|0.000:0.000:-0.750|0.000:0.000:0.800|0.000:0.000:0.656|0.000:0.000:0.800","20.000:0.050:-5.843|-11.892:0.000:-15.707","0.000:0.000:1.066|0.079:0.000:0.443",False,False,Idle,60.00,40.00,3.00,ForkliftInteraction,"P1:True|P2:True|P3:True|D1:True|D2:True|D3:True","H1:Rack picker: R1 staging:Transport to work bay:load=True:handoffs=0|H2:D3 receiving inspection:Transport:load=True:handoffs=0|H3:PD station operator:Transport to work bay:load=False:handoffs=0|H4:Trolley operator: PD2 transfer:Transport to work bay:load=True:handoffs=0|H5:Maintenance and replenishment:Transport to work bay:load=False:handoffs=0|F1:Inbound pallet transport in east perimeter lane:Transport to work bay:load=True:handoffs=0|F2:D3 outbound pallet staging:Transport:load=True:handoffs=0"
5.2996,3,26,48,-24.0000,0.0500,-15.0000,271.1774,0.0000,0.0000,-24.0000,0.0000,-15.0000,0.0500,7,"","","8.400:0.050:-2.936|-12.900:0.000:-9.959|-4.200:0.050:1.835|4.200:0.050:-2.936|-8.400:0.050:6.335","0.000:0.000:0.656|0.000:0.000:-0.750|0.000:0.000:0.800|0.000:0.000:0.656|0.000:0.000:0.800","20.000:0.050:-5.731|-11.884:0.000:-15.661","0.000:0.000:1.066|0.079:0.000:0.443",False,False,Idle,60.00,40.00,3.00,ForkliftInteraction,"P1:True|P2:True|P3:True|D1:True|D2:True|D3:True","H1:Rack picker: R1 staging:Transport to work bay:load=True:handoffs=0|H2:D3 receiving inspection:Transport:load=True:handoffs=0|H3:PD station operator:Transport to work bay:load=False:handoffs=0|H4:Trolley operator: PD2 transfer:Transport to work bay:load=True:handoffs=0|H5:Maintenance and replenishment:Transport to work bay:load=False:handoffs=0|F1:Inbound pallet transport in east perimeter lane:Transport to work bay:load=True:handoffs=0|F2:D3 outbound pallet staging:Transport:load=True:handoffs=0"
5.4052,3,26,49,-24.0000,0.0500,-15.0000,271.1774,0.0000,0.0000,-24.0000,0.0000,-15.0000,0.0500,7,"","","8.400:0.050:-2.867|-12.900:0.000:-10.039|-4.200:0.050:1.920|4.200:0.050:-2.867|-8.400:0.050:6.420","0.000:0.000:0.656|0.000:0.000:-0.750|0.000:0.000:0.800|0.000:0.000:0.656|0.000:0.000:0.800","20.000:0.050:-5.619|-11.876:0.000:-15.614","0.000:0.000:1.066|0.079:0.000:0.443",False,False,Idle,60.00,40.00,3.00,ForkliftInteraction,"P1:True|P2:True|P3:True|D1:True|D2:True|D3:True","H1:Rack picker: R1 staging:Transport to work bay:load=True:handoffs=0|H2:D3 receiving inspection:Transport:load=True:handoffs=0|H3:PD station operator:Transport to work bay:load=False:handoffs=0|H4:Trolley operator: PD2 transfer:Transport to work bay:load=True:handoffs=0|H5:Maintenance and replenishment:Transport to work bay:load=False:handoffs=0|F1:Inbound pallet transport in east perimeter lane:Transport to work bay:load=True:handoffs=0|F2:D3 outbound pallet staging:Transport:load=True:handoffs=0"
5.5090,3,26,50,-24.0000,0.0500,-15.0000,271.1774,0.0000,0.0000,-24.0000,0.0000,-15.0000,0.0500,7,"","","8.400:0.050:-2.798|-12.900:0.000:-10.116|-4.200:0.050:2.003|4.200:0.050:-2.798|-8.400:0.050:6.503","0.000:0.000:0.656|0.000:0.000:-0.750|0.000:0.000:0.800|0.000:0.000:0.656|0.000:0.000:0.800","20.000:0.050:-5.508|-11.868:0.000:-15.568","0.000:0.000:1.066|0.079:0.000:0.443",False,False,Idle,60.00,40.00,3.00,ForkliftInteraction,"P1:True|P2:True|P3:True|D1:True|D2:True|D3:True","H1:Rack picker: R1 staging:Transport to work bay:load=True:handoffs=0|H2:D3 receiving inspection:Transport:load=True:handoffs=0|H3:PD station operator:Transport to work bay:load=False:handoffs=0|H4:Trolley operator: PD2 transfer:Transport to work bay:load=True:handoffs=0|H5:Maintenance and replenishment:Transport to work bay:load=False:handoffs=0|F1:Inbound pallet transport in east perimeter lane:Transport to work bay:load=True:handoffs=0|F2:D3 outbound pallet staging:Transport:load=True:handoffs=0"
5.6098,3,26,51,-24.0000,0.0500,-15.0000,271.1774,0.0000,0.0000,-24.0000,0.0000,-15.0000,0.0500,7,"","","8.400:0.050:-2.732|-12.900:0.000:-10.192|-4.200:0.050:2.084|4.200:0.050:-2.732|-8.400:0.050:6.584","0.000:0.000:0.656|0.000:0.000:-0.750|0.000:0.000:0.800|0.000:0.000:0.656|0.000:0.000:0.800","20.000:0.050:-5.401|-11.860:0.000:-15.524","0.000:0.000:1.066|0.079:0.000:0.443",False,False,Idle,60.00,40.00,3.00,ForkliftInteraction,"P1:True|P2:True|P3:True|D1:True|D2:True|D3:True","H1:Rack picker: R1 staging:Transport to work bay:load=True:handoffs=0|H2:D3 receiving inspection:Transport:load=True:handoffs=0|H3:PD station operator:Transport to work bay:load=False:handoffs=0|H4:Trolley operator: PD2 transfer:Transport to work bay:load=True:handoffs=0|H5:Maintenance and replenishment:Transport to work bay:load=False:handoffs=0|F1:Inbound pallet transport in east perimeter lane:Transport to work bay:load=True:handoffs=0|F2:D3 outbound pallet staging:Transport:load=True:handoffs=0"
5.7108,3,26,52,-24.0000,0.0500,-15.0000,271.1774,0.0000,0.0000,-24.0000,0.0000,-15.0000,0.0500,7,"","","8.400:0.050:-2.666|-12.900:0.000:-10.268|-4.200:0.050:2.164|4.200:0.050:-2.666|-8.400:0.050:6.664","0.000:0.000:0.656|0.000:0.000:-0.750|0.000:0.000:0.800|0.000:0.000:0.656|0.000:0.000:0.800","20.000:0.050:-5.293|-11.852:0.000:-15.479","0.000:0.000:1.066|0.079:0.000:0.443",False,False,Idle,60.00,40.00,3.00,ForkliftInteraction,"P1:True|P2:True|P3:True|D1:True|D2:True|D3:True","H1:Rack picker: R1 staging:Transport to work bay:load=True:handoffs=0|H2:D3 receiving inspection:Transport:load=True:handoffs=0|H3:PD station operator:Transport to work bay:load=False:handoffs=0|H4:Trolley operator: PD2 transfer:Transport to work bay:load=True:handoffs=0|H5:Maintenance and replenishment:Transport to work bay:load=False:handoffs=0|F1:Inbound pallet transport in east perimeter lane:Transport to work bay:load=True:handoffs=0|F2:D3 outbound pallet staging:Transport:load=True:handoffs=0"
5.8145,3,26,53,-24.0000,0.0500,-15.0000,271.1774,0.0000,0.0000,-24.0000,0.0000,-15.0000,0.0500,7,"","","8.400:0.050:-2.598|-12.900:0.000:-10.346|-4.200:0.050:2.247|4.200:0.050:-2.598|-8.400:0.050:6.747","0.000:0.000:0.656|0.000:0.000:-0.750|0.000:0.000:0.800|0.000:0.000:0.656|0.000:0.000:0.800","20.000:0.050:-5.183|-11.844:0.000:-15.433","0.000:0.000:1.066|0.079:0.000:0.443",False,False,Idle,60.00,40.00,3.00,ForkliftInteraction,"P1:True|P2:True|P3:True|D1:True|D2:True|D3:True","H1:Rack picker: R1 staging:Transport to work bay:load=True:handoffs=0|H2:D3 receiving inspection:Transport:load=True:handoffs=0|H3:PD station operator:Transport to work bay:load=False:handoffs=0|H4:Trolley operator: PD2 transfer:Transport to work bay:load=True:handoffs=0|H5:Maintenance and replenishment:Transport to work bay:load=False:handoffs=0|F1:Inbound pallet transport in east perimeter lane:Transport to work bay:load=True:handoffs=0|F2:D3 outbound pallet staging:Transport:load=True:handoffs=0"
5.9261,3,26,54,-24.0000,0.0500,-15.0000,271.1774,0.0000,0.0000,-24.0000,0.0000,-15.0000,0.0500,7,"","","8.400:0.050:-2.525|-12.900:0.000:-10.429|-4.200:0.050:2.337|4.200:0.050:-2.525|-8.400:0.050:6.837","0.000:0.000:0.656|0.000:0.000:-0.750|0.000:0.000:0.800|0.000:0.000:0.656|0.000:0.000:0.800","20.000:0.050:-5.064|-11.835:0.000:-15.384","0.000:0.000:1.066|0.079:0.000:0.443",False,False,Idle,60.00,40.00,3.00,ForkliftInteraction,"P1:True|P2:True|P3:True|D1:True|D2:True|D3:True","H1:Rack picker: R1 staging:Transport to work bay:load=True:handoffs=0|H2:D3 receiving inspection:Transport:load=True:handoffs=0|H3:PD station operator:Transport to work bay:load=False:handoffs=0|H4:Trolley operator: PD2 transfer:Transport to work bay:load=True:handoffs=0|H5:Maintenance and replenishment:Transport to work bay:load=False:handoffs=0|F1:Inbound pallet transport in east perimeter lane:Transport to work bay:load=True:handoffs=0|F2:D3 outbound pallet staging:Transport:load=True:handoffs=0"
6.0304,3,26,55,-24.0000,0.0500,-15.0000,271.1774,0.0000,0.0000,-24.0000,0.0000,-15.0000,0.0500,7,"","","8.400:0.050:-2.456|-12.900:0.000:-10.507|-4.200:0.050:2.420|4.200:0.050:-2.456|-8.400:0.050:6.920","0.000:0.000:0.656|0.000:0.000:-0.750|0.000:0.000:0.800|0.000:0.000:0.656|0.000:0.000:0.800","20.000:0.050:-4.952|-11.827:0.000:-15.337","0.000:0.000:1.066|0.079:0.000:0.443",False,False,Idle,60.00,40.00,3.00,ForkliftInteraction,"P1:True|P2:True|P3:True|D1:True|D2:True|D3:True","H1:Rack picker: R1 staging:Transport to work bay:load=True:handoffs=0|H2:D3 receiving inspection:Transport:load=True:handoffs=0|H3:PD station operator:Transport to work bay:load=False:handoffs=0|H4:Trolley operator: PD2 transfer:Transport to work bay:load=True:handoffs=0|H5:Maintenance and replenishment:Transport to work bay:load=False:handoffs=0|F1:Inbound pallet transport in east perimeter lane:Transport to work bay:load=True:handoffs=0|F2:D3 outbound pallet staging:Transport:load=True:handoffs=0"
6.1329,3,26,56,-24.0000,0.0500,-15.0000,271.1774,0.0000,0.0000,-24.0000,0.0000,-15.0000,0.0500,7,"","","8.400:0.050:-2.389|-12.900:0.000:-10.584|-4.200:0.050:2.502|4.200:0.050:-2.389|-8.400:0.050:7.002","0.000:0.000:0.656|0.000:0.000:-0.750|0.000:0.000:0.800|0.000:0.000:0.656|0.000:0.000:0.800","20.000:0.050:-4.843|-11.819:0.000:-15.292","0.000:0.000:1.066|0.079:0.000:0.443",False,False,Idle,60.00,40.00,3.00,ForkliftInteraction,"P1:True|P2:True|P3:True|D1:True|D2:True|D3:True","H1:Rack picker: R1 staging:Transport to work bay:load=True:handoffs=0|H2:D3 receiving inspection:Transport:load=True:handoffs=0|H3:PD station operator:Transport to work bay:load=False:handoffs=0|H4:Trolley operator: PD2 transfer:Transport to work bay:load=True:handoffs=0|H5:Maintenance and replenishment:Transport to work bay:load=False:handoffs=0|F1:Inbound pallet transport in east perimeter lane:Transport to work bay:load=True:handoffs=0|F2:D3 outbound pallet staging:Transport:load=True:handoffs=0"
6.2439,3,26,57,-24.0000,0.0500,-15.0000,271.1774,0.0000,0.0000,-24.0000,0.0000,-15.0000,0.0500,7,"","","8.400:0.050:-2.316|-12.900:0.000:-10.668|-4.200:0.050:2.591|4.200:0.050:-2.316|-8.400:0.050:7.091","0.000:0.000:0.656|0.000:0.000:-0.750|0.000:0.000:0.800|0.000:0.000:0.656|0.000:0.000:0.800","20.000:0.050:-4.725|-11.810:0.000:-15.243","0.000:0.000:1.066|0.079:0.000:0.443",False,False,Idle,60.00,40.00,3.00,ForkliftInteraction,"P1:True|P2:True|P3:True|D1:True|D2:True|D3:True","H1:Rack picker: R1 staging:Transport to work bay:load=True:handoffs=0|H2:D3 receiving inspection:Transport:load=True:handoffs=0|H3:PD station operator:Transport to work bay:load=False:handoffs=0|H4:Trolley operator: PD2 transfer:Transport to work bay:load=True:handoffs=0|H5:Maintenance and replenishment:Transport to work bay:load=False:handoffs=0|F1:Inbound pallet transport in east perimeter lane:Transport to work bay:load=True:handoffs=0|F2:D3 outbound pallet staging:Transport:load=True:handoffs=0"
6.3554,3,26,58,-24.0000,0.0500,-15.0000,271.1774,0.0000,0.0000,-24.0000,0.0000,-15.0000,0.0500,7,"","","8.400:0.050:-2.243|-12.900:0.000:-10.751|-4.200:0.050:2.680|4.200:0.050:-2.243|-8.400:0.050:7.180","0.000:0.000:0.656|0.000:0.000:-0.750|0.000:0.000:0.800|0.000:0.000:0.656|0.000:0.000:0.800","20.000:0.050:-4.606|-11.801:0.000:-15.193","0.000:0.000:1.066|0.079:0.000:0.443",False,False,Idle,60.00,40.00,3.00,ForkliftInteraction,"P1:True|P2:True|P3:True|D1:True|D2:True|D3:True","H1:Rack picker: R1 staging:Transport to work bay:load=True:handoffs=0|H2:D3 receiving inspection:Transport:load=True:handoffs=0|H3:PD station operator:Transport to work bay:load=False:handoffs=0|H4:Trolley operator: PD2 transfer:Transport to work bay:load=True:handoffs=0|H5:Maintenance and replenishment:Transport to work bay:load=False:handoffs=0|F1:Inbound pallet transport in east perimeter lane:Transport to work bay:load=True:handoffs=0|F2:D3 outbound pallet staging:Transport:load=True:handoffs=0"
6.4635,3,26,59,-24.0000,0.0500,-15.0000,271.1774,0.0000,0.0000,-24.0000,0.0000,-15.0000,0.0500,7,"","","8.400:0.050:-2.172|-12.900:0.000:-10.832|-4.200:0.050:2.767|4.200:0.050:-2.172|-8.400:0.050:7.267","0.000:0.000:0.656|0.000:0.000:-0.750|0.000:0.000:0.800|0.000:0.000:0.656|0.000:0.000:0.800","20.000:0.050:-4.491|-11.793:0.000:-15.145","0.000:0.000:1.066|0.079:0.000:0.443",False,False,Idle,60.00,40.00,3.00,ForkliftInteraction,"P1:True|P2:True|P3:True|D1:True|D2:True|D3:True","H1:Rack picker: R1 staging:Transport to work bay:load=True:handoffs=0|H2:D3 receiving inspection:Transport:load=True:handoffs=0|H3:PD station operator:Transport to work bay:load=False:handoffs=0|H4:Trolley operator: PD2 transfer:Transport to work bay:load=True:handoffs=0|H5:Maintenance and replenishment:Transport to work bay:load=False:handoffs=0|F1:Inbound pallet transport in east perimeter lane:Transport to work bay:load=True:handoffs=0|F2:D3 outbound pallet staging:Transport:load=True:handoffs=0"
6.5678,3,26,60,-24.0000,0.0500,-15.0000,271.1774,0.0000,0.0000,-24.0000,0.0000,-15.0000,0.0500,7,"","","8.400:0.050:-2.104|-12.900:0.000:-10.910|-4.200:0.050:2.850|4.200:0.050:-2.104|-8.400:0.050:7.350","0.000:0.000:0.656|0.000:0.000:-0.750|0.000:0.000:0.800|0.000:0.000:0.656|0.000:0.000:0.800","20.000:0.050:-4.380|-11.784:0.000:-15.099","0.000:0.000:1.066|0.079:0.000:0.443",False,False,Idle,60.00,40.00,3.00,ForkliftInteraction,"P1:True|P2:True|P3:True|D1:True|D2:True|D3:True","H1:Rack picker: R1 staging:Transport to work bay:load=True:handoffs=0|H2:D3 receiving inspection:Transport:load=True:handoffs=0|H3:PD station operator:Transport to work bay:load=False:handoffs=0|H4:Trolley operator: PD2 transfer:Transport to work bay:load=True:handoffs=0|H5:Maintenance and replenishment:Transport to work bay:load=False:handoffs=0|F1:Inbound pallet transport in east perimeter lane:Transport to work bay:load=True:handoffs=0|F2:D3 outbound pallet staging:Transport:load=True:handoffs=0"
6.6748,3,26,61,-24.0000,0.0500,-15.0000,271.1774,0.0000,0.0000,-24.0000,0.0000,-15.0000,0.0500,7,"","","8.400:0.050:-2.034|-12.900:0.000:-10.991|-4.200:0.050:2.936|4.200:0.050:-2.034|-8.400:0.050:7.436","0.000:0.000:0.656|0.000:0.000:-0.750|0.000:0.000:0.800|0.000:0.000:0.656|0.000:0.000:0.800","20.000:0.050:-4.265|-11.776:0.000:-15.052","0.000:0.000:1.066|0.079:0.000:0.443",False,False,Idle,60.00,40.00,3.00,ForkliftInteraction,"P1:True|P2:True|P3:True|D1:True|D2:True|D3:True","H1:Rack picker: R1 staging:Transport to work bay:load=True:handoffs=0|H2:D3 receiving inspection:Transport:load=True:handoffs=0|H3:PD station operator:Transport to work bay:load=False:handoffs=0|H4:Trolley operator: PD2 transfer:Transport to work bay:load=True:handoffs=0|H5:Maintenance and replenishment:Transport to work bay:load=False:handoffs=0|F1:Inbound pallet transport in east perimeter lane:Transport to work bay:load=True:handoffs=0|F2:D3 outbound pallet staging:Transport:load=True:handoffs=0"
6.7797,3,26,62,-24.0000,0.0500,-15.0000,271.1774,0.0000,0.0000,-24.0000,0.0000,-15.0000,0.0500,7,"","","8.400:0.050:-1.965|-12.900:0.000:-11.069|-4.200:0.050:3.020|4.200:0.050:-1.965|-8.400:0.050:7.520","0.000:0.000:0.656|0.000:0.000:-0.750|0.000:0.000:0.800|0.000:0.000:0.656|0.000:0.000:0.800","20.000:0.050:-4.154|-11.768:0.000:-15.005","0.000:0.000:1.066|0.079:0.000:0.443",False,False,Idle,60.00,40.00,3.00,ForkliftInteraction,"P1:True|P2:True|P3:True|D1:True|D2:True|D3:True","H1:Rack picker: R1 staging:Transport to work bay:load=True:handoffs=0|H2:D3 receiving inspection:Transport:load=True:handoffs=0|H3:PD station operator:Transport to work bay:load=False:handoffs=0|H4:Trolley operator: PD2 transfer:Transport to work bay:load=True:handoffs=0|H5:Maintenance and replenishment:Transport to work bay:load=False:handoffs=0|F1:Inbound pallet transport in east perimeter lane:Transport to work bay:load=True:handoffs=0|F2:D3 outbound pallet staging:Transport:load=True:handoffs=0"
6.8872,3,26,63,-24.0000,0.0500,-15.0000,271.1774,0.0000,0.0000,-24.0000,0.0000,-15.0000,0.0500,7,"","","8.400:0.050:-1.894|-12.900:0.000:-11.150|-4.200:0.050:3.106|4.200:0.050:-1.894|-8.400:0.050:7.606","0.000:0.000:0.656|0.000:0.000:-0.750|0.000:0.000:0.800|0.000:0.000:0.656|0.000:0.000:0.800","20.000:0.050:-4.039|-11.759:0.000:-14.958","0.000:0.000:1.066|0.079:0.000:0.443",False,False,Idle,60.00,40.00,3.00,ForkliftInteraction,"P1:True|P2:True|P3:True|D1:True|D2:True|D3:True","H1:Rack picker: R1 staging:Transport to work bay:load=True:handoffs=0|H2:D3 receiving inspection:Transport:load=True:handoffs=0|H3:PD station operator:Transport to work bay:load=False:handoffs=0|H4:Trolley operator: PD2 transfer:Transport to work bay:load=True:handoffs=0|H5:Maintenance and replenishment:Transport to work bay:load=False:handoffs=0|F1:Inbound pallet transport in east perimeter lane:Transport to work bay:load=True:handoffs=0|F2:D3 outbound pallet staging:Transport:load=True:handoffs=0"
6.9945,3,26,64,-24.0000,0.0500,-15.0000,271.1774,0.0000,0.0000,-24.0000,0.0000,-15.0000,0.0500,7,"","","8.400:0.050:-1.824|-12.900:0.000:-11.230|-4.200:0.050:3.191|4.200:0.050:-1.824|-8.400:0.050:7.691","0.000:0.000:0.656|0.000:0.000:-0.750|0.000:0.000:0.800|0.000:0.000:0.656|0.000:0.000:0.800","20.000:0.050:-3.925|-11.751:0.000:-14.910","0.000:0.000:1.066|0.079:0.000:0.443",False,False,Idle,60.00,40.00,3.00,ForkliftInteraction,"P1:True|P2:True|P3:True|D1:True|D2:True|D3:True","H1:Rack picker: R1 staging:Transport to work bay:load=True:handoffs=0|H2:D3 receiving inspection:Transport:load=True:handoffs=0|H3:PD station operator:Transport to work bay:load=False:handoffs=0|H4:Trolley operator: PD2 transfer:Transport to work bay:load=True:handoffs=0|H5:Maintenance and replenishment:Transport to work bay:load=False:handoffs=0|F1:Inbound pallet transport in east perimeter lane:Transport to work bay:load=True:handoffs=0|F2:D3 outbound pallet staging:Transport:load=True:handoffs=0"
7.0975,3,26,65,-24.0000,0.0500,-15.0000,271.1774,0.0000,0.0000,-24.0000,0.0000,-15.0000,0.0500,7,"","","8.400:0.050:-1.756|-12.900:0.000:-11.308|-4.200:0.050:3.274|4.200:0.050:-1.756|-8.400:0.050:7.774","0.000:0.000:0.656|0.000:0.000:-0.750|0.000:0.000:0.800|0.000:0.000:0.656|0.000:0.000:0.800","20.000:0.050:-3.815|-11.752:0.000:-14.868","0.000:0.000:1.066|0.082:0.000:0.443",False,False,Idle,60.00,40.00,3.00,ForkliftInteraction,"P1:True|P2:True|P3:True|D1:True|D2:True|D3:False","H1:Rack picker: R1 staging:Transport to work bay:load=True:handoffs=0|H2:D3 receiving inspection:Transport:load=True:handoffs=0|H3:PD station operator:Transport to work bay:load=False:handoffs=0|H4:Trolley operator: PD2 transfer:Transport to work bay:load=True:handoffs=0|H5:Maintenance and replenishment:Transport to work bay:load=False:handoffs=0|F1:Inbound pallet transport in east perimeter lane:Transport to work bay:load=True:handoffs=0|F2:D3 outbound pallet staging:Transport:load=True:handoffs=0"
7.2065,3,26,66,-24.0000,0.0500,-15.0000,271.1774,0.0000,0.0000,-24.0000,0.0000,-15.0000,0.0500,7,"","","8.400:0.050:-1.685|-12.900:0.000:-11.389|-4.200:0.050:3.361|4.200:0.050:-1.685|-8.400:0.050:7.861","0.000:0.000:0.656|0.000:0.000:-0.750|0.000:0.000:0.800|0.000:0.000:0.656|0.000:0.000:0.800","20.000:0.050:-3.699|-11.756:0.000:-14.823","0.000:0.000:1.066|0.085:0.000:0.442",False,False,Idle,60.00,40.00,3.00,ForkliftInteraction,"P1:True|P2:True|P3:True|D1:True|D2:True|D3:False","H1:Rack picker: R1 staging:Transport to work bay:load=True:handoffs=0|H2:D3 receiving inspection:Transport:load=True:handoffs=0|H3:PD station operator:Transport to work bay:load=False:handoffs=0|H4:Trolley operator: PD2 transfer:Transport to work bay:load=True:handoffs=0|H5:Maintenance and replenishment:Transport to work bay:load=False:handoffs=0|F1:Inbound pallet transport in east perimeter lane:Transport to work bay:load=True:handoffs=0|F2:D3 outbound pallet staging:Transport:load=True:handoffs=0"
7.3126,3,26,67,-24.0000,0.0500,-15.0000,271.1774,0.0000,0.0000,-24.0000,0.0000,-15.0000,0.0500,7,"","","8.400:0.050:-1.615|-12.900:0.000:-11.469|-4.200:0.050:3.446|4.200:0.050:-1.615|-8.400:0.050:7.946","0.000:0.000:0.656|0.000:0.000:-0.750|0.000:0.000:0.800|0.000:0.000:0.656|0.000:0.000:0.800","20.000:0.050:-3.586|-11.764:0.000:-14.781","0.000:0.000:1.066|-0.310:0.000:0.326",False,False,Idle,60.00,40.00,3.00,ForkliftInteraction,"P1:True|P2:True|P3:True|D1:True|D2:True|D3:False","H1:Rack picker: R1 staging:Transport to work bay:load=True:handoffs=0|H2:D3 receiving inspection:Transport:load=True:handoffs=0|H3:PD station operator:Transport to work bay:load=False:handoffs=0|H4:Trolley operator: PD2 transfer:Transport to work bay:load=True:handoffs=0|H5:Maintenance and replenishment:Transport to work bay:load=False:handoffs=0|F1:Inbound pallet transport in east perimeter lane:Transport to work bay:load=True:handoffs=0|F2:D3 outbound pallet staging:Transport:load=True:handoffs=0"
7.4169,3,26,68,-24.0000,0.0500,-15.0000,271.1774,0.0000,0.0000,-24.0000,0.0000,-15.0000,0.0500,7,"","","8.400:0.050:-1.547|-12.900:0.000:-11.547|-4.200:0.050:3.529|4.200:0.050:-1.547|-8.400:0.050:8.029","0.000:0.000:0.656|0.000:0.000:-0.750|0.000:0.000:0.800|0.000:0.000:0.656|0.000:0.000:0.800","20.000:0.050:-3.474|-11.767:0.000:-14.739","0.000:0.000:1.066|0.095:0.000:0.440",False,False,Idle,60.00,40.00,3.00,ForkliftInteraction,"P1:True|P2:True|P3:True|D1:True|D2:True|D3:False","H1:Rack picker: R1 staging:Transport to work bay:load=True:handoffs=0|H2:D3 receiving inspection:Transport:load=True:handoffs=0|H3:PD station operator:Transport to work bay:load=False:handoffs=0|H4:Trolley operator: PD2 transfer:Transport to work bay:load=True:handoffs=0|H5:Maintenance and replenishment:Transport to work bay:load=False:handoffs=0|F1:Inbound pallet transport in east perimeter lane:Transport to work bay:load=True:handoffs=0|F2:D3 outbound pallet staging:Transport:load=True:handoffs=0"
7.5258,3,26,69,-24.0000,0.0500,-15.0000,271.1774,0.0000,0.0000,-24.0000,0.0000,-15.0000,0.0500,7,"","","8.400:0.050:-1.475|-12.900:0.000:-11.629|-4.200:0.050:3.616|4.200:0.050:-1.475|-8.400:0.050:8.116","0.000:0.000:0.656|0.000:0.000:-0.750|0.000:0.000:0.800|0.000:0.000:0.656|0.000:0.000:0.800","20.000:0.050:-3.358|-11.774:0.000:-14.696","0.000:0.000:1.066|0.101:0.000:0.439",False,False,Idle,60.00,40.00,3.00,ForkliftInteraction,"P1:True|P2:True|P3:True|D1:True|D2:True|D3:False","H1:Rack picker: R1 staging:Transport to work bay:load=True:handoffs=0|H2:D3 receiving inspection:Transport:load=True:handoffs=0|H3:PD station operator:Transport to work bay:load=False:handoffs=0|H4:Trolley operator: PD2 transfer:Transport to work bay:load=True:handoffs=0|H5:Maintenance and replenishment:Transport to work bay:load=False:handoffs=0|F1:Inbound pallet transport in east perimeter lane:Transport to work bay:load=True:handoffs=0|F2:D3 outbound pallet staging:Transport:load=True:handoffs=0"
7.6262,3,26,70,-24.0000,0.0500,-15.0000,271.1774,0.0000,0.0000,-24.0000,0.0000,-15.0000,0.0500,7,"","","8.400:0.050:-1.410|-12.900:0.000:-11.704|-4.200:0.050:3.697|4.200:0.050:-1.410|-8.400:0.050:8.197","0.000:0.000:0.656|0.000:0.000:-0.750|0.000:0.000:0.800|0.000:0.000:0.656|0.000:0.000:0.800","20.000:0.050:-3.251|-11.782:0.000:-14.657","0.000:0.000:1.066|-0.298:0.000:0.337",False,False,Idle,60.00,40.00,3.00,ForkliftInteraction,"P1:True|P2:True|P3:True|D1:True|D2:True|D3:False","H1:Rack picker: R1 staging:Transport to work bay:load=True:handoffs=0|H2:D3 receiving inspection:Transport:load=True:handoffs=0|H3:PD station operator:Transport to work bay:load=False:handoffs=0|H4:Trolley operator: PD2 transfer:Transport to work bay:load=True:handoffs=0|H5:Maintenance and replenishment:Transport to work bay:load=False:handoffs=0|F1:Inbound pallet transport in east perimeter lane:Transport to work bay:load=True:handoffs=0|F2:D3 outbound pallet staging:Transport:load=True:handoffs=0"
7.7303,3,26,71,-24.0000,0.0500,-15.0000,271.1774,0.0000,0.0000,-24.0000,0.0000,-15.0000,0.0500,7,"","","8.400:0.050:-1.341|-12.900:0.000:-11.782|-4.200:0.050:3.780|4.200:0.050:-1.341|-8.400:0.050:8.280","0.000:0.000:0.656|0.000:0.000:-0.750|0.000:0.000:0.800|0.000:0.000:0.656|0.000:0.000:0.800","20.000:0.050:-3.140|-11.790:0.000:-14.616","0.000:0.000:1.066|-0.293:0.000:0.342",False,False,Idle,60.00,40.00,3.00,ForkliftInteraction,"P1:True|P2:True|P3:True|D1:True|D2:True|D3:False","H1:Rack picker: R1 staging:Transport to work bay:load=True:handoffs=0|H2:D3 receiving inspection:Transport:load=True:handoffs=0|H3:PD station operator:Transport to work bay:load=False:handoffs=0|H4:Trolley operator: PD2 transfer:Transport to work bay:load=True:handoffs=0|H5:Maintenance and replenishment:Transport to work bay:load=False:handoffs=0|F1:Inbound pallet transport in east perimeter lane:Transport to work bay:load=True:handoffs=0|F2:D3 outbound pallet staging:Transport:load=True:handoffs=0"
7.8388,3,26,72,-24.0000,0.0500,-15.0000,271.1774,0.0000,0.0000,-24.0000,0.0000,-15.0000,0.0500,7,"","","8.400:0.050:-1.270|-12.881:0.000:-11.854|-4.200:0.050:3.867|4.200:0.050:-1.270|-8.400:0.050:8.367","0.000:0.000:0.656|0.611:0.000:-0.435|0.000:0.000:0.800|0.000:0.000:0.656|0.000:0.000:0.800","20.000:0.050:-3.025|-11.798:0.000:-14.573","0.000:0.000:1.066|0.120:0.000:0.434",False,False,Idle,60.00,40.00,3.00,ForkliftInteraction,"P1:True|P2:True|P3:True|D1:True|D2:True|D3:False","H1:Rack picker: R1 staging:Transport to work bay:load=True:handoffs=0|H2:D3 receiving inspection:Transport:load=True:handoffs=0|H3:PD station operator:Transport to work bay:load=False:handoffs=0|H4:Trolley operator: PD2 transfer:Transport to work bay:load=True:handoffs=0|H5:Maintenance and replenishment:Transport to work bay:load=False:handoffs=0|F1:Inbound pallet transport in east perimeter lane:Transport to work bay:load=True:handoffs=0|F2:D3 outbound pallet staging:Transport:load=True:handoffs=0"
7.9423,3,26,73,-24.0000,0.0500,-15.0000,271.1774,0.0000,0.0000,-24.0000,0.0000,-15.0000,0.0500,7,"","","8.400:0.050:-1.202|-12.897:0.000:-11.898|-4.200:0.050:3.950|4.200:0.050:-1.202|-8.400:0.050:8.450","0.000:0.000:0.656|-0.617:0.000:-0.427|0.000:0.000:0.800|0.000:0.000:0.656|0.000:0.000:0.800","20.000:0.050:-2.914|-11.808:0.000:-14.533","0.000:0.000:1.066|0.128:0.000:0.431",False,False,Idle,60.00,40.00,3.00,ForkliftInteraction,"P1:True|P2:True|P3:True|D1:True|D2:True|D3:False","H1:Rack picker: R1 staging:Transport to work bay:load=True:handoffs=0|H2:D3 receiving inspection:Transport:load=True:handoffs=0|H3:PD station operator:Transport to work bay:load=False:handoffs=0|H4:Trolley operator: PD2 transfer:Transport to work bay:load=True:handoffs=0|H5:Maintenance and replenishment:Transport to work bay:load=False:handoffs=0|F1:Inbound pallet transport in east perimeter lane:Transport to work bay:load=True:handoffs=0|F2:D3 outbound pallet staging:Transport:load=True:handoffs=0"
8.0481,3,26,74,-24.0000,0.0500,-15.0000,271.1774,0.0000,0.0000,-24.0000,0.0000,-15.0000,0.0500,7,"","","8.400:0.050:-1.133|-12.962:0.000:-11.945|-4.200:0.050:4.034|4.200:0.050:-1.133|-8.400:0.050:8.534","0.000:0.000:0.656|-0.599:0.000:-0.452|0.000:0.000:0.800|0.000:0.000:0.656|0.000:0.000:0.800","20.000:0.050:-2.801|-11.822:0.000:-14.493","0.000:0.000:1.066|-0.272:0.000:0.358",False,False,Idle,60.00,40.00,3.00,ForkliftInteraction,"P1:True|P2:True|P3:True|D1:True|D2:True|D3:False","H1:Rack picker: R1 staging:Transport to work bay:load=True:handoffs=0|H2:D3 receiving inspection:Transport:load=True:handoffs=0|H3:PD station operator:Transport to work bay:load=False:handoffs=0|H4:Trolley operator: PD2 transfer:Transport to work bay:load=True:handoffs=0|H5:Maintenance and replenishment:Transport to work bay:load=False:handoffs=0|F1:Inbound pallet transport in east perimeter lane:Transport to work bay:load=True:handoffs=0|F2:D3 outbound pallet staging:Transport:load=True:handoffs=0"
8.1514,3,26,75,-24.0000,0.0500,-15.0000,271.1774,0.0000,0.0000,-24.0000,0.0000,-15.0000,0.0500,7,"","","8.400:0.050:-1.065|-12.984:0.000:-11.962|-4.200:0.050:4.117|4.200:0.050:-1.065|-8.400:0.050:8.617","0.000:0.000:0.656|0.000:0.000:0.000|0.000:0.000:0.800|0.000:0.000:0.656|0.000:0.000:0.800","20.000:0.050:-2.691|-11.833:0.000:-14.453","0.000:0.000:1.066|-0.264:0.000:0.364",False,False,Idle,60.00,40.00,3.00,ForkliftInteraction,"P1:True|P2:True|P3:True|D1:True|D2:True|D3:False","H1:Rack picker: R1 staging:Transport to work bay:load=True:handoffs=0|H2:D3 receiving inspection:Transport:load=True:handoffs=0|H3:PD station operator:Transport to work bay:load=False:handoffs=0|H4:Trolley operator: PD2 transfer:Transport to work bay:load=True:handoffs=0|H5:Maintenance and replenishment:Transport to work bay:load=False:handoffs=0|F1:Inbound pallet transport in east perimeter lane:Transport to work bay:load=True:handoffs=0|F2:D3 outbound pallet staging:Transport:load=True:handoffs=0"
8.2519,3,26,76,-24.0000,0.0500,-15.0000,271.1774,0.0000,0.0000,-24.0000,0.0000,-15.0000,0.0500,7,"","","8.400:0.050:-0.999|-12.984:0.000:-11.962|-4.200:0.050:4.197|4.200:0.050:-0.999|-8.400:0.050:8.697","0.000:0.000:0.656|0.000:0.000:0.000|0.000:0.000:0.800|0.000:0.000:0.656|0.000:0.000:0.800","20.000:0.050:-2.584|-11.844:0.000:-14.414","0.000:0.000:1.066|0.159:0.000:0.421",False,False,Idle,60.00,40.00,3.00,ForkliftInteraction,"P1:True|P2:True|P3:True|D1:True|D2:True|D3:False","H1:Rack picker: R1 staging:Transport to work bay:load=True:handoffs=0|H2:D3 receiving inspection:Transport:load=True:handoffs=0|H3:PD station operator:Transport to work bay:load=False:handoffs=0|H4:Trolley operator: PD2 transfer:Transport to work bay:load=True:handoffs=0|H5:Maintenance and replenishment:Transport to work bay:load=False:handoffs=0|F1:Inbound pallet transport in east perimeter lane:Transport to work bay:load=True:handoffs=0|F2:D3 outbound pallet staging:Transport:load=True:handoffs=0"
8.3599,3,26,77,-24.0000,0.0500,-15.0000,271.1774,0.0000,0.0000,-24.0000,0.0000,-15.0000,0.0500,7,"","","8.400:0.050:-0.928|-12.984:0.000:-11.962|-4.200:0.050:4.284|4.200:0.050:-0.928|-8.400:0.050:8.721","0.000:0.000:0.656|0.000:0.000:0.000|0.000:0.000:0.800|0.000:0.000:0.656|0.000:0.000:0.000","20.000:0.050:-2.469|-11.864:0.000:-14.373","0.000:0.000:1.066|-0.242:0.000:0.379",False,False,Idle,60.00,40.00,3.00,ForkliftInteraction,"P1:True|P2:True|P3:True|D1:True|D2:True|D3:False","H1:Rack picker: R1 staging:Transport to work bay:load=True:handoffs=0|H2:D3 receiving inspection:Transport:load=True:handoffs=0|H3:PD station operator:Transport to work bay:load=False:handoffs=0|H4:Trolley operator: PD2 transfer:Transport to work bay:load=True:handoffs=0|H5:Maintenance and replenishment:Inspect / replenish rack:load=False:handoffs=1|F1:Inbound pallet transport in east perimeter lane:Transport to work bay:load=True:handoffs=0|F2:D3 outbound pallet staging:Transport:load=True:handoffs=0"
8.4666,3,26,78,-24.0000,0.0500,-15.0000,271.1774,0.0000,0.0000,-24.0000,0.0000,-15.0000,0.0500,7,"","","8.400:0.050:-0.858|-12.984:0.000:-11.962|-4.200:0.050:4.369|4.200:0.050:-0.858|-8.400:0.050:8.721","0.000:0.000:0.656|0.000:0.000:0.000|0.000:0.000:0.800|0.000:0.000:0.656|0.000:0.000:0.000","20.000:0.050:-2.355|-11.881:0.000:-14.331","0.000:0.000:1.066|-0.229:0.000:0.387",False,False,Idle,60.00,40.00,3.00,ForkliftInteraction,"P1:True|P2:True|P3:True|D1:True|D2:True|D3:False","H1:Rack picker: R1 staging:Transport to work bay:load=True:handoffs=0|H2:D3 receiving inspection:Transport:load=True:handoffs=0|H3:PD station operator:Transport to work bay:load=False:handoffs=0|H4:Trolley operator: PD2 transfer:Transport to work bay:load=True:handoffs=0|H5:Maintenance and replenishment:Inspect / replenish rack:load=False:handoffs=1|F1:Inbound pallet transport in east perimeter lane:Transport to work bay:load=True:handoffs=0|F2:D3 outbound pallet staging:Transport:load=True:handoffs=0"
8.5675,3,26,79,-24.0000,0.0500,-15.0000,271.1774,0.0000,0.0000,-24.0000,0.0000,-15.0000,0.0500,7,"","","8.400:0.050:-0.792|-12.984:0.000:-11.962|-4.200:0.050:4.450|4.200:0.050:-0.792|-8.400:0.050:8.721","0.000:0.000:0.656|0.000:0.000:0.000|0.000:0.000:0.800|0.000:0.000:0.656|0.000:0.000:0.000","20.000:0.050:-2.248|-11.900:0.000:-14.291","0.000:0.000:1.066|-0.214:0.000:0.396",False,False,Idle,60.00,40.00,3.00,ForkliftInteraction,"P1:True|P2:True|P3:True|D1:True|D2:True|D3:False","H1:Rack picker: R1 staging:Transport to work bay:load=True:handoffs=0|H2:D3 receiving inspection:Transport:load=True:handoffs=0|H3:PD station operator:Transport to work bay:load=False:handoffs=0|H4:Trolley operator: PD2 transfer:Transport to work bay:load=True:handoffs=0|H5:Maintenance and replenishment:Inspect / replenish rack:load=False:handoffs=1|F1:Inbound pallet transport in east perimeter lane:Transport to work bay:load=True:handoffs=0|F2:D3 outbound pallet staging:Transport:load=True:handoffs=0"
8.6698,3,26,80,-24.0000,0.0500,-15.0000,271.1774,0.0000,0.0000,-24.0000,0.0000,-15.0000,0.0500,7,"","","8.400:0.050:-0.725|-12.984:0.000:-11.962|-4.200:0.050:4.532|4.200:0.050:-0.725|-8.400:0.050:8.721","0.000:0.000:0.656|0.000:0.000:0.000|0.000:0.000:0.800|0.000:0.000:0.656|0.000:0.000:0.000","20.000:0.050:-2.139|-11.917:0.000:-14.250","0.000:0.000:1.066|-0.198:0.000:0.404",False,False,Idle,60.00,40.00,3.00,ForkliftInteraction,"P1:True|P2:True|P3:True|D1:True|D2:True|D3:False","H1:Rack picker: R1 staging:Transport to work bay:load=True:handoffs=0|H2:D3 receiving inspection:Transport:load=True:handoffs=0|H3:PD station operator:Transport to work bay:load=False:handoffs=0|H4:Trolley operator: PD2 transfer:Transport to work bay:load=True:handoffs=0|H5:Maintenance and replenishment:Inspect / replenish rack:load=False:handoffs=1|F1:Inbound pallet transport in east perimeter lane:Transport to work bay:load=True:handoffs=0|F2:D3 outbound pallet staging:Transport:load=True:handoffs=0"
8.7764,3,26,81,-24.0000,0.0500,-15.0000,271.1774,0.0000,0.0000,-24.0000,0.0000,-15.0000,0.0500,7,"","","8.400:0.050:-0.655|-12.984:0.000:-11.962|-4.200:0.050:4.617|4.200:0.050:-0.655|-8.400:0.050:8.721","0.000:0.000:0.656|0.000:0.000:0.000|0.000:0.000:0.800|0.000:0.000:0.656|0.000:0.000:0.000","20.000:0.050:-2.025|-11.937:0.000:-14.207","0.000:0.000:1.066|-0.179:0.000:0.413",False,False,Idle,60.00,40.00,3.00,ForkliftInteraction,"P1:True|P2:True|P3:True|D1:True|D2:True|D3:False","H1:Rack picker: R1 staging:Transport to work bay:load=True:handoffs=0|H2:D3 receiving inspection:Transport:load=True:handoffs=0|H3:PD station operator:Transport to work bay:load=False:handoffs=0|H4:Trolley operator: PD2 transfer:Transport to work bay:load=True:handoffs=0|H5:Maintenance and replenishment:Inspect / replenish rack:load=False:handoffs=1|F1:Inbound pallet transport in east perimeter lane:Transport to work bay:load=True:handoffs=0|F2:D3 outbound pallet staging:Transport:load=True:handoffs=0"
8.8800,3,26,82,-24.0000,0.0500,-15.0000,271.1774,0.0000,0.0000,-24.0000,0.0000,-15.0000,0.0500,7,"","","8.400:0.050:-0.587|-12.984:0.000:-11.962|-4.200:0.050:4.700|4.200:0.050:-0.587|-8.400:0.050:8.721","0.000:0.000:0.656|0.000:0.000:0.000|0.000:0.000:0.800|0.000:0.000:0.656|0.000:0.000:0.000","20.000:0.050:-1.915|-11.955:0.000:-14.164","0.000:0.000:1.066|-0.160:0.000:0.421",False,False,Idle,60.00,40.00,3.00,ForkliftInteraction,"P1:True|P2:True|P3:True|D1:True|D2:True|D3:False","H1:Rack picker: R1 staging:Transport to work bay:load=True:handoffs=0|H2:D3 receiving inspection:Transport:load=True:handoffs=0|H3:PD station operator:Transport to work bay:load=False:handoffs=0|H4:Trolley operator: PD2 transfer:Transport to work bay:load=True:handoffs=0|H5:Maintenance and replenishment:Inspect / replenish rack:load=False:handoffs=1|F1:Inbound pallet transport in east perimeter lane:Transport to work bay:load=True:handoffs=0|F2:D3 outbound pallet staging:Transport:load=True:handoffs=0"
8.9839,3,26,83,-24.0000,0.0500,-15.0000,271.1774,0.0000,0.0000,-24.0000,0.0000,-15.0000,0.0500,7,"","","8.400:0.050:-0.519|-12.984:0.000:-11.962|-4.200:0.050:4.783|4.200:0.050:-0.519|-8.400:0.050:8.721","0.000:0.000:0.656|0.000:0.000:0.000|0.000:0.000:0.800|0.000:0.000:0.656|0.000:0.000:0.000","20.000:0.050:-1.804|-11.970:0.000:-14.120","0.000:0.000:1.066|-0.140:0.000:0.428",False,False,Idle,60.00,40.00,3.00,ForkliftInteraction,"P1:True|P2:True|P3:True|D1:True|D2:True|D3:False","H1:Rack picker: R1 staging:Transport to work bay:load=True:handoffs=0|H2:D3 receiving inspection:Transport:load=True:handoffs=0|H3:PD station operator:Transport to work bay:load=False:handoffs=0|H4:Trolley operator: PD2 transfer:Transport to work bay:load=True:handoffs=0|H5:Maintenance and replenishment:Inspect / replenish rack:load=False:handoffs=1|F1:Inbound pallet transport in east perimeter lane:Transport to work bay:load=True:handoffs=0|F2:D3 outbound pallet staging:Transport:load=True:handoffs=0"
9.0890,3,26,84,-24.0000,0.0500,-15.0000,271.1774,0.0000,0.0000,-24.0000,0.0000,-15.0000,0.0500,7,"","","8.400:0.050:-0.450|-12.984:0.000:-11.962|-4.200:0.050:4.867|4.200:0.050:-0.450|-8.400:0.050:8.721","0.000:0.000:0.656|0.000:0.000:0.000|0.000:0.000:0.800|0.000:0.000:0.656|0.000:0.000:0.000","20.000:0.050:-1.692|-11.983:0.000:-14.074","0.000:0.000:1.066|-0.118:0.000:0.434",False,False,Idle,60.00,40.00,3.00,ForkliftInteraction,"P1:True|P2:True|P3:True|D1:True|D2:True|D3:False","H1:Rack picker: R1 staging:Transport to work bay:load=True:handoffs=0|H2:D3 receiving inspection:Transport:load=True:handoffs=0|H3:PD station operator:Transport to work bay:load=False:handoffs=0|H4:Trolley operator: PD2 transfer:Transport to work bay:load=True:handoffs=0|H5:Maintenance and replenishment:Inspect / replenish rack:load=False:handoffs=1|F1:Inbound pallet transport in east perimeter lane:Transport to work bay:load=True:handoffs=0|F2:D3 outbound pallet staging:Transport:load=True:handoffs=0"
9.1925,3,26,85,-24.0000,0.0500,-15.0000,271.1774,0.0000,0.0000,-12.3000,0.0000,-13.5000,11.7959,7,"","","8.400:0.050:-0.382|-12.984:0.000:-11.962|-4.200:0.050:4.950|4.200:0.050:-0.382|-8.400:0.050:8.721","0.000:0.000:0.656|0.000:0.000:0.000|0.000:0.000:0.800|0.000:0.000:0.656|0.000:0.000:0.000","20.000:0.050:-1.582|-11.994:0.000:-14.029","0.000:0.000:1.066|-0.096:0.000:0.440",False,False,Idle,60.00,40.00,3.00,ForkliftInteraction,"P1:True|P2:True|P3:True|D1:True|D2:True|D3:False","H1:Rack picker: R1 staging:Transport to work bay:load=True:handoffs=0|H2:D3 receiving inspection:Transport:load=True:handoffs=0|H3:PD station operator:Transport to work bay:load=False:handoffs=0|H4:Trolley operator: PD2 transfer:Transport to work bay:load=True:handoffs=0|H5:Maintenance and replenishment:Inspect / replenish rack:load=False:handoffs=1|F1:Inbound pallet transport in east perimeter lane:Transport to work bay:load=True:handoffs=0|F2:D3 outbound pallet staging:Transport:load=True:handoffs=0"
9.3000,3,26,86,-23.9958,0.0500,-14.9995,276.1400,0.0519,60.9406,-12.3000,0.0000,-13.5000,11.7917,7,"","","8.400:0.050:-0.312|-12.984:0.000:-11.962|-4.200:0.050:5.036|4.200:0.050:-0.312|-8.400:0.050:8.721","0.000:0.000:0.656|0.000:0.000:0.000|0.000:0.000:0.800|0.000:0.000:0.656|0.000:0.000:0.000","20.000:0.050:-1.467|-12.003:0.000:-13.981","0.000:0.000:1.066|-0.070:0.000:0.444",False,False,Moving,60.00,40.00,3.00,ForkliftInteraction,"P1:True|P2:True|P3:True|D1:True|D2:True|D3:False","H1:Rack picker: R1 staging:Transport to work bay:load=True:handoffs=0|H2:D3 receiving inspection:Transport:load=True:handoffs=0|H3:PD station operator:Transport to work bay:load=False:handoffs=0|H4:Trolley operator: PD2 transfer:Transport to work bay:load=True:handoffs=0|H5:Maintenance and replenishment:Inspect / replenish rack:load=False:handoffs=1|F1:Inbound pallet transport in east perimeter lane:Transport to work bay:load=True:handoffs=0|F2:D3 outbound pallet staging:Transport:load=True:handoffs=0"
9.4089,3,26,87,-23.9840,0.0500,-14.9980,283.4895,0.1146,62.1521,-12.3000,0.0000,-13.5000,11.7798,7,"","","8.400:0.050:-0.240|-12.984:0.000:-11.962|-4.200:0.050:5.123|4.200:0.050:-0.240|-8.400:0.050:8.721","0.000:0.000:0.656|0.000:0.000:0.000|0.000:0.000:0.800|0.000:0.000:0.656|0.000:0.000:0.000","20.000:0.050:-1.351|-12.009:0.000:-13.933","0.000:0.000:1.066|-0.045:0.000:0.448",False,False,Moving,60.00,40.00,3.00,ForkliftInteraction,"P1:True|P2:True|P3:True|D1:True|D2:True|D3:False","H1:Rack picker: R1 staging:Transport to work bay:load=True:handoffs=0|H2:D3 receiving inspection:Transport:load=True:handoffs=0|H3:PD station operator:Transport to work bay:load=False:handoffs=0|H4:Trolley operator: PD2 transfer:Transport to work bay:load=True:handoffs=0|H5:Maintenance and replenishment:Inspect / replenish rack:load=False:handoffs=1|F1:Inbound pallet transport in east perimeter lane:Transport to work bay:load=True:handoffs=0|F2:D3 outbound pallet staging:Transport:load=True:handoffs=0"
9.5101,3,26,88,-23.9662,0.0500,-14.9957,290.3249,0.1666,59.9152,-12.3000,0.0000,-13.5000,11.7618,7,"","","8.400:0.050:-0.174|-12.984:0.000:-11.962|-4.200:0.050:5.204|4.200:0.050:-0.174|-8.400:0.050:8.721","0.000:0.000:0.656|0.000:0.000:0.000|0.000:0.000:0.800|0.000:0.000:0.656|0.000:0.000:0.000","20.000:0.050:-1.243|-12.012:0.000:-13.887","0.000:0.000:1.066|-0.019:0.000:0.450",False,False,Moving,60.00,40.00,3.00,ForkliftInteraction,"P1:True|P2:True|P3:True|D1:True|D2:True|D3:False","H1:Rack picker: R1 staging:Transport to work bay:load=True:handoffs=0|H2:D3 receiving inspection:Transport:load=True:handoffs=0|H3:PD station operator:Transport to work bay:load=False:handoffs=0|H4:Trolley operator: PD2 transfer:Transport to work bay:load=True:handoffs=0|H5:Maintenance and replenishment:Inspect / replenish rack:load=False:handoffs=1|F1:Inbound pallet transport in east perimeter lane:Transport to work bay:load=True:handoffs=0|F2:D3 outbound pallet staging:Transport:load=True:handoffs=0"
9.6166,3,26,89,-23.9403,0.0500,-14.9923,297.5120,0.3317,83.7586,-12.3000,0.0000,-13.5000,11.7356,7,"","","8.400:0.050:-0.104|-12.984:0.000:-11.962|-4.200:0.050:5.289|4.200:0.050:-0.104|-8.400:0.050:8.721","0.000:0.000:0.656|0.000:0.000:0.000|0.000:0.000:0.800|0.000:0.000:0.656|0.000:0.000:0.000","20.000:0.050:-1.130|-12.013:0.000:-13.839","0.000:0.000:1.066|0.010:0.000:0.450",False,False,Moving,60.00,40.00,3.00,ForkliftInteraction,"P1:True|P2:True|P3:True|D1:True|D2:True|D3:False","H1:Rack picker: R1 staging:Transport to work bay:load=True:handoffs=0|H2:D3 receiving inspection:Transport:load=True:handoffs=0|H3:PD station operator:Transport to work bay:load=False:handoffs=0|H4:Trolley operator: PD2 transfer:Transport to work bay:load=True:handoffs=0|H5:Maintenance and replenishment:Inspect / replenish rack:load=False:handoffs=1|F1:Inbound pallet transport in east perimeter lane:Transport to work bay:load=True:handoffs=0|F2:D3 outbound pallet staging:Transport:load=True:handoffs=0"
9.7193,3,26,90,-23.9083,0.0500,-14.9882,304.4457,0.2672,54.3717,-12.3000,0.0000,-13.5000,11.7034,7,"","","8.400:0.050:-0.037|-12.981:0.000:-12.017|-4.200:0.050:5.371|4.200:0.050:-0.037|-8.400:0.050:8.721","0.000:0.000:0.656|0.041:0.000:-0.749|0.000:0.000:0.800|0.000:0.000:0.656|0.000:0.000:0.000","20.000:0.050:-1.020|-12.010:0.000:-13.793","0.000:0.000:1.066|0.038:0.000:0.448",False,False,Moving,60.00,40.00,3.00,ForkliftInteraction,"P1:True|P2:True|P3:True|D1:True|D2:True|D3:False","H1:Rack picker: R1 staging:Transport to work bay:load=True:handoffs=0|H2:D3 receiving inspection:Transport:load=True:handoffs=0|H3:PD station operator:Transport to work bay:load=False:handoffs=0|H4:Trolley operator: PD2 transfer:Transport to work bay:load=True:handoffs=0|H5:Maintenance and replenishment:Inspect / replenish rack:load=False:handoffs=1|F1:Inbound pallet transport in east perimeter lane:Transport to work bay:load=True:handoffs=0|F2:D3 outbound pallet staging:Transport:load=True:handoffs=0"
9.8201,3,26,91,-23.8703,0.0500,-14.9834,311.2441,0.3398,57.9865,-12.3000,0.0000,-13.5000,11.6651,7,"","","8.400:0.050:0.030|-12.977:0.000:-12.093|-4.200:0.050:5.452|4.200:0.050:0.030|-8.400:0.050:8.721","0.000:0.000:0.656|0.041:0.000:-0.749|0.000:0.000:0.800|0.000:0.000:0.656|0.000:0.000:0.000","20.000:0.050:-0.913|-12.005:0.000:-13.748","0.000:0.000:1.066|0.067:0.000:0.445",False,False,Moving,60.00,40.00,3.00,ForkliftInteraction,"P1:True|P2:True|P3:True|D1:True|D2:True|D3:False","H1:Rack picker: R1 staging:Transport to work bay:load=True:handoffs=0|H2:D3 receiving inspection:Transport:load=True:handoffs=0|H3:PD station operator:Transport to work bay:load=False:handoffs=0|H4:Trolley operator: PD2 transfer:Transport to work bay:load=True:handoffs=0|H5:Maintenance and replenishment:Inspect / replenish rack:load=False:handoffs=1|F1:Inbound pallet transport in east perimeter lane:Transport to work bay:load=True:handoffs=0|F2:D3 outbound pallet staging:Transport:load=True:handoffs=0"
9.9233,3,26,92,-23.8246,0.0500,-14.9775,318.2156,0.4896,71.4692,-12.3000,0.0000,-13.5000,11.6190,7,"","","8.400:0.050:0.097|-12.973:0.000:-12.170|-4.200:0.050:5.534|4.200:0.050:0.097|-8.400:0.050:8.721","0.000:0.000:0.656|0.041:0.000:-0.749|0.000:0.000:0.800|0.000:0.000:0.656|0.000:0.000:0.000","20.000:0.050:-0.803|-11.996:0.000:-13.703","0.000:0.000:1.066|0.097:0.000:0.439",False,False,Moving,60.00,40.00,3.00,ForkliftInteraction,"P1:True|P2:True|P3:True|D1:True|D2:True|D3:False","H1:Rack picker: R1 staging:Transport to work bay:load=True:handoffs=0|H2:D3 receiving inspection:Transport:load=True:handoffs=0|H3:PD station operator:Transport to work bay:load=False:handoffs=0|H4:Trolley operator: PD2 transfer:Transport to work bay:load=True:handoffs=0|H5:Maintenance and replenishment:Inspect / replenish rack:load=False:handoffs=1|F1:Inbound pallet transport in east perimeter lane:Transport to work bay:load=True:handoffs=0|F2:D3 outbound pallet staging:Transport:load=True:handoffs=0"
10.0307,3,26,93,-23.7697,0.0500,-14.9705,325.4617,0.5507,70.1828,-12.3000,0.0000,-13.5000,11.5637,7,"","","8.400:0.050:0.168|-12.969:0.000:-12.250|-4.200:0.050:5.620|4.200:0.050:0.168|-8.400:0.050:8.721","0.000:0.000:0.656|0.041:0.000:-0.749|0.000:0.000:0.800|0.000:0.000:0.656|0.000:0.000:0.000","20.000:0.050:-0.688|-11.984:0.000:-13.656","0.000:0.000:1.066|0.130:0.000:0.431",False,False,Moving,60.00,40.00,3.00,ForkliftInteraction,"P1:True|P2:True|P3:True|D1:True|D2:True|D3:False","H1:Rack picker: R1 staging:Transport to work bay:load=True:handoffs=0|H2:D3 receiving inspection:Transport:load=True:handoffs=0|H3:PD station operator:Transport to work bay:load=False:handoffs=0|H4:Trolley operator: PD2 transfer:Transport to work bay:load=True:handoffs=0|H5:Maintenance and replenishment:Inspect / replenish rack:load=False:handoffs=1|F1:Inbound pallet transport in east perimeter lane:Transport to work bay:load=True:handoffs=0|F2:D3 outbound pallet staging:Transport:load=True:handoffs=0"
10.1350,3,26,94,-23.7093,0.0500,-14.9627,332.5038,0.5738,63.6902,-12.3000,0.0000,-13.5000,11.5028,7,"","","8.400:0.050:0.236|-12.964:0.000:-12.328|-4.200:0.050:5.704|4.200:0.050:0.236|-8.400:0.050:8.721","0.000:0.000:0.656|0.041:0.000:-0.749|0.000:0.000:0.800|0.000:0.000:0.656|0.000:0.000:0.000","20.000:0.050:-0.577|-11.969:0.000:-13.612","0.000:0.000:1.066|0.164:0.000:0.419",False,False,Moving,60.00,40.00,3.00,ForkliftInteraction,"P1:True|P2:True|P3:True|D1:True|D2:True|D3:False","H1:Rack picker: R1 staging:Transport to work bay:load=True:handoffs=0|H2:D3 receiving inspection:Transport:load=True:handoffs=0|H3:PD station operator:Transport to work bay:load=False:handoffs=0|H4:Trolley operator: PD2 transfer:Transport to work bay:load=True:handoffs=0|H5:Maintenance and replenishment:Inspect / replenish rack:load=False:handoffs=1|F1:Inbound pallet transport in east perimeter lane:Transport to work bay:load=True:handoffs=0|F2:D3 outbound pallet staging:Transport:load=True:handoffs=0"
10.2403,3,26,95,-23.6412,0.0500,-14.9540,339.6093,0.6501,65.3565,-12.3000,0.0000,-13.5000,11.4342,7,"","","8.400:0.050:0.305|-12.960:0.000:-12.407|-4.200:0.050:5.788|4.200:0.050:0.305|-8.400:0.050:8.721","0.000:0.000:0.656|0.041:0.000:-0.749|0.000:0.000:0.800|0.000:0.000:0.656|0.000:0.000:0.000","20.000:0.050:-0.465|-11.949:0.000:-13.568","0.000:0.000:1.066|0.198:0.000:0.404",False,False,Moving,60.00,40.00,3.00,ForkliftInteraction,"P1:True|P2:True|P3:True|D1:True|D2:True|D3:False","H1:Rack picker: R1 staging:Transport to work bay:load=True:handoffs=0|H2:D3 receiving inspection:Transport:load=True:handoffs=0|H3:PD station operator:Transport to work bay:load=False:handoffs=0|H4:Trolley operator: PD2 transfer:Transport to work bay:load=True:handoffs=0|H5:Maintenance and replenishment:Inspect / replenish rack:load=False:handoffs=1|F1:Inbound pallet transport in east perimeter lane:Transport to work bay:load=True:handoffs=0|F2:D3 outbound pallet staging:Transport:load=True:handoffs=0"
10.3409,3,26,96,-23.5694,0.0500,-14.9448,346.4023,0.8282,75.8255,-12.3000,0.0000,-13.5000,11.3618,7,"","","8.400:0.050:0.371|-12.956:0.000:-12.483|-4.200:0.050:5.869|4.200:0.050:0.371|-8.400:0.050:8.721","0.000:0.000:0.656|0.041:0.000:-0.749|0.000:0.000:0.800|0.000:0.000:0.656|0.000:0.000:0.000","20.000:0.050:-0.357|-11.928:0.000:-13.528","0.000:0.000:1.066|0.231:0.000:0.386",False,False,Moving,60.00,40.00,3.00,ForkliftInteraction,"P1:True|P2:True|P3:True|D1:True|D2:True|D3:False","H1:Rack picker: R1 staging:Transport to work bay:load=True:handoffs=0|H2:D3 receiving inspection:Transport:load=True:handoffs=0|H3:PD station operator:Transport to work bay:load=False:handoffs=0|H4:Trolley operator: PD2 transfer:Transport to work bay:load=True:handoffs=0|H5:Maintenance and replenishment:Inspect / replenish rack:load=False:handoffs=1|F1:Inbound pallet transport in east perimeter lane:Transport to work bay:load=True:handoffs=0|F2:D3 outbound pallet staging:Transport:load=True:handoffs=0"
10.4450,3,26,97,-23.4883,0.0500,-14.9344,353.4276,0.8526,71.7560,-12.3000,0.0000,-13.5000,11.2800,7,"","","8.400:0.050:0.440|-12.952:0.000:-12.561|-4.200:0.050:5.952|4.200:0.050:0.440|-8.400:0.050:8.721","0.000:0.000:0.656|0.041:0.000:-0.749|0.000:0.000:0.800|0.000:0.000:0.656|0.000:0.000:0.000","20.000:0.050:-0.246|-11.902:0.000:-13.489","0.000:0.000:1.066|0.266:0.000:0.363",False,False,Moving,60.00,40.00,3.00,ForkliftInteraction,"P1:True|P2:True|P3:True|D1:True|D2:True|D3:False","H1:Rack picker: R1 staging:Transport to work bay:load=True:handoffs=0|H2:D3 receiving inspection:Transport:load=True:handoffs=0|H3:PD station operator:Transport to work bay:load=False:handoffs=0|H4:Trolley operator: PD2 transfer:Transport to work bay:load=True:handoffs=0|H5:Maintenance and replenishment:Inspect / replenish rack:load=False:handoffs=1|F1:Inbound pallet transport in east perimeter lane:Transport to work bay:load=True:handoffs=0|F2:D3 outbound pallet staging:Transport:load=True:handoffs=0"
10.5502,3,26,98,-23.3993,0.0500,-14.9230,0.5274,0.7194,55.9510,-12.3000,0.0000,-13.5000,11.1902,7,"","","8.400:0.050:0.509|-12.947:0.000:-12.639|-4.200:0.050:6.036|4.200:0.050:0.509|-8.400:0.050:8.721","0.000:0.000:0.656|0.041:0.000:-0.749|0.000:0.000:0.800|0.000:0.000:0.656|0.000:0.000:0.000","20.000:0.050:-0.134|-11.875:0.000:-13.487","0.000:0.000:1.066|0.269:0.000:0.360",False,False,Moving,60.00,40.00,3.00,ForkliftInteraction,"P1:True|P2:True|P3:True|D1:True|D2:True|D3:False","H1:Rack picker: R1 staging:Transport to work bay:load=True:handoffs=0|H2:D3 receiving inspection:Transport:load=True:handoffs=0|H3:PD station operator:Transport to work bay:load=False:handoffs=0|H4:Trolley operator: PD2 transfer:Transport to work bay:load=True:handoffs=0|H5:Maintenance and replenishment:Inspect / replenish rack:load=False:handoffs=1|F1:Inbound pallet transport in east perimeter lane:Transport to work bay:load=True:handoffs=0|F2:D3 outbound pallet staging:Transport:load=True:handoffs=0"
10.6525,3,26,99,-23.3058,0.0500,-14.9110,7.4330,0.7974,56.9167,-12.3000,0.0000,-13.5000,11.0960,7,"","","8.400:0.050:0.576|-12.967:0.000:-12.670|-4.200:0.050:6.118|4.200:0.050:0.576|-8.400:0.050:8.721","0.000:0.000:0.656|0.000:0.000:0.000|0.000:0.000:0.800|0.000:0.000:0.656|0.000:0.000:0.000","20.000:0.050:-0.025|-11.850:0.000:-13.499","0.000:0.000:1.066|0.000:0.000:0.000",False,False,Moving,60.00,40.00,3.00,ForkliftInteraction,"P1:True|P2:True|P3:True|D1:True|D2:True|D3:False","H1:Rack picker: R1 staging:Transport to work bay:load=True:handoffs=0|H2:D3 receiving inspection:Transport:load=True:handoffs=0|H3:PD station operator:Transport to work bay:load=False:handoffs=0|H4:Trolley operator: PD2 transfer:Transport to work bay:load=True:handoffs=0|H5:Maintenance and replenishment:Inspect / replenish rack:load=False:handoffs=1|F1:Inbound pallet transport in east perimeter lane:Transport to work bay:load=True:handoffs=0|F2:D3 outbound pallet staging:Transport:load=True:handoffs=0"
10.7545,3,26,100,-23.2059,0.0500,-14.8982,14.3171,1.2101,80.9139,-12.3000,0.0000,-13.5000,10.9952,7,"","","8.400:0.050:0.643|-12.967:0.000:-12.670|-4.200:0.050:6.199|4.200:0.050:0.643|-8.400:0.050:8.721","0.000:0.000:0.656|0.000:0.000:0.000|0.000:0.000:0.800|0.000:0.000:0.656|0.000:0.000:0.000","20.000:0.050:0.083|-11.850:0.000:-13.499","0.000:0.000:1.066|0.000:0.000:0.000",False,False,Moving,60.00,40.00,3.00,ForkliftInteraction,"P1:True|P2:True|P3:True|D1:True|D2:True|D3:False","H1:Rack picker: R1 staging:Transport to work bay:load=True:handoffs=0|H2:D3 receiving inspection:Transport:load=True:handoffs=0|H3:PD station operator:Transport to work bay:load=False:handoffs=0|H4:Trolley operator: PD2 transfer:Transport to work bay:load=True:handoffs=0|H5:Maintenance and replenishment:Inspect / replenish rack:load=False:handoffs=1|F1:Inbound pallet transport in east perimeter lane:Transport to work bay:load=True:handoffs=0|F2:D3 outbound pallet staging:Transport:load=True:handoffs=0"
10.8581,3,26,101,-23.0975,0.0500,-14.8843,21.3133,1.0171,63.9273,-12.3000,0.0000,-13.5000,10.8859,7,"","","8.400:0.050:0.711|-12.967:0.000:-12.670|-4.200:0.050:6.282|4.200:0.050:0.711|-8.400:0.050:8.721","0.000:0.000:0.656|0.000:0.000:0.000|0.000:0.000:0.800|0.000:0.000:0.656|0.000:0.000:0.000","20.000:0.050:0.194|-11.850:0.000:-13.499","0.000:0.000:1.066|0.000:0.000:0.000",False,False,Moving,60.00,40.00,3.00,ForkliftInteraction,"P1:True|P2:True|P3:True|D1:True|D2:True|D3:False","H1:Rack picker: R1 staging:Transport to work bay:load=True:handoffs=0|H2:D3 receiving inspection:Transport:load=True:handoffs=0|H3:PD station operator:Transport to work bay:load=False:handoffs=0|H4:Trolley operator: PD2 transfer:Transport to work bay:load=True:handoffs=0|H5:Maintenance and replenishment:Inspect / replenish rack:load=False:handoffs=1|F1:Inbound pallet transport in east perimeter lane:Transport to work bay:load=True:handoffs=0|F2:D3 outbound pallet staging:Transport:load=True:handoffs=0"
10.9703,3,26,102,-22.9724,0.0500,-14.8683,28.8854,1.2207,72.2441,-12.3000,0.0000,-13.5000,10.7598,7,"","","8.400:0.050:0.784|-12.967:0.000:-12.670|-4.200:0.050:6.372|4.200:0.050:0.784|-8.400:0.050:8.721","0.000:0.000:0.656|0.000:0.000:0.000|0.000:0.000:0.800|0.000:0.000:0.656|0.000:0.000:0.000","20.000:0.050:0.314|-11.850:0.000:-13.499","0.000:0.000:1.066|0.000:0.000:0.000",False,False,Moving,60.00,40.00,3.00,ForkliftInteraction,"P1:True|P2:True|P3:True|D1:True|D2:True|D3:False","H1:Rack picker: R1 staging:Transport to work bay:load=True:handoffs=0|H2:D3 receiving inspection:Transport:load=True:handoffs=0|H3:PD station operator:Transport to work bay:load=False:handoffs=0|H4:Trolley operator: PD2 transfer:Transport to work bay:load=True:handoffs=0|H5:Maintenance and replenishment:Inspect / replenish rack:load=False:handoffs=1|F1:Inbound pallet transport in east perimeter lane:Transport to work bay:load=True:handoffs=0|F2:D3 outbound pallet staging:Transport:load=True:handoffs=0"
11.0704,3,26,103,-22.8544,0.0500,-14.8531,35.6435,1.2052,67.8070,-12.3000,0.0000,-13.5000,10.6409,7,"","","8.400:0.050:0.850|-12.967:0.000:-12.670|-4.200:0.050:6.452|4.200:0.050:0.850|-8.400:0.050:8.721","0.000:0.000:0.656|0.000:0.000:0.000|0.000:0.000:0.800|0.000:0.000:0.656|0.000:0.000:0.000","20.000:0.050:0.420|-11.850:0.000:-13.499","0.000:0.000:1.066|0.000:0.000:0.000",False,False,Moving,60.00,40.00,3.00,ForkliftInteraction,"P1:True|P2:True|P3:True|D1:True|D2:True|D3:False","H1:Rack picker: R1 staging:Transport to work bay:load=True:handoffs=0|H2:D3 receiving inspection:Transport:load=True:handoffs=0|H3:PD station operator:Transport to work bay:load=False:handoffs=0|H4:Trolley operator: PD2 transfer:Transport to work bay:load=True:handoffs=0|H5:Maintenance and replenishment:Inspect / replenish rack:load=False:handoffs=1|F1:Inbound pallet transport in east perimeter lane:Transport to work bay:load=True:handoffs=0|F2:D3 outbound pallet staging:Transport:load=True:handoffs=0"
11.1717,3,26,104,-22.7339,0.0500,-14.8377,42.4782,0.6664,37.4848,-12.3000,0.0000,-13.5000,10.5194,7,"","","8.400:0.050:0.916|-12.967:0.000:-12.670|-4.200:0.050:6.533|4.200:0.050:0.916|-8.400:0.050:8.721","0.000:0.000:0.656|0.000:0.000:0.000|0.000:0.000:0.800|0.000:0.000:0.656|0.000:0.000:0.000","20.000:0.050:0.528|-11.850:0.000:-13.499","0.000:0.000:1.066|0.000:0.000:0.000",False,False,Moving,60.00,40.00,3.00,ForkliftInteraction,"P1:True|P2:True|P3:True|D1:True|D2:True|D3:False","H1:Rack picker: R1 staging:Transport to work bay:load=True:handoffs=0|H2:D3 receiving inspection:Transport:load=True:handoffs=0|H3:PD station operator:Transport to work bay:load=False:handoffs=0|H4:Trolley operator: PD2 transfer:Transport to work bay:load=True:handoffs=0|H5:Maintenance and replenishment:Inspect / replenish rack:load=False:handoffs=1|F1:Inbound pallet transport in east perimeter lane:Transport to work bay:load=True:handoffs=0|F2:D3 outbound pallet staging:Transport:load=True:handoffs=0"
11.2765,3,26,105,-22.6090,0.0500,-14.8217,49.5563,1.2813,72.0723,-12.3000,0.0000,-13.5000,10.3935,7,"","","8.400:0.050:0.985|-12.967:0.000:-12.670|-4.200:0.050:6.617|4.200:0.050:0.985|-8.400:0.050:8.721","0.000:0.000:0.656|0.000:0.000:0.000|0.000:0.000:0.800|0.000:0.000:0.656|0.000:0.000:0.000","20.000:0.050:0.640|-11.850:0.000:-13.499","0.000:0.000:1.066|0.000:0.000:0.000",False,False,Moving,60.00,40.00,3.00,ForkliftInteraction,"P1:True|P2:True|P3:True|D1:True|D2:True|D3:False","H1:Rack picker: R1 staging:Transport to work bay:load=True:handoffs=0|H2:D3 receiving inspection:Transport:load=True:handoffs=0|H3:PD station operator:Transport to work bay:load=False:handoffs=0|H4:Trolley operator: PD2 transfer:Transport to work bay:load=True:handoffs=0|H5:Maintenance and replenishment:Inspect / replenish rack:load=False:handoffs=1|F1:Inbound pallet transport in east perimeter lane:Transport to work bay:load=True:handoffs=0|F2:D3 outbound pallet staging:Transport:load=True:handoffs=0"
11.3807,3,26,106,-22.4850,0.0500,-14.8058,56.2888,1.3544,69.3146,-12.3000,0.0000,-13.5000,10.2685,7,"","","8.400:0.050:1.053|-12.967:0.000:-12.670|-4.200:0.050:6.700|4.200:0.050:1.053|-8.400:0.050:8.721","0.000:0.000:0.656|0.000:0.000:0.000|0.000:0.000:0.800|0.000:0.000:0.656|0.000:0.000:0.000","20.000:0.050:0.751|-11.850:0.000:-13.499","0.000:0.000:1.066|0.000:0.000:0.000",False,False,Moving,60.00,40.00,3.00,ForkliftInteraction,"P1:True|P2:True|P3:True|D1:True|D2:True|D3:False","H1:Rack picker: R1 staging:Transport to work bay:load=True:handoffs=0|H2:D3 receiving inspection:Transport:load=True:handoffs=0|H3:PD station operator:Transport to work bay:load=False:handoffs=0|H4:Trolley operator: PD2 transfer:Transport to work bay:load=True:handoffs=0|H5:Maintenance and replenishment:Inspect / replenish rack:load=False:handoffs=1|F1:Inbound pallet transport in east perimeter lane:Transport to work bay:load=True:handoffs=0|F2:D3 outbound pallet staging:Transport:load=True:handoffs=0"
11.4830,3,26,107,-22.3633,0.0500,-14.7902,61.6388,1.0023,41.1463,-12.3000,0.0000,-13.5000,10.1458,7,"","","8.400:0.050:1.120|-12.967:0.000:-12.670|-4.200:0.050:6.782|4.200:0.050:1.120|-8.400:0.050:8.721","0.000:0.000:0.656|0.000:0.000:0.000|0.000:0.000:0.800|0.000:0.000:0.656|0.000:0.000:0.000","20.000:0.050:0.860|-11.850:0.000:-13.499","0.000:0.000:1.066|0.000:0.000:0.000",False,False,Moving,60.00,40.00,3.00,ForkliftInteraction,"P1:True|P2:True|P3:True|D1:True|D2:True|D3:False","H1:Rack picker: R1 staging:Transport to work bay:load=True:handoffs=0|H2:D3 receiving inspection:Transport:load=True:handoffs=0|H3:PD station operator:Transport to work bay:load=False:handoffs=0|H4:Trolley operator: PD2 transfer:Transport to work bay:load=True:handoffs=0|H5:Maintenance and replenishment:Inspect / replenish rack:load=False:handoffs=1|F1:Inbound pallet transport in east perimeter lane:Transport to work bay:load=True:handoffs=0|F2:D3 outbound pallet staging:Transport:load=True:handoffs=0"
11.5866,3,26,108,-22.2400,0.0500,-14.7744,65.9567,1.1687,38.6589,-12.3000,0.0000,-13.5000,10.0215,7,"","","8.400:0.050:1.188|-12.967:0.000:-12.670|-4.200:0.050:6.865|4.200:0.050:1.188|-8.400:0.050:8.721","0.000:0.000:0.656|0.000:0.000:0.000|0.000:0.000:0.800|0.000:0.000:0.656|0.000:0.000:0.000","20.000:0.050:0.970|-11.850:0.000:-13.499","0.000:0.000:1.066|0.000:0.000:0.000",False,False,Moving,60.00,40.00,3.00,ForkliftInteraction,"P1:True|P2:True|P3:True|D1:True|D2:True|D3:False","H1:Rack picker: R1 staging:Transport to work bay:load=True:handoffs=0|H2:D3 receiving inspection:Transport:load=True:handoffs=0|H3:PD station operator:Transport to work bay:load=False:handoffs=0|H4:Trolley operator: PD2 transfer:Transport to work bay:load=True:handoffs=0|H5:Maintenance and replenishment:Inspect / replenish rack:load=False:handoffs=1|F1:Inbound pallet transport in east perimeter lane:Transport to work bay:load=True:handoffs=0|F2:D3 outbound pallet staging:Transport:load=True:handoffs=0"
11.6915,3,26,109,-22.1151,0.0500,-14.7583,69.4323,0.8329,21.0491,-12.3000,0.0000,-13.5000,9.8955,7,"","","8.400:0.050:1.257|-12.967:0.000:-12.670|-4.200:0.050:6.949|4.200:0.050:1.257|-8.400:0.050:8.721","0.000:0.000:0.656|0.000:0.000:0.000|0.000:0.000:0.800|0.000:0.000:0.656|0.000:0.000:0.000","20.000:0.050:1.082|-11.850:0.000:-13.499","0.000:0.000:1.066|0.000:0.000:0.000",False,False,Moving,60.00,40.00,3.00,ForkliftInteraction,"P1:True|P2:True|P3:True|D1:True|D2:True|D3:False","H1:Rack picker: R1 staging:Transport to work bay:load=True:handoffs=0|H2:D3 receiving inspection:Transport:load=True:handoffs=0|H3:PD station operator:Transport to work bay:load=False:handoffs=0|H4:Trolley operator: PD2 transfer:Transport to work bay:load=True:handoffs=0|H5:Maintenance and replenishment:Inspect / replenish rack:load=False:handoffs=1|F1:Inbound pallet transport in east perimeter lane:Transport to work bay:load=True:handoffs=0|F2:D3 outbound pallet staging:Transport:load=True:handoffs=0"
11.7983,3,26,110,-21.9880,0.0500,-14.7420,72.2287,0.9101,18.4860,-12.3000,0.0000,-13.5000,9.7674,7,"","","8.400:0.050:1.327|-12.967:0.000:-12.670|-4.200:0.050:7.034|4.200:0.050:1.327|-8.400:0.050:8.721","0.000:0.000:0.656|0.000:0.000:0.000|0.000:0.000:0.800|0.000:0.000:0.656|0.000:0.000:0.000","20.000:0.050:1.196|-11.850:0.000:-13.499","0.000:0.000:1.066|0.000:0.000:0.000",False,False,Moving,60.00,40.00,3.00,ForkliftInteraction,"P1:True|P2:True|P3:True|D1:True|D2:True|D3:False","H1:Rack picker: R1 staging:Transport to work bay:load=True:handoffs=0|H2:D3 receiving inspection:Transport:load=True:handoffs=0|H3:PD station operator:Transport to work bay:load=False:handoffs=0|H4:Trolley operator: PD2 transfer:Transport to work bay:load=True:handoffs=0|H5:Maintenance and replenishment:Inspect / replenish rack:load=False:handoffs=1|F1:Inbound pallet transport in east perimeter lane:Transport to work bay:load=True:handoffs=0|F2:D3 outbound pallet staging:Transport:load=True:handoffs=0"
11.9009,3,26,111,-21.8659,0.0500,-14.7264,74.3592,0.9960,16.1579,-12.3000,0.0000,-13.5000,9.6443,7,"","","8.400:0.050:1.395|-12.967:0.000:-12.670|-4.200:0.050:7.117|4.200:0.050:1.395|-8.400:0.050:8.721","0.000:0.000:0.656|0.000:0.000:0.000|0.000:0.000:0.800|0.000:0.000:0.656|0.000:0.000:0.000","20.000:0.050:1.306|-11.850:0.000:-13.499","0.000:0.000:1.066|0.000:0.000:0.000",False,False,Moving,60.00,40.00,3.00,ForkliftInteraction,"P1:True|P2:True|P3:True|D1:True|D2:True|D3:False","H1:Rack picker: R1 staging:Transport to work bay:load=True:handoffs=0|H2:D3 receiving inspection:Transport:load=True:handoffs=0|H3:PD station operator:Transport to work bay:load=False:handoffs=0|H4:Trolley operator: PD2 transfer:Transport to work bay:load=True:handoffs=0|H5:Maintenance and replenishment:Inspect / replenish rack:load=False:handoffs=1|F1:Inbound pallet transport in east perimeter lane:Transport to work bay:load=True:handoffs=0|F2:D3 outbound pallet staging:Transport:load=True:handoffs=0"
12.0060,3,26,112,-21.7408,0.0500,-14.7104,76.0931,1.0221,13.3747,-12.3000,0.0000,-13.5000,9.5182,7,"","","8.400:0.050:1.464|-12.967:0.000:-12.670|-4.200:0.050:7.201|4.200:0.050:1.464|-8.400:0.050:8.721","0.000:0.000:0.656|0.000:0.000:0.000|0.000:0.000:0.800|0.000:0.000:0.656|0.000:0.000:0.000","20.000:0.050:1.418|-11.850:0.000:-13.499","0.000:0.000:1.066|0.000:0.000:0.000",False,False,Moving,60.00,40.00,3.00,ForkliftInteraction,"P1:True|P2:True|P3:True|D1:True|D2:True|D3:False","H1:Rack picker: R1 staging:Transport to work bay:load=True:handoffs=0|H2:D3 receiving inspection:Transport:load=True:handoffs=0|H3:PD station operator:Transport to work bay:load=False:handoffs=0|H4:Trolley operator: PD2 transfer:Transport to work bay:load=True:handoffs=0|H5:Maintenance and replenishment:Inspect / replenish rack:load=False:handoffs=1|F1:Inbound pallet transport in east perimeter lane:Transport to work bay:load=True:handoffs=0|F2:D3 outbound pallet staging:Transport:load=True:handoffs=0"
12.1100,3,26,113,-21.6169,0.0500,-14.6945,77.4544,0.8984,9.3769,-12.3000,0.0000,-13.5000,9.3933,7,"","","8.400:0.050:1.532|-12.967:0.000:-12.670|-4.200:0.050:7.284|4.200:0.050:1.532|-8.400:0.050:8.721","0.000:0.000:0.656|0.000:0.000:0.000|0.000:0.000:0.800|0.000:0.000:0.656|0.000:0.000:0.000","20.000:0.050:1.528|-11.850:0.000:-13.499","0.000:0.000:1.066|0.000:0.000:0.000",False,False,Moving,60.00,40.00,3.00,ForkliftInteraction,"P1:True|P2:True|P3:True|D1:True|D2:True|D3:False","H1:Rack picker: R1 staging:Transport to work bay:load=True:handoffs=0|H2:D3 receiving inspection:Transport:load=True:handoffs=0|H3:PD station operator:Transport to work bay:load=False:handoffs=0|H4:Trolley operator: PD2 transfer:Transport to work bay:load=True:handoffs=0|H5:Maintenance and replenishment:Inspect / replenish rack:load=False:handoffs=1|F1:Inbound pallet transport in east perimeter lane:Transport to work bay:load=True:handoffs=0|F2:D3 outbound pallet staging:Transport:load=True:handoffs=0"
12.2156,3,26,114,-21.4913,0.0500,-14.6784,78.5501,1.8738,15.1554,-12.3000,0.0000,-13.5000,9.2667,7,"","","8.400:0.050:1.601|-12.967:0.000:-12.670|-4.200:0.050:7.368|4.200:0.050:1.601|-8.400:0.050:8.721","0.000:0.000:0.656|0.000:0.000:0.000|0.000:0.000:0.800|0.000:0.000:0.656|0.000:0.000:0.000","20.000:0.050:1.641|-11.850:0.000:-13.499","0.000:0.000:1.066|0.000:0.000:0.000",False,False,Moving,60.00,40.00,3.00,ForkliftInteraction,"P1:True|P2:True|P3:True|D1:True|D2:True|D3:False","H1:Rack picker: R1 staging:Transport to work bay:load=True:handoffs=0|H2:D3 receiving inspection:Transport:load=True:handoffs=0|H3:PD station operator:Transport to work bay:load=False:handoffs=0|H4:Trolley operator: PD2 transfer:Transport to work bay:load=True:handoffs=0|H5:Maintenance and replenishment:Inspect / replenish rack:load=False:handoffs=1|F1:Inbound pallet transport in east perimeter lane:Transport to work bay:load=True:handoffs=0|F2:D3 outbound pallet staging:Transport:load=True:handoffs=0"
12.3211,3,26,115,-21.3657,0.0500,-14.6623,79.4160,1.1279,7.2792,-12.3000,0.0000,-13.5000,9.1401,7,"","","8.400:0.050:1.670|-12.967:0.000:-12.670|-4.200:0.050:7.453|4.200:0.050:1.670|-8.400:0.050:8.721","0.000:0.000:0.656|0.000:0.000:0.000|0.000:0.000:0.800|0.000:0.000:0.656|0.000:0.000:0.000","20.000:0.050:1.753|-11.850:0.000:-13.499","0.000:0.000:1.066|0.000:0.000:0.000",False,False,Moving,60.00,40.00,3.00,ForkliftInteraction,"P1:True|P2:True|P3:True|D1:True|D2:True|D3:False","H1:Rack picker: R1 staging:Transport to work bay:load=True:handoffs=0|H2:D3 receiving inspection:Transport:load=True:handoffs=0|H3:PD station operator:Transport to work bay:load=False:handoffs=0|H4:Trolley operator: PD2 transfer:Transport to work bay:load=True:handoffs=0|H5:Maintenance and replenishment:Return for next assignment:load=False:handoffs=1|F1:Inbound pallet transport in east perimeter lane:Transport to work bay:load=True:handoffs=0|F2:D3 outbound pallet staging:Transport:load=True:handoffs=0"
12.4271,3,26,116,-21.2396,0.0500,-14.6461,80.1039,1.6023,8.2302,-12.3000,0.0000,-13.5000,9.0129,7,"","","8.400:0.050:1.740|-12.967:0.000:-12.670|-4.200:0.050:7.537|4.200:0.050:1.740|-8.400:0.050:8.721","0.000:0.000:0.656|0.000:0.000:0.000|0.000:0.000:0.800|0.000:0.000:0.656|0.000:0.000:0.000","20.000:0.050:1.866|-11.850:0.000:-13.499","0.000:0.000:1.066|0.000:0.000:0.000",False,False,Moving,60.00,40.00,3.00,ForkliftInteraction,"P1:True|P2:True|P3:True|D1:True|D2:True|D3:False","H1:Rack picker: R1 staging:Transport to work bay:load=True:handoffs=0|H2:D3 receiving inspection:Transport:load=True:handoffs=0|H3:PD station operator:Transport to work bay:load=False:handoffs=0|H4:Trolley operator: PD2 transfer:Transport to work bay:load=True:handoffs=0|H5:Maintenance and replenishment:Return for next assignment:load=False:handoffs=1|F1:Inbound pallet transport in east perimeter lane:Transport to work bay:load=True:handoffs=0|F2:D3 outbound pallet staging:Transport:load=True:handoffs=0"
12.5319,3,26,117,-21.1148,0.0500,-14.6301,80.6422,1.0425,4.1153,-12.3000,0.0000,-13.5000,8.8870,7,"","","8.400:0.050:1.809|-12.967:0.000:-12.670|-4.200:0.050:7.621|4.200:0.050:1.809|-8.400:0.050:8.721","0.000:0.000:0.656|0.000:0.000:0.000|0.000:0.000:0.800|0.000:0.000:0.656|0.000:0.000:0.000","20.000:0.050:1.978|-11.850:0.000:-13.499","0.000:0.000:1.066|0.000:0.000:0.000",False,False,Moving,60.00,40.00,3.00,ForkliftInteraction,"P1:True|P2:True|P3:True|D1:True|D2:True|D3:False","H1:Rack picker: R1 staging:Transport to work bay:load=True:handoffs=0|H2:D3 receiving inspection:Transport:load=True:handoffs=0|H3:PD station operator:Transport to work bay:load=False:handoffs=0|H4:Trolley operator: PD2 transfer:Transport to work bay:load=True:handoffs=0|H5:Maintenance and replenishment:Return for next assignment:load=False:handoffs=1|F1:Inbound pallet transport in east perimeter lane:Transport to work bay:load=True:handoffs=0|F2:D3 outbound pallet staging:Transport:load=True:handoffs=0"
12.6385,3,26,118,-20.9880,0.0500,-14.6138,81.0747,1.5036,4.7394,-12.3000,0.0000,-13.5000,8.7592,7,"","","8.400:0.050:1.878|-12.967:0.000:-12.670|-4.200:0.050:7.707|4.200:0.050:1.878|-8.400:0.050:8.721","0.000:0.000:0.656|0.000:0.000:0.000|0.000:0.000:0.800|0.000:0.000:0.656|0.000:0.000:0.000","20.000:0.050:2.092|-11.850:0.000:-13.499","0.000:0.000:1.066|0.000:0.000:0.000",False,False,Moving,60.00,40.00,3.00,ForkliftInteraction,"P1:True|P2:True|P3:True|D1:True|D2:True|D3:False","H1:Rack picker: R1 staging:Transport to work bay:load=True:handoffs=0|H2:D3 receiving inspection:Transport:load=True:handoffs=0|H3:PD station operator:Transport to work bay:load=False:handoffs=0|H4:Trolley operator: PD2 transfer:Transport to work bay:load=True:handoffs=0|H5:Maintenance and replenishment:Return for next assignment:load=False:handoffs=1|F1:Inbound pallet transport in east perimeter lane:Transport to work bay:load=True:handoffs=0|F2:D3 outbound pallet staging:Transport:load=True:handoffs=0"
12.7440,3,26,119,-20.8624,0.0500,-14.5977,81.4132,1.4796,3.7403,-12.3000,0.0000,-13.5000,8.6326,7,"","","8.400:0.050:1.948|-12.967:0.000:-12.670|-4.200:0.050:7.791|4.200:0.050:1.948|-8.400:0.050:8.721","0.000:0.000:0.656|0.000:0.000:0.000|0.000:0.000:0.800|0.000:0.000:0.656|0.000:0.000:0.000","20.000:0.050:2.204|-11.850:0.000:-13.499","0.000:0.000:1.066|0.000:0.000:0.000",False,False,Moving,60.00,40.00,3.00,ForkliftInteraction,"P1:True|P2:True|P3:True|D1:True|D2:True|D3:False","H1:Rack picker: R1 staging:Transport to work bay:load=True:handoffs=0|H2:D3 receiving inspection:Transport:load=True:handoffs=0|H3:PD station operator:Transport to work bay:load=False:handoffs=0|H4:Trolley operator: PD2 transfer:Transport to work bay:load=True:handoffs=0|H5:Maintenance and replenishment:Return for next assignment:load=False:handoffs=1|F1:Inbound pallet transport in east perimeter lane:Transport to work bay:load=True:handoffs=0|F2:D3 outbound pallet staging:Transport:load=True:handoffs=0"
12.8502,3,26,120,-20.7359,0.0500,-14.5815,81.6825,0.9996,2.0248,-12.3000,0.0000,-13.5000,8.5051,7,"","","8.400:0.050:2.017|-12.967:0.000:-12.670|-4.200:0.050:7.876|4.200:0.050:2.017|-8.400:0.050:8.721","0.000:0.000:0.656|0.000:0.000:0.000|0.000:0.000:0.800|0.000:0.000:0.656|0.000:0.000:0.000","20.000:0.050:2.318|-11.850:0.000:-13.499","0.000:0.000:1.066|0.000:0.000:0.000",False,False,Moving,60.00,40.00,3.00,ForkliftInteraction,"P1:True|P2:True|P3:True|D1:True|D2:True|D3:False","H1:Rack picker: R1 staging:Transport to work bay:load=True:handoffs=0|H2:D3 receiving inspection:Transport:load=True:handoffs=0|H3:PD station operator:Transport to work bay:load=False:handoffs=0|H4:Trolley operator: PD2 transfer:Transport to work bay:load=True:handoffs=0|H5:Maintenance and replenishment:Return for next assignment:load=False:handoffs=1|F1:Inbound pallet transport in east perimeter lane:Transport to work bay:load=True:handoffs=0|F2:D3 outbound pallet staging:Transport:load=True:handoffs=0"
12.9574,3,26,121,-20.6084,0.0500,-14.5652,81.8968,1.4344,2.2118,-12.3000,0.0000,-13.5000,8.3765,7,"","","8.400:0.050:2.088|-12.967:0.000:-12.670|-4.200:0.050:7.962|4.200:0.050:2.088|-8.400:0.050:8.721","0.000:0.000:0.656|0.000:0.000:0.000|0.000:0.000:0.800|0.000:0.000:0.656|0.000:0.000:0.000","20.000:0.050:2.432|-11.850:0.000:-13.499","0.000:0.000:1.066|0.000:0.000:0.000",False,False,Moving,60.00,40.00,3.00,ForkliftInteraction,"P1:True|P2:True|P3:True|D1:True|D2:True|D3:False","H1:Rack picker: R1 staging:Transport to work bay:load=True:handoffs=0|H2:D3 receiving inspection:Transport:load=True:handoffs=0|H3:PD station operator:Transport to work bay:load=False:handoffs=0|H4:Trolley operator: PD2 transfer:Transport to work bay:load=True:handoffs=0|H5:Maintenance and replenishment:Return for next assignment:load=False:handoffs=1|F1:Inbound pallet transport in east perimeter lane:Transport to work bay:load=True:handoffs=0|F2:D3 outbound pallet staging:Transport:load=True:handoffs=0"
13.0592,3,26,122,-20.4871,0.0500,-14.5496,82.0582,0.9668,1.1997,-12.3000,0.0000,-13.5000,8.2543,7,"","","8.400:0.050:2.154|-12.967:0.000:-12.670|-4.200:0.050:8.043|4.200:0.050:2.154|-8.397:0.050:8.719","0.000:0.000:0.656|0.000:0.000:0.000|0.000:0.000:0.800|0.000:0.000:0.656|0.061:0.000:-0.041","20.000:0.050:2.540|-11.850:0.000:-13.499","0.000:0.000:1.066|0.000:0.000:0.000",False,False,Moving,60.00,40.00,3.00,ForkliftInteraction,"P1:True|P2:True|P3:True|D1:True|D2:True|D3:False","H1:Rack picker: R1 staging:Transport to work bay:load=True:handoffs=0|H2:D3 receiving inspection:Transport:load=True:handoffs=0|H3:PD station operator:Transport to work bay:load=False:handoffs=0|H4:Trolley operator: PD2 transfer:Transport to work bay:load=True:handoffs=0|H5:Maintenance and replenishment:Return for next assignment:load=False:handoffs=1|F1:Inbound pallet transport in east perimeter lane:Transport to work bay:load=True:handoffs=0|F2:D3 outbound pallet staging:Transport:load=True:handoffs=0"
13.1655,3,26,123,-20.3607,0.0500,-14.5334,82.1918,1.4111,1.3950,-12.3000,0.0000,-13.5000,8.1268,7,"","","8.400:0.050:2.224|-12.967:0.000:-12.670|-4.200:0.050:8.128|4.200:0.050:2.224|-8.388:0.050:8.710","0.000:0.000:0.656|0.000:0.000:0.000|0.000:0.000:0.800|0.000:0.000:0.656|0.100:0.000:-0.123","20.000:0.050:2.654|-11.850:0.000:-13.499","0.000:0.000:1.066|0.000:0.000:0.000",False,False,Moving,60.00,40.00,3.00,ForkliftInteraction,"P1:True|P2:True|P3:True|D1:True|D2:True|D3:False","H1:Rack picker: R1 staging:Transport to work bay:load=True:handoffs=0|H2:D3 receiving inspection:Transport:load=True:handoffs=0|H3:PD station operator:Transport to work bay:load=False:handoffs=0|H4:Trolley operator: PD2 transfer:Transport to work bay:load=True:handoffs=0|H5:Maintenance and replenishment:Return for next assignment:load=False:handoffs=1|F1:Inbound pallet transport in east perimeter lane:Transport to work bay:load=True:handoffs=0|F2:D3 outbound pallet staging:Transport:load=True:handoffs=0"
13.2690,3,26,124,-20.2374,0.0500,-14.5176,82.2951,0.9532,0.7545,-12.3000,0.0000,-13.5000,8.0025,7,"","","8.400:0.050:2.292|-12.967:0.000:-12.670|-4.200:0.050:8.211|4.200:0.050:2.292|-8.377:0.050:8.692","0.000:0.000:0.656|0.000:0.000:0.000|0.000:0.000:0.800|0.000:0.000:0.656|0.093:0.000:-0.223","20.000:0.050:2.764|-11.850:0.000:-13.499","0.000:0.000:1.066|0.000:0.000:0.000",False,False,Moving,60.00,40.00,3.00,ForkliftInteraction,"P1:True|P2:True|P3:True|D1:True|D2:True|D3:False","H1:Rack picker: R1 staging:Transport to work bay:load=True:handoffs=0|H2:D3 receiving inspection:Transport:load=True:handoffs=0|H3:PD station operator:Transport to work bay:load=False:handoffs=0|H4:Trolley operator: PD2 transfer:Transport to work bay:load=True:handoffs=0|H5:Maintenance and replenishment:Return for next assignment:load=False:handoffs=1|F1:Inbound pallet transport in east perimeter lane:Transport to work bay:load=True:handoffs=0|F2:D3 outbound pallet staging:Transport:load=True:handoffs=0"
13.3779,3,26,125,-20.1079,0.0500,-14.5010,82.3808,1.4836,0.9033,-12.3000,0.0000,-13.5000,7.8719,7,"","","8.400:0.050:2.364|-12.967:0.000:-12.670|-4.200:0.050:8.298|4.200:0.050:2.364|-8.371:0.050:8.662","0.000:0.000:0.656|0.000:0.000:0.000|0.000:0.000:0.800|0.000:0.000:0.656|0.030:0.000:-0.327","20.000:0.050:2.880|-11.850:0.000:-13.499","0.000:0.000:1.066|0.000:0.000:0.000",False,False,Moving,60.00,40.00,3.00,ForkliftInteraction,"P1:True|P2:True|P3:True|D1:True|D2:True|D3:False","H1:Rack picker: R1 staging:Transport to work bay:load=True:handoffs=0|H2:D3 receiving inspection:Transport:load=True:handoffs=0|H3:PD station operator:Transport to work bay:load=False:handoffs=0|H4:Trolley operator: PD2 transfer:Transport to work bay:load=True:handoffs=0|H5:Maintenance and replenishment:Return for next assignment:load=False:handoffs=1|F1:Inbound pallet transport in east perimeter lane:Transport to work bay:load=True:handoffs=0|F2:D3 outbound pallet staging:Transport:load=True:handoffs=0"
13.4872,3,26,126,-19.9778,0.0500,-14.4843,82.4484,1.4227,0.6912,-12.3000,0.0000,-13.5000,7.7408,7,"","","8.400:0.050:2.435|-12.967:0.000:-12.670|-4.200:0.050:8.386|4.200:0.050:2.435|-8.370:0.050:8.621","0.000:0.000:0.656|0.000:0.000:0.000|0.000:0.000:0.800|0.000:0.000:0.656|-0.003:0.000:-0.416","20.000:0.050:2.997|-11.850:0.000:-13.499","0.000:0.000:1.066|0.000:0.000:0.000",False,False,Moving,60.00,40.00,3.00,ForkliftInteraction,"P1:True|P2:True|P3:True|D1:True|D2:True|D3:False","H1:Rack picker: R1 staging:Transport to work bay:load=True:handoffs=0|H2:D3 receiving inspection:Transport:load=True:handoffs=0|H3:PD station operator:Transport to work bay:load=False:handoffs=0|H4:Trolley operator: PD2 transfer:Transport to work bay:load=True:handoffs=0|H5:Maintenance and replenishment:Return for next assignment:load=False:handoffs=1|F1:Inbound pallet transport in east perimeter lane:Transport to work bay:load=True:handoffs=0|F2:D3 outbound pallet staging:Transport:load=True:handoffs=0"
13.5916,3,26,127,-19.8535,0.0500,-14.4684,82.4993,1.1579,0.4364,-12.3000,0.0000,-13.5000,7.6155,7,"","","8.400:0.050:2.504|-12.967:0.000:-12.670|-4.200:0.050:8.469|4.200:0.050:2.504|-8.371:0.050:8.573","0.000:0.000:0.656|0.000:0.000:0.000|0.000:0.000:0.800|0.000:0.000:0.656|-0.004:0.000:-0.499","20.000:0.050:3.108|-11.850:0.000:-13.499","0.000:0.000:1.066|0.000:0.000:0.000",False,False,Moving,60.00,40.00,3.00,ForkliftInteraction,"P1:True|P2:True|P3:True|D1:True|D2:True|D3:False","H1:Rack picker: R1 staging:Transport to work bay:load=True:handoffs=0|H2:D3 receiving inspection:Transport:load=True:handoffs=0|H3:PD station operator:Transport to work bay:load=False:handoffs=0|H4:Trolley operator: PD2 transfer:Transport to work bay:load=True:handoffs=0|H5:Maintenance and replenishment:Return for next assignment:load=False:handoffs=1|F1:Inbound pallet transport in east perimeter lane:Transport to work bay:load=True:handoffs=0|F2:D3 outbound pallet staging:Transport:load=True:handoffs=0"
13.6982,3,26,128,-19.7266,0.0500,-14.4521,82.5404,1.6317,0.4890,-12.3000,0.0000,-13.5000,7.4876,7,"","","8.400:0.050:2.574|-12.967:0.000:-12.670|-4.200:0.050:8.554|4.200:0.050:2.574|-8.371:0.050:8.514","0.000:0.000:0.656|0.000:0.000:0.000|0.000:0.000:0.800|0.000:0.000:0.656|-0.004:0.000:-0.584","20.000:0.050:3.221|-11.850:0.000:-13.499","0.000:0.000:1.066|0.000:0.000:0.000",False,False,Moving,60.00,40.00,3.00,ForkliftInteraction,"P1:True|P2:True|P3:True|D1:True|D2:True|D3:False","H1:Rack picker: R1 staging:Transport to work bay:load=True:handoffs=0|H2:D3 receiving inspection:Transport:load=True:handoffs=0|H3:PD station operator:Transport to work bay:load=False:handoffs=0|H4:Trolley operator: PD2 transfer:Transport to work bay:load=True:handoffs=0|H5:Maintenance and replenishment:Return for next assignment:load=False:handoffs=1|F1:Inbound pallet transport in east perimeter lane:Transport to work bay:load=True:handoffs=0|F2:D3 outbound pallet staging:Transport:load=True:handoffs=0"
13.8011,3,26,129,-19.6041,0.0500,-14.4364,82.5719,0.9640,0.2308,-12.3000,0.0000,-13.5000,7.3640,7,"","","8.400:0.050:2.641|-12.967:0.000:-12.670|-4.200:0.050:8.637|4.200:0.050:2.641|-8.372:0.050:8.450","0.000:0.000:0.656|0.000:0.000:0.000|0.000:0.000:0.800|0.000:0.000:0.656|-0.005:0.000:-0.667","20.000:0.050:3.331|-11.850:0.000:-13.499","0.000:0.000:1.066|0.000:0.000:0.000",False,False,Moving,60.00,40.00,3.00,ForkliftInteraction,"P1:True|P2:True|P3:True|D1:True|D2:True|D3:False","H1:Rack picker: R1 staging:Transport to work bay:load=True:handoffs=0|H2:D3 receiving inspection:Transport:load=True:handoffs=0|H3:PD station operator:Transport to work bay:load=False:handoffs=0|H4:Trolley operator: PD2 transfer:Transport to work bay:load=True:handoffs=0|H5:Maintenance and replenishment:Return for next assignment:load=False:handoffs=1|F1:Inbound pallet transport in east perimeter lane:Transport to work bay:load=True:handoffs=0|F2:D3 outbound pallet staging:Transport:load=True:handoffs=0"
13.9055,3,26,130,-19.4798,0.0500,-14.4205,82.5972,1.1177,0.2132,-12.3000,0.0000,-13.5000,7.2388,7,"","","8.400:0.050:2.710|-12.967:0.000:-12.670|-4.200:0.050:8.720|4.200:0.050:2.710|-8.372:0.050:8.375","0.000:0.000:0.656|0.000:0.000:0.000|0.000:0.000:0.800|0.000:0.000:0.656|-0.005:0.000:-0.750","20.000:0.050:3.442|-11.850:0.000:-13.499","0.000:0.000:1.066|0.000:0.000:0.000",False,False,Moving,60.00,40.00,3.00,ForkliftInteraction,"P1:True|P2:True|P3:True|D1:True|D2:True|D3:False","H1:Rack picker: R1 staging:Transport to work bay:load=True:handoffs=0|H2:D3 receiving inspection:Transport:load=True:handoffs=0|H3:PD station operator:Transport to work bay:load=False:handoffs=0|H4:Trolley operator: PD2 transfer:Transport to work bay:load=True:handoffs=0|H5:Maintenance and replenishment:Return for next assignment:load=False:handoffs=1|F1:Inbound pallet transport in east perimeter lane:Transport to work bay:load=True:handoffs=0|F2:D3 outbound pallet staging:Transport:load=True:handoffs=0"
14.0088,3,26,131,-19.3569,0.0500,-14.4047,82.6171,0.9347,0.1431,-12.3000,0.0000,-13.5000,7.1149,7,"","","8.400:0.050:2.777|-12.967:0.000:-12.670|-4.200:0.050:8.720|4.200:0.050:2.777|-8.373:0.050:8.294","0.000:0.000:0.656|0.000:0.000:0.000|0.000:0.000:0.000|0.000:0.000:0.656|-0.006:0.000:-0.800","20.000:0.050:3.553|-11.850:0.000:-13.499","0.000:0.000:1.066|0.000:0.000:0.000",False,False,Moving,60.00,40.00,3.00,ForkliftInteraction,"P1:True|P2:True|P3:True|D1:True|D2:True|D3:False","H1:Rack picker: R1 staging:Transport to work bay:load=True:handoffs=0|H2:D3 receiving inspection:Transport:load=True:handoffs=0|H3:PD station operator:Scan / verify station order:load=False:handoffs=1|H4:Trolley operator: PD2 transfer:Transport to work bay:load=True:handoffs=0|H5:Maintenance and replenishment:Return for next assignment:load=False:handoffs=1|F1:Inbound pallet transport in east perimeter lane:Transport to work bay:load=True:handoffs=0|F2:D3 outbound pallet staging:Transport:load=True:handoffs=0"
14.1127,3,26,132,-19.2332,0.0500,-14.3889,82.6330,0.9997,0.1175,-12.3000,0.0000,-13.5000,6.9902,7,"","","8.400:0.050:2.846|-12.967:0.000:-12.670|-4.200:0.050:8.720|4.200:0.050:2.846|-8.373:0.050:8.211","0.000:0.000:0.656|0.000:0.000:0.000|0.000:0.000:0.000|0.000:0.000:0.656|-0.006:0.000:-0.800","20.000:0.050:3.663|-11.850:0.000:-13.499","0.000:0.000:1.066|0.000:0.000:0.000",False,False,Moving,60.00,40.00,3.00,ForkliftInteraction,"P1:True|P2:True|P3:True|D1:True|D2:True|D3:False","H1:Rack picker: R1 staging:Transport to work bay:load=True:handoffs=0|H2:D3 receiving inspection:Transport:load=True:handoffs=0|H3:PD station operator:Scan / verify station order:load=False:handoffs=1|H4:Trolley operator: PD2 transfer:Transport to work bay:load=True:handoffs=0|H5:Maintenance and replenishment:Return for next assignment:load=False:handoffs=1|F1:Inbound pallet transport in east perimeter lane:Transport to work bay:load=True:handoffs=0|F2:D3 outbound pallet staging:Transport:load=True:handoffs=0"
14.2153,3,26,133,-19.1111,0.0500,-14.3732,82.6455,1.0945,0.1034,-12.3000,0.0000,-13.5000,6.8670,7,"","","8.400:0.050:2.913|-12.967:0.000:-12.670|-4.200:0.050:8.720|4.200:0.050:2.913|-8.374:0.050:8.129","0.000:0.000:0.656|0.000:0.000:0.000|0.000:0.000:0.000|0.000:0.000:0.656|-0.006:0.000:-0.800","20.000:0.050:3.773|-11.850:0.000:-13.499","0.000:0.000:1.066|0.000:0.000:0.000",False,False,Moving,60.00,40.00,3.00,ForkliftInteraction,"P1:True|P2:True|P3:True|D1:True|D2:True|D3:False","H1:Rack picker: R1 staging:Transport to work bay:load=True:handoffs=0|H2:D3 receiving inspection:Transport:load=True:handoffs=0|H3:PD station operator:Scan / verify station order:load=False:handoffs=1|H4:Trolley operator: PD2 transfer:Transport to work bay:load=True:handoffs=0|H5:Maintenance and replenishment:Return for next assignment:load=False:handoffs=1|F1:Inbound pallet transport in east perimeter lane:Transport to work bay:load=True:handoffs=0|F2:D3 outbound pallet staging:Transport:load=True:handoffs=0"
14.3221,3,26,134,-18.9840,0.0500,-14.3569,82.6558,1.1994,0.0908,-12.3000,0.0000,-13.5000,6.7389,7,"","","8.400:0.050:2.983|-12.967:0.000:-12.670|-4.200:0.050:8.720|4.200:0.050:2.983|-8.375:0.050:8.043","0.000:0.000:0.656|0.000:0.000:0.000|0.000:0.000:0.000|0.000:0.000:0.656|-0.006:0.000:-0.800","20.000:0.050:3.887|-11.850:0.000:-13.499","0.000:0.000:1.066|0.000:0.000:0.000",False,False,Moving,60.00,40.00,3.00,ForkliftInteraction,"P1:True|P2:True|P3:True|D1:True|D2:True|D3:False","H1:Rack picker: R1 staging:Transport to work bay:load=True:handoffs=0|H2:D3 receiving inspection:Transport:load=True:handoffs=0|H3:PD station operator:Scan / verify station order:load=False:handoffs=1|H4:Trolley operator: PD2 transfer:Transport to work bay:load=True:handoffs=0|H5:Maintenance and replenishment:Return for next assignment:load=False:handoffs=1|F1:Inbound pallet transport in east perimeter lane:Transport to work bay:load=True:handoffs=0|F2:D3 outbound pallet staging:Transport:load=True:handoffs=0"
14.4269,3,26,135,-18.8593,0.0500,-14.3409,82.6638,1.0673,0.0641,-12.3000,0.0000,-13.5000,6.6131,7,"","","8.400:0.050:3.052|-12.967:0.000:-12.670|-4.200:0.050:8.720|4.200:0.050:3.052|-8.375:0.050:7.960","0.000:0.000:0.656|0.000:0.000:0.000|0.000:0.000:0.000|0.000:0.000:0.656|-0.006:0.000:-0.800","20.000:0.050:3.998|-11.850:0.000:-13.499","0.000:0.000:1.066|0.000:0.000:0.000",False,False,Moving,60.00,40.00,3.00,ForkliftInteraction,"P1:True|P2:True|P3:True|D1:True|D2:True|D3:False","H1:Rack picker: R1 staging:Transport to work bay:load=True:handoffs=0|H2:D3 receiving inspection:Transport:load=True:handoffs=0|H3:PD station operator:Scan / verify station order:load=False:handoffs=1|H4:Trolley operator: PD2 transfer:Transport to work bay:load=True:handoffs=0|H5:Maintenance and replenishment:Return for next assignment:load=False:handoffs=1|F1:Inbound pallet transport in east perimeter lane:Transport to work bay:load=True:handoffs=0|F2:D3 outbound pallet staging:Transport:load=True:handoffs=0"
14.5335,3,26,136,-18.7324,0.0500,-14.3247,82.6702,1.1449,0.0538,-12.3000,0.0000,-13.5000,6.4852,7,"","","8.400:0.050:3.122|-12.967:0.000:-12.670|-4.200:0.050:8.720|4.200:0.050:3.122|-8.376:0.050:7.874","0.000:0.000:0.656|0.000:0.000:0.000|0.000:0.000:0.000|0.000:0.000:0.656|-0.006:0.000:-0.800","20.000:0.050:4.112|-11.850:0.000:-13.499","0.000:0.000:1.066|0.000:0.000:0.000",False,False,Moving,60.00,40.00,3.00,ForkliftInteraction,"P1:True|P2:True|P3:True|D1:True|D2:True|D3:False","H1:Rack picker: R1 staging:Transport to work bay:load=True:handoffs=0|H2:D3 receiving inspection:Transport:load=True:handoffs=0|H3:PD station operator:Scan / verify station order:load=False:handoffs=1|H4:Trolley operator: PD2 transfer:Transport to work bay:load=True:handoffs=0|H5:Maintenance and replenishment:Return for next assignment:load=False:handoffs=1|F1:Inbound pallet transport in east perimeter lane:Transport to work bay:load=True:handoffs=0|F2:D3 outbound pallet staging:Transport:load=True:handoffs=0"
14.6338,3,26,137,-18.6130,0.0500,-14.3094,82.6751,1.1386,0.0427,-12.3000,0.0000,-13.5000,6.3649,7,"","","8.400:0.050:3.187|-12.967:0.000:-12.670|-4.200:0.050:8.720|4.200:0.050:3.187|-8.376:0.050:7.794","0.000:0.000:0.656|0.000:0.000:0.000|0.000:0.000:0.000|0.000:0.000:0.656|-0.006:0.000:-0.800","20.000:0.050:4.219|-11.850:0.000:-13.499","0.000:0.000:1.066|0.000:0.000:0.000",False,False,Moving,60.00,40.00,3.00,ForkliftInteraction,"P1:True|P2:True|P3:True|D1:True|D2:True|D3:False","H1:Rack picker: R1 staging:Transport to work bay:load=True:handoffs=0|H2:D3 receiving inspection:Transport:load=True:handoffs=0|H3:PD station operator:Scan / verify station order:load=False:handoffs=1|H4:Trolley operator: PD2 transfer:Transport to work bay:load=True:handoffs=0|H5:Maintenance and replenishment:Return for next assignment:load=False:handoffs=1|F1:Inbound pallet transport in east perimeter lane:Transport to work bay:load=True:handoffs=0|F2:D3 outbound pallet staging:Transport:load=True:handoffs=0"
14.7345,3,26,138,-18.4932,0.0500,-14.2940,82.6789,1.2258,0.0370,-12.3000,0.0000,-13.5000,6.2441,7,"","","8.400:0.050:3.253|-12.967:0.000:-12.670|-4.200:0.050:8.720|4.200:0.050:3.253|-8.377:0.050:7.714","0.000:0.000:0.656|0.000:0.000:0.000|0.000:0.000:0.000|0.000:0.000:0.656|-0.006:0.000:-0.800","20.000:0.050:4.326|-11.850:0.000:-13.499","0.000:0.000:1.066|0.000:0.000:0.000",False,False,Moving,60.00,40.00,3.00,ForkliftInteraction,"P1:True|P2:True|P3:True|D1:True|D2:True|D3:False","H1:Rack picker: R1 staging:Transport to work bay:load=True:handoffs=0|H2:D3 receiving inspection:Transport:load=True:handoffs=0|H3:PD station operator:Scan / verify station order:load=False:handoffs=1|H4:Trolley operator: PD2 transfer:Transport to work bay:load=True:handoffs=0|H5:Maintenance and replenishment:Return for next assignment:load=False:handoffs=1|F1:Inbound pallet transport in east perimeter lane:Transport to work bay:load=True:handoffs=0|F2:D3 outbound pallet staging:Transport:load=True:handoffs=0"
14.8390,3,26,139,-18.3687,0.0500,-14.2780,82.6821,1.5441,0.0366,-12.3000,0.0000,-13.5000,6.1186,7,"","","8.400:0.050:3.322|-12.967:0.000:-12.670|-4.200:0.050:8.720|4.200:0.050:3.322|-8.377:0.050:7.630","0.000:0.000:0.656|0.000:0.000:0.000|0.000:0.000:0.000|0.000:0.000:0.656|-0.006:0.000:-0.800","20.000:0.050:4.438|-11.850:0.000:-13.499","0.000:0.000:1.066|0.000:0.000:0.000",False,False,Moving,60.00,40.00,3.00,ForkliftInteraction,"P1:True|P2:True|P3:True|D1:True|D2:True|D3:False","H1:Rack picker: R1 staging:Transport to work bay:load=True:handoffs=0|H2:D3 receiving inspection:Transport:load=True:handoffs=0|H3:PD station operator:Scan / verify station order:load=False:handoffs=1|H4:Trolley operator: PD2 transfer:Transport to work bay:load=True:handoffs=0|H5:Maintenance and replenishment:Return for next assignment:load=False:handoffs=1|F1:Inbound pallet transport in east perimeter lane:Transport to work bay:load=True:handoffs=0|F2:D3 outbound pallet staging:Transport:load=True:handoffs=0"
14.9425,3,26,140,-18.2455,0.0500,-14.2623,82.6846,1.0284,0.0198,-12.3000,0.0000,-13.5000,5.9944,7,"","","8.400:0.050:3.390|-12.967:0.000:-12.670|-4.200:0.050:8.720|4.200:0.050:3.390|-8.378:0.050:7.547","0.000:0.000:0.656|0.000:0.000:0.000|0.000:0.000:0.000|0.000:0.000:0.656|-0.006:0.000:-0.800","20.000:0.050:4.548|-11.850:0.000:-13.499","0.000:0.000:1.066|0.000:0.000:0.000",False,False,Moving,60.00,40.00,3.00,ForkliftInteraction,"P1:True|P2:True|P3:True|D1:True|D2:True|D3:False","H1:Rack picker: R1 staging:Transport to work bay:load=True:handoffs=0|H2:D3 receiving inspection:Transport:load=True:handoffs=0|H3:PD station operator:Scan / verify station order:load=False:handoffs=1|H4:Trolley operator: PD2 transfer:Transport to work bay:load=True:handoffs=0|H5:Maintenance and replenishment:Return for next assignment:load=False:handoffs=1|F1:Inbound pallet transport in east perimeter lane:Transport to work bay:load=True:handoffs=0|F2:D3 outbound pallet staging:Transport:load=True:handoffs=0"
15.0487,3,26,141,-18.1192,0.0500,-14.2461,82.6866,1.1234,0.0172,-12.3000,0.0000,-13.5000,5.8670,7,"","","8.400:0.050:3.460|-12.967:0.000:-12.670|-4.200:0.050:8.720|4.200:0.050:3.460|-8.379:0.050:7.462","0.000:0.000:0.656|0.000:0.000:0.000|0.000:0.000:0.000|0.000:0.000:0.656|-0.006:0.000:-0.800","20.000:0.050:4.661|-11.850:0.000:-13.499","0.000:0.000:1.066|0.000:0.000:0.000",False,False,Moving,60.00,40.00,3.00,ForkliftInteraction,"P1:True|P2:True|P3:True|D1:True|D2:True|D3:False","H1:Rack picker: R1 staging:Transport to work bay:load=True:handoffs=0|H2:D3 receiving inspection:Transport:load=True:handoffs=0|H3:PD station operator:Scan / verify station order:load=False:handoffs=1|H4:Trolley operator: PD2 transfer:Transport to work bay:load=True:handoffs=0|H5:Maintenance and replenishment:Return for next assignment:load=False:handoffs=1|F1:Inbound pallet transport in east perimeter lane:Transport to work bay:load=True:handoffs=0|F2:D3 outbound pallet staging:Transport:load=True:handoffs=0"
15.1543,3,26,142,-17.9934,0.0500,-14.2299,82.6882,1.0490,0.0126,-12.3000,0.0000,-13.5000,5.7402,7,"","","8.400:0.050:3.529|-12.967:0.000:-12.670|-4.200:0.050:8.720|4.200:0.050:3.529|-8.379:0.050:7.378","0.000:0.000:0.656|0.000:0.000:0.000|0.000:0.000:0.000|0.000:0.000:0.656|-0.006:0.000:-0.800","20.000:0.050:4.774|-11.850:0.000:-13.499","0.000:0.000:1.066|0.000:0.000:0.000",False,False,Moving,60.00,40.00,3.00,ForkliftInteraction,"P1:True|P2:True|P3:True|D1:True|D2:True|D3:False","H1:Rack picker: R1 staging:Transport to work bay:load=True:handoffs=0|H2:D3 receiving inspection:Transport:load=True:handoffs=0|H3:PD station operator:Scan / verify station order:load=False:handoffs=1|H4:Trolley operator: PD2 transfer:Transport to work bay:load=True:handoffs=0|H5:Maintenance and replenishment:Return for next assignment:load=False:handoffs=1|F1:Inbound pallet transport in east perimeter lane:Transport to work bay:load=True:handoffs=0|F2:D3 outbound pallet staging:Transport:load=True:handoffs=0"
15.2654,3,26,143,-17.8612,0.0500,-14.2130,82.6896,1.5586,0.0145,-12.3000,0.0000,-13.5000,5.6069,7,"","","8.400:0.050:3.602|-12.967:0.000:-12.670|-4.200:0.050:8.720|4.200:0.050:3.602|-8.380:0.050:7.289","0.000:0.000:0.656|0.000:0.000:0.000|0.000:0.000:0.000|0.000:0.000:0.656|-0.006:0.000:-0.800","20.000:0.050:4.892|-11.850:0.000:-13.499","0.000:0.000:1.066|0.000:0.000:0.000",False,False,Moving,60.00,40.00,3.00,ForkliftInteraction,"P1:True|P2:True|P3:True|D1:True|D2:True|D3:False","H1:Rack picker: R1 staging:Transport to work bay:load=True:handoffs=0|H2:D3 receiving inspection:Transport:load=True:handoffs=0|H3:PD station operator:Scan / verify station order:load=False:handoffs=1|H4:Trolley operator: PD2 transfer:Transport to work bay:load=True:handoffs=0|H5:Maintenance and replenishment:Return for next assignment:load=False:handoffs=1|F1:Inbound pallet transport in east perimeter lane:Transport to work bay:load=True:handoffs=0|F2:D3 outbound pallet staging:Transport:load=True:handoffs=0"
15.3734,3,26,144,-17.7327,0.0500,-14.1965,82.6906,1.0415,0.0076,-12.3000,0.0000,-13.5000,5.4774,7,"","","8.400:0.050:3.673|-12.967:0.000:-12.670|-4.200:0.050:8.720|4.200:0.050:3.673|-8.381:0.050:7.202","0.000:0.000:0.656|0.000:0.000:0.000|0.000:0.000:0.000|0.000:0.000:0.656|-0.006:0.000:-0.800","20.000:0.050:5.007|-11.850:0.000:-13.499","0.000:0.000:1.066|0.000:0.000:0.000",False,False,Moving,60.00,40.00,3.00,ForkliftInteraction,"P1:True|P2:True|P3:True|D1:True|D2:True|D3:False","H1:Rack picker: R1 staging:Transport to work bay:load=True:handoffs=0|H2:D3 receiving inspection:Transport:load=True:handoffs=0|H3:PD station operator:Scan / verify station order:load=False:handoffs=1|H4:Trolley operator: PD2 transfer:Transport to work bay:load=True:handoffs=0|H5:Maintenance and replenishment:Return for next assignment:load=False:handoffs=1|F1:Inbound pallet transport in east perimeter lane:Transport to work bay:load=True:handoffs=0|F2:D3 outbound pallet staging:Transport:load=True:handoffs=0"
15.4770,3,26,145,-17.6093,0.0500,-14.1807,82.6913,1.5708,0.0084,-12.3000,0.0000,-13.5000,5.3530,7,"","","8.400:0.050:3.741|-12.967:0.000:-12.670|-4.200:0.050:8.720|4.200:0.050:3.741|-8.381:0.050:7.120","0.000:0.000:0.656|0.000:0.000:0.000|0.000:0.000:0.000|0.000:0.000:0.656|-0.006:0.000:-0.800","20.000:0.050:5.118|-11.850:0.000:-13.499","0.000:0.000:1.066|0.000:0.000:0.000",False,False,Moving,60.00,40.00,3.00,ForkliftInteraction,"P1:True|P2:True|P3:True|D1:True|D2:True|D3:False","H1:Rack picker: R1 staging:Transport to work bay:load=True:handoffs=0|H2:D3 receiving inspection:Transport:load=True:handoffs=0|H3:PD station operator:Scan / verify station order:load=False:handoffs=1|H4:Trolley operator: PD2 transfer:Transport to work bay:load=True:handoffs=0|H5:Maintenance and replenishment:Return for next assignment:load=False:handoffs=1|F1:Inbound pallet transport in east perimeter lane:Transport to work bay:load=True:handoffs=0|F2:D3 outbound pallet staging:Transport:load=True:handoffs=0"
15.5819,3,26,146,-17.4845,0.0500,-14.1647,82.6919,0.9982,0.0046,-12.3000,0.0000,-13.5000,5.2272,7,"","","8.400:0.050:3.809|-12.967:0.000:-12.670|-4.200:0.050:8.720|4.200:0.050:3.809|-8.382:0.050:7.036","0.000:0.000:0.656|0.000:0.000:0.000|0.000:0.000:0.000|0.000:0.000:0.656|-0.006:0.000:-0.800","20.000:0.050:5.230|-11.850:0.000:-13.499","0.000:0.000:1.066|0.000:0.000:0.000",False,False,Moving,60.00,40.00,3.00,ForkliftInteraction,"P1:True|P2:True|P3:True|D1:True|D2:True|D3:False","H1:Rack picker: R1 staging:Transport to work bay:load=True:handoffs=0|H2:D3 receiving inspection:Transport:load=True:handoffs=0|H3:PD station operator:Scan / verify station order:load=False:handoffs=1|H4:Trolley operator: PD2 transfer:Transport to work bay:load=True:handoffs=0|H5:Maintenance and replenishment:Return for next assignment:load=False:handoffs=1|F1:Inbound pallet transport in east perimeter lane:Transport to work bay:load=True:handoffs=0|F2:D3 outbound pallet staging:Transport:load=True:handoffs=0"
15.6829,3,26,147,-17.3643,0.0500,-14.1493,82.6924,1.1490,0.0046,-12.3000,0.0000,-13.5000,5.1060,7,"","","8.400:0.050:3.876|-12.967:0.000:-12.670|-4.200:0.050:8.720|4.200:0.050:3.876|-8.382:0.050:6.955","0.000:0.000:0.656|0.000:0.000:0.000|0.000:0.000:0.000|0.000:0.000:0.656|-0.006:0.000:-0.800","20.000:0.050:5.337|-11.850:0.000:-13.499","0.000:0.000:1.066|0.000:0.000:0.000",False,False,Moving,60.00,40.00,3.00,ForkliftInteraction,"P1:True|P2:True|P3:True|D1:True|D2:True|D3:False","H1:Rack picker: R1 staging:Transport to work bay:load=True:handoffs=0|H2:D3 receiving inspection:Transport:load=True:handoffs=0|H3:PD station operator:Scan / verify station order:load=False:handoffs=1|H4:Trolley operator: PD2 transfer:Transport to work bay:load=True:handoffs=0|H5:Maintenance and replenishment:Return for next assignment:load=False:handoffs=1|F1:Inbound pallet transport in east perimeter lane:Transport to work bay:load=True:handoffs=0|F2:D3 outbound pallet staging:Transport:load=True:handoffs=0"
15.7898,3,26,148,-17.2371,0.0500,-14.1330,82.6928,1.0743,0.0031,-12.3000,0.0000,-13.5000,4.9777,7,"","","8.400:0.050:3.946|-12.967:0.000:-12.670|-4.200:0.050:8.720|4.200:0.050:3.946|-8.383:0.050:6.869","0.000:0.000:0.656|0.000:0.000:0.000|0.000:0.000:0.000|0.000:0.000:0.656|-0.006:0.000:-0.800","20.000:0.050:5.451|-11.850:0.000:-13.499","0.000:0.000:1.066|0.000:0.000:0.000",False,False,Moving,60.00,40.00,3.00,ForkliftInteraction,"P1:True|P2:True|P3:True|D1:True|D2:True|D3:False","H1:Rack picker: R1 staging:Transport to work bay:load=True:handoffs=0|H2:D3 receiving inspection:Transport:load=True:handoffs=0|H3:PD station operator:Return for next assignment:load=False:handoffs=1|H4:Trolley operator: PD2 transfer:Transport to work bay:load=True:handoffs=0|H5:Maintenance and replenishment:Return for next assignment:load=False:handoffs=1|F1:Inbound pallet transport in east perimeter lane:Transport to work bay:load=True:handoffs=0|F2:D3 outbound pallet staging:Transport:load=True:handoffs=0"
15.8975,3,26,149,-17.1089,0.0500,-14.1165,82.6931,1.6234,0.0034,-12.3000,0.0000,-13.5000,4.8485,7,"","","8.400:0.050:4.016|-12.967:0.000:-12.670|-4.200:0.050:8.720|4.200:0.050:4.016|-8.384:0.050:6.783","0.000:0.000:0.656|0.000:0.000:0.000|0.000:0.000:0.000|0.000:0.000:0.656|-0.006:0.000:-0.800","20.000:0.050:5.566|-11.850:0.000:-13.499","0.000:0.000:1.066|0.000:0.000:0.000",False,False,Moving,60.00,40.00,3.00,ForkliftInteraction,"P1:True|P2:True|P3:True|D1:True|D2:True|D3:False","H1:Rack picker: R1 staging:Transport to work bay:load=True:handoffs=0|H2:D3 receiving inspection:Transport:load=True:handoffs=0|H3:PD station operator:Return for next assignment:load=False:handoffs=1|H4:Trolley operator: PD2 transfer:Transport to work bay:load=True:handoffs=0|H5:Maintenance and replenishment:Return for next assignment:load=False:handoffs=1|F1:Inbound pallet transport in east perimeter lane:Transport to work bay:load=True:handoffs=0|F2:D3 outbound pallet staging:Transport:load=True:handoffs=0"
15.9998,3,26,150,-16.9872,0.0500,-14.1009,82.6933,1.1288,0.0019,-12.3000,0.0000,-13.5000,4.7258,7,"","","8.400:0.050:4.083|-12.967:0.000:-12.670|-4.200:0.050:8.720|4.200:0.050:4.083|-8.384:0.050:6.701","0.000:0.000:0.656|0.000:0.000:0.000|0.000:0.000:0.000|0.000:0.000:0.656|-0.006:0.000:-0.800","20.000:0.050:5.675|-11.850:0.000:-13.499","0.000:0.000:1.066|0.000:0.000:0.000",False,False,Moving,60.00,40.00,3.00,ForkliftInteraction,"P1:True|P2:True|P3:True|D1:True|D2:True|D3:False","H1:Rack picker: R1 staging:Transport to work bay:load=True:handoffs=0|H2:D3 receiving inspection:Transport:load=True:handoffs=0|H3:PD station operator:Return for next assignment:load=False:handoffs=1|H4:Trolley operator: PD2 transfer:Transport to work bay:load=True:handoffs=0|H5:Maintenance and replenishment:Return for next assignment:load=False:handoffs=1|F1:Inbound pallet transport in east perimeter lane:Transport to work bay:load=True:handoffs=0|F2:D3 outbound pallet staging:Transport:load=True:handoffs=0"
16.1026,3,26,151,-16.8648,0.0500,-14.0852,82.6935,1.2408,0.0019,-12.3000,0.0000,-13.5000,4.6024,7,"","","8.400:0.050:4.151|-12.967:0.000:-12.670|-4.200:0.050:8.720|4.200:0.050:4.151|-8.385:0.050:6.619","0.000:0.000:0.656|0.000:0.000:0.000|0.000:0.000:0.000|0.000:0.000:0.656|-0.006:0.000:-0.800","20.000:0.050:5.785|-11.850:0.000:-13.499","0.000:0.000:1.066|0.000:0.000:0.000",False,False,Moving,60.00,40.00,3.00,ForkliftInteraction,"P1:True|P2:True|P3:True|D1:True|D2:True|D3:False","H1:Rack picker: R1 staging:Transport to work bay:load=True:handoffs=0|H2:D3 receiving inspection:Transport:load=True:handoffs=0|H3:PD station operator:Return for next assignment:load=False:handoffs=1|H4:Trolley operator: PD2 transfer:Transport to work bay:load=True:handoffs=0|H5:Maintenance and replenishment:Return for next assignment:load=False:handoffs=1|F1:Inbound pallet transport in east perimeter lane:Transport to work bay:load=True:handoffs=0|F2:D3 outbound pallet staging:Transport:load=True:handoffs=0"
16.2072,3,26,152,-16.7402,0.0500,-14.0693,82.6937,1.5217,0.0015,-12.3000,0.0000,-13.5000,4.4769,7,"","","8.400:0.050:4.220|-12.967:0.000:-12.670|-4.200:0.050:8.720|4.200:0.050:4.220|-8.385:0.050:6.535","0.000:0.000:0.656|0.000:0.000:0.000|0.000:0.000:0.000|0.000:0.000:0.656|-0.006:0.000:-0.800","20.000:0.050:5.896|-11.850:0.000:-13.499","0.000:0.000:1.066|0.000:0.000:0.000",False,False,Moving,60.00,40.00,3.00,ForkliftInteraction,"P1:True|P2:True|P3:True|D1:True|D2:True|D3:False","H1:Rack picker: R1 staging:Transport to work bay:load=True:handoffs=0|H2:D3 receiving inspection:Transport:load=True:handoffs=0|H3:PD station operator:Return for next assignment:load=False:handoffs=1|H4:Trolley operator: PD2 transfer:Transport to work bay:load=True:handoffs=0|H5:Maintenance and replenishment:Return for next assignment:load=False:handoffs=1|F1:Inbound pallet transport in east perimeter lane:Transport to work bay:load=True:handoffs=0|F2:D3 outbound pallet staging:Transport:load=True:handoffs=0"
16.3098,3,26,153,-16.6181,0.0500,-14.0536,82.6938,0.8274,0.0008,-12.3000,0.0000,-13.5000,4.3538,7,"","","8.400:0.050:4.226|-12.967:0.000:-12.670|-4.200:0.050:8.720|4.200:0.050:4.226|-8.386:0.050:6.453","0.000:0.000:0.000|0.000:0.000:0.000|0.000:0.000:0.000|0.000:0.000:0.000|-0.006:0.000:-0.800","20.000:0.050:6.005|-11.850:0.000:-13.499","0.000:0.000:1.066|0.000:0.000:0.000",False,False,Moving,60.00,40.00,3.00,ForkliftInteraction,"P1:True|P2:True|P3:True|D1:True|D2:True|D3:False","H1:Rack picker: R1 staging:Unload / confirm hand-off:load=True:handoffs=1|H2:D3 receiving inspection:Transport:load=True:handoffs=0|H3:PD station operator:Return for next assignment:load=False:handoffs=1|H4:Trolley operator: PD2 transfer:Unload / confirm hand-off:load=True:handoffs=1|H5:Maintenance and replenishment:Return for next assignment:load=False:handoffs=1|F1:Inbound pallet transport in east perimeter lane:Transport to work bay:load=True:handoffs=0|F2:D3 outbound pallet staging:Transport:load=True:handoffs=0"
16.4128,3,26,154,-16.4956,0.0500,-14.0379,82.6939,0.9905,0.0004,-12.3000,0.0000,-13.5000,4.2302,7,"","","8.400:0.050:4.226|-12.967:0.000:-12.670|-4.200:0.050:8.720|4.200:0.050:4.226|-8.387:0.050:6.371","0.000:0.000:0.000|0.000:0.000:0.000|-0.012:0.000:-0.005|0.000:0.000:0.000|-0.006:0.000:-0.800","20.000:0.050:6.115|-11.850:0.000:-13.499","0.000:0.000:1.066|0.000:0.000:0.000",False,False,Moving,60.00,40.00,3.00,ForkliftInteraction,"P1:True|P2:True|P3:True|D1:True|D2:True|D3:False","H1:Rack picker: R1 staging:Unload / confirm hand-off:load=True:handoffs=1|H2:D3 receiving inspection:Transport:load=True:handoffs=0|H3:PD station operator:Return for next assignment:load=False:handoffs=1|H4:Trolley operator: PD2 transfer:Unload / confirm hand-off:load=True:handoffs=1|H5:Maintenance and replenishment:Return for next assignment:load=False:handoffs=1|F1:Inbound pallet transport in east perimeter lane:Transport to work bay:load=True:handoffs=0|F2:D3 outbound pallet staging:Transport:load=True:handoffs=0"
16.5173,3,26,155,-16.3712,0.0500,-14.0220,82.6940,1.5767,0.0008,-12.3000,0.0000,-13.5000,4.1048,7,"","","8.400:0.050:4.226|-12.967:0.000:-12.670|-4.205:0.050:8.717|4.200:0.050:4.226|-8.387:0.050:6.287","0.000:0.000:0.000|0.000:0.000:0.000|-0.075:0.000:-0.061|0.000:0.000:0.000|-0.006:0.000:-0.800","20.000:0.050:6.227|-11.850:0.000:-13.499","0.000:0.000:1.066|0.000:0.000:0.000",False,False,Moving,60.00,40.00,3.00,ForkliftInteraction,"P1:True|P2:True|P3:True|D1:True|D2:True|D3:False","H1:Rack picker: R1 staging:Unload / confirm hand-off:load=True:handoffs=1|H2:D3 receiving inspection:Transport:load=True:handoffs=0|H3:PD station operator:Return for next assignment:load=False:handoffs=1|H4:Trolley operator: PD2 transfer:Unload / confirm hand-off:load=True:handoffs=1|H5:Maintenance and replenishment:Return for next assignment:load=False:handoffs=1|F1:Inbound pallet transport in east perimeter lane:Transport to work bay:load=True:handoffs=0|F2:D3 outbound pallet staging:Transport:load=True:handoffs=0"
16.6255,3,26,156,-16.2424,0.0500,-14.0054,82.6940,1.1119,0.0000,-12.3000,0.0000,-13.5000,3.9750,7,"","","8.400:0.050:4.226|-12.967:0.000:-12.670|-4.215:0.050:8.705|4.200:0.050:4.226|-8.388:0.050:6.201","0.000:0.000:0.000|0.000:0.000:0.000|-0.101:0.000:-0.153|0.000:0.000:0.000|-0.006:0.000:-0.800","20.000:0.050:6.342|-11.850:0.000:-13.499","0.000:0.000:1.066|0.000:0.000:0.000",False,False,Moving,60.00,40.00,3.00,ForkliftInteraction,"P1:True|P2:True|P3:True|D1:True|D2:True|D3:False","H1:Rack picker: R1 staging:Unload / confirm hand-off:load=True:handoffs=1|H2:D3 receiving inspection:Transport:load=True:handoffs=0|H3:PD station operator:Return for next assignment:load=False:handoffs=1|H4:Trolley operator: PD2 transfer:Unload / confirm hand-off:load=True:handoffs=1|H5:Maintenance and replenishment:Return for next assignment:load=False:handoffs=1|F1:Inbound pallet transport in east perimeter lane:Transport to work bay:load=True:handoffs=0|F2:D3 outbound pallet staging:Transport:load=True:handoffs=0"
16.7271,3,26,157,-16.1214,0.0500,-13.9899,82.6940,1.0942,0.0000,-12.3000,0.0000,-13.5000,3.8530,7,"","","8.400:0.050:4.226|-12.967:0.000:-12.670|-4.225:0.050:8.684|4.200:0.050:4.226|-8.388:0.050:6.119","0.000:0.000:0.000|0.000:0.000:0.000|-0.079:0.000:-0.253|0.000:0.000:0.000|-0.006:0.000:-0.800","20.000:0.050:6.450|-11.850:0.000:-13.499","0.000:0.000:1.066|0.000:0.000:0.000",False,False,Moving,60.00,40.00,3.00,ForkliftInteraction,"P1:True|P2:True|P3:True|D1:True|D2:True|D3:False","H1:Rack picker: R1 staging:Unload / confirm hand-off:load=True:handoffs=1|H2:D3 receiving inspection:Transport:load=True:handoffs=0|H3:PD station operator:Return for next assignment:load=False:handoffs=1|H4:Trolley operator: PD2 transfer:Unload / confirm hand-off:load=True:handoffs=1|H5:Maintenance and replenishment:Return for next assignment:load=False:handoffs=1|F1:Inbound pallet transport in east perimeter lane:Transport to work bay:load=True:handoffs=0|F2:D3 outbound pallet staging:Transport:load=True:handoffs=0"
16.8333,3,26,158,-15.9950,0.0500,-13.9737,82.6940,1.0172,0.0000,-12.3000,0.0000,-13.5000,3.7256,7,"","","8.400:0.050:4.226|-12.967:0.000:-12.670|-4.229:0.050:8.651|4.200:0.050:4.226|-8.389:0.050:6.035","0.000:0.000:0.000|0.000:0.000:0.000|-0.002:0.000:-0.350|0.000:0.000:0.000|-0.006:0.000:-0.800","20.000:0.050:6.564|-11.850:0.000:-13.499","0.000:0.000:1.066|0.000:0.000:0.000",False,False,Moving,60.00,40.00,3.00,ForkliftInteraction,"P1:True|P2:True|P3:True|D1:True|D2:True|D3:False","H1:Rack picker: R1 staging:Unload / confirm hand-off:load=True:handoffs=1|H2:D3 receiving inspection:Transport:load=True:handoffs=0|H3:PD station operator:Return for next assignment:load=False:handoffs=1|H4:Trolley operator: PD2 transfer:Unload / confirm hand-off:load=True:handoffs=1|H5:Maintenance and replenishment:Return for next assignment:load=False:handoffs=1|F1:Inbound pallet transport in east perimeter lane:Transport to work bay:load=True:handoffs=0|F2:D3 outbound pallet staging:Transport:load=True:handoffs=0"
16.9354,3,26,159,-15.8736,0.0500,-13.9582,82.6940,1.5369,0.0000,-12.3000,0.0000,-13.5000,3.6032,7,"","","8.400:0.050:4.226|-12.967:0.000:-12.670|-4.229:0.050:8.611|4.200:0.050:4.226|-8.390:0.050:5.953","0.000:0.000:0.000|0.000:0.000:0.000|0.001:0.000:-0.431|0.000:0.000:0.000|-0.006:0.000:-0.800","20.000:0.050:6.672|-11.850:0.000:-13.499","0.000:0.000:1.066|0.000:0.000:0.000",False,False,Moving,60.00,40.00,3.00,ForkliftInteraction,"P1:True|P2:True|P3:True|D1:True|D2:True|D3:False","H1:Rack picker: R1 staging:Unload / confirm hand-off:load=True:handoffs=1|H2:D3 receiving inspection:Transport:load=True:handoffs=0|H3:PD station operator:Return for next assignment:load=False:handoffs=1|H4:Trolley operator: PD2 transfer:Unload / confirm hand-off:load=True:handoffs=1|H5:Maintenance and replenishment:Return for next assignment:load=False:handoffs=1|F1:Inbound pallet transport in east perimeter lane:Transport to work bay:load=True:handoffs=0|F2:D3 outbound pallet staging:Transport:load=True:handoffs=0"
17.0392,3,26,160,-15.7500,0.0500,-13.9423,82.6940,1.0321,0.0000,-12.3000,0.0000,-13.5000,3.4785,7,"","","8.400:0.050:4.226|-12.967:0.000:-12.670|-4.229:0.050:8.562|4.200:0.050:4.226|-8.390:0.050:5.870","0.000:0.000:0.000|0.000:0.000:0.000|0.002:0.000:-0.515|0.000:0.000:0.000|-0.006:0.000:-0.800","20.000:0.050:6.783|-11.850:0.000:-13.499","0.000:0.000:1.066|0.000:0.000:0.000",False,False,Moving,60.00,40.00,3.00,ForkliftInteraction,"P1:True|P2:True|P3:True|D1:True|D2:True|D3:False","H1:Rack picker: R1 staging:Unload / confirm hand-off:load=True:handoffs=1|H2:D3 receiving inspection:Transport:load=True:handoffs=0|H3:PD station operator:Return for next assignment:load=False:handoffs=1|H4:Trolley operator: PD2 transfer:Unload / confirm hand-off:load=True:handoffs=1|H5:Maintenance and replenishment:Return for next assignment:load=False:handoffs=1|F1:Inbound pallet transport in east perimeter lane:Transport to work bay:load=True:handoffs=0|F2:D3 outbound pallet staging:Transport:load=True:handoffs=0"
17.1469,3,26,161,-15.6218,0.0500,-13.9259,82.6940,1.5194,0.0000,-12.3000,0.0000,-13.5000,3.3494,7,"","","8.400:0.050:4.226|-12.967:0.000:-12.670|-4.229:0.050:8.501|4.200:0.050:4.226|-8.391:0.050:5.784","0.000:0.000:0.000|0.000:0.000:0.000|0.002:0.000:-0.601|0.000:0.000:0.000|-0.006:0.000:-0.800","20.000:0.050:6.898|-11.850:0.000:-13.499","0.000:0.000:1.066|0.000:0.000:0.000",False,False,Moving,60.00,40.00,3.00,ForkliftInteraction,"P1:True|P2:True|P3:True|D1:True|D2:True|D3:False","H1:Rack picker: R1 staging:Unload / confirm hand-off:load=True:handoffs=1|H2:D3 receiving inspection:Transport:load=True:handoffs=0|H3:PD station operator:Return for next assignment:load=False:handoffs=1|H4:Trolley operator: PD2 transfer:Unload / confirm hand-off:load=True:handoffs=1|H5:Maintenance and replenishment:Return for next assignment:load=False:handoffs=1|F1:Inbound pallet transport in east perimeter lane:Transport to work bay:load=True:handoffs=0|F2:D3 outbound pallet staging:Transport:load=True:handoffs=0"
17.2523,3,26,162,-15.4964,0.0500,-13.9098,82.6940,1.1083,0.0000,-12.3000,0.0000,-13.5000,3.2229,7,"","","8.400:0.050:4.226|-12.967:0.000:-12.670|-4.229:0.050:8.433|4.200:0.050:4.226|-8.391:0.050:5.699","0.000:0.000:0.000|0.000:0.000:0.000|0.002:0.000:-0.685|0.000:0.000:0.000|-0.006:0.000:-0.800","20.000:0.050:7.010|-11.850:0.000:-13.499","0.000:0.000:1.066|0.000:0.000:0.000",False,False,Moving,60.00,40.00,3.00,ForkliftInteraction,"P1:True|P2:True|P3:True|D1:True|D2:True|D3:False","H1:Rack picker: R1 staging:Unload / confirm hand-off:load=True:handoffs=1|H2:D3 receiving inspection:Transport:load=True:handoffs=0|H3:PD station operator:Return for next assignment:load=False:handoffs=1|H4:Trolley operator: PD2 transfer:Unload / confirm hand-off:load=True:handoffs=1|H5:Maintenance and replenishment:Return for next assignment:load=False:handoffs=1|F1:Inbound pallet transport in east perimeter lane:Transport to work bay:load=True:handoffs=0|F2:D3 outbound pallet staging:Transport:load=True:handoffs=0"
17.3535,3,26,163,-15.3759,0.0500,-13.8944,82.6941,1.1061,0.0000,-12.3000,0.0000,-13.5000,3.1015,7,"","","8.400:0.050:4.226|-12.967:0.000:-12.670|-4.228:0.050:8.359|4.200:0.050:4.226|-8.392:0.050:5.618","0.000:0.000:0.000|0.000:0.000:0.000|0.003:0.000:-0.766|0.000:0.000:0.000|-0.006:0.000:-0.800","20.000:0.050:7.118|-11.850:0.000:-13.499","0.000:0.000:1.066|0.000:0.000:0.000",False,False,Moving,60.00,40.00,3.00,ForkliftInteraction,"P1:True|P2:True|P3:True|D1:True|D2:True|D3:False","H1:Rack picker: R1 staging:Unload / confirm hand-off:load=True:handoffs=1|H2:D3 receiving inspection:Transport:load=True:handoffs=0|H3:PD station operator:Return for next assignment:load=False:handoffs=1|H4:Trolley operator: PD2 transfer:Unload / confirm hand-off:load=True:handoffs=1|H5:Maintenance and replenishment:Return for next assignment:load=False:handoffs=1|F1:Inbound pallet transport in east perimeter lane:Transport to work bay:load=True:handoffs=0|F2:D3 outbound pallet staging:Transport:load=True:handoffs=0"
17.4578,3,26,164,-15.2518,0.0500,-13.8784,82.6941,1.4982,0.0000,-12.3000,0.0000,-13.5000,2.9764,7,"","","8.400:0.050:4.226|-12.967:0.000:-12.670|-4.228:0.050:8.276|4.200:0.050:4.226|-8.393:0.050:5.535","0.000:0.000:0.000|0.000:0.000:0.000|0.003:0.000:-0.800|0.000:0.000:0.000|-0.006:0.000:-0.800","20.000:0.050:7.229|-11.850:0.000:-13.499","0.000:0.000:1.066|0.000:0.000:0.000",False,False,Moving,60.00,40.00,3.00,ForkliftInteraction,"P1:True|P2:True|P3:True|D1:True|D2:True|D3:False","H1:Rack picker: R1 staging:Unload / confirm hand-off:load=True:handoffs=1|H2:D3 receiving inspection:Transport:load=True:handoffs=0|H3:PD station operator:Return for next assignment:load=False:handoffs=1|H4:Trolley operator: PD2 transfer:Unload / confirm hand-off:load=True:handoffs=1|H5:Maintenance and replenishment:Return for next assignment:load=False:handoffs=1|F1:Inbound pallet transport in east perimeter lane:Transport to work bay:load=True:handoffs=0|F2:D3 outbound pallet staging:Transport:load=True:handoffs=0"
17.5616,3,26,165,-15.1282,0.0500,-13.8626,82.6941,1.0109,0.0000,-12.3000,0.0000,-13.5000,2.8518,7,"","","8.400:0.050:4.226|-12.967:0.000:-12.670|-4.228:0.050:8.193|4.200:0.050:4.226|-8.393:0.050:5.452","0.000:0.000:0.000|0.000:0.000:0.000|0.003:0.000:-0.800|0.000:0.000:0.000|-0.006:0.000:-0.800","20.000:0.050:7.340|-11.850:0.000:-13.499","0.000:0.000:1.066|0.000:0.000:0.000",False,False,Moving,60.00,40.00,3.00,ForkliftInteraction,"P1:True|P2:True|P3:True|D1:True|D2:True|D3:False","H1:Rack picker: R1 staging:Unload / confirm hand-off:load=True:handoffs=1|H2:D3 receiving inspection:Transport:load=True:handoffs=0|H3:PD station operator:Return for next assignment:load=False:handoffs=1|H4:Trolley operator: PD2 transfer:Unload / confirm hand-off:load=True:handoffs=1|H5:Maintenance and replenishment:Return for next assignment:load=False:handoffs=1|F1:Inbound pallet transport in east perimeter lane:Transport to work bay:load=True:handoffs=0|F2:D3 outbound pallet staging:Transport:load=True:handoffs=0"
17.6675,3,26,166,-15.0022,0.0500,-13.8464,82.6941,1.0075,0.0000,-12.3000,0.0000,-13.5000,2.7247,7,"","","8.400:0.050:4.226|-12.967:0.000:-12.670|-4.227:0.050:8.109|4.200:0.050:4.226|-8.394:0.050:5.367","0.000:0.000:0.000|0.000:0.000:0.000|0.003:0.000:-0.800|0.000:0.000:0.000|-0.006:0.000:-0.800","20.000:0.050:7.453|-11.850:0.000:-13.499","0.000:0.000:1.066|0.000:0.000:0.000",False,False,Moving,60.00,40.00,3.00,ForkliftInteraction,"P1:True|P2:True|P3:True|D1:True|D2:True|D3:False","H1:Rack picker: R1 staging:Unload / confirm hand-off:load=True:handoffs=1|H2:D3 receiving inspection:Transport:load=True:handoffs=0|H3:PD station operator:Return for next assignment:load=False:handoffs=1|H4:Trolley operator: PD2 transfer:Unload / confirm hand-off:load=True:handoffs=1|H5:Maintenance and replenishment:Return for next assignment:load=False:handoffs=1|F1:Inbound pallet transport in east perimeter lane:Transport to work bay:load=True:handoffs=0|F2:D3 outbound pallet staging:Transport:load=True:handoffs=0"
17.7682,3,26,167,-14.8822,0.0500,-13.8311,82.6941,1.5037,0.0000,-12.3000,0.0000,-13.5000,2.6038,7,"","","8.400:0.050:4.226|-12.967:0.000:-12.670|-4.227:0.050:8.028|4.200:0.050:4.226|-8.394:0.050:5.287","0.000:0.000:0.000|0.000:0.000:0.000|0.003:0.000:-0.800|0.000:0.000:0.000|-0.006:0.000:-0.800","20.000:0.050:7.560|-11.850:0.000:-13.499","0.000:0.000:1.066|0.000:0.000:0.000",False,False,Stopped,60.00,40.00,3.00,ForkliftInteraction,"P1:True|P2:True|P3:True|D1:True|D2:True|D3:False","H1:Rack picker: R1 staging:Unload / confirm hand-off:load=True:handoffs=1|H2:D3 receiving inspection:Transport:load=True:handoffs=0|H3:PD station operator:Return for next assignment:load=False:handoffs=1|H4:Trolley operator: PD2 transfer:Unload / confirm hand-off:load=True:handoffs=1|H5:Maintenance and replenishment:Return for next assignment:load=False:handoffs=1|F1:Inbound pallet transport in east perimeter lane:Transport to work bay:load=True:handoffs=0|F2:D3 outbound pallet staging:Transport:load=True:handoffs=0"
17.8764,3,26,168,-14.7569,0.0500,-13.8150,82.6941,1.4626,0.0000,-12.3000,0.0000,-13.5000,2.4775,7,"","","8.400:0.050:4.226|-12.967:0.000:-12.670|-4.227:0.050:7.941|4.200:0.050:4.226|-8.395:0.050:5.200","0.000:0.000:0.000|0.000:0.000:0.000|0.003:0.000:-0.800|0.000:0.000:0.000|-0.006:0.000:-0.800","20.000:0.050:7.675|-11.850:0.000:-13.499","0.000:0.000:1.066|0.000:0.000:0.000",False,False,Stopped,60.00,40.00,3.00,ForkliftInteraction,"P1:True|P2:True|P3:True|D1:True|D2:True|D3:False","H1:Rack picker: R1 staging:Unload / confirm hand-off:load=True:handoffs=1|H2:D3 receiving inspection:Transport:load=True:handoffs=0|H3:PD station operator:Return for next assignment:load=False:handoffs=1|H4:Trolley operator: PD2 transfer:Unload / confirm hand-off:load=True:handoffs=1|H5:Maintenance and replenishment:Return for next assignment:load=False:handoffs=1|F1:Inbound pallet transport in east perimeter lane:Transport to work bay:load=True:handoffs=0|F2:D3 outbound pallet staging:Transport:load=True:handoffs=0"
17.9775,3,26,169,-14.6466,0.0500,-13.8009,82.6941,1.4207,0.0000,-12.3000,0.0000,-13.5000,2.3663,7,"","","8.400:0.050:4.226|-12.967:0.000:-12.670|-4.227:0.050:7.861|4.200:0.050:4.226|-8.396:0.050:5.119","0.000:0.000:0.000|0.000:0.000:0.000|0.003:0.000:-0.800|0.000:0.000:0.000|-0.006:0.000:-0.800","20.000:0.050:7.726|-11.850:0.000:-13.499","0.000:0.000:0.000|0.000:0.000:0.000",False,False,Stopped,60.00,40.00,3.00,ForkliftInteraction,"P1:True|P2:True|P3:True|D1:True|D2:True|D3:False","H1:Rack picker: R1 staging:Unload / confirm hand-off:load=True:handoffs=1|H2:D3 receiving inspection:Transport:load=True:handoffs=0|H3:PD station operator:Return for next assignment:load=False:handoffs=1|H4:Trolley operator: PD2 transfer:Unload / confirm hand-off:load=True:handoffs=1|H5:Maintenance and replenishment:Return for next assignment:load=False:handoffs=1|F1:Inbound pallet transport in east perimeter lane:Unload / confirm hand-off:load=True:handoffs=1|F2:D3 outbound pallet staging:Transport:load=True:handoffs=0"
18.0839,3,26,170,-14.5377,0.0500,-13.7869,82.6941,0.9225,0.0000,-12.3000,0.0000,-13.5000,2.2565,7,"","","8.400:0.050:4.226|-12.967:0.000:-12.670|-4.226:0.050:7.776|4.200:0.050:4.226|-8.396:0.050:5.034","0.000:0.000:0.000|0.000:0.000:0.000|0.003:0.000:-0.800|0.000:0.000:0.000|-0.006:0.000:-0.800","20.000:0.050:7.726|-11.850:0.000:-13.499","0.000:0.000:0.000|0.000:0.000:0.000",False,False,Stopped,60.00,40.00,3.00,ForkliftInteraction,"P1:True|P2:True|P3:True|D1:True|D2:True|D3:False","H1:Rack picker: R1 staging:Return for next assignment:load=False:handoffs=1|H2:D3 receiving inspection:Transport:load=True:handoffs=0|H3:PD station operator:Return for next assignment:load=False:handoffs=1|H4:Trolley operator: PD2 transfer:Return for next assignment:load=False:handoffs=1|H5:Maintenance and replenishment:Return for next assignment:load=False:handoffs=1|F1:Inbound pallet transport in east perimeter lane:Unload / confirm hand-off:load=True:handoffs=1|F2:D3 outbound pallet staging:Transport:load=True:handoffs=0"
18.1841,3,26,171,-14.4417,0.0500,-13.7746,82.6941,1.0702,0.0000,-12.3000,0.0000,-13.5000,2.1598,7,"","","8.400:0.050:4.226|-12.967:0.000:-12.670|-4.226:0.050:7.695|4.200:0.050:4.226|-8.397:0.050:4.954","0.000:0.000:0.000|0.000:0.000:0.000|0.003:0.000:-0.800|0.000:0.000:0.000|-0.006:0.000:-0.800","20.000:0.050:7.726|-11.850:0.000:-13.499","0.000:0.000:0.000|0.000:0.000:0.000",False,False,Stopped,60.00,40.00,3.00,ForkliftInteraction,"P1:True|P2:True|P3:True|D1:True|D2:True|D3:False","H1:Rack picker: R1 staging:Return for next assignment:load=False:handoffs=1|H2:D3 receiving inspection:Transport:load=True:handoffs=0|H3:PD station operator:Return for next assignment:load=False:handoffs=1|H4:Trolley operator: PD2 transfer:Return for next assignment:load=False:handoffs=1|H5:Maintenance and replenishment:Return for next assignment:load=False:handoffs=1|F1:Inbound pallet transport in east perimeter lane:Unload / confirm hand-off:load=True:handoffs=1|F2:D3 outbound pallet staging:Transport:load=True:handoffs=0"
18.2923,3,26,172,-14.3454,0.0500,-13.7622,82.6941,0.7242,0.0000,-12.3000,0.0000,-13.5000,2.0628,7,"","","8.400:0.050:4.226|-12.967:0.000:-12.670|-4.226:0.050:7.609|4.200:0.050:4.226|-8.397:0.050:4.867","0.000:0.000:0.000|0.000:0.000:0.000|0.003:0.000:-0.800|0.000:0.000:0.000|-0.006:0.000:-0.800","20.000:0.050:7.726|-11.850:0.000:-13.499","0.000:0.000:0.000|0.000:0.000:0.000",False,False,Stopped,60.00,40.00,3.00,ForkliftInteraction,"P1:True|P2:True|P3:True|D1:True|D2:True|D3:False","H1:Rack picker: R1 staging:Return for next assignment:load=False:handoffs=1|H2:D3 receiving inspection:Transport:load=True:handoffs=0|H3:PD station operator:Return for next assignment:load=False:handoffs=1|H4:Trolley operator: PD2 transfer:Return for next assignment:load=False:handoffs=1|H5:Maintenance and replenishment:Return for next assignment:load=False:handoffs=1|F1:Inbound pallet transport in east perimeter lane:Unload / confirm hand-off:load=True:handoffs=1|F2:D3 outbound pallet staging:Transport:load=True:handoffs=0"
18.4004,3,26,173,-14.2567,0.0500,-13.7509,82.6941,0.7509,0.0000,-12.3000,0.0000,-13.5000,1.9733,7,"","","8.400:0.050:4.226|-12.967:0.000:-12.670|-4.225:0.050:7.522|4.200:0.050:4.226|-8.398:0.050:4.781","0.000:0.000:0.000|0.000:0.000:0.000|0.003:0.000:-0.800|0.000:0.000:0.000|-0.006:0.000:-0.800","20.000:0.050:7.726|-11.850:0.000:-13.499","0.000:0.000:0.000|0.000:0.000:0.000",False,False,Stopped,60.00,40.00,3.00,ForkliftInteraction,"P1:True|P2:True|P3:True|D1:True|D2:True|D3:False","H1:Rack picker: R1 staging:Return for next assignment:load=False:handoffs=1|H2:D3 receiving inspection:Transport:load=True:handoffs=0|H3:PD station operator:Return for next assignment:load=False:handoffs=1|H4:Trolley operator: PD2 transfer:Return for next assignment:load=False:handoffs=1|H5:Maintenance and replenishment:Return for next assignment:load=False:handoffs=1|F1:Inbound pallet transport in east perimeter lane:Unload / confirm hand-off:load=True:handoffs=1|F2:D3 outbound pallet staging:Transport:load=True:handoffs=0"
18.5031,3,26,174,-14.1794,0.0500,-13.7410,82.6941,0.6187,0.0000,-12.3000,0.0000,-13.5000,1.8955,7,"","","8.400:0.050:4.226|-12.967:0.000:-12.670|-4.225:0.050:7.440|4.200:0.050:4.226|-8.398:0.050:4.773","0.000:0.000:0.000|0.000:0.000:0.000|0.003:0.000:-0.800|0.000:0.000:0.000|0.000:0.000:0.000","20.000:0.050:7.726|-11.850:0.000:-13.499","0.000:0.000:0.000|0.000:0.000:0.000",False,False,Stopped,60.00,40.00,3.00,ForkliftInteraction,"P1:True|P2:True|P3:True|D1:True|D2:True|D3:False","H1:Rack picker: R1 staging:Return for next assignment:load=False:handoffs=1|H2:D3 receiving inspection:Transport:load=True:handoffs=0|H3:PD station operator:Return for next assignment:load=False:handoffs=1|H4:Trolley operator: PD2 transfer:Return for next assignment:load=False:handoffs=1|H5:Maintenance and replenishment:Load / inspect at source:load=False:handoffs=1|F1:Inbound pallet transport in east perimeter lane:Unload / confirm hand-off:load=True:handoffs=1|F2:D3 outbound pallet staging:Transport:load=True:handoffs=0"
18.6100,3,26,175,-14.1062,0.0500,-13.7316,82.6941,0.5875,0.0000,-12.3000,0.0000,-13.5000,1.8217,7,"","","8.400:0.050:4.226|-12.967:0.000:-12.670|-4.225:0.050:7.355|4.200:0.050:4.226|-8.398:0.050:4.773","0.000:0.000:0.000|0.000:0.000:0.000|0.003:0.000:-0.800|0.000:0.000:0.000|0.000:0.000:0.000","20.000:0.050:7.726|-11.850:0.000:-13.499","0.000:0.000:0.000|0.000:0.000:0.000",False,False,Stopped,60.00,40.00,3.00,ForkliftInteraction,"P1:True|P2:True|P3:True|D1:True|D2:True|D3:False","H1:Rack picker: R1 staging:Return for next assignment:load=False:handoffs=1|H2:D3 receiving inspection:Transport:load=True:handoffs=0|H3:PD station operator:Return for next assignment:load=False:handoffs=1|H4:Trolley operator: PD2 transfer:Return for next assignment:load=False:handoffs=1|H5:Maintenance and replenishment:Load / inspect at source:load=False:handoffs=1|F1:Inbound pallet transport in east perimeter lane:Unload / confirm hand-off:load=True:handoffs=1|F2:D3 outbound pallet staging:Transport:load=True:handoffs=0"
18.7169,3,26,176,-14.0404,0.0500,-13.7231,82.6941,0.5120,0.0000,-12.3000,0.0000,-13.5000,1.7553,7,"","","8.400:0.050:4.226|-12.967:0.000:-12.670|-4.225:0.050:7.269|4.200:0.050:4.226|-8.398:0.050:4.773","0.010:0.000:-0.004|0.000:0.000:0.000|0.003:0.000:-0.800|0.010:0.000:-0.004|0.000:0.000:0.000","20.000:0.050:7.726|-11.850:0.000:-13.499","0.000:0.000:0.000|0.000:0.000:0.000",False,False,Stopped,60.00,40.00,3.00,ForkliftInteraction,"P1:True|P2:True|P3:True|D1:True|D2:True|D3:False","H1:Rack picker: R1 staging:Return for next assignment:load=False:handoffs=1|H2:D3 receiving inspection:Transport:load=True:handoffs=0|H3:PD station operator:Return for next assignment:load=False:handoffs=1|H4:Trolley operator: PD2 transfer:Return for next assignment:load=False:handoffs=1|H5:Maintenance and replenishment:Load / inspect at source:load=False:handoffs=1|F1:Inbound pallet transport in east perimeter lane:Unload / confirm hand-off:load=True:handoffs=1|F2:D3 outbound pallet staging:Transport:load=True:handoffs=0"
18.8220,3,26,177,-13.9828,0.0500,-13.7157,82.6941,0.4689,0.0000,-12.3000,0.0000,-13.5000,1.6973,7,"","","8.405:0.050:4.222|-12.967:0.000:-12.670|-4.224:0.050:7.185|4.205:0.050:4.222|-8.398:0.050:4.773","0.074:0.000:-0.059|0.000:0.000:0.000|0.003:0.000:-0.800|0.074:0.000:-0.059|0.000:0.000:0.000","20.000:0.050:7.726|-11.850:0.000:-13.499","0.000:0.000:0.000|0.000:0.000:0.000",False,False,Stopped,60.00,40.00,3.00,ForkliftInteraction,"P1:True|P2:True|P3:True|D1:True|D2:True|D3:False","H1:Rack picker: R1 staging:Return for next assignment:load=False:handoffs=1|H2:D3 receiving inspection:Transport:load=True:handoffs=0|H3:PD station operator:Return for next assignment:load=False:handoffs=1|H4:Trolley operator: PD2 transfer:Return for next assignment:load=False:handoffs=1|H5:Maintenance and replenishment:Load / inspect at source:load=False:handoffs=1|F1:Inbound pallet transport in east perimeter lane:Unload / confirm hand-off:load=True:handoffs=1|F2:D3 outbound pallet staging:Transport:load=True:handoffs=0"
18.9299,3,26,178,-13.9311,0.0500,-13.7091,82.6941,0.6163,0.0000,-12.3000,0.0000,-13.5000,1.6452,7,"","","8.415:0.050:4.211|-12.967:0.000:-12.670|-4.224:0.050:7.099|4.215:0.050:4.211|-8.398:0.050:4.773","0.102:0.000:-0.150|0.000:0.000:0.000|0.003:0.000:-0.800|0.102:0.000:-0.150|0.000:0.000:0.000","20.000:0.050:7.726|-11.850:0.000:-13.499","0.000:0.000:0.000|0.000:0.000:0.000",False,False,Stopped,60.00,40.00,3.00,ForkliftInteraction,"P1:True|P2:True|P3:True|D1:True|D2:True|D3:False","H1:Rack picker: R1 staging:Return for next assignment:load=False:handoffs=1|H2:D3 receiving inspection:Transport:load=True:handoffs=0|H3:PD station operator:Return for next assignment:load=False:handoffs=1|H4:Trolley operator: PD2 transfer:Return for next assignment:load=False:handoffs=1|H5:Maintenance and replenishment:Load / inspect at source:load=False:handoffs=1|F1:Inbound pallet transport in east perimeter lane:Unload / confirm hand-off:load=True:handoffs=1|F2:D3 outbound pallet staging:Transport:load=True:handoffs=0"
18.9398,3,26,179,-13.9227,0.0500,-13.7080,82.6941,0.4581,0.0000,-12.3000,0.0000,-13.5000,1.6368,7,"","","8.417:0.050:4.208|-12.967:0.000:-12.670|-4.224:0.050:7.083|4.217:0.050:4.208|-8.398:0.050:4.773","0.102:0.000:-0.168|0.000:0.000:0.000|0.003:0.000:-0.800|0.102:0.000:-0.168|0.000:0.000:0.000","20.000:0.050:7.726|-11.850:0.000:-13.499","0.000:0.000:0.000|0.000:0.000:0.000",False,False,Idle,60.00,40.00,3.00,ForkliftInteraction,"P1:True|P2:True|P3:True|D1:True|D2:True|D3:False","H1:Rack picker: R1 staging:Return for next assignment:load=False:handoffs=1|H2:D3 receiving inspection:Transport:load=True:handoffs=0|H3:PD station operator:Return for next assignment:load=False:handoffs=1|H4:Trolley operator: PD2 transfer:Return for next assignment:load=False:handoffs=1|H5:Maintenance and replenishment:Load / inspect at source:load=False:handoffs=1|F1:Inbound pallet transport in east perimeter lane:Unload / confirm hand-off:load=True:handoffs=1|F2:D3 outbound pallet staging:Transport:load=True:handoffs=0"
0.1182,3,46,1,-24.0000,0.0500,-17.2000,0.0000,0.0000,0.0000,-24.0000,0.0000,-15.0000,2.2006,7,"","","8.400:0.050:-4.500|-12.900:0.000:-6.068|-4.200:0.050:0.000|4.200:0.050:-4.500|-8.400:0.050:4.500","0.000:0.000:0.000|0.000:0.000:-0.750|0.000:0.000:0.000|0.000:0.000:0.000|0.000:0.000:0.000","20.000:0.050:-8.000|-12.293:0.000:-17.960","0.000:0.000:0.000|0.079:0.000:0.443",False,False,Idle,60.00,40.00,3.00,ForkliftInteraction,"P1:True|P2:True|P3:True|D1:True|D2:True|D3:True","H1:Rack picker: R1 staging:Load / inspect at source:load=False:handoffs=0|H2:D3 receiving inspection:Transport:load=True:handoffs=0|H3:PD station operator:Load / inspect at source:load=False:handoffs=0|H4:Trolley operator: PD2 transfer:Load / inspect at source:load=False:handoffs=0|H5:Maintenance and replenishment:Load / inspect at source:load=False:handoffs=0|F1:Inbound pallet transport in east perimeter lane:Load / inspect at source:load=False:handoffs=0|F2:D3 outbound pallet staging:Transport:load=True:handoffs=0"
0.2190,3,46,2,-24.0000,0.0500,-17.1875,0.0000,0.0000,0.0000,-24.0000,0.0000,-15.0000,2.1880,7,"","","8.400:0.050:-4.500|-12.900:0.000:-6.144|-4.200:0.050:0.000|4.200:0.050:-4.500|-8.400:0.050:4.500","0.000:0.000:0.000|0.000:0.000:-0.750|0.000:0.000:0.000|0.000:0.000:0.000|0.000:0.000:0.000","20.000:0.050:-8.000|-12.285:0.000:-17.915","0.000:0.000:0.000|0.079:0.000:0.443",False,False,Moving,60.00,40.00,3.00,ForkliftInteraction,"P1:True|P2:True|P3:True|D1:True|D2:True|D3:True","H1:Rack picker: R1 staging:Load / inspect at source:load=False:handoffs=0|H2:D3 receiving inspection:Transport:load=True:handoffs=0|H3:PD station operator:Load / inspect at source:load=False:handoffs=0|H4:Trolley operator: PD2 transfer:Load / inspect at source:load=False:handoffs=0|H5:Maintenance and replenishment:Load / inspect at source:load=False:handoffs=0|F1:Inbound pallet transport in east perimeter lane:Load / inspect at source:load=False:handoffs=0|F2:D3 outbound pallet staging:Transport:load=True:handoffs=0"
0.3271,3,46,3,-24.0000,0.0500,-17.1623,0.0000,0.3220,0.0000,-24.0000,0.0000,-15.0000,2.1629,7,"","","8.400:0.050:-4.500|-12.900:0.000:-6.225|-4.200:0.050:0.000|4.200:0.050:-4.500|-8.400:0.050:4.500","0.000:0.000:0.000|0.000:0.000:-0.750|0.000:0.000:0.000|0.000:0.000:0.000|0.000:0.000:0.000","20.000:0.050:-8.000|-12.276:0.000:-17.867","0.000:0.000:0.000|0.079:0.000:0.443",False,False,Moving,60.00,40.00,3.00,ForkliftInteraction,"P1:True|P2:True|P3:True|D1:True|D2:True|D3:True","H1:Rack picker: R1 staging:Load / inspect at source:load=False:handoffs=0|H2:D3 receiving inspection:Transport:load=True:handoffs=0|H3:PD station operator:Load / inspect at source:load=False:handoffs=0|H4:Trolley operator: PD2 transfer:Load / inspect at source:load=False:handoffs=0|H5:Maintenance and replenishment:Load / inspect at source:load=False:handoffs=0|F1:Inbound pallet transport in east perimeter lane:Load / inspect at source:load=False:handoffs=0|F2:D3 outbound pallet staging:Transport:load=True:handoffs=0"
0.4329,3,46,4,-24.0000,0.0500,-17.1264,0.0000,0.4643,0.0000,-24.0000,0.0000,-15.0000,2.1270,7,"","","8.400:0.050:-4.500|-12.900:0.000:-6.304|-4.200:0.050:0.000|4.200:0.050:-4.500|-8.400:0.050:4.500","0.000:0.000:0.000|0.000:0.000:-0.750|0.000:0.000:0.000|0.000:0.000:0.000|0.000:0.000:0.000","20.000:0.050:-8.000|-12.268:0.000:-17.820","0.000:0.000:0.000|0.079:0.000:0.443",False,False,Moving,60.00,40.00,3.00,ForkliftInteraction,"P1:True|P2:True|P3:True|D1:True|D2:True|D3:True","H1:Rack picker: R1 staging:Load / inspect at source:load=False:handoffs=0|H2:D3 receiving inspection:Transport:load=True:handoffs=0|H3:PD station operator:Load / inspect at source:load=False:handoffs=0|H4:Trolley operator: PD2 transfer:Load / inspect at source:load=False:handoffs=0|H5:Maintenance and replenishment:Load / inspect at source:load=False:handoffs=0|F1:Inbound pallet transport in east perimeter lane:Load / inspect at source:load=False:handoffs=0|F2:D3 outbound pallet staging:Transport:load=True:handoffs=0"
0.5500,3,46,5,-24.0000,0.0500,-17.0738,0.0000,0.7431,0.0000,-24.0000,0.0000,-15.0000,2.0743,7,"","","8.400:0.050:-4.500|-12.900:0.000:-6.392|-4.200:0.050:0.000|4.200:0.050:-4.500|-8.400:0.050:4.500","0.000:0.000:0.000|0.000:0.000:-0.750|0.000:0.000:0.000|0.000:0.000:0.000|0.000:0.000:0.000","20.000:0.050:-8.000|-12.259:0.000:-17.768","0.000:0.000:0.000|0.079:0.000:0.443",False,False,Moving,60.00,40.00,3.00,ForkliftInteraction,"P1:True|P2:True|P3:True|D1:True|D2:True|D3:True","H1:Rack picker: R1 staging:Load / inspect at source:load=False:handoffs=0|H2:D3 receiving inspection:Transport:load=True:handoffs=0|H3:PD station operator:Load / inspect at source:load=False:handoffs=0|H4:Trolley operator: PD2 transfer:Load / inspect at source:load=False:handoffs=0|H5:Maintenance and replenishment:Load / inspect at source:load=False:handoffs=0|F1:Inbound pallet transport in east perimeter lane:Load / inspect at source:load=False:handoffs=0|F2:D3 outbound pallet staging:Transport:load=True:handoffs=0"
0.6611,3,46,6,-24.0000,0.0500,-17.0111,0.0000,0.0000,0.0000,-24.0000,0.0000,-15.0000,2.0117,7,"","","8.400:0.050:-4.500|-12.900:0.000:-6.475|-4.200:0.050:0.000|4.200:0.050:-4.500|-8.400:0.050:4.500","0.000:0.000:0.000|0.000:0.000:-0.750|0.000:0.000:0.000|0.000:0.000:0.000|0.000:0.000:0.000","20.000:0.050:-8.000|-12.250:0.000:-17.719","0.000:0.000:0.000|0.079:0.000:0.443",False,False,Moving,60.00,40.00,3.00,ForkliftInteraction,"P1:True|P2:True|P3:True|D1:True|D2:True|D3:True","H1:Rack picker: R1 staging:Load / inspect at source:load=False:handoffs=0|H2:D3 receiving inspection:Transport:load=True:handoffs=0|H3:PD station operator:Load / inspect at source:load=False:handoffs=0|H4:Trolley operator: PD2 transfer:Load / inspect at source:load=False:handoffs=0|H5:Maintenance and replenishment:Load / inspect at source:load=False:handoffs=0|F1:Inbound pallet transport in east perimeter lane:Load / inspect at source:load=False:handoffs=0|F2:D3 outbound pallet staging:Transport:load=True:handoffs=0"
0.7671,3,46,7,-24.0000,0.0500,-16.9397,0.0000,0.9599,0.0000,-24.0000,0.0000,-15.0000,1.9403,7,"","","8.400:0.050:-4.500|-12.900:0.000:-6.555|-4.200:0.050:0.000|4.200:0.050:-4.500|-8.400:0.050:4.500","0.000:0.000:0.000|0.000:0.000:-0.750|0.000:0.000:0.000|0.000:0.000:0.000|0.000:0.000:0.000","20.000:0.050:-8.000|-12.242:0.000:-17.672","0.000:0.000:0.000|0.079:0.000:0.443",False,False,Moving,60.00,40.00,3.00,ForkliftInteraction,"P1:True|P2:True|P3:True|D1:True|D2:True|D3:True","H1:Rack picker: R1 staging:Load / inspect at source:load=False:handoffs=0|H2:D3 receiving inspection:Transport:load=True:handoffs=0|H3:PD station operator:Load / inspect at source:load=False:handoffs=0|H4:Trolley operator: PD2 transfer:Load / inspect at source:load=False:handoffs=0|H5:Maintenance and replenishment:Load / inspect at source:load=False:handoffs=0|F1:Inbound pallet transport in east perimeter lane:Load / inspect at source:load=False:handoffs=0|F2:D3 outbound pallet staging:Transport:load=True:handoffs=0"
0.8749,3,46,8,-24.0000,0.0500,-16.8555,0.0000,0.0000,0.0000,-24.0000,0.0000,-15.0000,1.8562,7,"","","8.400:0.050:-4.500|-12.900:0.000:-6.636|-4.200:0.050:0.000|4.200:0.050:-4.500|-8.400:0.050:4.500","0.000:0.000:0.000|0.000:0.000:-0.750|0.000:0.000:0.000|0.000:0.000:0.000|0.000:0.000:0.000","20.000:0.050:-8.000|-12.233:0.000:-17.624","0.000:0.000:0.000|0.079:0.000:0.443",False,False,Moving,60.00,40.00,3.00,ForkliftInteraction,"P1:True|P2:True|P3:True|D1:True|D2:True|D3:True","H1:Rack picker: R1 staging:Load / inspect at source:load=False:handoffs=0|H2:D3 receiving inspection:Transport:load=True:handoffs=0|H3:PD station operator:Load / inspect at source:load=False:handoffs=0|H4:Trolley operator: PD2 transfer:Load / inspect at source:load=False:handoffs=0|H5:Maintenance and replenishment:Load / inspect at source:load=False:handoffs=0|F1:Inbound pallet transport in east perimeter lane:Load / inspect at source:load=False:handoffs=0|F2:D3 outbound pallet staging:Transport:load=True:handoffs=0"
0.9921,3,46,9,-24.0000,0.0500,-16.7510,0.0000,1.2631,0.0000,-24.0000,0.0000,-15.0000,1.7517,7,"","","8.400:0.050:-4.500|-12.900:0.000:-6.724|-4.200:0.050:0.000|4.200:0.050:-4.500|-8.400:0.050:4.500","0.000:0.000:0.000|0.000:0.000:-0.750|0.000:0.000:0.000|0.000:0.000:0.000|0.000:0.000:0.000","20.000:0.050:-8.000|-12.224:0.000:-17.572","0.000:0.000:0.000|0.079:0.000:0.443",False,False,Moving,60.00,40.00,3.00,ForkliftInteraction,"P1:True|P2:True|P3:True|D1:True|D2:True|D3:True","H1:Rack picker: R1 staging:Load / inspect at source:load=False:handoffs=0|H2:D3 receiving inspection:Transport:load=True:handoffs=0|H3:PD station operator:Load / inspect at source:load=False:handoffs=0|H4:Trolley operator: PD2 transfer:Load / inspect at source:load=False:handoffs=0|H5:Maintenance and replenishment:Load / inspect at source:load=False:handoffs=0|F1:Inbound pallet transport in east perimeter lane:Load / inspect at source:load=False:handoffs=0|F2:D3 outbound pallet staging:Transport:load=True:handoffs=0"
1.1109,3,46,10,-24.0000,0.0500,-16.6311,0.0000,1.3930,0.0000,-24.0000,0.0000,-15.0000,1.6319,7,"","","8.400:0.050:-4.500|-12.900:0.000:-6.813|-4.200:0.050:0.000|4.200:0.050:-4.500|-8.400:0.050:4.500","0.000:0.000:0.000|0.000:0.000:-0.750|0.000:0.000:0.000|0.000:0.000:0.000|0.000:0.000:0.000","20.000:0.050:-8.000|-12.215:0.000:-17.520","0.000:0.000:0.000|0.079:0.000:0.443",False,False,Moving,60.00,40.00,3.00,ForkliftInteraction,"P1:True|P2:True|P3:True|D1:True|D2:True|D3:True","H1:Rack picker: R1 staging:Load / inspect at source:load=False:handoffs=0|H2:D3 receiving inspection:Transport:load=True:handoffs=0|H3:PD station operator:Load / inspect at source:load=False:handoffs=0|H4:Trolley operator: PD2 transfer:Load / inspect at source:load=False:handoffs=0|H5:Maintenance and replenishment:Load / inspect at source:load=False:handoffs=0|F1:Inbound pallet transport in east perimeter lane:Load / inspect at source:load=False:handoffs=0|F2:D3 outbound pallet staging:Transport:load=True:handoffs=0"
1.2212,3,46,11,-24.0000,0.0500,-16.5070,0.0000,0.0000,0.0000,-24.0000,0.0000,-15.0000,1.5078,7,"","","8.400:0.050:-4.500|-12.900:0.000:-6.896|-4.200:0.050:0.000|4.200:0.050:-4.500|-8.400:0.050:4.500","0.000:0.000:0.000|0.000:0.000:-0.750|0.000:0.000:0.000|0.000:0.000:0.000|0.000:0.000:0.000","20.000:0.050:-8.000|-12.206:0.000:-17.471","0.000:0.000:0.000|0.079:0.000:0.443",False,False,Moving,60.00,40.00,3.00,ForkliftInteraction,"P1:True|P2:True|P3:True|D1:True|D2:True|D3:True","H1:Rack picker: R1 staging:Load / inspect at source:load=False:handoffs=0|H2:D3 receiving inspection:Transport:load=True:handoffs=0|H3:PD station operator:Load / inspect at source:load=False:handoffs=0|H4:Trolley operator: PD2 transfer:Load / inspect at source:load=False:handoffs=0|H5:Maintenance and replenishment:Load / inspect at source:load=False:handoffs=0|F1:Inbound pallet transport in east perimeter lane:Load / inspect at source:load=False:handoffs=0|F2:D3 outbound pallet staging:Transport:load=True:handoffs=0"
1.3319,3,46,12,-24.0000,0.0500,-16.3702,0.0000,1.6313,0.0000,-24.0000,0.0000,-15.0000,1.3711,7,"","","8.400:0.050:-4.500|-12.900:0.000:-6.979|-4.200:0.050:0.000|4.200:0.050:-4.500|-8.400:0.050:4.500","0.000:0.000:0.000|0.000:0.000:-0.750|0.000:0.000:0.000|0.000:0.000:0.000|0.000:0.000:0.000","20.000:0.050:-8.000|-12.197:0.000:-17.422","0.000:0.000:0.000|0.079:0.000:0.443",False,False,Moving,60.00,40.00,3.00,ForkliftInteraction,"P1:True|P2:True|P3:True|D1:True|D2:True|D3:True","H1:Rack picker: R1 staging:Load / inspect at source:load=False:handoffs=0|H2:D3 receiving inspection:Transport:load=True:handoffs=0|H3:PD station operator:Load / inspect at source:load=False:handoffs=0|H4:Trolley operator: PD2 transfer:Load / inspect at source:load=False:handoffs=0|H5:Maintenance and replenishment:Load / inspect at source:load=False:handoffs=0|F1:Inbound pallet transport in east perimeter lane:Load / inspect at source:load=False:handoffs=0|F2:D3 outbound pallet staging:Transport:load=True:handoffs=0"
1.4387,3,46,13,-24.0000,0.0500,-16.2266,0.0000,0.0000,0.0000,-24.0000,0.0000,-15.0000,1.2276,7,"","","8.400:0.050:-4.500|-12.900:0.000:-7.059|-4.200:0.050:0.000|4.200:0.050:-4.500|-8.400:0.050:4.500","0.000:0.000:0.000|0.000:0.000:-0.750|0.000:0.000:0.000|0.000:0.000:0.000|0.000:0.000:0.000","20.000:0.050:-8.000|-12.189:0.000:-17.375","0.000:0.000:0.000|0.079:0.000:0.443",False,False,Moving,60.00,40.00,3.00,ForkliftInteraction,"P1:True|P2:True|P3:True|D1:True|D2:True|D3:True","H1:Rack picker: R1 staging:Load / inspect at source:load=False:handoffs=0|H2:D3 receiving inspection:Transport:load=True:handoffs=0|H3:PD station operator:Load / inspect at source:load=False:handoffs=0|H4:Trolley operator: PD2 transfer:Load / inspect at source:load=False:handoffs=0|H5:Maintenance and replenishment:Load / inspect at source:load=False:handoffs=0|F1:Inbound pallet transport in east perimeter lane:Load / inspect at source:load=False:handoffs=0|F2:D3 outbound pallet staging:Transport:load=True:handoffs=0"
1.5461,3,46,14,-24.0000,0.0500,-16.0707,0.0000,2.2699,0.0000,-24.0000,0.0000,-15.0000,1.0718,7,"","","8.400:0.050:-4.500|-12.900:0.000:-7.139|-4.200:0.050:0.000|4.200:0.050:-4.500|-8.400:0.050:4.500","0.000:0.000:0.000|0.000:0.000:-0.750|0.000:0.000:0.000|0.000:0.000:0.000|0.000:0.000:0.000","20.000:0.050:-8.000|-12.180:0.000:-17.327","0.000:0.000:0.000|0.079:0.000:0.443",False,False,Moving,60.00,40.00,3.00,ForkliftInteraction,"P1:True|P2:True|P3:True|D1:True|D2:True|D3:True","H1:Rack picker: R1 staging:Load / inspect at source:load=False:handoffs=0|H2:D3 receiving inspection:Transport:load=True:handoffs=0|H3:PD station operator:Load / inspect at source:load=False:handoffs=0|H4:Trolley operator: PD2 transfer:Load / inspect at source:load=False:handoffs=0|H5:Maintenance and replenishment:Load / inspect at source:load=False:handoffs=0|F1:Inbound pallet transport in east perimeter lane:Load / inspect at source:load=False:handoffs=0|F2:D3 outbound pallet staging:Transport:load=True:handoffs=0"
1.6515,3,46,15,-24.0000,0.0500,-15.9126,0.0000,2.0373,0.0000,-24.0000,0.0000,-15.0000,0.9140,7,"","","8.400:0.050:-4.500|-12.900:0.000:-7.218|-4.200:0.050:0.000|4.200:0.050:-4.500|-8.400:0.050:4.500","0.000:0.000:0.000|0.000:0.000:-0.750|0.000:0.000:0.000|0.000:0.000:0.000|0.000:0.000:0.000","20.000:0.050:-8.000|-12.172:0.000:-17.280","0.000:0.000:0.000|0.079:0.000:0.443",False,False,Moving,60.00,40.00,3.00,ForkliftInteraction,"P1:True|P2:True|P3:True|D1:True|D2:True|D3:True","H1:Rack picker: R1 staging:Load / inspect at source:load=False:handoffs=0|H2:D3 receiving inspection:Transport:load=True:handoffs=0|H3:PD station operator:Load / inspect at source:load=False:handoffs=0|H4:Trolley operator: PD2 transfer:Load / inspect at source:load=False:handoffs=0|H5:Maintenance and replenishment:Load / inspect at source:load=False:handoffs=0|F1:Inbound pallet transport in east perimeter lane:Load / inspect at source:load=False:handoffs=0|F2:D3 outbound pallet staging:Transport:load=True:handoffs=0"
1.7588,3,46,16,-24.0000,0.0500,-15.7516,0.0000,0.0000,0.0000,-24.0000,0.0000,-15.0000,0.7533,7,"","","8.400:0.050:-4.500|-12.900:0.000:-7.299|-4.200:0.050:0.000|4.200:0.050:-4.500|-8.400:0.050:4.500","0.000:0.000:0.000|0.000:0.000:-0.750|0.000:0.000:0.000|0.000:0.000:0.000|0.000:0.000:0.000","20.000:0.050:-8.000|-12.164:0.000:-17.233","0.000:0.000:0.000|0.079:0.000:0.443",False,False,Moving,60.00,40.00,3.00,ForkliftInteraction,"P1:True|P2:True|P3:True|D1:True|D2:True|D3:True","H1:Rack picker: R1 staging:Load / inspect at source:load=False:handoffs=0|H2:D3 receiving inspection:Transport:load=True:handoffs=0|H3:PD station operator:Load / inspect at source:load=False:handoffs=0|H4:Trolley operator: PD2 transfer:Load / inspect at source:load=False:handoffs=0|H5:Maintenance and replenishment:Load / inspect at source:load=False:handoffs=0|F1:Inbound pallet transport in east perimeter lane:Load / inspect at source:load=False:handoffs=0|F2:D3 outbound pallet staging:Transport:load=True:handoffs=0"
1.8672,3,46,17,-24.0000,0.0500,-15.5902,0.0000,1.8613,0.0000,-24.0000,0.0000,-15.0000,0.5923,7,"","","8.400:0.050:-4.500|-12.900:0.000:-7.380|-4.200:0.050:0.000|4.200:0.050:-4.500|-8.400:0.050:4.500","0.000:0.000:0.000|0.000:0.000:-0.750|0.000:0.000:0.000|0.000:0.000:0.000|0.000:0.000:0.000","20.000:0.050:-8.000|-12.155:0.000:-17.185","0.000:0.000:0.000|0.079:0.000:0.443",False,False,Moving,60.00,40.00,3.00,ForkliftInteraction,"P1:True|P2:True|P3:True|D1:True|D2:True|D3:True","H1:Rack picker: R1 staging:Load / inspect at source:load=False:handoffs=0|H2:D3 receiving inspection:Transport:load=True:handoffs=0|H3:PD station operator:Load / inspect at source:load=False:handoffs=0|H4:Trolley operator: PD2 transfer:Load / inspect at source:load=False:handoffs=0|H5:Maintenance and replenishment:Load / inspect at source:load=False:handoffs=0|F1:Inbound pallet transport in east perimeter lane:Load / inspect at source:load=False:handoffs=0|F2:D3 outbound pallet staging:Transport:load=True:handoffs=0"
1.9755,3,46,18,-24.0000,0.0500,-15.4446,0.0000,0.0000,0.0000,-24.0000,0.0000,-15.0000,0.4474,7,"","","8.400:0.050:-4.500|-12.900:0.000:-7.461|-4.200:0.050:0.000|4.200:0.050:-4.500|-8.400:0.050:4.500","0.000:0.000:0.000|0.000:0.000:-0.750|0.000:0.000:0.000|0.000:0.000:0.000|0.000:0.000:0.000","20.000:0.050:-8.000|-12.147:0.000:-17.137","0.000:0.000:0.000|0.079:0.000:0.443",False,False,Moving,60.00,40.00,3.00,ForkliftInteraction,"P1:True|P2:True|P3:True|D1:True|D2:True|D3:True","H1:Rack picker: R1 staging:Load / inspect at source:load=False:handoffs=0|H2:D3 receiving inspection:Transport:load=True:handoffs=0|H3:PD station operator:Load / inspect at source:load=False:handoffs=0|H4:Trolley operator: PD2 transfer:Load / inspect at source:load=False:handoffs=0|H5:Maintenance and replenishment:Load / inspect at source:load=False:handoffs=0|F1:Inbound pallet transport in east perimeter lane:Load / inspect at source:load=False:handoffs=0|F2:D3 outbound pallet staging:Transport:load=True:handoffs=0"
2.0763,3,46,19,-24.0000,0.0500,-15.3271,314.3558,1.5442,-631.9384,-24.0000,0.0000,-15.0000,0.3309,7,"","","8.400:0.050:-4.500|-12.900:0.000:-7.537|-4.200:0.050:0.000|4.200:0.050:-4.500|-8.400:0.050:4.500","0.000:0.000:0.000|0.000:0.000:-0.750|0.000:0.000:0.000|0.000:0.000:0.000|0.000:0.000:0.000","20.000:0.050:-8.000|-12.139:0.000:-17.092","0.000:0.000:0.000|0.079:0.000:0.443",False,False,Idle,60.00,40.00,3.00,ForkliftInteraction,"P1:True|P2:True|P3:True|D1:True|D2:True|D3:True","H1:Rack picker: R1 staging:Load / inspect at source:load=False:handoffs=0|H2:D3 receiving inspection:Transport:load=True:handoffs=0|H3:PD station operator:Load / inspect at source:load=False:handoffs=0|H4:Trolley operator: PD2 transfer:Load / inspect at source:load=False:handoffs=0|H5:Maintenance and replenishment:Load / inspect at source:load=False:handoffs=0|F1:Inbound pallet transport in east perimeter lane:Load / inspect at source:load=False:handoffs=0|F2:D3 outbound pallet staging:Transport:load=True:handoffs=0"
2.1949,3,46,20,-24.0000,0.0500,-15.2113,282.1225,0.0000,0.0000,-24.0000,0.0000,-15.0000,0.2171,7,"","","8.400:0.050:-4.500|-12.900:0.000:-7.626|-4.200:0.050:0.000|4.200:0.050:-4.500|-8.400:0.050:4.500","0.000:0.000:0.000|0.000:0.000:-0.750|0.000:0.000:0.000|0.000:0.000:0.000|0.000:0.000:0.000","20.000:0.050:-8.000|-12.129:0.000:-17.040","0.000:0.000:0.000|0.079:0.000:0.443",False,False,Idle,60.00,40.00,3.00,ForkliftInteraction,"P1:True|P2:True|P3:True|D1:True|D2:True|D3:True","H1:Rack picker: R1 staging:Load / inspect at source:load=False:handoffs=0|H2:D3 receiving inspection:Transport:load=True:handoffs=0|H3:PD station operator:Load / inspect at source:load=False:handoffs=0|H4:Trolley operator: PD2 transfer:Load / inspect at source:load=False:handoffs=0|H5:Maintenance and replenishment:Load / inspect at source:load=False:handoffs=0|F1:Inbound pallet transport in east perimeter lane:Load / inspect at source:load=False:handoffs=0|F2:D3 outbound pallet staging:Transport:load=True:handoffs=0"
2.3133,3,46,21,-24.0000,0.0500,-15.1198,268.4391,0.8262,-114.5951,-24.0000,0.0000,-15.0000,0.1299,7,"","","8.400:0.050:-4.500|-12.900:0.000:-7.715|-4.200:0.050:0.000|4.200:0.050:-4.500|-8.400:0.050:4.500","0.000:0.000:0.000|0.000:0.000:-0.750|0.000:0.000:0.000|0.000:0.000:0.000|0.000:0.000:0.000","20.000:0.050:-8.000|-12.120:0.000:-16.987","0.000:0.000:0.000|0.079:0.000:0.443",False,False,Idle,60.00,40.00,3.00,ForkliftInteraction,"P1:True|P2:True|P3:True|D1:True|D2:True|D3:True","H1:Rack picker: R1 staging:Load / inspect at source:load=False:handoffs=0|H2:D3 receiving inspection:Transport:load=True:handoffs=0|H3:PD station operator:Load / inspect at source:load=False:handoffs=0|H4:Trolley operator: PD2 transfer:Load / inspect at source:load=False:handoffs=0|H5:Maintenance and replenishment:Load / inspect at source:load=False:handoffs=0|F1:Inbound pallet transport in east perimeter lane:Load / inspect at source:load=False:handoffs=0|F2:D3 outbound pallet staging:Transport:load=True:handoffs=0"
2.4204,3,46,22,-24.0000,0.0500,-15.0579,259.2902,0.0000,0.0000,-24.0000,0.0000,-15.0000,0.0765,7,"","","8.400:0.050:-4.500|-12.900:0.000:-7.795|-4.200:0.050:0.000|4.200:0.050:-4.500|-8.400:0.050:4.500","0.000:0.000:0.000|0.000:0.000:-0.750|0.000:0.000:0.000|0.000:0.000:0.000|0.000:0.000:0.000","20.000:0.050:-8.000|-12.112:0.000:-16.940","0.000:0.000:0.000|0.079:0.000:0.443",False,False,Idle,60.00,40.00,3.00,ForkliftInteraction,"P1:True|P2:True|P3:True|D1:True|D2:True|D3:True","H1:Rack picker: R1 staging:Load / inspect at source:load=False:handoffs=0|H2:D3 receiving inspection:Transport:load=True:handoffs=0|H3:PD station operator:Load / inspect at source:load=False:handoffs=0|H4:Trolley operator: PD2 transfer:Load / inspect at source:load=False:handoffs=0|H5:Maintenance and replenishment:Load / inspect at source:load=False:handoffs=0|F1:Inbound pallet transport in east perimeter lane:Load / inspect at source:load=False:handoffs=0|F2:D3 outbound pallet staging:Transport:load=True:handoffs=0"
2.5272,3,46,23,-24.0000,0.0500,-15.0168,260.5244,0.4511,114.8041,-24.0000,0.0000,-15.0000,0.0527,7,"","","8.400:0.050:-4.500|-12.900:0.000:-7.875|-4.200:0.050:0.000|4.200:0.050:-4.500|-8.400:0.050:4.500","0.000:0.000:0.019|0.000:0.000:-0.750|0.000:0.000:0.019|0.000:0.000:0.019|0.000:0.000:0.019","20.000:0.050:-8.000|-12.103:0.000:-16.892","0.000:0.000:0.019|0.079:0.000:0.443",False,False,Idle,60.00,40.00,3.00,ForkliftInteraction,"P1:True|P2:True|P3:True|D1:True|D2:True|D3:True","H1:Rack picker: R1 staging:Transport to work bay:load=True:handoffs=0|H2:D3 receiving inspection:Transport:load=True:handoffs=0|H3:PD station operator:Transport to work bay:load=False:handoffs=0|H4:Trolley operator: PD2 transfer:Transport to work bay:load=True:handoffs=0|H5:Maintenance and replenishment:Transport to work bay:load=False:handoffs=0|F1:Inbound pallet transport in east perimeter lane:Transport to work bay:load=True:handoffs=0|F2:D3 outbound pallet staging:Transport:load=True:handoffs=0"
2.6312,3,46,24,-24.0000,0.0500,-15.0000,267.5594,0.2035,120.2103,-24.0000,0.0000,-15.0000,0.0500,7,"","","8.400:0.050:-4.492|-12.900:0.000:-7.953|-4.200:0.050:0.008|4.200:0.050:-4.492|-8.400:0.050:4.508","0.000:0.000:0.102|0.000:0.000:-0.750|0.000:0.000:0.102|0.000:0.000:0.102|0.000:0.000:0.102","20.000:0.050:-7.992|-12.095:0.000:-16.846","0.000:0.000:0.102|0.079:0.000:0.443",False,False,Idle,60.00,40.00,3.00,ForkliftInteraction,"P1:True|P2:True|P3:True|D1:True|D2:True|D3:True","H1:Rack picker: R1 staging:Transport to work bay:load=True:handoffs=0|H2:D3 receiving inspection:Transport:load=True:handoffs=0|H3:PD station operator:Transport to work bay:load=False:handoffs=0|H4:Trolley operator: PD2 transfer:Transport to work bay:load=True:handoffs=0|H5:Maintenance and replenishment:Transport to work bay:load=False:handoffs=0|F1:Inbound pallet transport in east perimeter lane:Transport to work bay:load=True:handoffs=0|F2:D3 outbound pallet staging:Transport:load=True:handoffs=0"
2.7511,3,46,25,-24.0000,0.0500,-15.0000,267.5594,0.0000,0.0000,-24.0000,0.0000,-15.0000,0.0500,7,"","","8.400:0.050:-4.473|-12.900:0.000:-8.043|-4.200:0.050:0.027|4.200:0.050:-4.473|-8.400:0.050:4.527","0.000:0.000:0.198|0.000:0.000:-0.750|0.000:0.000:0.198|0.000:0.000:0.198|0.000:0.000:0.198","20.000:0.050:-7.973|-12.085:0.000:-16.793","0.000:0.000:0.198|0.079:0.000:0.443",False,False,Idle,60.00,40.00,3.00,ForkliftInteraction,"P1:True|P2:True|P3:True|D1:True|D2:True|D3:True","H1:Rack picker: R1 staging:Transport to work bay:load=True:handoffs=0|H2:D3 receiving inspection:Transport:load=True:handoffs=0|H3:PD station operator:Transport to work bay:load=False:handoffs=0|H4:Trolley operator: PD2 transfer:Transport to work bay:load=True:handoffs=0|H5:Maintenance and replenishment:Transport to work bay:load=False:handoffs=0|F1:Inbound pallet transport in east perimeter lane:Transport to work bay:load=True:handoffs=0|F2:D3 outbound pallet staging:Transport:load=True:handoffs=0"
2.8556,3,46,26,-24.0000,0.0500,-15.0000,267.5594,0.0000,0.0000,-24.0000,0.0000,-15.0000,0.0500,7,"","","8.400:0.050:-4.447|-12.900:0.000:-8.121|-4.200:0.050:0.053|4.200:0.050:-4.447|-8.400:0.050:4.553","0.000:0.000:0.282|0.000:0.000:-0.750|0.000:0.000:0.282|0.000:0.000:0.282|0.000:0.000:0.282","20.000:0.050:-7.947|-12.077:0.000:-16.747","0.000:0.000:0.282|0.079:0.000:0.443",False,False,Idle,60.00,40.00,3.00,ForkliftInteraction,"P1:True|P2:True|P3:True|D1:True|D2:True|D3:True","H1:Rack picker: R1 staging:Transport to work bay:load=True:handoffs=0|H2:D3 receiving inspection:Transport:load=True:handoffs=0|H3:PD station operator:Transport to work bay:load=False:handoffs=0|H4:Trolley operator: PD2 transfer:Transport to work bay:load=True:handoffs=0|H5:Maintenance and replenishment:Transport to work bay:load=False:handoffs=0|F1:Inbound pallet transport in east perimeter lane:Transport to work bay:load=True:handoffs=0|F2:D3 outbound pallet staging:Transport:load=True:handoffs=0"
2.9602,3,46,27,-24.0000,0.0500,-15.0000,267.5594,0.0000,0.0000,-24.0000,0.0000,-15.0000,0.0500,7,"","","8.400:0.050:-4.412|-12.900:0.000:-8.200|-4.200:0.050:0.088|4.200:0.050:-4.412|-8.400:0.050:4.588","0.000:0.000:0.366|0.000:0.000:-0.750|0.000:0.000:0.366|0.000:0.000:0.366|0.000:0.000:0.366","20.000:0.050:-7.912|-12.069:0.000:-16.701","0.000:0.000:0.366|0.079:0.000:0.443",False,False,Idle,60.00,40.00,3.00,ForkliftInteraction,"P1:True|P2:True|P3:True|D1:True|D2:True|D3:True","H1:Rack picker: R1 staging:Transport to work bay:load=True:handoffs=0|H2:D3 receiving inspection:Transport:load=True:handoffs=0|H3:PD station operator:Transport to work bay:load=False:handoffs=0|H4:Trolley operator: PD2 transfer:Transport to work bay:load=True:handoffs=0|H5:Maintenance and replenishment:Transport to work bay:load=False:handoffs=0|F1:Inbound pallet transport in east perimeter lane:Transport to work bay:load=True:handoffs=0|F2:D3 outbound pallet staging:Transport:load=True:handoffs=0"
3.0841,3,46,28,-24.0000,0.0500,-15.0000,267.5594,0.0000,0.0000,-24.0000,0.0000,-15.0000,0.0500,7,"","","8.400:0.050:-4.360|-12.900:0.000:-8.293|-4.200:0.050:0.140|4.200:0.050:-4.360|-8.400:0.050:4.640","0.000:0.000:0.465|0.000:0.000:-0.750|0.000:0.000:0.465|0.000:0.000:0.465|0.000:0.000:0.465","20.000:0.050:-7.860|-12.059:0.000:-16.646","0.000:0.000:0.465|0.079:0.000:0.443",False,False,Idle,60.00,40.00,3.00,ForkliftInteraction,"P1:True|P2:True|P3:True|D1:True|D2:True|D3:True","H1:Rack picker: R1 staging:Transport to work bay:load=True:handoffs=0|H2:D3 receiving inspection:Transport:load=True:handoffs=0|H3:PD station operator:Transport to work bay:load=False:handoffs=0|H4:Trolley operator: PD2 transfer:Transport to work bay:load=True:handoffs=0|H5:Maintenance and replenishment:Transport to work bay:load=False:handoffs=0|F1:Inbound pallet transport in east perimeter lane:Transport to work bay:load=True:handoffs=0|F2:D3 outbound pallet staging:Transport:load=True:handoffs=0"
3.2009,3,46,29,-24.0000,0.0500,-15.0000,267.5594,0.0000,0.0000,-24.0000,0.0000,-15.0000,0.0500,7,"","","8.400:0.050:-4.299|-12.900:0.000:-8.380|-4.200:0.050:0.201|4.200:0.050:-4.299|-8.400:0.050:4.701","0.000:0.000:0.558|0.000:0.000:-0.750|0.000:0.000:0.558|0.000:0.000:0.558|0.000:0.000:0.558","20.000:0.050:-7.799|-12.050:0.000:-16.594","0.000:0.000:0.558|0.079:0.000:0.443",False,False,Idle,60.00,40.00,3.00,ForkliftInteraction,"P1:True|P2:True|P3:True|D1:True|D2:True|D3:True","H1:Rack picker: R1 staging:Transport to work bay:load=True:handoffs=0|H2:D3 receiving inspection:Transport:load=True:handoffs=0|H3:PD station operator:Transport to work bay:load=False:handoffs=0|H4:Trolley operator: PD2 transfer:Transport to work bay:load=True:handoffs=0|H5:Maintenance and replenishment:Transport to work bay:load=False:handoffs=0|F1:Inbound pallet transport in east perimeter lane:Transport to work bay:load=True:handoffs=0|F2:D3 outbound pallet staging:Transport:load=True:handoffs=0"
3.3131,3,46,30,-24.0000,0.0500,-15.0000,267.5594,0.0000,0.0000,-24.0000,0.0000,-15.0000,0.0500,7,"","","8.400:0.050:-4.230|-12.900:0.000:-8.464|-4.200:0.050:0.270|4.200:0.050:-4.230|-8.400:0.050:4.770","0.000:0.000:0.648|0.000:0.000:-0.750|0.000:0.000:0.648|0.000:0.000:0.648|0.000:0.000:0.648","20.000:0.050:-7.730|-12.041:0.000:-16.544","0.000:0.000:0.648|0.079:0.000:0.443",False,False,Idle,60.00,40.00,3.00,ForkliftInteraction,"P1:True|P2:True|P3:True|D1:True|D2:True|D3:True","H1:Rack picker: R1 staging:Transport to work bay:load=True:handoffs=0|H2:D3 receiving inspection:Transport:load=True:handoffs=0|H3:PD station operator:Transport to work bay:load=False:handoffs=0|H4:Trolley operator: PD2 transfer:Transport to work bay:load=True:handoffs=0|H5:Maintenance and replenishment:Transport to work bay:load=False:handoffs=0|F1:Inbound pallet transport in east perimeter lane:Transport to work bay:load=True:handoffs=0|F2:D3 outbound pallet staging:Transport:load=True:handoffs=0"
3.4283,3,46,31,-24.0000,0.0500,-15.0000,267.5594,0.0000,0.0000,-24.0000,0.0000,-15.0000,0.0500,7,"","","8.400:0.050:-4.154|-12.900:0.000:-8.551|-4.200:0.050:0.351|4.200:0.050:-4.154|-8.400:0.050:4.851","0.000:0.000:0.656|0.000:0.000:-0.750|0.000:0.000:0.740|0.000:0.000:0.656|0.000:0.000:0.740","20.000:0.050:-7.649|-12.032:0.000:-16.493","0.000:0.000:0.740|0.079:0.000:0.443",False,False,Idle,60.00,40.00,3.00,ForkliftInteraction,"P1:True|P2:True|P3:True|D1:True|D2:True|D3:True","H1:Rack picker: R1 staging:Transport to work bay:load=True:handoffs=0|H2:D3 receiving inspection:Transport:load=True:handoffs=0|H3:PD station operator:Transport to work bay:load=False:handoffs=0|H4:Trolley operator: PD2 transfer:Transport to work bay:load=True:handoffs=0|H5:Maintenance and replenishment:Transport to work bay:load=False:handoffs=0|F1:Inbound pallet transport in east perimeter lane:Transport to work bay:load=True:handoffs=0|F2:D3 outbound pallet staging:Transport:load=True:handoffs=0"
3.5389,3,46,32,-24.0000,0.0500,-15.0000,267.5594,0.0000,0.0000,-24.0000,0.0000,-15.0000,0.0500,7,"","","8.400:0.050:-4.082|-12.900:0.000:-8.634|-4.200:0.050:0.438|4.200:0.050:-4.082|-8.400:0.050:4.938","0.000:0.000:0.656|0.000:0.000:-0.750|0.000:0.000:0.800|0.000:0.000:0.656|0.000:0.000:0.800","20.000:0.050:-7.561|-12.023:0.000:-16.444","0.000:0.000:0.829|0.079:0.000:0.443",False,False,Idle,60.00,40.00,3.00,ForkliftInteraction,"P1:True|P2:True|P3:True|D1:True|D2:True|D3:True","H1:Rack picker: R1 staging:Transport to work bay:load=True:handoffs=0|H2:D3 receiving inspection:Transport:load=True:handoffs=0|H3:PD station operator:Transport to work bay:load=False:handoffs=0|H4:Trolley operator: PD2 transfer:Transport to work bay:load=True:handoffs=0|H5:Maintenance and replenishment:Transport to work bay:load=False:handoffs=0|F1:Inbound pallet transport in east perimeter lane:Transport to work bay:load=True:handoffs=0|F2:D3 outbound pallet staging:Transport:load=True:handoffs=0"
3.6551,3,46,33,-24.0000,0.0500,-15.0000,267.5594,0.0000,0.0000,-24.0000,0.0000,-15.0000,0.0500,7,"","","8.400:0.050:-4.006|-12.900:0.000:-8.721|-4.200:0.050:0.531|4.200:0.050:-4.006|-8.400:0.050:5.031","0.000:0.000:0.656|0.000:0.000:-0.750|0.000:0.000:0.800|0.000:0.000:0.656|0.000:0.000:0.800","20.000:0.050:-7.459|-12.014:0.000:-16.393","0.000:0.000:0.922|0.079:0.000:0.443",False,False,Idle,60.00,40.00,3.00,ForkliftInteraction,"P1:True|P2:True|P3:True|D1:True|D2:True|D3:True","H1:Rack picker: R1 staging:Transport to work bay:load=True:handoffs=0|H2:D3 receiving inspection:Transport:load=True:handoffs=0|H3:PD station operator:Transport to work bay:load=False:handoffs=0|H4:Trolley operator: PD2 transfer:Transport to work bay:load=True:handoffs=0|H5:Maintenance and replenishment:Transport to work bay:load=False:handoffs=0|F1:Inbound pallet transport in east perimeter lane:Transport to work bay:load=True:handoffs=0|F2:D3 outbound pallet staging:Transport:load=True:handoffs=0"
3.7707,3,46,34,-24.0000,0.0500,-15.0000,267.5594,0.0000,0.0000,-24.0000,0.0000,-15.0000,0.0500,7,"","","8.400:0.050:-3.930|-12.900:0.000:-8.808|-4.200:0.050:0.623|4.200:0.050:-3.930|-8.400:0.050:5.123","0.000:0.000:0.656|0.000:0.000:-0.750|0.000:0.000:0.800|0.000:0.000:0.656|0.000:0.000:0.800","20.000:0.050:-7.346|-12.005:0.000:-16.341","0.000:0.000:1.014|0.079:0.000:0.443",False,False,Idle,60.00,40.00,3.00,ForkliftInteraction,"P1:True|P2:True|P3:True|D1:True|D2:True|D3:True","H1:Rack picker: R1 staging:Transport to work bay:load=True:handoffs=0|H2:D3 receiving inspection:Transport:load=True:handoffs=0|H3:PD station operator:Transport to work bay:load=False:handoffs=0|H4:Trolley operator: PD2 transfer:Transport to work bay:load=True:handoffs=0|H5:Maintenance and replenishment:Transport to work bay:load=False:handoffs=0|F1:Inbound pallet transport in east perimeter lane:Transport to work bay:load=True:handoffs=0|F2:D3 outbound pallet staging:Transport:load=True:handoffs=0"
3.8823,3,46,35,-24.0000,0.0500,-15.0000,267.5594,0.0000,0.0000,-24.0000,0.0000,-15.0000,0.0500,7,"","","8.400:0.050:-3.857|-12.900:0.000:-8.891|-4.200:0.050:0.713|4.200:0.050:-3.857|-8.400:0.050:5.213","0.000:0.000:0.656|0.000:0.000:-0.750|0.000:0.000:0.800|0.000:0.000:0.656|0.000:0.000:0.800","20.000:0.050:-7.228|-11.996:0.000:-16.292","0.000:0.000:1.066|0.079:0.000:0.443",False,False,Idle,60.00,40.00,3.00,ForkliftInteraction,"P1:True|P2:True|P3:True|D1:True|D2:True|D3:True","H1:Rack picker: R1 staging:Transport to work bay:load=True:handoffs=0|H2:D3 receiving inspection:Transport:load=True:handoffs=0|H3:PD station operator:Transport to work bay:load=False:handoffs=0|H4:Trolley operator: PD2 transfer:Transport to work bay:load=True:handoffs=0|H5:Maintenance and replenishment:Transport to work bay:load=False:handoffs=0|F1:Inbound pallet transport in east perimeter lane:Transport to work bay:load=True:handoffs=0|F2:D3 outbound pallet staging:Transport:load=True:handoffs=0"
3.9851,3,46,36,-24.0000,0.0500,-15.0000,267.5594,0.0000,0.0000,-24.0000,0.0000,-15.0000,0.0500,7,"","","8.400:0.050:-3.789|-12.900:0.000:-8.968|-4.200:0.050:0.795|4.200:0.050:-3.789|-8.400:0.050:5.295","0.000:0.000:0.656|0.000:0.000:-0.750|0.000:0.000:0.800|0.000:0.000:0.656|0.000:0.000:0.800","20.000:0.050:-7.118|-11.988:0.000:-16.246","0.000:0.000:1.066|0.079:0.000:0.443",False,False,Idle,60.00,40.00,3.00,ForkliftInteraction,"P1:True|P2:True|P3:True|D1:True|D2:True|D3:True","H1:Rack picker: R1 staging:Transport to work bay:load=True:handoffs=0|H2:D3 receiving inspection:Transport:load=True:handoffs=0|H3:PD station operator:Transport to work bay:load=False:handoffs=0|H4:Trolley operator: PD2 transfer:Transport to work bay:load=True:handoffs=0|H5:Maintenance and replenishment:Transport to work bay:load=False:handoffs=0|F1:Inbound pallet transport in east perimeter lane:Transport to work bay:load=True:handoffs=0|F2:D3 outbound pallet staging:Transport:load=True:handoffs=0"
4.1101,3,46,37,-24.0000,0.0500,-15.0000,267.5594,0.0000,0.0000,-24.0000,0.0000,-15.0000,0.0500,7,"","","8.400:0.050:-3.707|-12.900:0.000:-9.062|-4.200:0.050:0.895|4.200:0.050:-3.707|-8.400:0.050:5.395","0.000:0.000:0.656|0.000:0.000:-0.750|0.000:0.000:0.800|0.000:0.000:0.656|0.000:0.000:0.800","20.000:0.050:-6.985|-11.978:0.000:-16.191","0.000:0.000:1.066|0.079:0.000:0.443",False,False,Idle,60.00,40.00,3.00,ForkliftInteraction,"P1:True|P2:True|P3:True|D1:True|D2:True|D3:True","H1:Rack picker: R1 staging:Transport to work bay:load=True:handoffs=0|H2:D3 receiving inspection:Transport:load=True:handoffs=0|H3:PD station operator:Transport to work bay:load=False:handoffs=0|H4:Trolley operator: PD2 transfer:Transport to work bay:load=True:handoffs=0|H5:Maintenance and replenishment:Transport to work bay:load=False:handoffs=0|F1:Inbound pallet transport in east perimeter lane:Transport to work bay:load=True:handoffs=0|F2:D3 outbound pallet staging:Transport:load=True:handoffs=0"
4.2288,3,46,38,-24.0000,0.0500,-15.0000,267.5594,0.0000,0.0000,-24.0000,0.0000,-15.0000,0.0500,7,"","","8.400:0.050:-3.629|-12.900:0.000:-9.151|-4.200:0.050:0.990|4.200:0.050:-3.629|-8.400:0.050:5.490","0.000:0.000:0.656|0.000:0.000:-0.750|0.000:0.000:0.800|0.000:0.000:0.656|0.000:0.000:0.800","20.000:0.050:-6.858|-11.969:0.000:-16.138","0.000:0.000:1.066|0.079:0.000:0.443",False,False,Idle,60.00,40.00,3.00,ForkliftInteraction,"P1:True|P2:True|P3:True|D1:True|D2:True|D3:True","H1:Rack picker: R1 staging:Transport to work bay:load=True:handoffs=0|H2:D3 receiving inspection:Transport:load=True:handoffs=0|H3:PD station operator:Transport to work bay:load=False:handoffs=0|H4:Trolley operator: PD2 transfer:Transport to work bay:load=True:handoffs=0|H5:Maintenance and replenishment:Transport to work bay:load=False:handoffs=0|F1:Inbound pallet transport in east perimeter lane:Transport to work bay:load=True:handoffs=0|F2:D3 outbound pallet staging:Transport:load=True:handoffs=0"
4.3380,3,46,39,-24.0000,0.0500,-15.0000,267.5594,0.0000,0.0000,-24.0000,0.0000,-15.0000,0.0500,7,"","","8.400:0.050:-3.558|-12.900:0.000:-9.233|-4.200:0.050:1.077|4.200:0.050:-3.558|-8.400:0.050:5.577","0.000:0.000:0.656|0.000:0.000:-0.750|0.000:0.000:0.800|0.000:0.000:0.656|0.000:0.000:0.800","20.000:0.050:-6.742|-11.960:0.000:-16.090","0.000:0.000:1.066|0.079:0.000:0.443",False,False,Idle,60.00,40.00,3.00,ForkliftInteraction,"P1:True|P2:True|P3:True|D1:True|D2:True|D3:True","H1:Rack picker: R1 staging:Transport to work bay:load=True:handoffs=0|H2:D3 receiving inspection:Transport:load=True:handoffs=0|H3:PD station operator:Transport to work bay:load=False:handoffs=0|H4:Trolley operator: PD2 transfer:Transport to work bay:load=True:handoffs=0|H5:Maintenance and replenishment:Transport to work bay:load=False:handoffs=0|F1:Inbound pallet transport in east perimeter lane:Transport to work bay:load=True:handoffs=0|F2:D3 outbound pallet staging:Transport:load=True:handoffs=0"
4.4471,3,46,40,-24.0000,0.0500,-15.0000,267.5594,0.0000,0.0000,-24.0000,0.0000,-15.0000,0.0500,7,"","","8.400:0.050:-3.486|-12.900:0.000:-9.315|-4.200:0.050:1.164|4.200:0.050:-3.486|-8.400:0.050:5.664","0.000:0.000:0.656|0.000:0.000:-0.750|0.000:0.000:0.800|0.000:0.000:0.656|0.000:0.000:0.800","20.000:0.050:-6.626|-11.952:0.000:-16.042","0.000:0.000:1.066|0.079:0.000:0.443",False,False,Idle,60.00,40.00,3.00,ForkliftInteraction,"P1:True|P2:True|P3:True|D1:True|D2:True|D3:True","H1:Rack picker: R1 staging:Transport to work bay:load=True:handoffs=0|H2:D3 receiving inspection:Transport:load=True:handoffs=0|H3:PD station operator:Transport to work bay:load=False:handoffs=0|H4:Trolley operator: PD2 transfer:Transport to work bay:load=True:handoffs=0|H5:Maintenance and replenishment:Transport to work bay:load=False:handoffs=0|F1:Inbound pallet transport in east perimeter lane:Transport to work bay:load=True:handoffs=0|F2:D3 outbound pallet staging:Transport:load=True:handoffs=0"
4.5587,3,46,41,-24.0000,0.0500,-15.0000,267.5594,0.0000,0.0000,-24.0000,0.0000,-15.0000,0.0500,7,"","","8.400:0.050:-3.413|-12.900:0.000:-9.399|-4.200:0.050:1.254|4.200:0.050:-3.413|-8.400:0.050:5.754","0.000:0.000:0.656|0.000:0.000:-0.750|0.000:0.000:0.800|0.000:0.000:0.656|0.000:0.000:0.800","20.000:0.050:-6.507|-11.943:0.000:-15.992","0.000:0.000:1.066|0.079:0.000:0.443",False,False,Idle,60.00,40.00,3.00,ForkliftInteraction,"P1:True|P2:True|P3:True|D1:True|D2:True|D3:True","H1:Rack picker: R1 staging:Transport to work bay:load=True:handoffs=0|H2:D3 receiving inspection:Transport:load=True:handoffs=0|H3:PD station operator:Transport to work bay:load=False:handoffs=0|H4:Trolley operator: PD2 transfer:Transport to work bay:load=True:handoffs=0|H5:Maintenance and replenishment:Transport to work bay:load=False:handoffs=0|F1:Inbound pallet transport in east perimeter lane:Transport to work bay:load=True:handoffs=0|F2:D3 outbound pallet staging:Transport:load=True:handoffs=0"
4.6750,3,46,42,-24.0000,0.0500,-15.0000,267.5594,0.0000,0.0000,-24.0000,0.0000,-15.0000,0.0500,7,"","","8.400:0.050:-3.337|-12.900:0.000:-9.486|-4.200:0.050:1.347|4.200:0.050:-3.337|-8.400:0.050:5.847","0.000:0.000:0.656|0.000:0.000:-0.750|0.000:0.000:0.800|0.000:0.000:0.656|0.000:0.000:0.800","20.000:0.050:-6.383|-11.934:0.000:-15.941","0.000:0.000:1.066|0.079:0.000:0.443",False,False,Idle,60.00,40.00,3.00,ForkliftInteraction,"P1:True|P2:True|P3:True|D1:True|D2:True|D3:True","H1:Rack picker: R1 staging:Transport to work bay:load=True:handoffs=0|H2:D3 receiving inspection:Transport:load=True:handoffs=0|H3:PD station operator:Transport to work bay:load=False:handoffs=0|H4:Trolley operator: PD2 transfer:Transport to work bay:load=True:handoffs=0|H5:Maintenance and replenishment:Transport to work bay:load=False:handoffs=0|F1:Inbound pallet transport in east perimeter lane:Transport to work bay:load=True:handoffs=0|F2:D3 outbound pallet staging:Transport:load=True:handoffs=0"
4.7903,3,46,43,-24.0000,0.0500,-15.0000,267.5594,0.0000,0.0000,-24.0000,0.0000,-15.0000,0.0500,7,"","","8.400:0.050:-3.261|-12.900:0.000:-9.572|-4.200:0.050:1.439|4.200:0.050:-3.261|-8.400:0.050:5.939","0.000:0.000:0.656|0.000:0.000:-0.750|0.000:0.000:0.800|0.000:0.000:0.656|0.000:0.000:0.800","20.000:0.050:-6.260|-11.925:0.000:-15.890","0.000:0.000:1.066|0.079:0.000:0.443",False,False,Idle,60.00,40.00,3.00,ForkliftInteraction,"P1:True|P2:True|P3:True|D1:True|D2:True|D3:True","H1:Rack picker: R1 staging:Transport to work bay:load=True:handoffs=0|H2:D3 receiving inspection:Transport:load=True:handoffs=0|H3:PD station operator:Transport to work bay:load=False:handoffs=0|H4:Trolley operator: PD2 transfer:Transport to work bay:load=True:handoffs=0|H5:Maintenance and replenishment:Transport to work bay:load=False:handoffs=0|F1:Inbound pallet transport in east perimeter lane:Transport to work bay:load=True:handoffs=0|F2:D3 outbound pallet staging:Transport:load=True:handoffs=0"
4.9027,3,46,44,-24.0000,0.0500,-15.0000,267.5594,0.0000,0.0000,-24.0000,0.0000,-15.0000,0.0500,7,"","","8.400:0.050:-3.187|-12.900:0.000:-9.657|-4.200:0.050:1.529|4.200:0.050:-3.187|-8.400:0.050:6.029","0.000:0.000:0.656|0.000:0.000:-0.750|0.000:0.000:0.800|0.000:0.000:0.656|0.000:0.000:0.800","20.000:0.050:-6.140|-11.916:0.000:-15.840","0.000:0.000:1.066|0.079:0.000:0.443",False,False,Idle,60.00,40.00,3.00,ForkliftInteraction,"P1:True|P2:True|P3:True|D1:True|D2:True|D3:True","H1:Rack picker: R1 staging:Transport to work bay:load=True:handoffs=0|H2:D3 receiving inspection:Transport:load=True:handoffs=0|H3:PD station operator:Transport to work bay:load=False:handoffs=0|H4:Trolley operator: PD2 transfer:Transport to work bay:load=True:handoffs=0|H5:Maintenance and replenishment:Transport to work bay:load=False:handoffs=0|F1:Inbound pallet transport in east perimeter lane:Transport to work bay:load=True:handoffs=0|F2:D3 outbound pallet staging:Transport:load=True:handoffs=0"
5.0193,3,46,45,-24.0000,0.0500,-15.0000,267.5594,0.0000,0.0000,-24.0000,0.0000,-15.0000,0.0500,7,"","","8.400:0.050:-3.111|-12.900:0.000:-9.744|-4.200:0.050:1.622|4.200:0.050:-3.111|-8.400:0.050:6.122","0.000:0.000:0.656|0.000:0.000:-0.750|0.000:0.000:0.800|0.000:0.000:0.656|0.000:0.000:0.800","20.000:0.050:-6.016|-11.907:0.000:-15.788","0.000:0.000:1.066|0.079:0.000:0.443",False,False,Idle,60.00,40.00,3.00,ForkliftInteraction,"P1:True|P2:True|P3:True|D1:True|D2:True|D3:True","H1:Rack picker: R1 staging:Transport to work bay:load=True:handoffs=0|H2:D3 receiving inspection:Transport:load=True:handoffs=0|H3:PD station operator:Transport to work bay:load=False:handoffs=0|H4:Trolley operator: PD2 transfer:Transport to work bay:load=True:handoffs=0|H5:Maintenance and replenishment:Transport to work bay:load=False:handoffs=0|F1:Inbound pallet transport in east perimeter lane:Transport to work bay:load=True:handoffs=0|F2:D3 outbound pallet staging:Transport:load=True:handoffs=0"
5.1356,3,46,46,-24.0000,0.0500,-15.0000,267.5594,0.0000,0.0000,-24.0000,0.0000,-15.0000,0.0500,7,"","","8.400:0.050:-3.034|-12.900:0.000:-9.831|-4.200:0.050:1.715|4.200:0.050:-3.034|-8.400:0.050:6.215","0.000:0.000:0.656|0.000:0.000:-0.750|0.000:0.000:0.800|0.000:0.000:0.656|0.000:0.000:0.800","20.000:0.050:-5.892|-11.898:0.000:-15.737","0.000:0.000:1.066|0.079:0.000:0.443",False,False,Idle,60.00,40.00,3.00,ForkliftInteraction,"P1:True|P2:True|P3:True|D1:True|D2:True|D3:True","H1:Rack picker: R1 staging:Transport to work bay:load=True:handoffs=0|H2:D3 receiving inspection:Transport:load=True:handoffs=0|H3:PD station operator:Transport to work bay:load=False:handoffs=0|H4:Trolley operator: PD2 transfer:Transport to work bay:load=True:handoffs=0|H5:Maintenance and replenishment:Transport to work bay:load=False:handoffs=0|F1:Inbound pallet transport in east perimeter lane:Transport to work bay:load=True:handoffs=0|F2:D3 outbound pallet staging:Transport:load=True:handoffs=0"
5.2546,3,46,47,-24.0000,0.0500,-15.0000,267.5594,0.0000,0.0000,-24.0000,0.0000,-15.0000,0.0500,7,"","","8.400:0.050:-2.956|-12.900:0.000:-9.921|-4.200:0.050:1.810|4.200:0.050:-2.956|-8.400:0.050:6.310","0.000:0.000:0.656|0.000:0.000:-0.750|0.000:0.000:0.800|0.000:0.000:0.656|0.000:0.000:0.800","20.000:0.050:-5.765|-11.888:0.000:-15.684","0.000:0.000:1.066|0.079:0.000:0.443",False,False,Idle,60.00,40.00,3.00,ForkliftInteraction,"P1:True|P2:True|P3:True|D1:True|D2:True|D3:True","H1:Rack picker: R1 staging:Transport to work bay:load=True:handoffs=0|H2:D3 receiving inspection:Transport:load=True:handoffs=0|H3:PD station operator:Transport to work bay:load=False:handoffs=0|H4:Trolley operator: PD2 transfer:Transport to work bay:load=True:handoffs=0|H5:Maintenance and replenishment:Transport to work bay:load=False:handoffs=0|F1:Inbound pallet transport in east perimeter lane:Transport to work bay:load=True:handoffs=0|F2:D3 outbound pallet staging:Transport:load=True:handoffs=0"
5.3722,3,46,48,-24.0000,0.0500,-15.0000,267.5594,0.0000,0.0000,-24.0000,0.0000,-15.0000,0.0500,7,"","","8.400:0.050:-2.879|-12.900:0.000:-10.009|-4.200:0.050:1.905|4.200:0.050:-2.879|-8.400:0.050:6.405","0.000:0.000:0.656|0.000:0.000:-0.750|0.000:0.000:0.800|0.000:0.000:0.656|0.000:0.000:0.800","20.000:0.050:-5.639|-11.879:0.000:-15.632","0.000:0.000:1.066|0.079:0.000:0.443",False,False,Idle,60.00,40.00,3.00,ForkliftInteraction,"P1:True|P2:True|P3:True|D1:True|D2:True|D3:True","H1:Rack picker: R1 staging:Transport to work bay:load=True:handoffs=0|H2:D3 receiving inspection:Transport:load=True:handoffs=0|H3:PD station operator:Transport to work bay:load=False:handoffs=0|H4:Trolley operator: PD2 transfer:Transport to work bay:load=True:handoffs=0|H5:Maintenance and replenishment:Transport to work bay:load=False:handoffs=0|F1:Inbound pallet transport in east perimeter lane:Transport to work bay:load=True:handoffs=0|F2:D3 outbound pallet staging:Transport:load=True:handoffs=0"
5.4842,3,46,49,-24.0000,0.0500,-15.0000,267.5594,0.0000,0.0000,-24.0000,0.0000,-15.0000,0.0500,7,"","","8.400:0.050:-2.806|-12.900:0.000:-10.093|-4.200:0.050:1.994|4.200:0.050:-2.806|-8.400:0.050:6.494","0.000:0.000:0.656|0.000:0.000:-0.750|0.000:0.000:0.800|0.000:0.000:0.656|0.000:0.000:0.800","20.000:0.050:-5.520|-11.870:0.000:-15.582","0.000:0.000:1.066|0.079:0.000:0.443",False,False,Idle,60.00,40.00,3.00,ForkliftInteraction,"P1:True|P2:True|P3:True|D1:True|D2:True|D3:True","H1:Rack picker: R1 staging:Transport to work bay:load=True:handoffs=0|H2:D3 receiving inspection:Transport:load=True:handoffs=0|H3:PD station operator:Transport to work bay:load=False:handoffs=0|H4:Trolley operator: PD2 transfer:Transport to work bay:load=True:handoffs=0|H5:Maintenance and replenishment:Transport to work bay:load=False:handoffs=0|F1:Inbound pallet transport in east perimeter lane:Transport to work bay:load=True:handoffs=0|F2:D3 outbound pallet staging:Transport:load=True:handoffs=0"
5.5990,3,46,50,-24.0000,0.0500,-15.0000,267.5594,0.0000,0.0000,-24.0000,0.0000,-15.0000,0.0500,7,"","","8.400:0.050:-2.730|-12.900:0.000:-10.179|-4.200:0.050:2.086|4.200:0.050:-2.730|-8.400:0.050:6.586","0.000:0.000:0.656|0.000:0.000:-0.750|0.000:0.000:0.800|0.000:0.000:0.656|0.000:0.000:0.800","20.000:0.050:-5.398|-11.861:0.000:-15.531","0.000:0.000:1.066|0.079:0.000:0.443",False,False,Idle,60.00,40.00,3.00,ForkliftInteraction,"P1:True|P2:True|P3:True|D1:True|D2:True|D3:True","H1:Rack picker: R1 staging:Transport to work bay:load=True:handoffs=0|H2:D3 receiving inspection:Transport:load=True:handoffs=0|H3:PD station operator:Transport to work bay:load=False:handoffs=0|H4:Trolley operator: PD2 transfer:Transport to work bay:load=True:handoffs=0|H5:Maintenance and replenishment:Transport to work bay:load=False:handoffs=0|F1:Inbound pallet transport in east perimeter lane:Transport to work bay:load=True:handoffs=0|F2:D3 outbound pallet staging:Transport:load=True:handoffs=0"
5.7138,3,46,51,-24.0000,0.0500,-15.0000,267.5594,0.0000,0.0000,-24.0000,0.0000,-15.0000,0.0500,7,"","","8.400:0.050:-2.655|-12.900:0.000:-10.265|-4.200:0.050:2.178|4.200:0.050:-2.655|-8.400:0.050:6.678","0.000:0.000:0.656|0.000:0.000:-0.750|0.000:0.000:0.800|0.000:0.000:0.656|0.000:0.000:0.800","20.000:0.050:-5.275|-11.852:0.000:-15.481","0.000:0.000:1.066|0.079:0.000:0.443",False,False,Idle,60.00,40.00,3.00,ForkliftInteraction,"P1:True|P2:True|P3:True|D1:True|D2:True|D3:True","H1:Rack picker: R1 staging:Transport to work bay:load=True:handoffs=0|H2:D3 receiving inspection:Transport:load=True:handoffs=0|H3:PD station operator:Transport to work bay:load=False:handoffs=0|H4:Trolley operator: PD2 transfer:Transport to work bay:load=True:handoffs=0|H5:Maintenance and replenishment:Transport to work bay:load=False:handoffs=0|F1:Inbound pallet transport in east perimeter lane:Transport to work bay:load=True:handoffs=0|F2:D3 outbound pallet staging:Transport:load=True:handoffs=0"
5.8270,3,46,52,-24.0000,0.0500,-15.0000,267.5594,0.0000,0.0000,-24.0000,0.0000,-15.0000,0.0500,7,"","","8.400:0.050:-2.581|-12.900:0.000:-10.350|-4.200:0.050:2.268|4.200:0.050:-2.581|-8.400:0.050:6.768","0.000:0.000:0.656|0.000:0.000:-0.750|0.000:0.000:0.800|0.000:0.000:0.656|0.000:0.000:0.800","20.000:0.050:-5.155|-11.843:0.000:-15.430","0.000:0.000:1.066|0.079:0.000:0.443",False,False,Idle,60.00,40.00,3.00,ForkliftInteraction,"P1:True|P2:True|P3:True|D1:True|D2:True|D3:True","H1:Rack picker: R1 staging:Transport to work bay:load=True:handoffs=0|H2:D3 receiving inspection:Transport:load=True:handoffs=0|H3:PD station operator:Transport to work bay:load=False:handoffs=0|H4:Trolley operator: PD2 transfer:Transport to work bay:load=True:handoffs=0|H5:Maintenance and replenishment:Transport to work bay:load=False:handoffs=0|F1:Inbound pallet transport in east perimeter lane:Transport to work bay:load=True:handoffs=0|F2:D3 outbound pallet staging:Transport:load=True:handoffs=0"
5.9407,3,46,53,-24.0000,0.0500,-15.0000,267.5594,0.0000,0.0000,-24.0000,0.0000,-15.0000,0.0500,7,"","","8.400:0.050:-2.506|-12.900:0.000:-10.435|-4.200:0.050:2.359|4.200:0.050:-2.506|-8.400:0.050:6.859","0.000:0.000:0.656|0.000:0.000:-0.750|0.000:0.000:0.800|0.000:0.000:0.656|0.000:0.000:0.800","20.000:0.050:-5.033|-11.834:0.000:-15.380","0.000:0.000:1.066|0.079:0.000:0.443",False,False,Idle,60.00,40.00,3.00,ForkliftInteraction,"P1:True|P2:True|P3:True|D1:True|D2:True|D3:True","H1:Rack picker: R1 staging:Transport to work bay:load=True:handoffs=0|H2:D3 receiving inspection:Transport:load=True:handoffs=0|H3:PD station operator:Transport to work bay:load=False:handoffs=0|H4:Trolley operator: PD2 transfer:Transport to work bay:load=True:handoffs=0|H5:Maintenance and replenishment:Transport to work bay:load=False:handoffs=0|F1:Inbound pallet transport in east perimeter lane:Transport to work bay:load=True:handoffs=0|F2:D3 outbound pallet staging:Transport:load=True:handoffs=0"
6.0545,3,46,54,-24.0000,0.0500,-15.0000,267.5594,0.0000,0.0000,-24.0000,0.0000,-15.0000,0.0500,7,"","","8.400:0.050:-2.432|-12.900:0.000:-10.520|-4.200:0.050:2.450|4.200:0.050:-2.432|-8.400:0.050:6.950","0.000:0.000:0.656|0.000:0.000:-0.750|0.000:0.000:0.800|0.000:0.000:0.656|0.000:0.000:0.800","20.000:0.050:-4.912|-11.825:0.000:-15.330","0.000:0.000:1.066|0.079:0.000:0.443",False,False,Idle,60.00,40.00,3.00,ForkliftInteraction,"P1:True|P2:True|P3:True|D1:True|D2:True|D3:True","H1:Rack picker: R1 staging:Transport to work bay:load=True:handoffs=0|H2:D3 receiving inspection:Transport:load=True:handoffs=0|H3:PD station operator:Transport to work bay:load=False:handoffs=0|H4:Trolley operator: PD2 transfer:Transport to work bay:load=True:handoffs=0|H5:Maintenance and replenishment:Transport to work bay:load=False:handoffs=0|F1:Inbound pallet transport in east perimeter lane:Transport to work bay:load=True:handoffs=0|F2:D3 outbound pallet staging:Transport:load=True:handoffs=0"
6.1694,3,46,55,-24.0000,0.0500,-15.0000,267.5594,0.0000,0.0000,-24.0000,0.0000,-15.0000,0.0500,7,"","","8.400:0.050:-2.356|-12.900:0.000:-10.607|-4.200:0.050:2.542|4.200:0.050:-2.356|-8.400:0.050:7.042","0.000:0.000:0.656|0.000:0.000:-0.750|0.000:0.000:0.800|0.000:0.000:0.656|0.000:0.000:0.800","20.000:0.050:-4.790|-11.816:0.000:-15.279","0.000:0.000:1.066|0.079:0.000:0.443",False,False,Idle,60.00,40.00,3.00,ForkliftInteraction,"P1:True|P2:True|P3:True|D1:True|D2:True|D3:True","H1:Rack picker: R1 staging:Transport to work bay:load=True:handoffs=0|H2:D3 receiving inspection:Transport:load=True:handoffs=0|H3:PD station operator:Transport to work bay:load=False:handoffs=0|H4:Trolley operator: PD2 transfer:Transport to work bay:load=True:handoffs=0|H5:Maintenance and replenishment:Transport to work bay:load=False:handoffs=0|F1:Inbound pallet transport in east perimeter lane:Transport to work bay:load=True:handoffs=0|F2:D3 outbound pallet staging:Transport:load=True:handoffs=0"
6.2874,3,46,56,-24.0000,0.0500,-15.0000,267.5594,0.0000,0.0000,-24.0000,0.0000,-15.0000,0.0500,7,"","","8.400:0.050:-2.279|-12.900:0.000:-10.695|-4.200:0.050:2.637|4.200:0.050:-2.279|-8.400:0.050:7.137","0.000:0.000:0.656|0.000:0.000:-0.750|0.000:0.000:0.800|0.000:0.000:0.656|0.000:0.000:0.800","20.000:0.050:-4.664|-11.807:0.000:-15.226","0.000:0.000:1.066|0.079:0.000:0.443",False,False,Idle,60.00,40.00,3.00,ForkliftInteraction,"P1:True|P2:True|P3:True|D1:True|D2:True|D3:True","H1:Rack picker: R1 staging:Transport to work bay:load=True:handoffs=0|H2:D3 receiving inspection:Transport:load=True:handoffs=0|H3:PD station operator:Transport to work bay:load=False:handoffs=0|H4:Trolley operator: PD2 transfer:Transport to work bay:load=True:handoffs=0|H5:Maintenance and replenishment:Transport to work bay:load=False:handoffs=0|F1:Inbound pallet transport in east perimeter lane:Transport to work bay:load=True:handoffs=0|F2:D3 outbound pallet staging:Transport:load=True:handoffs=0"
6.3880,3,46,57,-24.0000,0.0500,-15.0000,267.5594,0.0000,0.0000,-24.0000,0.0000,-15.0000,0.0500,7,"","","8.400:0.050:-2.213|-12.900:0.000:-10.771|-4.200:0.050:2.717|4.200:0.050:-2.213|-8.400:0.050:7.217","0.000:0.000:0.656|0.000:0.000:-0.750|0.000:0.000:0.800|0.000:0.000:0.656|0.000:0.000:0.800","20.000:0.050:-4.557|-11.799:0.000:-15.182","0.000:0.000:1.066|0.079:0.000:0.443",False,False,Idle,60.00,40.00,3.00,ForkliftInteraction,"P1:True|P2:True|P3:True|D1:True|D2:True|D3:True","H1:Rack picker: R1 staging:Transport to work bay:load=True:handoffs=0|H2:D3 receiving inspection:Transport:load=True:handoffs=0|H3:PD station operator:Transport to work bay:load=False:handoffs=0|H4:Trolley operator: PD2 transfer:Transport to work bay:load=True:handoffs=0|H5:Maintenance and replenishment:Transport to work bay:load=False:handoffs=0|F1:Inbound pallet transport in east perimeter lane:Transport to work bay:load=True:handoffs=0|F2:D3 outbound pallet staging:Transport:load=True:handoffs=0"
6.5034,3,46,58,-24.0000,0.0500,-15.0000,267.5594,0.0000,0.0000,-24.0000,0.0000,-15.0000,0.0500,7,"","","8.400:0.050:-2.137|-12.900:0.000:-10.857|-4.200:0.050:2.809|4.200:0.050:-2.137|-8.400:0.050:7.309","0.000:0.000:0.656|0.000:0.000:-0.750|0.000:0.000:0.800|0.000:0.000:0.656|0.000:0.000:0.800","20.000:0.050:-4.434|-11.790:0.000:-15.131","0.000:0.000:1.066|0.079:0.000:0.443",False,False,Idle,60.00,40.00,3.00,ForkliftInteraction,"P1:True|P2:True|P3:True|D1:True|D2:True|D3:True","H1:Rack picker: R1 staging:Transport to work bay:load=True:handoffs=0|H2:D3 receiving inspection:Transport:load=True:handoffs=0|H3:PD station operator:Transport to work bay:load=False:handoffs=0|H4:Trolley operator: PD2 transfer:Transport to work bay:load=True:handoffs=0|H5:Maintenance and replenishment:Transport to work bay:load=False:handoffs=0|F1:Inbound pallet transport in east perimeter lane:Transport to work bay:load=True:handoffs=0|F2:D3 outbound pallet staging:Transport:load=True:handoffs=0"
6.6255,3,46,59,-24.0000,0.0500,-15.0000,267.5594,0.0000,0.0000,-24.0000,0.0000,-15.0000,0.0500,7,"","","8.400:0.050:-2.057|-12.900:0.000:-10.949|-4.200:0.050:2.907|4.200:0.050:-2.057|-8.400:0.050:7.407","0.000:0.000:0.656|0.000:0.000:-0.750|0.000:0.000:0.800|0.000:0.000:0.656|0.000:0.000:0.800","20.000:0.050:-4.303|-11.780:0.000:-15.077","0.000:0.000:1.066|0.079:0.000:0.443",False,False,Idle,60.00,40.00,3.00,ForkliftInteraction,"P1:True|P2:True|P3:True|D1:True|D2:True|D3:True","H1:Rack picker: R1 staging:Transport to work bay:load=True:handoffs=0|H2:D3 receiving inspection:Transport:load=True:handoffs=0|H3:PD station operator:Transport to work bay:load=False:handoffs=0|H4:Trolley operator: PD2 transfer:Transport to work bay:load=True:handoffs=0|H5:Maintenance and replenishment:Transport to work bay:load=False:handoffs=0|F1:Inbound pallet transport in east perimeter lane:Transport to work bay:load=True:handoffs=0|F2:D3 outbound pallet staging:Transport:load=True:handoffs=0"
6.7478,3,46,60,-24.0000,0.0500,-15.0000,267.5594,0.0000,0.0000,-24.0000,0.0000,-15.0000,0.0500,7,"","","8.400:0.050:-1.977|-12.900:0.000:-11.041|-4.200:0.050:3.005|4.200:0.050:-1.977|-8.400:0.050:7.505","0.000:0.000:0.656|0.000:0.000:-0.750|0.000:0.000:0.800|0.000:0.000:0.656|0.000:0.000:0.800","20.000:0.050:-4.173|-11.771:0.000:-15.022","0.000:0.000:1.066|0.079:0.000:0.443",False,False,Idle,60.00,40.00,3.00,ForkliftInteraction,"P1:True|P2:True|P3:True|D1:True|D2:True|D3:True","H1:Rack picker: R1 staging:Transport to work bay:load=True:handoffs=0|H2:D3 receiving inspection:Transport:load=True:handoffs=0|H3:PD station operator:Transport to work bay:load=False:handoffs=0|H4:Trolley operator: PD2 transfer:Transport to work bay:load=True:handoffs=0|H5:Maintenance and replenishment:Transport to work bay:load=False:handoffs=0|F1:Inbound pallet transport in east perimeter lane:Transport to work bay:load=True:handoffs=0|F2:D3 outbound pallet staging:Transport:load=True:handoffs=0"
6.8551,3,46,61,-24.0000,0.0500,-15.0000,267.5594,0.0000,0.0000,-24.0000,0.0000,-15.0000,0.0500,7,"","","8.400:0.050:-1.906|-12.900:0.000:-11.121|-4.200:0.050:3.091|4.200:0.050:-1.906|-8.400:0.050:7.591","0.000:0.000:0.656|0.000:0.000:-0.750|0.000:0.000:0.800|0.000:0.000:0.656|0.000:0.000:0.800","20.000:0.050:-4.059|-11.762:0.000:-14.975","0.000:0.000:1.066|0.079:0.000:0.443",False,False,Idle,60.00,40.00,3.00,ForkliftInteraction,"P1:True|P2:True|P3:True|D1:True|D2:True|D3:True","H1:Rack picker: R1 staging:Transport to work bay:load=True:handoffs=0|H2:D3 receiving inspection:Transport:load=True:handoffs=0|H3:PD station operator:Transport to work bay:load=False:handoffs=0|H4:Trolley operator: PD2 transfer:Transport to work bay:load=True:handoffs=0|H5:Maintenance and replenishment:Transport to work bay:load=False:handoffs=0|F1:Inbound pallet transport in east perimeter lane:Transport to work bay:load=True:handoffs=0|F2:D3 outbound pallet staging:Transport:load=True:handoffs=0"
6.9718,3,46,62,-24.0000,0.0500,-15.0000,267.5594,0.0000,0.0000,-24.0000,0.0000,-15.0000,0.0500,7,"","","8.400:0.050:-1.830|-12.900:0.000:-11.209|-4.200:0.050:3.184|4.200:0.050:-1.830|-8.400:0.050:7.684","0.000:0.000:0.656|0.000:0.000:-0.750|0.000:0.000:0.800|0.000:0.000:0.656|0.000:0.000:0.800","20.000:0.050:-3.934|-11.753:0.000:-14.923","0.000:0.000:1.066|0.079:0.000:0.443",False,False,Idle,60.00,40.00,3.00,ForkliftInteraction,"P1:True|P2:True|P3:True|D1:True|D2:True|D3:True","H1:Rack picker: R1 staging:Transport to work bay:load=True:handoffs=0|H2:D3 receiving inspection:Transport:load=True:handoffs=0|H3:PD station operator:Transport to work bay:load=False:handoffs=0|H4:Trolley operator: PD2 transfer:Transport to work bay:load=True:handoffs=0|H5:Maintenance and replenishment:Transport to work bay:load=False:handoffs=0|F1:Inbound pallet transport in east perimeter lane:Transport to work bay:load=True:handoffs=0|F2:D3 outbound pallet staging:Transport:load=True:handoffs=0"
7.0833,3,46,63,-24.0000,0.0500,-15.0000,267.5594,0.0000,0.0000,-24.0000,0.0000,-15.0000,0.0500,7,"","","8.400:0.050:-1.757|-12.900:0.000:-11.292|-4.200:0.050:3.273|4.200:0.050:-1.757|-8.400:0.050:7.773","0.000:0.000:0.656|0.000:0.000:-0.750|0.000:0.000:0.800|0.000:0.000:0.656|0.000:0.000:0.800","20.000:0.050:-3.815|-11.753:0.000:-14.876","0.000:0.000:1.066|0.081:0.000:0.443",False,False,Idle,60.00,40.00,3.00,ForkliftInteraction,"P1:True|P2:True|P3:True|D1:True|D2:True|D3:False","H1:Rack picker: R1 staging:Transport to work bay:load=True:handoffs=0|H2:D3 receiving inspection:Transport:load=True:handoffs=0|H3:PD station operator:Transport to work bay:load=False:handoffs=0|H4:Trolley operator: PD2 transfer:Transport to work bay:load=True:handoffs=0|H5:Maintenance and replenishment:Transport to work bay:load=False:handoffs=0|F1:Inbound pallet transport in east perimeter lane:Transport to work bay:load=True:handoffs=0|F2:D3 outbound pallet staging:Transport:load=True:handoffs=0"
7.1989,3,46,64,-24.0000,0.0500,-15.0000,267.5594,0.0000,0.0000,-24.0000,0.0000,-15.0000,0.0500,7,"","","8.400:0.050:-1.681|-12.900:0.000:-11.379|-4.200:0.050:3.366|4.200:0.050:-1.681|-8.400:0.050:7.866","0.000:0.000:0.656|0.000:0.000:-0.750|0.000:0.000:0.800|0.000:0.000:0.656|0.000:0.000:0.800","20.000:0.050:-3.692|-11.762:0.000:-14.831","0.000:0.000:1.066|-0.314:0.000:0.322",False,False,Idle,60.00,40.00,3.00,ForkliftInteraction,"P1:True|P2:True|P3:True|D1:True|D2:True|D3:False","H1:Rack picker: R1 staging:Transport to work bay:load=True:handoffs=0|H2:D3 receiving inspection:Transport:load=True:handoffs=0|H3:PD station operator:Transport to work bay:load=False:handoffs=0|H4:Trolley operator: PD2 transfer:Transport to work bay:load=True:handoffs=0|H5:Maintenance and replenishment:Transport to work bay:load=False:handoffs=0|F1:Inbound pallet transport in east perimeter lane:Transport to work bay:load=True:handoffs=0|F2:D3 outbound pallet staging:Transport:load=True:handoffs=0"
7.3161,3,46,65,-24.0000,0.0500,-15.0000,267.5594,0.0000,0.0000,-24.0000,0.0000,-15.0000,0.0500,7,"","","8.400:0.050:-1.604|-12.900:0.000:-11.467|-4.200:0.050:3.460|4.200:0.050:-1.604|-8.400:0.050:7.960","0.000:0.000:0.656|0.000:0.000:-0.750|0.000:0.000:0.800|0.000:0.000:0.656|0.000:0.000:0.800","20.000:0.050:-3.567|-11.760:0.000:-14.782","0.000:0.000:1.066|0.089:0.000:0.441",False,False,Idle,60.00,40.00,3.00,ForkliftInteraction,"P1:True|P2:True|P3:True|D1:True|D2:True|D3:False","H1:Rack picker: R1 staging:Transport to work bay:load=True:handoffs=0|H2:D3 receiving inspection:Transport:load=True:handoffs=0|H3:PD station operator:Transport to work bay:load=False:handoffs=0|H4:Trolley operator: PD2 transfer:Transport to work bay:load=True:handoffs=0|H5:Maintenance and replenishment:Transport to work bay:load=False:handoffs=0|F1:Inbound pallet transport in east perimeter lane:Transport to work bay:load=True:handoffs=0|F2:D3 outbound pallet staging:Transport:load=True:handoffs=0"
7.4357,3,46,66,-24.0000,0.0500,-15.0000,267.5594,0.0000,0.0000,-24.0000,0.0000,-15.0000,0.0500,7,"","","8.400:0.050:-1.526|-12.900:0.000:-11.556|-4.200:0.050:3.555|4.200:0.050:-1.526|-8.400:0.050:8.055","0.000:0.000:0.656|0.000:0.000:-0.750|0.000:0.000:0.800|0.000:0.000:0.656|0.000:0.000:0.800","20.000:0.050:-3.440|-11.768:0.000:-14.735","0.000:0.000:1.066|0.096:0.000:0.440",False,False,Idle,60.00,40.00,3.00,ForkliftInteraction,"P1:True|P2:True|P3:True|D1:True|D2:True|D3:False","H1:Rack picker: R1 staging:Transport to work bay:load=True:handoffs=0|H2:D3 receiving inspection:Transport:load=True:handoffs=0|H3:PD station operator:Transport to work bay:load=False:handoffs=0|H4:Trolley operator: PD2 transfer:Transport to work bay:load=True:handoffs=0|H5:Maintenance and replenishment:Transport to work bay:load=False:handoffs=0|F1:Inbound pallet transport in east perimeter lane:Transport to work bay:load=True:handoffs=0|F2:D3 outbound pallet staging:Transport:load=True:handoffs=0"
7.5546,3,46,67,-24.0000,0.0500,-15.0000,267.5594,0.0000,0.0000,-24.0000,0.0000,-15.0000,0.0500,7,"","","8.400:0.050:-1.448|-12.900:0.000:-11.646|-4.200:0.050:3.650|4.200:0.050:-1.448|-8.400:0.050:8.150","0.000:0.000:0.656|0.000:0.000:-0.750|0.000:0.000:0.800|0.000:0.000:0.656|0.000:0.000:0.800","20.000:0.050:-3.313|-11.775:0.000:-14.687","0.000:0.000:1.066|0.101:0.000:0.438",False,False,Idle,60.00,40.00,3.00,ForkliftInteraction,"P1:True|P2:True|P3:True|D1:True|D2:True|D3:False","H1:Rack picker: R1 staging:Transport to work bay:load=True:handoffs=0|H2:D3 receiving inspection:Transport:load=True:handoffs=0|H3:PD station operator:Transport to work bay:load=False:handoffs=0|H4:Trolley operator: PD2 transfer:Transport to work bay:load=True:handoffs=0|H5:Maintenance and replenishment:Transport to work bay:load=False:handoffs=0|F1:Inbound pallet transport in east perimeter lane:Transport to work bay:load=True:handoffs=0|F2:D3 outbound pallet staging:Transport:load=True:handoffs=0"
7.6554,3,46,68,-24.0000,0.0500,-15.0000,267.5594,0.0000,0.0000,-24.0000,0.0000,-15.0000,0.0500,7,"","","8.400:0.050:-1.381|-12.900:0.000:-11.721|-4.200:0.050:3.731|4.200:0.050:-1.381|-8.400:0.050:8.231","0.000:0.000:0.656|0.000:0.000:-0.750|0.000:0.000:0.800|0.000:0.000:0.656|0.000:0.000:0.800","20.000:0.050:-3.206|-11.784:0.000:-14.648","0.000:0.000:1.066|0.108:0.000:0.437",False,False,Idle,60.00,40.00,3.00,ForkliftInteraction,"P1:True|P2:True|P3:True|D1:True|D2:True|D3:False","H1:Rack picker: R1 staging:Transport to work bay:load=True:handoffs=0|H2:D3 receiving inspection:Transport:load=True:handoffs=0|H3:PD station operator:Transport to work bay:load=False:handoffs=0|H4:Trolley operator: PD2 transfer:Transport to work bay:load=True:handoffs=0|H5:Maintenance and replenishment:Transport to work bay:load=False:handoffs=0|F1:Inbound pallet transport in east perimeter lane:Transport to work bay:load=True:handoffs=0|F2:D3 outbound pallet staging:Transport:load=True:handoffs=0"
7.7759,3,46,69,-24.0000,0.0500,-15.0000,267.5594,0.0000,0.0000,-24.0000,0.0000,-15.0000,0.0500,7,"","","8.400:0.050:-1.302|-12.900:0.000:-11.812|-4.200:0.050:3.827|4.200:0.050:-1.302|-8.400:0.050:8.327","0.000:0.000:0.656|0.000:0.000:-0.750|0.000:0.000:0.800|0.000:0.000:0.656|0.000:0.000:0.800","20.000:0.050:-3.077|-11.791:0.000:-14.601","0.000:0.000:1.066|0.115:0.000:0.435",False,False,Idle,60.00,40.00,3.00,ForkliftInteraction,"P1:True|P2:True|P3:True|D1:True|D2:True|D3:False","H1:Rack picker: R1 staging:Transport to work bay:load=True:handoffs=0|H2:D3 receiving inspection:Transport:load=True:handoffs=0|H3:PD station operator:Transport to work bay:load=False:handoffs=0|H4:Trolley operator: PD2 transfer:Transport to work bay:load=True:handoffs=0|H5:Maintenance and replenishment:Transport to work bay:load=False:handoffs=0|F1:Inbound pallet transport in east perimeter lane:Transport to work bay:load=True:handoffs=0|F2:D3 outbound pallet staging:Transport:load=True:handoffs=0"
7.8776,3,46,70,-24.0000,0.0500,-15.0000,267.5594,0.0000,0.0000,-24.0000,0.0000,-15.0000,0.0500,7,"","","8.400:0.050:-1.236|-12.902:0.000:-11.873|-4.200:0.050:3.909|4.200:0.050:-1.236|-8.400:0.050:8.409","0.000:0.000:0.656|0.618:0.000:-0.424|0.000:0.000:0.800|0.000:0.000:0.656|0.000:0.000:0.800","20.000:0.050:-2.969|-11.800:0.000:-14.561","0.000:0.000:1.066|0.123:0.000:0.433",False,False,Idle,60.00,40.00,3.00,ForkliftInteraction,"P1:True|P2:True|P3:True|D1:True|D2:True|D3:False","H1:Rack picker: R1 staging:Transport to work bay:load=True:handoffs=0|H2:D3 receiving inspection:Transport:load=True:handoffs=0|H3:PD station operator:Transport to work bay:load=False:handoffs=0|H4:Trolley operator: PD2 transfer:Transport to work bay:load=True:handoffs=0|H5:Maintenance and replenishment:Transport to work bay:load=False:handoffs=0|F1:Inbound pallet transport in east perimeter lane:Transport to work bay:load=True:handoffs=0|F2:D3 outbound pallet staging:Transport:load=True:handoffs=0"
7.9956,3,46,71,-24.0000,0.0500,-15.0000,267.5594,0.0000,0.0000,-24.0000,0.0000,-15.0000,0.0500,7,"","","8.400:0.050:-1.158|-12.974:0.000:-11.925|-4.200:0.050:4.003|4.200:0.050:-1.158|-8.400:0.050:8.503","0.000:0.000:0.656|-0.598:0.000:-0.452|0.000:0.000:0.800|0.000:0.000:0.656|0.000:0.000:0.800","20.000:0.050:-2.843|-11.813:0.000:-14.516","0.000:0.000:1.066|0.133:0.000:0.430",False,False,Idle,60.00,40.00,3.00,ForkliftInteraction,"P1:True|P2:True|P3:True|D1:True|D2:True|D3:False","H1:Rack picker: R1 staging:Transport to work bay:load=True:handoffs=0|H2:D3 receiving inspection:Transport:load=True:handoffs=0|H3:PD station operator:Transport to work bay:load=False:handoffs=0|H4:Trolley operator: PD2 transfer:Transport to work bay:load=True:handoffs=0|H5:Maintenance and replenishment:Transport to work bay:load=False:handoffs=0|F1:Inbound pallet transport in east perimeter lane:Transport to work bay:load=True:handoffs=0|F2:D3 outbound pallet staging:Transport:load=True:handoffs=0"
8.1070,3,46,72,-24.0000,0.0500,-15.0000,267.5594,0.0000,0.0000,-24.0000,0.0000,-15.0000,0.0500,7,"","","8.400:0.050:-1.085|-13.039:0.000:-11.977|-4.200:0.050:4.092|4.200:0.050:-1.085|-8.400:0.050:8.592","0.000:0.000:0.656|-0.579:0.000:-0.477|0.000:0.000:0.800|0.000:0.000:0.656|0.000:0.000:0.800","20.000:0.050:-2.724|-11.833:0.000:-14.474","0.000:0.000:1.066|-0.269:0.000:0.361",False,False,Idle,60.00,40.00,3.00,ForkliftInteraction,"P1:True|P2:True|P3:True|D1:True|D2:True|D3:False","H1:Rack picker: R1 staging:Transport to work bay:load=True:handoffs=0|H2:D3 receiving inspection:Transport:load=True:handoffs=0|H3:PD station operator:Transport to work bay:load=False:handoffs=0|H4:Trolley operator: PD2 transfer:Transport to work bay:load=True:handoffs=0|H5:Maintenance and replenishment:Transport to work bay:load=False:handoffs=0|F1:Inbound pallet transport in east perimeter lane:Transport to work bay:load=True:handoffs=0|F2:D3 outbound pallet staging:Transport:load=True:handoffs=0"
8.2111,3,46,73,-24.0000,0.0500,-15.0000,267.5594,0.0000,0.0000,-24.0000,0.0000,-15.0000,0.0500,7,"","","8.400:0.050:-1.017|-13.068:0.000:-12.002|-4.200:0.050:4.176|4.200:0.050:-1.017|-8.400:0.050:8.676","0.000:0.000:0.656|0.000:0.000:0.000|0.000:0.000:0.800|0.000:0.000:0.656|0.000:0.000:0.800","20.000:0.050:-2.613|-11.840:0.000:-14.433","0.000:0.000:1.066|0.154:0.000:0.423",False,False,Idle,60.00,40.00,3.00,ForkliftInteraction,"P1:True|P2:True|P3:True|D1:True|D2:True|D3:False","H1:Rack picker: R1 staging:Transport to work bay:load=True:handoffs=0|H2:D3 receiving inspection:Transport:load=True:handoffs=0|H3:PD station operator:Transport to work bay:load=False:handoffs=0|H4:Trolley operator: PD2 transfer:Transport to work bay:load=True:handoffs=0|H5:Maintenance and replenishment:Transport to work bay:load=False:handoffs=0|F1:Inbound pallet transport in east perimeter lane:Transport to work bay:load=True:handoffs=0|F2:D3 outbound pallet staging:Transport:load=True:handoffs=0"
8.3175,3,46,74,-24.0000,0.0500,-15.0000,267.5594,0.0000,0.0000,-24.0000,0.0000,-15.0000,0.0500,7,"","","8.400:0.050:-0.947|-13.068:0.000:-12.002|-4.200:0.050:4.261|4.200:0.050:-0.947|-8.400:0.050:8.740","0.000:0.000:0.656|0.000:0.000:0.000|0.000:0.000:0.800|0.000:0.000:0.656|0.000:0.000:0.000","20.000:0.050:-2.500|-11.856:0.000:-14.392","0.000:0.000:1.066|-0.250:0.000:0.374",False,False,Idle,60.00,40.00,3.00,ForkliftInteraction,"P1:True|P2:True|P3:True|D1:True|D2:True|D3:False","H1:Rack picker: R1 staging:Transport to work bay:load=True:handoffs=0|H2:D3 receiving inspection:Transport:load=True:handoffs=0|H3:PD station operator:Transport to work bay:load=False:handoffs=0|H4:Trolley operator: PD2 transfer:Transport to work bay:load=True:handoffs=0|H5:Maintenance and replenishment:Inspect / replenish rack:load=False:handoffs=1|F1:Inbound pallet transport in east perimeter lane:Transport to work bay:load=True:handoffs=0|F2:D3 outbound pallet staging:Transport:load=True:handoffs=0"
8.4332,3,46,75,-24.0000,0.0500,-15.0000,267.5594,0.0000,0.0000,-24.0000,0.0000,-15.0000,0.0500,7,"","","8.400:0.050:-0.871|-13.068:0.000:-12.002|-4.200:0.050:4.353|4.200:0.050:-0.871|-8.400:0.050:8.740","0.000:0.000:0.656|0.000:0.000:0.000|0.000:0.000:0.800|0.000:0.000:0.656|0.000:0.000:0.000","20.000:0.050:-2.376|-11.872:0.000:-14.347","0.000:0.000:1.066|-0.238:0.000:0.382",False,False,Idle,60.00,40.00,3.00,ForkliftInteraction,"P1:True|P2:True|P3:True|D1:True|D2:True|D3:False","H1:Rack picker: R1 staging:Transport to work bay:load=True:handoffs=0|H2:D3 receiving inspection:Transport:load=True:handoffs=0|H3:PD station operator:Transport to work bay:load=False:handoffs=0|H4:Trolley operator: PD2 transfer:Transport to work bay:load=True:handoffs=0|H5:Maintenance and replenishment:Inspect / replenish rack:load=False:handoffs=1|F1:Inbound pallet transport in east perimeter lane:Transport to work bay:load=True:handoffs=0|F2:D3 outbound pallet staging:Transport:load=True:handoffs=0"
8.5573,3,46,76,-24.0000,0.0500,-15.0000,267.5594,0.0000,0.0000,-24.0000,0.0000,-15.0000,0.0500,7,"","","8.400:0.050:-0.790|-13.068:0.000:-12.002|-4.200:0.050:4.453|4.200:0.050:-0.790|-8.400:0.050:8.740","0.000:0.000:0.656|0.000:0.000:0.000|0.000:0.000:0.800|0.000:0.000:0.656|0.000:0.000:0.000","20.000:0.050:-2.244|-11.900:0.000:-14.299","0.000:0.000:1.066|-0.218:0.000:0.394",False,False,Idle,60.00,40.00,3.00,ForkliftInteraction,"P1:True|P2:True|P3:True|D1:True|D2:True|D3:False","H1:Rack picker: R1 staging:Transport to work bay:load=True:handoffs=0|H2:D3 receiving inspection:Transport:load=True:handoffs=0|H3:PD station operator:Transport to work bay:load=False:handoffs=0|H4:Trolley operator: PD2 transfer:Transport to work bay:load=True:handoffs=0|H5:Maintenance and replenishment:Inspect / replenish rack:load=False:handoffs=1|F1:Inbound pallet transport in east perimeter lane:Transport to work bay:load=True:handoffs=0|F2:D3 outbound pallet staging:Transport:load=True:handoffs=0"
8.6589,3,46,77,-24.0000,0.0500,-15.0000,267.5594,0.0000,0.0000,-24.0000,0.0000,-15.0000,0.0500,7,"","","8.400:0.050:-0.723|-13.068:0.000:-12.002|-4.200:0.050:4.534|4.200:0.050:-0.723|-8.400:0.050:8.740","0.000:0.000:0.656|0.000:0.000:0.000|0.000:0.000:0.800|0.000:0.000:0.656|0.000:0.000:0.000","20.000:0.050:-2.136|-11.921:0.000:-14.259","0.000:0.000:1.066|-0.201:0.000:0.403",False,False,Idle,60.00,40.00,3.00,ForkliftInteraction,"P1:True|P2:True|P3:True|D1:True|D2:True|D3:False","H1:Rack picker: R1 staging:Transport to work bay:load=True:handoffs=0|H2:D3 receiving inspection:Transport:load=True:handoffs=0|H3:PD station operator:Transport to work bay:load=False:handoffs=0|H4:Trolley operator: PD2 transfer:Transport to work bay:load=True:handoffs=0|H5:Maintenance and replenishment:Inspect / replenish rack:load=False:handoffs=1|F1:Inbound pallet transport in east perimeter lane:Transport to work bay:load=True:handoffs=0|F2:D3 outbound pallet staging:Transport:load=True:handoffs=0"
8.7608,3,46,78,-24.0000,0.0500,-15.0000,267.5594,0.0000,0.0000,-24.0000,0.0000,-15.0000,0.0500,7,"","","8.400:0.050:-0.656|-13.068:0.000:-12.002|-4.200:0.050:4.615|4.200:0.050:-0.656|-8.400:0.050:8.740","0.000:0.000:0.656|0.000:0.000:0.000|0.000:0.000:0.800|0.000:0.000:0.656|0.000:0.000:0.000","20.000:0.050:-2.027|-11.941:0.000:-14.217","0.000:0.000:1.066|-0.183:0.000:0.411",False,False,Idle,60.00,40.00,3.00,ForkliftInteraction,"P1:True|P2:True|P3:True|D1:True|D2:True|D3:False","H1:Rack picker: R1 staging:Transport to work bay:load=True:handoffs=0|H2:D3 receiving inspection:Transport:load=True:handoffs=0|H3:PD station operator:Transport to work bay:load=False:handoffs=0|H4:Trolley operator: PD2 transfer:Transport to work bay:load=True:handoffs=0|H5:Maintenance and replenishment:Inspect / replenish rack:load=False:handoffs=1|F1:Inbound pallet transport in east perimeter lane:Transport to work bay:load=True:handoffs=0|F2:D3 outbound pallet staging:Transport:load=True:handoffs=0"
8.8623,3,46,79,-24.0000,0.0500,-15.0000,267.5594,0.0000,0.0000,-24.0000,0.0000,-15.0000,0.0500,7,"","","8.400:0.050:-0.590|-13.068:0.000:-12.002|-4.200:0.050:4.697|4.200:0.050:-0.590|-8.400:0.050:8.740","0.000:0.000:0.656|0.000:0.000:0.000|0.000:0.000:0.800|0.000:0.000:0.656|0.000:0.000:0.000","20.000:0.050:-1.919|-11.958:0.000:-14.175","0.000:0.000:1.066|-0.165:0.000:0.419",False,False,Idle,60.00,40.00,3.00,ForkliftInteraction,"P1:True|P2:True|P3:True|D1:True|D2:True|D3:False","H1:Rack picker: R1 staging:Transport to work bay:load=True:handoffs=0|H2:D3 receiving inspection:Transport:load=True:handoffs=0|H3:PD station operator:Transport to work bay:load=False:handoffs=0|H4:Trolley operator: PD2 transfer:Transport to work bay:load=True:handoffs=0|H5:Maintenance and replenishment:Inspect / replenish rack:load=False:handoffs=1|F1:Inbound pallet transport in east perimeter lane:Transport to work bay:load=True:handoffs=0|F2:D3 outbound pallet staging:Transport:load=True:handoffs=0"
8.9742,3,46,80,-24.0000,0.0500,-15.0000,267.5594,0.0000,0.0000,-24.0000,0.0000,-15.0000,0.0500,7,"","","8.400:0.050:-0.516|-13.068:0.000:-12.002|-4.200:0.050:4.786|4.200:0.050:-0.516|-8.400:0.050:8.740","0.000:0.000:0.656|0.000:0.000:0.000|0.000:0.000:0.800|0.000:0.000:0.656|0.000:0.000:0.000","20.000:0.050:-1.800|-11.975:0.000:-14.127","0.000:0.000:1.066|-0.142:0.000:0.427",False,False,Idle,60.00,40.00,3.00,ForkliftInteraction,"P1:True|P2:True|P3:True|D1:True|D2:True|D3:False","H1:Rack picker: R1 staging:Transport to work bay:load=True:handoffs=0|H2:D3 receiving inspection:Transport:load=True:handoffs=0|H3:PD station operator:Transport to work bay:load=False:handoffs=0|H4:Trolley operator: PD2 transfer:Transport to work bay:load=True:handoffs=0|H5:Maintenance and replenishment:Inspect / replenish rack:load=False:handoffs=1|F1:Inbound pallet transport in east perimeter lane:Transport to work bay:load=True:handoffs=0|F2:D3 outbound pallet staging:Transport:load=True:handoffs=0"
9.0871,3,46,81,-24.0000,0.0500,-15.0000,267.5594,0.0000,0.0000,-24.0000,0.0000,-15.0000,0.0500,7,"","","8.400:0.050:-0.442|-13.068:0.000:-12.002|-4.200:0.050:4.876|4.200:0.050:-0.442|-8.400:0.050:8.740","0.000:0.000:0.656|0.000:0.000:0.000|0.000:0.000:0.800|0.000:0.000:0.656|0.000:0.000:0.000","20.000:0.050:-1.679|-11.990:0.000:-14.079","0.000:0.000:1.066|-0.119:0.000:0.434",False,False,Idle,60.00,40.00,3.00,ForkliftInteraction,"P1:True|P2:True|P3:True|D1:True|D2:True|D3:False","H1:Rack picker: R1 staging:Transport to work bay:load=True:handoffs=0|H2:D3 receiving inspection:Transport:load=True:handoffs=0|H3:PD station operator:Transport to work bay:load=False:handoffs=0|H4:Trolley operator: PD2 transfer:Transport to work bay:load=True:handoffs=0|H5:Maintenance and replenishment:Inspect / replenish rack:load=False:handoffs=1|F1:Inbound pallet transport in east perimeter lane:Transport to work bay:load=True:handoffs=0|F2:D3 outbound pallet staging:Transport:load=True:handoffs=0"
9.2083,3,46,82,-24.0000,0.0500,-15.0000,267.5594,0.0000,0.0000,-24.0000,0.0000,-15.0000,0.0500,7,"","","8.400:0.050:-0.363|-13.068:0.000:-12.002|-4.200:0.050:4.973|4.200:0.050:-0.363|-8.400:0.050:8.740","0.000:0.000:0.656|0.000:0.000:0.000|0.000:0.000:0.800|0.000:0.000:0.656|0.000:0.000:0.000","20.000:0.050:-1.550|-12.002:0.000:-14.026","0.000:0.000:1.066|-0.094:0.000:0.440",False,False,Idle,60.00,40.00,3.00,ForkliftInteraction,"P1:True|P2:True|P3:True|D1:True|D2:True|D3:False","H1:Rack picker: R1 staging:Transport to work bay:load=True:handoffs=0|H2:D3 receiving inspection:Transport:load=True:handoffs=0|H3:PD station operator:Transport to work bay:load=False:handoffs=0|H4:Trolley operator: PD2 transfer:Transport to work bay:load=True:handoffs=0|H5:Maintenance and replenishment:Inspect / replenish rack:load=False:handoffs=1|F1:Inbound pallet transport in east perimeter lane:Transport to work bay:load=True:handoffs=0|F2:D3 outbound pallet staging:Transport:load=True:handoffs=0"
9.3093,3,46,83,-24.0000,0.0500,-15.0000,267.5594,0.0000,0.0000,-24.0000,0.0000,-15.0000,0.0500,7,"","","8.400:0.050:-0.297|-13.068:0.000:-12.002|-4.200:0.050:5.054|4.200:0.050:-0.297|-8.400:0.050:8.740","0.000:0.000:0.656|0.000:0.000:0.000|0.000:0.000:0.800|0.000:0.000:0.656|0.000:0.000:0.000","20.000:0.050:-1.443|-12.010:0.000:-13.981","0.000:0.000:1.066|-0.070:0.000:0.444",False,False,Idle,60.00,40.00,3.00,ForkliftInteraction,"P1:True|P2:True|P3:True|D1:True|D2:True|D3:False","H1:Rack picker: R1 staging:Transport to work bay:load=True:handoffs=0|H2:D3 receiving inspection:Transport:load=True:handoffs=0|H3:PD station operator:Transport to work bay:load=False:handoffs=0|H4:Trolley operator: PD2 transfer:Transport to work bay:load=True:handoffs=0|H5:Maintenance and replenishment:Inspect / replenish rack:load=False:handoffs=1|F1:Inbound pallet transport in east perimeter lane:Transport to work bay:load=True:handoffs=0|F2:D3 outbound pallet staging:Transport:load=True:handoffs=0"
9.4214,3,46,84,-23.9968,0.0500,-14.9996,271.9682,0.0486,72.9950,-12.3000,0.0000,-13.5000,11.7926,7,"","","8.400:0.050:-0.223|-13.068:0.000:-12.002|-4.200:0.050:5.144|4.200:0.050:-0.223|-8.400:0.050:8.740","0.000:0.000:0.656|0.000:0.000:0.000|0.000:0.000:0.800|0.000:0.000:0.656|0.000:0.000:0.000","20.000:0.050:-1.323|-12.016:0.000:-13.931","0.000:0.000:1.066|-0.043:0.000:0.448",False,False,Moving,60.00,40.00,3.00,ForkliftInteraction,"P1:True|P2:True|P3:True|D1:True|D2:True|D3:False","H1:Rack picker: R1 staging:Transport to work bay:load=True:handoffs=0|H2:D3 receiving inspection:Transport:load=True:handoffs=0|H3:PD station operator:Transport to work bay:load=False:handoffs=0|H4:Trolley operator: PD2 transfer:Transport to work bay:load=True:handoffs=0|H5:Maintenance and replenishment:Inspect / replenish rack:load=False:handoffs=1|F1:Inbound pallet transport in east perimeter lane:Transport to work bay:load=True:handoffs=0|F2:D3 outbound pallet staging:Transport:load=True:handoffs=0"
9.5286,3,46,85,-23.9863,0.0500,-14.9982,279.2047,0.1674,104.7043,-12.3000,0.0000,-13.5000,11.7820,7,"","","8.400:0.050:-0.153|-13.068:0.000:-12.002|-4.200:0.050:5.230|4.200:0.050:-0.153|-8.400:0.050:8.740","0.000:0.000:0.656|0.000:0.000:0.000|0.000:0.000:0.800|0.000:0.000:0.656|0.000:0.000:0.000","20.000:0.050:-1.209|-12.019:0.000:-13.883","0.000:0.000:1.066|-0.017:0.000:0.450",False,False,Moving,60.00,40.00,3.00,ForkliftInteraction,"P1:True|P2:True|P3:True|D1:True|D2:True|D3:False","H1:Rack picker: R1 staging:Transport to work bay:load=True:handoffs=0|H2:D3 receiving inspection:Transport:load=True:handoffs=0|H3:PD station operator:Transport to work bay:load=False:handoffs=0|H4:Trolley operator: PD2 transfer:Transport to work bay:load=True:handoffs=0|H5:Maintenance and replenishment:Inspect / replenish rack:load=False:handoffs=1|F1:Inbound pallet transport in east perimeter lane:Transport to work bay:load=True:handoffs=0|F2:D3 outbound pallet staging:Transport:load=True:handoffs=0"
9.6415,3,46,86,-23.9670,0.0500,-14.9958,286.8289,0.2021,73.0301,-12.3000,0.0000,-13.5000,11.7626,7,"","","8.400:0.050:-0.079|-13.076:0.000:-12.046|-4.200:0.050:5.320|4.200:0.050:-0.079|-8.400:0.050:8.740","0.000:0.000:0.656|0.090:0.000:-0.745|0.000:0.000:0.800|0.000:0.000:0.656|0.000:0.000:0.000","20.000:0.050:-1.088|-12.019:0.000:-13.832","0.000:0.000:1.066|0.013:0.000:0.450",False,False,Moving,60.00,40.00,3.00,ForkliftInteraction,"P1:True|P2:True|P3:True|D1:True|D2:True|D3:False","H1:Rack picker: R1 staging:Transport to work bay:load=True:handoffs=0|H2:D3 receiving inspection:Transport:load=True:handoffs=0|H3:PD station operator:Transport to work bay:load=False:handoffs=0|H4:Trolley operator: PD2 transfer:Transport to work bay:load=True:handoffs=0|H5:Maintenance and replenishment:Inspect / replenish rack:load=False:handoffs=1|F1:Inbound pallet transport in east perimeter lane:Transport to work bay:load=True:handoffs=0|F2:D3 outbound pallet staging:Transport:load=True:handoffs=0"
9.7532,3,46,87,-23.9399,0.0500,-14.9923,294.3663,0.2750,70.9992,-12.3000,0.0000,-13.5000,11.7352,7,"","","8.400:0.050:-0.005|-13.066:0.000:-12.130|-4.200:0.050:5.409|4.200:0.050:-0.005|-8.400:0.050:8.740","0.000:0.000:0.656|0.090:0.000:-0.745|0.000:0.000:0.800|0.000:0.000:0.656|0.000:0.000:0.000","20.000:0.050:-0.969|-12.016:0.000:-13.782","0.000:0.000:1.066|0.044:0.000:0.448",False,False,Moving,60.00,40.00,3.00,ForkliftInteraction,"P1:True|P2:True|P3:True|D1:True|D2:True|D3:False","H1:Rack picker: R1 staging:Transport to work bay:load=True:handoffs=0|H2:D3 receiving inspection:Transport:load=True:handoffs=0|H3:PD station operator:Transport to work bay:load=False:handoffs=0|H4:Trolley operator: PD2 transfer:Transport to work bay:load=True:handoffs=0|H5:Maintenance and replenishment:Inspect / replenish rack:load=False:handoffs=1|F1:Inbound pallet transport in east perimeter lane:Transport to work bay:load=True:handoffs=0|F2:D3 outbound pallet staging:Transport:load=True:handoffs=0"
9.8680,3,46,88,-23.9036,0.0500,-14.9876,302.1164,0.3481,69.9982,-12.3000,0.0000,-13.5000,11.6987,7,"","","8.400:0.050:0.070|-13.056:0.000:-12.215|-4.200:0.050:5.501|4.200:0.050:0.070|-8.400:0.050:8.740","0.000:0.000:0.656|0.090:0.000:-0.745|0.000:0.000:0.800|0.000:0.000:0.656|0.000:0.000:0.000","20.000:0.050:-0.847|-12.009:0.000:-13.731","0.000:0.000:1.066|0.076:0.000:0.443",False,False,Moving,60.00,40.00,3.00,ForkliftInteraction,"P1:True|P2:True|P3:True|D1:True|D2:True|D3:False","H1:Rack picker: R1 staging:Transport to work bay:load=True:handoffs=0|H2:D3 receiving inspection:Transport:load=True:handoffs=0|H3:PD station operator:Transport to work bay:load=False:handoffs=0|H4:Trolley operator: PD2 transfer:Transport to work bay:load=True:handoffs=0|H5:Maintenance and replenishment:Inspect / replenish rack:load=False:handoffs=1|F1:Inbound pallet transport in east perimeter lane:Transport to work bay:load=True:handoffs=0|F2:D3 outbound pallet staging:Transport:load=True:handoffs=0"
9.9796,3,46,89,-23.8602,0.0500,-14.9821,309.6478,0.4563,75.9079,-12.3000,0.0000,-13.5000,11.6549,7,"","","8.400:0.050:0.143|-13.046:0.000:-12.298|-4.200:0.050:5.590|4.200:0.050:0.143|-8.400:0.050:8.740","0.000:0.000:0.656|0.090:0.000:-0.745|0.000:0.000:0.800|0.000:0.000:0.656|0.000:0.000:0.000","20.000:0.050:-0.728|-11.998:0.000:-13.682","0.000:0.000:1.066|0.109:0.000:0.437",False,False,Moving,60.00,40.00,3.00,ForkliftInteraction,"P1:True|P2:True|P3:True|D1:True|D2:True|D3:False","H1:Rack picker: R1 staging:Transport to work bay:load=True:handoffs=0|H2:D3 receiving inspection:Transport:load=True:handoffs=0|H3:PD station operator:Transport to work bay:load=False:handoffs=0|H4:Trolley operator: PD2 transfer:Transport to work bay:load=True:handoffs=0|H5:Maintenance and replenishment:Inspect / replenish rack:load=False:handoffs=1|F1:Inbound pallet transport in east perimeter lane:Transport to work bay:load=True:handoffs=0|F2:D3 outbound pallet staging:Transport:load=True:handoffs=0"
10.1029,3,46,90,-23.8030,0.0500,-14.9748,317.9683,0.6280,88.2431,-12.3000,0.0000,-13.5000,11.5973,7,"","","8.400:0.050:0.224|-13.035:0.000:-12.390|-4.200:0.050:5.689|4.200:0.050:0.224|-8.400:0.050:8.740","0.000:0.000:0.656|0.090:0.000:-0.745|0.000:0.000:0.800|0.000:0.000:0.656|0.000:0.000:0.000","20.000:0.050:-0.597|-11.982:0.000:-13.629","0.000:0.000:1.066|0.145:0.000:0.426",False,False,Moving,60.00,40.00,3.00,ForkliftInteraction,"P1:True|P2:True|P3:True|D1:True|D2:True|D3:False","H1:Rack picker: R1 staging:Transport to work bay:load=True:handoffs=0|H2:D3 receiving inspection:Transport:load=True:handoffs=0|H3:PD station operator:Transport to work bay:load=False:handoffs=0|H4:Trolley operator: PD2 transfer:Transport to work bay:load=True:handoffs=0|H5:Maintenance and replenishment:Inspect / replenish rack:load=False:handoffs=1|F1:Inbound pallet transport in east perimeter lane:Transport to work bay:load=True:handoffs=0|F2:D3 outbound pallet staging:Transport:load=True:handoffs=0"
10.2188,3,46,91,-23.7402,0.0500,-14.9667,325.7950,0.6824,82.1106,-12.3000,0.0000,-13.5000,11.5340,7,"","","8.400:0.050:0.300|-13.024:0.000:-12.476|-4.200:0.050:5.782|4.200:0.050:0.300|-8.400:0.050:8.740","0.000:0.000:0.656|0.090:0.000:-0.745|0.000:0.000:0.800|0.000:0.000:0.656|0.000:0.000:0.000","20.000:0.050:-0.473|-11.962:0.000:-13.580","0.000:0.000:1.066|0.184:0.000:0.411",False,False,Moving,60.00,40.00,3.00,ForkliftInteraction,"P1:True|P2:True|P3:True|D1:True|D2:True|D3:False","H1:Rack picker: R1 staging:Transport to work bay:load=True:handoffs=0|H2:D3 receiving inspection:Transport:load=True:handoffs=0|H3:PD station operator:Transport to work bay:load=False:handoffs=0|H4:Trolley operator: PD2 transfer:Transport to work bay:load=True:handoffs=0|H5:Maintenance and replenishment:Inspect / replenish rack:load=False:handoffs=1|F1:Inbound pallet transport in east perimeter lane:Transport to work bay:load=True:handoffs=0|F2:D3 outbound pallet staging:Transport:load=True:handoffs=0"
10.3416,3,46,92,-23.6643,0.0500,-14.9570,334.0838,0.8003,84.4376,-12.3000,0.0000,-13.5000,11.4575,7,"","","8.400:0.050:0.381|-13.013:0.000:-12.568|-4.200:0.050:5.880|4.200:0.050:0.381|-8.400:0.050:8.740","0.000:0.000:0.656|0.090:0.000:-0.745|0.000:0.000:0.800|0.000:0.000:0.656|0.000:0.000:0.000","20.000:0.050:-0.342|-11.937:0.000:-13.531","0.000:0.000:1.066|0.224:0.000:0.391",False,False,Moving,60.00,40.00,3.00,ForkliftInteraction,"P1:True|P2:True|P3:True|D1:True|D2:True|D3:False","H1:Rack picker: R1 staging:Transport to work bay:load=True:handoffs=0|H2:D3 receiving inspection:Transport:load=True:handoffs=0|H3:PD station operator:Transport to work bay:load=False:handoffs=0|H4:Trolley operator: PD2 transfer:Transport to work bay:load=True:handoffs=0|H5:Maintenance and replenishment:Inspect / replenish rack:load=False:handoffs=1|F1:Inbound pallet transport in east perimeter lane:Transport to work bay:load=True:handoffs=0|F2:D3 outbound pallet staging:Transport:load=True:handoffs=0"
10.4451,3,46,93,-23.5929,0.0500,-14.9478,341.0718,0.9261,88.6017,-12.3000,0.0000,-13.5000,11.3854,7,"","","8.400:0.050:0.449|-13.004:0.000:-12.645|-4.200:0.050:5.963|4.200:0.050:0.449|-8.400:0.050:8.740","0.000:0.000:0.656|0.090:0.000:-0.745|0.000:0.000:0.800|0.000:0.000:0.656|0.000:0.000:0.000","20.000:0.050:-0.232|-11.911:0.000:-13.492","0.000:0.000:1.066|0.257:0.000:0.369",False,False,Moving,60.00,40.00,3.00,ForkliftInteraction,"P1:True|P2:True|P3:True|D1:True|D2:True|D3:False","H1:Rack picker: R1 staging:Transport to work bay:load=True:handoffs=0|H2:D3 receiving inspection:Transport:load=True:handoffs=0|H3:PD station operator:Transport to work bay:load=False:handoffs=0|H4:Trolley operator: PD2 transfer:Transport to work bay:load=True:handoffs=0|H5:Maintenance and replenishment:Inspect / replenish rack:load=False:handoffs=1|F1:Inbound pallet transport in east perimeter lane:Transport to work bay:load=True:handoffs=0|F2:D3 outbound pallet staging:Transport:load=True:handoffs=0"
10.5540,3,46,94,-23.5102,0.0500,-14.9372,348.4236,0.0000,0.0000,-12.3000,0.0000,-13.5000,11.3021,7,"","","8.400:0.050:0.520|-12.994:0.000:-12.726|-4.200:0.050:6.050|4.200:0.050:0.520|-8.400:0.050:8.740","0.000:0.000:0.656|0.090:0.000:-0.745|0.000:0.000:0.800|0.000:0.000:0.656|0.000:0.000:0.000","20.000:0.050:-0.116|-11.883:0.000:-13.473","0.000:0.000:1.066|0.274:0.000:0.357",False,False,Moving,60.00,40.00,3.00,ForkliftInteraction,"P1:True|P2:True|P3:True|D1:True|D2:True|D3:False","H1:Rack picker: R1 staging:Transport to work bay:load=True:handoffs=0|H2:D3 receiving inspection:Transport:load=True:handoffs=0|H3:PD station operator:Transport to work bay:load=False:handoffs=0|H4:Trolley operator: PD2 transfer:Transport to work bay:load=True:handoffs=0|H5:Maintenance and replenishment:Inspect / replenish rack:load=False:handoffs=1|F1:Inbound pallet transport in east perimeter lane:Transport to work bay:load=True:handoffs=0|F2:D3 outbound pallet staging:Transport:load=True:handoffs=0"
10.6613,3,46,95,-23.4214,0.0500,-14.9258,355.6598,1.1360,90.7303,-12.3000,0.0000,-13.5000,11.2126,7,"","","8.400:0.050:0.590|-12.991:0.000:-12.747|-4.200:0.050:6.136|4.200:0.050:0.590|-8.400:0.050:8.740","0.000:0.000:0.656|0.000:0.000:0.000|0.000:0.000:0.800|0.000:0.000:0.656|0.000:0.000:0.000","20.000:0.050:-0.001|-11.857:0.000:-13.494","0.000:0.000:1.066|0.242:0.000:-0.380",False,False,Moving,60.00,40.00,3.00,ForkliftInteraction,"P1:True|P2:True|P3:True|D1:True|D2:True|D3:False","H1:Rack picker: R1 staging:Transport to work bay:load=True:handoffs=0|H2:D3 receiving inspection:Transport:load=True:handoffs=0|H3:PD station operator:Transport to work bay:load=False:handoffs=0|H4:Trolley operator: PD2 transfer:Transport to work bay:load=True:handoffs=0|H5:Maintenance and replenishment:Inspect / replenish rack:load=False:handoffs=1|F1:Inbound pallet transport in east perimeter lane:Transport to work bay:load=True:handoffs=0|F2:D3 outbound pallet staging:Transport:load=True:handoffs=0"
10.7731,3,46,96,-23.3209,0.0500,-14.9129,3.2100,1.2851,95.0303,-12.3000,0.0000,-13.5000,11.1112,7,"","","8.400:0.050:0.664|-12.991:0.000:-12.747|-4.200:0.050:6.225|4.200:0.050:0.664|-8.400:0.050:8.740","0.000:0.000:0.656|0.000:0.000:0.000|0.000:0.000:0.800|0.000:0.000:0.656|0.000:0.000:0.000","20.000:0.050:0.118|-11.836:0.000:-13.505","0.000:0.000:1.066|0.000:0.000:0.000",False,False,Moving,60.00,40.00,3.00,ForkliftInteraction,"P1:True|P2:True|P3:True|D1:True|D2:True|D3:False","H1:Rack picker: R1 staging:Transport to work bay:load=True:handoffs=0|H2:D3 receiving inspection:Transport:load=True:handoffs=0|H3:PD station operator:Transport to work bay:load=False:handoffs=0|H4:Trolley operator: PD2 transfer:Transport to work bay:load=True:handoffs=0|H5:Maintenance and replenishment:Inspect / replenish rack:load=False:handoffs=1|F1:Inbound pallet transport in east perimeter lane:Transport to work bay:load=True:handoffs=0|F2:D3 outbound pallet staging:Transport:load=True:handoffs=0"
10.8833,3,46,97,-23.2139,0.0500,-14.8992,10.6502,1.3609,92.9860,-12.3000,0.0000,-13.5000,11.0034,7,"","","8.400:0.050:0.736|-12.991:0.000:-12.747|-4.200:0.050:6.313|4.200:0.050:0.736|-8.400:0.050:8.740","0.000:0.000:0.656|0.000:0.000:0.000|0.000:0.000:0.800|0.000:0.000:0.656|0.000:0.000:0.000","20.000:0.050:0.235|-11.836:0.000:-13.505","0.000:0.000:1.066|0.000:0.000:0.000",False,False,Moving,60.00,40.00,3.00,ForkliftInteraction,"P1:True|P2:True|P3:True|D1:True|D2:True|D3:False","H1:Rack picker: R1 staging:Transport to work bay:load=True:handoffs=0|H2:D3 receiving inspection:Transport:load=True:handoffs=0|H3:PD station operator:Transport to work bay:load=False:handoffs=0|H4:Trolley operator: PD2 transfer:Transport to work bay:load=True:handoffs=0|H5:Maintenance and replenishment:Inspect / replenish rack:load=False:handoffs=1|F1:Inbound pallet transport in east perimeter lane:Transport to work bay:load=True:handoffs=0|F2:D3 outbound pallet staging:Transport:load=True:handoffs=0"
10.9980,3,46,98,-23.0944,0.0500,-14.8839,18.3917,0.0000,0.0000,-12.3000,0.0000,-13.5000,10.8828,7,"","","8.400:0.050:0.811|-12.991:0.000:-12.747|-4.200:0.050:6.405|4.200:0.050:0.811|-8.400:0.050:8.740","0.000:0.000:0.656|0.000:0.000:0.000|0.000:0.000:0.800|0.000:0.000:0.656|0.000:0.000:0.000","20.000:0.050:0.358|-11.836:0.000:-13.505","0.000:0.000:1.066|0.000:0.000:0.000",False,False,Moving,60.00,40.00,3.00,ForkliftInteraction,"P1:True|P2:True|P3:True|D1:True|D2:True|D3:False","H1:Rack picker: R1 staging:Transport to work bay:load=True:handoffs=0|H2:D3 receiving inspection:Transport:load=True:handoffs=0|H3:PD station operator:Transport to work bay:load=False:handoffs=0|H4:Trolley operator: PD2 transfer:Transport to work bay:load=True:handoffs=0|H5:Maintenance and replenishment:Inspect / replenish rack:load=False:handoffs=1|F1:Inbound pallet transport in east perimeter lane:Transport to work bay:load=True:handoffs=0|F2:D3 outbound pallet staging:Transport:load=True:handoffs=0"
11.1155,3,46,99,-22.9631,0.0500,-14.8671,26.3240,0.0000,0.0000,-12.3000,0.0000,-13.5000,10.7505,7,"","","8.400:0.050:0.888|-12.991:0.000:-12.747|-4.200:0.050:6.499|4.200:0.050:0.888|-8.400:0.050:8.740","0.000:0.000:0.656|0.000:0.000:0.000|0.000:0.000:0.800|0.000:0.000:0.656|0.000:0.000:0.000","20.000:0.050:0.483|-11.836:0.000:-13.505","0.000:0.000:1.066|0.000:0.000:0.000",False,False,Moving,60.00,40.00,3.00,ForkliftInteraction,"P1:True|P2:True|P3:True|D1:True|D2:True|D3:False","H1:Rack picker: R1 staging:Transport to work bay:load=True:handoffs=0|H2:D3 receiving inspection:Transport:load=True:handoffs=0|H3:PD station operator:Transport to work bay:load=False:handoffs=0|H4:Trolley operator: PD2 transfer:Transport to work bay:load=True:handoffs=0|H5:Maintenance and replenishment:Inspect / replenish rack:load=False:handoffs=1|F1:Inbound pallet transport in east perimeter lane:Transport to work bay:load=True:handoffs=0|F2:D3 outbound pallet staging:Transport:load=True:handoffs=0"
11.2301,3,46,100,-22.8276,0.0500,-14.8497,34.0588,1.6377,92.1183,-12.3000,0.0000,-13.5000,10.6139,7,"","","8.400:0.050:0.964|-12.991:0.000:-12.747|-4.200:0.050:6.591|4.200:0.050:0.964|-8.400:0.050:8.740","0.000:0.000:0.656|0.000:0.000:0.000|0.000:0.000:0.800|0.000:0.000:0.656|0.000:0.000:0.000","20.000:0.050:0.605|-11.836:0.000:-13.505","0.000:0.000:1.066|0.000:0.000:0.000",False,False,Moving,60.00,40.00,3.00,ForkliftInteraction,"P1:True|P2:True|P3:True|D1:True|D2:True|D3:False","H1:Rack picker: R1 staging:Transport to work bay:load=True:handoffs=0|H2:D3 receiving inspection:Transport:load=True:handoffs=0|H3:PD station operator:Transport to work bay:load=False:handoffs=0|H4:Trolley operator: PD2 transfer:Transport to work bay:load=True:handoffs=0|H5:Maintenance and replenishment:Inspect / replenish rack:load=False:handoffs=1|F1:Inbound pallet transport in east perimeter lane:Transport to work bay:load=True:handoffs=0|F2:D3 outbound pallet staging:Transport:load=True:handoffs=0"
11.3425,3,46,101,-22.6939,0.0500,-14.8326,41.6437,1.6069,90.3912,-12.3000,0.0000,-13.5000,10.4791,7,"","","8.400:0.050:1.037|-12.991:0.000:-12.747|-4.200:0.050:6.681|4.200:0.050:1.037|-8.400:0.050:8.740","0.000:0.000:0.656|0.000:0.000:0.000|0.000:0.000:0.800|0.000:0.000:0.656|0.000:0.000:0.000","20.000:0.050:0.725|-11.836:0.000:-13.505","0.000:0.000:1.066|0.000:0.000:0.000",False,False,Moving,60.00,40.00,3.00,ForkliftInteraction,"P1:True|P2:True|P3:True|D1:True|D2:True|D3:False","H1:Rack picker: R1 staging:Transport to work bay:load=True:handoffs=0|H2:D3 receiving inspection:Transport:load=True:handoffs=0|H3:PD station operator:Transport to work bay:load=False:handoffs=0|H4:Trolley operator: PD2 transfer:Transport to work bay:load=True:handoffs=0|H5:Maintenance and replenishment:Inspect / replenish rack:load=False:handoffs=1|F1:Inbound pallet transport in east perimeter lane:Transport to work bay:load=True:handoffs=0|F2:D3 outbound pallet staging:Transport:load=True:handoffs=0"
11.4597,3,46,102,-22.5544,0.0500,-14.8147,49.5525,0.0000,0.0000,-12.3000,0.0000,-13.5000,10.3385,7,"","","8.400:0.050:1.114|-12.991:0.000:-12.747|-4.200:0.050:6.774|4.200:0.050:1.114|-8.400:0.050:8.740","0.000:0.000:0.656|0.000:0.000:0.000|0.000:0.000:0.800|0.000:0.000:0.656|0.000:0.000:0.000","20.000:0.050:0.850|-11.836:0.000:-13.505","0.000:0.000:1.066|0.000:0.000:0.000",False,False,Moving,60.00,40.00,3.00,ForkliftInteraction,"P1:True|P2:True|P3:True|D1:True|D2:True|D3:False","H1:Rack picker: R1 staging:Transport to work bay:load=True:handoffs=0|H2:D3 receiving inspection:Transport:load=True:handoffs=0|H3:PD station operator:Transport to work bay:load=False:handoffs=0|H4:Trolley operator: PD2 transfer:Transport to work bay:load=True:handoffs=0|H5:Maintenance and replenishment:Inspect / replenish rack:load=False:handoffs=1|F1:Inbound pallet transport in east perimeter lane:Transport to work bay:load=True:handoffs=0|F2:D3 outbound pallet staging:Transport:load=True:handoffs=0"
11.5766,3,46,103,-22.4153,0.0500,-14.7968,57.1321,0.0000,0.0000,-12.3000,0.0000,-13.5000,10.1982,7,"","","8.400:0.050:1.191|-12.991:0.000:-12.747|-4.200:0.050:6.868|4.200:0.050:1.191|-8.400:0.050:8.740","0.000:0.000:0.656|0.000:0.000:0.000|0.000:0.000:0.800|0.000:0.000:0.656|0.000:0.000:0.000","20.000:0.050:0.974|-11.836:0.000:-13.505","0.000:0.000:1.066|0.000:0.000:0.000",False,False,Moving,60.00,40.00,3.00,ForkliftInteraction,"P1:True|P2:True|P3:True|D1:True|D2:True|D3:False","H1:Rack picker: R1 staging:Transport to work bay:load=True:handoffs=0|H2:D3 receiving inspection:Transport:load=True:handoffs=0|H3:PD station operator:Transport to work bay:load=False:handoffs=0|H4:Trolley operator: PD2 transfer:Transport to work bay:load=True:handoffs=0|H5:Maintenance and replenishment:Inspect / replenish rack:load=False:handoffs=1|F1:Inbound pallet transport in east perimeter lane:Transport to work bay:load=True:handoffs=0|F2:D3 outbound pallet staging:Transport:load=True:handoffs=0"
11.6926,3,46,104,-22.2772,0.0500,-14.7791,63.0584,1.6233,66.1848,-12.3000,0.0000,-13.5000,10.0590,7,"","","8.400:0.050:1.267|-12.991:0.000:-12.747|-4.200:0.050:6.961|4.200:0.050:1.267|-8.400:0.050:8.740","0.000:0.000:0.656|0.000:0.000:0.000|0.000:0.000:0.800|0.000:0.000:0.656|0.000:0.000:0.000","20.000:0.050:1.098|-11.836:0.000:-13.505","0.000:0.000:1.066|0.000:0.000:0.000",False,False,Moving,60.00,40.00,3.00,ForkliftInteraction,"P1:True|P2:True|P3:True|D1:True|D2:True|D3:False","H1:Rack picker: R1 staging:Transport to work bay:load=True:handoffs=0|H2:D3 receiving inspection:Transport:load=True:handoffs=0|H3:PD station operator:Transport to work bay:load=False:handoffs=0|H4:Trolley operator: PD2 transfer:Transport to work bay:load=True:handoffs=0|H5:Maintenance and replenishment:Inspect / replenish rack:load=False:handoffs=1|F1:Inbound pallet transport in east perimeter lane:Transport to work bay:load=True:handoffs=0|F2:D3 outbound pallet staging:Transport:load=True:handoffs=0"
11.8093,3,46,105,-22.1383,0.0500,-14.7613,67.6336,1.8279,57.7324,-12.3000,0.0000,-13.5000,9.9190,7,"","","8.400:0.050:1.343|-12.991:0.000:-12.747|-4.200:0.050:7.054|4.200:0.050:1.343|-8.400:0.050:8.740","0.000:0.000:0.656|0.000:0.000:0.000|0.000:0.000:0.800|0.000:0.000:0.656|0.000:0.000:0.000","20.000:0.050:1.222|-11.836:0.000:-13.505","0.000:0.000:1.066|0.000:0.000:0.000",False,False,Moving,60.00,40.00,3.00,ForkliftInteraction,"P1:True|P2:True|P3:True|D1:True|D2:True|D3:False","H1:Rack picker: R1 staging:Transport to work bay:load=True:handoffs=0|H2:D3 receiving inspection:Transport:load=True:handoffs=0|H3:PD station operator:Transport to work bay:load=False:handoffs=0|H4:Trolley operator: PD2 transfer:Transport to work bay:load=True:handoffs=0|H5:Maintenance and replenishment:Inspect / replenish rack:load=False:handoffs=1|F1:Inbound pallet transport in east perimeter lane:Transport to work bay:load=True:handoffs=0|F2:D3 outbound pallet staging:Transport:load=True:handoffs=0"
11.9234,3,46,106,-22.0025,0.0500,-14.7439,71.0726,1.7809,43.3232,-12.3000,0.0000,-13.5000,9.7821,7,"","","8.400:0.050:1.418|-12.991:0.000:-12.747|-4.200:0.050:7.145|4.200:0.050:1.418|-8.400:0.050:8.740","0.000:0.000:0.656|0.000:0.000:0.000|0.000:0.000:0.800|0.000:0.000:0.656|0.000:0.000:0.000","20.000:0.050:1.344|-11.836:0.000:-13.505","0.000:0.000:1.066|0.000:0.000:0.000",False,False,Moving,60.00,40.00,3.00,ForkliftInteraction,"P1:True|P2:True|P3:True|D1:True|D2:True|D3:False","H1:Rack picker: R1 staging:Transport to work bay:load=True:handoffs=0|H2:D3 receiving inspection:Transport:load=True:handoffs=0|H3:PD station operator:Transport to work bay:load=False:handoffs=0|H4:Trolley operator: PD2 transfer:Transport to work bay:load=True:handoffs=0|H5:Maintenance and replenishment:Inspect / replenish rack:load=False:handoffs=1|F1:Inbound pallet transport in east perimeter lane:Transport to work bay:load=True:handoffs=0|F2:D3 outbound pallet staging:Transport:load=True:handoffs=0"
12.0448,3,46,107,-21.8579,0.0500,-14.7254,73.8811,1.9929,37.0354,-12.3000,0.0000,-13.5000,9.6363,7,"","","8.400:0.050:1.498|-12.991:0.000:-12.747|-4.200:0.050:7.243|4.200:0.050:1.498|-8.400:0.050:8.740","0.000:0.000:0.656|0.000:0.000:0.000|0.000:0.000:0.800|0.000:0.000:0.656|0.000:0.000:0.000","20.000:0.050:1.474|-11.836:0.000:-13.505","0.000:0.000:1.066|0.000:0.000:0.000",False,False,Moving,60.00,40.00,3.00,ForkliftInteraction,"P1:True|P2:True|P3:True|D1:True|D2:True|D3:False","H1:Rack picker: R1 staging:Transport to work bay:load=True:handoffs=0|H2:D3 receiving inspection:Transport:load=True:handoffs=0|H3:PD station operator:Transport to work bay:load=False:handoffs=0|H4:Trolley operator: PD2 transfer:Transport to work bay:load=True:handoffs=0|H5:Maintenance and replenishment:Inspect / replenish rack:load=False:handoffs=1|F1:Inbound pallet transport in east perimeter lane:Transport to work bay:load=True:handoffs=0|F2:D3 outbound pallet staging:Transport:load=True:handoffs=0"
12.1694,3,46,108,-21.7097,0.0500,-14.7064,76.0594,1.8842,26.3283,-12.3000,0.0000,-13.5000,9.4868,7,"","","8.400:0.050:1.580|-12.991:0.000:-12.747|-4.200:0.050:7.342|4.200:0.050:1.580|-8.400:0.050:8.740","0.000:0.000:0.656|0.000:0.000:0.000|0.000:0.000:0.800|0.000:0.000:0.656|0.000:0.000:0.000","20.000:0.050:1.606|-11.836:0.000:-13.505","0.000:0.000:1.066|0.000:0.000:0.000",False,False,Moving,60.00,40.00,3.00,ForkliftInteraction,"P1:True|P2:True|P3:True|D1:True|D2:True|D3:False","H1:Rack picker: R1 staging:Transport to work bay:load=True:handoffs=0|H2:D3 receiving inspection:Transport:load=True:handoffs=0|H3:PD station operator:Transport to work bay:load=False:handoffs=0|H4:Trolley operator: PD2 transfer:Transport to work bay:load=True:handoffs=0|H5:Maintenance and replenishment:Inspect / replenish rack:load=False:handoffs=1|F1:Inbound pallet transport in east perimeter lane:Transport to work bay:load=True:handoffs=0|F2:D3 outbound pallet staging:Transport:load=True:handoffs=0"
12.2943,3,46,109,-21.5610,0.0500,-14.6873,77.7040,0.0000,0.0000,-12.3000,0.0000,-13.5000,9.3369,7,"","","8.400:0.050:1.662|-12.991:0.000:-12.747|-4.200:0.050:7.442|4.200:0.050:1.662|-8.400:0.050:8.740","0.000:0.000:0.656|0.000:0.000:0.000|0.000:0.000:0.800|0.000:0.000:0.656|0.000:0.000:0.000","20.000:0.050:1.740|-11.836:0.000:-13.505","0.000:0.000:1.066|0.000:0.000:0.000",False,False,Moving,60.00,40.00,3.00,ForkliftInteraction,"P1:True|P2:True|P3:True|D1:True|D2:True|D3:False","H1:Rack picker: R1 staging:Transport to work bay:load=True:handoffs=0|H2:D3 receiving inspection:Transport:load=True:handoffs=0|H3:PD station operator:Transport to work bay:load=False:handoffs=0|H4:Trolley operator: PD2 transfer:Transport to work bay:load=True:handoffs=0|H5:Maintenance and replenishment:Inspect / replenish rack:load=False:handoffs=1|F1:Inbound pallet transport in east perimeter lane:Transport to work bay:load=True:handoffs=0|F2:D3 outbound pallet staging:Transport:load=True:handoffs=0"
12.4151,3,46,110,-21.4173,0.0500,-14.6689,78.9034,0.0000,0.0000,-12.3000,0.0000,-13.5000,9.1920,7,"","","8.400:0.050:1.741|-12.991:0.000:-12.747|-4.200:0.050:7.539|4.200:0.050:1.741|-8.400:0.050:8.740","0.000:0.000:0.656|0.000:0.000:0.000|0.000:0.000:0.800|0.000:0.000:0.656|0.000:0.000:0.000","20.000:0.050:1.868|-11.836:0.000:-13.505","0.000:0.000:1.066|0.000:0.000:0.000",False,False,Moving,60.00,40.00,3.00,ForkliftInteraction,"P1:True|P2:True|P3:True|D1:True|D2:True|D3:False","H1:Rack picker: R1 staging:Transport to work bay:load=True:handoffs=0|H2:D3 receiving inspection:Transport:load=True:handoffs=0|H3:PD station operator:Transport to work bay:load=False:handoffs=0|H4:Trolley operator: PD2 transfer:Transport to work bay:load=True:handoffs=0|H5:Maintenance and replenishment:Return for next assignment:load=False:handoffs=1|F1:Inbound pallet transport in east perimeter lane:Transport to work bay:load=True:handoffs=0|F2:D3 outbound pallet staging:Transport:load=True:handoffs=0"
12.5336,3,46,111,-21.2762,0.0500,-14.6508,79.7993,1.7589,10.6854,-12.3000,0.0000,-13.5000,9.0498,7,"","","8.400:0.050:1.819|-12.991:0.000:-12.747|-4.200:0.050:7.634|4.200:0.050:1.819|-8.400:0.050:8.740","0.000:0.000:0.656|0.000:0.000:0.000|0.000:0.000:0.800|0.000:0.000:0.656|0.000:0.000:0.000","20.000:0.050:1.995|-11.836:0.000:-13.505","0.000:0.000:1.066|0.000:0.000:0.000",False,False,Moving,60.00,40.00,3.00,ForkliftInteraction,"P1:True|P2:True|P3:True|D1:True|D2:True|D3:False","H1:Rack picker: R1 staging:Transport to work bay:load=True:handoffs=0|H2:D3 receiving inspection:Transport:load=True:handoffs=0|H3:PD station operator:Transport to work bay:load=False:handoffs=0|H4:Trolley operator: PD2 transfer:Transport to work bay:load=True:handoffs=0|H5:Maintenance and replenishment:Return for next assignment:load=False:handoffs=1|F1:Inbound pallet transport in east perimeter lane:Transport to work bay:load=True:handoffs=0|F2:D3 outbound pallet staging:Transport:load=True:handoffs=0"
12.6493,3,46,112,-21.1385,0.0500,-14.6331,80.4690,1.7134,7.9849,-12.3000,0.0000,-13.5000,8.9109,7,"","","8.400:0.050:1.895|-12.991:0.000:-12.747|-4.200:0.050:7.726|4.200:0.050:1.895|-8.400:0.050:8.740","0.000:0.000:0.656|0.000:0.000:0.000|0.000:0.000:0.800|0.000:0.000:0.656|0.000:0.000:0.000","20.000:0.050:2.118|-11.836:0.000:-13.505","0.000:0.000:1.066|0.000:0.000:0.000",False,False,Moving,60.00,40.00,3.00,ForkliftInteraction,"P1:True|P2:True|P3:True|D1:True|D2:True|D3:False","H1:Rack picker: R1 staging:Transport to work bay:load=True:handoffs=0|H2:D3 receiving inspection:Transport:load=True:handoffs=0|H3:PD station operator:Transport to work bay:load=False:handoffs=0|H4:Trolley operator: PD2 transfer:Transport to work bay:load=True:handoffs=0|H5:Maintenance and replenishment:Return for next assignment:load=False:handoffs=1|F1:Inbound pallet transport in east perimeter lane:Transport to work bay:load=True:handoffs=0|F2:D3 outbound pallet staging:Transport:load=True:handoffs=0"
12.7753,3,46,113,-20.9884,0.0500,-14.6139,81.0249,0.0000,0.0000,-12.3000,0.0000,-13.5000,8.7597,7,"","","8.400:0.050:1.977|-12.991:0.000:-12.747|-4.200:0.050:7.827|4.200:0.050:1.977|-8.400:0.050:8.740","0.000:0.000:0.656|0.000:0.000:0.000|0.000:0.000:0.800|0.000:0.000:0.656|0.000:0.000:0.000","20.000:0.050:2.252|-11.836:0.000:-13.505","0.000:0.000:1.066|0.000:0.000:0.000",False,False,Moving,60.00,40.00,3.00,ForkliftInteraction,"P1:True|P2:True|P3:True|D1:True|D2:True|D3:False","H1:Rack picker: R1 staging:Transport to work bay:load=True:handoffs=0|H2:D3 receiving inspection:Transport:load=True:handoffs=0|H3:PD station operator:Transport to work bay:load=False:handoffs=0|H4:Trolley operator: PD2 transfer:Transport to work bay:load=True:handoffs=0|H5:Maintenance and replenishment:Return for next assignment:load=False:handoffs=1|F1:Inbound pallet transport in east perimeter lane:Transport to work bay:load=True:handoffs=0|F2:D3 outbound pallet staging:Transport:load=True:handoffs=0"
12.8981,3,46,114,-20.8423,0.0500,-14.5952,81.4322,0.0000,0.0000,-12.3000,0.0000,-13.5000,8.6124,7,"","","8.400:0.050:2.058|-12.991:0.000:-12.747|-4.200:0.050:7.925|4.200:0.050:2.058|-8.400:0.050:8.740","0.000:0.000:0.656|0.000:0.000:0.000|0.000:0.000:0.800|0.000:0.000:0.656|0.000:0.000:0.000","20.000:0.050:2.383|-11.836:0.000:-13.505","0.000:0.000:1.066|0.000:0.000:0.000",False,False,Moving,60.00,40.00,3.00,ForkliftInteraction,"P1:True|P2:True|P3:True|D1:True|D2:True|D3:False","H1:Rack picker: R1 staging:Transport to work bay:load=True:handoffs=0|H2:D3 receiving inspection:Transport:load=True:handoffs=0|H3:PD station operator:Transport to work bay:load=False:handoffs=0|H4:Trolley operator: PD2 transfer:Transport to work bay:load=True:handoffs=0|H5:Maintenance and replenishment:Return for next assignment:load=False:handoffs=1|F1:Inbound pallet transport in east perimeter lane:Transport to work bay:load=True:handoffs=0|F2:D3 outbound pallet staging:Transport:load=True:handoffs=0"
13.0222,3,46,115,-20.6946,0.0500,-14.5762,81.7430,0.0000,0.0000,-12.3000,0.0000,-13.5000,8.4635,7,"","","8.400:0.050:2.139|-12.991:0.000:-12.747|-4.200:0.050:8.025|4.200:0.050:2.139|-8.398:0.050:8.739","0.000:0.000:0.656|0.000:0.000:0.000|0.000:0.000:0.800|0.000:0.000:0.656|0.039:0.000:-0.019","20.000:0.050:2.515|-11.836:0.000:-13.505","0.000:0.000:1.066|0.000:0.000:0.000",False,False,Moving,60.00,40.00,3.00,ForkliftInteraction,"P1:True|P2:True|P3:True|D1:True|D2:True|D3:False","H1:Rack picker: R1 staging:Transport to work bay:load=True:handoffs=0|H2:D3 receiving inspection:Transport:load=True:handoffs=0|H3:PD station operator:Transport to work bay:load=False:handoffs=0|H4:Trolley operator: PD2 transfer:Transport to work bay:load=True:handoffs=0|H5:Maintenance and replenishment:Return for next assignment:load=False:handoffs=1|F1:Inbound pallet transport in east perimeter lane:Transport to work bay:load=True:handoffs=0|F2:D3 outbound pallet staging:Transport:load=True:handoffs=0"
13.1466,3,46,116,-20.5466,0.0500,-14.5573,81.9779,1.8632,2.8065,-12.3000,0.0000,-13.5000,8.3142,7,"","","8.400:0.050:2.221|-12.991:0.000:-12.747|-4.200:0.050:8.124|4.200:0.050:2.221|-8.388:0.050:8.731","0.000:0.000:0.656|0.000:0.000:0.000|0.000:0.000:0.800|0.000:0.000:0.656|0.099:0.000:-0.103","20.000:0.050:2.648|-11.836:0.000:-13.505","0.000:0.000:1.066|0.000:0.000:0.000",False,False,Moving,60.00,40.00,3.00,ForkliftInteraction,"P1:True|P2:True|P3:True|D1:True|D2:True|D3:False","H1:Rack picker: R1 staging:Transport to work bay:load=True:handoffs=0|H2:D3 receiving inspection:Transport:load=True:handoffs=0|H3:PD station operator:Transport to work bay:load=False:handoffs=0|H4:Trolley operator: PD2 transfer:Transport to work bay:load=True:handoffs=0|H5:Maintenance and replenishment:Return for next assignment:load=False:handoffs=1|F1:Inbound pallet transport in east perimeter lane:Transport to work bay:load=True:handoffs=0|F2:D3 outbound pallet staging:Transport:load=True:handoffs=0"
13.2678,3,46,117,-20.4023,0.0500,-14.5388,82.1507,1.7136,1.9447,-12.3000,0.0000,-13.5000,8.1687,7,"","","8.400:0.050:2.300|-12.991:0.000:-12.747|-4.200:0.050:8.221|4.200:0.050:2.300|-8.376:0.050:8.710","0.000:0.000:0.656|0.000:0.000:0.000|0.000:0.000:0.800|0.000:0.000:0.656|0.099:0.000:-0.219","20.000:0.050:2.777|-11.836:0.000:-13.505","0.000:0.000:1.066|0.000:0.000:0.000",False,False,Moving,60.00,40.00,3.00,ForkliftInteraction,"P1:True|P2:True|P3:True|D1:True|D2:True|D3:False","H1:Rack picker: R1 staging:Transport to work bay:load=True:handoffs=0|H2:D3 receiving inspection:Transport:load=True:handoffs=0|H3:PD station operator:Transport to work bay:load=False:handoffs=0|H4:Trolley operator: PD2 transfer:Transport to work bay:load=True:handoffs=0|H5:Maintenance and replenishment:Return for next assignment:load=False:handoffs=1|F1:Inbound pallet transport in east perimeter lane:Transport to work bay:load=True:handoffs=0|F2:D3 outbound pallet staging:Transport:load=True:handoffs=0"
13.3889,3,46,118,-20.2582,0.0500,-14.5203,82.2817,1.7048,1.4709,-12.3000,0.0000,-13.5000,8.0234,7,"","","8.400:0.050:2.380|-12.991:0.000:-12.747|-4.200:0.050:8.318|4.200:0.050:2.380|-8.368:0.050:8.674","0.000:0.000:0.656|0.000:0.000:0.000|0.000:0.000:0.800|0.000:0.000:0.656|0.029:0.000:-0.335","20.000:0.050:2.906|-11.836:0.000:-13.505","0.000:0.000:1.066|0.000:0.000:0.000",False,False,Moving,60.00,40.00,3.00,ForkliftInteraction,"P1:True|P2:True|P3:True|D1:True|D2:True|D3:False","H1:Rack picker: R1 staging:Transport to work bay:load=True:handoffs=0|H2:D3 receiving inspection:Transport:load=True:handoffs=0|H3:PD station operator:Transport to work bay:load=False:handoffs=0|H4:Trolley operator: PD2 transfer:Transport to work bay:load=True:handoffs=0|H5:Maintenance and replenishment:Return for next assignment:load=False:handoffs=1|F1:Inbound pallet transport in east perimeter lane:Transport to work bay:load=True:handoffs=0|F2:D3 outbound pallet staging:Transport:load=True:handoffs=0"
13.5042,3,46,119,-20.1210,0.0500,-14.5027,82.3768,1.6961,1.1265,-12.3000,0.0000,-13.5000,7.8851,7,"","","8.400:0.050:2.455|-12.991:0.000:-12.747|-4.200:0.050:8.410|4.200:0.050:2.455|-8.369:0.050:8.629","0.000:0.000:0.656|0.000:0.000:0.000|0.000:0.000:0.800|0.000:0.000:0.656|-0.003:0.000:-0.429","20.000:0.050:3.029|-11.836:0.000:-13.505","0.000:0.000:1.066|0.000:0.000:0.000",False,False,Moving,60.00,40.00,3.00,ForkliftInteraction,"P1:True|P2:True|P3:True|D1:True|D2:True|D3:False","H1:Rack picker: R1 staging:Transport to work bay:load=True:handoffs=0|H2:D3 receiving inspection:Transport:load=True:handoffs=0|H3:PD station operator:Transport to work bay:load=False:handoffs=0|H4:Trolley operator: PD2 transfer:Transport to work bay:load=True:handoffs=0|H5:Maintenance and replenishment:Return for next assignment:load=False:handoffs=1|F1:Inbound pallet transport in east perimeter lane:Transport to work bay:load=True:handoffs=0|F2:D3 outbound pallet staging:Transport:load=True:handoffs=0"
13.6244,3,46,120,-19.9778,0.0500,-14.4843,82.4528,1.7979,0.9087,-12.3000,0.0000,-13.5000,7.7408,7,"","","8.400:0.050:2.534|-12.991:0.000:-12.747|-4.200:0.050:8.506|4.200:0.050:2.534|-8.369:0.050:8.570","0.000:0.000:0.656|0.000:0.000:0.000|0.000:0.000:0.800|0.000:0.000:0.656|-0.004:0.000:-0.525","20.000:0.050:3.157|-11.836:0.000:-13.505","0.000:0.000:1.066|0.000:0.000:0.000",False,False,Moving,60.00,40.00,3.00,ForkliftInteraction,"P1:True|P2:True|P3:True|D1:True|D2:True|D3:False","H1:Rack picker: R1 staging:Transport to work bay:load=True:handoffs=0|H2:D3 receiving inspection:Transport:load=True:handoffs=0|H3:PD station operator:Transport to work bay:load=False:handoffs=0|H4:Trolley operator: PD2 transfer:Transport to work bay:load=True:handoffs=0|H5:Maintenance and replenishment:Return for next assignment:load=False:handoffs=1|F1:Inbound pallet transport in east perimeter lane:Transport to work bay:load=True:handoffs=0|F2:D3 outbound pallet staging:Transport:load=True:handoffs=0"
13.7390,3,46,121,-19.8414,0.0500,-14.4669,82.5082,0.0000,0.0000,-12.3000,0.0000,-13.5000,7.6033,7,"","","8.400:0.050:2.609|-12.991:0.000:-12.747|-4.200:0.050:8.598|4.200:0.050:2.609|-8.370:0.050:8.503","0.000:0.000:0.656|0.000:0.000:0.000|0.000:0.000:0.800|0.000:0.000:0.656|-0.005:0.000:-0.617","20.000:0.050:3.280|-11.836:0.000:-13.505","0.000:0.000:1.066|0.000:0.000:0.000",False,False,Moving,60.00,40.00,3.00,ForkliftInteraction,"P1:True|P2:True|P3:True|D1:True|D2:True|D3:False","H1:Rack picker: R1 staging:Transport to work bay:load=True:handoffs=0|H2:D3 receiving inspection:Transport:load=True:handoffs=0|H3:PD station operator:Transport to work bay:load=False:handoffs=0|H4:Trolley operator: PD2 transfer:Transport to work bay:load=True:handoffs=0|H5:Maintenance and replenishment:Return for next assignment:load=False:handoffs=1|F1:Inbound pallet transport in east perimeter lane:Transport to work bay:load=True:handoffs=0|F2:D3 outbound pallet staging:Transport:load=True:handoffs=0"
13.8580,3,46,122,-19.6998,0.0500,-14.4487,82.5523,0.0000,0.0000,-12.3000,0.0000,-13.5000,7.4605,7,"","","8.400:0.050:2.687|-12.991:0.000:-12.747|-4.200:0.050:8.693|4.200:0.050:2.687|-8.370:0.050:8.423","0.000:0.000:0.656|0.000:0.000:0.000|0.000:0.000:0.800|0.000:0.000:0.656|-0.005:0.000:-0.712","20.000:0.050:3.406|-11.836:0.000:-13.505","0.000:0.000:1.066|0.000:0.000:0.000",False,False,Moving,60.00,40.00,3.00,ForkliftInteraction,"P1:True|P2:True|P3:True|D1:True|D2:True|D3:False","H1:Rack picker: R1 staging:Transport to work bay:load=True:handoffs=0|H2:D3 receiving inspection:Transport:load=True:handoffs=0|H3:PD station operator:Transport to work bay:load=False:handoffs=0|H4:Trolley operator: PD2 transfer:Transport to work bay:load=True:handoffs=0|H5:Maintenance and replenishment:Return for next assignment:load=False:handoffs=1|F1:Inbound pallet transport in east perimeter lane:Transport to work bay:load=True:handoffs=0|F2:D3 outbound pallet staging:Transport:load=True:handoffs=0"
13.9728,3,46,123,-19.5631,0.0500,-14.4312,82.5849,1.7291,0.3948,-12.3000,0.0000,-13.5000,7.3228,7,"","","8.400:0.050:2.763|-12.991:0.000:-12.747|-4.200:0.050:8.739|4.200:0.050:2.763|-8.371:0.050:8.335","0.000:0.000:0.656|0.000:0.000:0.000|0.000:0.000:0.000|0.000:0.000:0.656|-0.006:0.000:-0.800","20.000:0.050:3.529|-11.836:0.000:-13.505","0.000:0.000:1.066|0.000:0.000:0.000",False,False,Moving,60.00,40.00,3.00,ForkliftInteraction,"P1:True|P2:True|P3:True|D1:True|D2:True|D3:False","H1:Rack picker: R1 staging:Transport to work bay:load=True:handoffs=0|H2:D3 receiving inspection:Transport:load=True:handoffs=0|H3:PD station operator:Scan / verify station order:load=False:handoffs=1|H4:Trolley operator: PD2 transfer:Transport to work bay:load=True:handoffs=0|H5:Maintenance and replenishment:Return for next assignment:load=False:handoffs=1|F1:Inbound pallet transport in east perimeter lane:Transport to work bay:load=True:handoffs=0|F2:D3 outbound pallet staging:Transport:load=True:handoffs=0"
14.0922,3,46,124,-19.4210,0.0500,-14.4130,82.6109,1.6637,0.2914,-12.3000,0.0000,-13.5000,7.1795,7,"","","8.400:0.050:2.841|-12.991:0.000:-12.747|-4.200:0.050:8.739|4.200:0.050:2.841|-8.372:0.050:8.239","0.000:0.000:0.656|0.000:0.000:0.000|0.000:0.000:0.000|0.000:0.000:0.656|-0.006:0.000:-0.800","20.000:0.050:3.656|-11.836:0.000:-13.505","0.000:0.000:1.066|0.000:0.000:0.000",False,False,Moving,60.00,40.00,3.00,ForkliftInteraction,"P1:True|P2:True|P3:True|D1:True|D2:True|D3:False","H1:Rack picker: R1 staging:Transport to work bay:load=True:handoffs=0|H2:D3 receiving inspection:Transport:load=True:handoffs=0|H3:PD station operator:Scan / verify station order:load=False:handoffs=1|H4:Trolley operator: PD2 transfer:Transport to work bay:load=True:handoffs=0|H5:Maintenance and replenishment:Return for next assignment:load=False:handoffs=1|F1:Inbound pallet transport in east perimeter lane:Transport to work bay:load=True:handoffs=0|F2:D3 outbound pallet staging:Transport:load=True:handoffs=0"
14.2089,3,46,125,-19.2821,0.0500,-14.3952,82.6304,1.7336,0.2331,-12.3000,0.0000,-13.5000,7.0395,7,"","","8.400:0.050:2.918|-12.991:0.000:-12.747|-4.200:0.050:8.739|4.200:0.050:2.918|-8.372:0.050:8.146","0.000:0.000:0.656|0.000:0.000:0.000|0.000:0.000:0.000|0.000:0.000:0.656|-0.006:0.000:-0.800","20.000:0.050:3.780|-11.836:0.000:-13.505","0.000:0.000:1.066|0.000:0.000:0.000",False,False,Moving,60.00,40.00,3.00,ForkliftInteraction,"P1:True|P2:True|P3:True|D1:True|D2:True|D3:False","H1:Rack picker: R1 staging:Transport to work bay:load=True:handoffs=0|H2:D3 receiving inspection:Transport:load=True:handoffs=0|H3:PD station operator:Scan / verify station order:load=False:handoffs=1|H4:Trolley operator: PD2 transfer:Transport to work bay:load=True:handoffs=0|H5:Maintenance and replenishment:Return for next assignment:load=False:handoffs=1|F1:Inbound pallet transport in east perimeter lane:Transport to work bay:load=True:handoffs=0|F2:D3 outbound pallet staging:Transport:load=True:handoffs=0"
14.3294,3,46,126,-19.1387,0.0500,-14.3768,82.6457,1.8009,0.1846,-12.3000,0.0000,-13.5000,6.8949,7,"","","8.400:0.050:2.997|-12.991:0.000:-12.747|-4.200:0.050:8.739|4.200:0.050:2.997|-8.373:0.050:8.049","0.000:0.000:0.656|0.000:0.000:0.000|0.000:0.000:0.000|0.000:0.000:0.656|-0.006:0.000:-0.800","20.000:0.050:3.909|-11.836:0.000:-13.505","0.000:0.000:1.066|0.000:0.000:0.000",False,False,Moving,60.00,40.00,3.00,ForkliftInteraction,"P1:True|P2:True|P3:True|D1:True|D2:True|D3:False","H1:Rack picker: R1 staging:Transport to work bay:load=True:handoffs=0|H2:D3 receiving inspection:Transport:load=True:handoffs=0|H3:PD station operator:Scan / verify station order:load=False:handoffs=1|H4:Trolley operator: PD2 transfer:Transport to work bay:load=True:handoffs=0|H5:Maintenance and replenishment:Return for next assignment:load=False:handoffs=1|F1:Inbound pallet transport in east perimeter lane:Transport to work bay:load=True:handoffs=0|F2:D3 outbound pallet staging:Transport:load=True:handoffs=0"
14.4475,3,46,127,-18.9981,0.0500,-14.3587,82.6571,1.6787,0.1305,-12.3000,0.0000,-13.5000,6.7531,7,"","","8.400:0.050:3.074|-12.991:0.000:-12.747|-4.200:0.050:8.739|4.200:0.050:3.074|-8.374:0.050:7.955","0.000:0.000:0.656|0.000:0.000:0.000|0.000:0.000:0.000|0.000:0.000:0.656|-0.006:0.000:-0.800","20.000:0.050:4.035|-11.836:0.000:-13.505","0.000:0.000:1.066|0.000:0.000:0.000",False,False,Moving,60.00,40.00,3.00,ForkliftInteraction,"P1:True|P2:True|P3:True|D1:True|D2:True|D3:False","H1:Rack picker: R1 staging:Transport to work bay:load=True:handoffs=0|H2:D3 receiving inspection:Transport:load=True:handoffs=0|H3:PD station operator:Scan / verify station order:load=False:handoffs=1|H4:Trolley operator: PD2 transfer:Transport to work bay:load=True:handoffs=0|H5:Maintenance and replenishment:Return for next assignment:load=False:handoffs=1|F1:Inbound pallet transport in east perimeter lane:Transport to work bay:load=True:handoffs=0|F2:D3 outbound pallet staging:Transport:load=True:handoffs=0"
14.5757,3,46,128,-18.8455,0.0500,-14.3392,82.6665,0.0000,0.0000,-12.3000,0.0000,-13.5000,6.5993,7,"","","8.400:0.050:3.158|-12.991:0.000:-12.747|-4.200:0.050:8.739|4.200:0.050:3.158|-8.374:0.050:7.852","0.000:0.000:0.656|0.000:0.000:0.000|0.000:0.000:0.000|0.000:0.000:0.656|-0.006:0.000:-0.800","20.000:0.050:4.171|-11.836:0.000:-13.505","0.000:0.000:1.066|0.000:0.000:0.000",False,False,Moving,60.00,40.00,3.00,ForkliftInteraction,"P1:True|P2:True|P3:True|D1:True|D2:True|D3:False","H1:Rack picker: R1 staging:Transport to work bay:load=True:handoffs=0|H2:D3 receiving inspection:Transport:load=True:handoffs=0|H3:PD station operator:Scan / verify station order:load=False:handoffs=1|H4:Trolley operator: PD2 transfer:Transport to work bay:load=True:handoffs=0|H5:Maintenance and replenishment:Return for next assignment:load=False:handoffs=1|F1:Inbound pallet transport in east perimeter lane:Transport to work bay:load=True:handoffs=0|F2:D3 outbound pallet staging:Transport:load=True:handoffs=0"
14.7027,3,46,129,-18.6944,0.0500,-14.3198,82.6735,1.7286,0.0748,-12.3000,0.0000,-13.5000,6.4469,7,"","","8.400:0.050:3.242|-12.991:0.000:-12.747|-4.200:0.050:8.739|4.200:0.050:3.242|-8.375:0.050:7.751","0.000:0.000:0.656|0.000:0.000:0.000|0.000:0.000:0.000|0.000:0.000:0.656|-0.006:0.000:-0.800","20.000:0.050:4.307|-11.836:0.000:-13.505","0.000:0.000:1.066|0.000:0.000:0.000",False,False,Moving,60.00,40.00,3.00,ForkliftInteraction,"P1:True|P2:True|P3:True|D1:True|D2:True|D3:False","H1:Rack picker: R1 staging:Transport to work bay:load=True:handoffs=0|H2:D3 receiving inspection:Transport:load=True:handoffs=0|H3:PD station operator:Scan / verify station order:load=False:handoffs=1|H4:Trolley operator: PD2 transfer:Transport to work bay:load=True:handoffs=0|H5:Maintenance and replenishment:Return for next assignment:load=False:handoffs=1|F1:Inbound pallet transport in east perimeter lane:Transport to work bay:load=True:handoffs=0|F2:D3 outbound pallet staging:Transport:load=True:handoffs=0"
14.8195,3,46,130,-18.5554,0.0500,-14.3020,82.6784,0.0000,0.0000,-12.3000,0.0000,-13.5000,6.3068,7,"","","8.400:0.050:3.318|-12.991:0.000:-12.747|-4.200:0.050:8.739|4.200:0.050:3.318|-8.376:0.050:7.657","0.000:0.000:0.656|0.000:0.000:0.000|0.000:0.000:0.000|0.000:0.000:0.656|-0.006:0.000:-0.800","20.000:0.050:4.431|-11.836:0.000:-13.505","0.000:0.000:1.066|0.000:0.000:0.000",False,False,Moving,60.00,40.00,3.00,ForkliftInteraction,"P1:True|P2:True|P3:True|D1:True|D2:True|D3:False","H1:Rack picker: R1 staging:Transport to work bay:load=True:handoffs=0|H2:D3 receiving inspection:Transport:load=True:handoffs=0|H3:PD station operator:Scan / verify station order:load=False:handoffs=1|H4:Trolley operator: PD2 transfer:Transport to work bay:load=True:handoffs=0|H5:Maintenance and replenishment:Return for next assignment:load=False:handoffs=1|F1:Inbound pallet transport in east perimeter lane:Transport to work bay:load=True:handoffs=0|F2:D3 outbound pallet staging:Transport:load=True:handoffs=0"
14.9414,3,46,131,-18.4102,0.0500,-14.2834,82.6822,0.0000,0.0000,-12.3000,0.0000,-13.5000,6.1604,7,"","","8.400:0.050:3.398|-12.991:0.000:-12.747|-4.200:0.050:8.739|4.200:0.050:3.398|-8.377:0.050:7.560","0.000:0.000:0.656|0.000:0.000:0.000|0.000:0.000:0.000|0.000:0.000:0.656|-0.006:0.000:-0.800","20.000:0.050:4.561|-11.836:0.000:-13.505","0.000:0.000:1.066|0.000:0.000:0.000",False,False,Moving,60.00,40.00,3.00,ForkliftInteraction,"P1:True|P2:True|P3:True|D1:True|D2:True|D3:False","H1:Rack picker: R1 staging:Transport to work bay:load=True:handoffs=0|H2:D3 receiving inspection:Transport:load=True:handoffs=0|H3:PD station operator:Scan / verify station order:load=False:handoffs=1|H4:Trolley operator: PD2 transfer:Transport to work bay:load=True:handoffs=0|H5:Maintenance and replenishment:Return for next assignment:load=False:handoffs=1|F1:Inbound pallet transport in east perimeter lane:Transport to work bay:load=True:handoffs=0|F2:D3 outbound pallet staging:Transport:load=True:handoffs=0"
15.0641,3,46,132,-18.2642,0.0500,-14.2646,82.6852,2.0406,0.0397,-12.3000,0.0000,-13.5000,6.0133,7,"","","8.400:0.050:3.479|-12.991:0.000:-12.747|-4.200:0.050:8.739|4.200:0.050:3.479|-8.377:0.050:7.462","0.000:0.000:0.656|0.000:0.000:0.000|0.000:0.000:0.000|0.000:0.000:0.656|-0.006:0.000:-0.800","20.000:0.050:4.692|-11.836:0.000:-13.505","0.000:0.000:1.066|0.000:0.000:0.000",False,False,Moving,60.00,40.00,3.00,ForkliftInteraction,"P1:True|P2:True|P3:True|D1:True|D2:True|D3:False","H1:Rack picker: R1 staging:Transport to work bay:load=True:handoffs=0|H2:D3 receiving inspection:Transport:load=True:handoffs=0|H3:PD station operator:Scan / verify station order:load=False:handoffs=1|H4:Trolley operator: PD2 transfer:Transport to work bay:load=True:handoffs=0|H5:Maintenance and replenishment:Return for next assignment:load=False:handoffs=1|F1:Inbound pallet transport in east perimeter lane:Transport to work bay:load=True:handoffs=0|F2:D3 outbound pallet staging:Transport:load=True:handoffs=0"
15.1913,3,46,133,-18.1128,0.0500,-14.2452,82.6875,0.0000,0.0000,-12.3000,0.0000,-13.5000,5.8606,7,"","","8.400:0.050:3.562|-12.991:0.000:-12.747|-4.200:0.050:8.739|4.200:0.050:3.562|-8.378:0.050:7.360","0.000:0.000:0.656|0.000:0.000:0.000|0.000:0.000:0.000|0.000:0.000:0.656|-0.006:0.000:-0.800","20.000:0.050:4.828|-11.836:0.000:-13.505","0.000:0.000:1.066|0.000:0.000:0.000",False,False,Moving,60.00,40.00,3.00,ForkliftInteraction,"P1:True|P2:True|P3:True|D1:True|D2:True|D3:False","H1:Rack picker: R1 staging:Transport to work bay:load=True:handoffs=0|H2:D3 receiving inspection:Transport:load=True:handoffs=0|H3:PD station operator:Scan / verify station order:load=False:handoffs=1|H4:Trolley operator: PD2 transfer:Transport to work bay:load=True:handoffs=0|H5:Maintenance and replenishment:Return for next assignment:load=False:handoffs=1|F1:Inbound pallet transport in east perimeter lane:Transport to work bay:load=True:handoffs=0|F2:D3 outbound pallet staging:Transport:load=True:handoffs=0"
15.3177,3,46,134,-17.9624,0.0500,-14.2260,82.6892,0.0000,0.0000,-12.3000,0.0000,-13.5000,5.7089,7,"","","8.400:0.050:3.645|-12.991:0.000:-12.747|-4.200:0.050:8.739|4.200:0.050:3.645|-8.379:0.050:7.259","0.000:0.000:0.656|0.000:0.000:0.000|0.000:0.000:0.000|0.000:0.000:0.656|-0.006:0.000:-0.800","20.000:0.050:4.962|-11.836:0.000:-13.505","0.000:0.000:1.066|0.000:0.000:0.000",False,False,Moving,60.00,40.00,3.00,ForkliftInteraction,"P1:True|P2:True|P3:True|D1:True|D2:True|D3:False","H1:Rack picker: R1 staging:Transport to work bay:load=True:handoffs=0|H2:D3 receiving inspection:Transport:load=True:handoffs=0|H3:PD station operator:Scan / verify station order:load=False:handoffs=1|H4:Trolley operator: PD2 transfer:Transport to work bay:load=True:handoffs=0|H5:Maintenance and replenishment:Return for next assignment:load=False:handoffs=1|F1:Inbound pallet transport in east perimeter lane:Transport to work bay:load=True:handoffs=0|F2:D3 outbound pallet staging:Transport:load=True:handoffs=0"
15.4418,3,46,135,-17.8147,0.0500,-14.2070,82.6904,0.0000,0.0000,-12.3000,0.0000,-13.5000,5.5601,7,"","","8.400:0.050:3.726|-12.991:0.000:-12.747|-4.200:0.050:8.739|4.200:0.050:3.726|-8.380:0.050:7.159","0.000:0.000:0.656|0.000:0.000:0.000|0.000:0.000:0.000|0.000:0.000:0.656|-0.006:0.000:-0.800","20.000:0.050:5.095|-11.836:0.000:-13.505","0.000:0.000:1.066|0.000:0.000:0.000",False,False,Moving,60.00,40.00,3.00,ForkliftInteraction,"P1:True|P2:True|P3:True|D1:True|D2:True|D3:False","H1:Rack picker: R1 staging:Transport to work bay:load=True:handoffs=0|H2:D3 receiving inspection:Transport:load=True:handoffs=0|H3:PD station operator:Scan / verify station order:load=False:handoffs=1|H4:Trolley operator: PD2 transfer:Transport to work bay:load=True:handoffs=0|H5:Maintenance and replenishment:Return for next assignment:load=False:handoffs=1|F1:Inbound pallet transport in east perimeter lane:Transport to work bay:load=True:handoffs=0|F2:D3 outbound pallet staging:Transport:load=True:handoffs=0"
15.5704,3,46,136,-17.6616,0.0500,-14.1874,82.6914,1.9402,0.0118,-12.3000,0.0000,-13.5000,5.4058,7,"","","8.400:0.050:3.811|-12.991:0.000:-12.747|-4.200:0.050:8.739|4.200:0.050:3.811|-8.381:0.050:7.057","0.000:0.000:0.656|0.000:0.000:0.000|0.000:0.000:0.000|0.000:0.000:0.656|-0.006:0.000:-0.800","20.000:0.050:5.232|-11.836:0.000:-13.505","0.000:0.000:1.066|0.000:0.000:0.000",False,False,Moving,60.00,40.00,3.00,ForkliftInteraction,"P1:True|P2:True|P3:True|D1:True|D2:True|D3:False","H1:Rack picker: R1 staging:Transport to work bay:load=True:handoffs=0|H2:D3 receiving inspection:Transport:load=True:handoffs=0|H3:PD station operator:Scan / verify station order:load=False:handoffs=1|H4:Trolley operator: PD2 transfer:Transport to work bay:load=True:handoffs=0|H5:Maintenance and replenishment:Return for next assignment:load=False:handoffs=1|F1:Inbound pallet transport in east perimeter lane:Transport to work bay:load=True:handoffs=0|F2:D3 outbound pallet staging:Transport:load=True:handoffs=0"
15.6962,3,46,137,-17.5119,0.0500,-14.1682,82.6921,0.0000,0.0000,-12.3000,0.0000,-13.5000,5.2548,7,"","","8.400:0.050:3.893|-12.991:0.000:-12.747|-4.200:0.050:8.739|4.200:0.050:3.893|-8.381:0.050:6.956","0.000:0.000:0.656|0.000:0.000:0.000|0.000:0.000:0.000|0.000:0.000:0.656|-0.006:0.000:-0.800","20.000:0.050:5.366|-11.836:0.000:-13.505","0.000:0.000:1.066|0.000:0.000:0.000",False,False,Moving,60.00,40.00,3.00,ForkliftInteraction,"P1:True|P2:True|P3:True|D1:True|D2:True|D3:False","H1:Rack picker: R1 staging:Transport to work bay:load=True:handoffs=0|H2:D3 receiving inspection:Transport:load=True:handoffs=0|H3:PD station operator:Scan / verify station order:load=False:handoffs=1|H4:Trolley operator: PD2 transfer:Transport to work bay:load=True:handoffs=0|H5:Maintenance and replenishment:Return for next assignment:load=False:handoffs=1|F1:Inbound pallet transport in east perimeter lane:Transport to work bay:load=True:handoffs=0|F2:D3 outbound pallet staging:Transport:load=True:handoffs=0"
15.8015,3,46,138,-17.3865,0.0500,-14.1521,82.6925,0.0000,0.0000,-12.3000,0.0000,-13.5000,5.1284,7,"","","8.400:0.050:3.962|-12.991:0.000:-12.747|-4.200:0.050:8.739|4.200:0.050:3.962|-8.382:0.050:6.872","0.000:0.000:0.656|0.000:0.000:0.000|0.000:0.000:0.000|0.000:0.000:0.656|-0.006:0.000:-0.800","20.000:0.050:5.478|-11.836:0.000:-13.505","0.000:0.000:1.066|0.000:0.000:0.000",False,False,Moving,60.00,40.00,3.00,ForkliftInteraction,"P1:True|P2:True|P3:True|D1:True|D2:True|D3:False","H1:Rack picker: R1 staging:Transport to work bay:load=True:handoffs=0|H2:D3 receiving inspection:Transport:load=True:handoffs=0|H3:PD station operator:Return for next assignment:load=False:handoffs=1|H4:Trolley operator: PD2 transfer:Transport to work bay:load=True:handoffs=0|H5:Maintenance and replenishment:Return for next assignment:load=False:handoffs=1|F1:Inbound pallet transport in east perimeter lane:Transport to work bay:load=True:handoffs=0|F2:D3 outbound pallet staging:Transport:load=True:handoffs=0"
15.9230,3,46,139,-17.2419,0.0500,-14.1336,82.6930,0.0000,0.0000,-12.3000,0.0000,-13.5000,4.9826,7,"","","8.400:0.050:4.042|-12.991:0.000:-12.747|-4.200:0.050:8.739|4.200:0.050:4.042|-8.383:0.050:6.774","0.000:0.000:0.656|0.000:0.000:0.000|0.000:0.000:0.000|0.000:0.000:0.656|-0.006:0.000:-0.800","20.000:0.050:5.608|-11.836:0.000:-13.505","0.000:0.000:1.066|0.000:0.000:0.000",False,False,Moving,60.00,40.00,3.00,ForkliftInteraction,"P1:True|P2:True|P3:True|D1:True|D2:True|D3:False","H1:Rack picker: R1 staging:Transport to work bay:load=True:handoffs=0|H2:D3 receiving inspection:Transport:load=True:handoffs=0|H3:PD station operator:Return for next assignment:load=False:handoffs=1|H4:Trolley operator: PD2 transfer:Transport to work bay:load=True:handoffs=0|H5:Maintenance and replenishment:Return for next assignment:load=False:handoffs=1|F1:Inbound pallet transport in east perimeter lane:Transport to work bay:load=True:handoffs=0|F2:D3 outbound pallet staging:Transport:load=True:handoffs=0"
16.0437,3,46,140,-17.0983,0.0500,-14.1152,82.6933,1.7167,0.0034,-12.3000,0.0000,-13.5000,4.8378,7,"","","8.400:0.050:4.121|-12.991:0.000:-12.747|-4.200:0.050:8.739|4.200:0.050:4.121|-8.383:0.050:6.678","0.000:0.000:0.656|0.000:0.000:0.000|0.000:0.000:0.000|0.000:0.000:0.656|-0.006:0.000:-0.800","20.000:0.050:5.736|-11.836:0.000:-13.505","0.000:0.000:1.066|0.000:0.000:0.000",False,False,Moving,60.00,40.00,3.00,ForkliftInteraction,"P1:True|P2:True|P3:True|D1:True|D2:True|D3:False","H1:Rack picker: R1 staging:Transport to work bay:load=True:handoffs=0|H2:D3 receiving inspection:Transport:load=True:handoffs=0|H3:PD station operator:Return for next assignment:load=False:handoffs=1|H4:Trolley operator: PD2 transfer:Transport to work bay:load=True:handoffs=0|H5:Maintenance and replenishment:Return for next assignment:load=False:handoffs=1|F1:Inbound pallet transport in east perimeter lane:Transport to work bay:load=True:handoffs=0|F2:D3 outbound pallet staging:Transport:load=True:handoffs=0"
16.1704,3,46,141,-16.9475,0.0500,-14.0958,82.6935,1.9562,0.0034,-12.3000,0.0000,-13.5000,4.6858,7,"","","8.400:0.050:4.204|-12.991:0.000:-12.747|-4.200:0.050:8.739|4.200:0.050:4.204|-8.384:0.050:6.577","0.000:0.000:0.656|0.000:0.000:0.000|0.000:0.000:0.000|0.000:0.000:0.656|-0.006:0.000:-0.800","20.000:0.050:5.871|-11.836:0.000:-13.505","0.000:0.000:1.066|0.000:0.000:0.000",False,False,Moving,60.00,40.00,3.00,ForkliftInteraction,"P1:True|P2:True|P3:True|D1:True|D2:True|D3:False","H1:Rack picker: R1 staging:Transport to work bay:load=True:handoffs=0|H2:D3 receiving inspection:Transport:load=True:handoffs=0|H3:PD station operator:Return for next assignment:load=False:handoffs=1|H4:Trolley operator: PD2 transfer:Transport to work bay:load=True:handoffs=0|H5:Maintenance and replenishment:Return for next assignment:load=False:handoffs=1|F1:Inbound pallet transport in east perimeter lane:Transport to work bay:load=True:handoffs=0|F2:D3 outbound pallet staging:Transport:load=True:handoffs=0"
16.3032,3,46,142,-16.7894,0.0500,-14.0756,82.6937,0.0000,0.0000,-12.3000,0.0000,-13.5000,4.5264,7,"","","8.400:0.050:4.225|-12.991:0.000:-12.747|-4.200:0.050:8.739|4.200:0.050:4.225|-8.385:0.050:6.470","0.000:0.000:0.000|0.000:0.000:0.000|0.000:0.000:0.000|0.000:0.000:0.000|-0.006:0.000:-0.800","20.000:0.050:6.013|-11.836:0.000:-13.505","0.000:0.000:1.066|0.000:0.000:0.000",False,False,Moving,60.00,40.00,3.00,ForkliftInteraction,"P1:True|P2:True|P3:True|D1:True|D2:True|D3:False","H1:Rack picker: R1 staging:Unload / confirm hand-off:load=True:handoffs=1|H2:D3 receiving inspection:Transport:load=True:handoffs=0|H3:PD station operator:Return for next assignment:load=False:handoffs=1|H4:Trolley operator: PD2 transfer:Unload / confirm hand-off:load=True:handoffs=1|H5:Maintenance and replenishment:Return for next assignment:load=False:handoffs=1|F1:Inbound pallet transport in east perimeter lane:Transport to work bay:load=True:handoffs=0|F2:D3 outbound pallet staging:Transport:load=True:handoffs=0"
16.4319,3,46,143,-16.6361,0.0500,-14.0559,82.6938,1.8658,0.0015,-12.3000,0.0000,-13.5000,4.3719,7,"","","8.400:0.050:4.225|-12.991:0.000:-12.747|-4.201:0.050:8.739|4.200:0.050:4.225|-8.386:0.050:6.367","0.000:0.000:0.000|0.000:0.000:0.000|-0.021:0.000:-0.009|0.000:0.000:0.000|-0.006:0.000:-0.800","20.000:0.050:6.150|-11.836:0.000:-13.505","0.000:0.000:1.066|0.000:0.000:0.000",False,False,Moving,60.00,40.00,3.00,ForkliftInteraction,"P1:True|P2:True|P3:True|D1:True|D2:True|D3:False","H1:Rack picker: R1 staging:Unload / confirm hand-off:load=True:handoffs=1|H2:D3 receiving inspection:Transport:load=True:handoffs=0|H3:PD station operator:Return for next assignment:load=False:handoffs=1|H4:Trolley operator: PD2 transfer:Unload / confirm hand-off:load=True:handoffs=1|H5:Maintenance and replenishment:Return for next assignment:load=False:handoffs=1|F1:Inbound pallet transport in east perimeter lane:Transport to work bay:load=True:handoffs=0|F2:D3 outbound pallet staging:Transport:load=True:handoffs=0"
16.5400,3,46,144,-16.5076,0.0500,-14.0394,82.6939,0.0000,0.0000,-12.3000,0.0000,-13.5000,4.2423,7,"","","8.400:0.050:4.225|-12.991:0.000:-12.747|-4.208:0.050:8.734|4.200:0.050:4.225|-8.386:0.050:6.281","0.000:0.000:0.000|0.000:0.000:0.000|-0.085:0.000:-0.069|0.000:0.000:0.000|-0.006:0.000:-0.800","20.000:0.050:6.265|-11.836:0.000:-13.505","0.000:0.000:1.066|0.000:0.000:0.000",False,False,Moving,60.00,40.00,3.00,ForkliftInteraction,"P1:True|P2:True|P3:True|D1:True|D2:True|D3:False","H1:Rack picker: R1 staging:Unload / confirm hand-off:load=True:handoffs=1|H2:D3 receiving inspection:Transport:load=True:handoffs=0|H3:PD station operator:Return for next assignment:load=False:handoffs=1|H4:Trolley operator: PD2 transfer:Unload / confirm hand-off:load=True:handoffs=1|H5:Maintenance and replenishment:Return for next assignment:load=False:handoffs=1|F1:Inbound pallet transport in east perimeter lane:Transport to work bay:load=True:handoffs=0|F2:D3 outbound pallet staging:Transport:load=True:handoffs=0"
16.6602,3,46,145,-16.3645,0.0500,-14.0211,82.6940,0.0000,0.0000,-12.3000,0.0000,-13.5000,4.0980,7,"","","8.400:0.050:4.225|-12.991:0.000:-12.747|-4.220:0.050:8.718|4.200:0.050:4.225|-8.387:0.050:6.185","0.000:0.000:0.000|0.000:0.000:0.000|-0.107:0.000:-0.175|0.000:0.000:0.000|-0.006:0.000:-0.800","20.000:0.050:6.394|-11.836:0.000:-13.505","0.000:0.000:1.066|0.000:0.000:0.000",False,False,Moving,60.00,40.00,3.00,ForkliftInteraction,"P1:True|P2:True|P3:True|D1:True|D2:True|D3:False","H1:Rack picker: R1 staging:Unload / confirm hand-off:load=True:handoffs=1|H2:D3 receiving inspection:Transport:load=True:handoffs=0|H3:PD station operator:Return for next assignment:load=False:handoffs=1|H4:Trolley operator: PD2 transfer:Unload / confirm hand-off:load=True:handoffs=1|H5:Maintenance and replenishment:Return for next assignment:load=False:handoffs=1|F1:Inbound pallet transport in east perimeter lane:Transport to work bay:load=True:handoffs=0|F2:D3 outbound pallet staging:Transport:load=True:handoffs=0"
16.7795,3,46,146,-16.2225,0.0500,-14.0029,82.6940,0.0000,0.0000,-12.3000,0.0000,-13.5000,3.9549,7,"","","8.400:0.050:4.225|-12.991:0.000:-12.747|-4.231:0.050:8.688|4.200:0.050:4.225|-8.388:0.050:6.089","0.000:0.000:0.000|0.000:0.000:0.000|-0.065:0.000:-0.294|0.000:0.000:0.000|-0.006:0.000:-0.800","20.000:0.050:6.521|-11.836:0.000:-13.505","0.000:0.000:1.066|0.000:0.000:0.000",False,False,Moving,60.00,40.00,3.00,ForkliftInteraction,"P1:True|P2:True|P3:True|D1:True|D2:True|D3:False","H1:Rack picker: R1 staging:Unload / confirm hand-off:load=True:handoffs=1|H2:D3 receiving inspection:Transport:load=True:handoffs=0|H3:PD station operator:Return for next assignment:load=False:handoffs=1|H4:Trolley operator: PD2 transfer:Unload / confirm hand-off:load=True:handoffs=1|H5:Maintenance and replenishment:Return for next assignment:load=False:handoffs=1|F1:Inbound pallet transport in east perimeter lane:Transport to work bay:load=True:handoffs=0|F2:D3 outbound pallet staging:Transport:load=True:handoffs=0"
16.8983,3,46,147,-16.0811,0.0500,-13.9848,82.6941,0.0000,0.0000,-12.3000,0.0000,-13.5000,3.8123,7,"","","8.400:0.050:4.225|-12.991:0.000:-12.747|-4.232:0.050:8.645|4.200:0.050:4.225|-8.389:0.050:5.994","0.000:0.000:0.000|0.000:0.000:0.000|0.001:0.000:-0.396|0.000:0.000:0.000|-0.006:0.000:-0.800","20.000:0.050:6.647|-11.836:0.000:-13.505","0.000:0.000:1.066|0.000:0.000:0.000",False,False,Moving,60.00,40.00,3.00,ForkliftInteraction,"P1:True|P2:True|P3:True|D1:True|D2:True|D3:False","H1:Rack picker: R1 staging:Unload / confirm hand-off:load=True:handoffs=1|H2:D3 receiving inspection:Transport:load=True:handoffs=0|H3:PD station operator:Return for next assignment:load=False:handoffs=1|H4:Trolley operator: PD2 transfer:Unload / confirm hand-off:load=True:handoffs=1|H5:Maintenance and replenishment:Return for next assignment:load=False:handoffs=1|F1:Inbound pallet transport in east perimeter lane:Transport to work bay:load=True:handoffs=0|F2:D3 outbound pallet staging:Transport:load=True:handoffs=0"
17.0210,3,46,148,-15.9350,0.0500,-13.9660,82.6941,0.0000,0.0000,-12.3000,0.0000,-13.5000,3.6651,7,"","","8.400:0.050:4.225|-12.991:0.000:-12.747|-4.232:0.050:8.589|4.200:0.050:4.225|-8.389:0.050:5.896","0.000:0.000:0.000|0.000:0.000:0.000|0.002:0.000:-0.494|0.000:0.000:0.000|-0.006:0.000:-0.800","20.000:0.050:6.778|-11.836:0.000:-13.505","0.000:0.000:1.066|0.000:0.000:0.000",False,False,Moving,60.00,40.00,3.00,ForkliftInteraction,"P1:True|P2:True|P3:True|D1:True|D2:True|D3:False","H1:Rack picker: R1 staging:Unload / confirm hand-off:load=True:handoffs=1|H2:D3 receiving inspection:Transport:load=True:handoffs=0|H3:PD station operator:Return for next assignment:load=False:handoffs=1|H4:Trolley operator: PD2 transfer:Unload / confirm hand-off:load=True:handoffs=1|H5:Maintenance and replenishment:Return for next assignment:load=False:handoffs=1|F1:Inbound pallet transport in east perimeter lane:Transport to work bay:load=True:handoffs=0|F2:D3 outbound pallet staging:Transport:load=True:handoffs=0"
17.1476,3,46,149,-15.7843,0.0500,-13.9467,82.6942,0.0000,0.0000,-12.3000,0.0000,-13.5000,3.5132,7,"","","8.400:0.050:4.225|-12.991:0.000:-12.747|-4.232:0.050:8.519|4.200:0.050:4.225|-8.390:0.050:5.795","0.000:0.000:0.000|0.000:0.000:0.000|0.002:0.000:-0.596|0.000:0.000:0.000|-0.006:0.000:-0.800","20.000:0.050:6.913|-11.836:0.000:-13.505","0.000:0.000:1.066|0.000:0.000:0.000",False,False,Moving,60.00,40.00,3.00,ForkliftInteraction,"P1:True|P2:True|P3:True|D1:True|D2:True|D3:False","H1:Rack picker: R1 staging:Unload / confirm hand-off:load=True:handoffs=1|H2:D3 receiving inspection:Transport:load=True:handoffs=0|H3:PD station operator:Return for next assignment:load=False:handoffs=1|H4:Trolley operator: PD2 transfer:Unload / confirm hand-off:load=True:handoffs=1|H5:Maintenance and replenishment:Return for next assignment:load=False:handoffs=1|F1:Inbound pallet transport in east perimeter lane:Transport to work bay:load=True:handoffs=0|F2:D3 outbound pallet staging:Transport:load=True:handoffs=0"
17.2537,3,46,150,-15.6580,0.0500,-13.9305,82.6942,0.0000,0.0000,-12.3000,0.0000,-13.5000,3.3859,7,"","","8.400:0.050:4.225|-12.991:0.000:-12.747|-4.232:0.050:8.449|4.200:0.050:4.225|-8.391:0.050:5.710","0.000:0.000:0.000|0.000:0.000:0.000|0.003:0.000:-0.680|0.000:0.000:0.000|-0.006:0.000:-0.800","20.000:0.050:7.026|-11.836:0.000:-13.505","0.000:0.000:1.066|0.000:0.000:0.000",False,False,Moving,60.00,40.00,3.00,ForkliftInteraction,"P1:True|P2:True|P3:True|D1:True|D2:True|D3:False","H1:Rack picker: R1 staging:Unload / confirm hand-off:load=True:handoffs=1|H2:D3 receiving inspection:Transport:load=True:handoffs=0|H3:PD station operator:Return for next assignment:load=False:handoffs=1|H4:Trolley operator: PD2 transfer:Unload / confirm hand-off:load=True:handoffs=1|H5:Maintenance and replenishment:Return for next assignment:load=False:handoffs=1|F1:Inbound pallet transport in east perimeter lane:Transport to work bay:load=True:handoffs=0|F2:D3 outbound pallet staging:Transport:load=True:handoffs=0"
17.3627,3,46,151,-15.5283,0.0500,-13.9139,82.6942,0.0000,0.0000,-12.3000,0.0000,-13.5000,3.2552,7,"","","8.400:0.050:4.225|-12.991:0.000:-12.747|-4.231:0.050:8.369|4.200:0.050:4.225|-8.391:0.050:5.623","0.000:0.000:0.000|0.000:0.000:0.000|0.003:0.000:-0.768|0.000:0.000:0.000|-0.006:0.000:-0.800","20.000:0.050:7.142|-11.836:0.000:-13.505","0.000:0.000:1.066|0.000:0.000:0.000",False,False,Moving,60.00,40.00,3.00,ForkliftInteraction,"P1:True|P2:True|P3:True|D1:True|D2:True|D3:False","H1:Rack picker: R1 staging:Unload / confirm hand-off:load=True:handoffs=1|H2:D3 receiving inspection:Transport:load=True:handoffs=0|H3:PD station operator:Return for next assignment:load=False:handoffs=1|H4:Trolley operator: PD2 transfer:Unload / confirm hand-off:load=True:handoffs=1|H5:Maintenance and replenishment:Return for next assignment:load=False:handoffs=1|F1:Inbound pallet transport in east perimeter lane:Transport to work bay:load=True:handoffs=0|F2:D3 outbound pallet staging:Transport:load=True:handoffs=0"
17.4656,3,46,152,-15.4059,0.0500,-13.8982,82.6942,2.0217,0.0000,-12.3000,0.0000,-13.5000,3.1317,7,"","","8.400:0.050:4.225|-12.991:0.000:-12.747|-4.231:0.050:8.287|4.200:0.050:4.225|-8.392:0.050:5.540","0.000:0.000:0.000|0.000:0.000:0.000|0.003:0.000:-0.800|0.000:0.000:0.000|-0.006:0.000:-0.800","20.000:0.050:7.252|-11.836:0.000:-13.505","0.000:0.000:1.066|0.000:0.000:0.000",False,False,Moving,60.00,40.00,3.00,ForkliftInteraction,"P1:True|P2:True|P3:True|D1:True|D2:True|D3:False","H1:Rack picker: R1 staging:Unload / confirm hand-off:load=True:handoffs=1|H2:D3 receiving inspection:Transport:load=True:handoffs=0|H3:PD station operator:Return for next assignment:load=False:handoffs=1|H4:Trolley operator: PD2 transfer:Unload / confirm hand-off:load=True:handoffs=1|H5:Maintenance and replenishment:Return for next assignment:load=False:handoffs=1|F1:Inbound pallet transport in east perimeter lane:Transport to work bay:load=True:handoffs=0|F2:D3 outbound pallet staging:Transport:load=True:handoffs=0"
17.5956,3,46,153,-15.2510,0.0500,-13.8783,82.6942,0.0000,0.0000,-12.3000,0.0000,-13.5000,2.9756,7,"","","8.400:0.050:4.225|-12.991:0.000:-12.747|-4.231:0.050:8.183|4.200:0.050:4.225|-8.393:0.050:5.436","0.000:0.000:0.000|0.000:0.000:0.000|0.003:0.000:-0.800|0.000:0.000:0.000|-0.006:0.000:-0.800","20.000:0.050:7.391|-11.836:0.000:-13.505","0.000:0.000:1.066|0.000:0.000:0.000",False,False,Moving,60.00,40.00,3.00,ForkliftInteraction,"P1:True|P2:True|P3:True|D1:True|D2:True|D3:False","H1:Rack picker: R1 staging:Unload / confirm hand-off:load=True:handoffs=1|H2:D3 receiving inspection:Transport:load=True:handoffs=0|H3:PD station operator:Return for next assignment:load=False:handoffs=1|H4:Trolley operator: PD2 transfer:Unload / confirm hand-off:load=True:handoffs=1|H5:Maintenance and replenishment:Return for next assignment:load=False:handoffs=1|F1:Inbound pallet transport in east perimeter lane:Transport to work bay:load=True:handoffs=0|F2:D3 outbound pallet staging:Transport:load=True:handoffs=0"
17.7273,3,46,154,-15.0944,0.0500,-13.8583,82.6942,1.8511,0.0000,-12.3000,0.0000,-13.5000,2.8177,7,"","","8.400:0.050:4.225|-12.991:0.000:-12.747|-4.230:0.050:8.077|4.200:0.050:4.225|-8.394:0.050:5.331","0.000:0.000:0.000|0.000:0.000:0.000|0.003:0.000:-0.800|0.000:0.000:0.000|-0.006:0.000:-0.800","20.000:0.050:7.531|-11.836:0.000:-13.505","0.000:0.000:1.066|0.000:0.000:0.000",False,False,Moving,60.00,40.00,3.00,ForkliftInteraction,"P1:True|P2:True|P3:True|D1:True|D2:True|D3:False","H1:Rack picker: R1 staging:Unload / confirm hand-off:load=True:handoffs=1|H2:D3 receiving inspection:Transport:load=True:handoffs=0|H3:PD station operator:Return for next assignment:load=False:handoffs=1|H4:Trolley operator: PD2 transfer:Unload / confirm hand-off:load=True:handoffs=1|H5:Maintenance and replenishment:Return for next assignment:load=False:handoffs=1|F1:Inbound pallet transport in east perimeter lane:Transport to work bay:load=True:handoffs=0|F2:D3 outbound pallet staging:Transport:load=True:handoffs=0"
17.8496,3,46,155,-14.9488,0.0500,-13.8396,82.6942,2.1381,0.0000,-12.3000,0.0000,-13.5000,2.6709,7,"","","8.400:0.050:4.225|-12.991:0.000:-12.747|-4.230:0.050:7.980|4.200:0.050:4.225|-8.394:0.050:5.233","0.000:0.000:0.000|0.000:0.000:0.000|0.003:0.000:-0.800|0.000:0.000:0.000|-0.006:0.000:-0.800","20.000:0.050:7.661|-11.836:0.000:-13.505","0.000:0.000:1.066|0.000:0.000:0.000",False,False,Moving,60.00,40.00,3.00,ForkliftInteraction,"P1:True|P2:True|P3:True|D1:True|D2:True|D3:False","H1:Rack picker: R1 staging:Unload / confirm hand-off:load=True:handoffs=1|H2:D3 receiving inspection:Transport:load=True:handoffs=0|H3:PD station operator:Return for next assignment:load=False:handoffs=1|H4:Trolley operator: PD2 transfer:Unload / confirm hand-off:load=True:handoffs=1|H5:Maintenance and replenishment:Return for next assignment:load=False:handoffs=1|F1:Inbound pallet transport in east perimeter lane:Transport to work bay:load=True:handoffs=0|F2:D3 outbound pallet staging:Transport:load=True:handoffs=0"
17.9749,3,46,156,-14.7996,0.0500,-13.8205,82.6942,0.0000,0.0000,-12.3000,0.0000,-13.5000,2.5206,7,"","","8.400:0.050:4.225|-12.991:0.000:-12.747|-4.229:0.050:7.879|4.200:0.050:4.225|-8.395:0.050:5.133","0.000:0.000:0.000|0.000:0.000:0.000|0.003:0.000:-0.800|0.000:0.000:0.000|-0.006:0.000:-0.800","20.000:0.050:7.732|-11.836:0.000:-13.505","0.000:0.000:0.000|0.000:0.000:0.000",False,False,Stopped,60.00,40.00,3.00,ForkliftInteraction,"P1:True|P2:True|P3:True|D1:True|D2:True|D3:False","H1:Rack picker: R1 staging:Unload / confirm hand-off:load=True:handoffs=1|H2:D3 receiving inspection:Transport:load=True:handoffs=0|H3:PD station operator:Return for next assignment:load=False:handoffs=1|H4:Trolley operator: PD2 transfer:Unload / confirm hand-off:load=True:handoffs=1|H5:Maintenance and replenishment:Return for next assignment:load=False:handoffs=1|F1:Inbound pallet transport in east perimeter lane:Unload / confirm hand-off:load=True:handoffs=1|F2:D3 outbound pallet staging:Transport:load=True:handoffs=0"
18.1049,3,46,157,-14.6490,0.0500,-13.8012,82.6942,0.0000,0.0000,-12.3000,0.0000,-13.5000,2.3687,7,"","","8.400:0.050:4.225|-12.991:0.000:-12.747|-4.229:0.050:7.775|4.200:0.050:4.225|-8.396:0.050:5.029","0.000:0.000:0.000|0.000:0.000:0.000|0.003:0.000:-0.800|0.000:0.000:0.000|-0.006:0.000:-0.800","20.000:0.050:7.732|-11.836:0.000:-13.505","0.000:0.000:0.000|0.000:0.000:0.000",False,False,Stopped,60.00,40.00,3.00,ForkliftInteraction,"P1:True|P2:True|P3:True|D1:True|D2:True|D3:False","H1:Rack picker: R1 staging:Return for next assignment:load=False:handoffs=1|H2:D3 receiving inspection:Transport:load=True:handoffs=0|H3:PD station operator:Return for next assignment:load=False:handoffs=1|H4:Trolley operator: PD2 transfer:Return for next assignment:load=False:handoffs=1|H5:Maintenance and replenishment:Return for next assignment:load=False:handoffs=1|F1:Inbound pallet transport in east perimeter lane:Unload / confirm hand-off:load=True:handoffs=1|F2:D3 outbound pallet staging:Transport:load=True:handoffs=0"
18.2164,3,46,158,-14.5282,0.0500,-13.7857,82.6942,0.0000,0.0000,-12.3000,0.0000,-13.5000,2.2470,7,"","","8.400:0.050:4.225|-12.991:0.000:-12.747|-4.229:0.050:7.686|4.200:0.050:4.225|-8.397:0.050:4.940","0.000:0.000:0.000|0.000:0.000:0.000|0.003:0.000:-0.800|0.000:0.000:0.000|-0.006:0.000:-0.800","20.000:0.050:7.732|-11.836:0.000:-13.505","0.000:0.000:0.000|0.000:0.000:0.000",False,False,Stopped,60.00,40.00,3.00,ForkliftInteraction,"P1:True|P2:True|P3:True|D1:True|D2:True|D3:False","H1:Rack picker: R1 staging:Return for next assignment:load=False:handoffs=1|H2:D3 receiving inspection:Transport:load=True:handoffs=0|H3:PD station operator:Return for next assignment:load=False:handoffs=1|H4:Trolley operator: PD2 transfer:Return for next assignment:load=False:handoffs=1|H5:Maintenance and replenishment:Return for next assignment:load=False:handoffs=1|F1:Inbound pallet transport in east perimeter lane:Unload / confirm hand-off:load=True:handoffs=1|F2:D3 outbound pallet staging:Transport:load=True:handoffs=0"
18.3504,3,46,159,-14.3939,0.0500,-13.7685,82.6942,1.5969,0.0000,-12.3000,0.0000,-13.5000,2.1116,7,"","","8.400:0.050:4.225|-12.991:0.000:-12.747|-4.228:0.050:7.579|4.200:0.050:4.225|-8.397:0.050:4.833","0.000:0.000:0.000|0.000:0.000:0.000|0.003:0.000:-0.800|0.000:0.000:0.000|-0.006:0.000:-0.800","20.000:0.050:7.732|-11.836:0.000:-13.505","0.000:0.000:0.000|0.000:0.000:0.000",False,False,Stopped,60.00,40.00,3.00,ForkliftInteraction,"P1:True|P2:True|P3:True|D1:True|D2:True|D3:False","H1:Rack picker: R1 staging:Return for next assignment:load=False:handoffs=1|H2:D3 receiving inspection:Transport:load=True:handoffs=0|H3:PD station operator:Return for next assignment:load=False:handoffs=1|H4:Trolley operator: PD2 transfer:Return for next assignment:load=False:handoffs=1|H5:Maintenance and replenishment:Return for next assignment:load=False:handoffs=1|F1:Inbound pallet transport in east perimeter lane:Unload / confirm hand-off:load=True:handoffs=1|F2:D3 outbound pallet staging:Transport:load=True:handoffs=0"
18.4549,3,46,160,-14.2972,0.0500,-13.7561,82.6942,0.0000,0.0000,-12.3000,0.0000,-13.5000,2.0141,7,"","","8.400:0.050:4.225|-12.991:0.000:-12.747|-4.228:0.050:7.495|4.200:0.050:4.225|-8.398:0.050:4.779","0.000:0.000:0.000|0.000:0.000:0.000|0.003:0.000:-0.800|0.000:0.000:0.000|0.000:0.000:0.000","20.000:0.050:7.732|-11.836:0.000:-13.505","0.000:0.000:0.000|0.000:0.000:0.000",False,False,Stopped,60.00,40.00,3.00,ForkliftInteraction,"P1:True|P2:True|P3:True|D1:True|D2:True|D3:False","H1:Rack picker: R1 staging:Return for next assignment:load=False:handoffs=1|H2:D3 receiving inspection:Transport:load=True:handoffs=0|H3:PD station operator:Return for next assignment:load=False:handoffs=1|H4:Trolley operator: PD2 transfer:Return for next assignment:load=False:handoffs=1|H5:Maintenance and replenishment:Load / inspect at source:load=False:handoffs=1|F1:Inbound pallet transport in east perimeter lane:Unload / confirm hand-off:load=True:handoffs=1|F2:D3 outbound pallet staging:Transport:load=True:handoffs=0"
18.5866,3,46,161,-14.1853,0.0500,-13.7417,82.6942,0.0000,0.0000,-12.3000,0.0000,-13.5000,1.9014,7,"","","8.400:0.050:4.225|-12.991:0.000:-12.747|-4.228:0.050:7.390|4.200:0.050:4.225|-8.398:0.050:4.779","0.000:0.000:0.000|0.000:0.000:0.000|0.003:0.000:-0.800|0.000:0.000:0.000|0.000:0.000:0.000","20.000:0.050:7.732|-11.836:0.000:-13.505","0.000:0.000:0.000|0.000:0.000:0.000",False,False,Stopped,60.00,40.00,3.00,ForkliftInteraction,"P1:True|P2:True|P3:True|D1:True|D2:True|D3:False","H1:Rack picker: R1 staging:Return for next assignment:load=False:handoffs=1|H2:D3 receiving inspection:Transport:load=True:handoffs=0|H3:PD station operator:Return for next assignment:load=False:handoffs=1|H4:Trolley operator: PD2 transfer:Return for next assignment:load=False:handoffs=1|H5:Maintenance and replenishment:Load / inspect at source:load=False:handoffs=1|F1:Inbound pallet transport in east perimeter lane:Unload / confirm hand-off:load=True:handoffs=1|F2:D3 outbound pallet staging:Transport:load=True:handoffs=0"
18.6923,3,46,162,-14.1036,0.0500,-13.7312,82.6942,1.3544,0.0000,-12.3000,0.0000,-13.5000,1.8191,7,"","","8.400:0.050:4.225|-12.991:0.000:-12.747|-4.227:0.050:7.305|4.200:0.050:4.225|-8.398:0.050:4.779","0.000:0.000:0.000|0.000:0.000:0.000|0.003:0.000:-0.800|0.000:0.000:0.000|0.000:0.000:0.000","20.000:0.050:7.732|-11.836:0.000:-13.505","0.000:0.000:0.000|0.000:0.000:0.000",False,False,Stopped,60.00,40.00,3.00,ForkliftInteraction,"P1:True|P2:True|P3:True|D1:True|D2:True|D3:False","H1:Rack picker: R1 staging:Return for next assignment:load=False:handoffs=1|H2:D3 receiving inspection:Transport:load=True:handoffs=0|H3:PD station operator:Return for next assignment:load=False:handoffs=1|H4:Trolley operator: PD2 transfer:Return for next assignment:load=False:handoffs=1|H5:Maintenance and replenishment:Load / inspect at source:load=False:handoffs=1|F1:Inbound pallet transport in east perimeter lane:Unload / confirm hand-off:load=True:handoffs=1|F2:D3 outbound pallet staging:Transport:load=True:handoffs=0"
18.8029,3,46,163,-14.0258,0.0500,-13.7213,82.6942,0.0000,0.0000,-12.3000,0.0000,-13.5000,1.7406,7,"","","8.405:0.050:4.221|-12.991:0.000:-12.747|-4.227:0.050:7.217|4.205:0.050:4.221|-8.398:0.050:4.779","0.070:0.000:-0.054|0.000:0.000:0.000|0.003:0.000:-0.800|0.070:0.000:-0.054|0.000:0.000:0.000","20.000:0.050:7.732|-11.836:0.000:-13.505","0.000:0.000:0.000|0.000:0.000:0.000",False,False,Stopped,60.00,40.00,3.00,ForkliftInteraction,"P1:True|P2:True|P3:True|D1:True|D2:True|D3:False","H1:Rack picker: R1 staging:Return for next assignment:load=False:handoffs=1|H2:D3 receiving inspection:Transport:load=True:handoffs=0|H3:PD station operator:Return for next assignment:load=False:handoffs=1|H4:Trolley operator: PD2 transfer:Return for next assignment:load=False:handoffs=1|H5:Maintenance and replenishment:Load / inspect at source:load=False:handoffs=1|F1:Inbound pallet transport in east perimeter lane:Unload / confirm hand-off:load=True:handoffs=1|F2:D3 outbound pallet staging:Transport:load=True:handoffs=0"
18.8752,3,46,164,-13.9571,0.0500,-13.7125,82.6942,1.3063,0.0000,-12.3000,0.0000,-13.5000,1.6714,7,"","","8.416:0.050:4.209|-12.991:0.000:-12.747|-4.227:0.050:7.130|4.216:0.050:4.209|-8.398:0.050:4.779","0.101:0.000:-0.143|0.000:0.000:0.000|0.003:0.000:-0.800|0.101:0.000:-0.143|0.000:0.000:0.000","20.000:0.050:7.732|-11.836:0.000:-13.505","0.000:0.000:0.000|0.000:0.000:0.000",False,False,Idle,60.00,40.00,3.00,ForkliftInteraction,"P1:True|P2:True|P3:True|D1:True|D2:True|D3:False","H1:Rack picker: R1 staging:Return for next assignment:load=False:handoffs=1|H2:D3 receiving inspection:Transport:load=True:handoffs=0|H3:PD station operator:Return for next assignment:load=False:handoffs=1|H4:Trolley operator: PD2 transfer:Return for next assignment:load=False:handoffs=1|H5:Maintenance and replenishment:Load / inspect at source:load=False:handoffs=1|F1:Inbound pallet transport in east perimeter lane:Unload / confirm hand-off:load=True:handoffs=1|F2:D3 outbound pallet staging:Transport:load=True:handoffs=0"
0.1785,3,71,1,-24.0000,0.0500,-17.2000,0.0000,0.0000,0.0000,-24.0000,0.0000,-15.0000,2.2006,7,"","","8.400:0.050:-4.500|-12.900:0.000:-6.115|-4.200:0.050:0.000|4.200:0.050:-4.500|-8.400:0.050:4.500","0.000:0.000:0.000|0.000:0.000:-0.750|0.000:0.000:0.000|0.000:0.000:0.000|0.000:0.000:0.000","20.000:0.050:-8.000|-12.288:0.000:-17.932","0.000:0.000:0.000|0.079:0.000:0.443",False,False,Idle,60.00,40.00,3.00,ForkliftInteraction,"P1:True|P2:True|P3:True|D1:True|D2:True|D3:True","H1:Rack picker: R1 staging:Load / inspect at source:load=False:handoffs=0|H2:D3 receiving inspection:Transport:load=True:handoffs=0|H3:PD station operator:Load / inspect at source:load=False:handoffs=0|H4:Trolley operator: PD2 transfer:Load / inspect at source:load=False:handoffs=0|H5:Maintenance and replenishment:Load / inspect at source:load=False:handoffs=0|F1:Inbound pallet transport in east perimeter lane:Load / inspect at source:load=False:handoffs=0|F2:D3 outbound pallet staging:Transport:load=True:handoffs=0"
0.2875,3,71,2,-24.0000,0.0500,-17.1806,0.0000,0.0000,0.0000,-24.0000,0.0000,-15.0000,2.1812,7,"","","8.400:0.050:-4.500|-12.900:0.000:-6.197|-4.200:0.050:0.000|4.200:0.050:-4.500|-8.400:0.050:4.500","0.000:0.000:0.000|0.000:0.000:-0.750|0.000:0.000:0.000|0.000:0.000:0.000|0.000:0.000:0.000","20.000:0.050:-8.000|-12.279:0.000:-17.884","0.000:0.000:0.000|0.079:0.000:0.443",False,False,Moving,60.00,40.00,3.00,ForkliftInteraction,"P1:True|P2:True|P3:True|D1:True|D2:True|D3:True","H1:Rack picker: R1 staging:Load / inspect at source:load=False:handoffs=0|H2:D3 receiving inspection:Transport:load=True:handoffs=0|H3:PD station operator:Load / inspect at source:load=False:handoffs=0|H4:Trolley operator: PD2 transfer:Load / inspect at source:load=False:handoffs=0|H5:Maintenance and replenishment:Load / inspect at source:load=False:handoffs=0|F1:Inbound pallet transport in east perimeter lane:Load / inspect at source:load=False:handoffs=0|F2:D3 outbound pallet staging:Transport:load=True:handoffs=0"
0.4198,3,71,3,-24.0000,0.0500,-17.1393,0.0000,0.0000,0.0000,-24.0000,0.0000,-15.0000,2.1399,7,"","","8.400:0.050:-4.500|-12.900:0.000:-6.296|-4.200:0.050:0.000|4.200:0.050:-4.500|-8.400:0.050:4.500","0.000:0.000:0.000|0.000:0.000:-0.750|0.000:0.000:0.000|0.000:0.000:0.000|0.000:0.000:0.000","20.000:0.050:-8.000|-12.269:0.000:-17.825","0.000:0.000:0.000|0.079:0.000:0.443",False,False,Moving,60.00,40.00,3.00,ForkliftInteraction,"P1:True|P2:True|P3:True|D1:True|D2:True|D3:True","H1:Rack picker: R1 staging:Load / inspect at source:load=False:handoffs=0|H2:D3 receiving inspection:Transport:load=True:handoffs=0|H3:PD station operator:Load / inspect at source:load=False:handoffs=0|H4:Trolley operator: PD2 transfer:Load / inspect at source:load=False:handoffs=0|H5:Maintenance and replenishment:Load / inspect at source:load=False:handoffs=0|F1:Inbound pallet transport in east perimeter lane:Load / inspect at source:load=False:handoffs=0|F2:D3 outbound pallet staging:Transport:load=True:handoffs=0"
0.5260,3,71,4,-24.0000,0.0500,-17.0937,0.0000,0.7468,0.0000,-24.0000,0.0000,-15.0000,2.0943,7,"","","8.400:0.050:-4.500|-12.900:0.000:-6.375|-4.200:0.050:0.000|4.200:0.050:-4.500|-8.400:0.050:4.500","0.000:0.000:0.000|0.000:0.000:-0.750|0.000:0.000:0.000|0.000:0.000:0.000|0.000:0.000:0.000","20.000:0.050:-8.000|-12.261:0.000:-17.778","0.000:0.000:0.000|0.079:0.000:0.443",False,False,Moving,60.00,40.00,3.00,ForkliftInteraction,"P1:True|P2:True|P3:True|D1:True|D2:True|D3:True","H1:Rack picker: R1 staging:Load / inspect at source:load=False:handoffs=0|H2:D3 receiving inspection:Transport:load=True:handoffs=0|H3:PD station operator:Load / inspect at source:load=False:handoffs=0|H4:Trolley operator: PD2 transfer:Load / inspect at source:load=False:handoffs=0|H5:Maintenance and replenishment:Load / inspect at source:load=False:handoffs=0|F1:Inbound pallet transport in east perimeter lane:Load / inspect at source:load=False:handoffs=0|F2:D3 outbound pallet staging:Transport:load=True:handoffs=0"
0.6330,3,71,5,-24.0000,0.0500,-17.0363,0.0000,0.0000,0.0000,-24.0000,0.0000,-15.0000,2.0370,7,"","","8.400:0.050:-4.500|-12.900:0.000:-6.456|-4.200:0.050:0.000|4.200:0.050:-4.500|-8.400:0.050:4.500","0.000:0.000:0.000|0.000:0.000:-0.750|0.000:0.000:0.000|0.000:0.000:0.000|0.000:0.000:0.000","20.000:0.050:-8.000|-12.252:0.000:-17.731","0.000:0.000:0.000|0.079:0.000:0.443",False,False,Moving,60.00,40.00,3.00,ForkliftInteraction,"P1:True|P2:True|P3:True|D1:True|D2:True|D3:True","H1:Rack picker: R1 staging:Load / inspect at source:load=False:handoffs=0|H2:D3 receiving inspection:Transport:load=True:handoffs=0|H3:PD station operator:Load / inspect at source:load=False:handoffs=0|H4:Trolley operator: PD2 transfer:Load / inspect at source:load=False:handoffs=0|H5:Maintenance and replenishment:Load / inspect at source:load=False:handoffs=0|F1:Inbound pallet transport in east perimeter lane:Load / inspect at source:load=False:handoffs=0|F2:D3 outbound pallet staging:Transport:load=True:handoffs=0"
0.7530,3,71,6,-24.0000,0.0500,-16.9581,0.0000,0.0000,0.0000,-24.0000,0.0000,-15.0000,1.9587,7,"","","8.400:0.050:-4.500|-12.900:0.000:-6.546|-4.200:0.050:0.000|4.200:0.050:-4.500|-8.400:0.050:4.500","0.000:0.000:0.000|0.000:0.000:-0.750|0.000:0.000:0.000|0.000:0.000:0.000|0.000:0.000:0.000","20.000:0.050:-8.000|-12.243:0.000:-17.678","0.000:0.000:0.000|0.079:0.000:0.443",False,False,Moving,60.00,40.00,3.00,ForkliftInteraction,"P1:True|P2:True|P3:True|D1:True|D2:True|D3:True","H1:Rack picker: R1 staging:Load / inspect at source:load=False:handoffs=0|H2:D3 receiving inspection:Transport:load=True:handoffs=0|H3:PD station operator:Load / inspect at source:load=False:handoffs=0|H4:Trolley operator: PD2 transfer:Load / inspect at source:load=False:handoffs=0|H5:Maintenance and replenishment:Load / inspect at source:load=False:handoffs=0|F1:Inbound pallet transport in east perimeter lane:Load / inspect at source:load=False:handoffs=0|F2:D3 outbound pallet staging:Transport:load=True:handoffs=0"
0.8532,3,71,7,-24.0000,0.0500,-16.8818,0.0000,0.0000,0.0000,-24.0000,0.0000,-15.0000,1.8825,7,"","","8.400:0.050:-4.500|-12.900:0.000:-6.621|-4.200:0.050:0.000|4.200:0.050:-4.500|-8.400:0.050:4.500","0.000:0.000:0.000|0.000:0.000:-0.750|0.000:0.000:0.000|0.000:0.000:0.000|0.000:0.000:0.000","20.000:0.050:-8.000|-12.235:0.000:-17.633","0.000:0.000:0.000|0.079:0.000:0.443",False,False,Moving,60.00,40.00,3.00,ForkliftInteraction,"P1:True|P2:True|P3:True|D1:True|D2:True|D3:True","H1:Rack picker: R1 staging:Load / inspect at source:load=False:handoffs=0|H2:D3 receiving inspection:Transport:load=True:handoffs=0|H3:PD station operator:Load / inspect at source:load=False:handoffs=0|H4:Trolley operator: PD2 transfer:Load / inspect at source:load=False:handoffs=0|H5:Maintenance and replenishment:Load / inspect at source:load=False:handoffs=0|F1:Inbound pallet transport in east perimeter lane:Load / inspect at source:load=False:handoffs=0|F2:D3 outbound pallet staging:Transport:load=True:handoffs=0"
0.9550,3,71,8,-24.0000,0.0500,-16.7940,0.0000,0.0000,0.0000,-24.0000,0.0000,-15.0000,1.7947,7,"","","8.400:0.050:-4.500|-12.900:0.000:-6.697|-4.200:0.050:0.000|4.200:0.050:-4.500|-8.400:0.050:4.500","0.000:0.000:0.000|0.000:0.000:-0.750|0.000:0.000:0.000|0.000:0.000:0.000|0.000:0.000:0.000","20.000:0.050:-8.000|-12.227:0.000:-17.588","0.000:0.000:0.000|0.079:0.000:0.443",False,False,Moving,60.00,40.00,3.00,ForkliftInteraction,"P1:True|P2:True|P3:True|D1:True|D2:True|D3:True","H1:Rack picker: R1 staging:Load / inspect at source:load=False:handoffs=0|H2:D3 receiving inspection:Transport:load=True:handoffs=0|H3:PD station operator:Load / inspect at source:load=False:handoffs=0|H4:Trolley operator: PD2 transfer:Load / inspect at source:load=False:handoffs=0|H5:Maintenance and replenishment:Load / inspect at source:load=False:handoffs=0|F1:Inbound pallet transport in east perimeter lane:Load / inspect at source:load=False:handoffs=0|F2:D3 outbound pallet staging:Transport:load=True:handoffs=0"
1.0608,3,71,9,-24.0000,0.0500,-16.6920,0.0000,0.0000,0.0000,-24.0000,0.0000,-15.0000,1.6927,7,"","","8.400:0.050:-4.500|-12.900:0.000:-6.777|-4.200:0.050:0.000|4.200:0.050:-4.500|-8.400:0.050:4.500","0.000:0.000:0.000|0.000:0.000:-0.750|0.000:0.000:0.000|0.000:0.000:0.000|0.000:0.000:0.000","20.000:0.050:-8.000|-12.218:0.000:-17.541","0.000:0.000:0.000|0.079:0.000:0.443",False,False,Moving,60.00,40.00,3.00,ForkliftInteraction,"P1:True|P2:True|P3:True|D1:True|D2:True|D3:True","H1:Rack picker: R1 staging:Load / inspect at source:load=False:handoffs=0|H2:D3 receiving inspection:Transport:load=True:handoffs=0|H3:PD station operator:Load / inspect at source:load=False:handoffs=0|H4:Trolley operator: PD2 transfer:Load / inspect at source:load=False:handoffs=0|H5:Maintenance and replenishment:Load / inspect at source:load=False:handoffs=0|F1:Inbound pallet transport in east perimeter lane:Load / inspect at source:load=False:handoffs=0|F2:D3 outbound pallet staging:Transport:load=True:handoffs=0"
1.1763,3,71,10,-24.0000,0.0500,-16.5674,0.0000,0.0000,0.0000,-24.0000,0.0000,-15.0000,1.5682,7,"","","8.400:0.050:-4.500|-12.900:0.000:-6.863|-4.200:0.050:0.000|4.200:0.050:-4.500|-8.400:0.050:4.500","0.000:0.000:0.000|0.000:0.000:-0.750|0.000:0.000:0.000|0.000:0.000:0.000|0.000:0.000:0.000","20.000:0.050:-8.000|-12.209:0.000:-17.490","0.000:0.000:0.000|0.079:0.000:0.443",False,False,Moving,60.00,40.00,3.00,ForkliftInteraction,"P1:True|P2:True|P3:True|D1:True|D2:True|D3:True","H1:Rack picker: R1 staging:Load / inspect at source:load=False:handoffs=0|H2:D3 receiving inspection:Transport:load=True:handoffs=0|H3:PD station operator:Load / inspect at source:load=False:handoffs=0|H4:Trolley operator: PD2 transfer:Load / inspect at source:load=False:handoffs=0|H5:Maintenance and replenishment:Load / inspect at source:load=False:handoffs=0|F1:Inbound pallet transport in east perimeter lane:Load / inspect at source:load=False:handoffs=0|F2:D3 outbound pallet staging:Transport:load=True:handoffs=0"
1.3031,3,71,11,-24.0000,0.0500,-16.4155,0.0000,1.8913,0.0000,-24.0000,0.0000,-15.0000,1.4164,7,"","","8.400:0.050:-4.500|-12.900:0.000:-6.958|-4.200:0.050:0.000|4.200:0.050:-4.500|-8.400:0.050:4.500","0.000:0.000:0.000|0.000:0.000:-0.750|0.000:0.000:0.000|0.000:0.000:0.000|0.000:0.000:0.000","20.000:0.050:-8.000|-12.199:0.000:-17.434","0.000:0.000:0.000|0.079:0.000:0.443",False,False,Moving,60.00,40.00,3.00,ForkliftInteraction,"P1:True|P2:True|P3:True|D1:True|D2:True|D3:True","H1:Rack picker: R1 staging:Load / inspect at source:load=False:handoffs=0|H2:D3 receiving inspection:Transport:load=True:handoffs=0|H3:PD station operator:Load / inspect at source:load=False:handoffs=0|H4:Trolley operator: PD2 transfer:Load / inspect at source:load=False:handoffs=0|H5:Maintenance and replenishment:Load / inspect at source:load=False:handoffs=0|F1:Inbound pallet transport in east perimeter lane:Load / inspect at source:load=False:handoffs=0|F2:D3 outbound pallet staging:Transport:load=True:handoffs=0"
1.4241,3,71,12,-24.0000,0.0500,-16.2555,0.0000,1.7248,0.0000,-24.0000,0.0000,-15.0000,1.2564,7,"","","8.400:0.050:-4.500|-12.900:0.000:-7.049|-4.200:0.050:0.000|4.200:0.050:-4.500|-8.400:0.050:4.500","0.000:0.000:0.000|0.000:0.000:-0.750|0.000:0.000:0.000|0.000:0.000:0.000|0.000:0.000:0.000","20.000:0.050:-8.000|-12.190:0.000:-17.380","0.000:0.000:0.000|0.079:0.000:0.443",False,False,Moving,60.00,40.00,3.00,ForkliftInteraction,"P1:True|P2:True|P3:True|D1:True|D2:True|D3:True","H1:Rack picker: R1 staging:Load / inspect at source:load=False:handoffs=0|H2:D3 receiving inspection:Transport:load=True:handoffs=0|H3:PD station operator:Load / inspect at source:load=False:handoffs=0|H4:Trolley operator: PD2 transfer:Load / inspect at source:load=False:handoffs=0|H5:Maintenance and replenishment:Load / inspect at source:load=False:handoffs=0|F1:Inbound pallet transport in east perimeter lane:Load / inspect at source:load=False:handoffs=0|F2:D3 outbound pallet staging:Transport:load=True:handoffs=0"
1.5353,3,71,13,-24.0000,0.0500,-16.0953,0.0000,2.2311,0.0000,-24.0000,0.0000,-15.0000,1.0965,7,"","","8.400:0.050:-4.500|-12.900:0.000:-7.132|-4.200:0.050:0.000|4.200:0.050:-4.500|-8.400:0.050:4.500","0.000:0.000:0.000|0.000:0.000:-0.750|0.000:0.000:0.000|0.000:0.000:0.000|0.000:0.000:0.000","20.000:0.050:-8.000|-12.181:0.000:-17.331","0.000:0.000:0.000|0.079:0.000:0.443",False,False,Moving,60.00,40.00,3.00,ForkliftInteraction,"P1:True|P2:True|P3:True|D1:True|D2:True|D3:True","H1:Rack picker: R1 staging:Load / inspect at source:load=False:handoffs=0|H2:D3 receiving inspection:Transport:load=True:handoffs=0|H3:PD station operator:Load / inspect at source:load=False:handoffs=0|H4:Trolley operator: PD2 transfer:Load / inspect at source:load=False:handoffs=0|H5:Maintenance and replenishment:Load / inspect at source:load=False:handoffs=0|F1:Inbound pallet transport in east perimeter lane:Load / inspect at source:load=False:handoffs=0|F2:D3 outbound pallet staging:Transport:load=True:handoffs=0"
1.6482,3,71,14,-24.0000,0.0500,-15.9260,0.0000,1.9010,0.0000,-24.0000,0.0000,-15.0000,0.9273,7,"","","8.400:0.050:-4.500|-12.900:0.000:-7.217|-4.200:0.050:0.000|4.200:0.050:-4.500|-8.400:0.050:4.500","0.000:0.000:0.000|0.000:0.000:-0.750|0.000:0.000:0.000|0.000:0.000:0.000|0.000:0.000:0.000","20.000:0.050:-8.000|-12.172:0.000:-17.281","0.000:0.000:0.000|0.079:0.000:0.443",False,False,Moving,60.00,40.00,3.00,ForkliftInteraction,"P1:True|P2:True|P3:True|D1:True|D2:True|D3:True","H1:Rack picker: R1 staging:Load / inspect at source:load=False:handoffs=0|H2:D3 receiving inspection:Transport:load=True:handoffs=0|H3:PD station operator:Load / inspect at source:load=False:handoffs=0|H4:Trolley operator: PD2 transfer:Load / inspect at source:load=False:handoffs=0|H5:Maintenance and replenishment:Load / inspect at source:load=False:handoffs=0|F1:Inbound pallet transport in east perimeter lane:Load / inspect at source:load=False:handoffs=0|F2:D3 outbound pallet staging:Transport:load=True:handoffs=0"
1.7588,3,71,15,-24.0000,0.0500,-15.7600,0.0000,2.0970,0.0000,-24.0000,0.0000,-15.0000,0.7616,7,"","","8.400:0.050:-4.500|-12.900:0.000:-7.300|-4.200:0.050:0.000|4.200:0.050:-4.500|-8.400:0.050:4.500","0.000:0.000:0.000|0.000:0.000:-0.750|0.000:0.000:0.000|0.000:0.000:0.000|0.000:0.000:0.000","20.000:0.050:-8.000|-12.163:0.000:-17.232","0.000:0.000:0.000|0.079:0.000:0.443",False,False,Moving,60.00,40.00,3.00,ForkliftInteraction,"P1:True|P2:True|P3:True|D1:True|D2:True|D3:True","H1:Rack picker: R1 staging:Load / inspect at source:load=False:handoffs=0|H2:D3 receiving inspection:Transport:load=True:handoffs=0|H3:PD station operator:Load / inspect at source:load=False:handoffs=0|H4:Trolley operator: PD2 transfer:Load / inspect at source:load=False:handoffs=0|H5:Maintenance and replenishment:Load / inspect at source:load=False:handoffs=0|F1:Inbound pallet transport in east perimeter lane:Load / inspect at source:load=False:handoffs=0|F2:D3 outbound pallet staging:Transport:load=True:handoffs=0"
1.8673,3,71,16,-24.0000,0.0500,-15.5983,0.0000,1.8648,0.0000,-24.0000,0.0000,-15.0000,0.6004,7,"","","8.400:0.050:-4.500|-12.900:0.000:-7.381|-4.200:0.050:0.000|4.200:0.050:-4.500|-8.400:0.050:4.500","0.000:0.000:0.000|0.000:0.000:-0.750|0.000:0.000:0.000|0.000:0.000:0.000|0.000:0.000:0.000","20.000:0.050:-8.000|-12.155:0.000:-17.184","0.000:0.000:0.000|0.079:0.000:0.443",False,False,Moving,60.00,40.00,3.00,ForkliftInteraction,"P1:True|P2:True|P3:True|D1:True|D2:True|D3:True","H1:Rack picker: R1 staging:Load / inspect at source:load=False:handoffs=0|H2:D3 receiving inspection:Transport:load=True:handoffs=0|H3:PD station operator:Load / inspect at source:load=False:handoffs=0|H4:Trolley operator: PD2 transfer:Load / inspect at source:load=False:handoffs=0|H5:Maintenance and replenishment:Load / inspect at source:load=False:handoffs=0|F1:Inbound pallet transport in east perimeter lane:Load / inspect at source:load=False:handoffs=0|F2:D3 outbound pallet staging:Transport:load=True:handoffs=0"
1.9796,3,71,17,-24.0000,0.0500,-15.4472,0.0000,2.2881,0.0000,-24.0000,0.0000,-15.0000,0.4500,7,"","","8.400:0.050:-4.500|-12.900:0.000:-7.466|-4.200:0.050:0.000|4.200:0.050:-4.500|-8.400:0.050:4.500","0.000:0.000:0.000|0.000:0.000:-0.750|0.000:0.000:0.000|0.000:0.000:0.000|0.000:0.000:0.000","20.000:0.050:-8.000|-12.146:0.000:-17.134","0.000:0.000:0.000|0.079:0.000:0.443",False,False,Moving,60.00,40.00,3.00,ForkliftInteraction,"P1:True|P2:True|P3:True|D1:True|D2:True|D3:True","H1:Rack picker: R1 staging:Load / inspect at source:load=False:handoffs=0|H2:D3 receiving inspection:Transport:load=True:handoffs=0|H3:PD station operator:Load / inspect at source:load=False:handoffs=0|H4:Trolley operator: PD2 transfer:Load / inspect at source:load=False:handoffs=0|H5:Maintenance and replenishment:Load / inspect at source:load=False:handoffs=0|F1:Inbound pallet transport in east perimeter lane:Load / inspect at source:load=False:handoffs=0|F2:D3 outbound pallet staging:Transport:load=True:handoffs=0"
2.0901,3,71,18,-24.0000,0.0500,-15.3192,310.8424,1.4294,-526.0714,-24.0000,0.0000,-15.0000,0.3231,7,"","","8.400:0.050:-4.500|-12.900:0.000:-7.549|-4.200:0.050:0.000|4.200:0.050:-4.500|-8.400:0.050:4.500","0.000:0.000:0.000|0.000:0.000:-0.750|0.000:0.000:0.000|0.000:0.000:0.000|0.000:0.000:0.000","20.000:0.050:-8.000|-12.137:0.000:-17.085","0.000:0.000:0.000|0.079:0.000:0.443",False,False,Idle,60.00,40.00,3.00,ForkliftInteraction,"P1:True|P2:True|P3:True|D1:True|D2:True|D3:True","H1:Rack picker: R1 staging:Load / inspect at source:load=False:handoffs=0|H2:D3 receiving inspection:Transport:load=True:handoffs=0|H3:PD station operator:Load / inspect at source:load=False:handoffs=0|H4:Trolley operator: PD2 transfer:Load / inspect at source:load=False:handoffs=0|H5:Maintenance and replenishment:Load / inspect at source:load=False:handoffs=0|F1:Inbound pallet transport in east perimeter lane:Load / inspect at source:load=False:handoffs=0|F2:D3 outbound pallet staging:Transport:load=True:handoffs=0"
2.1980,3,71,19,-24.0000,0.0500,-15.2134,281.4277,0.0000,0.0000,-24.0000,0.0000,-15.0000,0.2192,7,"","","8.400:0.050:-4.500|-12.900:0.000:-7.629|-4.200:0.050:0.000|4.200:0.050:-4.500|-8.400:0.050:4.500","0.000:0.000:0.000|0.000:0.000:-0.750|0.000:0.000:0.000|0.000:0.000:0.000|0.000:0.000:0.000","20.000:0.050:-8.000|-12.129:0.000:-17.037","0.000:0.000:0.000|0.079:0.000:0.443",False,False,Idle,60.00,40.00,3.00,ForkliftInteraction,"P1:True|P2:True|P3:True|D1:True|D2:True|D3:True","H1:Rack picker: R1 staging:Load / inspect at source:load=False:handoffs=0|H2:D3 receiving inspection:Transport:load=True:handoffs=0|H3:PD station operator:Load / inspect at source:load=False:handoffs=0|H4:Trolley operator: PD2 transfer:Load / inspect at source:load=False:handoffs=0|H5:Maintenance and replenishment:Load / inspect at source:load=False:handoffs=0|F1:Inbound pallet transport in east perimeter lane:Load / inspect at source:load=False:handoffs=0|F2:D3 outbound pallet staging:Transport:load=True:handoffs=0"
2.3111,3,71,20,-24.0000,0.0500,-15.1247,266.3620,0.0000,0.0000,-24.0000,0.0000,-15.0000,0.1343,7,"","","8.400:0.050:-4.500|-12.900:0.000:-7.714|-4.200:0.050:0.000|4.200:0.050:-4.500|-8.400:0.050:4.500","0.000:0.000:0.000|0.000:0.000:-0.750|0.000:0.000:0.000|0.000:0.000:0.000|0.000:0.000:0.000","20.000:0.050:-8.000|-12.120:0.000:-16.987","0.000:0.000:0.000|0.079:0.000:0.443",False,False,Idle,60.00,40.00,3.00,ForkliftInteraction,"P1:True|P2:True|P3:True|D1:True|D2:True|D3:True","H1:Rack picker: R1 staging:Load / inspect at source:load=False:handoffs=0|H2:D3 receiving inspection:Transport:load=True:handoffs=0|H3:PD station operator:Load / inspect at source:load=False:handoffs=0|H4:Trolley operator: PD2 transfer:Load / inspect at source:load=False:handoffs=0|H5:Maintenance and replenishment:Load / inspect at source:load=False:handoffs=0|F1:Inbound pallet transport in east perimeter lane:Load / inspect at source:load=False:handoffs=0|F2:D3 outbound pallet staging:Transport:load=True:handoffs=0"
2.4198,3,71,21,-24.0000,0.0500,-15.0607,258.8655,0.7639,-78.9109,-24.0000,0.0000,-15.0000,0.0786,7,"","","8.400:0.050:-4.500|-12.900:0.000:-7.796|-4.200:0.050:0.000|4.200:0.050:-4.500|-8.400:0.050:4.500","0.000:0.000:0.000|0.000:0.000:-0.750|0.000:0.000:0.000|0.000:0.000:0.000|0.000:0.000:0.000","20.000:0.050:-8.000|-12.111:0.000:-16.939","0.000:0.000:0.000|0.079:0.000:0.443",False,False,Idle,60.00,40.00,3.00,ForkliftInteraction,"P1:True|P2:True|P3:True|D1:True|D2:True|D3:True","H1:Rack picker: R1 staging:Load / inspect at source:load=False:handoffs=0|H2:D3 receiving inspection:Transport:load=True:handoffs=0|H3:PD station operator:Load / inspect at source:load=False:handoffs=0|H4:Trolley operator: PD2 transfer:Load / inspect at source:load=False:handoffs=0|H5:Maintenance and replenishment:Load / inspect at source:load=False:handoffs=0|F1:Inbound pallet transport in east perimeter lane:Load / inspect at source:load=False:handoffs=0|F2:D3 outbound pallet staging:Transport:load=True:handoffs=0"
2.5862,3,71,22,-24.0000,0.0500,-15.0000,258.8578,0.0000,0.0000,-24.0000,0.0000,-15.0000,0.0500,7,"","","8.400:0.050:-4.494|-12.900:0.000:-7.921|-4.200:0.050:0.006|4.200:0.050:-4.494|-8.400:0.050:4.506","0.000:0.000:0.067|0.000:0.000:-0.750|0.000:0.000:0.067|0.000:0.000:0.067|0.000:0.000:0.067","20.000:0.050:-7.994|-12.098:0.000:-16.865","0.000:0.000:0.067|0.079:0.000:0.443",False,False,Idle,60.00,40.00,3.00,ForkliftInteraction,"P1:True|P2:True|P3:True|D1:True|D2:True|D3:True","H1:Rack picker: R1 staging:Transport to work bay:load=True:handoffs=0|H2:D3 receiving inspection:Transport:load=True:handoffs=0|H3:PD station operator:Transport to work bay:load=False:handoffs=0|H4:Trolley operator: PD2 transfer:Transport to work bay:load=True:handoffs=0|H5:Maintenance and replenishment:Transport to work bay:load=False:handoffs=0|F1:Inbound pallet transport in east perimeter lane:Transport to work bay:load=True:handoffs=0|F2:D3 outbound pallet staging:Transport:load=True:handoffs=0"
2.7050,3,71,23,-24.0000,0.0500,-15.0000,258.8578,0.0000,0.0000,-24.0000,0.0000,-15.0000,0.0500,7,"","","8.400:0.050:-4.479|-12.900:0.000:-8.010|-4.200:0.050:0.021|4.200:0.050:-4.479|-8.400:0.050:4.521","0.000:0.000:0.162|0.000:0.000:-0.750|0.000:0.000:0.162|0.000:0.000:0.162|0.000:0.000:0.162","20.000:0.050:-7.979|-12.089:0.000:-16.813","0.000:0.000:0.162|0.079:0.000:0.443",False,False,Idle,60.00,40.00,3.00,ForkliftInteraction,"P1:True|P2:True|P3:True|D1:True|D2:True|D3:True","H1:Rack picker: R1 staging:Transport to work bay:load=True:handoffs=0|H2:D3 receiving inspection:Transport:load=True:handoffs=0|H3:PD station operator:Transport to work bay:load=False:handoffs=0|H4:Trolley operator: PD2 transfer:Transport to work bay:load=True:handoffs=0|H5:Maintenance and replenishment:Transport to work bay:load=False:handoffs=0|F1:Inbound pallet transport in east perimeter lane:Transport to work bay:load=True:handoffs=0|F2:D3 outbound pallet staging:Transport:load=True:handoffs=0"
2.8194,3,71,24,-24.0000,0.0500,-15.0000,258.8578,0.0000,0.0000,-24.0000,0.0000,-15.0000,0.0500,7,"","","8.400:0.050:-4.454|-12.900:0.000:-8.096|-4.200:0.050:0.046|4.200:0.050:-4.454|-8.400:0.050:4.546","0.000:0.000:0.253|0.000:0.000:-0.750|0.000:0.000:0.253|0.000:0.000:0.253|0.000:0.000:0.253","20.000:0.050:-7.954|-12.080:0.000:-16.762","0.000:0.000:0.253|0.079:0.000:0.443",False,False,Idle,60.00,40.00,3.00,ForkliftInteraction,"P1:True|P2:True|P3:True|D1:True|D2:True|D3:True","H1:Rack picker: R1 staging:Transport to work bay:load=True:handoffs=0|H2:D3 receiving inspection:Transport:load=True:handoffs=0|H3:PD station operator:Transport to work bay:load=False:handoffs=0|H4:Trolley operator: PD2 transfer:Transport to work bay:load=True:handoffs=0|H5:Maintenance and replenishment:Transport to work bay:load=False:handoffs=0|F1:Inbound pallet transport in east perimeter lane:Transport to work bay:load=True:handoffs=0|F2:D3 outbound pallet staging:Transport:load=True:handoffs=0"
2.9273,3,71,25,-24.0000,0.0500,-15.0000,258.8578,0.0000,0.0000,-24.0000,0.0000,-15.0000,0.0500,7,"","","8.400:0.050:-4.421|-12.900:0.000:-8.176|-4.200:0.050:0.079|4.200:0.050:-4.421|-8.400:0.050:4.579","0.000:0.000:0.340|0.000:0.000:-0.750|0.000:0.000:0.340|0.000:0.000:0.340|0.000:0.000:0.340","20.000:0.050:-7.921|-12.071:0.000:-16.714","0.000:0.000:0.340|0.079:0.000:0.443",False,False,Idle,60.00,40.00,3.00,ForkliftInteraction,"P1:True|P2:True|P3:True|D1:True|D2:True|D3:True","H1:Rack picker: R1 staging:Transport to work bay:load=True:handoffs=0|H2:D3 receiving inspection:Transport:load=True:handoffs=0|H3:PD station operator:Transport to work bay:load=False:handoffs=0|H4:Trolley operator: PD2 transfer:Transport to work bay:load=True:handoffs=0|H5:Maintenance and replenishment:Transport to work bay:load=False:handoffs=0|F1:Inbound pallet transport in east perimeter lane:Transport to work bay:load=True:handoffs=0|F2:D3 outbound pallet staging:Transport:load=True:handoffs=0"
3.0291,3,71,26,-24.0000,0.0500,-15.0000,258.8578,0.0000,0.0000,-24.0000,0.0000,-15.0000,0.0500,7,"","","8.400:0.050:-4.381|-12.900:0.000:-8.253|-4.200:0.050:0.119|4.200:0.050:-4.381|-8.400:0.050:4.619","0.000:0.000:0.421|0.000:0.000:-0.750|0.000:0.000:0.421|0.000:0.000:0.421|0.000:0.000:0.421","20.000:0.050:-7.881|-12.063:0.000:-16.669","0.000:0.000:0.421|0.079:0.000:0.443",False,False,Idle,60.00,40.00,3.00,ForkliftInteraction,"P1:True|P2:True|P3:True|D1:True|D2:True|D3:True","H1:Rack picker: R1 staging:Transport to work bay:load=True:handoffs=0|H2:D3 receiving inspection:Transport:load=True:handoffs=0|H3:PD station operator:Transport to work bay:load=False:handoffs=0|H4:Trolley operator: PD2 transfer:Transport to work bay:load=True:handoffs=0|H5:Maintenance and replenishment:Transport to work bay:load=False:handoffs=0|F1:Inbound pallet transport in east perimeter lane:Transport to work bay:load=True:handoffs=0|F2:D3 outbound pallet staging:Transport:load=True:handoffs=0"
3.1346,3,71,27,-24.0000,0.0500,-15.0000,258.8578,0.0000,0.0000,-24.0000,0.0000,-15.0000,0.0500,7,"","","8.400:0.050:-4.331|-12.900:0.000:-8.332|-4.200:0.050:0.169|4.200:0.050:-4.331|-8.400:0.050:4.669","0.000:0.000:0.506|0.000:0.000:-0.750|0.000:0.000:0.506|0.000:0.000:0.506|0.000:0.000:0.506","20.000:0.050:-7.831|-12.055:0.000:-16.622","0.000:0.000:0.506|0.079:0.000:0.443",False,False,Idle,60.00,40.00,3.00,ForkliftInteraction,"P1:True|P2:True|P3:True|D1:True|D2:True|D3:True","H1:Rack picker: R1 staging:Transport to work bay:load=True:handoffs=0|H2:D3 receiving inspection:Transport:load=True:handoffs=0|H3:PD station operator:Transport to work bay:load=False:handoffs=0|H4:Trolley operator: PD2 transfer:Transport to work bay:load=True:handoffs=0|H5:Maintenance and replenishment:Transport to work bay:load=False:handoffs=0|F1:Inbound pallet transport in east perimeter lane:Transport to work bay:load=True:handoffs=0|F2:D3 outbound pallet staging:Transport:load=True:handoffs=0"
3.2408,3,71,28,-24.0000,0.0500,-15.0000,258.8578,0.0000,0.0000,-24.0000,0.0000,-15.0000,0.0500,7,"","","8.400:0.050:-4.272|-12.900:0.000:-8.412|-4.200:0.050:0.228|4.200:0.050:-4.272|-8.400:0.050:4.728","0.000:0.000:0.591|0.000:0.000:-0.750|0.000:0.000:0.591|0.000:0.000:0.591|0.000:0.000:0.591","20.000:0.050:-7.772|-12.047:0.000:-16.575","0.000:0.000:0.591|0.079:0.000:0.443",False,False,Idle,60.00,40.00,3.00,ForkliftInteraction,"P1:True|P2:True|P3:True|D1:True|D2:True|D3:True","H1:Rack picker: R1 staging:Transport to work bay:load=True:handoffs=0|H2:D3 receiving inspection:Transport:load=True:handoffs=0|H3:PD station operator:Transport to work bay:load=False:handoffs=0|H4:Trolley operator: PD2 transfer:Transport to work bay:load=True:handoffs=0|H5:Maintenance and replenishment:Transport to work bay:load=False:handoffs=0|F1:Inbound pallet transport in east perimeter lane:Transport to work bay:load=True:handoffs=0|F2:D3 outbound pallet staging:Transport:load=True:handoffs=0"
3.3454,3,71,29,-24.0000,0.0500,-15.0000,258.8578,0.0000,0.0000,-24.0000,0.0000,-15.0000,0.0500,7,"","","8.400:0.050:-4.205|-12.900:0.000:-8.490|-4.200:0.050:0.295|4.200:0.050:-4.205|-8.400:0.050:4.795","0.000:0.000:0.656|0.000:0.000:-0.750|0.000:0.000:0.674|0.000:0.000:0.656|0.000:0.000:0.674","20.000:0.050:-7.705|-12.039:0.000:-16.529","0.000:0.000:0.674|0.079:0.000:0.443",False,False,Idle,60.00,40.00,3.00,ForkliftInteraction,"P1:True|P2:True|P3:True|D1:True|D2:True|D3:True","H1:Rack picker: R1 staging:Transport to work bay:load=True:handoffs=0|H2:D3 receiving inspection:Transport:load=True:handoffs=0|H3:PD station operator:Transport to work bay:load=False:handoffs=0|H4:Trolley operator: PD2 transfer:Transport to work bay:load=True:handoffs=0|H5:Maintenance and replenishment:Transport to work bay:load=False:handoffs=0|F1:Inbound pallet transport in east perimeter lane:Transport to work bay:load=True:handoffs=0|F2:D3 outbound pallet staging:Transport:load=True:handoffs=0"
3.4499,3,71,30,-24.0000,0.0500,-15.0000,258.8578,0.0000,0.0000,-24.0000,0.0000,-15.0000,0.0500,7,"","","8.400:0.050:-4.137|-12.900:0.000:-8.568|-4.200:0.050:0.371|4.200:0.050:-4.137|-8.400:0.050:4.871","0.000:0.000:0.656|0.000:0.000:-0.750|0.000:0.000:0.758|0.000:0.000:0.656|0.000:0.000:0.758","20.000:0.050:-7.629|-12.030:0.000:-16.483","0.000:0.000:0.758|0.079:0.000:0.443",False,False,Idle,60.00,40.00,3.00,ForkliftInteraction,"P1:True|P2:True|P3:True|D1:True|D2:True|D3:True","H1:Rack picker: R1 staging:Transport to work bay:load=True:handoffs=0|H2:D3 receiving inspection:Transport:load=True:handoffs=0|H3:PD station operator:Transport to work bay:load=False:handoffs=0|H4:Trolley operator: PD2 transfer:Transport to work bay:load=True:handoffs=0|H5:Maintenance and replenishment:Transport to work bay:load=False:handoffs=0|F1:Inbound pallet transport in east perimeter lane:Transport to work bay:load=True:handoffs=0|F2:D3 outbound pallet staging:Transport:load=True:handoffs=0"
3.5522,3,71,31,-24.0000,0.0500,-15.0000,258.8578,0.0000,0.0000,-24.0000,0.0000,-15.0000,0.0500,7,"","","8.400:0.050:-4.070|-12.900:0.000:-8.645|-4.200:0.050:0.452|4.200:0.050:-4.070|-8.400:0.050:4.952","0.000:0.000:0.656|0.000:0.000:-0.750|0.000:0.000:0.800|0.000:0.000:0.656|0.000:0.000:0.800","20.000:0.050:-7.546|-12.022:0.000:-16.437","0.000:0.000:0.840|0.079:0.000:0.443",False,False,Idle,60.00,40.00,3.00,ForkliftInteraction,"P1:True|P2:True|P3:True|D1:True|D2:True|D3:True","H1:Rack picker: R1 staging:Transport to work bay:load=True:handoffs=0|H2:D3 receiving inspection:Transport:load=True:handoffs=0|H3:PD station operator:Transport to work bay:load=False:handoffs=0|H4:Trolley operator: PD2 transfer:Transport to work bay:load=True:handoffs=0|H5:Maintenance and replenishment:Transport to work bay:load=False:handoffs=0|F1:Inbound pallet transport in east perimeter lane:Transport to work bay:load=True:handoffs=0|F2:D3 outbound pallet staging:Transport:load=True:handoffs=0"
3.6536,3,71,32,-24.0000,0.0500,-15.0000,258.8578,0.0000,0.0000,-24.0000,0.0000,-15.0000,0.0500,7,"","","8.400:0.050:-4.003|-12.900:0.000:-8.721|-4.200:0.050:0.534|4.200:0.050:-4.003|-8.400:0.050:5.034","0.000:0.000:0.656|0.000:0.000:-0.750|0.000:0.000:0.800|0.000:0.000:0.656|0.000:0.000:0.800","20.000:0.050:-7.456|-12.014:0.000:-16.393","0.000:0.000:0.921|0.079:0.000:0.443",False,False,Idle,60.00,40.00,3.00,ForkliftInteraction,"P1:True|P2:True|P3:True|D1:True|D2:True|D3:True","H1:Rack picker: R1 staging:Transport to work bay:load=True:handoffs=0|H2:D3 receiving inspection:Transport:load=True:handoffs=0|H3:PD station operator:Transport to work bay:load=False:handoffs=0|H4:Trolley operator: PD2 transfer:Transport to work bay:load=True:handoffs=0|H5:Maintenance and replenishment:Transport to work bay:load=False:handoffs=0|F1:Inbound pallet transport in east perimeter lane:Transport to work bay:load=True:handoffs=0|F2:D3 outbound pallet staging:Transport:load=True:handoffs=0"
3.7649,3,71,33,-24.0000,0.0500,-15.0000,258.8578,0.0000,0.0000,-24.0000,0.0000,-15.0000,0.0500,7,"","","8.400:0.050:-3.930|-12.900:0.000:-8.805|-4.200:0.050:0.623|4.200:0.050:-3.930|-8.400:0.050:5.123","0.000:0.000:0.656|0.000:0.000:-0.750|0.000:0.000:0.800|0.000:0.000:0.656|0.000:0.000:0.800","20.000:0.050:-7.347|-12.005:0.000:-16.343","0.000:0.000:1.010|0.079:0.000:0.443",False,False,Idle,60.00,40.00,3.00,ForkliftInteraction,"P1:True|P2:True|P3:True|D1:True|D2:True|D3:True","H1:Rack picker: R1 staging:Transport to work bay:load=True:handoffs=0|H2:D3 receiving inspection:Transport:load=True:handoffs=0|H3:PD station operator:Transport to work bay:load=False:handoffs=0|H4:Trolley operator: PD2 transfer:Transport to work bay:load=True:handoffs=0|H5:Maintenance and replenishment:Transport to work bay:load=False:handoffs=0|F1:Inbound pallet transport in east perimeter lane:Transport to work bay:load=True:handoffs=0|F2:D3 outbound pallet staging:Transport:load=True:handoffs=0"
3.8707,3,71,34,-24.0000,0.0500,-15.0000,258.8578,0.0000,0.0000,-24.0000,0.0000,-15.0000,0.0500,7,"","","8.400:0.050:-3.861|-12.900:0.000:-8.884|-4.200:0.050:0.707|4.200:0.050:-3.861|-8.400:0.050:5.207","0.000:0.000:0.656|0.000:0.000:-0.750|0.000:0.000:0.800|0.000:0.000:0.656|0.000:0.000:0.800","20.000:0.050:-7.236|-11.997:0.000:-16.296","0.000:0.000:1.066|0.079:0.000:0.443",False,False,Idle,60.00,40.00,3.00,ForkliftInteraction,"P1:True|P2:True|P3:True|D1:True|D2:True|D3:True","H1:Rack picker: R1 staging:Transport to work bay:load=True:handoffs=0|H2:D3 receiving inspection:Transport:load=True:handoffs=0|H3:PD station operator:Transport to work bay:load=False:handoffs=0|H4:Trolley operator: PD2 transfer:Transport to work bay:load=True:handoffs=0|H5:Maintenance and replenishment:Transport to work bay:load=False:handoffs=0|F1:Inbound pallet transport in east perimeter lane:Transport to work bay:load=True:handoffs=0|F2:D3 outbound pallet staging:Transport:load=True:handoffs=0"
3.9756,3,71,35,-24.0000,0.0500,-15.0000,258.8578,0.0000,0.0000,-24.0000,0.0000,-15.0000,0.0500,7,"","","8.400:0.050:-3.792|-12.900:0.000:-8.963|-4.200:0.050:0.791|4.200:0.050:-3.792|-8.400:0.050:5.291","0.000:0.000:0.656|0.000:0.000:-0.750|0.000:0.000:0.800|0.000:0.000:0.656|0.000:0.000:0.800","20.000:0.050:-7.124|-11.989:0.000:-16.250","0.000:0.000:1.066|0.079:0.000:0.443",False,False,Idle,60.00,40.00,3.00,ForkliftInteraction,"P1:True|P2:True|P3:True|D1:True|D2:True|D3:True","H1:Rack picker: R1 staging:Transport to work bay:load=True:handoffs=0|H2:D3 receiving inspection:Transport:load=True:handoffs=0|H3:PD station operator:Transport to work bay:load=False:handoffs=0|H4:Trolley operator: PD2 transfer:Transport to work bay:load=True:handoffs=0|H5:Maintenance and replenishment:Transport to work bay:load=False:handoffs=0|F1:Inbound pallet transport in east perimeter lane:Transport to work bay:load=True:handoffs=0|F2:D3 outbound pallet staging:Transport:load=True:handoffs=0"
4.0764,3,71,36,-24.0000,0.0500,-15.0000,258.8578,0.0000,0.0000,-24.0000,0.0000,-15.0000,0.0500,7,"","","8.400:0.050:-3.726|-12.900:0.000:-9.038|-4.200:0.050:0.872|4.200:0.050:-3.726|-8.400:0.050:5.372","0.000:0.000:0.656|0.000:0.000:-0.750|0.000:0.000:0.800|0.000:0.000:0.656|0.000:0.000:0.800","20.000:0.050:-7.016|-11.981:0.000:-16.205","0.000:0.000:1.066|0.079:0.000:0.443",False,False,Idle,60.00,40.00,3.00,ForkliftInteraction,"P1:True|P2:True|P3:True|D1:True|D2:True|D3:True","H1:Rack picker: R1 staging:Transport to work bay:load=True:handoffs=0|H2:D3 receiving inspection:Transport:load=True:handoffs=0|H3:PD station operator:Transport to work bay:load=False:handoffs=0|H4:Trolley operator: PD2 transfer:Transport to work bay:load=True:handoffs=0|H5:Maintenance and replenishment:Transport to work bay:load=False:handoffs=0|F1:Inbound pallet transport in east perimeter lane:Transport to work bay:load=True:handoffs=0|F2:D3 outbound pallet staging:Transport:load=True:handoffs=0"
4.1795,3,71,37,-24.0000,0.0500,-15.0000,258.8578,0.0000,0.0000,-24.0000,0.0000,-15.0000,0.0500,7,"","","8.400:0.050:-3.658|-12.900:0.000:-9.116|-4.200:0.050:0.954|4.200:0.050:-3.658|-8.400:0.050:5.454","0.000:0.000:0.656|0.000:0.000:-0.750|0.000:0.000:0.800|0.000:0.000:0.656|0.000:0.000:0.800","20.000:0.050:-6.906|-11.973:0.000:-16.160","0.000:0.000:1.066|0.079:0.000:0.443",False,False,Idle,60.00,40.00,3.00,ForkliftInteraction,"P1:True|P2:True|P3:True|D1:True|D2:True|D3:True","H1:Rack picker: R1 staging:Transport to work bay:load=True:handoffs=0|H2:D3 receiving inspection:Transport:load=True:handoffs=0|H3:PD station operator:Transport to work bay:load=False:handoffs=0|H4:Trolley operator: PD2 transfer:Transport to work bay:load=True:handoffs=0|H5:Maintenance and replenishment:Transport to work bay:load=False:handoffs=0|F1:Inbound pallet transport in east perimeter lane:Transport to work bay:load=True:handoffs=0|F2:D3 outbound pallet staging:Transport:load=True:handoffs=0"
4.2922,3,71,38,-24.0000,0.0500,-15.0000,258.8578,0.0000,0.0000,-24.0000,0.0000,-15.0000,0.0500,7,"","","8.400:0.050:-3.584|-12.900:0.000:-9.200|-4.200:0.050:1.045|4.200:0.050:-3.584|-8.400:0.050:5.545","0.000:0.000:0.656|0.000:0.000:-0.750|0.000:0.000:0.800|0.000:0.000:0.656|0.000:0.000:0.800","20.000:0.050:-6.786|-11.964:0.000:-16.110","0.000:0.000:1.066|0.079:0.000:0.443",False,False,Idle,60.00,40.00,3.00,ForkliftInteraction,"P1:True|P2:True|P3:True|D1:True|D2:True|D3:True","H1:Rack picker: R1 staging:Transport to work bay:load=True:handoffs=0|H2:D3 receiving inspection:Transport:load=True:handoffs=0|H3:PD station operator:Transport to work bay:load=False:handoffs=0|H4:Trolley operator: PD2 transfer:Transport to work bay:load=True:handoffs=0|H5:Maintenance and replenishment:Transport to work bay:load=False:handoffs=0|F1:Inbound pallet transport in east perimeter lane:Transport to work bay:load=True:handoffs=0|F2:D3 outbound pallet staging:Transport:load=True:handoffs=0"
4.4011,3,71,39,-24.0000,0.0500,-15.0000,258.8578,0.0000,0.0000,-24.0000,0.0000,-15.0000,0.0500,7,"","","8.400:0.050:-3.513|-12.900:0.000:-9.282|-4.200:0.050:1.132|4.200:0.050:-3.513|-8.400:0.050:5.632","0.000:0.000:0.656|0.000:0.000:-0.750|0.000:0.000:0.800|0.000:0.000:0.656|0.000:0.000:0.800","20.000:0.050:-6.670|-11.955:0.000:-16.061","0.000:0.000:1.066|0.079:0.000:0.443",False,False,Idle,60.00,40.00,3.00,ForkliftInteraction,"P1:True|P2:True|P3:True|D1:True|D2:True|D3:True","H1:Rack picker: R1 staging:Transport to work bay:load=True:handoffs=0|H2:D3 receiving inspection:Transport:load=True:handoffs=0|H3:PD station operator:Transport to work bay:load=False:handoffs=0|H4:Trolley operator: PD2 transfer:Transport to work bay:load=True:handoffs=0|H5:Maintenance and replenishment:Transport to work bay:load=False:handoffs=0|F1:Inbound pallet transport in east perimeter lane:Transport to work bay:load=True:handoffs=0|F2:D3 outbound pallet staging:Transport:load=True:handoffs=0"
4.5157,3,71,40,-24.0000,0.0500,-15.0000,258.8578,0.0000,0.0000,-24.0000,0.0000,-15.0000,0.0500,7,"","","8.400:0.050:-3.437|-12.900:0.000:-9.368|-4.200:0.050:1.223|4.200:0.050:-3.437|-8.400:0.050:5.723","0.000:0.000:0.656|0.000:0.000:-0.750|0.000:0.000:0.800|0.000:0.000:0.656|0.000:0.000:0.800","20.000:0.050:-6.548|-11.946:0.000:-16.011","0.000:0.000:1.066|0.079:0.000:0.443",False,False,Idle,60.00,40.00,3.00,ForkliftInteraction,"P1:True|P2:True|P3:True|D1:True|D2:True|D3:True","H1:Rack picker: R1 staging:Transport to work bay:load=True:handoffs=0|H2:D3 receiving inspection:Transport:load=True:handoffs=0|H3:PD station operator:Transport to work bay:load=False:handoffs=0|H4:Trolley operator: PD2 transfer:Transport to work bay:load=True:handoffs=0|H5:Maintenance and replenishment:Transport to work bay:load=False:handoffs=0|F1:Inbound pallet transport in east perimeter lane:Transport to work bay:load=True:handoffs=0|F2:D3 outbound pallet staging:Transport:load=True:handoffs=0"
4.6246,3,71,41,-24.0000,0.0500,-15.0000,258.8578,0.0000,0.0000,-24.0000,0.0000,-15.0000,0.0500,7,"","","8.400:0.050:-3.366|-12.900:0.000:-9.449|-4.200:0.050:1.310|4.200:0.050:-3.366|-8.400:0.050:5.810","0.000:0.000:0.656|0.000:0.000:-0.750|0.000:0.000:0.800|0.000:0.000:0.656|0.000:0.000:0.800","20.000:0.050:-6.432|-11.938:0.000:-15.962","0.000:0.000:1.066|0.079:0.000:0.443",False,False,Idle,60.00,40.00,3.00,ForkliftInteraction,"P1:True|P2:True|P3:True|D1:True|D2:True|D3:True","H1:Rack picker: R1 staging:Transport to work bay:load=True:handoffs=0|H2:D3 receiving inspection:Transport:load=True:handoffs=0|H3:PD station operator:Transport to work bay:load=False:handoffs=0|H4:Trolley operator: PD2 transfer:Transport to work bay:load=True:handoffs=0|H5:Maintenance and replenishment:Transport to work bay:load=False:handoffs=0|F1:Inbound pallet transport in east perimeter lane:Transport to work bay:load=True:handoffs=0|F2:D3 outbound pallet staging:Transport:load=True:handoffs=0"
4.7393,3,71,42,-24.0000,0.0500,-15.0000,258.8578,0.0000,0.0000,-24.0000,0.0000,-15.0000,0.0500,7,"","","8.400:0.050:-3.291|-12.900:0.000:-9.535|-4.200:0.050:1.402|4.200:0.050:-3.291|-8.400:0.050:5.902","0.000:0.000:0.656|0.000:0.000:-0.750|0.000:0.000:0.800|0.000:0.000:0.656|0.000:0.000:0.800","20.000:0.050:-6.310|-11.929:0.000:-15.911","0.000:0.000:1.066|0.079:0.000:0.443",False,False,Idle,60.00,40.00,3.00,ForkliftInteraction,"P1:True|P2:True|P3:True|D1:True|D2:True|D3:True","H1:Rack picker: R1 staging:Transport to work bay:load=True:handoffs=0|H2:D3 receiving inspection:Transport:load=True:handoffs=0|H3:PD station operator:Transport to work bay:load=False:handoffs=0|H4:Trolley operator: PD2 transfer:Transport to work bay:load=True:handoffs=0|H5:Maintenance and replenishment:Transport to work bay:load=False:handoffs=0|F1:Inbound pallet transport in east perimeter lane:Transport to work bay:load=True:handoffs=0|F2:D3 outbound pallet staging:Transport:load=True:handoffs=0"
4.8543,3,71,43,-24.0000,0.0500,-15.0000,258.8578,0.0000,0.0000,-24.0000,0.0000,-15.0000,0.0500,7,"","","8.400:0.050:-3.215|-12.900:0.000:-9.622|-4.200:0.050:1.494|4.200:0.050:-3.215|-8.400:0.050:5.994","0.000:0.000:0.656|0.000:0.000:-0.750|0.000:0.000:0.800|0.000:0.000:0.656|0.000:0.000:0.800","20.000:0.050:-6.187|-11.920:0.000:-15.861","0.000:0.000:1.066|0.079:0.000:0.443",False,False,Idle,60.00,40.00,3.00,ForkliftInteraction,"P1:True|P2:True|P3:True|D1:True|D2:True|D3:True","H1:Rack picker: R1 staging:Transport to work bay:load=True:handoffs=0|H2:D3 receiving inspection:Transport:load=True:handoffs=0|H3:PD station operator:Transport to work bay:load=False:handoffs=0|H4:Trolley operator: PD2 transfer:Transport to work bay:load=True:handoffs=0|H5:Maintenance and replenishment:Transport to work bay:load=False:handoffs=0|F1:Inbound pallet transport in east perimeter lane:Transport to work bay:load=True:handoffs=0|F2:D3 outbound pallet staging:Transport:load=True:handoffs=0"
4.9783,3,71,44,-24.0000,0.0500,-15.0000,258.8578,0.0000,0.0000,-24.0000,0.0000,-15.0000,0.0500,7,"","","8.400:0.050:-3.134|-12.900:0.000:-9.715|-4.200:0.050:1.593|4.200:0.050:-3.134|-8.400:0.050:6.093","0.000:0.000:0.656|0.000:0.000:-0.750|0.000:0.000:0.800|0.000:0.000:0.656|0.000:0.000:0.800","20.000:0.050:-6.055|-11.910:0.000:-15.806","0.000:0.000:1.066|0.079:0.000:0.443",False,False,Idle,60.00,40.00,3.00,ForkliftInteraction,"P1:True|P2:True|P3:True|D1:True|D2:True|D3:True","H1:Rack picker: R1 staging:Transport to work bay:load=True:handoffs=0|H2:D3 receiving inspection:Transport:load=True:handoffs=0|H3:PD station operator:Transport to work bay:load=False:handoffs=0|H4:Trolley operator: PD2 transfer:Transport to work bay:load=True:handoffs=0|H5:Maintenance and replenishment:Transport to work bay:load=False:handoffs=0|F1:Inbound pallet transport in east perimeter lane:Transport to work bay:load=True:handoffs=0|F2:D3 outbound pallet staging:Transport:load=True:handoffs=0"
5.1108,3,71,45,-24.0000,0.0500,-15.0000,258.8578,0.0000,0.0000,-24.0000,0.0000,-15.0000,0.0500,7,"","","8.400:0.050:-3.047|-12.900:0.000:-9.814|-4.200:0.050:1.699|4.200:0.050:-3.047|-8.400:0.050:6.199","0.000:0.000:0.656|0.000:0.000:-0.750|0.000:0.000:0.800|0.000:0.000:0.656|0.000:0.000:0.800","20.000:0.050:-5.914|-11.899:0.000:-15.747","0.000:0.000:1.066|0.079:0.000:0.443",False,False,Idle,60.00,40.00,3.00,ForkliftInteraction,"P1:True|P2:True|P3:True|D1:True|D2:True|D3:True","H1:Rack picker: R1 staging:Transport to work bay:load=True:handoffs=0|H2:D3 receiving inspection:Transport:load=True:handoffs=0|H3:PD station operator:Transport to work bay:load=False:handoffs=0|H4:Trolley operator: PD2 transfer:Transport to work bay:load=True:handoffs=0|H5:Maintenance and replenishment:Transport to work bay:load=False:handoffs=0|F1:Inbound pallet transport in east perimeter lane:Transport to work bay:load=True:handoffs=0|F2:D3 outbound pallet staging:Transport:load=True:handoffs=0"
5.2220,3,71,46,-24.0000,0.0500,-15.0000,258.8578,0.0000,0.0000,-24.0000,0.0000,-15.0000,0.0500,7,"","","8.400:0.050:-2.974|-12.900:0.000:-9.897|-4.200:0.050:1.788|4.200:0.050:-2.974|-8.400:0.050:6.288","0.000:0.000:0.656|0.000:0.000:-0.750|0.000:0.000:0.800|0.000:0.000:0.656|0.000:0.000:0.800","20.000:0.050:-5.795|-11.891:0.000:-15.698","0.000:0.000:1.066|0.079:0.000:0.443",False,False,Idle,60.00,40.00,3.00,ForkliftInteraction,"P1:True|P2:True|P3:True|D1:True|D2:True|D3:True","H1:Rack picker: R1 staging:Transport to work bay:load=True:handoffs=0|H2:D3 receiving inspection:Transport:load=True:handoffs=0|H3:PD station operator:Transport to work bay:load=False:handoffs=0|H4:Trolley operator: PD2 transfer:Transport to work bay:load=True:handoffs=0|H5:Maintenance and replenishment:Transport to work bay:load=False:handoffs=0|F1:Inbound pallet transport in east perimeter lane:Transport to work bay:load=True:handoffs=0|F2:D3 outbound pallet staging:Transport:load=True:handoffs=0"
5.3308,3,71,47,-24.0000,0.0500,-15.0000,258.8578,0.0000,0.0000,-24.0000,0.0000,-15.0000,0.0500,7,"","","8.400:0.050:-2.903|-12.900:0.000:-9.979|-4.200:0.050:1.875|4.200:0.050:-2.903|-8.400:0.050:6.375","0.000:0.000:0.656|0.000:0.000:-0.750|0.000:0.000:0.800|0.000:0.000:0.656|0.000:0.000:0.800","20.000:0.050:-5.679|-11.882:0.000:-15.649","0.000:0.000:1.066|0.079:0.000:0.443",False,False,Idle,60.00,40.00,3.00,ForkliftInteraction,"P1:True|P2:True|P3:True|D1:True|D2:True|D3:True","H1:Rack picker: R1 staging:Transport to work bay:load=True:handoffs=0|H2:D3 receiving inspection:Transport:load=True:handoffs=0|H3:PD station operator:Transport to work bay:load=False:handoffs=0|H4:Trolley operator: PD2 transfer:Transport to work bay:load=True:handoffs=0|H5:Maintenance and replenishment:Transport to work bay:load=False:handoffs=0|F1:Inbound pallet transport in east perimeter lane:Transport to work bay:load=True:handoffs=0|F2:D3 outbound pallet staging:Transport:load=True:handoffs=0"
5.4349,3,71,48,-24.0000,0.0500,-15.0000,258.8578,0.0000,0.0000,-24.0000,0.0000,-15.0000,0.0500,7,"","","8.400:0.050:-2.834|-12.900:0.000:-10.057|-4.200:0.050:1.959|4.200:0.050:-2.834|-8.400:0.050:6.459","0.000:0.000:0.656|0.000:0.000:-0.750|0.000:0.000:0.800|0.000:0.000:0.656|0.000:0.000:0.800","20.000:0.050:-5.568|-11.874:0.000:-15.603","0.000:0.000:1.066|0.079:0.000:0.443",False,False,Idle,60.00,40.00,3.00,ForkliftInteraction,"P1:True|P2:True|P3:True|D1:True|D2:True|D3:True","H1:Rack picker: R1 staging:Transport to work bay:load=True:handoffs=0|H2:D3 receiving inspection:Transport:load=True:handoffs=0|H3:PD station operator:Transport to work bay:load=False:handoffs=0|H4:Trolley operator: PD2 transfer:Transport to work bay:load=True:handoffs=0|H5:Maintenance and replenishment:Transport to work bay:load=False:handoffs=0|F1:Inbound pallet transport in east perimeter lane:Transport to work bay:load=True:handoffs=0|F2:D3 outbound pallet staging:Transport:load=True:handoffs=0"
5.5373,3,71,49,-24.0000,0.0500,-15.0000,258.8578,0.0000,0.0000,-24.0000,0.0000,-15.0000,0.0500,7,"","","8.400:0.050:-2.767|-12.900:0.000:-10.134|-4.200:0.050:2.041|4.200:0.050:-2.767|-8.400:0.050:6.541","0.000:0.000:0.656|0.000:0.000:-0.750|0.000:0.000:0.800|0.000:0.000:0.656|0.000:0.000:0.800","20.000:0.050:-5.459|-11.866:0.000:-15.558","0.000:0.000:1.066|0.079:0.000:0.443",False,False,Idle,60.00,40.00,3.00,ForkliftInteraction,"P1:True|P2:True|P3:True|D1:True|D2:True|D3:True","H1:Rack picker: R1 staging:Transport to work bay:load=True:handoffs=0|H2:D3 receiving inspection:Transport:load=True:handoffs=0|H3:PD station operator:Transport to work bay:load=False:handoffs=0|H4:Trolley operator: PD2 transfer:Transport to work bay:load=True:handoffs=0|H5:Maintenance and replenishment:Transport to work bay:load=False:handoffs=0|F1:Inbound pallet transport in east perimeter lane:Transport to work bay:load=True:handoffs=0|F2:D3 outbound pallet staging:Transport:load=True:handoffs=0"
5.6419,3,71,50,-24.0000,0.0500,-15.0000,258.8578,0.0000,0.0000,-24.0000,0.0000,-15.0000,0.0500,7,"","","8.400:0.050:-2.699|-12.900:0.000:-10.212|-4.200:0.050:2.124|4.200:0.050:-2.699|-8.400:0.050:6.624","0.000:0.000:0.656|0.000:0.000:-0.750|0.000:0.000:0.800|0.000:0.000:0.656|0.000:0.000:0.800","20.000:0.050:-5.347|-11.858:0.000:-15.512","0.000:0.000:1.066|0.079:0.000:0.443",False,False,Idle,60.00,40.00,3.00,ForkliftInteraction,"P1:True|P2:True|P3:True|D1:True|D2:True|D3:True","H1:Rack picker: R1 staging:Transport to work bay:load=True:handoffs=0|H2:D3 receiving inspection:Transport:load=True:handoffs=0|H3:PD station operator:Transport to work bay:load=False:handoffs=0|H4:Trolley operator: PD2 transfer:Transport to work bay:load=True:handoffs=0|H5:Maintenance and replenishment:Transport to work bay:load=False:handoffs=0|F1:Inbound pallet transport in east perimeter lane:Transport to work bay:load=True:handoffs=0|F2:D3 outbound pallet staging:Transport:load=True:handoffs=0"
5.7604,3,71,51,-24.0000,0.0500,-15.0000,258.8578,0.0000,0.0000,-24.0000,0.0000,-15.0000,0.0500,7,"","","8.400:0.050:-2.621|-12.900:0.000:-10.301|-4.200:0.050:2.219|4.200:0.050:-2.621|-8.400:0.050:6.719","0.000:0.000:0.656|0.000:0.000:-0.750|0.000:0.000:0.800|0.000:0.000:0.656|0.000:0.000:0.800","20.000:0.050:-5.221|-11.848:0.000:-15.459","0.000:0.000:1.066|0.079:0.000:0.443",False,False,Idle,60.00,40.00,3.00,ForkliftInteraction,"P1:True|P2:True|P3:True|D1:True|D2:True|D3:True","H1:Rack picker: R1 staging:Transport to work bay:load=True:handoffs=0|H2:D3 receiving inspection:Transport:load=True:handoffs=0|H3:PD station operator:Transport to work bay:load=False:handoffs=0|H4:Trolley operator: PD2 transfer:Transport to work bay:load=True:handoffs=0|H5:Maintenance and replenishment:Transport to work bay:load=False:handoffs=0|F1:Inbound pallet transport in east perimeter lane:Transport to work bay:load=True:handoffs=0|F2:D3 outbound pallet staging:Transport:load=True:handoffs=0"
5.8648,3,71,52,-24.0000,0.0500,-15.0000,258.8578,0.0000,0.0000,-24.0000,0.0000,-15.0000,0.0500,7,"","","8.400:0.050:-2.552|-12.900:0.000:-10.380|-4.200:0.050:2.303|4.200:0.050:-2.552|-8.400:0.050:6.803","0.000:0.000:0.656|0.000:0.000:-0.750|0.000:0.000:0.800|0.000:0.000:0.656|0.000:0.000:0.800","20.000:0.050:-5.110|-11.840:0.000:-15.413","0.000:0.000:1.066|0.079:0.000:0.443",False,False,Idle,60.00,40.00,3.00,ForkliftInteraction,"P1:True|P2:True|P3:True|D1:True|D2:True|D3:True","H1:Rack picker: R1 staging:Transport to work bay:load=True:handoffs=0|H2:D3 receiving inspection:Transport:load=True:handoffs=0|H3:PD station operator:Transport to work bay:load=False:handoffs=0|H4:Trolley operator: PD2 transfer:Transport to work bay:load=True:handoffs=0|H5:Maintenance and replenishment:Transport to work bay:load=False:handoffs=0|F1:Inbound pallet transport in east perimeter lane:Transport to work bay:load=True:handoffs=0|F2:D3 outbound pallet staging:Transport:load=True:handoffs=0"
5.9711,3,71,53,-24.0000,0.0500,-15.0000,258.8578,0.0000,0.0000,-24.0000,0.0000,-15.0000,0.0500,7,"","","8.400:0.050:-2.483|-12.900:0.000:-10.459|-4.200:0.050:2.388|4.200:0.050:-2.483|-8.400:0.050:6.888","0.000:0.000:0.656|0.000:0.000:-0.750|0.000:0.000:0.800|0.000:0.000:0.656|0.000:0.000:0.800","20.000:0.050:-4.996|-11.832:0.000:-15.366","0.000:0.000:1.066|0.079:0.000:0.443",False,False,Idle,60.00,40.00,3.00,ForkliftInteraction,"P1:True|P2:True|P3:True|D1:True|D2:True|D3:True","H1:Rack picker: R1 staging:Transport to work bay:load=True:handoffs=0|H2:D3 receiving inspection:Transport:load=True:handoffs=0|H3:PD station operator:Transport to work bay:load=False:handoffs=0|H4:Trolley operator: PD2 transfer:Transport to work bay:load=True:handoffs=0|H5:Maintenance and replenishment:Transport to work bay:load=False:handoffs=0|F1:Inbound pallet transport in east perimeter lane:Transport to work bay:load=True:handoffs=0|F2:D3 outbound pallet staging:Transport:load=True:handoffs=0"
6.0753,3,71,54,-24.0000,0.0500,-15.0000,258.8578,0.0000,0.0000,-24.0000,0.0000,-15.0000,0.0500,7,"","","8.400:0.050:-2.414|-12.900:0.000:-10.537|-4.200:0.050:2.471|4.200:0.050:-2.414|-8.400:0.050:6.971","0.000:0.000:0.656|0.000:0.000:-0.750|0.000:0.000:0.800|0.000:0.000:0.656|0.000:0.000:0.800","20.000:0.050:-4.885|-11.823:0.000:-15.320","0.000:0.000:1.066|0.079:0.000:0.443",False,False,Idle,60.00,40.00,3.00,ForkliftInteraction,"P1:True|P2:True|P3:True|D1:True|D2:True|D3:True","H1:Rack picker: R1 staging:Transport to work bay:load=True:handoffs=0|H2:D3 receiving inspection:Transport:load=True:handoffs=0|H3:PD station operator:Transport to work bay:load=False:handoffs=0|H4:Trolley operator: PD2 transfer:Transport to work bay:load=True:handoffs=0|H5:Maintenance and replenishment:Transport to work bay:load=False:handoffs=0|F1:Inbound pallet transport in east perimeter lane:Transport to work bay:load=True:handoffs=0|F2:D3 outbound pallet staging:Transport:load=True:handoffs=0"
6.1772,3,71,55,-24.0000,0.0500,-15.0000,258.8578,0.0000,0.0000,-24.0000,0.0000,-15.0000,0.0500,7,"","","8.400:0.050:-2.347|-12.900:0.000:-10.614|-4.200:0.050:2.553|4.200:0.050:-2.347|-8.400:0.050:7.053","0.000:0.000:0.656|0.000:0.000:-0.750|0.000:0.000:0.800|0.000:0.000:0.656|0.000:0.000:0.800","20.000:0.050:-4.777|-11.815:0.000:-15.274","0.000:0.000:1.066|0.079:0.000:0.443",False,False,Idle,60.00,40.00,3.00,ForkliftInteraction,"P1:True|P2:True|P3:True|D1:True|D2:True|D3:True","H1:Rack picker: R1 staging:Transport to work bay:load=True:handoffs=0|H2:D3 receiving inspection:Transport:load=True:handoffs=0|H3:PD station operator:Transport to work bay:load=False:handoffs=0|H4:Trolley operator: PD2 transfer:Transport to work bay:load=True:handoffs=0|H5:Maintenance and replenishment:Transport to work bay:load=False:handoffs=0|F1:Inbound pallet transport in east perimeter lane:Transport to work bay:load=True:handoffs=0|F2:D3 outbound pallet staging:Transport:load=True:handoffs=0"
6.2837,3,71,56,-24.0000,0.0500,-15.0000,258.8578,0.0000,0.0000,-24.0000,0.0000,-15.0000,0.0500,7,"","","8.400:0.050:-2.278|-12.900:0.000:-10.694|-4.200:0.050:2.638|4.200:0.050:-2.278|-8.400:0.050:7.138","0.000:0.000:0.656|0.000:0.000:-0.750|0.000:0.000:0.800|0.000:0.000:0.656|0.000:0.000:0.800","20.000:0.050:-4.663|-11.807:0.000:-15.227","0.000:0.000:1.066|0.079:0.000:0.443",False,False,Idle,60.00,40.00,3.00,ForkliftInteraction,"P1:True|P2:True|P3:True|D1:True|D2:True|D3:True","H1:Rack picker: R1 staging:Transport to work bay:load=True:handoffs=0|H2:D3 receiving inspection:Transport:load=True:handoffs=0|H3:PD station operator:Transport to work bay:load=False:handoffs=0|H4:Trolley operator: PD2 transfer:Transport to work bay:load=True:handoffs=0|H5:Maintenance and replenishment:Transport to work bay:load=False:handoffs=0|F1:Inbound pallet transport in east perimeter lane:Transport to work bay:load=True:handoffs=0|F2:D3 outbound pallet staging:Transport:load=True:handoffs=0"
6.3916,3,71,57,-24.0000,0.0500,-15.0000,258.8578,0.0000,0.0000,-24.0000,0.0000,-15.0000,0.0500,7,"","","8.400:0.050:-2.207|-12.900:0.000:-10.775|-4.200:0.050:2.724|4.200:0.050:-2.207|-8.400:0.050:7.224","0.000:0.000:0.656|0.000:0.000:-0.750|0.000:0.000:0.800|0.000:0.000:0.656|0.000:0.000:0.800","20.000:0.050:-4.548|-11.799:0.000:-15.179","0.000:0.000:1.066|0.079:0.000:0.443",False,False,Idle,60.00,40.00,3.00,ForkliftInteraction,"P1:True|P2:True|P3:True|D1:True|D2:True|D3:True","H1:Rack picker: R1 staging:Transport to work bay:load=True:handoffs=0|H2:D3 receiving inspection:Transport:load=True:handoffs=0|H3:PD station operator:Transport to work bay:load=False:handoffs=0|H4:Trolley operator: PD2 transfer:Transport to work bay:load=True:handoffs=0|H5:Maintenance and replenishment:Transport to work bay:load=False:handoffs=0|F1:Inbound pallet transport in east perimeter lane:Transport to work bay:load=True:handoffs=0|F2:D3 outbound pallet staging:Transport:load=True:handoffs=0"
6.5038,3,71,58,-24.0000,0.0500,-15.0000,258.8578,0.0000,0.0000,-24.0000,0.0000,-15.0000,0.0500,7,"","","8.400:0.050:-2.133|-12.900:0.000:-10.859|-4.200:0.050:2.814|4.200:0.050:-2.133|-8.400:0.050:7.314","0.000:0.000:0.656|0.000:0.000:-0.750|0.000:0.000:0.800|0.000:0.000:0.656|0.000:0.000:0.800","20.000:0.050:-4.429|-11.790:0.000:-15.130","0.000:0.000:1.066|0.079:0.000:0.443",False,False,Idle,60.00,40.00,3.00,ForkliftInteraction,"P1:True|P2:True|P3:True|D1:True|D2:True|D3:True","H1:Rack picker: R1 staging:Transport to work bay:load=True:handoffs=0|H2:D3 receiving inspection:Transport:load=True:handoffs=0|H3:PD station operator:Transport to work bay:load=False:handoffs=0|H4:Trolley operator: PD2 transfer:Transport to work bay:load=True:handoffs=0|H5:Maintenance and replenishment:Transport to work bay:load=False:handoffs=0|F1:Inbound pallet transport in east perimeter lane:Transport to work bay:load=True:handoffs=0|F2:D3 outbound pallet staging:Transport:load=True:handoffs=0"
6.6070,3,71,59,-24.0000,0.0500,-15.0000,258.8578,0.0000,0.0000,-24.0000,0.0000,-15.0000,0.0500,7,"","","8.400:0.050:-2.066|-12.900:0.000:-10.936|-4.200:0.050:2.896|4.200:0.050:-2.066|-8.400:0.050:7.396","0.000:0.000:0.656|0.000:0.000:-0.750|0.000:0.000:0.800|0.000:0.000:0.656|0.000:0.000:0.800","20.000:0.050:-4.319|-11.782:0.000:-15.084","0.000:0.000:1.066|0.079:0.000:0.443",False,False,Idle,60.00,40.00,3.00,ForkliftInteraction,"P1:True|P2:True|P3:True|D1:True|D2:True|D3:True","H1:Rack picker: R1 staging:Transport to work bay:load=True:handoffs=0|H2:D3 receiving inspection:Transport:load=True:handoffs=0|H3:PD station operator:Transport to work bay:load=False:handoffs=0|H4:Trolley operator: PD2 transfer:Transport to work bay:load=True:handoffs=0|H5:Maintenance and replenishment:Transport to work bay:load=False:handoffs=0|F1:Inbound pallet transport in east perimeter lane:Transport to work bay:load=True:handoffs=0|F2:D3 outbound pallet staging:Transport:load=True:handoffs=0"
6.7218,3,71,60,-24.0000,0.0500,-15.0000,258.8578,0.0000,0.0000,-24.0000,0.0000,-15.0000,0.0500,7,"","","8.400:0.050:-1.990|-12.900:0.000:-11.022|-4.200:0.050:2.988|4.200:0.050:-1.990|-8.400:0.050:7.488","0.000:0.000:0.656|0.000:0.000:-0.750|0.000:0.000:0.800|0.000:0.000:0.656|0.000:0.000:0.800","20.000:0.050:-4.196|-11.773:0.000:-15.033","0.000:0.000:1.066|0.079:0.000:0.443",False,False,Idle,60.00,40.00,3.00,ForkliftInteraction,"P1:True|P2:True|P3:True|D1:True|D2:True|D3:True","H1:Rack picker: R1 staging:Transport to work bay:load=True:handoffs=0|H2:D3 receiving inspection:Transport:load=True:handoffs=0|H3:PD station operator:Transport to work bay:load=False:handoffs=0|H4:Trolley operator: PD2 transfer:Transport to work bay:load=True:handoffs=0|H5:Maintenance and replenishment:Transport to work bay:load=False:handoffs=0|F1:Inbound pallet transport in east perimeter lane:Transport to work bay:load=True:handoffs=0|F2:D3 outbound pallet staging:Transport:load=True:handoffs=0"
6.8315,3,71,61,-24.0000,0.0500,-15.0000,258.8578,0.0000,0.0000,-24.0000,0.0000,-15.0000,0.0500,7,"","","8.400:0.050:-1.918|-12.900:0.000:-11.105|-4.200:0.050:3.076|4.200:0.050:-1.918|-8.400:0.050:7.576","0.000:0.000:0.656|0.000:0.000:-0.750|0.000:0.000:0.800|0.000:0.000:0.656|0.000:0.000:0.800","20.000:0.050:-4.079|-11.764:0.000:-14.985","0.000:0.000:1.066|0.079:0.000:0.443",False,False,Idle,60.00,40.00,3.00,ForkliftInteraction,"P1:True|P2:True|P3:True|D1:True|D2:True|D3:True","H1:Rack picker: R1 staging:Transport to work bay:load=True:handoffs=0|H2:D3 receiving inspection:Transport:load=True:handoffs=0|H3:PD station operator:Transport to work bay:load=False:handoffs=0|H4:Trolley operator: PD2 transfer:Transport to work bay:load=True:handoffs=0|H5:Maintenance and replenishment:Transport to work bay:load=False:handoffs=0|F1:Inbound pallet transport in east perimeter lane:Transport to work bay:load=True:handoffs=0|F2:D3 outbound pallet staging:Transport:load=True:handoffs=0"
6.9377,3,71,62,-24.0000,0.0500,-15.0000,258.8578,0.0000,0.0000,-24.0000,0.0000,-15.0000,0.0500,7,"","","8.400:0.050:-1.849|-12.900:0.000:-11.184|-4.200:0.050:3.161|4.200:0.050:-1.849|-8.400:0.050:7.661","0.000:0.000:0.656|0.000:0.000:-0.750|0.000:0.000:0.800|0.000:0.000:0.656|0.000:0.000:0.800","20.000:0.050:-3.966|-11.756:0.000:-14.937","0.000:0.000:1.066|0.079:0.000:0.443",False,False,Idle,60.00,40.00,3.00,ForkliftInteraction,"P1:True|P2:True|P3:True|D1:True|D2:True|D3:True","H1:Rack picker: R1 staging:Transport to work bay:load=True:handoffs=0|H2:D3 receiving inspection:Transport:load=True:handoffs=0|H3:PD station operator:Transport to work bay:load=False:handoffs=0|H4:Trolley operator: PD2 transfer:Transport to work bay:load=True:handoffs=0|H5:Maintenance and replenishment:Transport to work bay:load=False:handoffs=0|F1:Inbound pallet transport in east perimeter lane:Transport to work bay:load=True:handoffs=0|F2:D3 outbound pallet staging:Transport:load=True:handoffs=0"
7.0494,3,71,63,-24.0000,0.0500,-15.0000,258.8578,0.0000,0.0000,-24.0000,0.0000,-15.0000,0.0500,7,"","","8.400:0.050:-1.775|-12.900:0.000:-11.268|-4.200:0.050:3.250|4.200:0.050:-1.775|-8.400:0.050:7.750","0.000:0.000:0.656|0.000:0.000:-0.750|0.000:0.000:0.800|0.000:0.000:0.656|0.000:0.000:0.800","20.000:0.050:-3.847|-11.747:0.000:-14.888","0.000:0.000:1.066|0.079:0.000:0.443",False,False,Idle,60.00,40.00,3.00,ForkliftInteraction,"P1:True|P2:True|P3:True|D1:True|D2:True|D3:False","H1:Rack picker: R1 staging:Transport to work bay:load=True:handoffs=0|H2:D3 receiving inspection:Transport:load=True:handoffs=0|H3:PD station operator:Transport to work bay:load=False:handoffs=0|H4:Trolley operator: PD2 transfer:Transport to work bay:load=True:handoffs=0|H5:Maintenance and replenishment:Transport to work bay:load=False:handoffs=0|F1:Inbound pallet transport in east perimeter lane:Transport to work bay:load=True:handoffs=0|F2:D3 outbound pallet staging:Transport:load=True:handoffs=0"
7.1657,3,71,64,-24.0000,0.0500,-15.0000,258.8578,0.0000,0.0000,-24.0000,0.0000,-15.0000,0.0500,7,"","","8.400:0.050:-1.699|-12.900:0.000:-11.355|-4.200:0.050:3.343|4.200:0.050:-1.699|-8.400:0.050:7.843","0.000:0.000:0.656|0.000:0.000:-0.750|0.000:0.000:0.800|0.000:0.000:0.656|0.000:0.000:0.800","20.000:0.050:-3.723|-11.759:0.000:-14.843","0.000:0.000:1.066|-0.315:0.000:0.321",False,False,Idle,60.00,40.00,3.00,ForkliftInteraction,"P1:True|P2:True|P3:True|D1:True|D2:True|D3:False","H1:Rack picker: R1 staging:Transport to work bay:load=True:handoffs=0|H2:D3 receiving inspection:Transport:load=True:handoffs=0|H3:PD station operator:Transport to work bay:load=False:handoffs=0|H4:Trolley operator: PD2 transfer:Transport to work bay:load=True:handoffs=0|H5:Maintenance and replenishment:Transport to work bay:load=False:handoffs=0|F1:Inbound pallet transport in east perimeter lane:Transport to work bay:load=True:handoffs=0|F2:D3 outbound pallet staging:Transport:load=True:handoffs=0"
7.2702,3,71,65,-24.0000,0.0500,-15.0000,258.8578,0.0000,0.0000,-24.0000,0.0000,-15.0000,0.0500,7,"","","8.400:0.050:-1.630|-12.900:0.000:-11.434|-4.200:0.050:3.427|4.200:0.050:-1.630|-8.400:0.050:7.927","0.000:0.000:0.656|0.000:0.000:-0.750|0.000:0.000:0.800|0.000:0.000:0.656|0.000:0.000:0.800","20.000:0.050:-3.612|-11.760:0.000:-14.800","0.000:0.000:1.066|0.088:0.000:0.441",False,False,Idle,60.00,40.00,3.00,ForkliftInteraction,"P1:True|P2:True|P3:True|D1:True|D2:True|D3:False","H1:Rack picker: R1 staging:Transport to work bay:load=True:handoffs=0|H2:D3 receiving inspection:Transport:load=True:handoffs=0|H3:PD station operator:Transport to work bay:load=False:handoffs=0|H4:Trolley operator: PD2 transfer:Transport to work bay:load=True:handoffs=0|H5:Maintenance and replenishment:Transport to work bay:load=False:handoffs=0|F1:Inbound pallet transport in east perimeter lane:Transport to work bay:load=True:handoffs=0|F2:D3 outbound pallet staging:Transport:load=True:handoffs=0"
7.3746,3,71,66,-24.0000,0.0500,-15.0000,258.8578,0.0000,0.0000,-24.0000,0.0000,-15.0000,0.0500,7,"","","8.400:0.050:-1.562|-12.900:0.000:-11.512|-4.200:0.050:3.510|4.200:0.050:-1.562|-8.400:0.050:8.010","0.000:0.000:0.656|0.000:0.000:-0.750|0.000:0.000:0.800|0.000:0.000:0.656|0.000:0.000:0.800","20.000:0.050:-3.500|-11.763:0.000:-14.758","0.000:0.000:1.066|0.092:0.000:0.440",False,False,Idle,60.00,40.00,3.00,ForkliftInteraction,"P1:True|P2:True|P3:True|D1:True|D2:True|D3:False","H1:Rack picker: R1 staging:Transport to work bay:load=True:handoffs=0|H2:D3 receiving inspection:Transport:load=True:handoffs=0|H3:PD station operator:Transport to work bay:load=False:handoffs=0|H4:Trolley operator: PD2 transfer:Transport to work bay:load=True:handoffs=0|H5:Maintenance and replenishment:Transport to work bay:load=False:handoffs=0|F1:Inbound pallet transport in east perimeter lane:Transport to work bay:load=True:handoffs=0|F2:D3 outbound pallet staging:Transport:load=True:handoffs=0"
7.4817,3,71,67,-24.0000,0.0500,-15.0000,258.8578,0.0000,0.0000,-24.0000,0.0000,-15.0000,0.0500,7,"","","8.400:0.050:-1.492|-12.900:0.000:-11.592|-4.200:0.050:3.596|4.200:0.050:-1.492|-8.400:0.050:8.096","0.000:0.000:0.656|0.000:0.000:-0.750|0.000:0.000:0.800|0.000:0.000:0.656|0.000:0.000:0.800","20.000:0.050:-3.386|-11.774:0.000:-14.717","0.000:0.000:1.066|0.099:0.000:0.439",False,False,Idle,60.00,40.00,3.00,ForkliftInteraction,"P1:True|P2:True|P3:True|D1:True|D2:True|D3:False","H1:Rack picker: R1 staging:Transport to work bay:load=True:handoffs=0|H2:D3 receiving inspection:Transport:load=True:handoffs=0|H3:PD station operator:Transport to work bay:load=False:handoffs=0|H4:Trolley operator: PD2 transfer:Transport to work bay:load=True:handoffs=0|H5:Maintenance and replenishment:Transport to work bay:load=False:handoffs=0|F1:Inbound pallet transport in east perimeter lane:Transport to work bay:load=True:handoffs=0|F2:D3 outbound pallet staging:Transport:load=True:handoffs=0"
7.5889,3,71,68,-24.0000,0.0500,-15.0000,258.8578,0.0000,0.0000,-24.0000,0.0000,-15.0000,0.0500,7,"","","8.400:0.050:-1.421|-12.900:0.000:-11.673|-4.200:0.050:3.682|4.200:0.050:-1.421|-8.400:0.050:8.182","0.000:0.000:0.656|0.000:0.000:-0.750|0.000:0.000:0.800|0.000:0.000:0.656|0.000:0.000:0.800","20.000:0.050:-3.272|-11.784:0.000:-14.675","0.000:0.000:1.066|-0.300:0.000:0.335",False,False,Idle,60.00,40.00,3.00,ForkliftInteraction,"P1:True|P2:True|P3:True|D1:True|D2:True|D3:False","H1:Rack picker: R1 staging:Transport to work bay:load=True:handoffs=0|H2:D3 receiving inspection:Transport:load=True:handoffs=0|H3:PD station operator:Transport to work bay:load=False:handoffs=0|H4:Trolley operator: PD2 transfer:Transport to work bay:load=True:handoffs=0|H5:Maintenance and replenishment:Transport to work bay:load=False:handoffs=0|F1:Inbound pallet transport in east perimeter lane:Transport to work bay:load=True:handoffs=0|F2:D3 outbound pallet staging:Transport:load=True:handoffs=0"
7.6979,3,71,69,-24.0000,0.0500,-15.0000,258.8578,0.0000,0.0000,-24.0000,0.0000,-15.0000,0.0500,7,"","","8.400:0.050:-1.350|-12.900:0.000:-11.754|-4.200:0.050:3.769|4.200:0.050:-1.350|-8.400:0.050:8.269","0.000:0.000:0.656|0.000:0.000:-0.750|0.000:0.000:0.800|0.000:0.000:0.656|0.000:0.000:0.800","20.000:0.050:-3.156|-11.795:0.000:-14.633","0.000:0.000:1.066|-0.295:0.000:0.340",False,False,Idle,60.00,40.00,3.00,ForkliftInteraction,"P1:True|P2:True|P3:True|D1:True|D2:True|D3:False","H1:Rack picker: R1 staging:Transport to work bay:load=True:handoffs=0|H2:D3 receiving inspection:Transport:load=True:handoffs=0|H3:PD station operator:Transport to work bay:load=False:handoffs=0|H4:Trolley operator: PD2 transfer:Transport to work bay:load=True:handoffs=0|H5:Maintenance and replenishment:Transport to work bay:load=False:handoffs=0|F1:Inbound pallet transport in east perimeter lane:Transport to work bay:load=True:handoffs=0|F2:D3 outbound pallet staging:Transport:load=True:handoffs=0"
7.8058,3,71,70,-24.0000,0.0500,-15.0000,258.8578,0.0000,0.0000,-24.0000,0.0000,-15.0000,0.0500,7,"","","8.400:0.050:-1.279|-12.885:0.000:-11.827|-4.200:0.050:3.855|4.200:0.050:-1.279|-8.400:0.050:8.355","0.000:0.000:0.656|0.614:0.000:-0.430|0.000:0.000:0.800|0.000:0.000:0.656|0.000:0.000:0.800","20.000:0.050:-3.041|-11.794:0.000:-14.588","0.000:0.000:1.066|0.117:0.000:0.434",False,False,Idle,60.00,40.00,3.00,ForkliftInteraction,"P1:True|P2:True|P3:True|D1:True|D2:True|D3:False","H1:Rack picker: R1 staging:Transport to work bay:load=True:handoffs=0|H2:D3 receiving inspection:Transport:load=True:handoffs=0|H3:PD station operator:Transport to work bay:load=False:handoffs=0|H4:Trolley operator: PD2 transfer:Transport to work bay:load=True:handoffs=0|H5:Maintenance and replenishment:Transport to work bay:load=False:handoffs=0|F1:Inbound pallet transport in east perimeter lane:Transport to work bay:load=True:handoffs=0|F2:D3 outbound pallet staging:Transport:load=True:handoffs=0"
7.9169,3,71,71,-24.0000,0.0500,-15.0000,258.8578,0.0000,0.0000,-12.3000,0.0000,-13.5000,11.7959,7,"","","8.400:0.050:-1.206|-12.866:0.000:-11.883|-4.200:0.050:3.944|4.200:0.050:-1.206|-8.400:0.050:8.444","0.000:0.000:0.656|-0.627:0.000:-0.411|0.000:0.000:0.800|0.000:0.000:0.656|0.000:0.000:0.800","20.000:0.050:-2.922|-11.813:0.000:-14.547","0.000:0.000:1.066|-0.282:0.000:0.350",False,False,Idle,60.00,40.00,3.00,ForkliftInteraction,"P1:True|P2:True|P3:True|D1:True|D2:True|D3:False","H1:Rack picker: R1 staging:Transport to work bay:load=True:handoffs=0|H2:D3 receiving inspection:Transport:load=True:handoffs=0|H3:PD station operator:Transport to work bay:load=False:handoffs=0|H4:Trolley operator: PD2 transfer:Transport to work bay:load=True:handoffs=0|H5:Maintenance and replenishment:Transport to work bay:load=False:handoffs=0|F1:Inbound pallet transport in east perimeter lane:Transport to work bay:load=True:handoffs=0|F2:D3 outbound pallet staging:Transport:load=True:handoffs=0"
8.0376,3,71,72,-23.9944,0.0500,-14.9993,250.7123,0.0948,-110.4660,-12.3000,0.0000,-13.5000,11.7902,7,"","","8.400:0.050:-1.127|-12.940:0.000:-11.935|-4.200:0.050:4.041|4.200:0.050:-1.127|-8.400:0.050:8.541","0.000:0.000:0.656|-0.607:0.000:-0.440|0.000:0.000:0.800|0.000:0.000:0.656|0.000:0.000:0.800","20.000:0.050:-2.794|-11.821:0.000:-14.500","0.000:0.000:1.066|-0.275:0.000:0.356",False,False,Moving,60.00,40.00,3.00,ForkliftInteraction,"P1:True|P2:True|P3:True|D1:True|D2:True|D3:False","H1:Rack picker: R1 staging:Transport to work bay:load=True:handoffs=0|H2:D3 receiving inspection:Transport:load=True:handoffs=0|H3:PD station operator:Transport to work bay:load=False:handoffs=0|H4:Trolley operator: PD2 transfer:Transport to work bay:load=True:handoffs=0|H5:Maintenance and replenishment:Transport to work bay:load=False:handoffs=0|F1:Inbound pallet transport in east perimeter lane:Transport to work bay:load=True:handoffs=0|F2:D3 outbound pallet staging:Transport:load=True:handoffs=0"
8.1412,3,71,73,-23.9820,0.0500,-14.9977,243.7173,0.1597,-82.4250,-12.3000,0.0000,-13.5000,11.7777,7,"","","8.400:0.050:-1.059|-12.987:0.000:-11.971|-4.200:0.050:4.124|4.200:0.050:-1.059|-8.400:0.050:8.624","0.000:0.000:0.656|0.000:0.000:0.000|0.000:0.000:0.800|0.000:0.000:0.656|0.000:0.000:0.800","20.000:0.050:-2.683|-11.838:0.000:-14.460","0.000:0.000:1.066|-0.265:0.000:0.363",False,False,Moving,60.00,40.00,3.00,ForkliftInteraction,"P1:True|P2:True|P3:True|D1:True|D2:True|D3:False","H1:Rack picker: R1 staging:Transport to work bay:load=True:handoffs=0|H2:D3 receiving inspection:Transport:load=True:handoffs=0|H3:PD station operator:Transport to work bay:load=False:handoffs=0|H4:Trolley operator: PD2 transfer:Transport to work bay:load=True:handoffs=0|H5:Maintenance and replenishment:Transport to work bay:load=False:handoffs=0|F1:Inbound pallet transport in east perimeter lane:Transport to work bay:load=True:handoffs=0|F2:D3 outbound pallet staging:Transport:load=True:handoffs=0"
8.2574,3,71,74,-23.9599,0.0500,-14.9949,235.8763,0.0000,0.0000,-12.3000,0.0000,-13.5000,11.7555,7,"","","8.400:0.050:-0.983|-12.987:0.000:-11.971|-4.200:0.050:4.217|4.200:0.050:-0.983|-8.400:0.050:8.717","0.000:0.000:0.656|0.000:0.000:0.000|0.000:0.000:0.800|0.000:0.000:0.656|0.000:0.000:0.800","20.000:0.050:-2.559|-11.847:0.000:-14.415","0.000:0.000:1.066|-0.257:0.000:0.369",False,False,Moving,60.00,40.00,3.00,ForkliftInteraction,"P1:True|P2:True|P3:True|D1:True|D2:True|D3:False","H1:Rack picker: R1 staging:Transport to work bay:load=True:handoffs=0|H2:D3 receiving inspection:Transport:load=True:handoffs=0|H3:PD station operator:Transport to work bay:load=False:handoffs=0|H4:Trolley operator: PD2 transfer:Transport to work bay:load=True:handoffs=0|H5:Maintenance and replenishment:Transport to work bay:load=False:handoffs=0|F1:Inbound pallet transport in east perimeter lane:Transport to work bay:load=True:handoffs=0|F2:D3 outbound pallet staging:Transport:load=True:handoffs=0"
8.3661,3,71,75,-23.9314,0.0500,-14.9912,228.5382,0.3317,-82.1534,-12.3000,0.0000,-13.5000,11.7267,7,"","","8.400:0.050:-0.912|-12.987:0.000:-11.971|-4.200:0.050:4.304|4.200:0.050:-0.912|-8.400:0.050:8.737","0.000:0.000:0.656|0.000:0.000:0.000|0.000:0.000:0.800|0.000:0.000:0.656|0.000:0.000:0.000","20.000:0.050:-2.443|-11.864:0.000:-14.373","0.000:0.000:1.066|-0.246:0.000:0.377",False,False,Moving,60.00,40.00,3.00,ForkliftInteraction,"P1:True|P2:True|P3:True|D1:True|D2:True|D3:False","H1:Rack picker: R1 staging:Transport to work bay:load=True:handoffs=0|H2:D3 receiving inspection:Transport:load=True:handoffs=0|H3:PD station operator:Transport to work bay:load=False:handoffs=0|H4:Trolley operator: PD2 transfer:Transport to work bay:load=True:handoffs=0|H5:Maintenance and replenishment:Inspect / replenish rack:load=False:handoffs=1|F1:Inbound pallet transport in east perimeter lane:Transport to work bay:load=True:handoffs=0|F2:D3 outbound pallet staging:Transport:load=True:handoffs=0"
8.4793,3,71,76,-23.8936,0.0500,-14.9864,220.8956,0.4232,-81.3385,-12.3000,0.0000,-13.5000,11.6885,7,"","","8.400:0.050:-0.837|-12.987:0.000:-11.971|-4.200:0.050:4.394|4.200:0.050:-0.837|-8.400:0.050:8.737","0.000:0.000:0.656|0.000:0.000:0.000|0.000:0.000:0.800|0.000:0.000:0.656|0.000:0.000:0.000","20.000:0.050:-2.323|-11.880:0.000:-14.329","0.000:0.000:1.066|-0.231:0.000:0.386",False,False,Moving,60.00,40.00,3.00,ForkliftInteraction,"P1:True|P2:True|P3:True|D1:True|D2:True|D3:False","H1:Rack picker: R1 staging:Transport to work bay:load=True:handoffs=0|H2:D3 receiving inspection:Transport:load=True:handoffs=0|H3:PD station operator:Transport to work bay:load=False:handoffs=0|H4:Trolley operator: PD2 transfer:Transport to work bay:load=True:handoffs=0|H5:Maintenance and replenishment:Inspect / replenish rack:load=False:handoffs=1|F1:Inbound pallet transport in east perimeter lane:Transport to work bay:load=True:handoffs=0|F2:D3 outbound pallet staging:Transport:load=True:handoffs=0"
8.5881,3,71,77,-23.8494,0.0500,-14.9807,213.5551,0.5929,-95.4224,-12.3000,0.0000,-13.5000,11.6440,7,"","","8.400:0.050:-0.766|-12.987:0.000:-11.971|-4.200:0.050:4.481|4.200:0.050:-0.766|-8.400:0.050:8.737","0.000:0.000:0.656|0.000:0.000:0.000|0.000:0.000:0.800|0.000:0.000:0.656|0.000:0.000:0.000","20.000:0.050:-2.207|-11.904:0.000:-14.286","0.000:0.000:1.066|-0.214:0.000:0.396",False,False,Moving,60.00,40.00,3.00,ForkliftInteraction,"P1:True|P2:True|P3:True|D1:True|D2:True|D3:False","H1:Rack picker: R1 staging:Transport to work bay:load=True:handoffs=0|H2:D3 receiving inspection:Transport:load=True:handoffs=0|H3:PD station operator:Transport to work bay:load=False:handoffs=0|H4:Trolley operator: PD2 transfer:Transport to work bay:load=True:handoffs=0|H5:Maintenance and replenishment:Inspect / replenish rack:load=False:handoffs=1|F1:Inbound pallet transport in east perimeter lane:Transport to work bay:load=True:handoffs=0|F2:D3 outbound pallet staging:Transport:load=True:handoffs=0"
8.7111,3,71,78,-23.7904,0.0500,-14.9731,205.2498,0.0000,0.0000,-12.3000,0.0000,-13.5000,11.5846,7,"","","8.400:0.050:-0.685|-12.987:0.000:-11.971|-4.200:0.050:4.580|4.200:0.050:-0.685|-8.400:0.050:8.737","0.000:0.000:0.656|0.000:0.000:0.000|0.000:0.000:0.800|0.000:0.000:0.656|0.000:0.000:0.000","20.000:0.050:-2.076|-11.929:0.000:-14.237","0.000:0.000:1.066|-0.194:0.000:0.406",False,False,Moving,60.00,40.00,3.00,ForkliftInteraction,"P1:True|P2:True|P3:True|D1:True|D2:True|D3:False","H1:Rack picker: R1 staging:Transport to work bay:load=True:handoffs=0|H2:D3 receiving inspection:Transport:load=True:handoffs=0|H3:PD station operator:Transport to work bay:load=False:handoffs=0|H4:Trolley operator: PD2 transfer:Transport to work bay:load=True:handoffs=0|H5:Maintenance and replenishment:Inspect / replenish rack:load=False:handoffs=1|F1:Inbound pallet transport in east perimeter lane:Transport to work bay:load=True:handoffs=0|F2:D3 outbound pallet staging:Transport:load=True:handoffs=0"
8.8245,3,71,79,-23.7273,0.0500,-14.9650,197.5934,0.7245,-85.0937,-12.3000,0.0000,-13.5000,11.5209,7,"","","8.400:0.050:-0.611|-12.987:0.000:-11.971|-4.200:0.050:4.670|4.200:0.050:-0.611|-8.400:0.050:8.737","0.000:0.000:0.656|0.000:0.000:0.000|0.000:0.000:0.800|0.000:0.000:0.656|0.000:0.000:0.000","20.000:0.050:-1.955|-11.950:0.000:-14.190","0.000:0.000:1.066|-0.173:0.000:0.416",False,False,Moving,60.00,40.00,3.00,ForkliftInteraction,"P1:True|P2:True|P3:True|D1:True|D2:True|D3:False","H1:Rack picker: R1 staging:Transport to work bay:load=True:handoffs=0|H2:D3 receiving inspection:Transport:load=True:handoffs=0|H3:PD station operator:Transport to work bay:load=False:handoffs=0|H4:Trolley operator: PD2 transfer:Transport to work bay:load=True:handoffs=0|H5:Maintenance and replenishment:Inspect / replenish rack:load=False:handoffs=1|F1:Inbound pallet transport in east perimeter lane:Transport to work bay:load=True:handoffs=0|F2:D3 outbound pallet staging:Transport:load=True:handoffs=0"
8.9347,3,71,80,-23.6580,0.0500,-14.9562,190.1582,0.0000,0.0000,-12.3000,0.0000,-13.5000,11.4511,7,"","","8.400:0.050:-0.539|-12.987:0.000:-11.971|-4.200:0.050:4.758|4.200:0.050:-0.539|-8.400:0.050:8.737","0.000:0.000:0.656|0.000:0.000:0.000|0.000:0.000:0.800|0.000:0.000:0.656|0.000:0.000:0.000","20.000:0.050:-1.837|-11.967:0.000:-14.144","0.000:0.000:1.066|-0.152:0.000:0.424",False,False,Moving,60.00,40.00,3.00,ForkliftInteraction,"P1:True|P2:True|P3:True|D1:True|D2:True|D3:False","H1:Rack picker: R1 staging:Transport to work bay:load=True:handoffs=0|H2:D3 receiving inspection:Transport:load=True:handoffs=0|H3:PD station operator:Transport to work bay:load=False:handoffs=0|H4:Trolley operator: PD2 transfer:Transport to work bay:load=True:handoffs=0|H5:Maintenance and replenishment:Inspect / replenish rack:load=False:handoffs=1|F1:Inbound pallet transport in east perimeter lane:Transport to work bay:load=True:handoffs=0|F2:D3 outbound pallet staging:Transport:load=True:handoffs=0"
9.0512,3,71,81,-23.5763,0.0500,-14.9457,182.2925,0.0000,0.0000,-12.3000,0.0000,-13.5000,11.3687,7,"","","8.400:0.050:-0.462|-12.987:0.000:-11.971|-4.200:0.050:4.852|4.200:0.050:-0.462|-8.400:0.050:8.737","0.000:0.000:0.656|0.000:0.000:0.000|0.000:0.000:0.800|0.000:0.000:0.656|0.000:0.000:0.000","20.000:0.050:-1.713|-11.983:0.000:-14.094","0.000:0.000:1.066|-0.128:0.000:0.431",False,False,Moving,60.00,40.00,3.00,ForkliftInteraction,"P1:True|P2:True|P3:True|D1:True|D2:True|D3:False","H1:Rack picker: R1 staging:Transport to work bay:load=True:handoffs=0|H2:D3 receiving inspection:Transport:load=True:handoffs=0|H3:PD station operator:Transport to work bay:load=False:handoffs=0|H4:Trolley operator: PD2 transfer:Transport to work bay:load=True:handoffs=0|H5:Maintenance and replenishment:Inspect / replenish rack:load=False:handoffs=1|F1:Inbound pallet transport in east perimeter lane:Transport to work bay:load=True:handoffs=0|F2:D3 outbound pallet staging:Transport:load=True:handoffs=0"
9.1575,3,71,82,-23.4940,0.0500,-14.9351,175.1186,1.0710,-91.5207,-12.3000,0.0000,-13.5000,11.2857,7,"","","8.400:0.050:-0.392|-12.987:0.000:-11.971|-4.200:0.050:4.937|4.200:0.050:-0.392|-8.400:0.050:8.737","0.000:0.000:0.656|0.000:0.000:0.000|0.000:0.000:0.800|0.000:0.000:0.656|0.000:0.000:0.000","20.000:0.050:-1.600|-11.996:0.000:-14.048","0.000:0.000:1.066|-0.106:0.000:0.437",False,False,Moving,60.00,40.00,3.00,ForkliftInteraction,"P1:True|P2:True|P3:True|D1:True|D2:True|D3:False","H1:Rack picker: R1 staging:Transport to work bay:load=True:handoffs=0|H2:D3 receiving inspection:Transport:load=True:handoffs=0|H3:PD station operator:Transport to work bay:load=False:handoffs=0|H4:Trolley operator: PD2 transfer:Transport to work bay:load=True:handoffs=0|H5:Maintenance and replenishment:Inspect / replenish rack:load=False:handoffs=1|F1:Inbound pallet transport in east perimeter lane:Transport to work bay:load=True:handoffs=0|F2:D3 outbound pallet staging:Transport:load=True:handoffs=0"
9.2754,3,71,83,-23.3943,0.0500,-14.9223,167.1593,0.0000,0.0000,-12.3000,0.0000,-13.5000,11.1852,7,"","","8.400:0.050:-0.315|-12.987:0.000:-11.971|-4.200:0.050:5.031|4.200:0.050:-0.315|-8.400:0.050:8.737","0.000:0.000:0.656|0.000:0.000:0.000|0.000:0.000:0.800|0.000:0.000:0.656|0.000:0.000:0.000","20.000:0.050:-1.474|-12.006:0.000:-13.996","0.000:0.000:1.066|-0.080:0.000:0.443",False,False,Moving,60.00,40.00,3.00,ForkliftInteraction,"P1:True|P2:True|P3:True|D1:True|D2:True|D3:False","H1:Rack picker: R1 staging:Transport to work bay:load=True:handoffs=0|H2:D3 receiving inspection:Transport:load=True:handoffs=0|H3:PD station operator:Transport to work bay:load=False:handoffs=0|H4:Trolley operator: PD2 transfer:Transport to work bay:load=True:handoffs=0|H5:Maintenance and replenishment:Inspect / replenish rack:load=False:handoffs=1|F1:Inbound pallet transport in east perimeter lane:Transport to work bay:load=True:handoffs=0|F2:D3 outbound pallet staging:Transport:load=True:handoffs=0"
9.3981,3,71,84,-23.2811,0.0500,-14.9078,158.8784,0.0000,0.0000,-12.3000,0.0000,-13.5000,11.0711,7,"","","8.400:0.050:-0.235|-12.987:0.000:-11.971|-4.200:0.050:5.129|4.200:0.050:-0.235|-8.400:0.050:8.737","0.000:0.000:0.656|0.000:0.000:0.000|0.000:0.000:0.800|0.000:0.000:0.656|0.000:0.000:0.000","20.000:0.050:-1.343|-12.014:0.000:-13.941","0.000:0.000:1.066|-0.052:0.000:0.447",False,False,Moving,60.00,40.00,3.00,ForkliftInteraction,"P1:True|P2:True|P3:True|D1:True|D2:True|D3:False","H1:Rack picker: R1 staging:Transport to work bay:load=True:handoffs=0|H2:D3 receiving inspection:Transport:load=True:handoffs=0|H3:PD station operator:Transport to work bay:load=False:handoffs=0|H4:Trolley operator: PD2 transfer:Transport to work bay:load=True:handoffs=0|H5:Maintenance and replenishment:Inspect / replenish rack:load=False:handoffs=1|F1:Inbound pallet transport in east perimeter lane:Transport to work bay:load=True:handoffs=0|F2:D3 outbound pallet staging:Transport:load=True:handoffs=0"
9.5019,3,71,85,-23.1776,0.0500,-14.8946,151.8725,1.2566,-83.5480,-12.3000,0.0000,-13.5000,10.9667,7,"","","8.400:0.050:-0.167|-12.987:0.000:-11.971|-4.200:0.050:5.212|4.200:0.050:-0.167|-8.400:0.050:8.737","0.000:0.000:0.656|0.000:0.000:0.000|0.000:0.000:0.800|0.000:0.000:0.656|0.000:0.000:0.000","20.000:0.050:-1.233|-12.018:0.000:-13.895","0.000:0.000:1.066|-0.025:0.000:0.449",False,False,Moving,60.00,40.00,3.00,ForkliftInteraction,"P1:True|P2:True|P3:True|D1:True|D2:True|D3:False","H1:Rack picker: R1 staging:Transport to work bay:load=True:handoffs=0|H2:D3 receiving inspection:Transport:load=True:handoffs=0|H3:PD station operator:Transport to work bay:load=False:handoffs=0|H4:Trolley operator: PD2 transfer:Transport to work bay:load=True:handoffs=0|H5:Maintenance and replenishment:Inspect / replenish rack:load=False:handoffs=1|F1:Inbound pallet transport in east perimeter lane:Transport to work bay:load=True:handoffs=0|F2:D3 outbound pallet staging:Transport:load=True:handoffs=0"
9.6146,3,71,86,-23.0574,0.0500,-14.8792,144.2628,0.0000,0.0000,-12.3000,0.0000,-13.5000,10.8455,7,"","","8.400:0.050:-0.093|-12.987:0.000:-11.971|-4.200:0.050:5.302|4.200:0.050:-0.093|-8.400:0.050:8.737","0.000:0.000:0.656|0.000:0.000:0.000|0.000:0.000:0.800|0.000:0.000:0.656|0.000:0.000:0.000","20.000:0.050:-1.113|-12.018:0.000:-13.844","0.000:0.000:1.066|0.005:0.000:0.450",False,False,Moving,60.00,40.00,3.00,ForkliftInteraction,"P1:True|P2:True|P3:True|D1:True|D2:True|D3:False","H1:Rack picker: R1 staging:Transport to work bay:load=True:handoffs=0|H2:D3 receiving inspection:Transport:load=True:handoffs=0|H3:PD station operator:Transport to work bay:load=False:handoffs=0|H4:Trolley operator: PD2 transfer:Transport to work bay:load=True:handoffs=0|H5:Maintenance and replenishment:Inspect / replenish rack:load=False:handoffs=1|F1:Inbound pallet transport in east perimeter lane:Transport to work bay:load=True:handoffs=0|F2:D3 outbound pallet staging:Transport:load=True:handoffs=0"
9.7195,3,71,87,-22.9381,0.0500,-14.8639,137.1824,1.5959,-93.2831,-12.3000,0.0000,-13.5000,10.7253,7,"","","8.400:0.050:-0.024|-13.000:0.000:-12.022|-4.200:0.050:5.386|4.200:0.050:-0.024|-8.400:0.050:8.737","0.000:0.000:0.656|0.051:0.000:-0.748|0.000:0.000:0.800|0.000:0.000:0.656|0.000:0.000:0.000","20.000:0.050:-1.001|-12.016:0.000:-13.797","0.000:0.000:1.066|0.033:0.000:0.449",False,False,Moving,60.00,40.00,3.00,ForkliftInteraction,"P1:True|P2:True|P3:True|D1:True|D2:True|D3:False","H1:Rack picker: R1 staging:Transport to work bay:load=True:handoffs=0|H2:D3 receiving inspection:Transport:load=True:handoffs=0|H3:PD station operator:Transport to work bay:load=False:handoffs=0|H4:Trolley operator: PD2 transfer:Transport to work bay:load=True:handoffs=0|H5:Maintenance and replenishment:Inspect / replenish rack:load=False:handoffs=1|F1:Inbound pallet transport in east perimeter lane:Transport to work bay:load=True:handoffs=0|F2:D3 outbound pallet staging:Transport:load=True:handoffs=0"
9.8259,3,71,88,-22.8117,0.0500,-14.8477,129.9985,1.7738,-99.7803,-12.3000,0.0000,-13.5000,10.5979,7,"","","8.400:0.050:0.046|-12.995:0.000:-12.102|-4.200:0.050:5.471|4.200:0.050:0.046|-8.400:0.050:8.737","0.000:0.000:0.656|0.051:0.000:-0.748|0.000:0.000:0.800|0.000:0.000:0.656|0.000:0.000:0.000","20.000:0.050:-0.887|-12.011:0.000:-13.749","0.000:0.000:1.066|0.063:0.000:0.446",False,False,Moving,60.00,40.00,3.00,ForkliftInteraction,"P1:True|P2:True|P3:True|D1:True|D2:True|D3:False","H1:Rack picker: R1 staging:Transport to work bay:load=True:handoffs=0|H2:D3 receiving inspection:Transport:load=True:handoffs=0|H3:PD station operator:Transport to work bay:load=False:handoffs=0|H4:Trolley operator: PD2 transfer:Transport to work bay:load=True:handoffs=0|H5:Maintenance and replenishment:Inspect / replenish rack:load=False:handoffs=1|F1:Inbound pallet transport in east perimeter lane:Transport to work bay:load=True:handoffs=0|F2:D3 outbound pallet staging:Transport:load=True:handoffs=0"
9.9346,3,71,89,-22.6824,0.0500,-14.8311,122.6663,0.0000,0.0000,-12.3000,0.0000,-13.5000,10.4675,7,"","","8.400:0.050:0.117|-12.989:0.000:-12.183|-4.200:0.050:5.558|4.200:0.050:0.117|-8.400:0.050:8.737","0.000:0.000:0.656|0.051:0.000:-0.748|0.000:0.000:0.800|0.000:0.000:0.656|0.000:0.000:0.000","20.000:0.050:-0.771|-12.002:0.000:-13.701","0.000:0.000:1.066|0.094:0.000:0.440",False,False,Moving,60.00,40.00,3.00,ForkliftInteraction,"P1:True|P2:True|P3:True|D1:True|D2:True|D3:False","H1:Rack picker: R1 staging:Transport to work bay:load=True:handoffs=0|H2:D3 receiving inspection:Transport:load=True:handoffs=0|H3:PD station operator:Transport to work bay:load=False:handoffs=0|H4:Trolley operator: PD2 transfer:Transport to work bay:load=True:handoffs=0|H5:Maintenance and replenishment:Inspect / replenish rack:load=False:handoffs=1|F1:Inbound pallet transport in east perimeter lane:Transport to work bay:load=True:handoffs=0|F2:D3 outbound pallet staging:Transport:load=True:handoffs=0"
10.0368,3,71,90,-22.5607,0.0500,-14.8155,115.7662,1.4921,-83.9325,-12.3000,0.0000,-13.5000,10.3448,7,"","","8.400:0.050:0.184|-12.984:0.000:-12.259|-4.200:0.050:5.640|4.200:0.050:0.184|-8.400:0.050:8.737","0.000:0.000:0.656|0.051:0.000:-0.748|0.000:0.000:0.800|0.000:0.000:0.656|0.000:0.000:0.000","20.000:0.050:-0.662|-11.990:0.000:-13.657","0.000:0.000:1.066|0.126:0.000:0.432",False,False,Moving,60.00,40.00,3.00,ForkliftInteraction,"P1:True|P2:True|P3:True|D1:True|D2:True|D3:False","H1:Rack picker: R1 staging:Transport to work bay:load=True:handoffs=0|H2:D3 receiving inspection:Transport:load=True:handoffs=0|H3:PD station operator:Transport to work bay:load=False:handoffs=0|H4:Trolley operator: PD2 transfer:Transport to work bay:load=True:handoffs=0|H5:Maintenance and replenishment:Inspect / replenish rack:load=False:handoffs=1|F1:Inbound pallet transport in east perimeter lane:Transport to work bay:load=True:handoffs=0|F2:D3 outbound pallet staging:Transport:load=True:handoffs=0"
10.1420,3,71,91,-22.4355,0.0500,-14.7994,108.9005,1.5601,-83.9997,-12.3000,0.0000,-13.5000,10.2186,7,"","","8.400:0.050:0.253|-12.979:0.000:-12.338|-4.200:0.050:5.724|4.200:0.050:0.253|-8.400:0.050:8.737","0.000:0.000:0.656|0.051:0.000:-0.748|0.000:0.000:0.800|0.000:0.000:0.656|0.000:0.000:0.000","20.000:0.050:-0.550|-11.975:0.000:-13.612","0.000:0.000:1.066|0.159:0.000:0.421",False,False,Moving,60.00,40.00,3.00,ForkliftInteraction,"P1:True|P2:True|P3:True|D1:True|D2:True|D3:False","H1:Rack picker: R1 staging:Transport to work bay:load=True:handoffs=0|H2:D3 receiving inspection:Transport:load=True:handoffs=0|H3:PD station operator:Transport to work bay:load=False:handoffs=0|H4:Trolley operator: PD2 transfer:Transport to work bay:load=True:handoffs=0|H5:Maintenance and replenishment:Inspect / replenish rack:load=False:handoffs=1|F1:Inbound pallet transport in east perimeter lane:Transport to work bay:load=True:handoffs=0|F2:D3 outbound pallet staging:Transport:load=True:handoffs=0"
10.2519,3,71,92,-22.3047,0.0500,-14.7827,103.1135,0.0000,0.0000,-12.3000,0.0000,-13.5000,10.0867,7,"","","8.400:0.050:0.326|-12.973:0.000:-12.420|-4.200:0.050:5.812|4.200:0.050:0.326|-8.400:0.050:8.737","0.000:0.000:0.656|0.051:0.000:-0.748|0.000:0.000:0.800|0.000:0.000:0.656|0.000:0.000:0.000","20.000:0.050:-0.433|-11.955:0.000:-13.567","0.000:0.000:1.066|0.192:0.000:0.407",False,False,Moving,60.00,40.00,3.00,ForkliftInteraction,"P1:True|P2:True|P3:True|D1:True|D2:True|D3:False","H1:Rack picker: R1 staging:Transport to work bay:load=True:handoffs=0|H2:D3 receiving inspection:Transport:load=True:handoffs=0|H3:PD station operator:Transport to work bay:load=False:handoffs=0|H4:Trolley operator: PD2 transfer:Transport to work bay:load=True:handoffs=0|H5:Maintenance and replenishment:Inspect / replenish rack:load=False:handoffs=1|F1:Inbound pallet transport in east perimeter lane:Transport to work bay:load=True:handoffs=0|F2:D3 outbound pallet staging:Transport:load=True:handoffs=0"
10.3641,3,71,93,-22.1711,0.0500,-14.7655,98.5171,2.1189,-70.5078,-12.3000,0.0000,-13.5000,9.9520,7,"","","8.400:0.050:0.399|-12.967:0.000:-12.504|-4.200:0.050:5.902|4.200:0.050:0.399|-8.400:0.050:8.737","0.000:0.000:0.656|0.051:0.000:-0.748|0.000:0.000:0.800|0.000:0.000:0.656|0.000:0.000:0.000","20.000:0.050:-0.314|-11.931:0.000:-13.522","0.000:0.000:1.066|0.231:0.000:0.386",False,False,Moving,60.00,40.00,3.00,ForkliftInteraction,"P1:True|P2:True|P3:True|D1:True|D2:True|D3:False","H1:Rack picker: R1 staging:Transport to work bay:load=True:handoffs=0|H2:D3 receiving inspection:Transport:load=True:handoffs=0|H3:PD station operator:Transport to work bay:load=False:handoffs=0|H4:Trolley operator: PD2 transfer:Transport to work bay:load=True:handoffs=0|H5:Maintenance and replenishment:Inspect / replenish rack:load=False:handoffs=1|F1:Inbound pallet transport in east perimeter lane:Transport to work bay:load=True:handoffs=0|F2:D3 outbound pallet staging:Transport:load=True:handoffs=0"
10.4695,3,71,94,-22.0457,0.0500,-14.7495,95.1551,1.6476,-42.2943,-12.3000,0.0000,-13.5000,9.8256,7,"","","8.400:0.050:0.468|-12.962:0.000:-12.583|-4.200:0.050:5.986|4.200:0.050:0.468|-8.400:0.050:8.737","0.000:0.000:0.656|0.051:0.000:-0.748|0.000:0.000:0.800|0.000:0.000:0.656|0.000:0.000:0.000","20.000:0.050:-0.201|-11.904:0.000:-13.483","0.000:0.000:1.066|0.266:0.000:0.363",False,False,Moving,60.00,40.00,3.00,ForkliftInteraction,"P1:True|P2:True|P3:True|D1:True|D2:True|D3:False","H1:Rack picker: R1 staging:Transport to work bay:load=True:handoffs=0|H2:D3 receiving inspection:Transport:load=True:handoffs=0|H3:PD station operator:Transport to work bay:load=False:handoffs=0|H4:Trolley operator: PD2 transfer:Transport to work bay:load=True:handoffs=0|H5:Maintenance and replenishment:Inspect / replenish rack:load=False:handoffs=1|F1:Inbound pallet transport in east perimeter lane:Transport to work bay:load=True:handoffs=0|F2:D3 outbound pallet staging:Transport:load=True:handoffs=0"
10.5729,3,71,95,-21.9226,0.0500,-14.7337,92.5532,0.0000,0.0000,-12.3000,0.0000,-13.5000,9.7015,7,"","","8.400:0.050:0.536|-12.957:0.000:-12.661|-4.200:0.050:6.069|4.200:0.050:0.536|-8.400:0.050:8.737","0.000:0.000:0.656|0.051:0.000:-0.748|0.000:0.000:0.800|0.000:0.000:0.656|0.000:0.000:0.000","20.000:0.050:-0.091|-11.878:0.000:-13.485","0.000:0.000:1.066|0.234:0.000:-0.385",False,False,Moving,60.00,40.00,3.00,ForkliftInteraction,"P1:True|P2:True|P3:True|D1:True|D2:True|D3:False","H1:Rack picker: R1 staging:Transport to work bay:load=True:handoffs=0|H2:D3 receiving inspection:Transport:load=True:handoffs=0|H3:PD station operator:Transport to work bay:load=False:handoffs=0|H4:Trolley operator: PD2 transfer:Transport to work bay:load=True:handoffs=0|H5:Maintenance and replenishment:Inspect / replenish rack:load=False:handoffs=1|F1:Inbound pallet transport in east perimeter lane:Transport to work bay:load=True:handoffs=0|F2:D3 outbound pallet staging:Transport:load=True:handoffs=0"
10.6772,3,71,96,-21.7985,0.0500,-14.7178,90.4783,1.4622,-23.4100,-12.3000,0.0000,-13.5000,9.5763,7,"","","8.400:0.050:0.605|-12.986:0.000:-12.684|-4.200:0.050:6.153|4.200:0.050:0.605|-8.400:0.050:8.737","0.000:0.000:0.656|0.000:0.000:0.000|0.000:0.000:0.800|0.000:0.000:0.656|0.000:0.000:0.000","20.000:0.050:0.020|-11.852:0.000:-13.504","0.000:0.000:1.066|0.252:0.000:-0.373",False,False,Moving,60.00,40.00,3.00,ForkliftInteraction,"P1:True|P2:True|P3:True|D1:True|D2:True|D3:False","H1:Rack picker: R1 staging:Transport to work bay:load=True:handoffs=0|H2:D3 receiving inspection:Transport:load=True:handoffs=0|H3:PD station operator:Transport to work bay:load=False:handoffs=0|H4:Trolley operator: PD2 transfer:Transport to work bay:load=True:handoffs=0|H5:Maintenance and replenishment:Inspect / replenish rack:load=False:handoffs=1|F1:Inbound pallet transport in east perimeter lane:Transport to work bay:load=True:handoffs=0|F2:D3 outbound pallet staging:Transport:load=True:handoffs=0"
10.7852,3,71,97,-21.6699,0.0500,-14.7013,88.7869,1.5672,-19.7434,-12.3000,0.0000,-13.5000,9.4467,7,"","","8.400:0.050:0.675|-12.986:0.000:-12.684|-4.200:0.050:6.239|4.200:0.050:0.675|-8.400:0.050:8.737","0.000:0.000:0.656|0.000:0.000:0.000|0.000:0.000:0.800|0.000:0.000:0.656|0.000:0.000:0.000","20.000:0.050:0.135|-11.838:0.000:-13.504","0.000:0.000:1.066|0.000:0.000:0.000",False,False,Moving,60.00,40.00,3.00,ForkliftInteraction,"P1:True|P2:True|P3:True|D1:True|D2:True|D3:False","H1:Rack picker: R1 staging:Transport to work bay:load=True:handoffs=0|H2:D3 receiving inspection:Transport:load=True:handoffs=0|H3:PD station operator:Transport to work bay:load=False:handoffs=0|H4:Trolley operator: PD2 transfer:Transport to work bay:load=True:handoffs=0|H5:Maintenance and replenishment:Inspect / replenish rack:load=False:handoffs=1|F1:Inbound pallet transport in east perimeter lane:Transport to work bay:load=True:handoffs=0|F2:D3 outbound pallet staging:Transport:load=True:handoffs=0"
10.8969,3,71,98,-21.5370,0.0500,-14.6842,87.4208,1.4629,-14.1602,-12.3000,0.0000,-13.5000,9.3127,7,"","","8.400:0.050:0.749|-12.986:0.000:-12.684|-4.200:0.050:6.328|4.200:0.050:0.749|-8.400:0.050:8.737","0.000:0.000:0.656|0.000:0.000:0.000|0.000:0.000:0.800|0.000:0.000:0.656|0.000:0.000:0.000","20.000:0.050:0.254|-11.838:0.000:-13.504","0.000:0.000:1.066|0.000:0.000:0.000",False,False,Moving,60.00,40.00,3.00,ForkliftInteraction,"P1:True|P2:True|P3:True|D1:True|D2:True|D3:False","H1:Rack picker: R1 staging:Transport to work bay:load=True:handoffs=0|H2:D3 receiving inspection:Transport:load=True:handoffs=0|H3:PD station operator:Transport to work bay:load=False:handoffs=0|H4:Trolley operator: PD2 transfer:Transport to work bay:load=True:handoffs=0|H5:Maintenance and replenishment:Inspect / replenish rack:load=False:handoffs=1|F1:Inbound pallet transport in east perimeter lane:Transport to work bay:load=True:handoffs=0|F2:D3 outbound pallet staging:Transport:load=True:handoffs=0"
11.0007,3,71,99,-21.4134,0.0500,-14.6684,86.4302,1.5160,-11.6470,-12.3000,0.0000,-13.5000,9.1881,7,"","","8.400:0.050:0.817|-12.986:0.000:-12.684|-4.200:0.050:6.411|4.200:0.050:0.817|-8.400:0.050:8.737","0.000:0.000:0.656|0.000:0.000:0.000|0.000:0.000:0.800|0.000:0.000:0.656|0.000:0.000:0.000","20.000:0.050:0.365|-11.838:0.000:-13.504","0.000:0.000:1.066|0.000:0.000:0.000",False,False,Moving,60.00,40.00,3.00,ForkliftInteraction,"P1:True|P2:True|P3:True|D1:True|D2:True|D3:False","H1:Rack picker: R1 staging:Transport to work bay:load=True:handoffs=0|H2:D3 receiving inspection:Transport:load=True:handoffs=0|H3:PD station operator:Transport to work bay:load=False:handoffs=0|H4:Trolley operator: PD2 transfer:Transport to work bay:load=True:handoffs=0|H5:Maintenance and replenishment:Inspect / replenish rack:load=False:handoffs=1|F1:Inbound pallet transport in east perimeter lane:Transport to work bay:load=True:handoffs=0|F2:D3 outbound pallet staging:Transport:load=True:handoffs=0"
11.1040,3,71,100,-21.2905,0.0500,-14.6526,85.6509,1.5182,-9.2102,-12.3000,0.0000,-13.5000,9.0642,7,"","","8.400:0.050:0.885|-12.986:0.000:-12.684|-4.200:0.050:6.494|4.200:0.050:0.885|-8.400:0.050:8.737","0.000:0.000:0.656|0.000:0.000:0.000|0.000:0.000:0.800|0.000:0.000:0.656|0.000:0.000:0.000","20.000:0.050:0.475|-11.838:0.000:-13.504","0.000:0.000:1.066|0.000:0.000:0.000",False,False,Moving,60.00,40.00,3.00,ForkliftInteraction,"P1:True|P2:True|P3:True|D1:True|D2:True|D3:False","H1:Rack picker: R1 staging:Transport to work bay:load=True:handoffs=0|H2:D3 receiving inspection:Transport:load=True:handoffs=0|H3:PD station operator:Transport to work bay:load=False:handoffs=0|H4:Trolley operator: PD2 transfer:Transport to work bay:load=True:handoffs=0|H5:Maintenance and replenishment:Inspect / replenish rack:load=False:handoffs=1|F1:Inbound pallet transport in east perimeter lane:Transport to work bay:load=True:handoffs=0|F2:D3 outbound pallet staging:Transport:load=True:handoffs=0"
11.2083,3,71,101,-21.1663,0.0500,-14.6367,85.0286,1.5905,-7.6477,-12.3000,0.0000,-13.5000,8.9390,7,"","","8.400:0.050:0.953|-12.986:0.000:-12.684|-4.200:0.050:6.577|4.200:0.050:0.953|-8.400:0.050:8.737","0.000:0.000:0.656|0.000:0.000:0.000|0.000:0.000:0.800|0.000:0.000:0.656|0.000:0.000:0.000","20.000:0.050:0.586|-11.838:0.000:-13.504","0.000:0.000:1.066|0.000:0.000:0.000",False,False,Moving,60.00,40.00,3.00,ForkliftInteraction,"P1:True|P2:True|P3:True|D1:True|D2:True|D3:False","H1:Rack picker: R1 staging:Transport to work bay:load=True:handoffs=0|H2:D3 receiving inspection:Transport:load=True:handoffs=0|H3:PD station operator:Transport to work bay:load=False:handoffs=0|H4:Trolley operator: PD2 transfer:Transport to work bay:load=True:handoffs=0|H5:Maintenance and replenishment:Inspect / replenish rack:load=False:handoffs=1|F1:Inbound pallet transport in east perimeter lane:Transport to work bay:load=True:handoffs=0|F2:D3 outbound pallet staging:Transport:load=True:handoffs=0"
11.3100,3,71,102,-21.0453,0.0500,-14.6212,84.5487,1.4365,-5.4657,-12.3000,0.0000,-13.5000,8.8170,7,"","","8.400:0.050:1.020|-12.986:0.000:-12.684|-4.200:0.050:6.659|4.200:0.050:1.020|-8.400:0.050:8.737","0.000:0.000:0.656|0.000:0.000:0.000|0.000:0.000:0.800|0.000:0.000:0.656|0.000:0.000:0.000","20.000:0.050:0.695|-11.838:0.000:-13.504","0.000:0.000:1.066|0.000:0.000:0.000",False,False,Moving,60.00,40.00,3.00,ForkliftInteraction,"P1:True|P2:True|P3:True|D1:True|D2:True|D3:False","H1:Rack picker: R1 staging:Transport to work bay:load=True:handoffs=0|H2:D3 receiving inspection:Transport:load=True:handoffs=0|H3:PD station operator:Transport to work bay:load=False:handoffs=0|H4:Trolley operator: PD2 transfer:Transport to work bay:load=True:handoffs=0|H5:Maintenance and replenishment:Inspect / replenish rack:load=False:handoffs=1|F1:Inbound pallet transport in east perimeter lane:Transport to work bay:load=True:handoffs=0|F2:D3 outbound pallet staging:Transport:load=True:handoffs=0"
11.4137,3,71,103,-20.9219,0.0500,-14.6054,84.1605,0.0000,0.0000,-12.3000,0.0000,-13.5000,8.6926,7,"","","8.400:0.050:1.088|-12.986:0.000:-12.684|-4.200:0.050:6.742|4.200:0.050:1.088|-8.400:0.050:8.737","0.000:0.000:0.656|0.000:0.000:0.000|0.000:0.000:0.800|0.000:0.000:0.656|0.000:0.000:0.000","20.000:0.050:0.805|-11.838:0.000:-13.504","0.000:0.000:1.066|0.000:0.000:0.000",False,False,Moving,60.00,40.00,3.00,ForkliftInteraction,"P1:True|P2:True|P3:True|D1:True|D2:True|D3:False","H1:Rack picker: R1 staging:Transport to work bay:load=True:handoffs=0|H2:D3 receiving inspection:Transport:load=True:handoffs=0|H3:PD station operator:Transport to work bay:load=False:handoffs=0|H4:Trolley operator: PD2 transfer:Transport to work bay:load=True:handoffs=0|H5:Maintenance and replenishment:Inspect / replenish rack:load=False:handoffs=1|F1:Inbound pallet transport in east perimeter lane:Transport to work bay:load=True:handoffs=0|F2:D3 outbound pallet staging:Transport:load=True:handoffs=0"
11.5194,3,71,104,-20.7961,0.0500,-14.5892,83.8481,1.4439,-3.4195,-12.3000,0.0000,-13.5000,8.5658,7,"","","8.400:0.050:1.157|-12.986:0.000:-12.684|-4.200:0.050:6.826|4.200:0.050:1.157|-8.400:0.050:8.737","0.000:0.000:0.656|0.000:0.000:0.000|0.000:0.000:0.800|0.000:0.000:0.656|0.000:0.000:0.000","20.000:0.050:0.918|-11.838:0.000:-13.504","0.000:0.000:1.066|0.000:0.000:0.000",False,False,Moving,60.00,40.00,3.00,ForkliftInteraction,"P1:True|P2:True|P3:True|D1:True|D2:True|D3:False","H1:Rack picker: R1 staging:Transport to work bay:load=True:handoffs=0|H2:D3 receiving inspection:Transport:load=True:handoffs=0|H3:PD station operator:Transport to work bay:load=False:handoffs=0|H4:Trolley operator: PD2 transfer:Transport to work bay:load=True:handoffs=0|H5:Maintenance and replenishment:Inspect / replenish rack:load=False:handoffs=1|F1:Inbound pallet transport in east perimeter lane:Transport to work bay:load=True:handoffs=0|F2:D3 outbound pallet staging:Transport:load=True:handoffs=0"
11.6231,3,71,105,-20.6727,0.0500,-14.5734,83.6065,1.5590,-2.9236,-12.3000,0.0000,-13.5000,8.4414,7,"","","8.400:0.050:1.225|-12.986:0.000:-12.684|-4.200:0.050:6.909|4.200:0.050:1.225|-8.400:0.050:8.737","0.000:0.000:0.656|0.000:0.000:0.000|0.000:0.000:0.800|0.000:0.000:0.656|0.000:0.000:0.000","20.000:0.050:1.028|-11.838:0.000:-13.504","0.000:0.000:1.066|0.000:0.000:0.000",False,False,Moving,60.00,40.00,3.00,ForkliftInteraction,"P1:True|P2:True|P3:True|D1:True|D2:True|D3:False","H1:Rack picker: R1 staging:Transport to work bay:load=True:handoffs=0|H2:D3 receiving inspection:Transport:load=True:handoffs=0|H3:PD station operator:Transport to work bay:load=False:handoffs=0|H4:Trolley operator: PD2 transfer:Transport to work bay:load=True:handoffs=0|H5:Maintenance and replenishment:Inspect / replenish rack:load=False:handoffs=1|F1:Inbound pallet transport in east perimeter lane:Transport to work bay:load=True:handoffs=0|F2:D3 outbound pallet staging:Transport:load=True:handoffs=0"
11.7352,3,71,106,-20.5391,0.0500,-14.5563,83.4013,0.0000,0.0000,-12.3000,0.0000,-13.5000,8.3067,7,"","","8.400:0.050:1.299|-12.986:0.000:-12.684|-4.200:0.050:6.999|4.200:0.050:1.299|-8.400:0.050:8.737","0.000:0.000:0.656|0.000:0.000:0.000|0.000:0.000:0.800|0.000:0.000:0.656|0.000:0.000:0.000","20.000:0.050:1.148|-11.838:0.000:-13.504","0.000:0.000:1.066|0.000:0.000:0.000",False,False,Moving,60.00,40.00,3.00,ForkliftInteraction,"P1:True|P2:True|P3:True|D1:True|D2:True|D3:False","H1:Rack picker: R1 staging:Transport to work bay:load=True:handoffs=0|H2:D3 receiving inspection:Transport:load=True:handoffs=0|H3:PD station operator:Transport to work bay:load=False:handoffs=0|H4:Trolley operator: PD2 transfer:Transport to work bay:load=True:handoffs=0|H5:Maintenance and replenishment:Inspect / replenish rack:load=False:handoffs=1|F1:Inbound pallet transport in east perimeter lane:Transport to work bay:load=True:handoffs=0|F2:D3 outbound pallet staging:Transport:load=True:handoffs=0"
11.8373,3,71,107,-20.4177,0.0500,-14.5407,83.2554,1.5201,-1.7502,-12.3000,0.0000,-13.5000,8.1843,7,"","","8.400:0.050:1.366|-12.986:0.000:-12.684|-4.200:0.050:7.081|4.200:0.050:1.366|-8.400:0.050:8.737","0.000:0.000:0.656|0.000:0.000:0.000|0.000:0.000:0.800|0.000:0.000:0.656|0.000:0.000:0.000","20.000:0.050:1.257|-11.838:0.000:-13.504","0.000:0.000:1.066|0.000:0.000:0.000",False,False,Moving,60.00,40.00,3.00,ForkliftInteraction,"P1:True|P2:True|P3:True|D1:True|D2:True|D3:False","H1:Rack picker: R1 staging:Transport to work bay:load=True:handoffs=0|H2:D3 receiving inspection:Transport:load=True:handoffs=0|H3:PD station operator:Transport to work bay:load=False:handoffs=0|H4:Trolley operator: PD2 transfer:Transport to work bay:load=True:handoffs=0|H5:Maintenance and replenishment:Inspect / replenish rack:load=False:handoffs=1|F1:Inbound pallet transport in east perimeter lane:Transport to work bay:load=True:handoffs=0|F2:D3 outbound pallet staging:Transport:load=True:handoffs=0"
11.9395,3,71,108,-20.2961,0.0500,-14.5251,83.1395,1.4501,-1.3214,-12.3000,0.0000,-13.5000,8.0617,7,"","","8.400:0.050:1.433|-12.986:0.000:-12.684|-4.200:0.050:7.162|4.200:0.050:1.433|-8.400:0.050:8.737","0.000:0.000:0.656|0.000:0.000:0.000|0.000:0.000:0.800|0.000:0.000:0.656|0.000:0.000:0.000","20.000:0.050:1.366|-11.838:0.000:-13.504","0.000:0.000:1.066|0.000:0.000:0.000",False,False,Moving,60.00,40.00,3.00,ForkliftInteraction,"P1:True|P2:True|P3:True|D1:True|D2:True|D3:False","H1:Rack picker: R1 staging:Transport to work bay:load=True:handoffs=0|H2:D3 receiving inspection:Transport:load=True:handoffs=0|H3:PD station operator:Transport to work bay:load=False:handoffs=0|H4:Trolley operator: PD2 transfer:Transport to work bay:load=True:handoffs=0|H5:Maintenance and replenishment:Inspect / replenish rack:load=False:handoffs=1|F1:Inbound pallet transport in east perimeter lane:Transport to work bay:load=True:handoffs=0|F2:D3 outbound pallet staging:Transport:load=True:handoffs=0"
12.0415,3,71,109,-20.1747,0.0500,-14.5096,83.0477,1.5869,-1.1536,-12.3000,0.0000,-13.5000,7.9393,7,"","","8.400:0.050:1.499|-12.986:0.000:-12.684|-4.200:0.050:7.244|4.200:0.050:1.499|-8.400:0.050:8.737","0.000:0.000:0.656|0.000:0.000:0.000|0.000:0.000:0.800|0.000:0.000:0.656|0.000:0.000:0.000","20.000:0.050:1.475|-11.838:0.000:-13.504","0.000:0.000:1.066|0.000:0.000:0.000",False,False,Moving,60.00,40.00,3.00,ForkliftInteraction,"P1:True|P2:True|P3:True|D1:True|D2:True|D3:False","H1:Rack picker: R1 staging:Transport to work bay:load=True:handoffs=0|H2:D3 receiving inspection:Transport:load=True:handoffs=0|H3:PD station operator:Transport to work bay:load=False:handoffs=0|H4:Trolley operator: PD2 transfer:Transport to work bay:load=True:handoffs=0|H5:Maintenance and replenishment:Inspect / replenish rack:load=False:handoffs=1|F1:Inbound pallet transport in east perimeter lane:Transport to work bay:load=True:handoffs=0|F2:D3 outbound pallet staging:Transport:load=True:handoffs=0"
12.1421,3,71,110,-20.0549,0.0500,-14.4942,82.9757,1.4523,-0.8362,-12.3000,0.0000,-13.5000,7.8185,7,"","","8.400:0.050:1.565|-12.986:0.000:-12.684|-4.200:0.050:7.324|4.200:0.050:1.565|-8.400:0.050:8.737","0.000:0.000:0.656|0.000:0.000:0.000|0.000:0.000:0.800|0.000:0.000:0.656|0.000:0.000:0.000","20.000:0.050:1.582|-11.838:0.000:-13.504","0.000:0.000:1.066|0.000:0.000:0.000",False,False,Moving,60.00,40.00,3.00,ForkliftInteraction,"P1:True|P2:True|P3:True|D1:True|D2:True|D3:False","H1:Rack picker: R1 staging:Transport to work bay:load=True:handoffs=0|H2:D3 receiving inspection:Transport:load=True:handoffs=0|H3:PD station operator:Transport to work bay:load=False:handoffs=0|H4:Trolley operator: PD2 transfer:Transport to work bay:load=True:handoffs=0|H5:Maintenance and replenishment:Inspect / replenish rack:load=False:handoffs=1|F1:Inbound pallet transport in east perimeter lane:Transport to work bay:load=True:handoffs=0|F2:D3 outbound pallet staging:Transport:load=True:handoffs=0"
12.2579,3,71,111,-19.9170,0.0500,-14.4765,82.9105,1.6248,-0.7263,-12.3000,0.0000,-13.5000,7.6795,7,"","","8.400:0.050:1.641|-12.986:0.000:-12.684|-4.200:0.050:7.417|4.200:0.050:1.641|-8.400:0.050:8.737","0.000:0.000:0.656|0.000:0.000:0.000|0.000:0.000:0.800|0.000:0.000:0.656|0.000:0.000:0.000","20.000:0.050:1.705|-11.838:0.000:-13.504","0.000:0.000:1.066|0.000:0.000:0.000",False,False,Moving,60.00,40.00,3.00,ForkliftInteraction,"P1:True|P2:True|P3:True|D1:True|D2:True|D3:False","H1:Rack picker: R1 staging:Transport to work bay:load=True:handoffs=0|H2:D3 receiving inspection:Transport:load=True:handoffs=0|H3:PD station operator:Transport to work bay:load=False:handoffs=0|H4:Trolley operator: PD2 transfer:Transport to work bay:load=True:handoffs=0|H5:Maintenance and replenishment:Inspect / replenish rack:load=False:handoffs=1|F1:Inbound pallet transport in east perimeter lane:Transport to work bay:load=True:handoffs=0|F2:D3 outbound pallet staging:Transport:load=True:handoffs=0"
12.3671,3,71,112,-19.7871,0.0500,-14.4599,82.8630,1.9936,-0.7019,-12.3000,0.0000,-13.5000,7.5485,7,"","","8.400:0.050:1.713|-12.986:0.000:-12.684|-4.200:0.050:7.504|4.200:0.050:1.713|-8.400:0.050:8.737","0.000:0.000:0.656|0.000:0.000:0.000|0.000:0.000:0.800|0.000:0.000:0.656|0.000:0.000:0.000","20.000:0.050:1.822|-11.838:0.000:-13.504","0.000:0.000:1.066|0.000:0.000:0.000",False,False,Moving,60.00,40.00,3.00,ForkliftInteraction,"P1:True|P2:True|P3:True|D1:True|D2:True|D3:False","H1:Rack picker: R1 staging:Transport to work bay:load=True:handoffs=0|H2:D3 receiving inspection:Transport:load=True:handoffs=0|H3:PD station operator:Transport to work bay:load=False:handoffs=0|H4:Trolley operator: PD2 transfer:Transport to work bay:load=True:handoffs=0|H5:Maintenance and replenishment:Return for next assignment:load=False:handoffs=1|F1:Inbound pallet transport in east perimeter lane:Transport to work bay:load=True:handoffs=0|F2:D3 outbound pallet staging:Transport:load=True:handoffs=0"
12.4685,3,71,113,-19.6664,0.0500,-14.4444,82.8284,1.4793,-0.4074,-12.3000,0.0000,-13.5000,7.4268,7,"","","8.400:0.050:1.780|-12.986:0.000:-12.684|-4.200:0.050:7.586|4.200:0.050:1.780|-8.400:0.050:8.737","0.000:0.000:0.656|0.000:0.000:0.000|0.000:0.000:0.800|0.000:0.000:0.656|0.000:0.000:0.000","20.000:0.050:1.930|-11.838:0.000:-13.504","0.000:0.000:1.066|0.000:0.000:0.000",False,False,Moving,60.00,40.00,3.00,ForkliftInteraction,"P1:True|P2:True|P3:True|D1:True|D2:True|D3:False","H1:Rack picker: R1 staging:Transport to work bay:load=True:handoffs=0|H2:D3 receiving inspection:Transport:load=True:handoffs=0|H3:PD station operator:Transport to work bay:load=False:handoffs=0|H4:Trolley operator: PD2 transfer:Transport to work bay:load=True:handoffs=0|H5:Maintenance and replenishment:Return for next assignment:load=False:handoffs=1|F1:Inbound pallet transport in east perimeter lane:Transport to work bay:load=True:handoffs=0|F2:D3 outbound pallet staging:Transport:load=True:handoffs=0"
12.5722,3,71,114,-19.5429,0.0500,-14.4286,82.8003,0.0000,0.0000,-12.3000,0.0000,-13.5000,7.3024,7,"","","8.400:0.050:1.848|-12.986:0.000:-12.684|-4.200:0.050:7.669|4.200:0.050:1.848|-8.400:0.050:8.737","0.000:0.000:0.656|0.000:0.000:0.000|0.000:0.000:0.800|0.000:0.000:0.656|0.000:0.000:0.000","20.000:0.050:2.040|-11.838:0.000:-13.504","0.000:0.000:1.066|0.000:0.000:0.000",False,False,Moving,60.00,40.00,3.00,ForkliftInteraction,"P1:True|P2:True|P3:True|D1:True|D2:True|D3:False","H1:Rack picker: R1 staging:Transport to work bay:load=True:handoffs=0|H2:D3 receiving inspection:Transport:load=True:handoffs=0|H3:PD station operator:Transport to work bay:load=False:handoffs=0|H4:Trolley operator: PD2 transfer:Transport to work bay:load=True:handoffs=0|H5:Maintenance and replenishment:Return for next assignment:load=False:handoffs=1|F1:Inbound pallet transport in east perimeter lane:Transport to work bay:load=True:handoffs=0|F2:D3 outbound pallet staging:Transport:load=True:handoffs=0"
12.6750,3,71,115,-19.4206,0.0500,-14.4129,82.7783,0.0000,0.0000,-12.3000,0.0000,-13.5000,7.1791,7,"","","8.400:0.050:1.915|-12.986:0.000:-12.684|-4.200:0.050:7.751|4.200:0.050:1.915|-8.400:0.050:8.737","0.000:0.000:0.656|0.000:0.000:0.000|0.000:0.000:0.800|0.000:0.000:0.656|0.000:0.000:0.000","20.000:0.050:2.150|-11.838:0.000:-13.504","0.000:0.000:1.066|0.000:0.000:0.000",False,False,Moving,60.00,40.00,3.00,ForkliftInteraction,"P1:True|P2:True|P3:True|D1:True|D2:True|D3:False","H1:Rack picker: R1 staging:Transport to work bay:load=True:handoffs=0|H2:D3 receiving inspection:Transport:load=True:handoffs=0|H3:PD station operator:Transport to work bay:load=False:handoffs=0|H4:Trolley operator: PD2 transfer:Transport to work bay:load=True:handoffs=0|H5:Maintenance and replenishment:Return for next assignment:load=False:handoffs=1|F1:Inbound pallet transport in east perimeter lane:Transport to work bay:load=True:handoffs=0|F2:D3 outbound pallet staging:Transport:load=True:handoffs=0"
12.7791,3,71,116,-19.2967,0.0500,-14.3970,82.7606,1.5000,-0.2045,-12.3000,0.0000,-13.5000,7.0541,7,"","","8.400:0.050:1.983|-12.986:0.000:-12.684|-4.200:0.050:7.834|4.200:0.050:1.983|-8.400:0.050:8.737","0.000:0.000:0.656|0.000:0.000:0.000|0.000:0.000:0.800|0.000:0.000:0.656|0.000:0.000:0.000","20.000:0.050:2.261|-11.838:0.000:-13.504","0.000:0.000:1.066|0.000:0.000:0.000",False,False,Moving,60.00,40.00,3.00,ForkliftInteraction,"P1:True|P2:True|P3:True|D1:True|D2:True|D3:False","H1:Rack picker: R1 staging:Transport to work bay:load=True:handoffs=0|H2:D3 receiving inspection:Transport:load=True:handoffs=0|H3:PD station operator:Transport to work bay:load=False:handoffs=0|H4:Trolley operator: PD2 transfer:Transport to work bay:load=True:handoffs=0|H5:Maintenance and replenishment:Return for next assignment:load=False:handoffs=1|F1:Inbound pallet transport in east perimeter lane:Transport to work bay:load=True:handoffs=0|F2:D3 outbound pallet staging:Transport:load=True:handoffs=0"
12.8886,3,71,117,-19.1664,0.0500,-14.3803,82.7460,1.4848,-0.1572,-12.3000,0.0000,-13.5000,6.9227,7,"","","8.400:0.050:2.055|-12.986:0.000:-12.684|-4.200:0.050:7.922|4.200:0.050:2.055|-8.400:0.050:8.737","0.000:0.000:0.656|0.000:0.000:0.000|0.000:0.000:0.800|0.000:0.000:0.656|0.000:0.000:0.000","20.000:0.050:2.378|-11.838:0.000:-13.504","0.000:0.000:1.066|0.000:0.000:0.000",False,False,Moving,60.00,40.00,3.00,ForkliftInteraction,"P1:True|P2:True|P3:True|D1:True|D2:True|D3:False","H1:Rack picker: R1 staging:Transport to work bay:load=True:handoffs=0|H2:D3 receiving inspection:Transport:load=True:handoffs=0|H3:PD station operator:Transport to work bay:load=False:handoffs=0|H4:Trolley operator: PD2 transfer:Transport to work bay:load=True:handoffs=0|H5:Maintenance and replenishment:Return for next assignment:load=False:handoffs=1|F1:Inbound pallet transport in east perimeter lane:Transport to work bay:load=True:handoffs=0|F2:D3 outbound pallet staging:Transport:load=True:handoffs=0"
12.9977,3,71,118,-19.0365,0.0500,-14.3637,82.7347,1.8080,-0.1526,-12.3000,0.0000,-13.5000,6.7919,7,"","","8.400:0.050:2.127|-12.986:0.000:-12.684|-4.200:0.050:8.009|4.200:0.050:2.127|-8.399:0.050:8.737","0.000:0.000:0.656|0.000:0.000:0.000|0.000:0.000:0.800|0.000:0.000:0.656|0.022:0.000:-0.010","20.000:0.050:2.494|-11.838:0.000:-13.504","0.000:0.000:1.066|0.000:0.000:0.000",False,False,Moving,60.00,40.00,3.00,ForkliftInteraction,"P1:True|P2:True|P3:True|D1:True|D2:True|D3:False","H1:Rack picker: R1 staging:Transport to work bay:load=True:handoffs=0|H2:D3 receiving inspection:Transport:load=True:handoffs=0|H3:PD station operator:Transport to work bay:load=False:handoffs=0|H4:Trolley operator: PD2 transfer:Transport to work bay:load=True:handoffs=0|H5:Maintenance and replenishment:Return for next assignment:load=False:handoffs=1|F1:Inbound pallet transport in east perimeter lane:Transport to work bay:load=True:handoffs=0|F2:D3 outbound pallet staging:Transport:load=True:handoffs=0"
13.1088,3,71,119,-18.9043,0.0500,-14.3467,82.7257,1.8609,-0.1221,-12.3000,0.0000,-13.5000,6.6586,7,"","","8.400:0.050:2.200|-12.986:0.000:-12.684|-4.200:0.050:8.098|4.200:0.050:2.200|-8.392:0.050:8.732","0.000:0.000:0.656|0.000:0.000:0.000|0.000:0.000:0.800|0.000:0.000:0.656|0.084:0.000:-0.075","20.000:0.050:2.612|-11.838:0.000:-13.504","0.000:0.000:1.066|0.000:0.000:0.000",False,False,Moving,60.00,40.00,3.00,ForkliftInteraction,"P1:True|P2:True|P3:True|D1:True|D2:True|D3:False","H1:Rack picker: R1 staging:Transport to work bay:load=True:handoffs=0|H2:D3 receiving inspection:Transport:load=True:handoffs=0|H3:PD station operator:Transport to work bay:load=False:handoffs=0|H4:Trolley operator: PD2 transfer:Transport to work bay:load=True:handoffs=0|H5:Maintenance and replenishment:Return for next assignment:load=False:handoffs=1|F1:Inbound pallet transport in east perimeter lane:Transport to work bay:load=True:handoffs=0|F2:D3 outbound pallet staging:Transport:load=True:handoffs=0"
13.2175,3,71,120,-18.7749,0.0500,-14.3301,82.7188,1.4344,-0.0732,-12.3000,0.0000,-13.5000,6.5281,7,"","","8.400:0.050:2.271|-12.986:0.000:-12.684|-4.200:0.050:8.185|4.200:0.050:2.271|-8.382:0.050:8.717","0.000:0.000:0.656|0.000:0.000:0.000|0.000:0.000:0.800|0.000:0.000:0.656|0.102:0.000:-0.172","20.000:0.050:2.728|-11.838:0.000:-13.504","0.000:0.000:1.066|0.000:0.000:0.000",False,False,Moving,60.00,40.00,3.00,ForkliftInteraction,"P1:True|P2:True|P3:True|D1:True|D2:True|D3:False","H1:Rack picker: R1 staging:Transport to work bay:load=True:handoffs=0|H2:D3 receiving inspection:Transport:load=True:handoffs=0|H3:PD station operator:Transport to work bay:load=False:handoffs=0|H4:Trolley operator: PD2 transfer:Transport to work bay:load=True:handoffs=0|H5:Maintenance and replenishment:Return for next assignment:load=False:handoffs=1|F1:Inbound pallet transport in east perimeter lane:Transport to work bay:load=True:handoffs=0|F2:D3 outbound pallet staging:Transport:load=True:handoffs=0"
13.3227,3,71,121,-18.6496,0.0500,-14.3141,82.7136,1.6300,-0.0641,-12.3000,0.0000,-13.5000,6.4018,7,"","","8.400:0.050:2.340|-12.986:0.000:-12.684|-4.200:0.050:8.269|4.200:0.050:2.340|-8.373:0.050:8.692","0.000:0.000:0.656|0.000:0.000:0.000|0.000:0.000:0.800|0.000:0.000:0.656|0.068:0.000:-0.276","20.000:0.050:2.840|-11.838:0.000:-13.504","0.000:0.000:1.066|0.000:0.000:0.000",False,False,Moving,60.00,40.00,3.00,ForkliftInteraction,"P1:True|P2:True|P3:True|D1:True|D2:True|D3:False","H1:Rack picker: R1 staging:Transport to work bay:load=True:handoffs=0|H2:D3 receiving inspection:Transport:load=True:handoffs=0|H3:PD station operator:Transport to work bay:load=False:handoffs=0|H4:Trolley operator: PD2 transfer:Transport to work bay:load=True:handoffs=0|H5:Maintenance and replenishment:Return for next assignment:load=False:handoffs=1|F1:Inbound pallet transport in east perimeter lane:Transport to work bay:load=True:handoffs=0|F2:D3 outbound pallet staging:Transport:load=True:handoffs=0"
13.4335,3,71,122,-18.5178,0.0500,-14.2972,82.7093,0.0000,0.0000,-12.3000,0.0000,-13.5000,6.2689,7,"","","8.400:0.050:2.413|-12.986:0.000:-12.684|-4.200:0.050:8.358|4.200:0.050:2.413|-8.371:0.050:8.655","0.000:0.000:0.656|0.000:0.000:0.000|0.000:0.000:0.800|0.000:0.000:0.656|-0.003:0.000:-0.372","20.000:0.050:2.958|-11.838:0.000:-13.504","0.000:0.000:1.066|0.000:0.000:0.000",False,False,Moving,60.00,40.00,3.00,ForkliftInteraction,"P1:True|P2:True|P3:True|D1:True|D2:True|D3:False","H1:Rack picker: R1 staging:Transport to work bay:load=True:handoffs=0|H2:D3 receiving inspection:Transport:load=True:handoffs=0|H3:PD station operator:Transport to work bay:load=False:handoffs=0|H4:Trolley operator: PD2 transfer:Transport to work bay:load=True:handoffs=0|H5:Maintenance and replenishment:Return for next assignment:load=False:handoffs=1|F1:Inbound pallet transport in east perimeter lane:Transport to work bay:load=True:handoffs=0|F2:D3 outbound pallet staging:Transport:load=True:handoffs=0"
13.5413,3,71,123,-18.3895,0.0500,-14.2807,82.7060,1.5794,-0.0381,-12.3000,0.0000,-13.5000,6.1395,7,"","","8.400:0.050:2.483|-12.986:0.000:-12.684|-4.200:0.050:8.444|4.200:0.050:2.483|-8.371:0.050:8.609","0.000:0.000:0.656|0.000:0.000:0.000|0.000:0.000:0.800|0.000:0.000:0.656|-0.003:0.000:-0.459","20.000:0.050:3.073|-11.838:0.000:-13.504","0.000:0.000:1.066|0.000:0.000:0.000",False,False,Moving,60.00,40.00,3.00,ForkliftInteraction,"P1:True|P2:True|P3:True|D1:True|D2:True|D3:False","H1:Rack picker: R1 staging:Transport to work bay:load=True:handoffs=0|H2:D3 receiving inspection:Transport:load=True:handoffs=0|H3:PD station operator:Transport to work bay:load=False:handoffs=0|H4:Trolley operator: PD2 transfer:Transport to work bay:load=True:handoffs=0|H5:Maintenance and replenishment:Return for next assignment:load=False:handoffs=1|F1:Inbound pallet transport in east perimeter lane:Transport to work bay:load=True:handoffs=0|F2:D3 outbound pallet staging:Transport:load=True:handoffs=0"
13.6496,3,71,124,-18.2606,0.0500,-14.2642,82.7035,1.5943,-0.0305,-12.3000,0.0000,-13.5000,6.0095,7,"","","8.400:0.050:2.554|-12.986:0.000:-12.684|-4.200:0.050:8.530|4.200:0.050:2.554|-8.371:0.050:8.553","0.000:0.000:0.656|0.000:0.000:0.000|0.000:0.000:0.800|0.000:0.000:0.656|-0.004:0.000:-0.545","20.000:0.050:3.189|-11.838:0.000:-13.504","0.000:0.000:1.066|0.000:0.000:0.000",False,False,Moving,60.00,40.00,3.00,ForkliftInteraction,"P1:True|P2:True|P3:True|D1:True|D2:True|D3:False","H1:Rack picker: R1 staging:Transport to work bay:load=True:handoffs=0|H2:D3 receiving inspection:Transport:load=True:handoffs=0|H3:PD station operator:Transport to work bay:load=False:handoffs=0|H4:Trolley operator: PD2 transfer:Transport to work bay:load=True:handoffs=0|H5:Maintenance and replenishment:Return for next assignment:load=False:handoffs=1|F1:Inbound pallet transport in east perimeter lane:Transport to work bay:load=True:handoffs=0|F2:D3 outbound pallet staging:Transport:load=True:handoffs=0"
13.7602,3,71,125,-18.1289,0.0500,-14.2473,82.7014,1.6262,-0.0244,-12.3000,0.0000,-13.5000,5.8768,7,"","","8.400:0.050:2.627|-12.986:0.000:-12.684|-4.200:0.050:8.619|4.200:0.050:2.627|-8.372:0.050:8.487","0.000:0.000:0.656|0.000:0.000:0.000|0.000:0.000:0.800|0.000:0.000:0.656|-0.004:0.000:-0.634","20.000:0.050:3.307|-11.838:0.000:-13.504","0.000:0.000:1.066|0.000:0.000:0.000",False,False,Moving,60.00,40.00,3.00,ForkliftInteraction,"P1:True|P2:True|P3:True|D1:True|D2:True|D3:False","H1:Rack picker: R1 staging:Transport to work bay:load=True:handoffs=0|H2:D3 receiving inspection:Transport:load=True:handoffs=0|H3:PD station operator:Transport to work bay:load=False:handoffs=0|H4:Trolley operator: PD2 transfer:Transport to work bay:load=True:handoffs=0|H5:Maintenance and replenishment:Return for next assignment:load=False:handoffs=1|F1:Inbound pallet transport in east perimeter lane:Transport to work bay:load=True:handoffs=0|F2:D3 outbound pallet staging:Transport:load=True:handoffs=0"
13.8693,3,71,126,-17.9990,0.0500,-14.2306,82.6998,1.5234,-0.0168,-12.3000,0.0000,-13.5000,5.7459,7,"","","8.400:0.050:2.699|-12.986:0.000:-12.684|-4.200:0.050:8.706|4.200:0.050:2.699|-8.372:0.050:8.412","0.000:0.000:0.656|0.000:0.000:0.000|0.000:0.000:0.800|0.000:0.000:0.656|-0.005:0.000:-0.721","20.000:0.050:3.423|-11.838:0.000:-13.504","0.000:0.000:1.066|0.000:0.000:0.000",False,False,Moving,60.00,40.00,3.00,ForkliftInteraction,"P1:True|P2:True|P3:True|D1:True|D2:True|D3:False","H1:Rack picker: R1 staging:Transport to work bay:load=True:handoffs=0|H2:D3 receiving inspection:Transport:load=True:handoffs=0|H3:PD station operator:Transport to work bay:load=False:handoffs=0|H4:Trolley operator: PD2 transfer:Transport to work bay:load=True:handoffs=0|H5:Maintenance and replenishment:Return for next assignment:load=False:handoffs=1|F1:Inbound pallet transport in east perimeter lane:Transport to work bay:load=True:handoffs=0|F2:D3 outbound pallet staging:Transport:load=True:handoffs=0"
13.9738,3,71,127,-17.8747,0.0500,-14.2147,82.6987,0.0000,0.0000,-12.3000,0.0000,-13.5000,5.6205,7,"","","8.400:0.050:2.767|-12.986:0.000:-12.684|-4.200:0.050:8.726|4.200:0.050:2.767|-8.373:0.050:8.331","0.000:0.000:0.656|0.000:0.000:0.000|0.000:0.000:0.000|0.000:0.000:0.656|-0.006:0.000:-0.800","20.000:0.050:3.534|-11.838:0.000:-13.504","0.000:0.000:1.066|0.000:0.000:0.000",False,False,Moving,60.00,40.00,3.00,ForkliftInteraction,"P1:True|P2:True|P3:True|D1:True|D2:True|D3:False","H1:Rack picker: R1 staging:Transport to work bay:load=True:handoffs=0|H2:D3 receiving inspection:Transport:load=True:handoffs=0|H3:PD station operator:Scan / verify station order:load=False:handoffs=1|H4:Trolley operator: PD2 transfer:Transport to work bay:load=True:handoffs=0|H5:Maintenance and replenishment:Return for next assignment:load=False:handoffs=1|F1:Inbound pallet transport in east perimeter lane:Transport to work bay:load=True:handoffs=0|F2:D3 outbound pallet staging:Transport:load=True:handoffs=0"
14.0781,3,71,128,-17.7506,0.0500,-14.1988,82.6978,1.4767,-0.0107,-12.3000,0.0000,-13.5000,5.4954,7,"","","8.400:0.050:2.835|-12.986:0.000:-12.684|-4.200:0.050:8.726|4.200:0.050:2.835|-8.373:0.050:8.247","0.000:0.000:0.656|0.000:0.000:0.000|0.000:0.000:0.000|0.000:0.000:0.656|-0.006:0.000:-0.800","20.000:0.050:3.646|-11.838:0.000:-13.504","0.000:0.000:1.066|0.000:0.000:0.000",False,False,Moving,60.00,40.00,3.00,ForkliftInteraction,"P1:True|P2:True|P3:True|D1:True|D2:True|D3:False","H1:Rack picker: R1 staging:Transport to work bay:load=True:handoffs=0|H2:D3 receiving inspection:Transport:load=True:handoffs=0|H3:PD station operator:Scan / verify station order:load=False:handoffs=1|H4:Trolley operator: PD2 transfer:Transport to work bay:load=True:handoffs=0|H5:Maintenance and replenishment:Return for next assignment:load=False:handoffs=1|F1:Inbound pallet transport in east perimeter lane:Transport to work bay:load=True:handoffs=0|F2:D3 outbound pallet staging:Transport:load=True:handoffs=0"
14.1833,3,71,129,-17.6254,0.0500,-14.1827,82.6970,1.6076,-0.0092,-12.3000,0.0000,-13.5000,5.3692,7,"","","8.400:0.050:2.904|-12.986:0.000:-12.684|-4.200:0.050:8.726|4.200:0.050:2.904|-8.374:0.050:8.163","0.000:0.000:0.656|0.000:0.000:0.000|0.000:0.000:0.000|0.000:0.000:0.656|-0.006:0.000:-0.800","20.000:0.050:3.758|-11.838:0.000:-13.504","0.000:0.000:1.066|0.000:0.000:0.000",False,False,Moving,60.00,40.00,3.00,ForkliftInteraction,"P1:True|P2:True|P3:True|D1:True|D2:True|D3:False","H1:Rack picker: R1 staging:Transport to work bay:load=True:handoffs=0|H2:D3 receiving inspection:Transport:load=True:handoffs=0|H3:PD station operator:Scan / verify station order:load=False:handoffs=1|H4:Trolley operator: PD2 transfer:Transport to work bay:load=True:handoffs=0|H5:Maintenance and replenishment:Return for next assignment:load=False:handoffs=1|F1:Inbound pallet transport in east perimeter lane:Transport to work bay:load=True:handoffs=0|F2:D3 outbound pallet staging:Transport:load=True:handoffs=0"
14.2891,3,71,130,-17.4994,0.0500,-14.1666,82.6964,1.4789,-0.0061,-12.3000,0.0000,-13.5000,5.2422,7,"","","8.400:0.050:2.974|-12.986:0.000:-12.684|-4.200:0.050:8.726|4.200:0.050:2.974|-8.375:0.050:8.079","0.000:0.000:0.656|0.000:0.000:0.000|0.000:0.000:0.000|0.000:0.000:0.656|-0.006:0.000:-0.800","20.000:0.050:3.870|-11.838:0.000:-13.504","0.000:0.000:1.066|0.000:0.000:0.000",False,False,Moving,60.00,40.00,3.00,ForkliftInteraction,"P1:True|P2:True|P3:True|D1:True|D2:True|D3:False","H1:Rack picker: R1 staging:Transport to work bay:load=True:handoffs=0|H2:D3 receiving inspection:Transport:load=True:handoffs=0|H3:PD station operator:Scan / verify station order:load=False:handoffs=1|H4:Trolley operator: PD2 transfer:Transport to work bay:load=True:handoffs=0|H5:Maintenance and replenishment:Return for next assignment:load=False:handoffs=1|F1:Inbound pallet transport in east perimeter lane:Transport to work bay:load=True:handoffs=0|F2:D3 outbound pallet staging:Transport:load=True:handoffs=0"
14.3929,3,71,131,-17.3759,0.0500,-14.1508,82.6960,0.0000,0.0000,-12.3000,0.0000,-13.5000,5.1177,7,"","","8.400:0.050:3.042|-12.986:0.000:-12.684|-4.200:0.050:8.726|4.200:0.050:3.042|-8.375:0.050:7.996","0.000:0.000:0.656|0.000:0.000:0.000|0.000:0.000:0.000|0.000:0.000:0.656|-0.006:0.000:-0.800","20.000:0.050:3.981|-11.838:0.000:-13.504","0.000:0.000:1.066|0.000:0.000:0.000",False,False,Moving,60.00,40.00,3.00,ForkliftInteraction,"P1:True|P2:True|P3:True|D1:True|D2:True|D3:False","H1:Rack picker: R1 staging:Transport to work bay:load=True:handoffs=0|H2:D3 receiving inspection:Transport:load=True:handoffs=0|H3:PD station operator:Scan / verify station order:load=False:handoffs=1|H4:Trolley operator: PD2 transfer:Transport to work bay:load=True:handoffs=0|H5:Maintenance and replenishment:Return for next assignment:load=False:handoffs=1|F1:Inbound pallet transport in east perimeter lane:Transport to work bay:load=True:handoffs=0|F2:D3 outbound pallet staging:Transport:load=True:handoffs=0"
14.5139,3,71,132,-17.2318,0.0500,-14.1323,82.6956,0.0000,0.0000,-12.3000,0.0000,-13.5000,4.9724,7,"","","8.400:0.050:3.121|-12.986:0.000:-12.684|-4.200:0.050:8.726|4.200:0.050:3.121|-8.376:0.050:7.899","0.000:0.000:0.656|0.000:0.000:0.000|0.000:0.000:0.000|0.000:0.000:0.656|-0.006:0.000:-0.800","20.000:0.050:4.110|-11.838:0.000:-13.504","0.000:0.000:1.066|0.000:0.000:0.000",False,False,Moving,60.00,40.00,3.00,ForkliftInteraction,"P1:True|P2:True|P3:True|D1:True|D2:True|D3:False","H1:Rack picker: R1 staging:Transport to work bay:load=True:handoffs=0|H2:D3 receiving inspection:Transport:load=True:handoffs=0|H3:PD station operator:Scan / verify station order:load=False:handoffs=1|H4:Trolley operator: PD2 transfer:Transport to work bay:load=True:handoffs=0|H5:Maintenance and replenishment:Return for next assignment:load=False:handoffs=1|F1:Inbound pallet transport in east perimeter lane:Transport to work bay:load=True:handoffs=0|F2:D3 outbound pallet staging:Transport:load=True:handoffs=0"
14.6179,3,71,133,-17.1081,0.0500,-14.1164,82.6953,1.5327,-0.0031,-12.3000,0.0000,-13.5000,4.8477,7,"","","8.400:0.050:3.190|-12.986:0.000:-12.684|-4.200:0.050:8.726|4.200:0.050:3.190|-8.376:0.050:7.816","0.000:0.000:0.656|0.000:0.000:0.000|0.000:0.000:0.000|0.000:0.000:0.656|-0.006:0.000:-0.800","20.000:0.050:4.221|-11.838:0.000:-13.504","0.000:0.000:1.066|0.000:0.000:0.000",False,False,Moving,60.00,40.00,3.00,ForkliftInteraction,"P1:True|P2:True|P3:True|D1:True|D2:True|D3:False","H1:Rack picker: R1 staging:Transport to work bay:load=True:handoffs=0|H2:D3 receiving inspection:Transport:load=True:handoffs=0|H3:PD station operator:Scan / verify station order:load=False:handoffs=1|H4:Trolley operator: PD2 transfer:Transport to work bay:load=True:handoffs=0|H5:Maintenance and replenishment:Return for next assignment:load=False:handoffs=1|F1:Inbound pallet transport in east perimeter lane:Transport to work bay:load=True:handoffs=0|F2:D3 outbound pallet staging:Transport:load=True:handoffs=0"
14.7206,3,71,134,-16.9858,0.0500,-14.1007,82.6951,1.4847,-0.0031,-12.3000,0.0000,-13.5000,4.7244,7,"","","8.400:0.050:3.257|-12.986:0.000:-12.684|-4.200:0.050:8.726|4.200:0.050:3.257|-8.377:0.050:7.733","0.000:0.000:0.656|0.000:0.000:0.000|0.000:0.000:0.000|0.000:0.000:0.656|-0.006:0.000:-0.800","20.000:0.050:4.330|-11.838:0.000:-13.504","0.000:0.000:1.066|0.000:0.000:0.000",False,False,Moving,60.00,40.00,3.00,ForkliftInteraction,"P1:True|P2:True|P3:True|D1:True|D2:True|D3:False","H1:Rack picker: R1 staging:Transport to work bay:load=True:handoffs=0|H2:D3 receiving inspection:Transport:load=True:handoffs=0|H3:PD station operator:Scan / verify station order:load=False:handoffs=1|H4:Trolley operator: PD2 transfer:Transport to work bay:load=True:handoffs=0|H5:Maintenance and replenishment:Return for next assignment:load=False:handoffs=1|F1:Inbound pallet transport in east perimeter lane:Transport to work bay:load=True:handoffs=0|F2:D3 outbound pallet staging:Transport:load=True:handoffs=0"
14.8342,3,71,135,-16.8505,0.0500,-14.0834,82.6949,0.0000,0.0000,-12.3000,0.0000,-13.5000,4.5881,7,"","","8.400:0.050:3.332|-12.986:0.000:-12.684|-4.200:0.050:8.726|4.200:0.050:3.332|-8.378:0.050:7.643","0.000:0.000:0.656|0.000:0.000:0.000|0.000:0.000:0.000|0.000:0.000:0.656|-0.006:0.000:-0.800","20.000:0.050:4.452|-11.838:0.000:-13.504","0.000:0.000:1.066|0.000:0.000:0.000",False,False,Moving,60.00,40.00,3.00,ForkliftInteraction,"P1:True|P2:True|P3:True|D1:True|D2:True|D3:False","H1:Rack picker: R1 staging:Transport to work bay:load=True:handoffs=0|H2:D3 receiving inspection:Transport:load=True:handoffs=0|H3:PD station operator:Scan / verify station order:load=False:handoffs=1|H4:Trolley operator: PD2 transfer:Transport to work bay:load=True:handoffs=0|H5:Maintenance and replenishment:Return for next assignment:load=False:handoffs=1|F1:Inbound pallet transport in east perimeter lane:Transport to work bay:load=True:handoffs=0|F2:D3 outbound pallet staging:Transport:load=True:handoffs=0"
14.9373,3,71,136,-16.7279,0.0500,-14.0677,82.6948,1.4500,-0.0015,-12.3000,0.0000,-13.5000,4.4644,7,"","","8.400:0.050:3.399|-12.986:0.000:-12.684|-4.200:0.050:8.726|4.200:0.050:3.399|-8.378:0.050:7.560","0.000:0.000:0.656|0.000:0.000:0.000|0.000:0.000:0.000|0.000:0.000:0.656|-0.006:0.000:-0.800","20.000:0.050:4.561|-11.838:0.000:-13.504","0.000:0.000:1.066|0.000:0.000:0.000",False,False,Moving,60.00,40.00,3.00,ForkliftInteraction,"P1:True|P2:True|P3:True|D1:True|D2:True|D3:False","H1:Rack picker: R1 staging:Transport to work bay:load=True:handoffs=0|H2:D3 receiving inspection:Transport:load=True:handoffs=0|H3:PD station operator:Scan / verify station order:load=False:handoffs=1|H4:Trolley operator: PD2 transfer:Transport to work bay:load=True:handoffs=0|H5:Maintenance and replenishment:Return for next assignment:load=False:handoffs=1|F1:Inbound pallet transport in east perimeter lane:Transport to work bay:load=True:handoffs=0|F2:D3 outbound pallet staging:Transport:load=True:handoffs=0"
15.0407,3,71,137,-16.6048,0.0500,-14.0519,82.6947,1.4909,0.0000,-12.3000,0.0000,-13.5000,4.3403,7,"","","8.400:0.050:3.467|-12.986:0.000:-12.684|-4.200:0.050:8.726|4.200:0.050:3.467|-8.379:0.050:7.477","0.000:0.000:0.656|0.000:0.000:0.000|0.000:0.000:0.000|0.000:0.000:0.656|-0.006:0.000:-0.800","20.000:0.050:4.672|-11.838:0.000:-13.504","0.000:0.000:1.066|0.000:0.000:0.000",False,False,Moving,60.00,40.00,3.00,ForkliftInteraction,"P1:True|P2:True|P3:True|D1:True|D2:True|D3:False","H1:Rack picker: R1 staging:Transport to work bay:load=True:handoffs=0|H2:D3 receiving inspection:Transport:load=True:handoffs=0|H3:PD station operator:Scan / verify station order:load=False:handoffs=1|H4:Trolley operator: PD2 transfer:Transport to work bay:load=True:handoffs=0|H5:Maintenance and replenishment:Return for next assignment:load=False:handoffs=1|F1:Inbound pallet transport in east perimeter lane:Transport to work bay:load=True:handoffs=0|F2:D3 outbound pallet staging:Transport:load=True:handoffs=0"
15.1428,3,71,138,-16.4833,0.0500,-14.0363,82.6946,1.4984,-0.0015,-12.3000,0.0000,-13.5000,4.2178,7,"","","8.400:0.050:3.534|-12.986:0.000:-12.684|-4.200:0.050:8.726|4.200:0.050:3.534|-8.379:0.050:7.396","0.000:0.000:0.656|0.000:0.000:0.000|0.000:0.000:0.000|0.000:0.000:0.656|-0.006:0.000:-0.800","20.000:0.050:4.781|-11.838:0.000:-13.504","0.000:0.000:1.066|0.000:0.000:0.000",False,False,Moving,60.00,40.00,3.00,ForkliftInteraction,"P1:True|P2:True|P3:True|D1:True|D2:True|D3:False","H1:Rack picker: R1 staging:Transport to work bay:load=True:handoffs=0|H2:D3 receiving inspection:Transport:load=True:handoffs=0|H3:PD station operator:Scan / verify station order:load=False:handoffs=1|H4:Trolley operator: PD2 transfer:Transport to work bay:load=True:handoffs=0|H5:Maintenance and replenishment:Return for next assignment:load=False:handoffs=1|F1:Inbound pallet transport in east perimeter lane:Transport to work bay:load=True:handoffs=0|F2:D3 outbound pallet staging:Transport:load=True:handoffs=0"
15.2512,3,71,139,-16.3542,0.0500,-14.0198,82.6945,0.0000,0.0000,-12.3000,0.0000,-13.5000,4.0877,7,"","","8.400:0.050:3.605|-12.986:0.000:-12.684|-4.200:0.050:8.726|4.200:0.050:3.605|-8.380:0.050:7.309","0.000:0.000:0.656|0.000:0.000:0.000|0.000:0.000:0.000|0.000:0.000:0.656|-0.006:0.000:-0.800","20.000:0.050:4.896|-11.838:0.000:-13.504","0.000:0.000:1.066|0.000:0.000:0.000",False,False,Moving,60.00,40.00,3.00,ForkliftInteraction,"P1:True|P2:True|P3:True|D1:True|D2:True|D3:False","H1:Rack picker: R1 staging:Transport to work bay:load=True:handoffs=0|H2:D3 receiving inspection:Transport:load=True:handoffs=0|H3:PD station operator:Scan / verify station order:load=False:handoffs=1|H4:Trolley operator: PD2 transfer:Transport to work bay:load=True:handoffs=0|H5:Maintenance and replenishment:Return for next assignment:load=False:handoffs=1|F1:Inbound pallet transport in east perimeter lane:Transport to work bay:load=True:handoffs=0|F2:D3 outbound pallet staging:Transport:load=True:handoffs=0"
15.3528,3,71,140,-16.2333,0.0500,-14.0043,82.6945,0.0000,0.0000,-12.3000,0.0000,-13.5000,3.9658,7,"","","8.400:0.050:3.672|-12.986:0.000:-12.684|-4.200:0.050:8.726|4.200:0.050:3.672|-8.381:0.050:7.228","0.000:0.000:0.656|0.000:0.000:0.000|0.000:0.000:0.000|0.000:0.000:0.656|-0.006:0.000:-0.800","20.000:0.050:5.004|-11.838:0.000:-13.504","0.000:0.000:1.066|0.000:0.000:0.000",False,False,Moving,60.00,40.00,3.00,ForkliftInteraction,"P1:True|P2:True|P3:True|D1:True|D2:True|D3:False","H1:Rack picker: R1 staging:Transport to work bay:load=True:handoffs=0|H2:D3 receiving inspection:Transport:load=True:handoffs=0|H3:PD station operator:Scan / verify station order:load=False:handoffs=1|H4:Trolley operator: PD2 transfer:Transport to work bay:load=True:handoffs=0|H5:Maintenance and replenishment:Return for next assignment:load=False:handoffs=1|F1:Inbound pallet transport in east perimeter lane:Transport to work bay:load=True:handoffs=0|F2:D3 outbound pallet staging:Transport:load=True:handoffs=0"
15.4670,3,71,141,-16.0973,0.0500,-13.9868,82.6944,1.7111,0.0000,-12.3000,0.0000,-13.5000,3.8287,7,"","","8.400:0.050:3.747|-12.986:0.000:-12.684|-4.200:0.050:8.726|4.200:0.050:3.747|-8.381:0.050:7.136","0.000:0.000:0.656|0.000:0.000:0.000|0.000:0.000:0.000|0.000:0.000:0.656|-0.006:0.000:-0.800","20.000:0.050:5.126|-11.838:0.000:-13.504","0.000:0.000:1.066|0.000:0.000:0.000",False,False,Moving,60.00,40.00,3.00,ForkliftInteraction,"P1:True|P2:True|P3:True|D1:True|D2:True|D3:False","H1:Rack picker: R1 staging:Transport to work bay:load=True:handoffs=0|H2:D3 receiving inspection:Transport:load=True:handoffs=0|H3:PD station operator:Scan / verify station order:load=False:handoffs=1|H4:Trolley operator: PD2 transfer:Transport to work bay:load=True:handoffs=0|H5:Maintenance and replenishment:Return for next assignment:load=False:handoffs=1|F1:Inbound pallet transport in east perimeter lane:Transport to work bay:load=True:handoffs=0|F2:D3 outbound pallet staging:Transport:load=True:handoffs=0"
15.5686,3,71,142,-15.9765,0.0500,-13.9713,82.6944,1.4597,0.0000,-12.3000,0.0000,-13.5000,3.7069,7,"","","8.400:0.050:3.813|-12.986:0.000:-12.684|-4.200:0.050:8.726|4.200:0.050:3.813|-8.382:0.050:7.055","0.000:0.000:0.656|0.000:0.000:0.000|0.000:0.000:0.000|0.000:0.000:0.656|-0.006:0.000:-0.800","20.000:0.050:5.234|-11.838:0.000:-13.504","0.000:0.000:1.066|0.000:0.000:0.000",False,False,Moving,60.00,40.00,3.00,ForkliftInteraction,"P1:True|P2:True|P3:True|D1:True|D2:True|D3:False","H1:Rack picker: R1 staging:Transport to work bay:load=True:handoffs=0|H2:D3 receiving inspection:Transport:load=True:handoffs=0|H3:PD station operator:Scan / verify station order:load=False:handoffs=1|H4:Trolley operator: PD2 transfer:Transport to work bay:load=True:handoffs=0|H5:Maintenance and replenishment:Return for next assignment:load=False:handoffs=1|F1:Inbound pallet transport in east perimeter lane:Transport to work bay:load=True:handoffs=0|F2:D3 outbound pallet staging:Transport:load=True:handoffs=0"
15.6753,3,71,143,-15.8495,0.0500,-13.9551,82.6944,0.0000,0.0000,-12.3000,0.0000,-13.5000,3.5788,7,"","","8.400:0.050:3.883|-12.986:0.000:-12.684|-4.200:0.050:8.726|4.200:0.050:3.883|-8.382:0.050:6.970","0.000:0.000:0.656|0.000:0.000:0.000|0.000:0.000:0.000|0.000:0.000:0.656|-0.006:0.000:-0.800","20.000:0.050:5.348|-11.838:0.000:-13.504","0.000:0.000:1.066|0.000:0.000:0.000",False,False,Moving,60.00,40.00,3.00,ForkliftInteraction,"P1:True|P2:True|P3:True|D1:True|D2:True|D3:False","H1:Rack picker: R1 staging:Transport to work bay:load=True:handoffs=0|H2:D3 receiving inspection:Transport:load=True:handoffs=0|H3:PD station operator:Scan / verify station order:load=False:handoffs=1|H4:Trolley operator: PD2 transfer:Transport to work bay:load=True:handoffs=0|H5:Maintenance and replenishment:Return for next assignment:load=False:handoffs=1|F1:Inbound pallet transport in east perimeter lane:Transport to work bay:load=True:handoffs=0|F2:D3 outbound pallet staging:Transport:load=True:handoffs=0"
15.7809,3,71,144,-15.7237,0.0500,-13.9389,82.6944,1.5188,0.0000,-12.3000,0.0000,-13.5000,3.4521,7,"","","8.400:0.050:3.953|-12.986:0.000:-12.684|-4.200:0.050:8.726|4.200:0.050:3.953|-8.383:0.050:6.885","0.000:0.000:0.656|0.000:0.000:0.000|0.000:0.000:0.000|0.000:0.000:0.656|-0.006:0.000:-0.800","20.000:0.050:5.461|-11.838:0.000:-13.504","0.000:0.000:1.066|0.000:0.000:0.000",False,False,Moving,60.00,40.00,3.00,ForkliftInteraction,"P1:True|P2:True|P3:True|D1:True|D2:True|D3:False","H1:Rack picker: R1 staging:Transport to work bay:load=True:handoffs=0|H2:D3 receiving inspection:Transport:load=True:handoffs=0|H3:PD station operator:Return for next assignment:load=False:handoffs=1|H4:Trolley operator: PD2 transfer:Transport to work bay:load=True:handoffs=0|H5:Maintenance and replenishment:Return for next assignment:load=False:handoffs=1|F1:Inbound pallet transport in east perimeter lane:Transport to work bay:load=True:handoffs=0|F2:D3 outbound pallet staging:Transport:load=True:handoffs=0"
15.8907,3,71,145,-15.5931,0.0500,-13.9222,82.6944,0.0000,0.0000,-12.3000,0.0000,-13.5000,3.3204,7,"","","8.400:0.050:4.025|-12.986:0.000:-12.684|-4.200:0.050:8.726|4.200:0.050:4.025|-8.384:0.050:6.797","0.000:0.000:0.656|0.000:0.000:0.000|0.000:0.000:0.000|0.000:0.000:0.656|-0.006:0.000:-0.800","20.000:0.050:5.578|-11.838:0.000:-13.504","0.000:0.000:1.066|0.000:0.000:0.000",False,False,Moving,60.00,40.00,3.00,ForkliftInteraction,"P1:True|P2:True|P3:True|D1:True|D2:True|D3:False","H1:Rack picker: R1 staging:Transport to work bay:load=True:handoffs=0|H2:D3 receiving inspection:Transport:load=True:handoffs=0|H3:PD station operator:Return for next assignment:load=False:handoffs=1|H4:Trolley operator: PD2 transfer:Transport to work bay:load=True:handoffs=0|H5:Maintenance and replenishment:Return for next assignment:load=False:handoffs=1|F1:Inbound pallet transport in east perimeter lane:Transport to work bay:load=True:handoffs=0|F2:D3 outbound pallet staging:Transport:load=True:handoffs=0"
15.9950,3,71,146,-15.4689,0.0500,-13.9063,82.6944,0.0000,0.0000,-12.3000,0.0000,-13.5000,3.1952,7,"","","8.400:0.050:4.093|-12.986:0.000:-12.684|-4.200:0.050:8.726|4.200:0.050:4.093|-8.384:0.050:6.714","0.000:0.000:0.656|0.000:0.000:0.000|0.000:0.000:0.000|0.000:0.000:0.656|-0.006:0.000:-0.800","20.000:0.050:5.689|-11.838:0.000:-13.504","0.000:0.000:1.066|0.000:0.000:0.000",False,False,Moving,60.00,40.00,3.00,ForkliftInteraction,"P1:True|P2:True|P3:True|D1:True|D2:True|D3:False","H1:Rack picker: R1 staging:Transport to work bay:load=True:handoffs=0|H2:D3 receiving inspection:Transport:load=True:handoffs=0|H3:PD station operator:Return for next assignment:load=False:handoffs=1|H4:Trolley operator: PD2 transfer:Transport to work bay:load=True:handoffs=0|H5:Maintenance and replenishment:Return for next assignment:load=False:handoffs=1|F1:Inbound pallet transport in east perimeter lane:Transport to work bay:load=True:handoffs=0|F2:D3 outbound pallet staging:Transport:load=True:handoffs=0"
16.0978,3,71,147,-15.3466,0.0500,-13.8906,82.6944,1.5265,0.0000,-12.3000,0.0000,-13.5000,3.0719,7,"","","8.400:0.050:4.160|-12.986:0.000:-12.684|-4.200:0.050:8.726|4.200:0.050:4.160|-8.385:0.050:6.632","0.000:0.000:0.656|0.000:0.000:0.000|0.000:0.000:0.000|0.000:0.000:0.656|-0.006:0.000:-0.800","20.000:0.050:5.799|-11.838:0.000:-13.504","0.000:0.000:1.066|0.000:0.000:0.000",False,False,Moving,60.00,40.00,3.00,ForkliftInteraction,"P1:True|P2:True|P3:True|D1:True|D2:True|D3:False","H1:Rack picker: R1 staging:Transport to work bay:load=True:handoffs=0|H2:D3 receiving inspection:Transport:load=True:handoffs=0|H3:PD station operator:Return for next assignment:load=False:handoffs=1|H4:Trolley operator: PD2 transfer:Transport to work bay:load=True:handoffs=0|H5:Maintenance and replenishment:Return for next assignment:load=False:handoffs=1|F1:Inbound pallet transport in east perimeter lane:Transport to work bay:load=True:handoffs=0|F2:D3 outbound pallet staging:Transport:load=True:handoffs=0"
16.2006,3,71,148,-15.2242,0.0500,-13.8749,82.6944,1.4986,0.0000,-12.3000,0.0000,-13.5000,2.9485,7,"","","8.400:0.050:4.228|-12.986:0.000:-12.684|-4.200:0.050:8.726|4.200:0.050:4.228|-8.385:0.050:6.549","0.000:0.000:0.656|0.000:0.000:0.000|0.000:0.000:0.000|0.000:0.000:0.656|-0.006:0.000:-0.800","20.000:0.050:5.908|-11.838:0.000:-13.504","0.000:0.000:1.066|0.000:0.000:0.000",False,False,Moving,60.00,40.00,3.00,ForkliftInteraction,"P1:True|P2:True|P3:True|D1:True|D2:True|D3:False","H1:Rack picker: R1 staging:Transport to work bay:load=True:handoffs=0|H2:D3 receiving inspection:Transport:load=True:handoffs=0|H3:PD station operator:Return for next assignment:load=False:handoffs=1|H4:Trolley operator: PD2 transfer:Transport to work bay:load=True:handoffs=0|H5:Maintenance and replenishment:Return for next assignment:load=False:handoffs=1|F1:Inbound pallet transport in east perimeter lane:Transport to work bay:load=True:handoffs=0|F2:D3 outbound pallet staging:Transport:load=True:handoffs=0"
16.3045,3,71,149,-15.1005,0.0500,-13.8590,82.6944,1.5825,0.0000,-12.3000,0.0000,-13.5000,2.8239,7,"","","8.400:0.050:4.228|-12.986:0.000:-12.684|-4.200:0.050:8.726|4.200:0.050:4.228|-8.386:0.050:6.466","0.000:0.000:0.000|0.000:0.000:0.000|0.000:0.000:0.000|0.000:0.000:0.000|-0.006:0.000:-0.800","20.000:0.050:6.019|-11.838:0.000:-13.504","0.000:0.000:1.066|0.000:0.000:0.000",False,False,Moving,60.00,40.00,3.00,ForkliftInteraction,"P1:True|P2:True|P3:True|D1:True|D2:True|D3:False","H1:Rack picker: R1 staging:Unload / confirm hand-off:load=True:handoffs=1|H2:D3 receiving inspection:Transport:load=True:handoffs=0|H3:PD station operator:Return for next assignment:load=False:handoffs=1|H4:Trolley operator: PD2 transfer:Unload / confirm hand-off:load=True:handoffs=1|H5:Maintenance and replenishment:Return for next assignment:load=False:handoffs=1|F1:Inbound pallet transport in east perimeter lane:Transport to work bay:load=True:handoffs=0|F2:D3 outbound pallet staging:Transport:load=True:handoffs=0"
16.4067,3,71,150,-14.9789,0.0500,-13.8434,82.6944,1.5202,0.0000,-12.3000,0.0000,-13.5000,2.7013,7,"","","8.400:0.050:4.228|-12.986:0.000:-12.684|-4.200:0.050:8.726|4.200:0.050:4.228|-8.387:0.050:6.385","0.000:0.000:0.000|0.000:0.000:0.000|-0.018:0.000:-0.007|0.000:0.000:0.000|-0.006:0.000:-0.800","20.000:0.050:6.128|-11.838:0.000:-13.504","0.000:0.000:1.066|0.000:0.000:0.000",False,False,Moving,60.00,40.00,3.00,ForkliftInteraction,"P1:True|P2:True|P3:True|D1:True|D2:True|D3:False","H1:Rack picker: R1 staging:Unload / confirm hand-off:load=True:handoffs=1|H2:D3 receiving inspection:Transport:load=True:handoffs=0|H3:PD station operator:Return for next assignment:load=False:handoffs=1|H4:Trolley operator: PD2 transfer:Unload / confirm hand-off:load=True:handoffs=1|H5:Maintenance and replenishment:Return for next assignment:load=False:handoffs=1|F1:Inbound pallet transport in east perimeter lane:Transport to work bay:load=True:handoffs=0|F2:D3 outbound pallet staging:Transport:load=True:handoffs=0"
16.5144,3,71,151,-14.8507,0.0500,-13.8270,82.6944,0.0000,0.0000,-12.3000,0.0000,-13.5000,2.5720,7,"","","8.400:0.050:4.228|-12.986:0.000:-12.684|-4.207:0.050:8.722|4.200:0.050:4.228|-8.387:0.050:6.298","0.000:0.000:0.000|0.000:0.000:0.000|-0.081:0.000:-0.068|0.000:0.000:0.000|-0.006:0.000:-0.800","20.000:0.050:6.243|-11.838:0.000:-13.504","0.000:0.000:1.066|0.000:0.000:0.000",False,False,Stopped,60.00,40.00,3.00,ForkliftInteraction,"P1:True|P2:True|P3:True|D1:True|D2:True|D3:False","H1:Rack picker: R1 staging:Unload / confirm hand-off:load=True:handoffs=1|H2:D3 receiving inspection:Transport:load=True:handoffs=0|H3:PD station operator:Return for next assignment:load=False:handoffs=1|H4:Trolley operator: PD2 transfer:Unload / confirm hand-off:load=True:handoffs=1|H5:Maintenance and replenishment:Return for next assignment:load=False:handoffs=1|F1:Inbound pallet transport in east perimeter lane:Transport to work bay:load=True:handoffs=0|F2:D3 outbound pallet staging:Transport:load=True:handoffs=0"
16.6158,3,71,152,-14.7325,0.0500,-13.8119,82.6944,1.4117,0.0000,-12.3000,0.0000,-13.5000,2.4529,7,"","","8.400:0.050:4.228|-12.986:0.000:-12.684|-4.217:0.050:8.709|4.200:0.050:4.228|-8.388:0.050:6.217","0.000:0.000:0.000|0.000:0.000:0.000|-0.104:0.000:-0.155|0.000:0.000:0.000|-0.006:0.000:-0.800","20.000:0.050:6.351|-11.838:0.000:-13.504","0.000:0.000:1.066|0.000:0.000:0.000",False,False,Stopped,60.00,40.00,3.00,ForkliftInteraction,"P1:True|P2:True|P3:True|D1:True|D2:True|D3:False","H1:Rack picker: R1 staging:Unload / confirm hand-off:load=True:handoffs=1|H2:D3 receiving inspection:Transport:load=True:handoffs=0|H3:PD station operator:Return for next assignment:load=False:handoffs=1|H4:Trolley operator: PD2 transfer:Unload / confirm hand-off:load=True:handoffs=1|H5:Maintenance and replenishment:Return for next assignment:load=False:handoffs=1|F1:Inbound pallet transport in east perimeter lane:Transport to work bay:load=True:handoffs=0|F2:D3 outbound pallet staging:Transport:load=True:handoffs=0"
16.7196,3,71,153,-14.6183,0.0500,-13.7972,82.6944,1.4124,0.0000,-12.3000,0.0000,-13.5000,2.3379,7,"","","8.400:0.050:4.228|-12.986:0.000:-12.684|-4.226:0.050:8.687|4.200:0.050:4.228|-8.388:0.050:6.134","0.000:0.000:0.000|0.000:0.000:0.000|-0.080:0.000:-0.257|0.000:0.000:0.000|-0.006:0.000:-0.800","20.000:0.050:6.461|-11.838:0.000:-13.504","0.000:0.000:1.066|0.000:0.000:0.000",False,False,Stopped,60.00,40.00,3.00,ForkliftInteraction,"P1:True|P2:True|P3:True|D1:True|D2:True|D3:False","H1:Rack picker: R1 staging:Unload / confirm hand-off:load=True:handoffs=1|H2:D3 receiving inspection:Transport:load=True:handoffs=0|H3:PD station operator:Return for next assignment:load=False:handoffs=1|H4:Trolley operator: PD2 transfer:Unload / confirm hand-off:load=True:handoffs=1|H5:Maintenance and replenishment:Return for next assignment:load=False:handoffs=1|F1:Inbound pallet transport in east perimeter lane:Transport to work bay:load=True:handoffs=0|F2:D3 outbound pallet staging:Transport:load=True:handoffs=0"
16.8213,3,71,154,-14.5133,0.0500,-13.7838,82.6944,1.2962,0.0000,-12.3000,0.0000,-13.5000,2.2319,7,"","","8.400:0.050:4.228|-12.986:0.000:-12.684|-4.230:0.050:8.654|4.200:0.050:4.228|-8.389:0.050:6.053","0.000:0.000:0.000|0.000:0.000:0.000|-0.006:0.000:-0.351|0.000:0.000:0.000|-0.006:0.000:-0.800","20.000:0.050:6.570|-11.838:0.000:-13.504","0.000:0.000:1.066|0.000:0.000:0.000",False,False,Stopped,60.00,40.00,3.00,ForkliftInteraction,"P1:True|P2:True|P3:True|D1:True|D2:True|D3:False","H1:Rack picker: R1 staging:Unload / confirm hand-off:load=True:handoffs=1|H2:D3 receiving inspection:Transport:load=True:handoffs=0|H3:PD station operator:Return for next assignment:load=False:handoffs=1|H4:Trolley operator: PD2 transfer:Unload / confirm hand-off:load=True:handoffs=1|H5:Maintenance and replenishment:Return for next assignment:load=False:handoffs=1|F1:Inbound pallet transport in east perimeter lane:Transport to work bay:load=True:handoffs=0|F2:D3 outbound pallet staging:Transport:load=True:handoffs=0"
16.9270,3,71,155,-14.4111,0.0500,-13.7707,82.6944,1.2850,0.0000,-12.3000,0.0000,-13.5000,2.1289,7,"","","8.400:0.050:4.228|-12.986:0.000:-12.684|-4.230:0.050:8.612|4.200:0.050:4.228|-8.390:0.050:5.968","0.000:0.000:0.000|0.000:0.000:0.000|0.002:0.000:-0.435|0.000:0.000:0.000|-0.006:0.000:-0.800","20.000:0.050:6.682|-11.838:0.000:-13.504","0.000:0.000:1.066|0.000:0.000:0.000",False,False,Stopped,60.00,40.00,3.00,ForkliftInteraction,"P1:True|P2:True|P3:True|D1:True|D2:True|D3:False","H1:Rack picker: R1 staging:Unload / confirm hand-off:load=True:handoffs=1|H2:D3 receiving inspection:Transport:load=True:handoffs=0|H3:PD station operator:Return for next assignment:load=False:handoffs=1|H4:Trolley operator: PD2 transfer:Unload / confirm hand-off:load=True:handoffs=1|H5:Maintenance and replenishment:Return for next assignment:load=False:handoffs=1|F1:Inbound pallet transport in east perimeter lane:Transport to work bay:load=True:handoffs=0|F2:D3 outbound pallet staging:Transport:load=True:handoffs=0"
17.0280,3,71,156,-14.3201,0.0500,-13.7590,82.6944,1.1218,0.0000,-12.3000,0.0000,-13.5000,2.0373,7,"","","8.400:0.050:4.228|-12.986:0.000:-12.684|-4.230:0.050:8.563|4.200:0.050:4.228|-8.390:0.050:5.888","0.000:0.000:0.000|0.000:0.000:0.000|0.002:0.000:-0.516|0.000:0.000:0.000|-0.006:0.000:-0.800","20.000:0.050:6.790|-11.838:0.000:-13.504","0.000:0.000:1.066|0.000:0.000:0.000",False,False,Stopped,60.00,40.00,3.00,ForkliftInteraction,"P1:True|P2:True|P3:True|D1:True|D2:True|D3:False","H1:Rack picker: R1 staging:Unload / confirm hand-off:load=True:handoffs=1|H2:D3 receiving inspection:Transport:load=True:handoffs=0|H3:PD station operator:Return for next assignment:load=False:handoffs=1|H4:Trolley operator: PD2 transfer:Unload / confirm hand-off:load=True:handoffs=1|H5:Maintenance and replenishment:Return for next assignment:load=False:handoffs=1|F1:Inbound pallet transport in east perimeter lane:Transport to work bay:load=True:handoffs=0|F2:D3 outbound pallet staging:Transport:load=True:handoffs=0"
17.1297,3,71,157,-14.2353,0.0500,-13.7481,82.6944,1.0323,0.0000,-12.3000,0.0000,-13.5000,1.9518,7,"","","8.400:0.050:4.228|-12.986:0.000:-12.684|-4.230:0.050:8.505|4.200:0.050:4.228|-8.391:0.050:5.806","0.000:0.000:0.000|0.000:0.000:0.000|0.002:0.000:-0.598|0.000:0.000:0.000|-0.006:0.000:-0.800","20.000:0.050:6.899|-11.838:0.000:-13.504","0.000:0.000:1.066|0.000:0.000:0.000",False,False,Stopped,60.00,40.00,3.00,ForkliftInteraction,"P1:True|P2:True|P3:True|D1:True|D2:True|D3:False","H1:Rack picker: R1 staging:Unload / confirm hand-off:load=True:handoffs=1|H2:D3 receiving inspection:Transport:load=True:handoffs=0|H3:PD station operator:Return for next assignment:load=False:handoffs=1|H4:Trolley operator: PD2 transfer:Unload / confirm hand-off:load=True:handoffs=1|H5:Maintenance and replenishment:Return for next assignment:load=False:handoffs=1|F1:Inbound pallet transport in east perimeter lane:Transport to work bay:load=True:handoffs=0|F2:D3 outbound pallet staging:Transport:load=True:handoffs=0"
17.2340,3,71,158,-14.1551,0.0500,-13.7378,82.6944,0.0000,0.0000,-12.3000,0.0000,-13.5000,1.8710,7,"","","8.400:0.050:4.228|-12.986:0.000:-12.684|-4.230:0.050:8.437|4.200:0.050:4.228|-8.391:0.050:5.723","0.000:0.000:0.000|0.000:0.000:0.000|0.002:0.000:-0.681|0.000:0.000:0.000|-0.006:0.000:-0.800","20.000:0.050:7.010|-11.838:0.000:-13.504","0.000:0.000:1.066|0.000:0.000:0.000",False,False,Stopped,60.00,40.00,3.00,ForkliftInteraction,"P1:True|P2:True|P3:True|D1:True|D2:True|D3:False","H1:Rack picker: R1 staging:Unload / confirm hand-off:load=True:handoffs=1|H2:D3 receiving inspection:Transport:load=True:handoffs=0|H3:PD station operator:Return for next assignment:load=False:handoffs=1|H4:Trolley operator: PD2 transfer:Unload / confirm hand-off:load=True:handoffs=1|H5:Maintenance and replenishment:Return for next assignment:load=False:handoffs=1|F1:Inbound pallet transport in east perimeter lane:Transport to work bay:load=True:handoffs=0|F2:D3 outbound pallet staging:Transport:load=True:handoffs=0"
17.3442,3,71,159,-14.0780,0.0500,-13.7280,82.6944,0.9387,0.0000,-12.3000,0.0000,-13.5000,1.7933,7,"","","8.400:0.050:4.228|-12.986:0.000:-12.684|-4.229:0.050:8.356|4.200:0.050:4.228|-8.392:0.050:5.635","0.000:0.000:0.000|0.000:0.000:0.000|0.003:0.000:-0.769|0.000:0.000:0.000|-0.006:0.000:-0.800","20.000:0.050:7.127|-11.838:0.000:-13.504","0.000:0.000:1.066|0.000:0.000:0.000",False,False,Stopped,60.00,40.00,3.00,ForkliftInteraction,"P1:True|P2:True|P3:True|D1:True|D2:True|D3:False","H1:Rack picker: R1 staging:Unload / confirm hand-off:load=True:handoffs=1|H2:D3 receiving inspection:Transport:load=True:handoffs=0|H3:PD station operator:Return for next assignment:load=False:handoffs=1|H4:Trolley operator: PD2 transfer:Unload / confirm hand-off:load=True:handoffs=1|H5:Maintenance and replenishment:Return for next assignment:load=False:handoffs=1|F1:Inbound pallet transport in east perimeter lane:Transport to work bay:load=True:handoffs=0|F2:D3 outbound pallet staging:Transport:load=True:handoffs=0"
17.4447,3,71,160,-14.0146,0.0500,-13.7198,82.6944,0.7746,0.0000,-12.3000,0.0000,-13.5000,1.7293,7,"","","8.400:0.050:4.228|-12.986:0.000:-12.684|-4.229:0.050:8.276|4.200:0.050:4.228|-8.393:0.050:5.554","0.000:0.000:0.000|0.000:0.000:0.000|0.003:0.000:-0.800|0.000:0.000:0.000|-0.006:0.000:-0.800","20.000:0.050:7.234|-11.838:0.000:-13.504","0.000:0.000:1.066|0.000:0.000:0.000",False,False,Stopped,60.00,40.00,3.00,ForkliftInteraction,"P1:True|P2:True|P3:True|D1:True|D2:True|D3:False","H1:Rack picker: R1 staging:Unload / confirm hand-off:load=True:handoffs=1|H2:D3 receiving inspection:Transport:load=True:handoffs=0|H3:PD station operator:Return for next assignment:load=False:handoffs=1|H4:Trolley operator: PD2 transfer:Unload / confirm hand-off:load=True:handoffs=1|H5:Maintenance and replenishment:Return for next assignment:load=False:handoffs=1|F1:Inbound pallet transport in east perimeter lane:Transport to work bay:load=True:handoffs=0|F2:D3 outbound pallet staging:Transport:load=True:handoffs=0"
17.4994,3,71,161,-13.9687,0.0500,-13.7139,82.6944,0.8148,0.0000,-12.3000,0.0000,-13.5000,1.6831,7,"","","8.400:0.050:4.228|-12.986:0.000:-12.684|-4.229:0.050:8.212|4.200:0.050:4.228|-8.393:0.050:5.490","0.000:0.000:0.000|0.000:0.000:0.000|0.003:0.000:-0.800|0.000:0.000:0.000|-0.006:0.000:-0.800","20.000:0.050:7.320|-11.838:0.000:-13.504","0.000:0.000:1.066|0.000:0.000:0.000",False,False,Idle,60.00,40.00,3.00,ForkliftInteraction,"P1:True|P2:True|P3:True|D1:True|D2:True|D3:False","H1:Rack picker: R1 staging:Unload / confirm hand-off:load=True:handoffs=1|H2:D3 receiving inspection:Transport:load=True:handoffs=0|H3:PD station operator:Return for next assignment:load=False:handoffs=1|H4:Trolley operator: PD2 transfer:Unload / confirm hand-off:load=True:handoffs=1|H5:Maintenance and replenishment:Return for next assignment:load=False:handoffs=1|F1:Inbound pallet transport in east perimeter lane:Transport to work bay:load=True:handoffs=0|F2:D3 outbound pallet staging:Transport:load=True:handoffs=0"
