timestamp,scenario_id,episode_id,step_id,robot_x,robot_y,robot_z,robot_yaw,robot_linear_velocity,robot_angular_velocity,goal_x,goal_y,goal_z,distance_to_goal,number_of_dynamic_objects,obstacle_positions,obstacle_velocities,human_positions,human_velocities,forklift_positions,forklift_velocities,collision,goal_reached,navigation_status,warehouse_length,warehouse_width,aisle_width,scenario_type,station_availability,actor_work_states
0.1084,9,58,1,-24.0000,0.0500,13.4000,0.0000,0.0000,0.0000,-24.0000,0.0000,15.0000,1.6008,7,"","","9.333:0.050:13.500|-4.200:0.050:-13.500|24.000:0.050:-15.000|4.200:0.050:13.500|8.400:0.050:10.000","0.000:0.000:0.000|0.000:0.000:0.000|0.000:0.000:0.000|0.000:0.000:0.000|0.000:0.000:0.000","-9.333:0.050:13.500|20.000:0.050:-8.000","0.000:0.000:0.000|0.000:0.000:0.000",False,False,Idle,60.00,40.00,3.00,MultiAgentTraffic,"P1:True|P2:False|P3:True|D1:True|D2:True|D3:True","H1:H1 rack picking and carton handoff:Load / inspect at source:load=False:handoffs=0|H2:H2 cross-aisle carton transfer:Load / inspect at source:load=False:handoffs=0|H3:H3 station scan and dispatch verification:Load / inspect at source:load=False:handoffs=0|H4:H4 trolley supply transfer:Load / inspect at source:load=False:handoffs=0|H5:H5 rack inspection and replenishment:Load / inspect at source:load=False:handoffs=0|F1:F1 inbound pallet replenishment:Load / inspect at source:load=False:handoffs=0|F2:F2 outbound pallet dispatch:Load / inspect at source:load=False:handoffs=0"
0.2149,9,58,2,-24.0000,0.0500,13.4127,0.0000,0.2255,0.0000,-24.0000,0.0000,15.0000,1.5881,7,"","","9.333:0.050:13.500|-4.200:0.050:-13.500|24.000:0.050:-15.000|4.200:0.050:13.500|8.400:0.050:10.000","0.000:0.000:0.000|0.000:0.000:0.000|0.000:0.000:0.000|0.000:0.000:0.000|0.000:0.000:0.000","-9.333:0.050:13.500|20.000:0.050:-8.000","0.000:0.000:0.000|0.000:0.000:0.000",False,False,Moving,60.00,40.00,3.00,MultiAgentTraffic,"P1:True|P2:False|P3:True|D1:True|D2:True|D3:True","H1:H1 rack picking and carton handoff:Load / inspect at source:load=False:handoffs=0|H2:H2 cross-aisle carton transfer:Load / inspect at source:load=False:handoffs=0|H3:H3 station scan and dispatch verification:Load / inspect at source:load=False:handoffs=0|H4:H4 trolley supply transfer:Load / inspect at source:load=False:handoffs=0|H5:H5 rack inspection and replenishment:Load / inspect at source:load=False:handoffs=0|F1:F1 inbound pallet replenishment:Load / inspect at source:load=False:handoffs=0|F2:F2 outbound pallet dispatch:Load / inspect at source:load=False:handoffs=0"
0.3168,9,58,3,-24.0000,0.0500,13.4361,0.0000,0.3447,0.0000,-24.0000,0.0000,15.0000,1.5647,7,"","","9.333:0.050:13.500|-4.200:0.050:-13.500|24.000:0.050:-15.000|4.200:0.050:13.500|8.400:0.050:10.000","0.000:0.000:0.000|0.000:0.000:0.000|0.000:0.000:0.000|0.000:0.000:0.000|0.000:0.000:0.000","-9.333:0.050:13.500|20.000:0.050:-8.000","0.000:0.000:0.000|0.000:0.000:0.000",False,False,Moving,60.00,40.00,3.00,MultiAgentTraffic,"P1:True|P2:False|P3:True|D1:True|D2:True|D3:True","H1:H1 rack picking and carton handoff:Load / inspect at source:load=False:handoffs=0|H2:H2 cross-aisle carton transfer:Load / inspect at source:load=False:handoffs=0|H3:H3 station scan and dispatch verification:Load / inspect at source:load=False:handoffs=0|H4:H4 trolley supply transfer:Load / inspect at source:load=False:handoffs=0|H5:H5 rack inspection and replenishment:Load / inspect at source:load=False:handoffs=0|F1:F1 inbound pallet replenishment:Load / inspect at source:load=False:handoffs=0|F2:F2 outbound pallet dispatch:Load / inspect at source:load=False:handoffs=0"
0.4368,9,58,4,-24.0000,0.0500,13.4770,0.0000,0.4290,0.0000,-24.0000,0.0000,15.0000,1.5238,7,"","","9.333:0.050:13.500|-4.200:0.050:-13.500|24.000:0.050:-15.000|4.200:0.050:13.500|8.400:0.050:10.000","0.000:0.000:0.000|0.000:0.000:0.000|0.000:0.000:0.000|0.000:0.000:0.000|0.000:0.000:0.000","-9.333:0.050:13.500|20.000:0.050:-8.000","0.000:0.000:0.000|0.000:0.000:0.000",False,False,Moving,60.00,40.00,3.00,MultiAgentTraffic,"P1:True|P2:False|P3:True|D1:True|D2:True|D3:True","H1:H1 rack picking and carton handoff:Load / inspect at source:load=False:handoffs=0|H2:H2 cross-aisle carton transfer:Load / inspect at source:load=False:handoffs=0|H3:H3 station scan and dispatch verification:Load / inspect at source:load=False:handoffs=0|H4:H4 trolley supply transfer:Load / inspect at source:load=False:handoffs=0|H5:H5 rack inspection and replenishment:Load / inspect at source:load=False:handoffs=0|F1:F1 inbound pallet replenishment:Load / inspect at source:load=False:handoffs=0|F2:F2 outbound pallet dispatch:Load / inspect at source:load=False:handoffs=0"
0.5391,9,58,5,-24.0000,0.0500,13.5232,0.0000,0.5833,0.0000,-24.0000,0.0000,15.0000,1.4776,7,"","","9.333:0.050:13.500|-4.200:0.050:-13.500|24.000:0.050:-15.000|4.200:0.050:13.500|8.400:0.050:10.000","0.000:0.000:0.000|0.000:0.000:0.000|0.000:0.000:0.000|0.000:0.000:0.000|0.000:0.000:0.000","-9.333:0.050:13.500|20.000:0.050:-8.000","0.000:0.000:0.000|0.000:0.000:0.000",False,False,Moving,60.00,40.00,3.00,MultiAgentTraffic,"P1:True|P2:False|P3:True|D1:True|D2:True|D3:True","H1:H1 rack picking and carton handoff:Load / inspect at source:load=False:handoffs=0|H2:H2 cross-aisle carton transfer:Load / inspect at source:load=False:handoffs=0|H3:H3 station scan and dispatch verification:Load / inspect at source:load=False:handoffs=0|H4:H4 trolley supply transfer:Load / inspect at source:load=False:handoffs=0|H5:H5 rack inspection and replenishment:Load / inspect at source:load=False:handoffs=0|F1:F1 inbound pallet replenishment:Load / inspect at source:load=False:handoffs=0|F2:F2 outbound pallet dispatch:Load / inspect at source:load=False:handoffs=0"
0.6429,9,58,6,-24.0000,0.0500,13.5808,0.0000,0.0000,0.0000,-24.0000,0.0000,15.0000,1.4201,7,"","","9.333:0.050:13.500|-4.200:0.050:-13.500|24.000:0.050:-15.000|4.200:0.050:13.500|8.400:0.050:10.000","0.000:0.000:0.000|0.000:0.000:0.000|0.000:0.000:0.000|0.000:0.000:0.000|0.000:0.000:0.000","-9.333:0.050:13.500|20.000:0.050:-8.000","0.000:0.000:0.000|0.000:0.000:0.000",False,False,Moving,60.00,40.00,3.00,MultiAgentTraffic,"P1:True|P2:False|P3:True|D1:True|D2:True|D3:True","H1:H1 rack picking and carton handoff:Load / inspect at source:load=False:handoffs=0|H2:H2 cross-aisle carton transfer:Load / inspect at source:load=False:handoffs=0|H3:H3 station scan and dispatch verification:Load / inspect at source:load=False:handoffs=0|H4:H4 trolley supply transfer:Load / inspect at source:load=False:handoffs=0|H5:H5 rack inspection and replenishment:Load / inspect at source:load=False:handoffs=0|F1:F1 inbound pallet replenishment:Load / inspect at source:load=False:handoffs=0|F2:F2 outbound pallet dispatch:Load / inspect at source:load=False:handoffs=0"
0.7465,9,58,7,-24.0000,0.0500,13.6490,0.0000,0.0000,0.0000,-24.0000,0.0000,15.0000,1.3519,7,"","","9.333:0.050:13.500|-4.200:0.050:-13.500|24.000:0.050:-15.000|4.200:0.050:13.500|8.400:0.050:10.000","0.000:0.000:0.000|0.000:0.000:0.000|0.000:0.000:0.000|0.000:0.000:0.000|0.000:0.000:0.000","-9.333:0.050:13.500|20.000:0.050:-8.000","0.000:0.000:0.000|0.000:0.000:0.000",False,False,Moving,60.00,40.00,3.00,MultiAgentTraffic,"P1:True|P2:False|P3:True|D1:True|D2:True|D3:True","H1:H1 rack picking and carton handoff:Load / inspect at source:load=False:handoffs=0|H2:H2 cross-aisle carton transfer:Load / inspect at source:load=False:handoffs=0|H3:H3 station scan and dispatch verification:Load / inspect at source:load=False:handoffs=0|H4:H4 trolley supply transfer:Load / inspect at source:load=False:handoffs=0|H5:H5 rack inspection and replenishment:Load / inspect at source:load=False:handoffs=0|F1:F1 inbound pallet replenishment:Load / inspect at source:load=False:handoffs=0|F2:F2 outbound pallet dispatch:Load / inspect at source:load=False:handoffs=0"
0.8474,9,58,8,-24.0000,0.0500,13.7258,0.0000,0.9770,0.0000,-24.0000,0.0000,15.0000,1.2752,7,"","","9.333:0.050:13.500|-4.200:0.050:-13.500|24.000:0.050:-15.000|4.200:0.050:13.500|8.400:0.050:10.000","0.000:0.000:0.000|0.000:0.000:0.000|0.000:0.000:0.000|0.000:0.000:0.000|0.000:0.000:0.000","-9.333:0.050:13.500|20.000:0.050:-8.000","0.000:0.000:0.000|0.000:0.000:0.000",False,False,Moving,60.00,40.00,3.00,MultiAgentTraffic,"P1:True|P2:False|P3:True|D1:True|D2:True|D3:True","H1:H1 rack picking and carton handoff:Load / inspect at source:load=False:handoffs=0|H2:H2 cross-aisle carton transfer:Load / inspect at source:load=False:handoffs=0|H3:H3 station scan and dispatch verification:Load / inspect at source:load=False:handoffs=0|H4:H4 trolley supply transfer:Load / inspect at source:load=False:handoffs=0|H5:H5 rack inspection and replenishment:Load / inspect at source:load=False:handoffs=0|F1:F1 inbound pallet replenishment:Load / inspect at source:load=False:handoffs=0|F2:F2 outbound pallet dispatch:Load / inspect at source:load=False:handoffs=0"
0.9483,9,58,9,-24.0000,0.0500,13.8128,0.0000,1.0819,0.0000,-24.0000,0.0000,15.0000,1.1883,7,"","","9.333:0.050:13.500|-4.200:0.050:-13.500|24.000:0.050:-15.000|4.200:0.050:13.500|8.400:0.050:10.000","0.000:0.000:0.000|0.000:0.000:0.000|0.000:0.000:0.000|0.000:0.000:0.000|0.000:0.000:0.000","-9.333:0.050:13.500|20.000:0.050:-8.000","0.000:0.000:0.000|0.000:0.000:0.000",False,False,Moving,60.00,40.00,3.00,MultiAgentTraffic,"P1:True|P2:False|P3:True|D1:True|D2:True|D3:True","H1:H1 rack picking and carton handoff:Load / inspect at source:load=False:handoffs=0|H2:H2 cross-aisle carton transfer:Load / inspect at source:load=False:handoffs=0|H3:H3 station scan and dispatch verification:Load / inspect at source:load=False:handoffs=0|H4:H4 trolley supply transfer:Load / inspect at source:load=False:handoffs=0|H5:H5 rack inspection and replenishment:Load / inspect at source:load=False:handoffs=0|F1:F1 inbound pallet replenishment:Load / inspect at source:load=False:handoffs=0|F2:F2 outbound pallet dispatch:Load / inspect at source:load=False:handoffs=0"
1.0514,9,58,10,-24.0000,0.0500,13.9120,0.0000,1.1737,0.0000,-24.0000,0.0000,15.0000,1.0891,7,"","","9.333:0.050:13.500|-4.200:0.050:-13.500|24.000:0.050:-15.000|4.200:0.050:13.500|8.400:0.050:10.000","0.000:0.000:0.000|0.000:0.000:0.000|0.000:0.000:0.000|0.000:0.000:0.000|0.000:0.000:0.000","-9.333:0.050:13.500|20.000:0.050:-8.000","0.000:0.000:0.000|0.000:0.000:0.000",False,False,Moving,60.00,40.00,3.00,MultiAgentTraffic,"P1:True|P2:False|P3:True|D1:True|D2:True|D3:True","H1:H1 rack picking and carton handoff:Load / inspect at source:load=False:handoffs=0|H2:H2 cross-aisle carton transfer:Load / inspect at source:load=False:handoffs=0|H3:H3 station scan and dispatch verification:Load / inspect at source:load=False:handoffs=0|H4:H4 trolley supply transfer:Load / inspect at source:load=False:handoffs=0|H5:H5 rack inspection and replenishment:Load / inspect at source:load=False:handoffs=0|F1:F1 inbound pallet replenishment:Load / inspect at source:load=False:handoffs=0|F2:F2 outbound pallet dispatch:Load / inspect at source:load=False:handoffs=0"
1.1527,9,58,11,-24.0000,0.0500,14.0200,0.0000,1.3227,0.0000,-24.0000,0.0000,15.0000,0.9813,7,"","","9.333:0.050:13.500|-4.200:0.050:-13.500|24.000:0.050:-15.000|4.200:0.050:13.500|8.400:0.050:10.000","0.000:0.000:0.000|0.000:0.000:0.000|0.000:0.000:0.000|0.000:0.000:0.000|0.000:0.000:0.000","-9.333:0.050:13.500|20.000:0.050:-8.000","0.000:0.000:0.000|0.000:0.000:0.000",False,False,Moving,60.00,40.00,3.00,MultiAgentTraffic,"P1:True|P2:False|P3:True|D1:True|D2:True|D3:True","H1:H1 rack picking and carton handoff:Load / inspect at source:load=False:handoffs=0|H2:H2 cross-aisle carton transfer:Load / inspect at source:load=False:handoffs=0|H3:H3 station scan and dispatch verification:Load / inspect at source:load=False:handoffs=0|H4:H4 trolley supply transfer:Load / inspect at source:load=False:handoffs=0|H5:H5 rack inspection and replenishment:Load / inspect at source:load=False:handoffs=0|F1:F1 inbound pallet replenishment:Load / inspect at source:load=False:handoffs=0|F2:F2 outbound pallet dispatch:Load / inspect at source:load=False:handoffs=0"
1.2620,9,58,12,-24.0000,0.0500,14.1478,0.0000,0.0000,0.0000,-24.0000,0.0000,15.0000,0.8536,7,"","","9.333:0.050:13.500|-4.200:0.050:-13.500|24.000:0.050:-15.000|4.200:0.050:13.500|8.400:0.050:10.000","0.000:0.000:0.000|0.000:0.000:0.000|0.000:0.000:0.000|0.000:0.000:0.000|0.000:0.000:0.000","-9.333:0.050:13.500|20.000:0.050:-8.000","0.000:0.000:0.000|0.000:0.000:0.000",False,False,Moving,60.00,40.00,3.00,MultiAgentTraffic,"P1:True|P2:False|P3:True|D1:True|D2:True|D3:True","H1:H1 rack picking and carton handoff:Load / inspect at source:load=False:handoffs=0|H2:H2 cross-aisle carton transfer:Load / inspect at source:load=False:handoffs=0|H3:H3 station scan and dispatch verification:Load / inspect at source:load=False:handoffs=0|H4:H4 trolley supply transfer:Load / inspect at source:load=False:handoffs=0|H5:H5 rack inspection and replenishment:Load / inspect at source:load=False:handoffs=0|F1:F1 inbound pallet replenishment:Load / inspect at source:load=False:handoffs=0|F2:F2 outbound pallet dispatch:Load / inspect at source:load=False:handoffs=0"
1.3784,9,58,13,-24.0000,0.0500,14.2974,0.0000,1.5754,0.0000,-24.0000,0.0000,15.0000,0.7044,7,"","","9.333:0.050:13.500|-4.200:0.050:-13.500|24.000:0.050:-15.000|4.200:0.050:13.500|8.400:0.050:10.000","0.000:0.000:0.000|0.000:0.000:0.000|0.000:0.000:0.000|0.000:0.000:0.000|0.000:0.000:0.000","-9.333:0.050:13.500|20.000:0.050:-8.000","0.000:0.000:0.000|0.000:0.000:0.000",False,False,Moving,60.00,40.00,3.00,MultiAgentTraffic,"P1:True|P2:False|P3:True|D1:True|D2:True|D3:True","H1:H1 rack picking and carton handoff:Load / inspect at source:load=False:handoffs=0|H2:H2 cross-aisle carton transfer:Load / inspect at source:load=False:handoffs=0|H3:H3 station scan and dispatch verification:Load / inspect at source:load=False:handoffs=0|H4:H4 trolley supply transfer:Load / inspect at source:load=False:handoffs=0|H5:H5 rack inspection and replenishment:Load / inspect at source:load=False:handoffs=0|F1:F1 inbound pallet replenishment:Load / inspect at source:load=False:handoffs=0|F2:F2 outbound pallet dispatch:Load / inspect at source:load=False:handoffs=0"
1.6011,9,58,14,-24.0000,0.0500,14.6008,0.0000,0.0000,0.0000,-24.0000,0.0000,15.0000,0.4023,7,"","","9.333:0.050:13.500|-4.200:0.050:-13.500|24.000:0.050:-15.000|4.200:0.050:13.500|8.400:0.050:10.000","0.000:0.000:0.000|0.000:0.000:0.000|0.000:0.000:0.000|0.000:0.000:0.000|0.000:0.000:0.000","-9.333:0.050:13.500|20.000:0.050:-8.000","0.000:0.000:0.000|0.000:0.000:0.000",False,False,Moving,60.00,40.00,3.00,MultiAgentTraffic,"P1:True|P2:False|P3:True|D1:True|D2:True|D3:True","H1:H1 rack picking and carton handoff:Load / inspect at source:load=False:handoffs=0|H2:H2 cross-aisle carton transfer:Load / inspect at source:load=False:handoffs=0|H3:H3 station scan and dispatch verification:Load / inspect at source:load=False:handoffs=0|H4:H4 trolley supply transfer:Load / inspect at source:load=False:handoffs=0|H5:H5 rack inspection and replenishment:Load / inspect at source:load=False:handoffs=0|F1:F1 inbound pallet replenishment:Load / inspect at source:load=False:handoffs=0|F2:F2 outbound pallet dispatch:Load / inspect at source:load=False:handoffs=0"
1.7074,9,58,15,-24.0000,0.0500,14.7148,339.3850,1.2316,-228.3479,-24.0000,0.0000,15.0000,0.2895,7,"","","9.333:0.050:13.500|-4.200:0.050:-13.500|24.000:0.050:-15.000|4.200:0.050:13.500|8.400:0.050:10.000","0.000:0.000:0.000|0.000:0.000:0.000|0.000:0.000:0.000|0.000:0.000:0.000|0.000:0.000:0.000","-9.333:0.050:13.500|20.000:0.050:-8.000","0.000:0.000:0.000|0.000:0.000:0.000",False,False,Idle,60.00,40.00,3.00,MultiAgentTraffic,"P1:True|P2:False|P3:True|D1:True|D2:True|D3:True","H1:H1 rack picking and carton handoff:Load / inspect at source:load=False:handoffs=0|H2:H2 cross-aisle carton transfer:Load / inspect at source:load=False:handoffs=0|H3:H3 station scan and dispatch verification:Load / inspect at source:load=False:handoffs=0|H4:H4 trolley supply transfer:Load / inspect at source:load=False:handoffs=0|H5:H5 rack inspection and replenishment:Load / inspect at source:load=False:handoffs=0|F1:F1 inbound pallet replenishment:Load / inspect at source:load=False:handoffs=0|F2:F2 outbound pallet dispatch:Load / inspect at source:load=False:handoffs=0"
1.8231,9,58,16,-24.0000,0.0500,14.8177,326.5573,0.7171,-61.6669,-24.0000,0.0000,15.0000,0.1890,7,"","","9.333:0.050:13.500|-4.200:0.050:-13.500|24.000:0.050:-15.000|4.200:0.050:13.500|8.400:0.050:10.000","0.000:0.000:0.000|0.000:0.000:0.000|0.000:0.000:0.000|0.000:0.000:0.000|0.000:0.000:0.000","-9.333:0.050:13.500|20.000:0.050:-8.000","0.000:0.000:0.000|0.000:0.000:0.000",False,False,Idle,60.00,40.00,3.00,MultiAgentTraffic,"P1:True|P2:False|P3:True|D1:True|D2:True|D3:True","H1:H1 rack picking and carton handoff:Load / inspect at source:load=False:handoffs=0|H2:H2 cross-aisle carton transfer:Load / inspect at source:load=False:handoffs=0|H3:H3 station scan and dispatch verification:Load / inspect at source:load=False:handoffs=0|H4:H4 trolley supply transfer:Load / inspect at source:load=False:handoffs=0|H5:H5 rack inspection and replenishment:Load / inspect at source:load=False:handoffs=0|F1:F1 inbound pallet replenishment:Load / inspect at source:load=False:handoffs=0|F2:F2 outbound pallet dispatch:Load / inspect at source:load=False:handoffs=0"
1.9442,9,58,17,-24.0000,0.0500,14.9017,320.6624,0.0000,0.0000,-24.0000,0.0000,15.0000,0.1103,7,"","","9.333:0.050:13.500|-4.200:0.050:-13.500|24.000:0.050:-15.000|4.200:0.050:13.500|8.400:0.050:10.000","0.000:0.000:0.000|0.000:0.000:0.000|0.000:0.000:0.000|0.000:0.000:0.000|0.000:0.000:0.000","-9.333:0.050:13.500|20.000:0.050:-8.000","0.000:0.000:0.000|0.000:0.000:0.000",False,False,Idle,60.00,40.00,3.00,MultiAgentTraffic,"P1:True|P2:False|P3:True|D1:True|D2:True|D3:True","H1:H1 rack picking and carton handoff:Load / inspect at source:load=False:handoffs=0|H2:H2 cross-aisle carton transfer:Load / inspect at source:load=False:handoffs=0|H3:H3 station scan and dispatch verification:Load / inspect at source:load=False:handoffs=0|H4:H4 trolley supply transfer:Load / inspect at source:load=False:handoffs=0|H5:H5 rack inspection and replenishment:Load / inspect at source:load=False:handoffs=0|F1:F1 inbound pallet replenishment:Load / inspect at source:load=False:handoffs=0|F2:F2 outbound pallet dispatch:Load / inspect at source:load=False:handoffs=0"
2.0452,9,58,18,-24.0000,0.0500,14.9534,316.4521,0.0000,0.0000,-24.0000,0.0000,15.0000,0.0684,7,"","","9.333:0.050:13.500|-4.200:0.050:-13.500|24.000:0.050:-15.000|4.200:0.050:13.500|8.400:0.050:10.000","0.000:0.000:0.000|0.000:0.000:0.000|0.000:0.000:0.000|0.000:0.000:0.000|0.000:0.000:0.000","-9.333:0.050:13.500|20.000:0.050:-8.000","0.000:0.000:0.000|0.000:0.000:0.000",False,False,Idle,60.00,40.00,3.00,MultiAgentTraffic,"P1:True|P2:False|P3:True|D1:True|D2:True|D3:True","H1:H1 rack picking and carton handoff:Load / inspect at source:load=False:handoffs=0|H2:H2 cross-aisle carton transfer:Load / inspect at source:load=False:handoffs=0|H3:H3 station scan and dispatch verification:Load / inspect at source:load=False:handoffs=0|H4:H4 trolley supply transfer:Load / inspect at source:load=False:handoffs=0|H5:H5 rack inspection and replenishment:Load / inspect at source:load=False:handoffs=0|F1:F1 inbound pallet replenishment:Load / inspect at source:load=False:handoffs=0|F2:F2 outbound pallet dispatch:Load / inspect at source:load=False:handoffs=0"
2.1570,9,58,19,-24.0000,0.0500,14.9896,318.2859,0.3211,61.9568,-24.0000,0.0000,15.0000,0.0511,7,"","","9.333:0.050:13.500|-4.200:0.050:-13.500|24.000:0.050:-15.000|4.200:0.050:13.500|8.400:0.050:10.000","0.000:0.000:0.000|0.000:0.000:0.000|0.000:0.000:0.000|0.000:0.000:0.000|0.000:0.000:0.000","-9.333:0.050:13.500|20.000:0.050:-8.000","0.000:0.000:0.000|0.000:0.000:0.000",False,False,Idle,60.00,40.00,3.00,MultiAgentTraffic,"P1:True|P2:False|P3:True|D1:True|D2:True|D3:True","H1:H1 rack picking and carton handoff:Load / inspect at source:load=False:handoffs=0|H2:H2 cross-aisle carton transfer:Load / inspect at source:load=False:handoffs=0|H3:H3 station scan and dispatch verification:Load / inspect at source:load=False:handoffs=0|H4:H4 trolley supply transfer:Load / inspect at source:load=False:handoffs=0|H5:H5 rack inspection and replenishment:Load / inspect at source:load=False:handoffs=0|F1:F1 inbound pallet replenishment:Load / inspect at source:load=False:handoffs=0|F2:F2 outbound pallet dispatch:Load / inspect at source:load=False:handoffs=0"
2.2622,9,58,20,-24.0000,0.0500,15.0000,320.9776,0.0000,0.0000,-24.0000,0.0000,15.0000,0.0500,7,"","","9.333:0.050:13.500|-4.200:0.050:-13.500|24.000:0.050:-15.000|4.200:0.050:13.500|8.400:0.050:10.000","0.000:0.000:0.000|0.000:0.000:0.000|0.000:0.000:0.000|0.000:0.000:0.000|0.000:0.000:0.000","-9.333:0.050:13.500|20.000:0.050:-8.000","0.000:0.000:0.000|0.000:0.000:0.000",False,False,Idle,60.00,40.00,3.00,MultiAgentTraffic,"P1:True|P2:False|P3:True|D1:True|D2:True|D3:True","H1:H1 rack picking and carton handoff:Load / inspect at source:load=False:handoffs=0|H2:H2 cross-aisle carton transfer:Load / inspect at source:load=False:handoffs=0|H3:H3 station scan and dispatch verification:Load / inspect at source:load=False:handoffs=0|H4:H4 trolley supply transfer:Load / inspect at source:load=False:handoffs=0|H5:H5 rack inspection and replenishment:Load / inspect at source:load=False:handoffs=0|F1:F1 inbound pallet replenishment:Load / inspect at source:load=False:handoffs=0|F2:F2 outbound pallet dispatch:Load / inspect at source:load=False:handoffs=0"
2.3717,9,58,21,-24.0000,0.0500,15.0000,320.9776,0.0000,0.0000,-24.0000,0.0000,15.0000,0.0500,7,"","","9.333:0.050:13.500|-4.200:0.050:-13.500|24.000:0.050:-15.000|4.200:0.050:13.500|8.400:0.050:10.000","0.000:0.000:0.000|0.000:0.000:0.000|0.000:0.000:0.000|0.000:0.000:0.000|0.000:0.000:0.000","-9.333:0.050:13.500|20.000:0.050:-8.000","0.000:0.000:0.000|0.000:0.000:0.000",False,False,Idle,60.00,40.00,3.00,MultiAgentTraffic,"P1:True|P2:False|P3:True|D1:True|D2:True|D3:True","H1:H1 rack picking and carton handoff:Load / inspect at source:load=False:handoffs=0|H2:H2 cross-aisle carton transfer:Load / inspect at source:load=False:handoffs=0|H3:H3 station scan and dispatch verification:Load / inspect at source:load=False:handoffs=0|H4:H4 trolley supply transfer:Load / inspect at source:load=False:handoffs=0|H5:H5 rack inspection and replenishment:Load / inspect at source:load=False:handoffs=0|F1:F1 inbound pallet replenishment:Load / inspect at source:load=False:handoffs=0|F2:F2 outbound pallet dispatch:Load / inspect at source:load=False:handoffs=0"
2.4721,9,58,22,-24.0000,0.0500,15.0000,320.9776,0.0000,0.0000,-24.0000,0.0000,15.0000,0.0500,7,"","","9.333:0.050:13.500|-4.200:0.050:-13.500|24.000:0.050:-15.000|4.200:0.050:13.500|8.400:0.050:10.000","0.000:0.000:0.000|0.000:0.000:0.000|0.000:0.000:0.000|0.000:0.000:0.000|0.000:0.000:0.000","-9.333:0.050:13.500|20.000:0.050:-8.000","0.000:0.000:0.000|0.000:0.000:0.000",False,False,Idle,60.00,40.00,3.00,MultiAgentTraffic,"P1:True|P2:False|P3:True|D1:True|D2:True|D3:True","H1:H1 rack picking and carton handoff:Load / inspect at source:load=False:handoffs=0|H2:H2 cross-aisle carton transfer:Load / inspect at source:load=False:handoffs=0|H3:H3 station scan and dispatch verification:Load / inspect at source:load=False:handoffs=0|H4:H4 trolley supply transfer:Load / inspect at source:load=False:handoffs=0|H5:H5 rack inspection and replenishment:Load / inspect at source:load=False:handoffs=0|F1:F1 inbound pallet replenishment:Load / inspect at source:load=False:handoffs=0|F2:F2 outbound pallet dispatch:Load / inspect at source:load=False:handoffs=0"
2.5936,9,58,23,-24.0000,0.0500,15.0000,320.9776,0.0000,0.0000,-24.0000,0.0000,15.0000,0.0500,7,"","","9.333:0.050:13.503|-4.200:0.050:-13.497|24.000:0.050:-15.000|4.200:0.050:13.500|8.400:0.050:10.000","-0.015:0.000:0.063|0.000:0.000:0.065|0.000:0.000:0.000|0.000:0.000:0.000|0.000:0.000:0.000","-9.333:0.050:13.500|20.000:0.050:-7.997","0.000:0.000:0.000|0.000:0.000:0.065",False,False,Idle,60.00,40.00,3.00,MultiAgentTraffic,"P1:True|P2:False|P3:True|D1:True|D2:True|D3:True","H1:H1 rack picking and carton handoff:Transport to work bay:load=True:handoffs=0|H2:H2 cross-aisle carton transfer:Transport to work bay:load=True:handoffs=0|H3:H3 station scan and dispatch verification:Transport to work bay:load=False:handoffs=0|H4:H4 trolley supply transfer:Transport to work bay:load=True:handoffs=0|H5:H5 rack inspection and replenishment:Transport to work bay:load=False:handoffs=0|F1:F1 inbound pallet replenishment:Transport to work bay:load=True:handoffs=0|F2:F2 outbound pallet dispatch:Transport to work bay:load=True:handoffs=0"
2.7008,9,58,24,-24.0000,0.0500,15.0000,320.9776,0.0000,0.0000,-24.0000,0.0000,15.0000,0.0500,7,"","","9.328:0.050:13.515|-4.200:0.050:-13.484|24.000:0.050:-15.000|4.200:0.050:13.500|8.400:0.050:10.000","-0.073:0.000:0.132|0.000:0.000:0.151|-0.007:0.000:0.012|0.000:0.000:0.000|0.000:0.000:0.000","-9.333:0.050:13.500|20.000:0.050:-7.984","0.000:0.000:0.000|0.000:0.000:0.151",False,False,Idle,60.00,40.00,3.00,MultiAgentTraffic,"P1:True|P2:False|P3:True|D1:True|D2:True|D3:True","H1:H1 rack picking and carton handoff:Transport to work bay:load=True:handoffs=0|H2:H2 cross-aisle carton transfer:Transport to work bay:load=True:handoffs=0|H3:H3 station scan and dispatch verification:Transport to work bay:load=False:handoffs=0|H4:H4 trolley supply transfer:Transport to work bay:load=True:handoffs=0|H5:H5 rack inspection and replenishment:Transport to work bay:load=False:handoffs=0|F1:F1 inbound pallet replenishment:Transport to work bay:load=True:handoffs=0|F2:F2 outbound pallet dispatch:Transport to work bay:load=True:handoffs=0"
2.8088,9,58,25,-24.0000,0.0500,15.0000,320.9776,0.0000,0.0000,-24.0000,0.0000,15.0000,0.0500,7,"","","9.317:0.050:13.534|-4.200:0.050:-13.462|23.995:0.050:-14.995|4.200:0.050:13.500|8.400:0.050:10.000","-0.114:0.000:0.208|0.000:0.000:0.237|-0.074:0.000:0.068|0.000:0.000:0.000|0.000:0.000:0.000","-9.333:0.050:13.500|20.000:0.050:-7.962","0.000:0.000:0.000|0.000:0.000:0.237",False,False,Idle,60.00,40.00,3.00,MultiAgentTraffic,"P1:True|P2:False|P3:True|D1:True|D2:True|D3:True","H1:H1 rack picking and carton handoff:Transport to work bay:load=True:handoffs=0|H2:H2 cross-aisle carton transfer:Transport to work bay:load=True:handoffs=0|H3:H3 station scan and dispatch verification:Transport to work bay:load=False:handoffs=0|H4:H4 trolley supply transfer:Transport to work bay:load=True:handoffs=0|H5:H5 rack inspection and replenishment:Transport to work bay:load=False:handoffs=0|F1:F1 inbound pallet replenishment:Transport to work bay:load=True:handoffs=0|F2:F2 outbound pallet dispatch:Transport to work bay:load=True:handoffs=0"
2.9257,9,58,26,-24.0000,0.0500,15.0000,320.9776,0.0000,0.0000,-24.0000,0.0000,15.0000,0.0500,7,"","","9.301:0.050:13.564|-4.200:0.050:-13.428|23.980:0.050:-14.985|4.200:0.050:13.500|8.400:0.050:10.000","-0.160:0.000:0.290|0.000:0.000:0.331|-0.177:0.000:0.078|0.000:0.000:0.000|0.000:0.000:0.000","-9.333:0.050:13.500|20.000:0.050:-7.928","0.000:0.000:0.000|0.000:0.000:0.331",False,False,Idle,60.00,40.00,3.00,MultiAgentTraffic,"P1:True|P2:False|P3:True|D1:True|D2:True|D3:True","H1:H1 rack picking and carton handoff:Transport to work bay:load=True:handoffs=0|H2:H2 cross-aisle carton transfer:Transport to work bay:load=True:handoffs=0|H3:H3 station scan and dispatch verification:Transport to work bay:load=False:handoffs=0|H4:H4 trolley supply transfer:Transport to work bay:load=True:handoffs=0|H5:H5 rack inspection and replenishment:Transport to work bay:load=False:handoffs=0|F1:F1 inbound pallet replenishment:Transport to work bay:load=True:handoffs=0|F2:F2 outbound pallet dispatch:Transport to work bay:load=True:handoffs=0"
3.0352,9,58,27,-24.0000,0.0500,15.0000,320.9776,0.0000,0.0000,-24.0000,0.0000,15.0000,0.0500,7,"","","9.281:0.050:13.600|-4.200:0.050:-13.386|23.954:0.050:-14.979|4.200:0.050:13.500|8.400:0.050:10.000","-0.202:0.000:0.366|0.000:0.000:0.418|-0.279:0.000:0.032|0.000:0.000:0.000|0.000:0.000:0.000","-9.333:0.050:13.500|20.000:0.050:-7.886","0.000:0.000:0.000|0.000:0.000:0.418",False,False,Idle,60.00,40.00,3.00,MultiAgentTraffic,"P1:True|P2:False|P3:True|D1:True|D2:True|D3:True","H1:H1 rack picking and carton handoff:Transport to work bay:load=True:handoffs=0|H2:H2 cross-aisle carton transfer:Transport to work bay:load=True:handoffs=0|H3:H3 station scan and dispatch verification:Transport to work bay:load=False:handoffs=0|H4:H4 trolley supply transfer:Transport to work bay:load=True:handoffs=0|H5:H5 rack inspection and replenishment:Transport to work bay:load=False:handoffs=0|F1:F1 inbound pallet replenishment:Transport to work bay:load=True:handoffs=0|F2:F2 outbound pallet dispatch:Transport to work bay:load=True:handoffs=0"
3.1406,9,58,28,-24.0000,0.0500,15.0000,320.9776,0.0000,0.0000,-24.0000,0.0000,15.0000,0.0500,7,"","","9.257:0.050:13.644|-4.200:0.050:-13.337|23.919:0.050:-14.982|4.200:0.050:13.500|8.400:0.050:10.000","-0.242:0.000:0.440|0.000:0.000:0.503|-0.361:0.000:-0.058|0.000:0.000:0.000|0.000:0.000:0.000","-9.333:0.050:13.500|20.000:0.050:-7.837","0.000:0.000:0.000|0.000:0.000:0.503",False,False,Idle,60.00,40.00,3.00,MultiAgentTraffic,"P1:True|P2:False|P3:True|D1:True|D2:True|D3:True","H1:H1 rack picking and carton handoff:Transport to work bay:load=True:handoffs=0|H2:H2 cross-aisle carton transfer:Transport to work bay:load=True:handoffs=0|H3:H3 station scan and dispatch verification:Transport to work bay:load=False:handoffs=0|H4:H4 trolley supply transfer:Transport to work bay:load=True:handoffs=0|H5:H5 rack inspection and replenishment:Transport to work bay:load=False:handoffs=0|F1:F1 inbound pallet replenishment:Transport to work bay:load=True:handoffs=0|F2:F2 outbound pallet dispatch:Transport to work bay:load=True:handoffs=0"
3.2481,9,58,29,-24.0000,0.0500,15.0000,320.9776,0.0000,0.0000,-24.0000,0.0000,15.0000,0.0500,7,"","","9.228:0.050:13.696|-4.200:0.050:-13.278|23.875:0.050:-14.989|4.201:0.050:13.499|8.401:0.050:9.999","-0.284:0.000:0.516|0.000:0.000:0.589|-0.446:0.000:-0.071|0.036:0.000:-0.019|0.036:0.000:-0.019","-9.333:0.050:13.500|20.000:0.050:-7.778","0.000:0.000:0.000|0.000:0.000:0.589",False,False,Idle,60.00,40.00,3.00,MultiAgentTraffic,"P1:True|P2:False|P3:True|D1:True|D2:True|D3:True","H1:H1 rack picking and carton handoff:Transport to work bay:load=True:handoffs=0|H2:H2 cross-aisle carton transfer:Transport to work bay:load=True:handoffs=0|H3:H3 station scan and dispatch verification:Transport to work bay:load=False:handoffs=0|H4:H4 trolley supply transfer:Transport to work bay:load=True:handoffs=0|H5:H5 rack inspection and replenishment:Transport to work bay:load=False:handoffs=0|F1:F1 inbound pallet replenishment:Transport to work bay:load=True:handoffs=0|F2:F2 outbound pallet dispatch:Transport to work bay:load=True:handoffs=0"
3.3509,9,58,30,-24.0000,0.0500,15.0000,320.9776,0.0000,0.0000,-24.0000,0.0000,15.0000,0.0500,7,"","","9.197:0.050:13.753|-4.200:0.050:-13.212|23.824:0.050:-14.997|4.208:0.050:13.494|8.408:0.050:9.994","-0.316:0.000:0.575|0.000:0.000:0.656|-0.527:0.000:-0.085|0.088:0.000:-0.086|0.088:0.000:-0.086","-9.333:0.050:13.500|20.000:0.050:-7.712","0.000:0.000:0.000|0.000:0.000:0.671",False,False,Idle,60.00,40.00,3.00,MultiAgentTraffic,"P1:True|P2:False|P3:True|D1:True|D2:True|D3:True","H1:H1 rack picking and carton handoff:Transport to work bay:load=True:handoffs=0|H2:H2 cross-aisle carton transfer:Transport to work bay:load=True:handoffs=0|H3:H3 station scan and dispatch verification:Transport to work bay:load=False:handoffs=0|H4:H4 trolley supply transfer:Transport to work bay:load=True:handoffs=0|H5:H5 rack inspection and replenishment:Transport to work bay:load=False:handoffs=0|F1:F1 inbound pallet replenishment:Transport to work bay:load=True:handoffs=0|F2:F2 outbound pallet dispatch:Transport to work bay:load=True:handoffs=0"
3.4536,9,58,31,-24.0000,0.0500,15.0000,320.9776,0.0000,0.0000,-24.0000,0.0000,15.0000,0.0500,7,"","","9.164:0.050:13.812|-4.200:0.050:-13.145|23.765:0.050:-15.006|4.219:0.050:13.479|8.419:0.050:9.979","-0.316:0.000:0.575|0.000:0.000:0.656|-0.608:0.000:-0.098|0.101:0.000:-0.179|0.101:0.000:-0.179","-9.333:0.050:13.500|20.000:0.050:-7.638","0.000:0.000:0.000|0.000:0.000:0.753",False,False,Idle,60.00,40.00,3.00,MultiAgentTraffic,"P1:True|P2:False|P3:True|D1:True|D2:True|D3:True","H1:H1 rack picking and carton handoff:Transport to work bay:load=True:handoffs=0|H2:H2 cross-aisle carton transfer:Transport to work bay:load=True:handoffs=0|H3:H3 station scan and dispatch verification:Transport to work bay:load=False:handoffs=0|H4:H4 trolley supply transfer:Transport to work bay:load=True:handoffs=0|H5:H5 rack inspection and replenishment:Transport to work bay:load=False:handoffs=0|F1:F1 inbound pallet replenishment:Transport to work bay:load=True:handoffs=0|F2:F2 outbound pallet dispatch:Transport to work bay:load=True:handoffs=0"
3.5654,9,58,32,-24.0000,0.0500,15.0000,320.9776,0.0000,0.0000,-24.0000,0.0000,15.0000,0.0500,7,"","","9.129:0.050:13.876|-4.200:0.050:-13.072|23.691:0.050:-15.018|4.228:0.050:13.452|8.428:0.050:9.952","-0.316:0.000:0.575|0.000:0.000:0.656|-0.696:0.000:-0.112|0.060:0.000:-0.289|0.060:0.000:-0.289","-9.333:0.050:13.500|20.000:0.050:-7.548","0.000:0.000:0.000|0.000:0.000:0.842",False,False,Idle,60.00,40.00,3.00,MultiAgentTraffic,"P1:True|P2:False|P3:True|D1:True|D2:True|D3:True","H1:H1 rack picking and carton handoff:Transport to work bay:load=True:handoffs=0|H2:H2 cross-aisle carton transfer:Transport to work bay:load=True:handoffs=0|H3:H3 station scan and dispatch verification:Transport to work bay:load=False:handoffs=0|H4:H4 trolley supply transfer:Transport to work bay:load=True:handoffs=0|H5:H5 rack inspection and replenishment:Transport to work bay:load=False:handoffs=0|F1:F1 inbound pallet replenishment:Transport to work bay:load=True:handoffs=0|F2:F2 outbound pallet dispatch:Transport to work bay:load=True:handoffs=0"
3.6694,9,58,33,-24.0000,0.0500,15.0000,320.9776,0.0000,0.0000,-24.0000,0.0000,15.0000,0.0500,7,"","","9.096:0.050:13.936|-4.200:0.050:-13.003|23.614:0.050:-15.030|4.230:0.050:13.416|8.430:0.050:9.916","-0.316:0.000:0.575|0.000:0.000:0.656|-0.778:0.000:-0.125|-0.001:0.000:-0.378|-0.001:0.000:-0.378","-9.333:0.050:13.500|20.000:0.050:-7.455","0.000:0.000:0.000|0.000:0.000:0.926",False,False,Idle,60.00,40.00,3.00,MultiAgentTraffic,"P1:True|P2:False|P3:True|D1:True|D2:True|D3:True","H1:H1 rack picking and carton handoff:Transport to work bay:load=True:handoffs=0|H2:H2 cross-aisle carton transfer:Transport to work bay:load=True:handoffs=0|H3:H3 station scan and dispatch verification:Transport to work bay:load=False:handoffs=0|H4:H4 trolley supply transfer:Transport to work bay:load=True:handoffs=0|H5:H5 rack inspection and replenishment:Transport to work bay:load=False:handoffs=0|F1:F1 inbound pallet replenishment:Transport to work bay:load=True:handoffs=0|F2:F2 outbound pallet dispatch:Transport to work bay:load=True:handoffs=0"
3.7741,9,58,34,-24.0000,0.0500,15.0000,320.9776,0.0000,0.0000,-24.0000,0.0000,15.0000,0.0500,7,"","","9.063:0.050:13.996|-4.200:0.050:-12.935|23.531:0.050:-15.044|4.229:0.050:13.372|8.429:0.050:9.872","-0.316:0.000:0.575|0.000:0.000:0.656|-0.790:0.000:-0.127|-0.001:0.000:-0.462|-0.001:0.000:-0.462","-9.333:0.050:13.500|20.000:0.050:-7.353","0.000:0.000:0.000|0.000:0.000:1.009",False,False,Idle,60.00,40.00,3.00,MultiAgentTraffic,"P1:True|P2:False|P3:True|D1:True|D2:True|D3:True","H1:H1 rack picking and carton handoff:Transport to work bay:load=True:handoffs=0|H2:H2 cross-aisle carton transfer:Transport to work bay:load=True:handoffs=0|H3:H3 station scan and dispatch verification:Transport to work bay:load=False:handoffs=0|H4:H4 trolley supply transfer:Transport to work bay:load=True:handoffs=0|H5:H5 rack inspection and replenishment:Transport to work bay:load=False:handoffs=0|F1:F1 inbound pallet replenishment:Transport to work bay:load=True:handoffs=0|F2:F2 outbound pallet dispatch:Transport to work bay:load=True:handoffs=0"
3.8845,9,58,35,-24.0000,0.0500,15.0000,320.9776,0.0000,0.0000,-24.0000,0.0000,15.0000,0.0500,7,"","","9.028:0.050:14.059|-4.200:0.050:-12.862|23.444:0.050:-15.058|4.229:0.050:13.315|8.429:0.050:9.815","-0.316:0.000:0.575|0.000:0.000:0.656|-0.790:0.000:-0.127|-0.001:0.000:-0.550|-0.001:0.000:-0.550","-9.333:0.050:13.500|20.000:0.050:-7.237","0.000:0.000:0.000|0.000:0.000:1.066",False,False,Idle,60.00,40.00,3.00,MultiAgentTraffic,"P1:True|P2:False|P3:True|D1:True|D2:True|D3:True","H1:H1 rack picking and carton handoff:Transport to work bay:load=True:handoffs=0|H2:H2 cross-aisle carton transfer:Transport to work bay:load=True:handoffs=0|H3:H3 station scan and dispatch verification:Transport to work bay:load=False:handoffs=0|H4:H4 trolley supply transfer:Transport to work bay:load=True:handoffs=0|H5:H5 rack inspection and replenishment:Transport to work bay:load=False:handoffs=0|F1:F1 inbound pallet replenishment:Transport to work bay:load=True:handoffs=0|F2:F2 outbound pallet dispatch:Transport to work bay:load=True:handoffs=0"
3.9987,9,58,36,-24.0000,0.0500,15.0000,320.9776,0.0000,0.0000,-24.0000,0.0000,15.0000,0.0500,7,"","","8.991:0.050:14.125|-4.200:0.050:-12.787|23.354:0.050:-15.072|4.229:0.050:13.246|8.429:0.050:9.746","-0.316:0.000:0.575|0.000:0.000:0.656|-0.790:0.000:-0.127|-0.001:0.000:-0.641|-0.001:0.000:-0.641","-9.333:0.050:13.500|20.000:0.050:-7.115","0.000:0.000:0.000|0.000:0.000:1.066",False,False,Idle,60.00,40.00,3.00,MultiAgentTraffic,"P1:True|P2:False|P3:True|D1:True|D2:True|D3:True","H1:H1 rack picking and carton handoff:Transport to work bay:load=True:handoffs=0|H2:H2 cross-aisle carton transfer:Transport to work bay:load=True:handoffs=0|H3:H3 station scan and dispatch verification:Transport to work bay:load=False:handoffs=0|H4:H4 trolley supply transfer:Transport to work bay:load=True:handoffs=0|H5:H5 rack inspection and replenishment:Transport to work bay:load=False:handoffs=0|F1:F1 inbound pallet replenishment:Transport to work bay:load=True:handoffs=0|F2:F2 outbound pallet dispatch:Transport to work bay:load=True:handoffs=0"
4.1055,9,58,37,-24.0000,0.0500,15.0000,320.9776,0.0000,0.0000,-24.0000,0.0000,15.0000,0.0500,7,"","","8.958:0.050:14.187|-4.200:0.050:-12.717|23.269:0.050:-15.086|4.229:0.050:13.176|8.429:0.050:9.673","-0.316:0.000:0.575|0.000:0.000:0.656|-0.790:0.000:-0.127|-0.001:0.000:-0.656|-0.001:0.000:-0.727","-9.333:0.050:13.500|20.000:0.050:-7.001","0.000:0.000:0.000|0.000:0.000:1.066",False,False,Idle,60.00,40.00,3.00,MultiAgentTraffic,"P1:True|P2:False|P3:True|D1:True|D2:True|D3:True","H1:H1 rack picking and carton handoff:Transport to work bay:load=True:handoffs=0|H2:H2 cross-aisle carton transfer:Transport to work bay:load=True:handoffs=0|H3:H3 station scan and dispatch verification:Transport to work bay:load=False:handoffs=0|H4:H4 trolley supply transfer:Transport to work bay:load=True:handoffs=0|H5:H5 rack inspection and replenishment:Transport to work bay:load=False:handoffs=0|F1:F1 inbound pallet replenishment:Transport to work bay:load=True:handoffs=0|F2:F2 outbound pallet dispatch:Transport to work bay:load=True:handoffs=0"
4.2106,9,58,38,-24.0000,0.0500,15.0000,320.9776,0.0000,0.0000,-24.0000,0.0000,15.0000,0.0500,7,"","","8.924:0.050:14.247|-4.200:0.050:-12.648|23.186:0.050:-15.099|4.229:0.050:13.108|8.429:0.050:9.591","-0.316:0.000:0.575|0.000:0.000:0.656|-0.790:0.000:-0.127|-0.001:0.000:-0.656|-0.002:0.000:-0.800","-9.333:0.050:13.500|20.000:0.050:-6.890","0.005:0.000:-0.002|0.000:0.000:1.066",False,False,Idle,60.00,40.00,3.00,MultiAgentTraffic,"P1:True|P2:False|P3:True|D1:True|D2:True|D3:True","H1:H1 rack picking and carton handoff:Transport to work bay:load=True:handoffs=0|H2:H2 cross-aisle carton transfer:Transport to work bay:load=True:handoffs=0|H3:H3 station scan and dispatch verification:Transport to work bay:load=False:handoffs=0|H4:H4 trolley supply transfer:Transport to work bay:load=True:handoffs=0|H5:H5 rack inspection and replenishment:Transport to work bay:load=False:handoffs=0|F1:F1 inbound pallet replenishment:Transport to work bay:load=True:handoffs=0|F2:F2 outbound pallet dispatch:Transport to work bay:load=True:handoffs=0"
4.3162,9,58,39,-24.0000,0.0500,15.0000,320.9776,0.0000,0.0000,-24.0000,0.0000,15.0000,0.0500,7,"","","8.891:0.050:14.308|-4.200:0.050:-12.579|23.103:0.050:-15.112|4.229:0.050:13.038|8.429:0.050:9.507","-0.316:0.000:0.575|0.000:0.000:0.656|-0.790:0.000:-0.127|-0.001:0.000:-0.656|-0.002:0.000:-0.800","-9.328:0.050:13.497|20.000:0.050:-6.777","0.080:0.000:-0.041|0.000:0.000:1.066",False,False,Idle,60.00,40.00,3.00,MultiAgentTraffic,"P1:True|P2:False|P3:True|D1:True|D2:True|D3:True","H1:H1 rack picking and carton handoff:Transport to work bay:load=True:handoffs=0|H2:H2 cross-aisle carton transfer:Transport to work bay:load=True:handoffs=0|H3:H3 station scan and dispatch verification:Transport to work bay:load=False:handoffs=0|H4:H4 trolley supply transfer:Transport to work bay:load=True:handoffs=0|H5:H5 rack inspection and replenishment:Transport to work bay:load=False:handoffs=0|F1:F1 inbound pallet replenishment:Transport to work bay:load=True:handoffs=0|F2:F2 outbound pallet dispatch:Transport to work bay:load=True:handoffs=0"
4.4334,9,58,40,-24.0000,0.0500,15.0000,320.9776,0.0000,0.0000,-24.0000,0.0000,15.0000,0.0500,7,"","","8.854:0.050:14.375|-4.200:0.050:-12.502|23.010:0.050:-15.127|4.229:0.050:12.961|8.429:0.050:9.413","-0.316:0.000:0.575|0.000:0.000:0.656|-0.790:0.000:-0.127|-0.001:0.000:-0.656|-0.002:0.000:-0.800","-9.313:0.050:13.488|20.000:0.050:-6.652","0.151:0.000:-0.105|0.000:0.000:1.066",False,False,Idle,60.00,40.00,3.00,MultiAgentTraffic,"P1:True|P2:False|P3:True|D1:True|D2:True|D3:True","H1:H1 rack picking and carton handoff:Transport to work bay:load=True:handoffs=0|H2:H2 cross-aisle carton transfer:Transport to work bay:load=True:handoffs=0|H3:H3 station scan and dispatch verification:Transport to work bay:load=False:handoffs=0|H4:H4 trolley supply transfer:Transport to work bay:load=True:handoffs=0|H5:H5 rack inspection and replenishment:Transport to work bay:load=False:handoffs=0|F1:F1 inbound pallet replenishment:Transport to work bay:load=True:handoffs=0|F2:F2 outbound pallet dispatch:Transport to work bay:load=True:handoffs=0"
4.5377,9,58,41,-24.0000,0.0500,15.0000,320.9776,0.0000,0.0000,-24.0000,0.0000,15.0000,0.0500,7,"","","8.821:0.050:14.435|-4.200:0.050:-12.434|22.928:0.050:-15.140|4.229:0.050:12.893|8.428:0.050:9.330","-0.316:0.000:0.575|0.000:0.000:0.656|-0.790:0.000:-0.127|-0.001:0.000:-0.656|-0.002:0.000:-0.800","-9.294:0.050:13.473|20.000:0.050:-6.541","0.200:0.000:-0.178|0.000:0.000:1.066",False,False,Idle,60.00,40.00,3.00,MultiAgentTraffic,"P1:True|P2:False|P3:True|D1:True|D2:True|D3:True","H1:H1 rack picking and carton handoff:Transport to work bay:load=True:handoffs=0|H2:H2 cross-aisle carton transfer:Transport to work bay:load=True:handoffs=0|H3:H3 station scan and dispatch verification:Transport to work bay:load=False:handoffs=0|H4:H4 trolley supply transfer:Transport to work bay:load=True:handoffs=0|H5:H5 rack inspection and replenishment:Transport to work bay:load=False:handoffs=0|F1:F1 inbound pallet replenishment:Transport to work bay:load=True:handoffs=0|F2:F2 outbound pallet dispatch:Transport to work bay:load=True:handoffs=0"
4.6503,9,58,42,-24.0000,0.0500,15.0000,320.9776,0.0000,0.0000,-24.0000,0.0000,15.0000,0.0500,7,"","","8.785:0.050:14.500|-4.200:0.050:-12.360|22.839:0.050:-15.155|4.229:0.050:12.819|8.428:0.050:9.240","-0.316:0.000:0.575|0.000:0.000:0.656|-0.790:0.000:-0.127|-0.001:0.000:-0.656|-0.002:0.000:-0.800","-9.269:0.050:13.447|20.000:0.050:-6.421","0.235:0.000:-0.270|0.000:0.000:1.066",False,False,Idle,60.00,40.00,3.00,MultiAgentTraffic,"P1:True|P2:False|P3:True|D1:True|D2:True|D3:True","H1:H1 rack picking and carton handoff:Transport to work bay:load=True:handoffs=0|H2:H2 cross-aisle carton transfer:Transport to work bay:load=True:handoffs=0|H3:H3 station scan and dispatch verification:Transport to work bay:load=False:handoffs=0|H4:H4 trolley supply transfer:Transport to work bay:load=True:handoffs=0|H5:H5 rack inspection and replenishment:Transport to work bay:load=False:handoffs=0|F1:F1 inbound pallet replenishment:Transport to work bay:load=True:handoffs=0|F2:F2 outbound pallet dispatch:Transport to work bay:load=True:handoffs=0"
4.7693,9,58,43,-24.0000,0.0500,15.0000,320.9776,0.0000,0.0000,-24.0000,0.0000,15.0000,0.0500,7,"","","8.748:0.050:14.568|-4.200:0.050:-12.282|22.745:0.050:-15.170|4.228:0.050:12.741|8.428:0.050:9.144","-0.316:0.000:0.575|0.000:0.000:0.656|-0.790:0.000:-0.127|-0.001:0.000:-0.656|-0.002:0.000:-0.800","-9.240:0.050:13.407|20.000:0.050:-6.294","0.249:0.000:-0.378|0.000:0.000:1.066",False,False,Idle,60.00,40.00,3.00,MultiAgentTraffic,"P1:True|P2:False|P3:True|D1:True|D2:True|D3:True","H1:H1 rack picking and carton handoff:Transport to work bay:load=True:handoffs=0|H2:H2 cross-aisle carton transfer:Transport to work bay:load=True:handoffs=0|H3:H3 station scan and dispatch verification:Transport to work bay:load=False:handoffs=0|H4:H4 trolley supply transfer:Transport to work bay:load=True:handoffs=0|H5:H5 rack inspection and replenishment:Transport to work bay:load=False:handoffs=0|F1:F1 inbound pallet replenishment:Transport to work bay:load=True:handoffs=0|F2:F2 outbound pallet dispatch:Transport to work bay:load=True:handoffs=0"
4.8856,9,58,44,-24.0000,0.0500,15.0000,320.9776,0.0000,0.0000,-24.0000,0.0000,15.0000,0.0500,7,"","","8.711:0.050:14.635|-4.200:0.050:-12.205|22.653:0.050:-15.185|4.228:0.050:12.665|8.428:0.050:9.051","-0.316:0.000:0.575|0.000:0.000:0.656|-0.790:0.000:-0.127|-0.001:0.000:-0.656|-0.002:0.000:-0.800","-9.212:0.050:13.356|20.000:0.050:-6.170","0.238:0.000:-0.491|0.000:0.000:1.066",False,False,Idle,60.00,40.00,3.00,MultiAgentTraffic,"P1:True|P2:False|P3:True|D1:True|D2:True|D3:True","H1:H1 rack picking and carton handoff:Transport to work bay:load=True:handoffs=0|H2:H2 cross-aisle carton transfer:Transport to work bay:load=True:handoffs=0|H3:H3 station scan and dispatch verification:Transport to work bay:load=False:handoffs=0|H4:H4 trolley supply transfer:Transport to work bay:load=True:handoffs=0|H5:H5 rack inspection and replenishment:Transport to work bay:load=False:handoffs=0|F1:F1 inbound pallet replenishment:Transport to work bay:load=True:handoffs=0|F2:F2 outbound pallet dispatch:Transport to work bay:load=True:handoffs=0"
4.9944,9,58,45,-24.0000,0.0500,15.0000,320.9776,0.0000,0.0000,-24.0000,0.0000,15.0000,0.0500,7,"","","8.676:0.050:14.697|-4.200:0.050:-12.134|22.567:0.050:-15.198|4.228:0.050:12.593|8.428:0.050:8.964","-0.316:0.000:0.575|0.000:0.000:0.656|-0.790:0.000:-0.127|-0.001:0.000:-0.656|-0.002:0.000:-0.800","-9.188:0.050:13.295|20.000:0.050:-6.054","0.204:0.000:-0.599|0.000:0.000:1.066",False,False,Idle,60.00,40.00,3.00,MultiAgentTraffic,"P1:True|P2:False|P3:True|D1:True|D2:True|D3:True","H1:H1 rack picking and carton handoff:Transport to work bay:load=True:handoffs=0|H2:H2 cross-aisle carton transfer:Transport to work bay:load=True:handoffs=0|H3:H3 station scan and dispatch verification:Transport to work bay:load=False:handoffs=0|H4:H4 trolley supply transfer:Transport to work bay:load=True:handoffs=0|H5:H5 rack inspection and replenishment:Transport to work bay:load=False:handoffs=0|F1:F1 inbound pallet replenishment:Transport to work bay:load=True:handoffs=0|F2:F2 outbound pallet dispatch:Transport to work bay:load=True:handoffs=0"
5.1043,9,58,46,-24.0000,0.0500,15.0000,320.9776,0.0000,0.0000,-24.0000,0.0000,15.0000,0.0500,7,"","","8.642:0.050:14.760|-4.200:0.050:-12.062|22.480:0.050:-15.212|4.228:0.050:12.521|8.427:0.050:8.876","-0.316:0.000:0.575|0.000:0.000:0.656|-0.790:0.000:-0.127|-0.001:0.000:-0.656|-0.002:0.000:-0.800","-9.169:0.050:13.223|20.000:0.050:-5.937","0.146:0.000:-0.706|0.000:0.000:1.066",False,False,Idle,60.00,40.00,3.00,MultiAgentTraffic,"P1:True|P2:True|P3:True|D1:True|D2:True|D3:True","H1:H1 rack picking and carton handoff:Transport to work bay:load=True:handoffs=0|H2:H2 cross-aisle carton transfer:Transport to work bay:load=True:handoffs=0|H3:H3 station scan and dispatch verification:Transport to work bay:load=False:handoffs=0|H4:H4 trolley supply transfer:Transport to work bay:load=True:handoffs=0|H5:H5 rack inspection and replenishment:Transport to work bay:load=False:handoffs=0|F1:F1 inbound pallet replenishment:Transport to work bay:load=True:handoffs=0|F2:F2 outbound pallet dispatch:Transport to work bay:load=True:handoffs=0"
5.2172,9,58,47,-24.0000,0.0500,15.0000,320.9776,0.0000,0.0000,-24.0000,0.0000,15.0000,0.0500,7,"","","8.606:0.050:14.825|-4.200:0.050:-11.988|22.391:0.050:-15.227|4.228:0.050:12.447|8.427:0.050:8.786","-0.316:0.000:0.575|0.000:0.000:0.656|-0.790:0.000:-0.127|-0.001:0.000:-0.656|-0.002:0.000:-0.800","-9.158:0.050:13.136|20.000:0.050:-5.816","0.062:0.000:-0.809|0.000:0.000:1.066",False,False,Idle,60.00,40.00,3.00,MultiAgentTraffic,"P1:True|P2:True|P3:True|D1:True|D2:True|D3:True","H1:H1 rack picking and carton handoff:Transport to work bay:load=True:handoffs=0|H2:H2 cross-aisle carton transfer:Transport to work bay:load=True:handoffs=0|H3:H3 station scan and dispatch verification:Transport to work bay:load=False:handoffs=0|H4:H4 trolley supply transfer:Transport to work bay:load=True:handoffs=0|H5:H5 rack inspection and replenishment:Transport to work bay:load=False:handoffs=0|F1:F1 inbound pallet replenishment:Transport to work bay:load=True:handoffs=0|F2:F2 outbound pallet dispatch:Transport to work bay:load=True:handoffs=0"
5.3189,9,58,48,-24.0000,0.0500,15.0000,320.9776,0.0000,0.0000,-24.0000,0.0000,15.0000,0.0500,7,"","","8.574:0.050:14.884|-4.200:0.050:-11.921|22.311:0.050:-15.239|4.228:0.050:12.380|8.427:0.050:8.705","-0.316:0.000:0.575|0.000:0.000:0.656|-0.790:0.000:-0.127|-0.001:0.000:-0.656|-0.002:0.000:-0.800","-9.157:0.050:13.049|20.000:0.050:-5.708","-0.035:0.000:-0.892|0.000:0.000:1.066",False,False,Idle,60.00,40.00,3.00,MultiAgentTraffic,"P1:True|P2:True|P3:True|D1:True|D2:True|D3:True","H1:H1 rack picking and carton handoff:Transport to work bay:load=True:handoffs=0|H2:H2 cross-aisle carton transfer:Transport to work bay:load=True:handoffs=0|H3:H3 station scan and dispatch verification:Transport to work bay:load=False:handoffs=0|H4:H4 trolley supply transfer:Transport to work bay:load=True:handoffs=0|H5:H5 rack inspection and replenishment:Transport to work bay:load=False:handoffs=0|F1:F1 inbound pallet replenishment:Transport to work bay:load=True:handoffs=0|F2:F2 outbound pallet dispatch:Transport to work bay:load=True:handoffs=0"
5.4329,9,58,49,-24.0000,0.0500,15.0000,320.9776,0.0000,0.0000,-24.0000,0.0000,15.0000,0.0500,7,"","","8.538:0.050:14.949|-4.200:0.050:-11.846|22.221:0.050:-15.254|4.228:0.050:12.306|8.427:0.050:8.613","-0.316:0.000:0.575|0.000:0.000:0.656|-0.790:0.000:-0.127|-0.001:0.000:-0.656|-0.002:0.000:-0.800","-9.164:0.050:12.941|20.000:0.050:-5.586","-0.064:0.000:-0.982|0.000:0.000:1.066",False,False,Idle,60.00,40.00,3.00,MultiAgentTraffic,"P1:True|P2:True|P3:True|D1:True|D2:True|D3:True","H1:H1 rack picking and carton handoff:Transport to work bay:load=True:handoffs=0|H2:H2 cross-aisle carton transfer:Transport to work bay:load=True:handoffs=0|H3:H3 station scan and dispatch verification:Transport to work bay:load=False:handoffs=0|H4:H4 trolley supply transfer:Transport to work bay:load=True:handoffs=0|H5:H5 rack inspection and replenishment:Transport to work bay:load=False:handoffs=0|F1:F1 inbound pallet replenishment:Transport to work bay:load=True:handoffs=0|F2:F2 outbound pallet dispatch:Transport to work bay:load=True:handoffs=0"
5.5439,9,58,50,-24.0000,0.0500,15.0000,320.9776,0.0000,0.0000,-24.0000,0.0000,15.0000,0.0500,7,"","","8.503:0.050:15.013|-4.200:0.050:-11.774|22.133:0.050:-15.268|4.228:0.050:12.233|8.427:0.050:8.525","-0.316:0.000:0.575|0.000:0.000:0.656|-0.790:0.000:-0.127|-0.001:0.000:-0.656|-0.002:0.000:-0.800","-9.171:0.050:12.827|20.000:0.050:-5.468","-0.069:0.000:-1.064|0.000:0.000:1.066",False,False,Idle,60.00,40.00,3.00,MultiAgentTraffic,"P1:True|P2:True|P3:True|D1:True|D2:True|D3:True","H1:H1 rack picking and carton handoff:Transport to work bay:load=True:handoffs=0|H2:H2 cross-aisle carton transfer:Transport to work bay:load=True:handoffs=0|H3:H3 station scan and dispatch verification:Transport to work bay:load=False:handoffs=0|H4:H4 trolley supply transfer:Transport to work bay:load=True:handoffs=0|H5:H5 rack inspection and replenishment:Transport to work bay:load=False:handoffs=0|F1:F1 inbound pallet replenishment:Transport to work bay:load=True:handoffs=0|F2:F2 outbound pallet dispatch:Transport to work bay:load=True:handoffs=0"
5.6590,9,58,51,-24.0000,0.0500,15.0000,320.9776,0.0000,0.0000,-24.0000,0.0000,15.0000,0.0500,7,"","","8.466:0.050:15.079|-4.200:0.050:-11.698|22.042:0.050:-15.283|4.227:0.050:12.157|8.427:0.050:8.433","-0.316:0.000:0.575|0.000:0.000:0.656|-0.790:0.000:-0.127|-0.001:0.000:-0.656|-0.002:0.000:-0.800","-9.179:0.050:12.704|20.000:0.050:-5.345","-0.069:0.000:-1.064|0.000:0.000:1.066",False,False,Idle,60.00,40.00,3.00,MultiAgentTraffic,"P1:True|P2:True|P3:True|D1:True|D2:True|D3:True","H1:H1 rack picking and carton handoff:Transport to work bay:load=True:handoffs=0|H2:H2 cross-aisle carton transfer:Transport to work bay:load=True:handoffs=0|H3:H3 station scan and dispatch verification:Transport to work bay:load=False:handoffs=0|H4:H4 trolley supply transfer:Transport to work bay:load=True:handoffs=0|H5:H5 rack inspection and replenishment:Transport to work bay:load=False:handoffs=0|F1:F1 inbound pallet replenishment:Transport to work bay:load=True:handoffs=0|F2:F2 outbound pallet dispatch:Transport to work bay:load=True:handoffs=0"
5.7594,9,58,52,-24.0000,0.0500,15.0000,320.9776,0.0000,0.0000,-24.0000,0.0000,15.0000,0.0500,7,"","","8.434:0.050:15.137|-4.200:0.050:-11.632|21.963:0.050:-15.295|4.227:0.050:12.091|8.426:0.050:8.352","-0.316:0.000:0.575|0.000:0.000:0.656|-0.790:0.000:-0.127|-0.001:0.000:-0.656|-0.002:0.000:-0.800","-9.186:0.050:12.598|20.000:0.050:-5.238","-0.069:0.000:-1.064|0.000:0.000:1.066",False,False,Idle,60.00,40.00,3.00,MultiAgentTraffic,"P1:True|P2:True|P3:True|D1:True|D2:True|D3:True","H1:H1 rack picking and carton handoff:Transport to work bay:load=True:handoffs=0|H2:H2 cross-aisle carton transfer:Transport to work bay:load=True:handoffs=0|H3:H3 station scan and dispatch verification:Transport to work bay:load=False:handoffs=0|H4:H4 trolley supply transfer:Transport to work bay:load=True:handoffs=0|H5:H5 rack inspection and replenishment:Transport to work bay:load=False:handoffs=0|F1:F1 inbound pallet replenishment:Transport to work bay:load=True:handoffs=0|F2:F2 outbound pallet dispatch:Transport to work bay:load=True:handoffs=0"
5.8686,9,58,53,-24.0000,0.0500,15.0000,320.9776,0.0000,0.0000,-24.0000,0.0000,15.0000,0.0500,7,"","","8.400:0.050:15.200|-4.200:0.050:-11.561|21.877:0.050:-15.309|4.227:0.050:12.020|8.426:0.050:8.265","-0.316:0.000:0.575|0.000:0.000:0.656|-0.790:0.000:-0.127|-0.001:0.000:-0.656|-0.002:0.000:-0.800","-9.194:0.050:12.481|20.000:0.050:-5.122","-0.069:0.000:-1.064|0.000:0.000:1.066",False,False,Idle,60.00,40.00,3.00,MultiAgentTraffic,"P1:True|P2:True|P3:True|D1:True|D2:True|D3:True","H1:H1 rack picking and carton handoff:Transport to work bay:load=True:handoffs=0|H2:H2 cross-aisle carton transfer:Transport to work bay:load=True:handoffs=0|H3:H3 station scan and dispatch verification:Transport to work bay:load=False:handoffs=0|H4:H4 trolley supply transfer:Transport to work bay:load=True:handoffs=0|H5:H5 rack inspection and replenishment:Transport to work bay:load=False:handoffs=0|F1:F1 inbound pallet replenishment:Transport to work bay:load=True:handoffs=0|F2:F2 outbound pallet dispatch:Transport to work bay:load=True:handoffs=0"
5.9732,9,58,54,-24.0000,0.0500,15.0000,320.9776,0.0000,0.0000,-24.0000,0.0000,15.0000,0.0500,7,"","","8.367:0.050:15.260|-4.200:0.050:-11.492|21.794:0.050:-15.322|4.227:0.050:11.951|8.426:0.050:8.181","-0.316:0.000:0.575|0.000:0.000:0.656|-0.790:0.000:-0.127|-0.001:0.000:-0.656|-0.002:0.000:-0.800","-9.201:0.050:12.370|20.000:0.050:-5.011","-0.069:0.000:-1.064|0.000:0.000:1.066",False,False,Idle,60.00,40.00,3.00,MultiAgentTraffic,"P1:True|P2:True|P3:True|D1:True|D2:True|D3:True","H1:H1 rack picking and carton handoff:Transport to work bay:load=True:handoffs=0|H2:H2 cross-aisle carton transfer:Transport to work bay:load=True:handoffs=0|H3:H3 station scan and dispatch verification:Transport to work bay:load=False:handoffs=0|H4:H4 trolley supply transfer:Transport to work bay:load=True:handoffs=0|H5:H5 rack inspection and replenishment:Transport to work bay:load=False:handoffs=0|F1:F1 inbound pallet replenishment:Transport to work bay:load=True:handoffs=0|F2:F2 outbound pallet dispatch:Transport to work bay:load=True:handoffs=0"
6.0779,9,58,55,-24.0000,0.0500,15.0000,320.9776,0.0000,0.0000,-24.0000,0.0000,15.0000,0.0500,7,"","","8.334:0.050:15.320|-4.200:0.050:-11.423|21.711:0.050:-15.336|4.227:0.050:11.883|8.426:0.050:8.097","-0.316:0.000:0.575|0.000:0.000:0.656|-0.790:0.000:-0.127|-0.001:0.000:-0.656|-0.002:0.000:-0.800","-9.208:0.050:12.259|20.000:0.050:-4.899","-0.069:0.000:-1.064|0.000:0.000:1.066",False,False,Idle,60.00,40.00,3.00,MultiAgentTraffic,"P1:True|P2:True|P3:True|D1:True|D2:True|D3:True","H1:H1 rack picking and carton handoff:Transport to work bay:load=True:handoffs=0|H2:H2 cross-aisle carton transfer:Transport to work bay:load=True:handoffs=0|H3:H3 station scan and dispatch verification:Transport to work bay:load=False:handoffs=0|H4:H4 trolley supply transfer:Transport to work bay:load=True:handoffs=0|H5:H5 rack inspection and replenishment:Transport to work bay:load=False:handoffs=0|F1:F1 inbound pallet replenishment:Transport to work bay:load=True:handoffs=0|F2:F2 outbound pallet dispatch:Transport to work bay:load=True:handoffs=0"
6.1789,9,58,56,-24.0000,0.0500,15.0000,320.9776,0.0000,0.0000,-24.0000,0.0000,15.0000,0.0500,7,"","","8.302:0.050:15.378|-4.200:0.050:-11.357|21.631:0.050:-15.348|4.227:0.050:11.816|8.426:0.050:8.017","-0.316:0.000:0.575|0.000:0.000:0.656|-0.790:0.000:-0.127|-0.001:0.000:-0.656|-0.002:0.000:-0.800","-9.215:0.050:12.151|20.000:0.050:-4.791","-0.069:0.000:-1.064|0.000:0.000:1.066",False,False,Idle,60.00,40.00,3.00,MultiAgentTraffic,"P1:True|P2:True|P3:True|D1:True|D2:True|D3:True","H1:H1 rack picking and carton handoff:Transport to work bay:load=True:handoffs=0|H2:H2 cross-aisle carton transfer:Transport to work bay:load=True:handoffs=0|H3:H3 station scan and dispatch verification:Transport to work bay:load=False:handoffs=0|H4:H4 trolley supply transfer:Transport to work bay:load=True:handoffs=0|H5:H5 rack inspection and replenishment:Transport to work bay:load=False:handoffs=0|F1:F1 inbound pallet replenishment:Transport to work bay:load=True:handoffs=0|F2:F2 outbound pallet dispatch:Transport to work bay:load=True:handoffs=0"
6.2835,9,58,57,-24.0000,0.0500,15.0000,320.9776,0.0000,0.0000,-24.0000,0.0000,15.0000,0.0500,7,"","","8.268:0.050:15.438|-4.200:0.050:-11.288|21.549:0.050:-15.362|4.227:0.050:11.748|8.425:0.050:7.933","-0.316:0.000:0.575|0.000:0.000:0.656|-0.790:0.000:-0.127|-0.001:0.000:-0.656|-0.002:0.000:-0.800","-9.223:0.050:12.040|20.000:0.050:-4.680","-0.069:0.000:-1.064|0.000:0.000:1.066",False,False,Idle,60.00,40.00,3.00,MultiAgentTraffic,"P1:True|P2:True|P3:True|D1:True|D2:True|D3:True","H1:H1 rack picking and carton handoff:Transport to work bay:load=True:handoffs=0|H2:H2 cross-aisle carton transfer:Transport to work bay:load=True:handoffs=0|H3:H3 station scan and dispatch verification:Transport to work bay:load=False:handoffs=0|H4:H4 trolley supply transfer:Transport to work bay:load=True:handoffs=0|H5:H5 rack inspection and replenishment:Transport to work bay:load=False:handoffs=0|F1:F1 inbound pallet replenishment:Transport to work bay:load=True:handoffs=0|F2:F2 outbound pallet dispatch:Transport to work bay:load=True:handoffs=0"
6.3852,9,58,58,-24.0000,0.0500,15.0000,320.9776,0.0000,0.0000,-24.0000,0.0000,15.0000,0.0500,7,"","","8.236:0.050:15.496|-4.200:0.050:-11.222|21.469:0.050:-15.375|4.227:0.050:11.681|8.425:0.050:7.852","-0.316:0.000:0.575|0.000:0.000:0.656|-0.790:0.000:-0.127|-0.001:0.000:-0.656|-0.002:0.000:-0.800","-9.230:0.050:11.932|20.000:0.050:-4.571","-0.069:0.000:-1.064|0.000:0.000:1.066",False,False,Idle,60.00,40.00,3.00,MultiAgentTraffic,"P1:True|P2:True|P3:True|D1:True|D2:True|D3:True","H1:H1 rack picking and carton handoff:Transport to work bay:load=True:handoffs=0|H2:H2 cross-aisle carton transfer:Transport to work bay:load=True:handoffs=0|H3:H3 station scan and dispatch verification:Transport to work bay:load=False:handoffs=0|H4:H4 trolley supply transfer:Transport to work bay:load=True:handoffs=0|H5:H5 rack inspection and replenishment:Transport to work bay:load=False:handoffs=0|F1:F1 inbound pallet replenishment:Transport to work bay:load=True:handoffs=0|F2:F2 outbound pallet dispatch:Transport to work bay:load=True:handoffs=0"
6.4913,9,58,59,-24.0000,0.0500,15.0000,320.9776,0.0000,0.0000,-24.0000,0.0000,15.0000,0.0500,7,"","","8.203:0.050:15.557|-4.200:0.050:-11.152|21.385:0.050:-15.388|4.227:0.050:11.611|8.425:0.050:7.767","-0.316:0.000:0.575|0.000:0.000:0.656|-0.790:0.000:-0.127|-0.001:0.000:-0.656|-0.002:0.000:-0.800","-9.237:0.050:11.819|20.000:0.050:-4.458","-0.069:0.000:-1.064|0.000:0.000:1.066",False,False,Idle,60.00,40.00,3.00,MultiAgentTraffic,"P1:True|P2:True|P3:True|D1:True|D2:True|D3:True","H1:H1 rack picking and carton handoff:Transport to work bay:load=True:handoffs=0|H2:H2 cross-aisle carton transfer:Transport to work bay:load=True:handoffs=0|H3:H3 station scan and dispatch verification:Transport to work bay:load=False:handoffs=0|H4:H4 trolley supply transfer:Transport to work bay:load=True:handoffs=0|H5:H5 rack inspection and replenishment:Transport to work bay:load=False:handoffs=0|F1:F1 inbound pallet replenishment:Transport to work bay:load=True:handoffs=0|F2:F2 outbound pallet dispatch:Transport to work bay:load=True:handoffs=0"
6.6008,9,58,60,-24.0000,0.0500,15.0000,320.9776,0.0000,0.0000,-24.0000,0.0000,15.0000,0.0500,7,"","","8.168:0.050:15.620|-4.200:0.050:-11.080|21.298:0.050:-15.402|4.226:0.050:11.540|8.425:0.050:7.679","-0.316:0.000:0.575|0.000:0.000:0.656|-0.790:0.000:-0.127|-0.001:0.000:-0.656|-0.002:0.000:-0.800","-9.244:0.050:11.702|20.000:0.050:-4.342","-0.069:0.000:-1.064|0.000:0.000:1.066",False,False,Idle,60.00,40.00,3.00,MultiAgentTraffic,"P1:True|P2:True|P3:True|D1:True|D2:True|D3:True","H1:H1 rack picking and carton handoff:Transport to work bay:load=True:handoffs=0|H2:H2 cross-aisle carton transfer:Transport to work bay:load=True:handoffs=0|H3:H3 station scan and dispatch verification:Transport to work bay:load=False:handoffs=0|H4:H4 trolley supply transfer:Transport to work bay:load=True:handoffs=0|H5:H5 rack inspection and replenishment:Transport to work bay:load=False:handoffs=0|F1:F1 inbound pallet replenishment:Transport to work bay:load=True:handoffs=0|F2:F2 outbound pallet dispatch:Transport to work bay:load=True:handoffs=0"
6.7020,9,58,61,-24.0000,0.0500,15.0000,320.9776,0.0000,0.0000,-24.0000,0.0000,15.0000,0.0500,7,"","","8.136:0.050:15.678|-4.200:0.050:-11.014|21.218:0.050:-15.415|4.226:0.050:11.473|8.425:0.050:7.598","-0.316:0.000:0.575|0.000:0.000:0.656|-0.790:0.000:-0.127|-0.001:0.000:-0.656|-0.002:0.000:-0.800","-9.251:0.050:11.595|20.000:0.050:-4.234","-0.069:0.000:-1.064|0.000:0.000:1.066",False,False,Idle,60.00,40.00,3.00,MultiAgentTraffic,"P1:True|P2:True|P3:True|D1:True|D2:True|D3:True","H1:H1 rack picking and carton handoff:Transport to work bay:load=True:handoffs=0|H2:H2 cross-aisle carton transfer:Transport to work bay:load=True:handoffs=0|H3:H3 station scan and dispatch verification:Transport to work bay:load=False:handoffs=0|H4:H4 trolley supply transfer:Transport to work bay:load=True:handoffs=0|H5:H5 rack inspection and replenishment:Transport to work bay:load=False:handoffs=0|F1:F1 inbound pallet replenishment:Transport to work bay:load=True:handoffs=0|F2:F2 outbound pallet dispatch:Transport to work bay:load=True:handoffs=0"
6.8051,9,58,62,-24.0000,0.0500,15.0000,320.9776,0.0000,0.0000,-24.0000,0.0000,15.0000,0.0500,7,"","","8.103:0.050:15.738|-4.200:0.050:-10.946|21.137:0.050:-15.428|4.226:0.050:11.406|8.425:0.050:7.516","-0.316:0.000:0.575|0.000:0.000:0.656|-0.790:0.000:-0.127|-0.001:0.000:-0.656|-0.002:0.000:-0.800","-9.259:0.050:11.485|20.000:0.050:-4.124","-0.069:0.000:-1.064|0.000:0.000:1.066",False,False,Idle,60.00,40.00,3.00,MultiAgentTraffic,"P1:True|P2:True|P3:True|D1:True|D2:True|D3:True","H1:H1 rack picking and carton handoff:Transport to work bay:load=True:handoffs=0|H2:H2 cross-aisle carton transfer:Transport to work bay:load=True:handoffs=0|H3:H3 station scan and dispatch verification:Transport to work bay:load=False:handoffs=0|H4:H4 trolley supply transfer:Transport to work bay:load=True:handoffs=0|H5:H5 rack inspection and replenishment:Transport to work bay:load=False:handoffs=0|F1:F1 inbound pallet replenishment:Transport to work bay:load=True:handoffs=0|F2:F2 outbound pallet dispatch:Transport to work bay:load=True:handoffs=0"
6.9068,9,58,63,-24.0000,0.0500,15.0000,320.9776,0.0000,0.0000,-24.0000,0.0000,15.0000,0.0500,7,"","","8.071:0.050:15.796|-4.200:0.050:-10.880|21.056:0.050:-15.441|4.226:0.050:11.339|8.424:0.050:7.434","-0.316:0.000:0.575|0.000:0.000:0.656|-0.790:0.000:-0.127|-0.001:0.000:-0.656|-0.002:0.000:-0.800","-9.266:0.050:11.377|20.000:0.050:-4.015","-0.069:0.000:-1.064|0.000:0.000:1.066",False,False,Idle,60.00,40.00,3.00,MultiAgentTraffic,"P1:True|P2:True|P3:True|D1:True|D2:True|D3:True","H1:H1 rack picking and carton handoff:Transport to work bay:load=True:handoffs=0|H2:H2 cross-aisle carton transfer:Transport to work bay:load=True:handoffs=0|H3:H3 station scan and dispatch verification:Transport to work bay:load=False:handoffs=0|H4:H4 trolley supply transfer:Transport to work bay:load=True:handoffs=0|H5:H5 rack inspection and replenishment:Transport to work bay:load=False:handoffs=0|F1:F1 inbound pallet replenishment:Transport to work bay:load=True:handoffs=0|F2:F2 outbound pallet dispatch:Transport to work bay:load=True:handoffs=0"
7.0141,9,58,64,-24.0000,0.0500,15.0000,320.9776,0.0000,0.0000,-24.0000,0.0000,15.0000,0.0500,7,"","","8.037:0.050:15.858|-4.200:0.050:-10.809|20.972:0.050:-15.454|4.226:0.050:11.268|8.424:0.050:7.348","-0.316:0.000:0.575|0.000:0.000:0.656|-0.790:0.000:-0.127|-0.001:0.000:-0.656|-0.002:0.000:-0.800","-9.273:0.050:11.263|20.000:0.050:-3.901","-0.069:0.000:-1.064|0.000:0.000:1.066",False,False,Idle,60.00,40.00,3.00,MultiAgentTraffic,"P1:True|P2:True|P3:True|D1:True|D2:True|D3:True","H1:H1 rack picking and carton handoff:Transport to work bay:load=True:handoffs=0|H2:H2 cross-aisle carton transfer:Transport to work bay:load=True:handoffs=0|H3:H3 station scan and dispatch verification:Transport to work bay:load=False:handoffs=0|H4:H4 trolley supply transfer:Transport to work bay:load=True:handoffs=0|H5:H5 rack inspection and replenishment:Transport to work bay:load=False:handoffs=0|F1:F1 inbound pallet replenishment:Transport to work bay:load=True:handoffs=0|F2:F2 outbound pallet dispatch:Transport to work bay:load=True:handoffs=0"
7.1254,9,58,65,-24.0000,0.0500,15.0000,320.9776,0.0000,0.0000,-24.0000,0.0000,15.0000,0.0500,7,"","","8.002:0.050:15.922|-4.200:0.050:-10.736|20.884:0.050:-15.468|4.226:0.050:11.195|8.424:0.050:7.259","-0.316:0.000:0.575|0.000:0.000:0.656|-0.790:0.000:-0.127|-0.001:0.000:-0.656|-0.002:0.000:-0.800","-9.281:0.050:11.145|20.000:0.050:-3.782","-0.069:0.000:-1.064|0.000:0.000:1.066",False,False,Idle,60.00,40.00,3.00,MultiAgentTraffic,"P1:True|P2:True|P3:True|D1:True|D2:True|D3:True","H1:H1 rack picking and carton handoff:Transport to work bay:load=True:handoffs=0|H2:H2 cross-aisle carton transfer:Transport to work bay:load=True:handoffs=0|H3:H3 station scan and dispatch verification:Transport to work bay:load=False:handoffs=0|H4:H4 trolley supply transfer:Transport to work bay:load=True:handoffs=0|H5:H5 rack inspection and replenishment:Transport to work bay:load=False:handoffs=0|F1:F1 inbound pallet replenishment:Transport to work bay:load=True:handoffs=0|F2:F2 outbound pallet dispatch:Transport to work bay:load=True:handoffs=0"
7.2260,9,58,66,-24.0000,0.0500,15.0000,320.9776,0.0000,0.0000,-24.0000,0.0000,15.0000,0.0500,7,"","","7.970:0.050:15.980|-4.200:0.050:-10.670|20.804:0.050:-15.481|4.226:0.050:11.129|8.424:0.050:7.179","-0.316:0.000:0.575|0.000:0.000:0.656|-0.790:0.000:-0.127|-0.001:0.000:-0.656|-0.002:0.000:-0.800","-9.288:0.050:11.037|20.000:0.050:-3.675","-0.069:0.000:-1.064|0.000:0.000:1.066",False,False,Idle,60.00,40.00,3.00,MultiAgentTraffic,"P1:True|P2:True|P3:True|D1:True|D2:True|D3:True","H1:H1 rack picking and carton handoff:Transport to work bay:load=True:handoffs=0|H2:H2 cross-aisle carton transfer:Transport to work bay:load=True:handoffs=0|H3:H3 station scan and dispatch verification:Transport to work bay:load=False:handoffs=0|H4:H4 trolley supply transfer:Transport to work bay:load=True:handoffs=0|H5:H5 rack inspection and replenishment:Transport to work bay:load=False:handoffs=0|F1:F1 inbound pallet replenishment:Transport to work bay:load=True:handoffs=0|F2:F2 outbound pallet dispatch:Transport to work bay:load=True:handoffs=0"
7.3300,9,58,67,-24.0000,0.0500,15.0000,320.9776,0.0000,0.0000,-24.0000,0.0000,15.0000,0.0500,7,"","","7.937:0.050:16.039|-4.200:0.050:-10.602|20.722:0.050:-15.494|4.226:0.050:11.061|8.424:0.050:7.096","-0.316:0.000:0.575|0.000:0.000:0.656|-0.790:0.000:-0.127|-0.001:0.000:-0.656|-0.002:0.000:-0.800","-9.295:0.050:10.927|20.000:0.050:-3.564","-0.069:0.000:-1.064|0.000:0.000:1.066",False,False,Idle,60.00,40.00,3.00,MultiAgentTraffic,"P1:True|P2:True|P3:True|D1:True|D2:True|D3:True","H1:H1 rack picking and carton handoff:Transport to work bay:load=True:handoffs=0|H2:H2 cross-aisle carton transfer:Transport to work bay:load=True:handoffs=0|H3:H3 station scan and dispatch verification:Transport to work bay:load=False:handoffs=0|H4:H4 trolley supply transfer:Transport to work bay:load=True:handoffs=0|H5:H5 rack inspection and replenishment:Transport to work bay:load=False:handoffs=0|F1:F1 inbound pallet replenishment:Transport to work bay:load=True:handoffs=0|F2:F2 outbound pallet dispatch:Transport to work bay:load=True:handoffs=0"
7.4343,9,58,68,-24.0000,0.0500,15.0000,320.9776,0.0000,0.0000,-24.0000,0.0000,15.0000,0.0500,7,"","","7.904:0.050:16.099|-4.200:0.050:-10.534|20.640:0.050:-15.507|4.226:0.050:10.993|8.424:0.050:7.012","-0.316:0.000:0.575|0.000:0.000:0.656|-0.790:0.000:-0.127|-0.001:0.000:-0.656|-0.002:0.000:-0.800","-9.302:0.050:10.816|20.000:0.050:-3.453","-0.069:0.000:-1.064|0.000:0.000:1.066",False,False,Idle,60.00,40.00,3.00,MultiAgentTraffic,"P1:True|P2:True|P3:True|D1:True|D2:True|D3:True","H1:H1 rack picking and carton handoff:Transport to work bay:load=True:handoffs=0|H2:H2 cross-aisle carton transfer:Transport to work bay:load=True:handoffs=0|H3:H3 station scan and dispatch verification:Transport to work bay:load=False:handoffs=0|H4:H4 trolley supply transfer:Transport to work bay:load=True:handoffs=0|H5:H5 rack inspection and replenishment:Transport to work bay:load=False:handoffs=0|F1:F1 inbound pallet replenishment:Transport to work bay:load=True:handoffs=0|F2:F2 outbound pallet dispatch:Transport to work bay:load=True:handoffs=0"
7.5405,9,58,69,-24.0000,0.0500,15.0000,320.9776,0.0000,0.0000,-24.0000,0.0000,15.0000,0.0500,7,"","","7.871:0.050:16.160|-4.200:0.050:-10.464|20.556:0.050:-15.521|4.225:0.050:10.923|8.423:0.050:6.927","-0.316:0.000:0.575|0.000:0.000:0.656|-0.790:0.000:-0.127|-0.001:0.000:-0.656|-0.002:0.000:-0.800","-9.309:0.050:10.703|20.000:0.050:-3.340","-0.069:0.000:-1.064|0.000:0.000:1.066",False,False,Idle,60.00,40.00,3.00,MultiAgentTraffic,"P1:True|P2:True|P3:True|D1:True|D2:True|D3:True","H1:H1 rack picking and carton handoff:Transport to work bay:load=True:handoffs=0|H2:H2 cross-aisle carton transfer:Transport to work bay:load=True:handoffs=0|H3:H3 station scan and dispatch verification:Transport to work bay:load=False:handoffs=0|H4:H4 trolley supply transfer:Transport to work bay:load=True:handoffs=0|H5:H5 rack inspection and replenishment:Transport to work bay:load=False:handoffs=0|F1:F1 inbound pallet replenishment:Transport to work bay:load=True:handoffs=0|F2:F2 outbound pallet dispatch:Transport to work bay:load=True:handoffs=0"
7.6429,9,58,70,-24.0000,0.0500,15.0000,320.9776,0.0000,0.0000,-24.0000,0.0000,15.0000,0.0500,7,"","","7.838:0.050:16.219|-4.200:0.050:-10.397|20.475:0.050:-15.534|4.225:0.050:10.856|8.423:0.050:6.845","-0.316:0.000:0.575|0.000:0.000:0.656|-0.790:0.000:-0.127|-0.001:0.000:-0.656|-0.002:0.000:-0.800","-9.313:0.050:10.600|20.000:0.050:-3.231","0.012:0.000:-0.928|0.000:0.000:1.066",False,False,Idle,60.00,40.00,3.00,MultiAgentTraffic,"P1:True|P2:True|P3:True|D1:True|D2:True|D3:True","H1:H1 rack picking and carton handoff:Transport to work bay:load=True:handoffs=0|H2:H2 cross-aisle carton transfer:Transport to work bay:load=True:handoffs=0|H3:H3 station scan and dispatch verification:Transport to work bay:load=False:handoffs=0|H4:H4 trolley supply transfer:Transport to work bay:load=True:handoffs=0|H5:H5 rack inspection and replenishment:Transport to work bay:load=False:handoffs=0|F1:F1 inbound pallet replenishment:Transport to work bay:load=True:handoffs=0|F2:F2 outbound pallet dispatch:Transport to work bay:load=True:handoffs=0"
7.7552,9,58,71,-24.0000,0.0500,15.0000,320.9776,0.0000,0.0000,-24.0000,0.0000,15.0000,0.0500,7,"","","7.803:0.050:16.284|-4.200:0.050:-10.323|20.386:0.050:-15.548|4.225:0.050:10.782|8.423:0.050:6.756","-0.316:0.000:0.575|0.000:0.000:0.656|-0.790:0.000:-0.127|-0.001:0.000:-0.656|-0.002:0.000:-0.800","-9.304:0.050:10.497|20.000:0.050:-3.111","0.133:0.000:-0.946|0.000:0.000:1.066",False,False,Idle,60.00,40.00,3.00,MultiAgentTraffic,"P1:True|P2:True|P3:True|D1:True|D2:True|D3:True","H1:H1 rack picking and carton handoff:Transport to work bay:load=True:handoffs=0|H2:H2 cross-aisle carton transfer:Transport to work bay:load=True:handoffs=0|H3:H3 station scan and dispatch verification:Transport to work bay:load=False:handoffs=0|H4:H4 trolley supply transfer:Transport to work bay:load=True:handoffs=0|H5:H5 rack inspection and replenishment:Transport to work bay:load=False:handoffs=0|F1:F1 inbound pallet replenishment:Transport to work bay:load=True:handoffs=0|F2:F2 outbound pallet dispatch:Transport to work bay:load=True:handoffs=0"
7.8749,9,58,72,-24.0000,0.0500,15.0000,320.9776,0.0000,0.0000,-24.0000,0.0000,15.0000,0.0500,7,"","","7.765:0.050:16.352|-4.200:0.050:-10.244|20.292:0.050:-15.563|4.225:0.050:10.704|8.423:0.050:6.660","-0.316:0.000:0.575|0.000:0.000:0.656|-0.790:0.000:-0.127|-0.001:0.000:-0.656|-0.002:0.000:-0.800","-9.280:0.050:10.379|20.000:0.050:-2.983","0.221:0.000:-1.027|0.000:0.000:1.066",False,False,Idle,60.00,40.00,3.00,MultiAgentTraffic,"P1:True|P2:True|P3:True|D1:True|D2:True|D3:True","H1:H1 rack picking and carton handoff:Transport to work bay:load=True:handoffs=0|H2:H2 cross-aisle carton transfer:Transport to work bay:load=True:handoffs=0|H3:H3 station scan and dispatch verification:Transport to work bay:load=False:handoffs=0|H4:H4 trolley supply transfer:Transport to work bay:load=True:handoffs=0|H5:H5 rack inspection and replenishment:Transport to work bay:load=False:handoffs=0|F1:F1 inbound pallet replenishment:Transport to work bay:load=True:handoffs=0|F2:F2 outbound pallet dispatch:Transport to work bay:load=True:handoffs=0"
7.9836,9,58,73,-24.0000,0.0500,15.0000,320.9776,0.0000,0.0000,-24.0000,0.0000,15.0000,0.0500,7,"","","7.730:0.050:16.415|-4.200:0.050:-10.173|20.206:0.050:-15.577|4.225:0.050:10.632|8.423:0.050:6.573","-0.316:0.000:0.575|0.000:0.000:0.656|-0.790:0.000:-0.127|-0.001:0.000:-0.656|-0.002:0.000:-0.800","-9.263:0.050:10.274|20.000:0.050:-2.867","0.096:0.000:-0.887|0.000:0.000:1.066",False,False,Idle,60.00,40.00,3.00,MultiAgentTraffic,"P1:True|P2:True|P3:True|D1:True|D2:True|D3:True","H1:H1 rack picking and carton handoff:Transport to work bay:load=True:handoffs=0|H2:H2 cross-aisle carton transfer:Transport to work bay:load=True:handoffs=0|H3:H3 station scan and dispatch verification:Transport to work bay:load=False:handoffs=0|H4:H4 trolley supply transfer:Transport to work bay:load=True:handoffs=0|H5:H5 rack inspection and replenishment:Transport to work bay:load=False:handoffs=0|F1:F1 inbound pallet replenishment:Transport to work bay:load=True:handoffs=0|F2:F2 outbound pallet dispatch:Transport to work bay:load=True:handoffs=0"
8.0939,9,58,74,-24.0000,0.0500,15.0000,320.9776,0.0000,0.0000,-24.0000,0.0000,15.0000,0.0500,7,"","","7.696:0.050:16.478|-4.200:0.050:-10.101|20.119:0.050:-15.591|4.225:0.050:10.560|8.423:0.050:6.485","-0.316:0.000:0.575|0.000:0.000:0.656|-0.790:0.000:-0.127|-0.001:0.000:-0.656|-0.002:0.000:-0.800","-9.260:0.050:10.190|20.000:0.050:-2.750","-0.012:0.000:-0.671|0.000:0.000:1.066",False,False,Idle,60.00,40.00,3.00,MultiAgentTraffic,"P1:True|P2:True|P3:True|D1:True|D2:True|D3:True","H1:H1 rack picking and carton handoff:Transport to work bay:load=True:handoffs=0|H2:H2 cross-aisle carton transfer:Transport to work bay:load=True:handoffs=0|H3:H3 station scan and dispatch verification:Transport to work bay:load=False:handoffs=0|H4:H4 trolley supply transfer:Transport to work bay:load=True:handoffs=0|H5:H5 rack inspection and replenishment:Transport to work bay:load=False:handoffs=0|F1:F1 inbound pallet replenishment:Transport to work bay:load=True:handoffs=0|F2:F2 outbound pallet dispatch:Transport to work bay:load=True:handoffs=0"
8.1986,9,58,75,-24.0000,0.0500,15.0000,320.9776,0.0000,0.0000,-24.0000,0.0000,15.0000,0.0500,7,"","","7.662:0.050:16.538|-4.200:0.050:-10.032|20.036:0.050:-15.604|4.225:0.050:10.491|8.422:0.050:6.401","-0.326:0.000:0.529|0.000:0.000:0.656|-0.790:0.000:-0.127|-0.001:0.000:-0.656|-0.002:0.000:-0.800","-9.265:0.050:10.133|20.000:0.050:-2.638","-0.065:0.000:-0.477|0.000:0.000:1.066",False,False,Idle,60.00,40.00,3.00,MultiAgentTraffic,"P1:True|P2:True|P3:True|D1:True|D2:True|D3:True","H1:H1 rack picking and carton handoff:Transport to work bay:load=True:handoffs=0|H2:H2 cross-aisle carton transfer:Transport to work bay:load=True:handoffs=0|H3:H3 station scan and dispatch verification:Transport to work bay:load=False:handoffs=0|H4:H4 trolley supply transfer:Transport to work bay:load=True:handoffs=0|H5:H5 rack inspection and replenishment:Transport to work bay:load=False:handoffs=0|F1:F1 inbound pallet replenishment:Transport to work bay:load=True:handoffs=0|F2:F2 outbound pallet dispatch:Transport to work bay:load=True:handoffs=0"
8.3091,9,58,76,-24.0000,0.0500,15.0000,320.9776,0.0000,0.0000,-24.0000,0.0000,15.0000,0.0500,7,"","","7.619:0.050:16.594|-4.200:0.050:-9.960|19.949:0.050:-15.618|4.225:0.050:10.419|8.422:0.050:6.312","-0.406:0.000:0.515|0.000:0.000:0.656|-0.790:0.000:-0.127|-0.001:0.000:-0.656|-0.002:0.000:-0.800","-9.277:0.050:10.075|20.000:0.050:-2.521","-0.147:0.000:-0.551|0.000:0.000:1.066",False,False,Idle,60.00,40.00,3.00,MultiAgentTraffic,"P1:True|P2:True|P3:True|D1:True|D2:True|D3:True","H1:H1 rack picking and carton handoff:Transport to work bay:load=True:handoffs=0|H2:H2 cross-aisle carton transfer:Transport to work bay:load=True:handoffs=0|H3:H3 station scan and dispatch verification:Transport to work bay:load=False:handoffs=0|H4:H4 trolley supply transfer:Transport to work bay:load=True:handoffs=0|H5:H5 rack inspection and replenishment:Transport to work bay:load=False:handoffs=0|F1:F1 inbound pallet replenishment:Transport to work bay:load=True:handoffs=0|F2:F2 outbound pallet dispatch:Transport to work bay:load=True:handoffs=0"
8.4175,9,58,77,-24.0000,0.0500,15.0000,320.9776,0.0000,0.0000,-24.0000,0.0000,15.0000,0.0500,7,"","","7.575:0.050:16.650|-4.200:0.050:-9.889|19.863:0.050:-15.632|4.225:0.050:10.348|8.422:0.050:6.226","-0.406:0.000:0.515|0.000:0.000:0.656|-0.790:0.000:-0.127|-0.001:0.000:-0.656|-0.002:0.000:-0.800","-9.299:0.050:10.011|20.000:0.050:-2.405","-0.245:0.000:-0.609|0.000:0.000:1.066",False,False,Idle,60.00,40.00,3.00,MultiAgentTraffic,"P1:True|P2:True|P3:True|D1:True|D2:True|D3:True","H1:H1 rack picking and carton handoff:Transport to work bay:load=True:handoffs=0|H2:H2 cross-aisle carton transfer:Transport to work bay:load=True:handoffs=0|H3:H3 station scan and dispatch verification:Transport to work bay:load=False:handoffs=0|H4:H4 trolley supply transfer:Transport to work bay:load=True:handoffs=0|H5:H5 rack inspection and replenishment:Transport to work bay:load=False:handoffs=0|F1:F1 inbound pallet replenishment:Transport to work bay:load=True:handoffs=0|F2:F2 outbound pallet dispatch:Transport to work bay:load=True:handoffs=0"
8.5275,9,58,78,-24.0000,0.0500,15.0000,320.9776,0.0000,0.0000,-24.0000,0.0000,15.0000,0.0500,7,"","","7.530:0.050:16.707|-4.200:0.050:-9.816|19.776:0.050:-15.646|4.224:0.050:10.276|8.422:0.050:6.138","-0.406:0.000:0.515|0.000:0.000:0.656|-0.790:0.000:-0.127|-0.001:0.000:-0.656|-0.002:0.000:-0.800","-9.333:0.050:9.942|20.000:0.050:-2.288","-0.361:0.000:-0.651|0.000:0.000:1.066",False,False,Idle,60.00,40.00,3.00,MultiAgentTraffic,"P1:True|P2:True|P3:True|D1:True|D2:True|D3:True","H1:H1 rack picking and carton handoff:Transport to work bay:load=True:handoffs=0|H2:H2 cross-aisle carton transfer:Transport to work bay:load=True:handoffs=0|H3:H3 station scan and dispatch verification:Transport to work bay:load=False:handoffs=0|H4:H4 trolley supply transfer:Transport to work bay:load=True:handoffs=0|H5:H5 rack inspection and replenishment:Transport to work bay:load=False:handoffs=0|F1:F1 inbound pallet replenishment:Transport to work bay:load=True:handoffs=0|F2:F2 outbound pallet dispatch:Transport to work bay:load=True:handoffs=0"
8.6409,9,58,79,-24.0000,0.0500,15.0000,320.9776,0.0000,0.0000,-24.0000,0.0000,15.0000,0.0500,7,"","","7.506:0.050:16.736|-4.200:0.050:-9.742|19.687:0.050:-15.660|4.224:0.050:10.201|8.422:0.050:6.047","0.000:0.000:0.000|0.000:0.000:0.656|-0.790:0.000:-0.127|-0.001:0.000:-0.656|-0.002:0.000:-0.800","-9.383:0.050:9.866|20.000:0.050:-2.167","-0.495:0.000:-0.673|0.000:0.000:1.066",False,False,Idle,60.00,40.00,3.00,MultiAgentTraffic,"P1:True|P2:True|P3:True|D1:True|D2:True|D3:True","H1:H1 rack picking and carton handoff:Transport to work bay:load=True:handoffs=0|H2:H2 cross-aisle carton transfer:Transport to work bay:load=True:handoffs=0|H3:H3 station scan and dispatch verification:Transport to work bay:load=False:handoffs=0|H4:H4 trolley supply transfer:Transport to work bay:load=True:handoffs=0|H5:H5 rack inspection and replenishment:Transport to work bay:load=False:handoffs=0|F1:F1 inbound pallet replenishment:Transport to work bay:load=True:handoffs=0|F2:F2 outbound pallet dispatch:Transport to work bay:load=True:handoffs=0"
8.7416,9,58,80,-24.0000,0.0500,15.0000,320.9776,0.0000,0.0000,-24.0000,0.0000,15.0000,0.0500,7,"","","7.506:0.050:16.736|-4.200:0.050:-9.676|19.607:0.050:-15.673|4.224:0.050:10.135|8.421:0.050:5.966","0.000:0.000:0.000|0.000:0.000:0.656|-0.790:0.000:-0.127|-0.001:0.000:-0.656|-0.002:0.000:-0.800","-9.440:0.050:9.798|20.000:0.050:-2.059","-0.624:0.000:-0.671|0.000:0.000:1.066",False,False,Idle,60.00,40.00,3.00,MultiAgentTraffic,"P1:True|P2:True|P3:True|D1:True|D2:True|D3:True","H1:H1 rack picking and carton handoff:Transport to work bay:load=True:handoffs=0|H2:H2 cross-aisle carton transfer:Transport to work bay:load=True:handoffs=0|H3:H3 station scan and dispatch verification:Transport to work bay:load=False:handoffs=0|H4:H4 trolley supply transfer:Transport to work bay:load=True:handoffs=0|H5:H5 rack inspection and replenishment:Transport to work bay:load=False:handoffs=0|F1:F1 inbound pallet replenishment:Transport to work bay:load=True:handoffs=0|F2:F2 outbound pallet dispatch:Transport to work bay:load=True:handoffs=0"
8.8427,9,58,81,-24.0000,0.0500,15.0000,320.9776,0.0000,0.0000,-24.0000,0.0000,15.0000,0.0500,7,"","","7.506:0.050:16.736|-4.200:0.050:-9.610|19.527:0.050:-15.686|4.224:0.050:10.069|8.421:0.050:5.886","0.000:0.000:0.000|0.000:0.000:0.656|-0.790:0.000:-0.127|-0.001:0.000:-0.656|-0.002:0.000:-0.800","-9.512:0.050:9.732|20.000:0.050:-1.952","-0.756:0.000:-0.650|0.000:0.000:1.066",False,False,Idle,60.00,40.00,3.00,MultiAgentTraffic,"P1:True|P2:True|P3:True|D1:True|D2:True|D3:True","H1:H1 rack picking and carton handoff:Transport to work bay:load=True:handoffs=0|H2:H2 cross-aisle carton transfer:Transport to work bay:load=True:handoffs=0|H3:H3 station scan and dispatch verification:Transport to work bay:load=False:handoffs=0|H4:H4 trolley supply transfer:Transport to work bay:load=True:handoffs=0|H5:H5 rack inspection and replenishment:Transport to work bay:load=False:handoffs=0|F1:F1 inbound pallet replenishment:Transport to work bay:load=True:handoffs=0|F2:F2 outbound pallet dispatch:Transport to work bay:load=True:handoffs=0"
8.9482,9,58,82,-24.0000,0.0500,15.0000,320.9776,0.0000,0.0000,-24.0000,0.0000,15.0000,0.0500,7,"","","7.506:0.050:16.736|-4.200:0.050:-9.540|19.444:0.050:-15.699|4.224:0.050:10.000|8.421:0.050:5.801","0.000:0.000:0.000|0.000:0.000:0.656|-0.790:0.000:-0.127|-0.001:0.000:-0.656|-0.002:0.000:-0.800","-9.595:0.050:9.660|20.000:0.050:-1.839","-0.809:0.000:-0.695|0.000:0.000:1.066",False,False,Idle,60.00,40.00,3.00,MultiAgentTraffic,"P1:True|P2:True|P3:True|D1:True|D2:True|D3:True","H1:H1 rack picking and carton handoff:Transport to work bay:load=True:handoffs=0|H2:H2 cross-aisle carton transfer:Transport to work bay:load=True:handoffs=0|H3:H3 station scan and dispatch verification:Transport to work bay:load=False:handoffs=0|H4:H4 trolley supply transfer:Transport to work bay:load=True:handoffs=0|H5:H5 rack inspection and replenishment:Transport to work bay:load=False:handoffs=0|F1:F1 inbound pallet replenishment:Transport to work bay:load=True:handoffs=0|F2:F2 outbound pallet dispatch:Transport to work bay:load=True:handoffs=0"
9.0556,9,58,83,-24.0000,0.0500,15.0000,320.9776,0.0000,0.0000,-24.0000,0.0000,15.0000,0.0500,7,"","","7.506:0.050:16.736|-4.200:0.050:-9.470|19.359:0.050:-15.713|4.224:0.050:9.929|8.421:0.050:5.715","0.000:0.000:0.000|0.000:0.000:0.656|-0.790:0.000:-0.127|-0.001:0.000:-0.656|-0.002:0.000:-0.800","-9.682:0.050:9.585|20.000:0.050:-1.725","-0.809:0.000:-0.695|0.000:0.000:1.066",False,False,Idle,60.00,40.00,3.00,MultiAgentTraffic,"P1:True|P2:True|P3:True|D1:True|D2:True|D3:True","H1:H1 rack picking and carton handoff:Transport to work bay:load=True:handoffs=0|H2:H2 cross-aisle carton transfer:Transport to work bay:load=True:handoffs=0|H3:H3 station scan and dispatch verification:Transport to work bay:load=False:handoffs=0|H4:H4 trolley supply transfer:Transport to work bay:load=True:handoffs=0|H5:H5 rack inspection and replenishment:Transport to work bay:load=False:handoffs=0|F1:F1 inbound pallet replenishment:Transport to work bay:load=True:handoffs=0|F2:F2 outbound pallet dispatch:Transport to work bay:load=True:handoffs=0"
9.1637,9,58,84,-24.0000,0.0500,15.0000,320.9776,0.0000,0.0000,-24.0000,0.0000,15.0000,0.0500,7,"","","7.506:0.050:16.736|-4.200:0.050:-9.399|19.274:0.050:-15.726|4.224:0.050:9.858|8.421:0.050:5.629","0.000:0.000:0.000|0.000:0.000:0.656|-0.790:0.000:-0.127|-0.001:0.000:-0.656|-0.002:0.000:-0.800","-9.769:0.050:9.510|20.000:0.050:-1.609","-0.809:0.000:-0.695|0.000:0.000:1.066",False,False,Idle,60.00,40.00,3.00,MultiAgentTraffic,"P1:True|P2:True|P3:True|D1:True|D2:True|D3:True","H1:H1 rack picking and carton handoff:Transport to work bay:load=True:handoffs=0|H2:H2 cross-aisle carton transfer:Transport to work bay:load=True:handoffs=0|H3:H3 station scan and dispatch verification:Transport to work bay:load=False:handoffs=0|H4:H4 trolley supply transfer:Transport to work bay:load=True:handoffs=0|H5:H5 rack inspection and replenishment:Transport to work bay:load=False:handoffs=0|F1:F1 inbound pallet replenishment:Transport to work bay:load=True:handoffs=0|F2:F2 outbound pallet dispatch:Transport to work bay:load=True:handoffs=0"
9.2743,9,58,85,-23.9971,0.0500,15.0000,326.1508,0.0558,92.2730,-19.8000,0.0000,15.0000,4.1973,7,"","","7.506:0.050:16.736|-4.200:0.050:-9.326|19.186:0.050:-15.741|4.224:0.050:9.786|8.413:0.050:5.549","0.000:0.000:0.000|0.000:0.000:0.656|-0.790:0.000:-0.127|-0.001:0.000:-0.656|-0.139:0.000:-0.632","-9.859:0.050:9.433|20.000:0.050:-1.492","-0.809:0.000:-0.695|0.000:0.000:1.066",False,False,Moving,60.00,40.00,3.00,MultiAgentTraffic,"P1:True|P2:True|P3:True|D1:False|D2:True|D3:True","H1:H1 rack picking and carton handoff:Transport to work bay:load=True:handoffs=0|H2:H2 cross-aisle carton transfer:Transport to work bay:load=True:handoffs=0|H3:H3 station scan and dispatch verification:Transport to work bay:load=False:handoffs=0|H4:H4 trolley supply transfer:Transport to work bay:load=True:handoffs=0|H5:Legitimate operation occupying S2 receiving bay:Transport to work bay:load=True:handoffs=0|F1:F1 inbound pallet replenishment:Transport to work bay:load=True:handoffs=0|F2:F2 outbound pallet dispatch:Transport to work bay:load=True:handoffs=0"
9.3747,9,58,86,-23.9872,0.0500,15.0000,332.9301,0.1270,77.6703,-19.8000,0.0000,15.0000,4.1875,7,"","","7.506:0.050:16.736|-4.200:0.050:-9.261|19.107:0.050:-15.753|4.223:0.050:9.720|8.394:0.050:5.500","0.000:0.000:0.000|0.000:0.000:0.656|-0.790:0.000:-0.127|-0.001:0.000:-0.656|-0.212:0.000:-0.392","-9.940:0.050:9.364|20.000:0.050:-1.385","-0.809:0.000:-0.695|0.000:0.000:1.066",False,False,Moving,60.00,40.00,3.00,MultiAgentTraffic,"P1:True|P2:True|P3:True|D1:False|D2:True|D3:True","H1:H1 rack picking and carton handoff:Transport to work bay:load=True:handoffs=0|H2:H2 cross-aisle carton transfer:Transport to work bay:load=True:handoffs=0|H3:H3 station scan and dispatch verification:Transport to work bay:load=False:handoffs=0|H4:H4 trolley supply transfer:Transport to work bay:load=True:handoffs=0|H5:Legitimate operation occupying S2 receiving bay:Transport to work bay:load=True:handoffs=0|F1:F1 inbound pallet replenishment:Transport to work bay:load=True:handoffs=0|F2:F2 outbound pallet dispatch:Transport to work bay:load=True:handoffs=0"
9.4892,9,58,87,-23.9680,0.0500,15.0000,340.6594,0.1582,56.4133,-19.8000,0.0000,15.0000,4.1683,7,"","","7.506:0.050:16.736|-4.200:0.050:-9.185|19.017:0.050:-15.768|4.223:0.050:9.645|8.372:0.050:5.472","0.000:0.000:0.000|0.000:0.000:0.656|-0.790:0.000:-0.127|-0.001:0.000:-0.656|-0.158:0.000:-0.149","-10.033:0.050:9.284|20.000:0.050:-1.262","-0.809:0.000:-0.695|0.000:0.000:1.066",False,False,Moving,60.00,40.00,3.00,MultiAgentTraffic,"P1:True|P2:True|P3:True|D1:False|D2:True|D3:True","H1:H1 rack picking and carton handoff:Transport to work bay:load=True:handoffs=0|H2:H2 cross-aisle carton transfer:Transport to work bay:load=True:handoffs=0|H3:H3 station scan and dispatch verification:Transport to work bay:load=False:handoffs=0|H4:H4 trolley supply transfer:Transport to work bay:load=True:handoffs=0|H5:Legitimate operation occupying S2 receiving bay:Transport to work bay:load=True:handoffs=0|F1:F1 inbound pallet replenishment:Transport to work bay:load=True:handoffs=0|F2:F2 outbound pallet dispatch:Transport to work bay:load=True:handoffs=0"
9.6075,9,58,88,-23.9392,0.0500,15.0000,348.6439,0.2508,64.3509,-19.8000,0.0000,15.0000,4.1395,7,"","","7.506:0.050:16.736|-4.200:0.050:-9.108|18.923:0.050:-15.783|4.223:0.050:9.567|8.364:0.050:5.466","0.000:0.000:0.000|0.000:0.000:0.656|-0.790:0.000:-0.127|-0.001:0.000:-0.656|0.000:0.000:0.000","-10.128:0.050:9.202|20.000:0.050:-1.136","-0.809:0.000:-0.695|0.000:0.000:1.066",False,False,Moving,60.00,40.00,3.00,MultiAgentTraffic,"P1:True|P2:True|P3:True|D1:False|D2:True|D3:True","H1:H1 rack picking and carton handoff:Transport to work bay:load=True:handoffs=0|H2:H2 cross-aisle carton transfer:Transport to work bay:load=True:handoffs=0|H3:H3 station scan and dispatch verification:Transport to work bay:load=False:handoffs=0|H4:H4 trolley supply transfer:Transport to work bay:load=True:handoffs=0|H5:Legitimate operation occupying S2 receiving bay:Transport to work bay:load=True:handoffs=0|F1:F1 inbound pallet replenishment:Transport to work bay:load=True:handoffs=0|F2:F2 outbound pallet dispatch:Transport to work bay:load=True:handoffs=0"
9.7110,9,58,89,-23.9066,0.0500,15.0000,355.6270,0.3247,66.3437,-19.8000,0.0000,15.0000,4.1069,7,"","","7.506:0.050:16.736|-4.200:0.050:-9.040|18.842:0.050:-15.796|4.223:0.050:9.499|8.364:0.050:5.466","0.000:0.000:0.000|0.000:0.000:0.656|-0.790:0.000:-0.127|-0.001:0.000:-0.656|0.000:0.000:0.000","-10.212:0.050:9.130|20.000:0.050:-1.026","-0.809:0.000:-0.695|0.000:0.000:1.066",False,False,Moving,60.00,40.00,3.00,MultiAgentTraffic,"P1:True|P2:True|P3:True|D1:False|D2:True|D3:True","H1:H1 rack picking and carton handoff:Transport to work bay:load=True:handoffs=0|H2:H2 cross-aisle carton transfer:Transport to work bay:load=True:handoffs=0|H3:H3 station scan and dispatch verification:Transport to work bay:load=False:handoffs=0|H4:H4 trolley supply transfer:Transport to work bay:load=True:handoffs=0|H5:Legitimate operation occupying S2 receiving bay:Transport to work bay:load=True:handoffs=0|F1:F1 inbound pallet replenishment:Transport to work bay:load=True:handoffs=0|F2:F2 outbound pallet dispatch:Transport to work bay:load=True:handoffs=0"
9.8248,9,58,90,-23.8625,0.0500,15.0000,3.3122,0.3954,65.7659,-19.8000,0.0000,15.0000,4.0629,7,"","","7.506:0.050:16.736|-4.200:0.050:-8.965|18.752:0.050:-15.810|4.223:0.050:9.425|8.361:0.050:5.467","0.000:0.000:0.000|0.000:0.000:0.656|-0.790:0.000:-0.127|-0.001:0.000:-0.656|-0.058:0.000:0.011","-10.304:0.050:9.051|20.000:0.050:-0.905","-0.809:0.000:-0.695|0.000:0.000:1.066",False,False,Moving,60.00,40.00,3.00,MultiAgentTraffic,"P1:True|P2:True|P3:True|D1:False|D2:True|D3:True","H1:H1 rack picking and carton handoff:Transport to work bay:load=True:handoffs=0|H2:H2 cross-aisle carton transfer:Transport to work bay:load=True:handoffs=0|H3:H3 station scan and dispatch verification:Transport to work bay:load=False:handoffs=0|H4:H4 trolley supply transfer:Transport to work bay:load=True:handoffs=0|H5:Legitimate operation occupying S2 receiving bay:Transport to work bay:load=True:handoffs=0|F1:F1 inbound pallet replenishment:Transport to work bay:load=True:handoffs=0|F2:F2 outbound pallet dispatch:Transport to work bay:load=True:handoffs=0"
9.9328,9,58,91,-23.8130,0.0500,15.0000,10.6011,0.3917,55.2620,-19.8000,0.0000,15.0000,4.0133,7,"","","7.506:0.050:16.736|-4.200:0.050:-8.894|18.666:0.050:-15.824|4.223:0.050:9.354|8.350:0.050:5.471","0.000:0.000:0.000|0.000:0.000:0.656|-0.790:0.000:-0.127|-0.001:0.000:-0.656|-0.128:0.000:0.067","-10.391:0.050:8.976|20.000:0.050:-0.790","-0.809:0.000:-0.695|0.000:0.000:1.066",False,False,Moving,60.00,40.00,3.00,MultiAgentTraffic,"P1:True|P2:True|P3:True|D1:False|D2:True|D3:True","H1:H1 rack picking and carton handoff:Transport to work bay:load=True:handoffs=0|H2:H2 cross-aisle carton transfer:Transport to work bay:load=True:handoffs=0|H3:H3 station scan and dispatch verification:Transport to work bay:load=False:handoffs=0|H4:H4 trolley supply transfer:Transport to work bay:load=True:handoffs=0|H5:Legitimate operation occupying S2 receiving bay:Transport to work bay:load=True:handoffs=0|F1:F1 inbound pallet replenishment:Transport to work bay:load=True:handoffs=0|F2:F2 outbound pallet dispatch:Transport to work bay:load=True:handoffs=0"
10.0511,9,58,92,-23.7500,0.0500,15.0000,18.5886,0.4845,59.4429,-19.8000,0.0000,15.0000,3.9504,7,"","","7.506:0.050:16.736|-4.200:0.050:-8.817|18.573:0.050:-15.839|4.223:0.050:9.276|8.332:0.050:5.486","0.000:0.000:0.000|0.000:0.000:0.656|-0.790:0.000:-0.127|-0.001:0.000:-0.656|-0.165:0.000:0.174","-10.487:0.050:8.894|20.000:0.050:-0.663","-0.809:0.000:-0.695|0.000:0.000:1.066",False,False,Moving,60.00,40.00,3.00,MultiAgentTraffic,"P1:True|P2:True|P3:True|D1:False|D2:True|D3:True","H1:H1 rack picking and carton handoff:Transport to work bay:load=True:handoffs=0|H2:H2 cross-aisle carton transfer:Transport to work bay:load=True:handoffs=0|H3:H3 station scan and dispatch verification:Transport to work bay:load=False:handoffs=0|H4:H4 trolley supply transfer:Transport to work bay:load=True:handoffs=0|H5:Legitimate operation occupying S2 receiving bay:Transport to work bay:load=True:handoffs=0|F1:F1 inbound pallet replenishment:Transport to work bay:load=True:handoffs=0|F2:F2 outbound pallet dispatch:Transport to work bay:load=True:handoffs=0"
10.1605,9,58,93,-23.6837,0.0500,15.0000,25.9725,0.5432,59.8363,-19.8000,0.0000,15.0000,3.8840,7,"","","7.506:0.050:16.736|-4.200:0.050:-8.745|18.486:0.050:-15.853|4.223:0.050:9.204|8.315:0.050:5.513","0.000:0.000:0.000|0.000:0.000:0.656|-0.790:0.000:-0.127|-0.001:0.000:-0.656|-0.143:0.000:0.294","-10.575:0.050:8.818|20.000:0.050:-0.547","-0.809:0.000:-0.695|0.000:0.000:1.066",False,False,Moving,60.00,40.00,3.00,MultiAgentTraffic,"P1:True|P2:True|P3:True|D1:False|D2:True|D3:True","H1:H1 rack picking and carton handoff:Transport to work bay:load=True:handoffs=0|H2:H2 cross-aisle carton transfer:Transport to work bay:load=True:handoffs=0|H3:H3 station scan and dispatch verification:Transport to work bay:load=False:handoffs=0|H4:H4 trolley supply transfer:Transport to work bay:load=True:handoffs=0|H5:Legitimate operation occupying S2 receiving bay:Transport to work bay:load=True:handoffs=0|F1:F1 inbound pallet replenishment:Transport to work bay:load=True:handoffs=0|F2:F2 outbound pallet dispatch:Transport to work bay:load=True:handoffs=0"
10.2702,9,58,94,-23.6098,0.0500,15.0000,33.3776,1.5125,150.9740,-19.8000,0.0000,15.0000,3.8101,7,"","","7.506:0.050:16.736|-4.200:0.050:-8.673|18.400:0.050:-15.867|4.222:0.050:9.132|8.301:0.050:5.552","0.000:0.000:0.000|0.000:0.000:0.656|-0.790:0.000:-0.127|-0.001:0.000:-0.656|-0.137:0.000:0.391","-10.664:0.050:8.741|20.000:0.050:-0.430","-0.809:0.000:-0.695|0.000:0.000:1.066",False,False,Moving,60.00,40.00,3.00,MultiAgentTraffic,"P1:True|P2:True|P3:True|D1:False|D2:True|D3:True","H1:H1 rack picking and carton handoff:Transport to work bay:load=True:handoffs=0|H2:H2 cross-aisle carton transfer:Transport to work bay:load=True:handoffs=0|H3:H3 station scan and dispatch verification:Transport to work bay:load=False:handoffs=0|H4:H4 trolley supply transfer:Transport to work bay:load=True:handoffs=0|H5:Legitimate operation occupying S2 receiving bay:Transport to work bay:load=True:handoffs=0|F1:F1 inbound pallet replenishment:Transport to work bay:load=True:handoffs=0|F2:F2 outbound pallet dispatch:Transport to work bay:load=True:handoffs=0"
10.3841,9,58,95,-23.5244,0.0500,15.0000,41.0621,0.6461,56.6376,-19.8000,0.0000,15.0000,3.7248,7,"","","7.506:0.050:16.736|-4.200:0.050:-8.598|18.310:0.050:-15.881|4.222:0.050:9.058|8.283:0.050:5.602","0.000:0.000:0.000|0.000:0.000:0.656|-0.790:0.000:-0.127|-0.001:0.000:-0.656|-0.168:0.000:0.477","-10.756:0.050:8.662|20.000:0.050:-0.309","-0.809:0.000:-0.695|0.000:0.000:1.066",False,False,Moving,60.00,40.00,3.00,MultiAgentTraffic,"P1:True|P2:True|P3:True|D1:False|D2:True|D3:True","H1:H1 rack picking and carton handoff:Transport to work bay:load=True:handoffs=0|H2:H2 cross-aisle carton transfer:Transport to work bay:load=True:handoffs=0|H3:H3 station scan and dispatch verification:Transport to work bay:load=False:handoffs=0|H4:H4 trolley supply transfer:Transport to work bay:load=True:handoffs=0|H5:Legitimate operation occupying S2 receiving bay:Transport to work bay:load=True:handoffs=0|F1:F1 inbound pallet replenishment:Transport to work bay:load=True:handoffs=0|F2:F2 outbound pallet dispatch:Transport to work bay:load=True:handoffs=0"
10.4866,9,58,96,-23.4403,0.0500,15.0000,47.9811,0.6313,50.7530,-19.8000,0.0000,15.0000,3.6406,7,"","","7.500:0.050:16.744|-4.200:0.050:-8.531|18.229:0.050:-15.894|4.222:0.050:8.990|8.264:0.050:5.656","0.000:0.000:0.000|0.000:0.000:0.656|-0.790:0.000:-0.127|-0.001:0.000:-0.656|-0.195:0.000:0.555","-10.839:0.050:8.591|20.000:0.050:-0.199","-0.809:0.000:-0.695|0.000:0.000:1.066",False,False,Moving,60.00,40.00,3.00,MultiAgentTraffic,"P1:True|P2:True|P3:True|D1:False|D2:True|D3:True","H1:H1 rack picking and carton handoff:Transport to work bay:load=True:handoffs=0|H2:H2 cross-aisle carton transfer:Transport to work bay:load=True:handoffs=0|H3:H3 station scan and dispatch verification:Transport to work bay:load=False:handoffs=0|H4:H4 trolley supply transfer:Transport to work bay:load=True:handoffs=0|H5:Legitimate operation occupying S2 receiving bay:Transport to work bay:load=True:handoffs=0|F1:F1 inbound pallet replenishment:Transport to work bay:load=True:handoffs=0|F2:F2 outbound pallet dispatch:Transport to work bay:load=True:handoffs=0"
10.6007,9,58,97,-23.3385,0.0500,15.0000,55.6824,0.7308,54.7777,-19.8000,0.0000,15.0000,3.5389,7,"","","7.500:0.050:16.744|-4.200:0.050:-8.456|18.139:0.050:-15.909|4.222:0.050:8.916|8.240:0.050:5.724","0.000:0.000:0.000|0.000:0.000:0.656|-0.790:0.000:-0.127|-0.001:0.000:-0.656|-0.217:0.000:0.619","-10.931:0.050:8.512|20.000:0.050:-0.078","-0.809:0.000:-0.695|0.000:0.000:1.066",False,False,Moving,60.00,40.00,3.00,MultiAgentTraffic,"P1:True|P2:True|P3:True|D1:False|D2:True|D3:True","H1:H1 rack picking and carton handoff:Transport to work bay:load=True:handoffs=0|H2:H2 cross-aisle carton transfer:Transport to work bay:load=True:handoffs=0|H3:H3 station scan and dispatch verification:Transport to work bay:load=False:handoffs=0|H4:H4 trolley supply transfer:Transport to work bay:load=True:handoffs=0|H5:Legitimate operation occupying S2 receiving bay:Transport to work bay:load=True:handoffs=0|F1:F1 inbound pallet replenishment:Transport to work bay:load=True:handoffs=0|F2:F2 outbound pallet dispatch:Transport to work bay:load=True:handoffs=0"
10.7085,9,58,98,-23.2348,0.0500,15.0000,62.3903,0.7066,41.7822,-19.8000,0.0000,15.0000,3.4352,7,"","","7.500:0.050:16.744|-4.200:0.050:-8.386|18.054:0.050:-15.922|4.222:0.050:8.845|8.217:0.050:5.791","0.000:0.000:0.000|0.000:0.000:0.656|-0.790:0.000:-0.127|-0.001:0.000:-0.656|-0.217:0.000:0.619","-11.019:0.050:8.437|20.000:0.050:0.037","-0.809:0.000:-0.695|0.000:0.000:1.066",False,False,Moving,60.00,40.00,3.00,MultiAgentTraffic,"P1:True|P2:True|P3:True|D1:False|D2:True|D3:True","H1:H1 rack picking and carton handoff:Transport to work bay:load=True:handoffs=0|H2:H2 cross-aisle carton transfer:Transport to work bay:load=True:handoffs=0|H3:H3 station scan and dispatch verification:Transport to work bay:load=False:handoffs=0|H4:H4 trolley supply transfer:Transport to work bay:load=True:handoffs=0|H5:Legitimate operation occupying S2 receiving bay:Transport to work bay:load=True:handoffs=0|F1:F1 inbound pallet replenishment:Transport to work bay:load=True:handoffs=0|F2:F2 outbound pallet dispatch:Transport to work bay:load=True:handoffs=0"
10.8097,9,58,99,-23.1304,0.0500,15.0000,67.6278,0.8504,40.3679,-19.8000,0.0000,15.0000,3.3308,7,"","","7.500:0.050:16.744|-4.200:0.050:-8.319|17.974:0.050:-15.935|4.222:0.050:8.779|8.195:0.050:5.854","0.000:0.000:0.000|0.000:0.000:0.656|-0.790:0.000:-0.127|-0.001:0.000:-0.656|-0.217:0.000:0.619","-11.099:0.050:8.366|20.000:0.050:0.145","-0.775:0.000:-0.723|0.000:0.000:1.066",False,False,Moving,60.00,40.00,3.00,MultiAgentTraffic,"P1:True|P2:True|P3:True|D1:False|D2:True|D3:True","H1:H1 rack picking and carton handoff:Transport to work bay:load=True:handoffs=0|H2:H2 cross-aisle carton transfer:Transport to work bay:load=True:handoffs=0|H3:H3 station scan and dispatch verification:Transport to work bay:load=False:handoffs=0|H4:H4 trolley supply transfer:Transport to work bay:load=True:handoffs=0|H5:Legitimate operation occupying S2 receiving bay:Transport to work bay:load=True:handoffs=0|F1:F1 inbound pallet replenishment:Transport to work bay:load=True:handoffs=0|F2:F2 outbound pallet dispatch:Transport to work bay:load=True:handoffs=0"
10.9139,9,58,100,-23.0160,0.0500,15.0000,72.1177,1.8799,70.1088,-19.8000,0.0000,15.0000,3.2164,7,"","","7.500:0.050:16.744|-4.200:0.050:-8.251|17.891:0.050:-15.948|4.222:0.050:8.710|8.172:0.050:5.918","0.000:0.000:0.000|0.000:0.000:0.656|-0.790:0.000:-0.127|-0.001:0.000:-0.656|-0.217:0.000:0.619","-11.180:0.050:8.290|20.000:0.050:0.256","-0.777:0.000:-0.730|0.000:0.000:1.066",False,False,Moving,60.00,40.00,3.00,MultiAgentTraffic,"P1:True|P2:True|P3:True|D1:False|D2:True|D3:True","H1:H1 rack picking and carton handoff:Transport to work bay:load=True:handoffs=0|H2:H2 cross-aisle carton transfer:Transport to work bay:load=True:handoffs=0|H3:H3 station scan and dispatch verification:Transport to work bay:load=False:handoffs=0|H4:H4 trolley supply transfer:Transport to work bay:load=True:handoffs=0|H5:Legitimate operation occupying S2 receiving bay:Transport to work bay:load=True:handoffs=0|F1:F1 inbound pallet replenishment:Transport to work bay:load=True:handoffs=0|F2:F2 outbound pallet dispatch:Transport to work bay:load=True:handoffs=0"
11.0252,9,58,101,-22.8859,0.0500,15.0000,76.0285,0.8190,22.5605,-19.8000,0.0000,15.0000,3.0863,7,"","","7.500:0.050:16.744|-4.200:0.050:-8.178|17.803:0.050:-15.962|4.222:0.050:8.637|8.148:0.050:5.987","0.000:0.000:0.000|0.000:0.000:0.656|-0.790:0.000:-0.127|-0.001:0.000:-0.656|-0.217:0.000:0.619","-11.267:0.050:8.209|20.000:0.050:0.375","-0.777:0.000:-0.730|0.000:0.000:1.066",False,False,Moving,60.00,40.00,3.00,MultiAgentTraffic,"P1:True|P2:True|P3:True|D1:False|D2:True|D3:True","H1:H1 rack picking and carton handoff:Transport to work bay:load=True:handoffs=0|H2:H2 cross-aisle carton transfer:Transport to work bay:load=True:handoffs=0|H3:H3 station scan and dispatch verification:Transport to work bay:load=False:handoffs=0|H4:H4 trolley supply transfer:Transport to work bay:load=True:handoffs=0|H5:Legitimate operation occupying S2 receiving bay:Transport to work bay:load=True:handoffs=0|F1:F1 inbound pallet replenishment:Transport to work bay:load=True:handoffs=0|F2:F2 outbound pallet dispatch:Transport to work bay:load=True:handoffs=0"
11.1259,9,58,102,-22.7650,0.0500,15.0000,78.8543,0.9636,21.0892,-19.8000,0.0000,15.0000,2.9655,7,"","","7.500:0.050:16.744|-4.200:0.050:-8.112|17.724:0.050:-15.975|4.222:0.050:8.571|8.126:0.050:6.049","0.000:0.000:0.000|0.000:0.000:0.656|-0.790:0.000:-0.127|-0.001:0.000:-0.656|-0.217:0.000:0.619","-11.308:0.050:8.170|20.000:0.050:0.482","0.000:0.000:0.000|0.000:0.000:1.066",False,False,Moving,60.00,40.00,3.00,MultiAgentTraffic,"P1:True|P2:True|P3:True|D1:False|D2:True|D3:True","H1:H1 rack picking and carton handoff:Transport to work bay:load=True:handoffs=0|H2:H2 cross-aisle carton transfer:Transport to work bay:load=True:handoffs=0|H3:H3 station scan and dispatch verification:Transport to work bay:load=False:handoffs=0|H4:H4 trolley supply transfer:Transport to work bay:load=True:handoffs=0|H5:Legitimate operation occupying S2 receiving bay:Transport to work bay:load=True:handoffs=0|F1:F1 inbound pallet replenishment:Transport to work bay:load=True:handoffs=0|F2:F2 outbound pallet dispatch:Transport to work bay:load=True:handoffs=0"
11.2400,9,58,103,-22.6281,0.0500,15.0000,81.3686,1.0282,18.1576,-19.8000,0.0000,15.0000,2.8286,7,"","","7.500:0.050:16.744|-4.200:0.050:-8.037|17.634:0.050:-15.990|4.221:0.050:8.496|8.101:0.050:6.120","0.000:0.000:0.000|0.000:0.000:0.656|-0.790:0.000:-0.127|-0.001:0.000:-0.656|-0.217:0.000:0.619","-11.308:0.050:8.170|20.000:0.050:0.604","0.000:0.000:0.000|0.000:0.000:1.066",False,False,Moving,60.00,40.00,3.00,MultiAgentTraffic,"P1:True|P2:True|P3:True|D1:False|D2:True|D3:True","H1:H1 rack picking and carton handoff:Transport to work bay:load=True:handoffs=0|H2:H2 cross-aisle carton transfer:Transport to work bay:load=True:handoffs=0|H3:H3 station scan and dispatch verification:Transport to work bay:load=False:handoffs=0|H4:H4 trolley supply transfer:Transport to work bay:load=True:handoffs=0|H5:Legitimate operation occupying S2 receiving bay:Transport to work bay:load=True:handoffs=0|F1:F1 inbound pallet replenishment:Transport to work bay:load=True:handoffs=0|F2:F2 outbound pallet dispatch:Transport to work bay:load=True:handoffs=0"
11.3459,9,58,104,-22.5010,0.0500,15.0000,83.1962,0.8460,11.2648,-19.8000,0.0000,15.0000,2.7015,7,"","","7.500:0.050:16.744|-4.200:0.050:-7.967|17.550:0.050:-16.003|4.221:0.050:8.427|8.078:0.050:6.186","0.000:0.000:0.000|0.000:0.000:0.656|-0.790:0.000:-0.127|-0.001:0.000:-0.656|-0.217:0.000:0.619","-11.308:0.050:8.170|20.000:0.050:0.717","0.000:0.000:0.000|0.000:0.000:1.066",False,False,Moving,60.00,40.00,3.00,MultiAgentTraffic,"P1:True|P2:True|P3:True|D1:False|D2:True|D3:True","H1:H1 rack picking and carton handoff:Transport to work bay:load=True:handoffs=0|H2:H2 cross-aisle carton transfer:Transport to work bay:load=True:handoffs=0|H3:H3 station scan and dispatch verification:Transport to work bay:load=False:handoffs=0|H4:H4 trolley supply transfer:Transport to work bay:load=True:handoffs=0|H5:Legitimate operation occupying S2 receiving bay:Transport to work bay:load=True:handoffs=0|F1:F1 inbound pallet replenishment:Transport to work bay:load=True:handoffs=0|F2:F2 outbound pallet dispatch:Transport to work bay:load=True:handoffs=0"
11.4467,9,58,105,-22.3801,0.0500,15.0000,84.5722,1.0147,10.8379,-19.8000,0.0000,15.0000,2.5806,7,"","","7.500:0.050:16.744|-4.200:0.050:-7.901|17.470:0.050:-16.016|4.221:0.050:8.361|8.056:0.050:6.248","0.000:0.000:0.000|0.000:0.000:0.656|-0.790:0.000:-0.127|-0.001:0.000:-0.656|-0.217:0.000:0.619","-11.308:0.050:8.170|20.000:0.050:0.824","0.000:0.000:0.000|0.000:0.000:1.066",False,False,Moving,60.00,40.00,3.00,MultiAgentTraffic,"P1:True|P2:True|P3:True|D1:False|D2:True|D3:True","H1:H1 rack picking and carton handoff:Transport to work bay:load=True:handoffs=0|H2:H2 cross-aisle carton transfer:Transport to work bay:load=True:handoffs=0|H3:H3 station scan and dispatch verification:Transport to work bay:load=False:handoffs=0|H4:H4 trolley supply transfer:Transport to work bay:load=True:handoffs=0|H5:Legitimate operation occupying S2 receiving bay:Transport to work bay:load=True:handoffs=0|F1:F1 inbound pallet replenishment:Transport to work bay:load=True:handoffs=0|F2:F2 outbound pallet dispatch:Transport to work bay:load=True:handoffs=0"
11.5507,9,58,106,-22.2554,0.0500,15.0000,85.7011,1.0289,8.7448,-19.8000,0.0000,15.0000,2.4559,7,"","","7.500:0.050:16.744|-4.200:0.050:-7.833|17.388:0.050:-16.029|4.221:0.050:8.292|8.034:0.050:6.312","0.000:0.000:0.000|0.000:0.000:0.656|-0.790:0.000:-0.127|-0.001:0.000:-0.656|-0.217:0.000:0.619","-11.308:0.050:8.170|20.000:0.050:0.935","0.000:0.000:0.000|0.000:0.000:1.066",False,False,Moving,60.00,40.00,3.00,MultiAgentTraffic,"P1:True|P2:True|P3:True|D1:False|D2:True|D3:True","H1:H1 rack picking and carton handoff:Transport to work bay:load=True:handoffs=0|H2:H2 cross-aisle carton transfer:Transport to work bay:load=True:handoffs=0|H3:H3 station scan and dispatch verification:Transport to work bay:load=False:handoffs=0|H4:H4 trolley supply transfer:Transport to work bay:load=True:handoffs=0|H5:Legitimate operation occupying S2 receiving bay:Transport to work bay:load=True:handoffs=0|F1:F1 inbound pallet replenishment:Transport to work bay:load=True:handoffs=0|F2:F2 outbound pallet dispatch:Transport to work bay:load=True:handoffs=0"
11.6531,9,58,107,-22.1324,0.0500,15.0000,86.5833,1.0004,6.7520,-19.8000,0.0000,15.0000,2.3330,7,"","","7.500:0.050:16.744|-4.200:0.050:-7.766|17.307:0.050:-16.042|4.221:0.050:8.225|8.012:0.050:6.376","0.000:0.000:0.000|0.000:0.000:0.656|-0.790:0.000:-0.127|-0.001:0.000:-0.656|-0.217:0.000:0.619","-11.308:0.050:8.170|20.000:0.050:1.044","0.000:0.000:0.000|0.000:0.000:1.066",False,False,Moving,60.00,40.00,3.00,MultiAgentTraffic,"P1:True|P2:True|P3:True|D1:False|D2:True|D3:True","H1:H1 rack picking and carton handoff:Transport to work bay:load=True:handoffs=0|H2:H2 cross-aisle carton transfer:Transport to work bay:load=True:handoffs=0|H3:H3 station scan and dispatch verification:Transport to work bay:load=False:handoffs=0|H4:H4 trolley supply transfer:Transport to work bay:load=True:handoffs=0|H5:Legitimate operation occupying S2 receiving bay:Transport to work bay:load=True:handoffs=0|F1:F1 inbound pallet replenishment:Transport to work bay:load=True:handoffs=0|F2:F2 outbound pallet dispatch:Transport to work bay:load=True:handoffs=0"
11.7637,9,58,108,-21.9997,0.0500,15.0000,87.3349,1.0952,5.8075,-19.8000,0.0000,15.0000,2.2003,7,"","","7.500:0.050:16.744|-4.200:0.050:-7.693|17.220:0.050:-16.056|4.221:0.050:8.153|7.988:0.050:6.444","0.000:0.000:0.000|0.000:0.000:0.656|-0.790:0.000:-0.127|-0.001:0.000:-0.656|-0.217:0.000:0.619","-11.308:0.050:8.170|20.000:0.050:1.162","0.000:0.000:0.000|0.000:0.000:1.066",False,False,Moving,60.00,40.00,3.00,MultiAgentTraffic,"P1:True|P2:True|P3:True|D1:False|D2:True|D3:True","H1:H1 rack picking and carton handoff:Transport to work bay:load=True:handoffs=0|H2:H2 cross-aisle carton transfer:Transport to work bay:load=True:handoffs=0|H3:H3 station scan and dispatch verification:Transport to work bay:load=False:handoffs=0|H4:H4 trolley supply transfer:Transport to work bay:load=True:handoffs=0|H5:Legitimate operation occupying S2 receiving bay:Transport to work bay:load=True:handoffs=0|F1:F1 inbound pallet replenishment:Transport to work bay:load=True:handoffs=0|F2:F2 outbound pallet dispatch:Transport to work bay:load=True:handoffs=0"
11.8803,9,58,109,-21.8598,0.0500,15.0000,87.9478,0.9840,4.1508,-19.8000,0.0000,15.0000,2.0604,7,"","","7.500:0.050:16.744|-4.200:0.050:-7.617|17.128:0.050:-16.071|4.221:0.050:8.076|7.962:0.050:6.516","0.000:0.000:0.000|0.000:0.000:0.656|-0.790:0.000:-0.127|-0.001:0.000:-0.656|-0.217:0.000:0.619","-11.308:0.050:8.170|20.000:0.050:1.286","0.000:0.000:0.000|0.000:0.000:1.066",False,False,Moving,60.00,40.00,3.00,MultiAgentTraffic,"P1:True|P2:True|P3:True|D1:False|D2:True|D3:True","H1:H1 rack picking and carton handoff:Transport to work bay:load=True:handoffs=0|H2:H2 cross-aisle carton transfer:Transport to work bay:load=True:handoffs=0|H3:H3 station scan and dispatch verification:Transport to work bay:load=False:handoffs=0|H4:H4 trolley supply transfer:Transport to work bay:load=True:handoffs=0|H5:Legitimate operation occupying S2 receiving bay:Transport to work bay:load=True:handoffs=0|F1:F1 inbound pallet replenishment:Transport to work bay:load=True:handoffs=0|F2:F2 outbound pallet dispatch:Transport to work bay:load=True:handoffs=0"
11.9827,9,58,110,-21.7370,0.0500,15.0000,88.3687,0.9515,3.0590,-19.8000,0.0000,15.0000,1.9376,7,"","","7.500:0.050:16.744|-4.200:0.050:-7.550|17.047:0.050:-16.084|4.221:0.050:8.009|7.940:0.050:6.580","0.000:0.000:0.000|0.000:0.000:0.656|-0.790:0.000:-0.127|-0.001:0.000:-0.656|-0.217:0.000:0.619","-11.308:0.050:8.170|20.000:0.050:1.396","0.000:0.000:0.000|0.000:0.000:1.066",False,False,Moving,60.00,40.00,3.00,MultiAgentTraffic,"P1:True|P2:True|P3:True|D1:False|D2:True|D3:True","H1:H1 rack picking and carton handoff:Transport to work bay:load=True:handoffs=0|H2:H2 cross-aisle carton transfer:Transport to work bay:load=True:handoffs=0|H3:H3 station scan and dispatch verification:Transport to work bay:load=False:handoffs=0|H4:H4 trolley supply transfer:Transport to work bay:load=True:handoffs=0|H5:Legitimate operation occupying S2 receiving bay:Transport to work bay:load=True:handoffs=0|F1:F1 inbound pallet replenishment:Transport to work bay:load=True:handoffs=0|F2:F2 outbound pallet dispatch:Transport to work bay:load=True:handoffs=0"
12.0967,9,58,111,-21.6001,0.0500,15.0000,88.7366,1.9407,4.9122,-19.8000,0.0000,15.0000,1.8008,7,"","","7.500:0.050:16.744|-4.200:0.050:-7.475|16.957:0.050:-16.098|4.221:0.050:7.934|7.915:0.050:6.650","0.000:0.000:0.000|0.000:0.000:0.656|-0.790:0.000:-0.127|-0.001:0.000:-0.656|-0.217:0.000:0.619","-11.308:0.050:8.170|20.000:0.050:1.517","0.000:0.000:0.000|0.000:0.000:1.066",False,False,Moving,60.00,40.00,3.00,MultiAgentTraffic,"P1:True|P2:True|P3:True|D1:False|D2:True|D3:True","H1:H1 rack picking and carton handoff:Transport to work bay:load=True:handoffs=0|H2:H2 cross-aisle carton transfer:Transport to work bay:load=True:handoffs=0|H3:H3 station scan and dispatch verification:Transport to work bay:load=False:handoffs=0|H4:H4 trolley supply transfer:Transport to work bay:load=True:handoffs=0|H5:Legitimate operation occupying S2 receiving bay:Transport to work bay:load=True:handoffs=0|F1:F1 inbound pallet replenishment:Transport to work bay:load=True:handoffs=0|F2:F2 outbound pallet dispatch:Transport to work bay:load=True:handoffs=0"
12.2087,9,58,112,-21.4657,0.0500,15.0000,89.0169,0.9861,1.9192,-19.8000,0.0000,15.0000,1.6664,7,"","","7.500:0.050:16.744|-4.200:0.050:-7.401|16.869:0.050:-16.112|4.220:0.050:7.861|7.891:0.050:6.720","0.000:0.000:0.000|0.000:0.000:0.656|-0.790:0.000:-0.127|-0.001:0.000:-0.656|-0.217:0.000:0.619","-11.308:0.050:8.170|20.000:0.050:1.637","0.000:0.000:0.000|0.000:0.000:1.066",False,False,Moving,60.00,40.00,3.00,MultiAgentTraffic,"P1:True|P2:True|P3:True|D1:False|D2:True|D3:True","H1:H1 rack picking and carton handoff:Transport to work bay:load=True:handoffs=0|H2:H2 cross-aisle carton transfer:Transport to work bay:load=True:handoffs=0|H3:H3 station scan and dispatch verification:Transport to work bay:load=False:handoffs=0|H4:H4 trolley supply transfer:Transport to work bay:load=True:handoffs=0|H5:Legitimate operation occupying S2 receiving bay:Transport to work bay:load=True:handoffs=0|F1:F1 inbound pallet replenishment:Transport to work bay:load=True:handoffs=0|F2:F2 outbound pallet dispatch:Transport to work bay:load=True:handoffs=0"
12.3195,9,58,113,-21.3328,0.0500,15.0000,89.2336,0.9418,1.4893,-19.8000,0.0000,15.0000,1.5336,7,"","","7.500:0.050:16.744|-4.200:0.050:-7.329|16.781:0.050:-16.126|4.220:0.050:7.788|7.867:0.050:6.788","0.000:0.000:0.000|0.000:0.000:0.656|-0.790:0.000:-0.127|-0.001:0.000:-0.656|-0.217:0.000:0.619","-11.308:0.050:8.170|20.000:0.050:1.755","0.000:0.000:0.000|0.000:0.000:1.066",False,False,Moving,60.00,40.00,3.00,MultiAgentTraffic,"P1:True|P2:True|P3:True|D1:False|D2:True|D3:True","H1:H1 rack picking and carton handoff:Transport to work bay:load=True:handoffs=0|H2:H2 cross-aisle carton transfer:Transport to work bay:load=True:handoffs=0|H3:H3 station scan and dispatch verification:Transport to work bay:load=False:handoffs=0|H4:H4 trolley supply transfer:Transport to work bay:load=True:handoffs=0|H5:Legitimate operation occupying S2 receiving bay:Transport to work bay:load=True:handoffs=0|F1:F1 inbound pallet replenishment:Transport to work bay:load=True:handoffs=0|F2:F2 outbound pallet dispatch:Transport to work bay:load=True:handoffs=0"
12.4248,9,58,114,-21.2064,0.0500,15.0000,89.3945,0.9045,1.0754,-19.8000,0.0000,15.0000,1.4073,7,"","","7.500:0.050:16.744|-4.200:0.050:-7.260|16.698:0.050:-16.140|4.220:0.050:7.719|7.844:0.050:6.853","0.000:0.000:0.000|0.000:0.000:0.656|-0.790:0.000:-0.127|-0.001:0.000:-0.656|-0.217:0.000:0.619","-11.308:0.050:8.170|20.000:0.050:1.867","0.000:0.000:0.000|0.000:0.000:1.066",False,False,Moving,60.00,40.00,3.00,MultiAgentTraffic,"P1:True|P2:True|P3:True|D1:False|D2:True|D3:True","H1:H1 rack picking and carton handoff:Transport to work bay:load=True:handoffs=0|H2:H2 cross-aisle carton transfer:Transport to work bay:load=True:handoffs=0|H3:H3 station scan and dispatch verification:Transport to work bay:load=False:handoffs=0|H4:H4 trolley supply transfer:Transport to work bay:load=True:handoffs=0|H5:Legitimate operation occupying S2 receiving bay:Transport to work bay:load=True:handoffs=0|F1:F1 inbound pallet replenishment:Transport to work bay:load=True:handoffs=0|F2:F2 outbound pallet dispatch:Transport to work bay:load=True:handoffs=0"
12.5344,9,58,115,-21.0749,0.0500,15.0000,89.5260,1.6856,1.5835,-19.8000,0.0000,15.0000,1.2759,7,"","","7.500:0.050:16.744|-4.200:0.050:-7.188|16.611:0.050:-16.154|4.220:0.050:7.647|7.820:0.050:6.921","0.000:0.000:0.000|0.000:0.000:0.656|-0.790:0.000:-0.127|-0.001:0.000:-0.656|-0.217:0.000:0.619","-11.308:0.050:8.170|20.000:0.050:1.984","0.000:0.000:0.000|0.000:0.000:1.066",False,False,Moving,60.00,40.00,3.00,MultiAgentTraffic,"P1:True|P2:True|P3:True|D1:False|D2:True|D3:True","H1:H1 rack picking and carton handoff:Transport to work bay:load=True:handoffs=0|H2:H2 cross-aisle carton transfer:Transport to work bay:load=True:handoffs=0|H3:H3 station scan and dispatch verification:Transport to work bay:load=False:handoffs=0|H4:H4 trolley supply transfer:Transport to work bay:load=True:handoffs=0|H5:Legitimate operation occupying S2 receiving bay:Transport to work bay:load=True:handoffs=0|F1:F1 inbound pallet replenishment:Transport to work bay:load=True:handoffs=0|F2:F2 outbound pallet dispatch:Transport to work bay:load=True:handoffs=0"
12.6388,9,58,116,-20.9496,0.0500,15.0000,89.6247,0.9809,0.7454,-19.8000,0.0000,15.0000,1.1507,7,"","","7.500:0.050:16.744|-4.200:0.050:-7.119|16.529:0.050:-16.167|4.220:0.050:7.579|7.797:0.050:6.986","0.000:0.000:0.000|0.000:0.000:0.656|-0.790:0.000:-0.127|-0.001:0.000:-0.656|-0.217:0.000:0.619","-11.308:0.050:8.170|20.000:0.050:2.095","0.000:0.000:0.000|0.000:0.000:1.066",False,False,Moving,60.00,40.00,3.00,MultiAgentTraffic,"P1:True|P2:True|P3:True|D1:False|D2:True|D3:True","H1:H1 rack picking and carton handoff:Transport to work bay:load=True:handoffs=0|H2:H2 cross-aisle carton transfer:Transport to work bay:load=True:handoffs=0|H3:H3 station scan and dispatch verification:Transport to work bay:load=False:handoffs=0|H4:H4 trolley supply transfer:Transport to work bay:load=True:handoffs=0|H5:Legitimate operation occupying S2 receiving bay:Transport to work bay:load=True:handoffs=0|F1:F1 inbound pallet replenishment:Transport to work bay:load=True:handoffs=0|F2:F2 outbound pallet dispatch:Transport to work bay:load=True:handoffs=0"
12.7504,9,58,117,-20.8157,0.0500,15.0000,89.7076,0.9103,0.5203,-19.8000,0.0000,15.0000,1.0169,7,"","","7.500:0.050:16.744|-4.200:0.050:-7.046|16.441:0.050:-16.181|4.220:0.050:7.505|7.773:0.050:7.055","0.000:0.000:0.000|0.000:0.000:0.656|-0.790:0.000:-0.127|-0.001:0.000:-0.656|-0.217:0.000:0.619","-11.308:0.050:8.170|20.000:0.050:2.214","0.000:0.000:0.000|0.000:0.000:1.066",False,False,Moving,60.00,40.00,3.00,MultiAgentTraffic,"P1:True|P2:True|P3:True|D1:False|D2:True|D3:True","H1:H1 rack picking and carton handoff:Transport to work bay:load=True:handoffs=0|H2:H2 cross-aisle carton transfer:Transport to work bay:load=True:handoffs=0|H3:H3 station scan and dispatch verification:Transport to work bay:load=False:handoffs=0|H4:H4 trolley supply transfer:Transport to work bay:load=True:handoffs=0|H5:Legitimate operation occupying S2 receiving bay:Transport to work bay:load=True:handoffs=0|F1:F1 inbound pallet replenishment:Transport to work bay:load=True:handoffs=0|F2:F2 outbound pallet dispatch:Transport to work bay:load=True:handoffs=0"
12.8558,9,58,118,-20.6892,0.0500,15.0000,89.7690,1.6990,0.7797,-19.8000,0.0000,15.0000,0.8906,7,"","","7.500:0.050:16.744|-4.200:0.050:-6.977|16.357:0.050:-16.194|4.220:0.050:7.436|7.750:0.050:7.120","0.000:0.000:0.000|0.000:0.000:0.656|-0.790:0.000:-0.127|-0.001:0.000:-0.656|-0.217:0.000:0.619","-11.308:0.050:8.170|20.000:0.050:2.326","0.000:0.000:0.000|0.000:0.000:1.066",False,False,Moving,60.00,40.00,3.00,MultiAgentTraffic,"P1:True|P2:True|P3:True|D1:False|D2:True|D3:True","H1:H1 rack picking and carton handoff:Transport to work bay:load=True:handoffs=0|H2:H2 cross-aisle carton transfer:Transport to work bay:load=True:handoffs=0|H3:H3 station scan and dispatch verification:Transport to work bay:load=False:handoffs=0|H4:H4 trolley supply transfer:Transport to work bay:load=True:handoffs=0|H5:Legitimate operation occupying S2 receiving bay:Transport to work bay:load=True:handoffs=0|F1:F1 inbound pallet replenishment:Transport to work bay:load=True:handoffs=0|F2:F2 outbound pallet dispatch:Transport to work bay:load=True:handoffs=0"
12.9671,9,58,119,-20.5556,0.0500,15.0000,89.8200,1.1094,0.3948,-19.8000,0.0000,15.0000,0.7572,7,"","","7.500:0.050:16.744|-4.200:0.050:-6.904|16.270:0.050:-16.208|4.220:0.050:7.363|7.726:0.050:7.189","0.000:0.000:0.000|0.000:0.000:0.656|-0.790:0.000:-0.127|-0.001:0.000:-0.656|-0.217:0.000:0.619","-11.308:0.050:8.170|20.000:0.050:2.445","0.000:0.000:0.000|0.000:0.000:1.066",False,False,Moving,60.00,40.00,3.00,MultiAgentTraffic,"P1:True|P2:True|P3:True|D1:False|D2:True|D3:True","H1:H1 rack picking and carton handoff:Transport to work bay:load=True:handoffs=0|H2:H2 cross-aisle carton transfer:Transport to work bay:load=True:handoffs=0|H3:H3 station scan and dispatch verification:Transport to work bay:load=False:handoffs=0|H4:H4 trolley supply transfer:Transport to work bay:load=True:handoffs=0|H5:Legitimate operation occupying S2 receiving bay:Transport to work bay:load=True:handoffs=0|F1:F1 inbound pallet replenishment:Transport to work bay:load=True:handoffs=0|F2:F2 outbound pallet dispatch:Transport to work bay:load=True:handoffs=0"
13.0718,9,58,120,-20.4308,0.0500,15.0000,89.8574,1.0096,0.2823,-19.8000,0.0000,15.0000,0.6328,7,"","","7.500:0.050:16.744|-4.200:0.050:-6.835|16.187:0.050:-16.222|4.219:0.050:7.295|7.703:0.050:7.254","0.000:0.000:0.000|0.000:0.000:0.656|-0.790:0.000:-0.127|-0.001:0.000:-0.656|-0.217:0.000:0.619","-11.308:0.050:8.170|20.000:0.050:2.557","0.000:0.000:0.000|0.000:0.000:1.066",False,False,Moving,60.00,40.00,3.00,MultiAgentTraffic,"P1:True|P2:True|P3:True|D1:False|D2:True|D3:True","H1:H1 rack picking and carton handoff:Transport to work bay:load=True:handoffs=0|H2:H2 cross-aisle carton transfer:Transport to work bay:load=True:handoffs=0|H3:H3 station scan and dispatch verification:Transport to work bay:load=False:handoffs=0|H4:H4 trolley supply transfer:Transport to work bay:load=True:handoffs=0|H5:Legitimate operation occupying S2 receiving bay:Transport to work bay:load=True:handoffs=0|F1:F1 inbound pallet replenishment:Transport to work bay:load=True:handoffs=0|F2:F2 outbound pallet dispatch:Transport to work bay:load=True:handoffs=0"
13.1824,9,58,121,-20.3093,0.0500,15.0000,89.8872,0.8460,0.1961,-19.8000,0.0000,15.0000,0.5117,7,"","","7.500:0.050:16.744|-4.200:0.050:-6.763|16.100:0.050:-16.236|4.219:0.050:7.222|7.679:0.050:7.322","0.000:0.000:0.000|0.000:0.000:0.656|-0.790:0.000:-0.127|-0.001:0.000:-0.656|-0.217:0.000:0.619","-11.308:0.050:8.170|20.000:0.050:2.674","0.000:0.000:0.000|0.000:0.000:1.066",False,False,Moving,60.00,40.00,3.00,MultiAgentTraffic,"P1:True|P2:True|P3:True|D1:False|D2:True|D3:True","H1:H1 rack picking and carton handoff:Transport to work bay:load=True:handoffs=0|H2:H2 cross-aisle carton transfer:Transport to work bay:load=True:handoffs=0|H3:H3 station scan and dispatch verification:Transport to work bay:load=False:handoffs=0|H4:H4 trolley supply transfer:Transport to work bay:load=True:handoffs=0|H5:Legitimate operation occupying S2 receiving bay:Transport to work bay:load=True:handoffs=0|F1:F1 inbound pallet replenishment:Transport to work bay:load=True:handoffs=0|F2:F2 outbound pallet dispatch:Transport to work bay:load=True:handoffs=0"
13.2840,9,58,122,-20.2084,0.0500,15.0000,89.9081,0.7941,0.1595,-17.8000,0.0000,15.0000,2.4089,7,"","","7.500:0.050:16.744|-4.200:0.050:-6.696|16.019:0.050:-16.248|4.219:0.050:7.155|7.657:0.050:7.385","0.000:0.000:0.000|0.000:0.000:0.656|-0.790:0.000:-0.127|-0.001:0.000:-0.656|-0.217:0.000:0.619","-11.308:0.050:8.170|20.000:0.050:2.783","0.000:0.000:0.000|0.000:0.000:1.066",False,False,Moving,60.00,40.00,3.00,MultiAgentTraffic,"P1:True|P2:True|P3:True|D1:False|D2:True|D3:True","H1:H1 rack picking and carton handoff:Transport to work bay:load=True:handoffs=0|H2:H2 cross-aisle carton transfer:Transport to work bay:load=True:handoffs=0|H3:H3 station scan and dispatch verification:Transport to work bay:load=False:handoffs=0|H4:H4 trolley supply transfer:Transport to work bay:load=True:handoffs=0|H5:Legitimate operation occupying S2 receiving bay:Transport to work bay:load=True:handoffs=0|F1:F1 inbound pallet replenishment:Transport to work bay:load=True:handoffs=0|F2:F2 outbound pallet dispatch:Transport to work bay:load=True:handoffs=0"
13.3965,9,58,123,-20.0948,0.0500,15.0000,89.9272,1.5334,0.2396,-17.8000,0.0000,15.0000,2.2954,7,"","","7.500:0.050:16.744|-4.200:0.050:-6.622|15.930:0.050:-16.263|4.219:0.050:7.082|7.633:0.050:7.455","0.000:0.000:0.000|0.000:0.000:0.656|-0.790:0.000:-0.127|-0.001:0.000:-0.656|-0.217:0.000:0.619","-11.308:0.050:8.170|20.000:0.050:2.903","0.000:0.000:0.000|0.000:0.000:1.066",False,False,Moving,60.00,40.00,3.00,MultiAgentTraffic,"P1:True|P2:True|P3:True|D1:False|D2:True|D3:True","H1:H1 rack picking and carton handoff:Transport to work bay:load=True:handoffs=0|H2:H2 cross-aisle carton transfer:Transport to work bay:load=True:handoffs=0|H3:H3 station scan and dispatch verification:Transport to work bay:load=False:handoffs=0|H4:H4 trolley supply transfer:Transport to work bay:load=True:handoffs=0|H5:Legitimate operation occupying S2 receiving bay:Transport to work bay:load=True:handoffs=0|F1:F1 inbound pallet replenishment:Transport to work bay:load=True:handoffs=0|F2:F2 outbound pallet dispatch:Transport to work bay:load=True:handoffs=0"
13.5012,9,58,124,-19.9816,0.0500,15.0000,89.9417,0.8688,0.1072,-17.8000,0.0000,15.0000,2.1821,7,"","","7.500:0.050:16.744|-4.200:0.050:-6.554|15.848:0.050:-16.276|4.219:0.050:7.013|7.610:0.050:7.518","0.000:0.000:0.000|0.000:0.000:0.656|-0.790:0.000:-0.127|-0.001:0.000:-0.656|-0.241:0.000:0.552","-11.308:0.050:8.170|20.000:0.050:3.014","0.000:0.000:0.000|0.000:0.000:1.066",False,False,Moving,60.00,40.00,3.00,MultiAgentTraffic,"P1:True|P2:True|P3:True|D1:False|D2:True|D3:True","H1:H1 rack picking and carton handoff:Transport to work bay:load=True:handoffs=0|H2:H2 cross-aisle carton transfer:Transport to work bay:load=True:handoffs=0|H3:H3 station scan and dispatch verification:Transport to work bay:load=False:handoffs=0|H4:H4 trolley supply transfer:Transport to work bay:load=True:handoffs=0|H5:Legitimate operation occupying S2 receiving bay:Transport to work bay:load=True:handoffs=0|F1:F1 inbound pallet replenishment:Transport to work bay:load=True:handoffs=0|F2:F2 outbound pallet dispatch:Transport to work bay:load=True:handoffs=0"
13.6035,9,58,125,-19.8641,0.0500,15.0000,89.9534,0.7739,0.0713,-17.8000,0.0000,15.0000,2.0647,7,"","","7.500:0.050:16.744|-4.200:0.050:-6.487|15.767:0.050:-16.289|4.219:0.050:6.946|7.577:0.050:7.572","0.000:0.000:0.000|0.000:0.000:0.656|-0.790:0.000:-0.127|-0.001:0.000:-0.656|-0.368:0.000:0.535","-11.308:0.050:8.170|20.000:0.050:3.123","0.000:0.000:0.000|0.000:0.000:1.066",False,False,Moving,60.00,40.00,3.00,MultiAgentTraffic,"P1:True|P2:True|P3:True|D1:False|D2:True|D3:True","H1:H1 rack picking and carton handoff:Transport to work bay:load=True:handoffs=0|H2:H2 cross-aisle carton transfer:Transport to work bay:load=True:handoffs=0|H3:H3 station scan and dispatch verification:Transport to work bay:load=False:handoffs=0|H4:H4 trolley supply transfer:Transport to work bay:load=True:handoffs=0|H5:Legitimate operation occupying S2 receiving bay:Transport to work bay:load=True:handoffs=0|F1:F1 inbound pallet replenishment:Transport to work bay:load=True:handoffs=0|F2:F2 outbound pallet dispatch:Transport to work bay:load=True:handoffs=0"
13.7066,9,58,126,-19.7406,0.0500,15.0000,89.9630,0.8558,0.0626,-17.8000,0.0000,15.0000,1.9412,7,"","","7.500:0.050:16.744|-4.200:0.050:-6.419|15.685:0.050:-16.302|4.219:0.050:6.878|7.538:0.050:7.627","0.000:0.000:0.000|0.000:0.000:0.656|-0.790:0.000:-0.127|-0.001:0.000:-0.656|-0.372:0.000:0.540","-11.308:0.050:8.170|20.000:0.050:3.233","0.000:0.000:0.000|0.000:0.000:1.066",False,False,Moving,60.00,40.00,3.00,MultiAgentTraffic,"P1:True|P2:True|P3:True|D1:False|D2:True|D3:True","H1:H1 rack picking and carton handoff:Transport to work bay:load=True:handoffs=0|H2:H2 cross-aisle carton transfer:Transport to work bay:load=True:handoffs=0|H3:H3 station scan and dispatch verification:Transport to work bay:load=False:handoffs=0|H4:H4 trolley supply transfer:Transport to work bay:load=True:handoffs=0|H5:Legitimate operation occupying S2 receiving bay:Transport to work bay:load=True:handoffs=0|F1:F1 inbound pallet replenishment:Transport to work bay:load=True:handoffs=0|F2:F2 outbound pallet dispatch:Transport to work bay:load=True:handoffs=0"
13.8068,9,58,127,-19.6203,0.0500,15.0000,89.9704,0.8918,0.0519,-17.8000,0.0000,15.0000,1.8210,7,"","","7.500:0.050:16.744|-4.200:0.050:-6.353|15.606:0.050:-16.315|4.219:0.050:6.812|7.501:0.050:7.681","0.000:0.000:0.000|0.000:0.000:0.656|-0.790:0.000:-0.127|-0.001:0.000:-0.656|-0.372:0.000:0.540","-11.308:0.050:8.170|20.000:0.050:3.340","0.000:0.000:0.000|0.000:0.000:1.066",False,False,Moving,60.00,40.00,3.00,MultiAgentTraffic,"P1:True|P2:True|P3:True|D1:False|D2:True|D3:True","H1:H1 rack picking and carton handoff:Transport to work bay:load=True:handoffs=0|H2:H2 cross-aisle carton transfer:Transport to work bay:load=True:handoffs=0|H3:H3 station scan and dispatch verification:Transport to work bay:load=False:handoffs=0|H4:H4 trolley supply transfer:Transport to work bay:load=True:handoffs=0|H5:Legitimate operation occupying S2 receiving bay:Transport to work bay:load=True:handoffs=0|F1:F1 inbound pallet replenishment:Transport to work bay:load=True:handoffs=0|F2:F2 outbound pallet dispatch:Transport to work bay:load=True:handoffs=0"
13.9236,9,58,128,-19.4802,0.0500,15.0000,89.9772,0.8621,0.0389,-17.8000,0.0000,15.0000,1.6809,7,"","","7.500:0.050:16.744|-4.200:0.050:-6.277|15.514:0.050:-16.330|4.219:0.050:6.736|7.501:0.050:7.681","0.000:0.000:0.000|0.000:0.000:0.656|-0.790:0.000:-0.127|-0.001:0.000:-0.656|0.000:0.000:0.000","-11.308:0.050:8.170|20.000:0.050:3.465","0.000:0.000:0.000|0.000:0.000:1.066",False,False,Moving,60.00,40.00,3.00,MultiAgentTraffic,"P1:True|P2:True|P3:True|D1:False|D2:True|D3:True","H1:H1 rack picking and carton handoff:Transport to work bay:load=True:handoffs=0|H2:H2 cross-aisle carton transfer:Transport to work bay:load=True:handoffs=0|H3:H3 station scan and dispatch verification:Transport to work bay:load=False:handoffs=0|H4:H4 trolley supply transfer:Transport to work bay:load=True:handoffs=0|H5:Legitimate operation occupying S2 receiving bay:Transport to work bay:load=True:handoffs=0|F1:F1 inbound pallet replenishment:Transport to work bay:load=True:handoffs=0|F2:F2 outbound pallet dispatch:Transport to work bay:load=True:handoffs=0"
14.0382,9,58,129,-19.3427,0.0500,15.0000,89.9824,0.9262,0.0332,-17.8000,0.0000,15.0000,1.5435,7,"","","7.500:0.050:16.744|-4.200:0.050:-6.201|15.423:0.050:-16.344|4.218:0.050:6.661|7.501:0.050:7.681","0.000:0.000:0.000|0.000:0.000:0.656|-0.790:0.000:-0.127|-0.001:0.000:-0.656|0.000:0.000:0.000","-11.308:0.050:8.170|20.000:0.050:3.587","0.000:0.000:0.000|0.000:0.000:1.066",False,False,Moving,60.00,40.00,3.00,MultiAgentTraffic,"P1:True|P2:True|P3:True|D1:False|D2:True|D3:True","H1:H1 rack picking and carton handoff:Transport to work bay:load=True:handoffs=0|H2:H2 cross-aisle carton transfer:Transport to work bay:load=True:handoffs=0|H3:H3 station scan and dispatch verification:Transport to work bay:load=False:handoffs=0|H4:H4 trolley supply transfer:Transport to work bay:load=True:handoffs=0|H5:Legitimate operation occupying S2 receiving bay:Transport to work bay:load=True:handoffs=0|F1:F1 inbound pallet replenishment:Transport to work bay:load=True:handoffs=0|F2:F2 outbound pallet dispatch:Transport to work bay:load=True:handoffs=0"
14.1488,9,58,130,-19.2099,0.0500,15.0000,89.9863,1.0361,0.0290,-17.8000,0.0000,15.0000,1.4108,7,"","","7.500:0.050:16.744|-4.200:0.050:-6.129|15.336:0.050:-16.358|4.218:0.050:6.588|7.501:0.050:7.681","0.000:0.000:0.000|0.000:0.000:0.656|-0.790:0.000:-0.127|-0.001:0.000:-0.656|0.000:0.000:0.000","-11.308:0.050:8.170|20.000:0.050:3.705","0.000:0.000:0.000|0.000:0.000:1.066",False,False,Moving,60.00,40.00,3.00,MultiAgentTraffic,"P1:True|P2:True|P3:True|D1:False|D2:True|D3:True","H1:H1 rack picking and carton handoff:Transport to work bay:load=True:handoffs=0|H2:H2 cross-aisle carton transfer:Transport to work bay:load=True:handoffs=0|H3:H3 station scan and dispatch verification:Transport to work bay:load=False:handoffs=0|H4:H4 trolley supply transfer:Transport to work bay:load=True:handoffs=0|H5:Legitimate operation occupying S2 receiving bay:Transport to work bay:load=True:handoffs=0|F1:F1 inbound pallet replenishment:Transport to work bay:load=True:handoffs=0|F2:F2 outbound pallet dispatch:Transport to work bay:load=True:handoffs=0"
14.2580,9,58,131,-19.0789,0.0500,15.0000,89.9893,0.9874,0.0217,-17.8000,0.0000,15.0000,1.2799,7,"","","7.500:0.050:16.744|-4.200:0.050:-6.057|15.250:0.050:-16.372|4.218:0.050:6.516|7.501:0.050:7.681","0.000:0.000:0.000|0.000:0.000:0.656|-0.790:0.000:-0.127|-0.001:0.000:-0.656|0.000:0.000:0.000","-11.308:0.050:8.170|20.000:0.050:3.821","0.000:0.000:0.000|0.000:0.000:1.066",False,False,Moving,60.00,40.00,3.00,MultiAgentTraffic,"P1:True|P2:True|P3:True|D1:False|D2:True|D3:True","H1:H1 rack picking and carton handoff:Transport to work bay:load=True:handoffs=0|H2:H2 cross-aisle carton transfer:Transport to work bay:load=True:handoffs=0|H3:H3 station scan and dispatch verification:Transport to work bay:load=False:handoffs=0|H4:H4 trolley supply transfer:Transport to work bay:load=True:handoffs=0|H5:Legitimate operation occupying S2 receiving bay:Transport to work bay:load=True:handoffs=0|F1:F1 inbound pallet replenishment:Transport to work bay:load=True:handoffs=0|F2:F2 outbound pallet dispatch:Transport to work bay:load=True:handoffs=0"
14.3705,9,58,132,-18.9439,0.0500,15.0000,89.9917,0.9329,0.0153,-17.8000,0.0000,15.0000,1.1450,7,"","","7.500:0.050:16.744|-4.200:0.050:-5.983|15.161:0.050:-16.386|4.218:0.050:6.443|7.501:0.050:7.681","0.000:0.000:0.000|0.000:0.000:0.656|-0.790:0.000:-0.127|-0.001:0.000:-0.656|0.000:0.000:0.000","-11.308:0.050:8.170|20.000:0.050:3.941","0.000:0.000:0.000|0.000:0.000:1.066",False,False,Moving,60.00,40.00,3.00,MultiAgentTraffic,"P1:True|P2:True|P3:True|D1:False|D2:True|D3:True","H1:H1 rack picking and carton handoff:Transport to work bay:load=True:handoffs=0|H2:H2 cross-aisle carton transfer:Transport to work bay:load=True:handoffs=0|H3:H3 station scan and dispatch verification:Transport to work bay:load=False:handoffs=0|H4:H4 trolley supply transfer:Transport to work bay:load=True:handoffs=0|H5:Legitimate operation occupying S2 receiving bay:Transport to work bay:load=True:handoffs=0|F1:F1 inbound pallet replenishment:Transport to work bay:load=True:handoffs=0|F2:F2 outbound pallet dispatch:Transport to work bay:load=True:handoffs=0"
14.4836,9,58,133,-18.8081,0.0500,15.0000,89.9935,0.9724,0.0126,-17.8000,0.0000,15.0000,1.0094,7,"","","7.500:0.050:16.744|-4.200:0.050:-5.909|15.072:0.050:-16.400|4.218:0.050:6.368|7.501:0.050:7.681","0.000:0.000:0.000|0.000:0.000:0.656|-0.790:0.000:-0.127|-0.001:0.000:-0.656|0.000:0.000:0.000","-11.308:0.050:8.170|20.000:0.050:4.062","0.000:0.000:0.000|0.000:0.000:1.066",False,False,Moving,60.00,40.00,3.00,MultiAgentTraffic,"P1:True|P2:True|P3:True|D1:False|D2:True|D3:True","H1:H1 rack picking and carton handoff:Transport to work bay:load=True:handoffs=0|H2:H2 cross-aisle carton transfer:Transport to work bay:load=True:handoffs=0|H3:H3 station scan and dispatch verification:Transport to work bay:load=False:handoffs=0|H4:H4 trolley supply transfer:Transport to work bay:load=True:handoffs=0|H5:Legitimate operation occupying S2 receiving bay:Transport to work bay:load=True:handoffs=0|F1:F1 inbound pallet replenishment:Transport to work bay:load=True:handoffs=0|F2:F2 outbound pallet dispatch:Transport to work bay:load=True:handoffs=0"
14.5952,9,58,134,-18.6742,0.0500,15.0000,89.9950,1.8188,0.0183,-17.8000,0.0000,15.0000,0.8756,7,"","","7.500:0.050:16.744|-4.200:0.050:-5.836|14.983:0.050:-16.415|4.218:0.050:6.295|7.501:0.050:7.681","0.000:0.000:0.000|0.000:0.000:0.656|-0.790:0.000:-0.127|-0.001:0.000:-0.656|0.000:0.000:0.000","-11.308:0.050:8.170|20.000:0.050:4.181","0.000:0.000:0.000|0.000:0.000:1.066",False,False,Moving,60.00,40.00,3.00,MultiAgentTraffic,"P1:True|P2:True|P3:True|D1:False|D2:True|D3:True","H1:H1 rack picking and carton handoff:Transport to work bay:load=True:handoffs=0|H2:H2 cross-aisle carton transfer:Transport to work bay:load=True:handoffs=0|H3:H3 station scan and dispatch verification:Transport to work bay:load=False:handoffs=0|H4:H4 trolley supply transfer:Transport to work bay:load=True:handoffs=0|H5:Legitimate operation occupying S2 receiving bay:Transport to work bay:load=True:handoffs=0|F1:F1 inbound pallet replenishment:Transport to work bay:load=True:handoffs=0|F2:F2 outbound pallet dispatch:Transport to work bay:load=True:handoffs=0"
14.6992,9,58,135,-18.5495,0.0500,15.0000,89.9960,0.8959,0.0072,-17.8000,0.0000,15.0000,0.7512,7,"","","7.500:0.050:16.744|-4.200:0.050:-5.768|14.901:0.050:-16.428|4.218:0.050:6.227|7.501:0.050:7.681","0.000:0.000:0.000|0.000:0.000:0.656|-0.790:0.000:-0.127|-0.001:0.000:-0.656|0.000:0.000:0.000","-11.308:0.050:8.170|20.000:0.050:4.291","0.000:0.000:0.000|0.000:0.000:1.066",False,False,Moving,60.00,40.00,3.00,MultiAgentTraffic,"P1:True|P2:True|P3:True|D1:False|D2:True|D3:True","H1:H1 rack picking and carton handoff:Transport to work bay:load=True:handoffs=0|H2:H2 cross-aisle carton transfer:Transport to work bay:load=True:handoffs=0|H3:H3 station scan and dispatch verification:Transport to work bay:load=False:handoffs=0|H4:H4 trolley supply transfer:Transport to work bay:load=True:handoffs=0|H5:Legitimate operation occupying S2 receiving bay:Transport to work bay:load=True:handoffs=0|F1:F1 inbound pallet replenishment:Transport to work bay:load=True:handoffs=0|F2:F2 outbound pallet dispatch:Transport to work bay:load=True:handoffs=0"
14.8002,9,58,136,-18.4295,0.0500,15.0000,89.9968,0.7893,0.0050,-17.8000,0.0000,15.0000,0.6315,7,"","","7.500:0.050:16.744|-4.200:0.050:-5.701|14.822:0.050:-16.441|4.218:0.050:6.161|7.501:0.050:7.681","0.000:0.000:0.000|0.000:0.000:0.656|-0.790:0.000:-0.127|-0.001:0.000:-0.656|0.000:0.000:0.000","-11.308:0.050:8.170|20.000:0.050:4.399","0.000:0.000:0.000|0.000:0.000:1.066",False,False,Moving,60.00,40.00,3.00,MultiAgentTraffic,"P1:True|P2:True|P3:True|D1:False|D2:True|D3:True","H1:H1 rack picking and carton handoff:Transport to work bay:load=True:handoffs=0|H2:H2 cross-aisle carton transfer:Transport to work bay:load=True:handoffs=0|H3:H3 station scan and dispatch verification:Transport to work bay:load=False:handoffs=0|H4:H4 trolley supply transfer:Transport to work bay:load=True:handoffs=0|H5:Legitimate operation occupying S2 receiving bay:Transport to work bay:load=True:handoffs=0|F1:F1 inbound pallet replenishment:Transport to work bay:load=True:handoffs=0|F2:F2 outbound pallet dispatch:Transport to work bay:load=True:handoffs=0"
14.9005,9,58,137,-18.3196,0.0500,15.0000,89.9974,0.7135,0.0038,-17.8000,0.0000,15.0000,0.5220,7,"","","7.500:0.050:16.744|-4.200:0.050:-5.636|14.742:0.050:-16.453|4.217:0.050:6.095|7.501:0.050:7.681","0.000:0.000:0.000|0.000:0.000:0.656|-0.790:0.000:-0.127|-0.001:0.000:-0.656|0.000:0.000:0.000","-11.308:0.050:8.170|20.000:0.050:4.506","0.000:0.000:0.000|0.000:0.000:1.066",False,False,Moving,60.00,40.00,3.00,MultiAgentTraffic,"P1:True|P2:True|P3:True|D1:False|D2:True|D3:True","H1:H1 rack picking and carton handoff:Transport to work bay:load=True:handoffs=0|H2:H2 cross-aisle carton transfer:Transport to work bay:load=True:handoffs=0|H3:H3 station scan and dispatch verification:Transport to work bay:load=False:handoffs=0|H4:H4 trolley supply transfer:Transport to work bay:load=True:handoffs=0|H5:Legitimate operation occupying S2 receiving bay:Transport to work bay:load=True:handoffs=0|F1:F1 inbound pallet replenishment:Transport to work bay:load=True:handoffs=0|F2:F2 outbound pallet dispatch:Transport to work bay:load=True:handoffs=0"
15.0069,9,58,138,-18.2139,0.0500,14.9999,90.0454,0.7946,0.8572,-12.3000,0.0000,13.5000,6.1013,7,"","","7.500:0.050:16.744|-4.200:0.050:-5.566|14.658:0.050:-16.467|4.217:0.050:6.025|7.501:0.050:7.681","0.000:0.000:0.000|0.000:0.000:0.656|-0.790:0.000:-0.127|-0.001:0.000:-0.656|0.000:0.000:0.000","-11.308:0.050:8.170|20.000:0.050:4.619","0.000:0.000:0.000|0.000:0.000:1.066",False,False,Moving,60.00,40.00,3.00,MultiAgentTraffic,"P1:True|P2:True|P3:True|D1:False|D2:True|D3:True","H1:H1 rack picking and carton handoff:Transport to work bay:load=True:handoffs=0|H2:H2 cross-aisle carton transfer:Transport to work bay:load=True:handoffs=0|H3:H3 station scan and dispatch verification:Transport to work bay:load=False:handoffs=0|H4:H4 trolley supply transfer:Transport to work bay:load=True:handoffs=0|H5:Legitimate operation occupying S2 receiving bay:Transport to work bay:load=True:handoffs=0|F1:F1 inbound pallet replenishment:Transport to work bay:load=True:handoffs=0|F2:F2 outbound pallet dispatch:Transport to work bay:load=True:handoffs=0"
15.1118,9,58,139,-18.1103,0.0500,14.9955,90.5892,0.6854,4.5372,-12.3000,0.0000,13.5000,5.9999,7,"","","7.500:0.050:16.744|-4.200:0.050:-5.497|14.575:0.050:-16.480|4.217:0.050:5.956|7.501:0.050:7.681","0.000:0.000:0.000|0.000:0.000:0.656|-0.790:0.000:-0.127|-0.001:0.000:-0.656|0.000:0.000:0.000","-11.308:0.050:8.170|20.000:0.050:4.731","0.000:0.000:0.000|0.000:0.000:1.066",False,False,Moving,60.00,40.00,3.00,MultiAgentTraffic,"P1:True|P2:True|P3:True|D1:False|D2:True|D3:True","H1:H1 rack picking and carton handoff:Transport to work bay:load=True:handoffs=0|H2:H2 cross-aisle carton transfer:Transport to work bay:load=True:handoffs=0|H3:H3 station scan and dispatch verification:Transport to work bay:load=False:handoffs=0|H4:H4 trolley supply transfer:Transport to work bay:load=True:handoffs=0|H5:Legitimate operation occupying S2 receiving bay:Transport to work bay:load=True:handoffs=0|F1:F1 inbound pallet replenishment:Transport to work bay:load=True:handoffs=0|F2:F2 outbound pallet dispatch:Transport to work bay:load=True:handoffs=0"
15.2164,9,58,140,-18.0030,0.0500,14.9854,91.6368,0.7952,8.1387,-12.3000,0.0000,13.5000,5.8934,7,"","","7.500:0.050:16.744|-4.200:0.050:-5.428|14.493:0.050:-16.493|4.217:0.050:5.888|7.501:0.050:7.681","0.000:0.000:0.000|0.000:0.000:0.656|-0.790:0.000:-0.127|-0.001:0.000:-0.656|0.000:0.000:0.000","-11.308:0.050:8.170|20.000:0.050:4.843","0.000:0.000:0.000|0.000:0.000:1.066",False,False,Moving,60.00,40.00,3.00,MultiAgentTraffic,"P1:True|P2:True|P3:True|D1:False|D2:True|D3:True","H1:H1 rack picking and carton handoff:Transport to work bay:load=True:handoffs=0|H2:H2 cross-aisle carton transfer:Transport to work bay:load=True:handoffs=0|H3:H3 station scan and dispatch verification:Transport to work bay:load=False:handoffs=0|H4:H4 trolley supply transfer:Transport to work bay:load=True:handoffs=0|H5:Legitimate operation occupying S2 receiving bay:Transport to work bay:load=True:handoffs=0|F1:F1 inbound pallet replenishment:Transport to work bay:load=True:handoffs=0|F2:F2 outbound pallet dispatch:Transport to work bay:load=True:handoffs=0"
15.3226,9,58,141,-17.8900,0.0500,14.9691,93.0711,0.8515,11.1382,-12.3000,0.0000,13.5000,5.7801,7,"","","7.500:0.050:16.744|-4.200:0.050:-5.359|14.409:0.050:-16.507|4.217:0.050:5.818|7.501:0.050:7.681","0.000:0.000:0.000|0.000:0.000:0.656|-0.790:0.000:-0.127|-0.001:0.000:-0.656|0.000:0.000:0.000","-11.308:0.050:8.170|20.000:0.050:4.956","0.000:0.000:0.000|0.000:0.000:1.066",False,False,Moving,60.00,40.00,3.00,MultiAgentTraffic,"P1:True|P2:True|P3:True|D1:False|D2:True|D3:True","H1:H1 rack picking and carton handoff:Transport to work bay:load=True:handoffs=0|H2:H2 cross-aisle carton transfer:Transport to work bay:load=True:handoffs=0|H3:H3 station scan and dispatch verification:Transport to work bay:load=False:handoffs=0|H4:H4 trolley supply transfer:Transport to work bay:load=True:handoffs=0|H5:Legitimate operation occupying S2 receiving bay:Transport to work bay:load=True:handoffs=0|F1:F1 inbound pallet replenishment:Transport to work bay:load=True:handoffs=0|F2:F2 outbound pallet dispatch:Transport to work bay:load=True:handoffs=0"
15.4245,9,58,142,-17.7779,0.0500,14.9476,94.7047,0.8720,12.6827,-12.3000,0.0000,13.5000,5.6661,7,"","","7.500:0.050:16.744|-4.200:0.050:-5.292|14.328:0.050:-16.520|4.217:0.050:5.751|7.501:0.050:7.681","0.000:0.000:0.000|0.000:0.000:0.656|-0.790:0.000:-0.127|-0.001:0.000:-0.656|0.000:0.000:0.000","-11.308:0.050:8.170|20.000:0.050:5.065","0.000:0.000:0.000|0.000:0.000:1.066",False,False,Moving,60.00,40.00,3.00,MultiAgentTraffic,"P1:True|P2:True|P3:True|D1:False|D2:True|D3:True","H1:H1 rack picking and carton handoff:Transport to work bay:load=True:handoffs=0|H2:H2 cross-aisle carton transfer:Transport to work bay:load=True:handoffs=0|H3:H3 station scan and dispatch verification:Transport to work bay:load=False:handoffs=0|H4:H4 trolley supply transfer:Transport to work bay:load=True:handoffs=0|H5:Legitimate operation occupying S2 receiving bay:Transport to work bay:load=True:handoffs=0|F1:F1 inbound pallet replenishment:Transport to work bay:load=True:handoffs=0|F2:F2 outbound pallet dispatch:Transport to work bay:load=True:handoffs=0"
15.5372,9,58,143,-17.6496,0.0500,14.9171,96.7122,1.8866,28.9868,-12.3000,0.0000,13.5000,5.5344,7,"","","7.500:0.050:16.744|-4.200:0.050:-5.218|14.239:0.050:-16.534|4.217:0.050:5.677|7.501:0.050:7.681","0.000:0.000:0.000|0.000:0.000:0.656|-0.790:0.000:-0.127|-0.001:0.000:-0.656|0.000:0.000:0.000","-11.308:0.050:8.170|20.000:0.050:5.185","0.000:0.000:0.000|0.000:0.000:1.066",False,False,Moving,60.00,40.00,3.00,MultiAgentTraffic,"P1:True|P2:True|P3:True|D1:False|D2:True|D3:True","H1:H1 rack picking and carton handoff:Transport to work bay:load=True:handoffs=0|H2:H2 cross-aisle carton transfer:Transport to work bay:load=True:handoffs=0|H3:H3 station scan and dispatch verification:Transport to work bay:load=False:handoffs=0|H4:H4 trolley supply transfer:Transport to work bay:load=True:handoffs=0|H5:Legitimate operation occupying S2 receiving bay:Transport to work bay:load=True:handoffs=0|F1:F1 inbound pallet replenishment:Transport to work bay:load=True:handoffs=0|F2:F2 outbound pallet dispatch:Transport to work bay:load=True:handoffs=0"
15.6503,9,58,144,-17.5186,0.0500,14.8824,98.5297,1.1302,14.0961,-12.3000,0.0000,13.5000,5.3988,7,"","","7.500:0.050:16.744|-4.200:0.050:-5.144|14.150:0.050:-16.548|4.217:0.050:5.603|7.501:0.050:7.681","0.000:0.000:0.000|0.000:0.000:0.656|-0.790:0.000:-0.127|-0.001:0.000:-0.656|0.000:0.000:0.000","-11.308:0.050:8.170|20.000:0.050:5.305","0.000:0.000:0.000|0.000:0.000:1.066",False,False,Moving,60.00,40.00,3.00,MultiAgentTraffic,"P1:True|P2:True|P3:True|D1:False|D2:True|D3:True","H1:H1 rack picking and carton handoff:Transport to work bay:load=True:handoffs=0|H2:H2 cross-aisle carton transfer:Transport to work bay:load=True:handoffs=0|H3:H3 station scan and dispatch verification:Transport to work bay:load=False:handoffs=0|H4:H4 trolley supply transfer:Transport to work bay:load=True:handoffs=0|H5:Legitimate operation occupying S2 receiving bay:Transport to work bay:load=True:handoffs=0|F1:F1 inbound pallet replenishment:Transport to work bay:load=True:handoffs=0|F2:F2 outbound pallet dispatch:Transport to work bay:load=True:handoffs=0"
15.7622,9,58,145,-17.3887,0.0500,14.8480,99.9287,0.9927,9.5821,-12.3000,0.0000,13.5000,5.2644,7,"","","7.500:0.050:16.744|-4.200:0.050:-5.070|14.062:0.050:-16.562|4.217:0.050:5.530|7.501:0.050:7.681","0.000:0.000:0.000|0.000:0.000:0.656|-0.790:0.000:-0.127|-0.001:0.000:-0.656|0.000:0.000:0.000","-11.308:0.050:8.170|20.000:0.050:5.425","0.000:0.000:0.000|0.000:0.000:1.066",False,False,Moving,60.00,40.00,3.00,MultiAgentTraffic,"P1:True|P2:True|P3:True|D1:False|D2:True|D3:True","H1:H1 rack picking and carton handoff:Transport to work bay:load=True:handoffs=0|H2:H2 cross-aisle carton transfer:Transport to work bay:load=True:handoffs=0|H3:H3 station scan and dispatch verification:Transport to work bay:load=False:handoffs=0|H4:H4 trolley supply transfer:Transport to work bay:load=True:handoffs=0|H5:Legitimate operation occupying S2 receiving bay:Transport to work bay:load=True:handoffs=0|F1:F1 inbound pallet replenishment:Transport to work bay:load=True:handoffs=0|F2:F2 outbound pallet dispatch:Transport to work bay:load=True:handoffs=0"
15.8668,9,58,146,-17.2674,0.0500,14.8158,100.9522,0.8293,6.2855,-12.3000,0.0000,13.5000,5.1390,7,"","","7.500:0.050:16.744|-4.200:0.050:-5.002|13.979:0.050:-16.576|4.216:0.050:5.461|7.501:0.050:7.681","0.000:0.000:0.000|0.000:0.000:0.656|-0.790:0.000:-0.127|-0.001:0.000:-0.656|0.000:0.000:0.000","-11.308:0.050:8.170|20.000:0.050:5.536","0.000:0.000:0.000|0.000:0.000:1.066",False,False,Moving,60.00,40.00,3.00,MultiAgentTraffic,"P1:True|P2:True|P3:True|D1:False|D2:True|D3:True","H1:H1 rack picking and carton handoff:Transport to work bay:load=True:handoffs=0|H2:H2 cross-aisle carton transfer:Transport to work bay:load=True:handoffs=0|H3:H3 station scan and dispatch verification:Transport to work bay:load=False:handoffs=0|H4:H4 trolley supply transfer:Transport to work bay:load=True:handoffs=0|H5:Legitimate operation occupying S2 receiving bay:Transport to work bay:load=True:handoffs=0|F1:F1 inbound pallet replenishment:Transport to work bay:load=True:handoffs=0|F2:F2 outbound pallet dispatch:Transport to work bay:load=True:handoffs=0"
15.9718,9,58,147,-17.1455,0.0500,14.7835,101.7660,1.8146,11.0649,-12.3000,0.0000,13.5000,5.0129,7,"","","7.500:0.050:16.744|-4.200:0.050:-4.933|13.896:0.050:-16.589|4.216:0.050:5.392|7.501:0.050:7.681","0.000:0.000:0.000|0.000:0.000:0.656|-0.790:0.000:-0.127|-0.001:0.000:-0.656|0.000:0.000:0.000","-11.308:0.050:8.170|20.000:0.050:5.648","0.000:0.000:0.000|0.000:0.000:1.066",False,False,Moving,60.00,40.00,3.00,MultiAgentTraffic,"P1:True|P2:True|P3:True|D1:False|D2:True|D3:True","H1:H1 rack picking and carton handoff:Transport to work bay:load=True:handoffs=0|H2:H2 cross-aisle carton transfer:Transport to work bay:load=True:handoffs=0|H3:H3 station scan and dispatch verification:Transport to work bay:load=False:handoffs=0|H4:H4 trolley supply transfer:Transport to work bay:load=True:handoffs=0|H5:Legitimate operation occupying S2 receiving bay:Transport to work bay:load=True:handoffs=0|F1:F1 inbound pallet replenishment:Transport to work bay:load=True:handoffs=0|F2:F2 outbound pallet dispatch:Transport to work bay:load=True:handoffs=0"
16.0779,9,58,148,-17.0225,0.0500,14.7510,102.4147,0.9457,4.6490,-12.3000,0.0000,13.5000,4.8856,7,"","","7.500:0.050:16.744|-4.200:0.050:-4.863|13.812:0.050:-16.602|4.216:0.050:5.323|7.501:0.050:7.681","0.000:0.000:0.000|0.000:0.000:0.656|-0.790:0.000:-0.127|-0.001:0.000:-0.656|0.000:0.000:0.000","-11.308:0.050:8.170|20.000:0.050:5.761","0.000:0.000:0.000|0.000:0.000:1.066",False,False,Moving,60.00,40.00,3.00,MultiAgentTraffic,"P1:True|P2:True|P3:True|D1:False|D2:True|D3:True","H1:H1 rack picking and carton handoff:Transport to work bay:load=True:handoffs=0|H2:H2 cross-aisle carton transfer:Transport to work bay:load=True:handoffs=0|H3:H3 station scan and dispatch verification:Transport to work bay:load=False:handoffs=0|H4:H4 trolley supply transfer:Transport to work bay:load=True:handoffs=0|H5:Legitimate operation occupying S2 receiving bay:Transport to work bay:load=True:handoffs=0|F1:F1 inbound pallet replenishment:Transport to work bay:load=True:handoffs=0|F2:F2 outbound pallet dispatch:Transport to work bay:load=True:handoffs=0"
16.1833,9,58,149,-16.9002,0.0500,14.7186,102.9236,0.8851,3.3173,-12.3000,0.0000,13.5000,4.7591,7,"","","7.500:0.050:16.744|-4.200:0.050:-4.794|13.729:0.050:-16.616|4.216:0.050:5.253|7.501:0.050:7.681","0.000:0.000:0.000|0.000:0.000:0.656|-0.790:0.000:-0.127|-0.001:0.000:-0.656|0.000:0.000:0.000","-11.308:0.050:8.170|20.000:0.050:5.873","0.000:0.000:0.000|0.000:0.000:1.066",False,False,Moving,60.00,40.00,3.00,MultiAgentTraffic,"P1:True|P2:True|P3:True|D1:False|D2:True|D3:True","H1:H1 rack picking and carton handoff:Transport to work bay:load=True:handoffs=0|H2:H2 cross-aisle carton transfer:Transport to work bay:load=True:handoffs=0|H3:H3 station scan and dispatch verification:Transport to work bay:load=False:handoffs=0|H4:H4 trolley supply transfer:Transport to work bay:load=True:handoffs=0|H5:Legitimate operation occupying S2 receiving bay:Transport to work bay:load=True:handoffs=0|F1:F1 inbound pallet replenishment:Transport to work bay:load=True:handoffs=0|F2:F2 outbound pallet dispatch:Transport to work bay:load=True:handoffs=0"
16.2963,9,58,150,-16.7692,0.0500,14.6839,103.3515,2.2688,6.8195,-12.3000,0.0000,13.5000,4.6236,7,"","","7.500:0.050:16.744|-4.200:0.050:-4.720|13.640:0.050:-16.630|4.216:0.050:5.179|7.501:0.050:7.681","0.000:0.000:0.000|0.000:0.000:0.656|-0.790:0.000:-0.127|-0.001:0.000:-0.656|0.000:0.000:0.000","-11.308:0.050:8.170|20.000:0.050:5.994","0.000:0.000:0.000|0.000:0.000:1.066",False,False,Moving,60.00,40.00,3.00,MultiAgentTraffic,"P1:True|P2:True|P3:True|D1:False|D2:True|D3:True","H1:H1 rack picking and carton handoff:Transport to work bay:load=True:handoffs=0|H2:H2 cross-aisle carton transfer:Transport to work bay:load=True:handoffs=0|H3:H3 station scan and dispatch verification:Transport to work bay:load=False:handoffs=0|H4:H4 trolley supply transfer:Transport to work bay:load=True:handoffs=0|H5:Legitimate operation occupying S2 receiving bay:Transport to work bay:load=True:handoffs=0|F1:F1 inbound pallet replenishment:Transport to work bay:load=True:handoffs=0|F2:F2 outbound pallet dispatch:Transport to work bay:load=True:handoffs=0"
16.4026,9,58,151,-16.6458,0.0500,14.6512,103.6660,0.9298,2.1328,-12.3000,0.0000,13.5000,4.4960,7,"","","7.500:0.050:16.744|-4.200:0.050:-4.650|13.556:0.050:-16.644|4.216:0.050:5.110|7.501:0.050:7.681","0.000:0.000:0.000|0.000:0.000:0.656|-0.790:0.000:-0.127|-0.001:0.000:-0.656|0.000:0.000:0.000","-11.308:0.050:8.170|20.000:0.050:6.107","0.000:0.000:0.000|0.000:0.000:1.066",False,False,Moving,60.00,40.00,3.00,MultiAgentTraffic,"P1:True|P2:True|P3:True|D1:False|D2:True|D3:True","H1:H1 rack picking and carton handoff:Transport to work bay:load=True:handoffs=0|H2:H2 cross-aisle carton transfer:Transport to work bay:load=True:handoffs=0|H3:H3 station scan and dispatch verification:Transport to work bay:load=False:handoffs=0|H4:H4 trolley supply transfer:Transport to work bay:load=True:handoffs=0|H5:Legitimate operation occupying S2 receiving bay:Transport to work bay:load=True:handoffs=0|F1:F1 inbound pallet replenishment:Transport to work bay:load=True:handoffs=0|F2:F2 outbound pallet dispatch:Transport to work bay:load=True:handoffs=0"
16.5145,9,58,152,-16.5160,0.0500,14.6168,103.9254,1.7318,3.1345,-12.3000,0.0000,13.5000,4.3617,7,"","","7.500:0.050:16.744|-4.200:0.050:-4.577|13.467:0.050:-16.658|4.216:0.050:5.036|7.501:0.050:7.681","0.000:0.000:0.000|0.000:0.000:0.656|-0.790:0.000:-0.127|-0.001:0.000:-0.656|0.000:0.000:0.000","-11.308:0.050:8.170|20.000:0.050:6.227","0.000:0.000:0.000|0.000:0.000:1.066",False,False,Moving,60.00,40.00,3.00,MultiAgentTraffic,"P1:True|P2:True|P3:True|D1:False|D2:True|D3:True","H1:H1 rack picking and carton handoff:Transport to work bay:load=True:handoffs=0|H2:H2 cross-aisle carton transfer:Transport to work bay:load=True:handoffs=0|H3:H3 station scan and dispatch verification:Transport to work bay:load=False:handoffs=0|H4:H4 trolley supply transfer:Transport to work bay:load=True:handoffs=0|H5:Legitimate operation occupying S2 receiving bay:Transport to work bay:load=True:handoffs=0|F1:F1 inbound pallet replenishment:Transport to work bay:load=True:handoffs=0|F2:F2 outbound pallet dispatch:Transport to work bay:load=True:handoffs=0"
16.6276,9,58,153,-16.3848,0.0500,14.5820,104.1294,1.0100,1.4076,-12.3000,0.0000,13.5000,4.2260,7,"","","7.500:0.050:16.744|-4.200:0.050:-4.503|13.378:0.050:-16.672|4.216:0.050:4.962|7.501:0.050:7.681","0.000:0.000:0.000|0.000:0.000:0.656|-0.790:0.000:-0.127|-0.001:0.000:-0.656|0.000:0.000:0.000","-11.308:0.050:8.170|20.000:0.050:6.347","0.000:0.000:0.000|0.000:0.000:1.066",False,False,Moving,60.00,40.00,3.00,MultiAgentTraffic,"P1:True|P2:True|P3:True|D1:False|D2:True|D3:True","H1:H1 rack picking and carton handoff:Transport to work bay:load=True:handoffs=0|H2:H2 cross-aisle carton transfer:Transport to work bay:load=True:handoffs=0|H3:H3 station scan and dispatch verification:Transport to work bay:load=False:handoffs=0|H4:H4 trolley supply transfer:Transport to work bay:load=True:handoffs=0|H5:Legitimate operation occupying S2 receiving bay:Transport to work bay:load=True:handoffs=0|F1:F1 inbound pallet replenishment:Transport to work bay:load=True:handoffs=0|F2:F2 outbound pallet dispatch:Transport to work bay:load=True:handoffs=0"
16.7277,9,58,154,-16.2687,0.0500,14.5513,104.2715,0.9508,1.0612,-12.3000,0.0000,13.5000,4.1059,7,"","","7.500:0.050:16.744|-4.200:0.050:-4.437|13.299:0.050:-16.685|4.216:0.050:4.896|7.501:0.050:7.681","0.000:0.000:0.000|0.000:0.000:0.656|-0.790:0.000:-0.127|-0.001:0.000:-0.656|0.000:0.000:0.000","-11.308:0.050:8.170|20.000:0.050:6.454","0.000:0.000:0.000|0.000:0.000:1.066",False,False,Moving,60.00,40.00,3.00,MultiAgentTraffic,"P1:True|P2:True|P3:True|D1:False|D2:True|D3:True","H1:H1 rack picking and carton handoff:Transport to work bay:load=True:handoffs=0|H2:H2 cross-aisle carton transfer:Transport to work bay:load=True:handoffs=0|H3:H3 station scan and dispatch verification:Transport to work bay:load=False:handoffs=0|H4:H4 trolley supply transfer:Transport to work bay:load=True:handoffs=0|H5:Legitimate operation occupying S2 receiving bay:Transport to work bay:load=True:handoffs=0|F1:F1 inbound pallet replenishment:Transport to work bay:load=True:handoffs=0|F2:F2 outbound pallet dispatch:Transport to work bay:load=True:handoffs=0"
16.8348,9,58,155,-16.1445,0.0500,14.5184,104.3918,1.7166,1.5129,-12.3000,0.0000,13.5000,3.9774,7,"","","7.500:0.050:16.744|-4.200:0.050:-4.367|13.214:0.050:-16.698|4.215:0.050:4.826|7.501:0.050:7.681","0.000:0.000:0.000|0.000:0.000:0.656|-0.790:0.000:-0.127|-0.001:0.000:-0.656|0.000:0.000:0.000","-11.308:0.050:8.170|20.000:0.050:6.568","0.000:0.000:0.000|0.000:0.000:1.066",False,False,Moving,60.00,40.00,3.00,MultiAgentTraffic,"P1:True|P2:True|P3:True|D1:False|D2:True|D3:True","H1:H1 rack picking and carton handoff:Transport to work bay:load=True:handoffs=0|H2:H2 cross-aisle carton transfer:Transport to work bay:load=True:handoffs=0|H3:H3 station scan and dispatch verification:Transport to work bay:load=False:handoffs=0|H4:H4 trolley supply transfer:Transport to work bay:load=True:handoffs=0|H5:Legitimate operation occupying S2 receiving bay:Transport to work bay:load=True:handoffs=0|F1:F1 inbound pallet replenishment:Transport to work bay:load=True:handoffs=0|F2:F2 outbound pallet dispatch:Transport to work bay:load=True:handoffs=0"
16.9396,9,58,156,-16.0229,0.0500,14.4862,104.4848,0.8193,0.5787,-12.3000,0.0000,13.5000,3.8517,7,"","","7.500:0.050:16.744|-4.200:0.050:-4.298|13.132:0.050:-16.712|4.215:0.050:4.757|7.501:0.050:7.681","0.000:0.000:0.000|0.000:0.000:0.656|-0.790:0.000:-0.127|-0.001:0.000:-0.656|0.000:0.000:0.000","-11.308:0.050:8.170|20.000:0.050:6.680","0.000:0.000:0.000|0.000:0.000:1.066",False,False,Moving,60.00,40.00,3.00,MultiAgentTraffic,"P1:True|P2:True|P3:True|D1:False|D2:True|D3:True","H1:H1 rack picking and carton handoff:Transport to work bay:load=True:handoffs=0|H2:H2 cross-aisle carton transfer:Transport to work bay:load=True:handoffs=0|H3:H3 station scan and dispatch verification:Transport to work bay:load=False:handoffs=0|H4:H4 trolley supply transfer:Transport to work bay:load=True:handoffs=0|H5:Legitimate operation occupying S2 receiving bay:Transport to work bay:load=True:handoffs=0|F1:F1 inbound pallet replenishment:Transport to work bay:load=True:handoffs=0|F2:F2 outbound pallet dispatch:Transport to work bay:load=True:handoffs=0"
17.0531,9,58,157,-15.8912,0.0500,14.4513,104.5636,1.6785,0.9106,-12.3000,0.0000,13.5000,3.7154,7,"","","7.500:0.050:16.744|-4.200:0.050:-4.224|13.042:0.050:-16.726|4.215:0.050:4.683|7.501:0.050:7.681","0.000:0.000:0.000|0.000:0.000:0.656|-0.790:0.000:-0.127|-0.001:0.000:-0.656|0.000:0.000:0.000","-11.308:0.050:8.170|20.000:0.050:6.801","0.000:0.000:0.000|0.000:0.000:1.066",False,False,Moving,60.00,40.00,3.00,MultiAgentTraffic,"P1:True|P2:True|P3:True|D1:False|D2:True|D3:True","H1:H1 rack picking and carton handoff:Transport to work bay:load=True:handoffs=0|H2:H2 cross-aisle carton transfer:Transport to work bay:load=True:handoffs=0|H3:H3 station scan and dispatch verification:Transport to work bay:load=False:handoffs=0|H4:H4 trolley supply transfer:Transport to work bay:load=True:handoffs=0|H5:Legitimate operation occupying S2 receiving bay:Transport to work bay:load=True:handoffs=0|F1:F1 inbound pallet replenishment:Transport to work bay:load=True:handoffs=0|F2:F2 outbound pallet dispatch:Transport to work bay:load=True:handoffs=0"
17.1552,9,58,158,-15.7728,0.0500,14.4199,104.6193,1.6960,0.7298,-12.3000,0.0000,13.5000,3.5929,7,"","","7.500:0.050:16.744|-4.200:0.050:-4.157|12.961:0.050:-16.739|4.215:0.050:4.616|7.501:0.050:7.681","0.000:0.000:0.000|0.000:0.000:0.656|-0.790:0.000:-0.127|-0.001:0.000:-0.656|0.000:0.000:0.000","-11.308:0.050:8.170|20.000:0.050:6.910","0.000:0.000:0.000|0.000:0.000:1.066",False,False,Moving,60.00,40.00,3.00,MultiAgentTraffic,"P1:True|P2:True|P3:True|D1:False|D2:True|D3:True","H1:H1 rack picking and carton handoff:Transport to work bay:load=True:handoffs=0|H2:H2 cross-aisle carton transfer:Transport to work bay:load=True:handoffs=0|H3:H3 station scan and dispatch verification:Transport to work bay:load=False:handoffs=0|H4:H4 trolley supply transfer:Transport to work bay:load=True:handoffs=0|H5:Legitimate operation occupying S2 receiving bay:Transport to work bay:load=True:handoffs=0|F1:F1 inbound pallet replenishment:Transport to work bay:load=True:handoffs=0|F2:F2 outbound pallet dispatch:Transport to work bay:load=True:handoffs=0"
17.2686,9,58,159,-15.6413,0.0500,14.3851,104.6679,0.8293,0.2731,-12.3000,0.0000,13.5000,3.4568,7,"","","7.500:0.050:16.744|-4.200:0.050:-4.082|12.872:0.050:-16.753|4.215:0.050:4.541|7.501:0.050:7.681","0.000:0.000:0.000|0.000:0.000:0.656|-0.790:0.000:-0.127|-0.001:0.000:-0.656|0.000:0.000:0.000","-11.308:0.050:8.170|20.000:0.050:7.030","0.000:0.000:0.000|0.000:0.000:1.066",False,False,Moving,60.00,40.00,3.00,MultiAgentTraffic,"P1:True|P2:True|P3:True|D1:False|D2:True|D3:True","H1:H1 rack picking and carton handoff:Transport to work bay:load=True:handoffs=0|H2:H2 cross-aisle carton transfer:Transport to work bay:load=True:handoffs=0|H3:H3 station scan and dispatch verification:Transport to work bay:load=False:handoffs=0|H4:H4 trolley supply transfer:Transport to work bay:load=True:handoffs=0|H5:Legitimate operation occupying S2 receiving bay:Transport to work bay:load=True:handoffs=0|F1:F1 inbound pallet replenishment:Transport to work bay:load=True:handoffs=0|F2:F2 outbound pallet dispatch:Transport to work bay:load=True:handoffs=0"
17.3788,9,58,160,-15.5134,0.0500,14.3512,104.7048,0.8911,0.2373,-12.3000,0.0000,13.5000,3.3246,7,"","","7.500:0.050:16.744|-4.200:0.050:-4.010|12.785:0.050:-16.767|4.215:0.050:4.469|7.501:0.050:7.681","0.000:0.000:0.000|0.000:0.000:0.656|-0.790:0.000:-0.127|-0.001:0.000:-0.656|0.000:0.000:0.000","-11.308:0.050:8.170|20.000:0.050:7.148","0.000:0.000:0.000|0.000:0.000:1.066",False,False,Moving,60.00,40.00,3.00,MultiAgentTraffic,"P1:True|P2:True|P3:True|D1:False|D2:True|D3:True","H1:H1 rack picking and carton handoff:Transport to work bay:load=True:handoffs=0|H2:H2 cross-aisle carton transfer:Transport to work bay:load=True:handoffs=0|H3:H3 station scan and dispatch verification:Transport to work bay:load=False:handoffs=0|H4:H4 trolley supply transfer:Transport to work bay:load=True:handoffs=0|H5:Legitimate operation occupying S2 receiving bay:Transport to work bay:load=True:handoffs=0|F1:F1 inbound pallet replenishment:Transport to work bay:load=True:handoffs=0|F2:F2 outbound pallet dispatch:Transport to work bay:load=True:handoffs=0"
17.4922,9,58,161,-15.3820,0.0500,14.3164,104.7343,1.7924,0.3643,-12.3000,0.0000,13.5000,3.1886,7,"","","7.500:0.050:16.744|-4.200:0.050:-3.936|12.695:0.050:-16.782|4.215:0.050:4.395|7.501:0.050:7.681","0.000:0.000:0.000|0.000:0.000:0.656|-0.790:0.000:-0.127|-0.001:0.000:-0.656|0.000:0.000:0.000","-11.308:0.050:8.170|20.000:0.050:7.269","0.000:0.000:0.000|0.000:0.000:1.066",False,False,Moving,60.00,40.00,3.00,MultiAgentTraffic,"P1:True|P2:True|P3:True|D1:False|D2:True|D3:True","H1:H1 rack picking and carton handoff:Transport to work bay:load=True:handoffs=0|H2:H2 cross-aisle carton transfer:Transport to work bay:load=True:handoffs=0|H3:H3 station scan and dispatch verification:Transport to work bay:load=False:handoffs=0|H4:H4 trolley supply transfer:Transport to work bay:load=True:handoffs=0|H5:Legitimate operation occupying S2 receiving bay:Transport to work bay:load=True:handoffs=0|F1:F1 inbound pallet replenishment:Transport to work bay:load=True:handoffs=0|F2:F2 outbound pallet dispatch:Transport to work bay:load=True:handoffs=0"
17.5945,9,58,162,-15.2632,0.0500,14.2849,104.7552,1.6601,0.2666,-12.3000,0.0000,13.5000,3.0658,7,"","","7.500:0.050:16.744|-4.200:0.050:-3.868|12.614:0.050:-16.795|4.215:0.050:4.328|7.501:0.050:7.681","0.000:0.000:0.000|0.000:0.000:0.656|-0.790:0.000:-0.127|-0.001:0.000:-0.656|0.000:0.000:0.000","-11.308:0.050:8.170|20.000:0.050:7.378","0.000:0.000:0.000|0.000:0.000:1.066",False,False,Moving,60.00,40.00,3.00,MultiAgentTraffic,"P1:True|P2:True|P3:True|D1:False|D2:True|D3:True","H1:H1 rack picking and carton handoff:Transport to work bay:load=True:handoffs=0|H2:H2 cross-aisle carton transfer:Transport to work bay:load=True:handoffs=0|H3:H3 station scan and dispatch verification:Transport to work bay:load=False:handoffs=0|H4:H4 trolley supply transfer:Transport to work bay:load=True:handoffs=0|H5:Legitimate operation occupying S2 receiving bay:Transport to work bay:load=True:handoffs=0|F1:F1 inbound pallet replenishment:Transport to work bay:load=True:handoffs=0|F2:F2 outbound pallet dispatch:Transport to work bay:load=True:handoffs=0"
17.7072,9,58,163,-15.1325,0.0500,14.2503,104.7733,0.8361,0.1034,-12.3000,0.0000,13.5000,2.9306,7,"","","7.500:0.050:16.744|-4.200:0.050:-3.794|12.525:0.050:-16.809|4.214:0.050:4.254|7.501:0.050:7.681","0.000:0.000:0.000|0.000:0.000:0.656|-0.790:0.000:-0.127|-0.001:0.000:-0.656|0.000:0.000:0.000","-11.308:0.050:8.170|20.000:0.050:7.498","0.000:0.000:0.000|0.000:0.000:1.066",False,False,Moving,60.00,40.00,3.00,MultiAgentTraffic,"P1:True|P2:True|P3:True|D1:False|D2:True|D3:True","H1:H1 rack picking and carton handoff:Transport to work bay:load=True:handoffs=0|H2:H2 cross-aisle carton transfer:Transport to work bay:load=True:handoffs=0|H3:H3 station scan and dispatch verification:Transport to work bay:load=False:handoffs=0|H4:H4 trolley supply transfer:Transport to work bay:load=True:handoffs=0|H5:Legitimate operation occupying S2 receiving bay:Transport to work bay:load=True:handoffs=0|F1:F1 inbound pallet replenishment:Transport to work bay:load=True:handoffs=0|F2:F2 outbound pallet dispatch:Transport to work bay:load=True:handoffs=0"
17.8088,9,58,164,-15.0147,0.0500,14.2191,104.7861,1.5983,0.1583,-12.3000,0.0000,13.5000,2.8087,7,"","","7.500:0.050:16.744|-4.200:0.050:-3.728|12.445:0.050:-16.822|4.214:0.050:4.187|7.501:0.050:7.681","0.000:0.000:0.000|0.000:0.000:0.656|-0.790:0.000:-0.127|-0.001:0.000:-0.656|0.000:0.000:0.000","-11.308:0.050:8.170|20.000:0.050:7.606","0.000:0.000:0.000|0.000:0.000:1.066",False,False,Moving,60.00,40.00,3.00,MultiAgentTraffic,"P1:True|P2:True|P3:True|D1:False|D2:True|D3:True","H1:H1 rack picking and carton handoff:Transport to work bay:load=True:handoffs=0|H2:H2 cross-aisle carton transfer:Transport to work bay:load=True:handoffs=0|H3:H3 station scan and dispatch verification:Transport to work bay:load=False:handoffs=0|H4:H4 trolley supply transfer:Transport to work bay:load=True:handoffs=0|H5:Legitimate operation occupying S2 receiving bay:Transport to work bay:load=True:handoffs=0|F1:F1 inbound pallet replenishment:Transport to work bay:load=True:handoffs=0|F2:F2 outbound pallet dispatch:Transport to work bay:load=True:handoffs=0"
17.9099,9,58,165,-14.8974,0.0500,14.1880,104.7963,0.8248,0.0645,-12.3000,0.0000,13.5000,2.6874,7,"","","7.500:0.050:16.744|-4.200:0.050:-3.662|12.365:0.050:-16.835|4.214:0.050:4.121|7.501:0.050:7.681","0.000:0.000:0.000|0.000:0.000:0.656|-0.790:0.000:-0.127|-0.001:0.000:-0.656|0.000:0.000:0.000","-11.308:0.050:8.170|20.000:0.050:7.714","0.000:0.000:0.000|0.000:0.000:1.066",False,False,Moving,60.00,40.00,3.00,MultiAgentTraffic,"P1:True|P2:True|P3:True|D1:False|D2:True|D3:True","H1:H1 rack picking and carton handoff:Transport to work bay:load=True:handoffs=0|H2:H2 cross-aisle carton transfer:Transport to work bay:load=True:handoffs=0|H3:H3 station scan and dispatch verification:Transport to work bay:load=False:handoffs=0|H4:H4 trolley supply transfer:Transport to work bay:load=True:handoffs=0|H5:Legitimate operation occupying S2 receiving bay:Transport to work bay:load=True:handoffs=0|F1:F1 inbound pallet replenishment:Transport to work bay:load=True:handoffs=0|F2:F2 outbound pallet dispatch:Transport to work bay:load=True:handoffs=0"
18.0204,9,58,166,-14.7692,0.0500,14.1541,104.8051,0.8100,0.0511,-12.3000,0.0000,13.5000,2.5548,7,"","","7.500:0.050:16.744|-4.200:0.050:-3.589|12.278:0.050:-16.849|4.214:0.050:4.048|7.501:0.050:7.681","0.000:0.000:0.000|0.000:0.000:0.656|-0.790:0.000:-0.127|-0.001:0.000:-0.656|0.000:0.000:0.000","-11.308:0.050:8.170|20.000:0.050:7.730","0.000:0.000:0.000|0.000:0.000:0.000",False,False,Moving,60.00,40.00,3.00,MultiAgentTraffic,"P1:True|P2:True|P3:True|D1:False|D2:True|D3:True","H1:H1 rack picking and carton handoff:Transport to work bay:load=True:handoffs=0|H2:H2 cross-aisle carton transfer:Transport to work bay:load=True:handoffs=0|H3:H3 station scan and dispatch verification:Transport to work bay:load=False:handoffs=0|H4:H4 trolley supply transfer:Transport to work bay:load=True:handoffs=0|H5:Legitimate operation occupying S2 receiving bay:Transport to work bay:load=True:handoffs=0|F1:F1 inbound pallet replenishment:Transport to work bay:load=True:handoffs=0|F2:F2 outbound pallet dispatch:Unload / confirm hand-off:load=True:handoffs=1"
18.1260,9,58,167,-14.6467,0.0500,14.1216,104.8117,0.8980,0.0443,-12.3000,0.0000,13.5000,2.4282,7,"","","7.500:0.050:16.744|-4.200:0.050:-3.520|12.195:0.050:-16.862|4.214:0.050:3.979|7.501:0.050:7.681","0.000:0.000:0.000|0.000:0.000:0.656|-0.790:0.000:-0.127|-0.001:0.000:-0.656|0.000:0.000:0.000","-11.308:0.050:8.170|20.000:0.050:7.730","0.000:0.000:0.000|0.000:0.000:0.000",False,False,Moving,60.00,40.00,3.00,MultiAgentTraffic,"P1:True|P2:True|P3:True|D1:False|D2:True|D3:True","H1:H1 rack picking and carton handoff:Transport to work bay:load=True:handoffs=0|H2:H2 cross-aisle carton transfer:Transport to work bay:load=True:handoffs=0|H3:H3 station scan and dispatch verification:Transport to work bay:load=False:handoffs=0|H4:H4 trolley supply transfer:Transport to work bay:load=True:handoffs=0|H5:Legitimate operation occupying S2 receiving bay:Transport to work bay:load=True:handoffs=0|F1:F1 inbound pallet replenishment:Transport to work bay:load=True:handoffs=0|F2:F2 outbound pallet dispatch:Unload / confirm hand-off:load=True:handoffs=1"
18.2294,9,58,168,-14.5268,0.0500,14.0899,104.8168,1.6146,0.0626,-12.3000,0.0000,13.5000,2.3041,7,"","","7.500:0.050:16.744|-4.200:0.050:-3.452|12.113:0.050:-16.875|4.214:0.050:3.911|7.501:0.050:7.681","0.000:0.000:0.000|0.000:0.000:0.656|-0.790:0.000:-0.127|-0.001:0.000:-0.656|0.000:0.000:0.000","-11.308:0.050:8.170|20.000:0.050:7.730","0.000:0.000:0.000|0.000:0.000:0.000",False,False,Moving,60.00,40.00,3.00,MultiAgentTraffic,"P1:True|P2:True|P3:True|D1:False|D2:True|D3:True","H1:H1 rack picking and carton handoff:Transport to work bay:load=True:handoffs=0|H2:H2 cross-aisle carton transfer:Transport to work bay:load=True:handoffs=0|H3:H3 station scan and dispatch verification:Transport to work bay:load=False:handoffs=0|H4:H4 trolley supply transfer:Transport to work bay:load=True:handoffs=0|H5:Legitimate operation occupying S2 receiving bay:Transport to work bay:load=True:handoffs=0|F1:F1 inbound pallet replenishment:Transport to work bay:load=True:handoffs=0|F2:F2 outbound pallet dispatch:Unload / confirm hand-off:load=True:handoffs=1"
18.3397,9,58,169,-14.3988,0.0500,14.0560,104.8211,0.8567,0.0267,-12.3000,0.0000,13.5000,2.1718,7,"","","7.500:0.050:16.744|-4.200:0.050:-3.380|12.026:0.050:-16.889|4.214:0.050:3.839|7.501:0.050:7.681","0.000:0.000:0.000|0.000:0.000:0.656|-0.790:0.000:-0.127|-0.001:0.000:-0.656|0.000:0.000:0.000","-11.308:0.050:8.170|20.000:0.050:7.730","0.000:0.000:0.000|0.000:0.000:0.000",False,False,Moving,60.00,40.00,3.00,MultiAgentTraffic,"P1:True|P2:True|P3:True|D1:False|D2:True|D3:True","H1:H1 rack picking and carton handoff:Transport to work bay:load=True:handoffs=0|H2:H2 cross-aisle carton transfer:Transport to work bay:load=True:handoffs=0|H3:H3 station scan and dispatch verification:Transport to work bay:load=False:handoffs=0|H4:H4 trolley supply transfer:Transport to work bay:load=True:handoffs=0|H5:Legitimate operation occupying S2 receiving bay:Transport to work bay:load=True:handoffs=0|F1:F1 inbound pallet replenishment:Transport to work bay:load=True:handoffs=0|F2:F2 outbound pallet dispatch:Unload / confirm hand-off:load=True:handoffs=1"
18.4402,9,58,170,-14.2822,0.0500,14.0251,104.8241,0.8212,0.0202,-12.3000,0.0000,13.5000,2.0512,7,"","","7.500:0.050:16.744|-4.200:0.050:-3.314|11.946:0.050:-16.902|4.214:0.050:3.773|7.501:0.050:7.681","0.000:0.000:0.000|0.000:0.000:0.656|-0.790:0.000:-0.127|-0.001:0.000:-0.656|0.000:0.000:0.000","-11.308:0.050:8.170|20.000:0.050:7.730","0.000:0.000:0.000|0.000:0.000:0.000",False,False,Moving,60.00,40.00,3.00,MultiAgentTraffic,"P1:True|P2:True|P3:True|D1:False|D2:True|D3:True","H1:H1 rack picking and carton handoff:Transport to work bay:load=True:handoffs=0|H2:H2 cross-aisle carton transfer:Transport to work bay:load=True:handoffs=0|H3:H3 station scan and dispatch verification:Transport to work bay:load=False:handoffs=0|H4:H4 trolley supply transfer:Transport to work bay:load=True:handoffs=0|H5:Legitimate operation occupying S2 receiving bay:Transport to work bay:load=True:handoffs=0|F1:F1 inbound pallet replenishment:Transport to work bay:load=True:handoffs=0|F2:F2 outbound pallet dispatch:Unload / confirm hand-off:load=True:handoffs=1"
18.5409,9,58,171,-14.1654,0.0500,13.9941,104.8266,0.8073,0.0160,-12.3000,0.0000,13.5000,1.9304,7,"","","7.500:0.050:16.744|-4.200:0.050:-3.248|11.867:0.050:-16.914|4.214:0.050:3.707|7.501:0.050:7.681","0.000:0.000:0.000|0.000:0.000:0.656|-0.790:0.000:-0.127|-0.001:0.000:-0.656|0.000:0.000:0.000","-11.308:0.050:8.170|20.000:0.050:7.730","0.000:0.000:0.000|0.000:0.000:0.000",False,False,Moving,60.00,40.00,3.00,MultiAgentTraffic,"P1:True|P2:True|P3:True|D1:False|D2:True|D3:True","H1:H1 rack picking and carton handoff:Transport to work bay:load=True:handoffs=0|H2:H2 cross-aisle carton transfer:Transport to work bay:load=True:handoffs=0|H3:H3 station scan and dispatch verification:Transport to work bay:load=False:handoffs=0|H4:H4 trolley supply transfer:Transport to work bay:load=True:handoffs=0|H5:Legitimate operation occupying S2 receiving bay:Transport to work bay:load=True:handoffs=0|F1:F1 inbound pallet replenishment:Transport to work bay:load=True:handoffs=0|F2:F2 outbound pallet dispatch:Unload / confirm hand-off:load=True:handoffs=1"
18.6535,9,58,172,-14.0348,0.0500,13.9595,104.8288,1.7191,0.0256,-12.3000,0.0000,13.5000,1.7954,7,"","","7.500:0.050:16.744|-4.200:0.050:-3.174|11.778:0.050:-16.929|4.213:0.050:3.633|7.501:0.050:7.681","0.000:0.000:0.000|0.000:0.000:0.656|-0.790:0.000:-0.127|-0.001:0.000:-0.656|0.000:0.000:0.000","-11.308:0.050:8.170|20.000:0.050:7.730","0.000:0.000:0.000|0.000:0.000:0.000",False,False,Moving,60.00,40.00,3.00,MultiAgentTraffic,"P1:True|P2:True|P3:True|D1:False|D2:True|D3:True","H1:H1 rack picking and carton handoff:Transport to work bay:load=True:handoffs=0|H2:H2 cross-aisle carton transfer:Transport to work bay:load=True:handoffs=0|H3:H3 station scan and dispatch verification:Transport to work bay:load=False:handoffs=0|H4:H4 trolley supply transfer:Transport to work bay:load=True:handoffs=0|H5:Legitimate operation occupying S2 receiving bay:Transport to work bay:load=True:handoffs=0|F1:F1 inbound pallet replenishment:Transport to work bay:load=True:handoffs=0|F2:F2 outbound pallet dispatch:Unload / confirm hand-off:load=True:handoffs=1"
18.7579,9,58,173,-13.9137,0.0500,13.9275,104.8304,0.8178,0.0099,-12.3000,0.0000,13.5000,1.6701,7,"","","7.500:0.050:16.744|-4.200:0.050:-3.105|11.695:0.050:-16.942|4.213:0.050:3.564|7.501:0.050:7.681","0.000:0.000:0.000|0.000:0.000:0.656|-0.790:0.000:-0.127|-0.001:0.000:-0.656|0.000:0.000:0.000","-11.308:0.050:8.170|20.000:0.050:7.730","0.000:0.000:0.000|0.000:0.000:0.000",False,False,Moving,60.00,40.00,3.00,MultiAgentTraffic,"P1:True|P2:True|P3:True|D1:False|D2:True|D3:True","H1:H1 rack picking and carton handoff:Transport to work bay:load=True:handoffs=0|H2:H2 cross-aisle carton transfer:Transport to work bay:load=True:handoffs=0|H3:H3 station scan and dispatch verification:Transport to work bay:load=False:handoffs=0|H4:H4 trolley supply transfer:Transport to work bay:load=True:handoffs=0|H5:Legitimate operation occupying S2 receiving bay:Transport to work bay:load=True:handoffs=0|F1:F1 inbound pallet replenishment:Transport to work bay:load=True:handoffs=0|F2:F2 outbound pallet dispatch:Unload / confirm hand-off:load=True:handoffs=1"
18.8707,9,58,174,-13.7829,0.0500,13.8928,104.8317,1.7436,0.0160,-12.3000,0.0000,13.5000,1.5348,7,"","","7.500:0.050:16.744|-4.200:0.050:-3.031|11.608:0.050:-16.948|4.213:0.050:3.490|7.501:0.050:7.681","0.000:0.000:0.000|0.000:0.000:0.656|-0.793:0.000:-0.002|-0.001:0.000:-0.656|0.000:0.000:0.000","-11.308:0.050:8.170|20.000:0.050:7.730","0.000:0.000:0.000|0.000:0.000:0.000",False,False,Moving,60.00,40.00,3.00,MultiAgentTraffic,"P1:True|P2:True|P3:True|D1:False|D2:True|D3:True","H1:H1 rack picking and carton handoff:Transport to work bay:load=True:handoffs=0|H2:H2 cross-aisle carton transfer:Transport to work bay:load=True:handoffs=0|H3:H3 station scan and dispatch verification:Transport to work bay:load=False:handoffs=0|H4:H4 trolley supply transfer:Transport to work bay:load=True:handoffs=0|H5:Legitimate operation occupying S2 receiving bay:Transport to work bay:load=True:handoffs=0|F1:F1 inbound pallet replenishment:Transport to work bay:load=True:handoffs=0|F2:F2 outbound pallet dispatch:Unload / confirm hand-off:load=True:handoffs=1"
18.9730,9,58,175,-13.6642,0.0500,13.8614,104.8326,1.7671,0.0130,-12.3000,0.0000,13.5000,1.4122,7,"","","7.500:0.050:16.744|-4.200:0.050:-2.964|11.526:0.050:-16.949|4.213:0.050:3.423|7.501:0.050:7.681","0.000:0.000:0.000|0.000:0.000:0.656|-0.800:0.000:-0.002|-0.001:0.000:-0.656|0.000:0.000:0.000","-11.308:0.050:8.170|20.000:0.050:7.730","0.000:0.000:0.000|0.000:0.000:0.000",False,False,Moving,60.00,40.00,3.00,MultiAgentTraffic,"P1:True|P2:True|P3:True|D1:False|D2:True|D3:True","H1:H1 rack picking and carton handoff:Transport to work bay:load=True:handoffs=0|H2:H2 cross-aisle carton transfer:Transport to work bay:load=True:handoffs=0|H3:H3 station scan and dispatch verification:Transport to work bay:load=False:handoffs=0|H4:H4 trolley supply transfer:Transport to work bay:load=True:handoffs=0|H5:Legitimate operation occupying S2 receiving bay:Transport to work bay:load=True:handoffs=0|F1:F1 inbound pallet replenishment:Transport to work bay:load=True:handoffs=0|F2:F2 outbound pallet dispatch:Unload / confirm hand-off:load=True:handoffs=1"
19.0753,9,58,176,-13.5456,0.0500,13.8299,104.8334,1.7666,0.0103,-12.3000,0.0000,13.5000,1.2895,7,"","","7.500:0.050:16.744|-4.200:0.050:-2.897|11.444:0.050:-16.949|4.213:0.050:3.356|7.501:0.050:7.681","0.000:0.000:0.000|0.000:0.000:0.656|-0.800:0.000:-0.002|-0.001:0.000:-0.656|0.000:0.000:0.000","-11.308:0.050:8.170|20.000:0.050:7.730","0.000:0.000:0.000|0.000:0.000:0.000",False,False,Moving,60.00,40.00,3.00,MultiAgentTraffic,"P1:True|P2:True|P3:True|D1:False|D2:True|D3:True","H1:H1 rack picking and carton handoff:Transport to work bay:load=True:handoffs=0|H2:H2 cross-aisle carton transfer:Transport to work bay:load=True:handoffs=0|H3:H3 station scan and dispatch verification:Transport to work bay:load=False:handoffs=0|H4:H4 trolley supply transfer:Transport to work bay:load=True:handoffs=0|H5:Legitimate operation occupying S2 receiving bay:Transport to work bay:load=True:handoffs=0|F1:F1 inbound pallet replenishment:Transport to work bay:load=True:handoffs=0|F2:F2 outbound pallet dispatch:Unload / confirm hand-off:load=True:handoffs=1"
19.1785,9,58,177,-13.4258,0.0500,13.7982,104.8340,0.9010,0.0042,-12.3000,0.0000,13.5000,1.1657,7,"","","7.500:0.050:16.744|-4.200:0.050:-2.829|11.385:0.050:-16.949|4.213:0.050:3.289|7.501:0.050:7.681","0.000:0.000:0.000|0.000:0.000:0.656|0.000:0.000:0.000|-0.001:0.000:-0.656|0.000:0.000:0.000","-11.308:0.050:8.170|20.000:0.050:7.730","0.000:0.000:0.000|0.000:0.000:0.000",False,False,Moving,60.00,40.00,3.00,MultiAgentTraffic,"P1:True|P2:True|P3:True|D1:False|D2:True|D3:True","H1:H1 rack picking and carton handoff:Transport to work bay:load=True:handoffs=0|H2:H2 cross-aisle carton transfer:Transport to work bay:load=True:handoffs=0|H3:H3 station scan and dispatch verification:Transport to work bay:load=False:handoffs=0|H4:H4 trolley supply transfer:Transport to work bay:load=True:handoffs=0|H5:Legitimate operation occupying S2 receiving bay:Transport to work bay:load=True:handoffs=0|F1:F1 inbound pallet replenishment:Transport to work bay:load=True:handoffs=0|F2:F2 outbound pallet dispatch:Unload / confirm hand-off:load=True:handoffs=1"
19.2916,9,58,178,-13.2947,0.0500,13.7635,104.8345,1.6386,0.0057,-12.3000,0.0000,13.5000,1.0302,7,"","","7.500:0.050:16.744|-4.200:0.050:-2.755|11.385:0.050:-16.949|4.213:0.050:3.214|7.501:0.050:7.681","0.000:0.000:0.000|0.000:0.000:0.656|0.000:0.000:0.000|-0.001:0.000:-0.656|0.000:0.000:0.000","-11.308:0.050:8.170|20.000:0.050:7.730","0.000:0.000:0.000|0.000:0.000:0.000",False,False,Moving,60.00,40.00,3.00,MultiAgentTraffic,"P1:True|P2:True|P3:True|D1:False|D2:True|D3:True","H1:H1 rack picking and carton handoff:Transport to work bay:load=True:handoffs=0|H2:H2 cross-aisle carton transfer:Transport to work bay:load=True:handoffs=0|H3:H3 station scan and dispatch verification:Transport to work bay:load=False:handoffs=0|H4:H4 trolley supply transfer:Transport to work bay:load=True:handoffs=0|H5:Legitimate operation occupying S2 receiving bay:Transport to work bay:load=True:handoffs=0|F1:F1 inbound pallet replenishment:Transport to work bay:load=True:handoffs=0|F2:F2 outbound pallet dispatch:Unload / confirm hand-off:load=True:handoffs=1"
19.3987,9,58,179,-13.1704,0.0500,13.7306,104.8349,0.7681,0.0019,-12.3000,0.0000,13.5000,0.9018,7,"","","7.500:0.050:16.744|-4.200:0.050:-2.685|11.385:0.050:-16.949|4.213:0.050:3.144|7.501:0.050:7.681","0.000:0.000:0.000|0.000:0.000:0.656|0.000:0.000:0.000|-0.001:0.000:-0.656|0.000:0.000:0.000","-11.308:0.050:8.170|20.000:0.050:7.730","0.000:0.000:0.000|0.000:0.000:0.000",False,False,Moving,60.00,40.00,3.00,MultiAgentTraffic,"P1:True|P2:True|P3:True|D1:False|D2:True|D3:True","H1:H1 rack picking and carton handoff:Transport to work bay:load=True:handoffs=0|H2:H2 cross-aisle carton transfer:Transport to work bay:load=True:handoffs=0|H3:H3 station scan and dispatch verification:Transport to work bay:load=False:handoffs=0|H4:H4 trolley supply transfer:Transport to work bay:load=True:handoffs=0|H5:Legitimate operation occupying S2 receiving bay:Transport to work bay:load=True:handoffs=0|F1:F1 inbound pallet replenishment:Transport to work bay:load=True:handoffs=0|F2:F2 outbound pallet dispatch:Unload / confirm hand-off:load=True:handoffs=1"
19.5118,9,58,180,-13.0392,0.0500,13.6958,104.8352,0.8471,0.0019,-12.3000,0.0000,13.5000,0.7663,7,"","","7.500:0.050:16.744|-4.200:0.050:-2.611|11.385:0.050:-16.949|4.212:0.050:3.070|7.501:0.050:7.681","0.000:0.000:0.000|0.000:0.000:0.656|0.000:0.000:0.000|-0.001:0.000:-0.656|0.000:0.000:0.000","-11.308:0.050:8.170|20.000:0.050:7.730","0.000:0.000:0.000|0.000:0.000:0.000",False,False,Moving,60.00,40.00,3.00,MultiAgentTraffic,"P1:True|P2:True|P3:True|D1:False|D2:True|D3:True","H1:H1 rack picking and carton handoff:Transport to work bay:load=True:handoffs=0|H2:H2 cross-aisle carton transfer:Transport to work bay:load=True:handoffs=0|H3:H3 station scan and dispatch verification:Transport to work bay:load=False:handoffs=0|H4:H4 trolley supply transfer:Transport to work bay:load=True:handoffs=0|H5:Legitimate operation occupying S2 receiving bay:Transport to work bay:load=True:handoffs=0|F1:F1 inbound pallet replenishment:Transport to work bay:load=True:handoffs=0|F2:F2 outbound pallet dispatch:Unload / confirm hand-off:load=True:handoffs=1"
19.6163,9,58,181,-12.9186,0.0500,13.6639,104.8355,1.6274,0.0023,-12.3000,0.0000,13.5000,0.6419,7,"","","7.500:0.050:16.744|-4.200:0.050:-2.542|11.385:0.050:-16.949|4.212:0.050:3.001|7.501:0.050:7.681","0.000:0.000:0.000|0.000:0.000:0.656|0.000:0.000:0.000|-0.001:0.000:-0.656|0.000:0.000:0.000","-11.308:0.050:8.170|20.000:0.050:7.730","0.000:0.000:0.000|0.000:0.000:0.000",False,False,Moving,60.00,40.00,3.00,MultiAgentTraffic,"P1:True|P2:True|P3:True|D1:False|D2:True|D3:True","H1:H1 rack picking and carton handoff:Transport to work bay:load=True:handoffs=0|H2:H2 cross-aisle carton transfer:Transport to work bay:load=True:handoffs=0|H3:H3 station scan and dispatch verification:Transport to work bay:load=False:handoffs=0|H4:H4 trolley supply transfer:Transport to work bay:load=True:handoffs=0|H5:Legitimate operation occupying S2 receiving bay:Transport to work bay:load=True:handoffs=0|F1:F1 inbound pallet replenishment:Transport to work bay:load=True:handoffs=0|F2:F2 outbound pallet dispatch:Unload / confirm hand-off:load=True:handoffs=1"
19.7286,9,58,182,-12.7988,0.0500,13.6321,104.8356,0.7162,0.0011,-12.3000,0.0000,13.5000,0.5184,7,"","","7.500:0.050:16.744|-4.200:0.050:-2.468|11.385:0.050:-16.949|4.212:0.050:2.928|7.501:0.050:7.681","0.000:0.000:0.000|0.000:0.000:0.656|0.000:0.000:0.000|-0.001:0.000:-0.656|0.000:0.000:0.000","-11.308:0.050:8.170|20.000:0.050:7.730","0.000:0.000:0.000|0.000:0.000:0.000",False,False,Moving,60.00,40.00,3.00,MultiAgentTraffic,"P1:True|P2:True|P3:True|D1:False|D2:True|D3:True","H1:H1 rack picking and carton handoff:Transport to work bay:load=True:handoffs=0|H2:H2 cross-aisle carton transfer:Transport to work bay:load=True:handoffs=0|H3:H3 station scan and dispatch verification:Transport to work bay:load=False:handoffs=0|H4:H4 trolley supply transfer:Transport to work bay:load=True:handoffs=0|H5:Legitimate operation occupying S2 receiving bay:Transport to work bay:load=True:handoffs=0|F1:F1 inbound pallet replenishment:Transport to work bay:load=True:handoffs=0|F2:F2 outbound pallet dispatch:Unload / confirm hand-off:load=True:handoffs=1"
19.8298,9,58,183,-12.7017,0.0500,13.6064,104.8357,1.3142,0.0011,-12.3000,0.0000,13.5000,0.4185,7,"","","7.500:0.050:16.744|-4.200:0.050:-2.402|11.385:0.050:-16.949|4.212:0.050:2.861|7.501:0.050:7.681","0.000:0.000:0.000|0.000:0.000:0.656|0.000:0.000:0.000|-0.001:0.000:-0.656|0.000:0.000:0.000","-11.308:0.050:8.170|20.000:0.050:7.730","0.000:0.000:0.000|0.000:0.000:0.000",False,False,Moving,60.00,40.00,3.00,MultiAgentTraffic,"P1:True|P2:True|P3:True|D1:False|D2:True|D3:True","H1:H1 rack picking and carton handoff:Transport to work bay:load=True:handoffs=0|H2:H2 cross-aisle carton transfer:Transport to work bay:load=True:handoffs=0|H3:H3 station scan and dispatch verification:Transport to work bay:load=False:handoffs=0|H4:H4 trolley supply transfer:Transport to work bay:load=True:handoffs=0|H5:Legitimate operation occupying S2 receiving bay:Transport to work bay:load=True:handoffs=0|F1:F1 inbound pallet replenishment:Transport to work bay:load=True:handoffs=0|F2:F2 outbound pallet dispatch:Unload / confirm hand-off:load=True:handoffs=1"
19.9391,9,58,184,-12.6084,0.0500,13.5817,104.8358,0.5779,0.0004,-12.3000,0.0000,13.5000,0.3230,7,"","","7.500:0.050:16.744|-4.200:0.050:-2.330|11.385:0.050:-16.949|4.212:0.050:2.790|7.501:0.050:7.681","0.000:0.000:0.000|0.000:0.000:0.656|0.000:0.000:0.000|-0.001:0.000:-0.656|0.000:0.000:0.000","-11.308:0.050:8.170|20.000:0.050:7.730","0.000:0.000:0.000|0.000:0.000:0.000",False,True,GoalReached,60.00,40.00,3.00,MultiAgentTraffic,"P1:True|P2:True|P3:True|D1:False|D2:True|D3:True","H1:H1 rack picking and carton handoff:Transport to work bay:load=True:handoffs=0|H2:H2 cross-aisle carton transfer:Transport to work bay:load=True:handoffs=0|H3:H3 station scan and dispatch verification:Transport to work bay:load=False:handoffs=0|H4:H4 trolley supply transfer:Transport to work bay:load=True:handoffs=0|H5:Legitimate operation occupying S2 receiving bay:Transport to work bay:load=True:handoffs=0|F1:F1 inbound pallet replenishment:Transport to work bay:load=True:handoffs=0|F2:F2 outbound pallet dispatch:Unload / confirm hand-off:load=True:handoffs=1"
20.0518,9,58,185,-12.5250,0.0500,13.5596,104.8359,0.9927,0.0011,-12.3000,0.0000,13.5000,0.2381,7,"","","7.500:0.050:16.744|-4.200:0.050:-2.256|11.385:0.050:-16.949|4.212:0.050:2.716|7.501:0.050:7.681","0.000:0.000:0.000|0.000:0.000:0.656|0.000:0.000:0.000|-0.001:0.000:-0.656|0.000:0.000:0.000","-11.308:0.050:8.170|20.000:0.050:7.730","0.000:0.000:0.000|0.000:0.000:0.000",False,True,GoalReached,60.00,40.00,3.00,MultiAgentTraffic,"P1:True|P2:True|P3:True|D1:False|D2:True|D3:True","H1:H1 rack picking and carton handoff:Transport to work bay:load=True:handoffs=0|H2:H2 cross-aisle carton transfer:Transport to work bay:load=True:handoffs=0|H3:H3 station scan and dispatch verification:Transport to work bay:load=False:handoffs=0|H4:H4 trolley supply transfer:Transport to work bay:load=True:handoffs=0|H5:Legitimate operation occupying S2 receiving bay:Transport to work bay:load=True:handoffs=0|F1:F1 inbound pallet replenishment:Transport to work bay:load=True:handoffs=0|F2:F2 outbound pallet dispatch:Unload / confirm hand-off:load=True:handoffs=1"
20.1550,9,58,186,-12.4598,0.0500,13.5423,104.8360,0.8855,0.0008,-12.3000,0.0000,13.5000,0.1727,7,"","","7.500:0.050:16.744|-4.200:0.050:-2.189|11.385:0.050:-16.949|4.212:0.050:2.648|7.501:0.050:7.681","0.000:0.000:0.000|0.000:0.000:0.656|0.000:0.000:0.000|-0.001:0.000:-0.656|0.000:0.000:0.000","-11.308:0.050:8.170|20.000:0.050:7.730","0.000:0.000:0.000|0.000:0.000:0.000",False,True,GoalReached,60.00,40.00,3.00,MultiAgentTraffic,"P1:True|P2:True|P3:True|D1:False|D2:True|D3:True","H1:H1 rack picking and carton handoff:Transport to work bay:load=True:handoffs=0|H2:H2 cross-aisle carton transfer:Transport to work bay:load=True:handoffs=0|H3:H3 station scan and dispatch verification:Transport to work bay:load=False:handoffs=0|H4:H4 trolley supply transfer:Transport to work bay:load=True:handoffs=0|H5:Legitimate operation occupying S2 receiving bay:Transport to work bay:load=True:handoffs=0|F1:F1 inbound pallet replenishment:Transport to work bay:load=True:handoffs=0|F2:F2 outbound pallet dispatch:Unload / confirm hand-off:load=True:handoffs=1"
20.2595,9,58,187,-12.4049,0.0500,13.5278,104.8360,0.3651,0.0004,-12.3000,0.0000,13.5000,0.1195,7,"","","7.500:0.050:16.744|-4.200:0.050:-2.120|11.385:0.050:-16.949|4.212:0.050:2.579|7.501:0.050:7.681","0.000:0.000:0.000|0.000:0.000:0.656|0.000:0.000:0.000|-0.001:0.000:-0.656|0.000:0.000:0.000","-11.308:0.050:8.170|20.000:0.050:7.730","0.000:0.000:0.000|0.000:0.000:0.000",False,True,GoalReached,60.00,40.00,3.00,MultiAgentTraffic,"P1:True|P2:True|P3:True|D1:False|D2:True|D3:True","H1:H1 rack picking and carton handoff:Transport to work bay:load=True:handoffs=0|H2:H2 cross-aisle carton transfer:Transport to work bay:load=True:handoffs=0|H3:H3 station scan and dispatch verification:Transport to work bay:load=False:handoffs=0|H4:H4 trolley supply transfer:Transport to work bay:load=True:handoffs=0|H5:Legitimate operation occupying S2 receiving bay:Transport to work bay:load=True:handoffs=0|F1:F1 inbound pallet replenishment:Transport to work bay:load=True:handoffs=0|F2:F2 outbound pallet dispatch:Unload / confirm hand-off:load=True:handoffs=1"
20.3618,9,58,188,-12.3621,0.0500,13.5164,104.8362,0.2835,0.0011,-12.3000,0.0000,13.5000,0.0814,7,"","","7.500:0.050:16.744|-4.200:0.050:-2.053|11.385:0.050:-16.949|4.212:0.050:2.512|7.501:0.050:7.681","0.000:0.000:0.000|0.000:0.000:0.656|0.000:0.000:0.000|-0.001:0.000:-0.656|0.000:0.000:0.000","-11.308:0.050:8.170|20.000:0.050:7.730","0.000:0.000:0.000|0.000:0.000:0.000",False,True,GoalReached,60.00,40.00,3.00,MultiAgentTraffic,"P1:True|P2:True|P3:True|D1:False|D2:True|D3:True","H1:H1 rack picking and carton handoff:Transport to work bay:load=True:handoffs=0|H2:H2 cross-aisle carton transfer:Transport to work bay:load=True:handoffs=0|H3:H3 station scan and dispatch verification:Transport to work bay:load=False:handoffs=0|H4:H4 trolley supply transfer:Transport to work bay:load=True:handoffs=0|H5:Legitimate operation occupying S2 receiving bay:Transport to work bay:load=True:handoffs=0|F1:F1 inbound pallet replenishment:Transport to work bay:load=True:handoffs=0|F2:F2 outbound pallet dispatch:Unload / confirm hand-off:load=True:handoffs=1"
20.4714,9,58,189,-12.3281,0.0500,13.5074,104.8364,0.4083,0.0038,-12.3000,0.0000,13.5000,0.0578,7,"","","7.500:0.050:16.744|-4.200:0.050:-1.981|11.385:0.050:-16.949|4.211:0.050:2.440|7.501:0.050:7.681","0.000:0.000:0.000|0.000:0.000:0.656|0.000:0.000:0.000|-0.001:0.000:-0.656|0.000:0.000:0.000","-11.308:0.050:8.170|20.000:0.050:7.730","0.000:0.000:0.000|0.000:0.000:0.000",False,True,GoalReached,60.00,40.00,3.00,MultiAgentTraffic,"P1:True|P2:True|P3:True|D1:False|D2:True|D3:True","H1:H1 rack picking and carton handoff:Transport to work bay:load=True:handoffs=0|H2:H2 cross-aisle carton transfer:Transport to work bay:load=True:handoffs=0|H3:H3 station scan and dispatch verification:Transport to work bay:load=False:handoffs=0|H4:H4 trolley supply transfer:Transport to work bay:load=True:handoffs=0|H5:Legitimate operation occupying S2 receiving bay:Transport to work bay:load=True:handoffs=0|F1:F1 inbound pallet replenishment:Transport to work bay:load=True:handoffs=0|F2:F2 outbound pallet dispatch:Unload / confirm hand-off:load=True:handoffs=1"
20.5801,9,58,190,-12.3070,0.0500,13.5018,104.8367,0.1407,0.0019,-12.3000,0.0000,13.5000,0.0505,7,"","","7.500:0.050:16.744|-4.200:0.050:-1.910|11.385:0.050:-16.949|4.211:0.050:2.369|7.501:0.050:7.681","0.000:0.000:0.000|0.000:0.000:0.656|0.000:0.000:0.000|-0.001:0.000:-0.656|0.000:0.000:0.000","-11.308:0.050:8.170|20.000:0.050:7.730","0.000:0.000:0.000|0.000:0.000:0.000",False,True,GoalReached,60.00,40.00,3.00,MultiAgentTraffic,"P1:True|P2:True|P3:True|D1:False|D2:True|D3:True","H1:H1 rack picking and carton handoff:Transport to work bay:load=True:handoffs=0|H2:H2 cross-aisle carton transfer:Transport to work bay:load=True:handoffs=0|H3:H3 station scan and dispatch verification:Transport to work bay:load=False:handoffs=0|H4:H4 trolley supply transfer:Transport to work bay:load=True:handoffs=0|H5:Legitimate operation occupying S2 receiving bay:Transport to work bay:load=True:handoffs=0|F1:F1 inbound pallet replenishment:Transport to work bay:load=True:handoffs=0|F2:F2 outbound pallet dispatch:Unload / confirm hand-off:load=True:handoffs=1"
20.6822,9,58,191,-12.3000,0.0500,13.5000,104.8362,0.0114,0.0000,-12.3000,0.0000,13.5000,0.0500,7,"","","7.500:0.050:16.744|-4.200:0.050:-1.843|11.385:0.050:-16.949|4.211:0.050:2.302|7.501:0.050:7.681","0.000:0.000:0.000|0.000:0.000:0.656|0.000:0.000:0.000|-0.001:0.000:-0.656|0.000:0.000:0.000","-11.308:0.050:8.170|20.000:0.050:7.730","0.000:0.000:0.000|0.000:0.000:0.000",False,True,GoalReached,60.00,40.00,3.00,MultiAgentTraffic,"P1:True|P2:True|P3:True|D1:False|D2:True|D3:True","H1:H1 rack picking and carton handoff:Transport to work bay:load=True:handoffs=0|H2:H2 cross-aisle carton transfer:Transport to work bay:load=True:handoffs=0|H3:H3 station scan and dispatch verification:Transport to work bay:load=False:handoffs=0|H4:H4 trolley supply transfer:Transport to work bay:load=True:handoffs=0|H5:Legitimate operation occupying S2 receiving bay:Transport to work bay:load=True:handoffs=0|F1:F1 inbound pallet replenishment:Transport to work bay:load=True:handoffs=0|F2:F2 outbound pallet dispatch:Unload / confirm hand-off:load=True:handoffs=1"
20.7842,9,58,192,-12.3000,0.0500,13.5000,104.8362,0.0000,0.0000,-12.3000,0.0000,13.5000,0.0500,7,"","","7.500:0.050:16.744|-4.200:0.050:-1.776|11.385:0.050:-16.949|4.211:0.050:2.235|7.501:0.050:7.681","0.000:0.000:0.000|0.000:0.000:0.656|0.000:0.000:0.000|-0.001:0.000:-0.656|0.000:0.000:0.000","-11.308:0.050:8.170|20.000:0.050:7.730","0.000:0.000:0.000|0.000:0.000:0.000",False,True,GoalReached,60.00,40.00,3.00,MultiAgentTraffic,"P1:True|P2:True|P3:True|D1:False|D2:True|D3:True","H1:H1 rack picking and carton handoff:Transport to work bay:load=True:handoffs=0|H2:H2 cross-aisle carton transfer:Transport to work bay:load=True:handoffs=0|H3:H3 station scan and dispatch verification:Transport to work bay:load=False:handoffs=0|H4:H4 trolley supply transfer:Transport to work bay:load=True:handoffs=0|H5:Legitimate operation occupying S2 receiving bay:Transport to work bay:load=True:handoffs=0|F1:F1 inbound pallet replenishment:Transport to work bay:load=True:handoffs=0|F2:F2 outbound pallet dispatch:Unload / confirm hand-off:load=True:handoffs=1"
20.8920,9,58,193,-12.3000,0.0500,13.5000,104.8362,0.0000,0.0000,-12.3000,0.0000,13.5000,0.0500,7,"","","7.500:0.050:16.744|-4.200:0.050:-1.705|11.385:0.050:-16.949|4.211:0.050:2.165|7.501:0.050:7.681","0.000:0.000:0.000|0.000:0.000:0.656|0.000:0.000:0.000|-0.001:0.000:-0.656|0.000:0.000:0.000","-11.308:0.050:8.170|20.000:0.050:7.730","0.000:0.000:0.000|0.000:0.000:0.000",False,True,GoalReached,60.00,40.00,3.00,MultiAgentTraffic,"P1:True|P2:True|P3:True|D1:False|D2:True|D3:True","H1:H1 rack picking and carton handoff:Transport to work bay:load=True:handoffs=0|H2:H2 cross-aisle carton transfer:Transport to work bay:load=True:handoffs=0|H3:H3 station scan and dispatch verification:Transport to work bay:load=False:handoffs=0|H4:H4 trolley supply transfer:Transport to work bay:load=True:handoffs=0|H5:Legitimate operation occupying S2 receiving bay:Transport to work bay:load=True:handoffs=0|F1:F1 inbound pallet replenishment:Transport to work bay:load=True:handoffs=0|F2:F2 outbound pallet dispatch:Unload / confirm hand-off:load=True:handoffs=1"
20.9923,9,58,194,-12.3000,0.0500,13.5000,104.8362,0.0000,0.0000,-12.3000,0.0000,13.5000,0.0500,7,"","","7.500:0.050:16.744|-4.200:0.050:-1.639|11.385:0.050:-16.949|4.211:0.050:2.099|7.501:0.050:7.681","0.000:0.000:0.000|0.000:0.000:0.656|0.000:0.000:0.000|-0.001:0.000:-0.656|0.000:0.000:0.000","-11.308:0.050:8.170|20.000:0.050:7.730","0.000:0.000:0.000|0.000:0.000:0.000",False,True,GoalReached,60.00,40.00,3.00,MultiAgentTraffic,"P1:True|P2:True|P3:True|D1:False|D2:True|D3:True","H1:H1 rack picking and carton handoff:Transport to work bay:load=True:handoffs=0|H2:H2 cross-aisle carton transfer:Transport to work bay:load=True:handoffs=0|H3:H3 station scan and dispatch verification:Transport to work bay:load=False:handoffs=0|H4:H4 trolley supply transfer:Transport to work bay:load=True:handoffs=0|H5:Legitimate operation occupying S2 receiving bay:Transport to work bay:load=True:handoffs=0|F1:F1 inbound pallet replenishment:Transport to work bay:load=True:handoffs=0|F2:F2 outbound pallet dispatch:Return for next assignment:load=False:handoffs=1"
21.0984,9,58,195,-12.3000,0.0500,13.5000,104.8362,0.0000,0.0000,-12.3000,0.0000,13.5000,0.0500,7,"","","7.500:0.050:16.744|-4.200:0.050:-1.570|11.385:0.050:-16.949|4.211:0.050:2.029|7.501:0.050:7.681","0.000:0.000:0.000|0.000:0.000:0.656|0.000:0.000:0.000|-0.001:0.000:-0.656|0.000:0.000:0.000","-11.308:0.050:8.170|20.000:0.050:7.730","0.000:0.000:0.000|0.000:0.000:0.000",False,True,GoalReached,60.00,40.00,3.00,MultiAgentTraffic,"P1:True|P2:True|P3:True|D1:False|D2:True|D3:True","H1:H1 rack picking and carton handoff:Transport to work bay:load=True:handoffs=0|H2:H2 cross-aisle carton transfer:Transport to work bay:load=True:handoffs=0|H3:H3 station scan and dispatch verification:Transport to work bay:load=False:handoffs=0|H4:H4 trolley supply transfer:Transport to work bay:load=True:handoffs=0|H5:Legitimate operation occupying S2 receiving bay:Transport to work bay:load=True:handoffs=0|F1:F1 inbound pallet replenishment:Transport to work bay:load=True:handoffs=0|F2:F2 outbound pallet dispatch:Return for next assignment:load=False:handoffs=1"
21.2089,9,58,196,-12.3000,0.0500,13.5000,104.8362,0.0000,0.0000,-12.3000,0.0000,13.5000,0.0500,7,"","","7.500:0.050:16.744|-4.200:0.050:-1.497|11.385:0.050:-16.949|4.211:0.050:1.957|7.501:0.050:7.681","0.000:0.000:0.000|0.000:0.000:0.656|0.000:0.000:0.000|-0.001:0.000:-0.656|0.000:0.000:0.000","-11.308:0.050:8.170|20.000:0.050:7.730","0.000:0.000:0.000|0.000:0.000:0.000",False,True,GoalReached,60.00,40.00,3.00,MultiAgentTraffic,"P1:True|P2:True|P3:True|D1:False|D2:True|D3:True","H1:H1 rack picking and carton handoff:Transport to work bay:load=True:handoffs=0|H2:H2 cross-aisle carton transfer:Transport to work bay:load=True:handoffs=0|H3:H3 station scan and dispatch verification:Transport to work bay:load=False:handoffs=0|H4:H4 trolley supply transfer:Transport to work bay:load=True:handoffs=0|H5:Legitimate operation occupying S2 receiving bay:Transport to work bay:load=True:handoffs=0|F1:F1 inbound pallet replenishment:Transport to work bay:load=True:handoffs=0|F2:F2 outbound pallet dispatch:Return for next assignment:load=False:handoffs=1"
21.3225,9,58,197,-12.3000,0.0500,13.5000,104.8362,0.0000,0.0000,-12.3000,0.0000,13.5000,0.0500,7,"","","7.500:0.050:16.744|-4.200:0.050:-1.423|11.385:0.050:-16.949|4.211:0.050:1.882|7.501:0.050:7.681","0.000:0.000:0.000|0.000:0.000:0.656|0.000:0.000:0.000|-0.001:0.000:-0.656|0.000:0.000:0.000","-11.308:0.050:8.170|20.000:0.050:7.730","0.000:0.000:0.000|0.000:0.000:0.000",False,True,GoalReached,60.00,40.00,3.00,MultiAgentTraffic,"P1:True|P2:True|P3:True|D1:False|D2:True|D3:True","H1:H1 rack picking and carton handoff:Transport to work bay:load=True:handoffs=0|H2:H2 cross-aisle carton transfer:Transport to work bay:load=True:handoffs=0|H3:H3 station scan and dispatch verification:Transport to work bay:load=False:handoffs=0|H4:H4 trolley supply transfer:Transport to work bay:load=True:handoffs=0|H5:Legitimate operation occupying S2 receiving bay:Transport to work bay:load=True:handoffs=0|F1:F1 inbound pallet replenishment:Transport to work bay:load=True:handoffs=0|F2:F2 outbound pallet dispatch:Return for next assignment:load=False:handoffs=1"
21.4320,9,58,198,-12.3000,0.0500,13.5000,104.8362,0.0000,0.0000,-12.3000,0.0000,13.5000,0.0500,7,"","","7.500:0.050:16.744|-4.200:0.050:-1.351|11.385:0.050:-16.949|4.210:0.050:1.810|7.501:0.050:7.681","0.000:0.000:0.000|0.000:0.000:0.656|0.000:0.000:0.000|-0.001:0.000:-0.656|0.000:0.000:0.000","-11.308:0.050:8.170|20.000:0.050:7.730","0.000:0.000:0.000|0.000:0.000:0.000",False,True,GoalReached,60.00,40.00,3.00,MultiAgentTraffic,"P1:True|P2:True|P3:True|D1:False|D2:True|D3:True","H1:H1 rack picking and carton handoff:Transport to work bay:load=True:handoffs=0|H2:H2 cross-aisle carton transfer:Transport to work bay:load=True:handoffs=0|H3:H3 station scan and dispatch verification:Transport to work bay:load=False:handoffs=0|H4:H4 trolley supply transfer:Transport to work bay:load=True:handoffs=0|H5:Legitimate operation occupying S2 receiving bay:Transport to work bay:load=True:handoffs=0|F1:F1 inbound pallet replenishment:Transport to work bay:load=True:handoffs=0|F2:F2 outbound pallet dispatch:Return for next assignment:load=False:handoffs=1"
21.5350,9,58,199,-12.3000,0.0500,13.5000,104.8362,0.0000,0.0000,-12.3000,0.0000,13.5000,0.0500,7,"","","7.500:0.050:16.744|-4.200:0.050:-1.283|11.385:0.050:-16.949|4.210:0.050:1.743|7.501:0.050:7.681","0.000:0.000:0.000|0.000:0.000:0.656|0.000:0.000:0.000|-0.001:0.000:-0.656|0.000:0.000:0.000","-11.308:0.050:8.170|20.000:0.050:7.730","0.000:0.000:0.000|0.000:0.000:0.000",False,True,GoalReached,60.00,40.00,3.00,MultiAgentTraffic,"P1:True|P2:True|P3:True|D1:False|D2:True|D3:True","H1:H1 rack picking and carton handoff:Transport to work bay:load=True:handoffs=0|H2:H2 cross-aisle carton transfer:Transport to work bay:load=True:handoffs=0|H3:H3 station scan and dispatch verification:Transport to work bay:load=False:handoffs=0|H4:H4 trolley supply transfer:Transport to work bay:load=True:handoffs=0|H5:Legitimate operation occupying S2 receiving bay:Transport to work bay:load=True:handoffs=0|F1:F1 inbound pallet replenishment:Transport to work bay:load=True:handoffs=0|F2:F2 outbound pallet dispatch:Return for next assignment:load=False:handoffs=1"
21.6387,9,58,200,-12.3000,0.0500,13.5000,104.8362,0.0000,0.0000,-12.3000,0.0000,13.5000,0.0500,7,"","","7.500:0.050:16.744|-4.200:0.050:-1.215|11.385:0.050:-16.949|4.210:0.050:1.675|7.501:0.050:7.681","0.000:0.000:0.000|0.000:0.000:0.656|0.000:0.000:0.000|-0.001:0.000:-0.656|0.000:0.000:0.000","-11.308:0.050:8.170|20.000:0.050:7.730","0.000:0.000:0.000|0.000:0.000:0.000",False,True,GoalReached,60.00,40.00,3.00,MultiAgentTraffic,"P1:True|P2:True|P3:True|D1:False|D2:True|D3:True","H1:H1 rack picking and carton handoff:Transport to work bay:load=True:handoffs=0|H2:H2 cross-aisle carton transfer:Transport to work bay:load=True:handoffs=0|H3:H3 station scan and dispatch verification:Transport to work bay:load=False:handoffs=0|H4:H4 trolley supply transfer:Transport to work bay:load=True:handoffs=0|H5:Legitimate operation occupying S2 receiving bay:Transport to work bay:load=True:handoffs=0|F1:F1 inbound pallet replenishment:Transport to work bay:load=True:handoffs=0|F2:F2 outbound pallet dispatch:Return for next assignment:load=False:handoffs=1"
21.7415,9,58,201,-12.3000,0.0500,13.5000,104.8362,0.0000,0.0000,-12.3000,0.0000,13.5000,0.0500,7,"","","7.500:0.050:16.744|-4.200:0.050:-1.148|11.385:0.050:-16.949|4.210:0.050:1.607|7.501:0.050:7.681","0.000:0.000:0.000|0.000:0.000:0.656|0.000:0.000:0.000|-0.001:0.000:-0.656|0.000:0.000:0.000","-11.308:0.050:8.170|20.000:0.050:7.730","0.000:0.000:0.000|0.000:0.000:0.000",False,True,GoalReached,60.00,40.00,3.00,MultiAgentTraffic,"P1:True|P2:True|P3:True|D1:False|D2:True|D3:True","H1:H1 rack picking and carton handoff:Transport to work bay:load=True:handoffs=0|H2:H2 cross-aisle carton transfer:Transport to work bay:load=True:handoffs=0|H3:H3 station scan and dispatch verification:Transport to work bay:load=False:handoffs=0|H4:H4 trolley supply transfer:Transport to work bay:load=True:handoffs=0|H5:Legitimate operation occupying S2 receiving bay:Transport to work bay:load=True:handoffs=0|F1:F1 inbound pallet replenishment:Transport to work bay:load=True:handoffs=0|F2:F2 outbound pallet dispatch:Return for next assignment:load=False:handoffs=1"
21.8511,9,58,202,-12.3000,0.0500,13.5000,104.8362,0.0000,0.0000,-12.3000,0.0000,13.5000,0.0500,7,"","","7.500:0.050:16.744|-4.200:0.050:-1.076|11.385:0.050:-16.949|4.210:0.050:1.535|7.501:0.050:7.681","0.000:0.000:0.000|0.000:0.000:0.656|0.000:0.000:0.000|-0.001:0.000:-0.656|0.000:0.000:0.000","-11.308:0.050:8.170|20.000:0.050:7.730","0.000:0.000:0.000|0.000:0.000:0.000",False,True,GoalReached,60.00,40.00,3.00,MultiAgentTraffic,"P1:True|P2:True|P3:True|D1:False|D2:True|D3:True","H1:H1 rack picking and carton handoff:Transport to work bay:load=True:handoffs=0|H2:H2 cross-aisle carton transfer:Transport to work bay:load=True:handoffs=0|H3:H3 station scan and dispatch verification:Transport to work bay:load=False:handoffs=0|H4:H4 trolley supply transfer:Transport to work bay:load=True:handoffs=0|H5:Legitimate operation occupying S2 receiving bay:Transport to work bay:load=True:handoffs=0|F1:F1 inbound pallet replenishment:Transport to work bay:load=True:handoffs=0|F2:F2 outbound pallet dispatch:Return for next assignment:load=False:handoffs=1"
21.9520,9,58,203,-12.3000,0.0500,13.5000,104.8362,0.0000,0.0000,-12.3000,0.0000,13.5000,0.0500,7,"","","7.500:0.050:16.744|-4.200:0.050:-1.010|11.385:0.050:-16.949|4.210:0.050:1.469|7.501:0.050:7.681","0.000:0.000:0.000|0.000:0.000:0.656|0.000:0.000:0.000|-0.001:0.000:-0.656|0.000:0.000:0.000","-11.308:0.050:8.170|20.000:0.050:7.730","0.000:0.000:0.000|0.000:0.000:0.000",False,True,GoalReached,60.00,40.00,3.00,MultiAgentTraffic,"P1:True|P2:True|P3:True|D1:False|D2:True|D3:True","H1:H1 rack picking and carton handoff:Transport to work bay:load=True:handoffs=0|H2:H2 cross-aisle carton transfer:Transport to work bay:load=True:handoffs=0|H3:H3 station scan and dispatch verification:Transport to work bay:load=False:handoffs=0|H4:H4 trolley supply transfer:Transport to work bay:load=True:handoffs=0|H5:Legitimate operation occupying S2 receiving bay:Transport to work bay:load=True:handoffs=0|F1:F1 inbound pallet replenishment:Transport to work bay:load=True:handoffs=0|F2:F2 outbound pallet dispatch:Return for next assignment:load=False:handoffs=1"
22.0525,9,58,204,-12.3000,0.0500,13.5000,104.8362,0.0000,0.0000,-12.3000,0.0000,13.5000,0.0500,7,"","","7.500:0.050:16.744|-4.200:0.050:-0.944|11.385:0.050:-16.949|4.210:0.050:1.403|7.501:0.050:7.681","0.000:0.000:0.000|0.000:0.000:0.656|0.000:0.000:0.000|-0.001:0.000:-0.656|0.000:0.000:0.000","-11.308:0.050:8.170|20.000:0.050:7.730","0.000:0.000:0.000|0.000:0.000:0.000",False,True,GoalReached,60.00,40.00,3.00,MultiAgentTraffic,"P1:True|P2:True|P3:True|D1:False|D2:True|D3:True","H1:H1 rack picking and carton handoff:Transport to work bay:load=True:handoffs=0|H2:H2 cross-aisle carton transfer:Transport to work bay:load=True:handoffs=0|H3:H3 station scan and dispatch verification:Transport to work bay:load=False:handoffs=0|H4:H4 trolley supply transfer:Transport to work bay:load=True:handoffs=0|H5:Legitimate operation occupying S2 receiving bay:Transport to work bay:load=True:handoffs=0|F1:F1 inbound pallet replenishment:Transport to work bay:load=True:handoffs=0|F2:F2 outbound pallet dispatch:Return for next assignment:load=False:handoffs=1"
22.1652,9,58,205,-12.3000,0.0500,13.5000,104.8362,0.0000,0.0000,-12.3000,0.0000,13.5000,0.0500,7,"","","7.500:0.050:16.744|-4.200:0.050:-0.870|11.385:0.050:-16.949|4.210:0.050:1.329|7.501:0.050:7.681","0.000:0.000:0.000|0.000:0.000:0.656|0.000:0.000:0.000|-0.001:0.000:-0.656|0.000:0.000:0.000","-11.308:0.050:8.170|20.000:0.050:7.730","0.000:0.000:0.000|0.000:0.000:0.000",False,True,GoalReached,60.00,40.00,3.00,MultiAgentTraffic,"P1:True|P2:True|P3:True|D1:False|D2:True|D3:True","H1:H1 rack picking and carton handoff:Transport to work bay:load=True:handoffs=0|H2:H2 cross-aisle carton transfer:Transport to work bay:load=True:handoffs=0|H3:H3 station scan and dispatch verification:Transport to work bay:load=False:handoffs=0|H4:H4 trolley supply transfer:Transport to work bay:load=True:handoffs=0|H5:Legitimate operation occupying S2 receiving bay:Transport to work bay:load=True:handoffs=0|F1:F1 inbound pallet replenishment:Transport to work bay:load=True:handoffs=0|F2:F2 outbound pallet dispatch:Return for next assignment:load=False:handoffs=1"
22.2730,9,58,206,-12.3000,0.0500,13.5000,104.8362,0.0000,0.0000,-12.3000,0.0000,13.5000,0.0500,7,"","","7.500:0.050:16.744|-4.200:0.050:-0.799|11.385:0.050:-16.949|4.210:0.050:1.259|7.501:0.050:7.681","0.000:0.000:0.000|0.000:0.000:0.656|0.000:0.000:0.000|-0.001:0.000:-0.656|0.000:0.000:0.000","-11.308:0.050:8.170|20.000:0.050:7.730","0.000:0.000:0.000|0.000:0.000:0.000",False,True,GoalReached,60.00,40.00,3.00,MultiAgentTraffic,"P1:True|P2:True|P3:True|D1:False|D2:True|D3:True","H1:H1 rack picking and carton handoff:Transport to work bay:load=True:handoffs=0|H2:H2 cross-aisle carton transfer:Transport to work bay:load=True:handoffs=0|H3:H3 station scan and dispatch verification:Transport to work bay:load=False:handoffs=0|H4:H4 trolley supply transfer:Transport to work bay:load=True:handoffs=0|H5:Legitimate operation occupying S2 receiving bay:Transport to work bay:load=True:handoffs=0|F1:F1 inbound pallet replenishment:Transport to work bay:load=True:handoffs=0|F2:F2 outbound pallet dispatch:Return for next assignment:load=False:handoffs=1"
22.3759,9,58,207,-12.3000,0.0500,13.5000,104.8362,0.0000,0.0000,-12.3000,0.0000,13.5000,0.0500,7,"","","7.500:0.050:16.744|-4.200:0.050:-0.732|11.385:0.050:-16.949|4.209:0.050:1.191|7.501:0.050:7.681","0.000:0.000:0.000|0.000:0.000:0.656|0.000:0.000:0.000|-0.001:0.000:-0.656|0.000:0.000:0.000","-11.308:0.050:8.170|20.000:0.050:7.730","0.000:0.000:0.000|0.000:0.000:0.000",False,True,GoalReached,60.00,40.00,3.00,MultiAgentTraffic,"P1:True|P2:True|P3:True|D1:False|D2:True|D3:True","H1:H1 rack picking and carton handoff:Transport to work bay:load=True:handoffs=0|H2:H2 cross-aisle carton transfer:Transport to work bay:load=True:handoffs=0|H3:H3 station scan and dispatch verification:Transport to work bay:load=False:handoffs=0|H4:H4 trolley supply transfer:Transport to work bay:load=True:handoffs=0|H5:Legitimate operation occupying S2 receiving bay:Transport to work bay:load=True:handoffs=0|F1:F1 inbound pallet replenishment:Transport to work bay:load=True:handoffs=0|F2:F2 outbound pallet dispatch:Return for next assignment:load=False:handoffs=1"
22.4779,9,58,208,-12.3000,0.0500,13.5000,104.8362,0.0000,0.0000,-12.3000,0.0000,13.5000,0.0500,7,"","","7.500:0.050:16.744|-4.200:0.050:-0.665|11.385:0.050:-16.949|4.209:0.050:1.124|7.501:0.050:7.681","0.000:0.000:0.000|0.000:0.000:0.656|0.000:0.000:0.000|-0.001:0.000:-0.656|0.000:0.000:0.000","-11.308:0.050:8.170|20.000:0.050:7.730","0.000:0.000:0.000|0.000:0.000:0.000",False,True,GoalReached,60.00,40.00,3.00,MultiAgentTraffic,"P1:True|P2:True|P3:True|D1:False|D2:True|D3:True","H1:H1 rack picking and carton handoff:Transport to work bay:load=True:handoffs=0|H2:H2 cross-aisle carton transfer:Transport to work bay:load=True:handoffs=0|H3:H3 station scan and dispatch verification:Transport to work bay:load=False:handoffs=0|H4:H4 trolley supply transfer:Transport to work bay:load=True:handoffs=0|H5:Legitimate operation occupying S2 receiving bay:Transport to work bay:load=True:handoffs=0|F1:F1 inbound pallet replenishment:Transport to work bay:load=True:handoffs=0|F2:F2 outbound pallet dispatch:Return for next assignment:load=False:handoffs=1"
22.5910,9,58,209,-12.3000,0.0500,13.5000,104.8362,0.0000,0.0000,-12.3000,0.0000,13.5000,0.0500,7,"","","7.500:0.050:16.744|-4.200:0.050:-0.591|11.385:0.050:-16.949|4.209:0.050:1.050|7.501:0.050:7.681","0.000:0.000:0.000|0.000:0.000:0.656|0.000:0.000:0.000|-0.001:0.000:-0.656|0.000:0.000:0.000","-11.308:0.050:8.170|20.000:0.050:7.730","0.000:0.000:0.000|0.000:0.000:0.000",False,True,GoalReached,60.00,40.00,3.00,MultiAgentTraffic,"P1:True|P2:True|P3:True|D1:False|D2:True|D3:True","H1:H1 rack picking and carton handoff:Transport to work bay:load=True:handoffs=0|H2:H2 cross-aisle carton transfer:Transport to work bay:load=True:handoffs=0|H3:H3 station scan and dispatch verification:Transport to work bay:load=False:handoffs=0|H4:H4 trolley supply transfer:Transport to work bay:load=True:handoffs=0|H5:Legitimate operation occupying S2 receiving bay:Transport to work bay:load=True:handoffs=0|F1:F1 inbound pallet replenishment:Transport to work bay:load=True:handoffs=0|F2:F2 outbound pallet dispatch:Return for next assignment:load=False:handoffs=1"
22.7041,9,58,210,-12.3000,0.0500,13.5000,104.8362,0.0000,0.0000,-12.3000,0.0000,13.5000,0.0500,7,"","","7.500:0.050:16.744|-4.200:0.050:-0.517|11.385:0.050:-16.949|4.209:0.050:0.976|7.501:0.050:7.681","0.000:0.000:0.000|0.000:0.000:0.656|0.000:0.000:0.000|-0.001:0.000:-0.656|0.000:0.000:0.000","-11.308:0.050:8.170|20.003:0.050:7.729","0.000:0.000:0.000|0.063:0.000:-0.030",False,True,GoalReached,60.00,40.00,3.00,MultiAgentTraffic,"P1:True|P2:True|P3:True|D1:False|D2:True|D3:True","H1:H1 rack picking and carton handoff:Transport to work bay:load=True:handoffs=0|H2:H2 cross-aisle carton transfer:Transport to work bay:load=True:handoffs=0|H3:H3 station scan and dispatch verification:Transport to work bay:load=False:handoffs=0|H4:H4 trolley supply transfer:Transport to work bay:load=True:handoffs=0|H5:Legitimate operation occupying S2 receiving bay:Transport to work bay:load=True:handoffs=0|F1:F1 inbound pallet replenishment:Transport to work bay:load=True:handoffs=0|F2:F2 outbound pallet dispatch:Return for next assignment:load=False:handoffs=1"
22.8042,9,58,211,-12.3000,0.0500,13.5000,104.8362,0.0000,0.0000,-12.3000,0.0000,13.5000,0.0500,7,"","","7.500:0.050:16.744|-4.200:0.050:-0.451|11.385:0.050:-16.949|4.209:0.050:0.910|7.501:0.050:7.681","0.000:0.000:0.000|0.000:0.000:0.656|0.000:0.000:0.000|-0.001:0.000:-0.656|0.000:0.000:0.000","-11.308:0.050:8.170|20.013:0.050:7.723","0.000:0.000:0.000|0.127:0.000:-0.080",False,True,GoalReached,60.00,40.00,3.00,MultiAgentTraffic,"P1:True|P2:True|P3:True|D1:False|D2:True|D3:True","H1:H1 rack picking and carton handoff:Transport to work bay:load=True:handoffs=0|H2:H2 cross-aisle carton transfer:Transport to work bay:load=True:handoffs=0|H3:H3 station scan and dispatch verification:Transport to work bay:load=False:handoffs=0|H4:H4 trolley supply transfer:Transport to work bay:load=True:handoffs=0|H5:Legitimate operation occupying S2 receiving bay:Transport to work bay:load=True:handoffs=0|F1:F1 inbound pallet replenishment:Transport to work bay:load=True:handoffs=0|F2:F2 outbound pallet dispatch:Return for next assignment:load=False:handoffs=1"
22.9062,9,58,212,-12.3000,0.0500,13.5000,104.8362,0.0000,0.0000,-12.3000,0.0000,13.5000,0.0500,7,"","","7.500:0.050:16.744|-4.200:0.050:-0.384|11.385:0.050:-16.949|4.209:0.050:0.843|7.501:0.050:7.681","0.000:0.000:0.000|0.000:0.000:0.656|0.000:0.000:0.000|-0.001:0.000:-0.656|0.000:0.000:0.000","-11.308:0.050:8.170|20.030:0.050:7.711","0.000:0.000:0.000|0.181:0.000:-0.145",False,True,GoalReached,60.00,40.00,3.00,MultiAgentTraffic,"P1:True|P2:True|P3:True|D1:False|D2:True|D3:True","H1:H1 rack picking and carton handoff:Transport to work bay:load=True:handoffs=0|H2:H2 cross-aisle carton transfer:Transport to work bay:load=True:handoffs=0|H3:H3 station scan and dispatch verification:Transport to work bay:load=False:handoffs=0|H4:H4 trolley supply transfer:Transport to work bay:load=True:handoffs=0|H5:Legitimate operation occupying S2 receiving bay:Transport to work bay:load=True:handoffs=0|F1:F1 inbound pallet replenishment:Transport to work bay:load=True:handoffs=0|F2:F2 outbound pallet dispatch:Return for next assignment:load=False:handoffs=1"
23.0181,9,58,213,-12.3000,0.0500,13.5000,104.8362,0.0000,0.0000,-12.3000,0.0000,13.5000,0.0500,7,"","","7.500:0.050:16.744|-4.200:0.050:-0.311|11.385:0.050:-16.949|4.209:0.050:0.770|7.501:0.050:7.681","0.000:0.000:0.000|0.000:0.000:0.656|0.000:0.000:0.000|-0.001:0.000:-0.656|0.000:0.000:0.000","-11.308:0.050:8.170|20.053:0.050:7.690","0.000:0.000:0.000|0.223:0.000:-0.231",False,True,GoalReached,60.00,40.00,3.00,MultiAgentTraffic,"P1:True|P2:True|P3:True|D1:False|D2:True|D3:True","H1:H1 rack picking and carton handoff:Transport to work bay:load=True:handoffs=0|H2:H2 cross-aisle carton transfer:Transport to work bay:load=True:handoffs=0|H3:H3 station scan and dispatch verification:Transport to work bay:load=False:handoffs=0|H4:H4 trolley supply transfer:Transport to work bay:load=True:handoffs=0|H5:Legitimate operation occupying S2 receiving bay:Transport to work bay:load=True:handoffs=0|F1:F1 inbound pallet replenishment:Transport to work bay:load=True:handoffs=0|F2:F2 outbound pallet dispatch:Return for next assignment:load=False:handoffs=1"
23.1225,9,58,214,-12.3000,0.0500,13.5000,104.8362,0.0000,0.0000,-12.3000,0.0000,13.5000,0.0500,7,"","","7.500:0.050:16.744|-4.200:0.050:-0.242|11.385:0.050:-16.949|4.209:0.050:0.701|7.501:0.050:7.681","0.000:0.000:0.000|0.000:0.000:0.656|0.000:0.000:0.000|-0.001:0.000:-0.656|0.000:0.000:0.000","-11.308:0.050:8.170|20.077:0.050:7.660","0.000:0.000:0.000|0.245:0.000:-0.322",False,True,GoalReached,60.00,40.00,3.00,MultiAgentTraffic,"P1:True|P2:True|P3:True|D1:False|D2:True|D3:True","H1:H1 rack picking and carton handoff:Transport to work bay:load=True:handoffs=0|H2:H2 cross-aisle carton transfer:Transport to work bay:load=True:handoffs=0|H3:H3 station scan and dispatch verification:Transport to work bay:load=False:handoffs=0|H4:H4 trolley supply transfer:Transport to work bay:load=True:handoffs=0|H5:Legitimate operation occupying S2 receiving bay:Transport to work bay:load=True:handoffs=0|F1:F1 inbound pallet replenishment:Transport to work bay:load=True:handoffs=0|F2:F2 outbound pallet dispatch:Return for next assignment:load=False:handoffs=1"
23.2226,9,58,215,-12.3000,0.0500,13.5000,104.8362,0.0000,0.0000,-12.3000,0.0000,13.5000,0.0500,7,"","","7.500:0.050:16.744|-4.200:0.050:-0.176|11.385:0.050:-16.949|4.208:0.050:0.636|7.501:0.050:7.681","0.000:0.000:0.000|0.000:0.000:0.656|0.000:0.000:0.000|-0.001:0.000:-0.656|0.000:0.000:0.000","-11.308:0.050:8.170|20.102:0.050:7.623","0.000:0.000:0.000|0.248:0.000:-0.417",False,True,GoalReached,60.00,40.00,3.00,MultiAgentTraffic,"P1:True|P2:True|P3:True|D1:False|D2:True|D3:True","H1:H1 rack picking and carton handoff:Transport to work bay:load=True:handoffs=0|H2:H2 cross-aisle carton transfer:Transport to work bay:load=True:handoffs=0|H3:H3 station scan and dispatch verification:Transport to work bay:load=False:handoffs=0|H4:H4 trolley supply transfer:Transport to work bay:load=True:handoffs=0|H5:Legitimate operation occupying S2 receiving bay:Transport to work bay:load=True:handoffs=0|F1:F1 inbound pallet replenishment:Transport to work bay:load=True:handoffs=0|F2:F2 outbound pallet dispatch:Return for next assignment:load=False:handoffs=1"
23.3323,9,58,216,-12.3000,0.0500,13.5000,104.8362,0.0000,0.0000,-12.3000,0.0000,13.5000,0.0500,7,"","","7.500:0.050:16.744|-4.200:0.050:-0.104|11.385:0.050:-16.949|4.208:0.050:0.564|7.501:0.050:7.681","0.000:0.000:0.000|0.000:0.000:0.656|0.000:0.000:0.000|-0.001:0.000:-0.656|0.000:0.000:0.000","-11.308:0.050:8.170|20.128:0.050:7.570","0.000:0.000:0.000|0.230:0.000:-0.524",False,True,GoalReached,60.00,40.00,3.00,MultiAgentTraffic,"P1:True|P2:True|P3:True|D1:False|D2:True|D3:True","H1:H1 rack picking and carton handoff:Transport to work bay:load=True:handoffs=0|H2:H2 cross-aisle carton transfer:Transport to work bay:load=True:handoffs=0|H3:H3 station scan and dispatch verification:Transport to work bay:load=False:handoffs=0|H4:H4 trolley supply transfer:Transport to work bay:load=True:handoffs=0|H5:Legitimate operation occupying S2 receiving bay:Transport to work bay:load=True:handoffs=0|F1:F1 inbound pallet replenishment:Transport to work bay:load=True:handoffs=0|F2:F2 outbound pallet dispatch:Return for next assignment:load=False:handoffs=1"
23.4459,9,58,217,-12.3000,0.0500,13.5000,104.8362,0.0000,0.0000,-12.3000,0.0000,13.5000,0.0500,7,"","","7.500:0.050:16.744|-4.200:0.050:-0.030|11.385:0.050:-16.949|4.208:0.050:0.489|7.501:0.050:7.681","0.000:0.000:0.000|0.000:0.000:0.656|0.000:0.000:0.000|-0.001:0.000:-0.656|0.000:0.000:0.000","-11.308:0.050:8.170|20.152:0.050:7.504","0.000:0.000:0.000|0.187:0.000:-0.637",False,True,GoalReached,60.00,40.00,3.00,MultiAgentTraffic,"P1:True|P2:True|P3:True|D1:False|D2:True|D3:True","H1:H1 rack picking and carton handoff:Transport to work bay:load=True:handoffs=0|H2:H2 cross-aisle carton transfer:Transport to work bay:load=True:handoffs=0|H3:H3 station scan and dispatch verification:Transport to work bay:load=False:handoffs=0|H4:H4 trolley supply transfer:Transport to work bay:load=True:handoffs=0|H5:Legitimate operation occupying S2 receiving bay:Transport to work bay:load=True:handoffs=0|F1:F1 inbound pallet replenishment:Transport to work bay:load=True:handoffs=0|F2:F2 outbound pallet dispatch:Return for next assignment:load=False:handoffs=1"
23.5588,9,58,218,-12.3000,0.0500,13.5000,104.8362,0.0000,0.0000,-12.3000,0.0000,13.5000,0.0500,7,"","","7.500:0.050:16.744|-4.200:0.050:0.044|11.385:0.050:-16.949|4.208:0.050:0.415|7.501:0.050:7.681","0.000:0.000:0.000|0.000:0.000:0.656|0.000:0.000:0.000|-0.001:0.000:-0.656|0.000:0.000:0.000","-11.308:0.050:8.170|20.169:0.050:7.425","0.000:0.000:0.000|0.118:0.000:-0.744",False,True,GoalReached,60.00,40.00,3.00,MultiAgentTraffic,"P1:True|P2:True|P3:True|D1:False|D2:True|D3:True","H1:H1 rack picking and carton handoff:Transport to work bay:load=True:handoffs=0|H2:H2 cross-aisle carton transfer:Transport to work bay:load=True:handoffs=0|H3:H3 station scan and dispatch verification:Transport to work bay:load=False:handoffs=0|H4:H4 trolley supply transfer:Transport to work bay:load=True:handoffs=0|H5:Legitimate operation occupying S2 receiving bay:Transport to work bay:load=True:handoffs=0|F1:F1 inbound pallet replenishment:Transport to work bay:load=True:handoffs=0|F2:F2 outbound pallet dispatch:Return for next assignment:load=False:handoffs=1"
23.6719,9,58,219,-12.3000,0.0500,13.5000,104.8362,0.0000,0.0000,-12.3000,0.0000,13.5000,0.0500,7,"","","7.500:0.050:16.744|-4.200:0.050:0.118|11.385:0.050:-16.949|4.208:0.050:0.341|7.501:0.050:7.681","0.000:0.000:0.000|0.000:0.000:0.656|0.000:0.000:0.000|-0.001:0.000:-0.656|0.000:0.000:0.000","-11.308:0.050:8.170|20.177:0.050:7.334","0.000:0.000:0.000|0.025:0.000:-0.844",False,True,GoalReached,60.00,40.00,3.00,MultiAgentTraffic,"P1:True|P2:True|P3:True|D1:False|D2:True|D3:True","H1:H1 rack picking and carton handoff:Transport to work bay:load=True:handoffs=0|H2:H2 cross-aisle carton transfer:Transport to work bay:load=True:handoffs=0|H3:H3 station scan and dispatch verification:Transport to work bay:load=False:handoffs=0|H4:H4 trolley supply transfer:Transport to work bay:load=True:handoffs=0|H5:Legitimate operation occupying S2 receiving bay:Transport to work bay:load=True:handoffs=0|F1:F1 inbound pallet replenishment:Transport to work bay:load=True:handoffs=0|F2:F2 outbound pallet dispatch:Return for next assignment:load=False:handoffs=1"
23.7745,9,58,220,-12.3000,0.0500,13.5000,104.8362,0.0000,0.0000,-12.3000,0.0000,13.5000,0.0500,7,"","","7.500:0.050:16.744|-4.200:0.050:0.186|11.385:0.050:-16.949|4.208:0.050:0.274|7.501:0.050:7.681","0.000:0.000:0.000|0.000:0.000:0.656|0.000:0.000:0.000|-0.001:0.000:-0.656|0.000:0.000:0.000","-11.308:0.050:8.170|20.176:0.050:7.243","0.000:0.000:0.000|-0.011:0.000:-0.926",False,True,GoalReached,60.00,40.00,3.00,MultiAgentTraffic,"P1:True|P2:True|P3:True|D1:False|D2:True|D3:True","H1:H1 rack picking and carton handoff:Transport to work bay:load=True:handoffs=0|H2:H2 cross-aisle carton transfer:Transport to work bay:load=True:handoffs=0|H3:H3 station scan and dispatch verification:Transport to work bay:load=False:handoffs=0|H4:H4 trolley supply transfer:Transport to work bay:load=True:handoffs=0|H5:Legitimate operation occupying S2 receiving bay:Transport to work bay:load=True:handoffs=0|F1:F1 inbound pallet replenishment:Transport to work bay:load=True:handoffs=0|F2:F2 outbound pallet dispatch:Return for next assignment:load=False:handoffs=1"
23.8755,9,58,221,-12.3000,0.0500,13.5000,104.8362,0.0000,0.0000,-12.3000,0.0000,13.5000,0.0500,7,"","","7.500:0.050:16.744|-4.200:0.050:0.252|11.385:0.050:-16.949|4.208:0.050:0.207|7.501:0.050:7.681","0.000:0.000:0.000|0.000:0.000:0.656|0.000:0.000:0.000|-0.001:0.000:-0.656|0.000:0.000:0.000","-11.308:0.050:8.170|20.175:0.050:7.145","0.000:0.000:0.000|-0.012:0.000:-1.007",False,True,GoalReached,60.00,40.00,3.00,MultiAgentTraffic,"P1:True|P2:True|P3:True|D1:False|D2:True|D3:True","H1:H1 rack picking and carton handoff:Transport to work bay:load=True:handoffs=0|H2:H2 cross-aisle carton transfer:Transport to work bay:load=True:handoffs=0|H3:H3 station scan and dispatch verification:Transport to work bay:load=False:handoffs=0|H4:H4 trolley supply transfer:Transport to work bay:load=True:handoffs=0|H5:Legitimate operation occupying S2 receiving bay:Transport to work bay:load=True:handoffs=0|F1:F1 inbound pallet replenishment:Transport to work bay:load=True:handoffs=0|F2:F2 outbound pallet dispatch:Return for next assignment:load=False:handoffs=1"
23.9799,9,58,222,-12.3000,0.0500,13.5000,104.8362,0.0000,0.0000,-12.3000,0.0000,13.5000,0.0500,7,"","","7.500:0.050:16.744|-4.200:0.050:0.320|11.385:0.050:-16.949|4.208:0.050:0.139|7.501:0.050:7.681","0.000:0.000:0.000|0.000:0.000:0.656|0.000:0.000:0.000|-0.001:0.000:-0.656|0.000:0.000:0.000","-11.308:0.050:8.170|20.174:0.050:7.034","0.000:0.000:0.000|-0.013:0.000:-1.091",False,True,GoalReached,60.00,40.00,3.00,MultiAgentTraffic,"P1:True|P2:True|P3:True|D1:False|D2:True|D3:True","H1:H1 rack picking and carton handoff:Transport to work bay:load=True:handoffs=0|H2:H2 cross-aisle carton transfer:Transport to work bay:load=True:handoffs=0|H3:H3 station scan and dispatch verification:Transport to work bay:load=False:handoffs=0|H4:H4 trolley supply transfer:Transport to work bay:load=True:handoffs=0|H5:Legitimate operation occupying S2 receiving bay:Transport to work bay:load=True:handoffs=0|F1:F1 inbound pallet replenishment:Transport to work bay:load=True:handoffs=0|F2:F2 outbound pallet dispatch:Return for next assignment:load=False:handoffs=1"
24.0823,9,58,223,-12.3000,0.0500,13.5000,104.8362,0.0000,0.0000,-12.3000,0.0000,13.5000,0.0500,7,"","","7.500:0.050:16.744|-4.200:0.050:0.388|11.385:0.050:-16.949|4.208:0.050:0.072|7.501:0.050:7.681","0.000:0.000:0.000|0.000:0.000:0.656|0.000:0.000:0.000|-0.001:0.000:-0.656|0.000:0.000:0.000","-11.308:0.050:8.170|20.172:0.050:6.918","0.000:0.000:0.000|-0.014:0.000:-1.172",False,True,GoalReached,60.00,40.00,3.00,MultiAgentTraffic,"P1:True|P2:True|P3:True|D1:False|D2:True|D3:True","H1:H1 rack picking and carton handoff:Transport to work bay:load=True:handoffs=0|H2:H2 cross-aisle carton transfer:Transport to work bay:load=True:handoffs=0|H3:H3 station scan and dispatch verification:Transport to work bay:load=False:handoffs=0|H4:H4 trolley supply transfer:Transport to work bay:load=True:handoffs=0|H5:Legitimate operation occupying S2 receiving bay:Transport to work bay:load=True:handoffs=0|F1:F1 inbound pallet replenishment:Transport to work bay:load=True:handoffs=0|F2:F2 outbound pallet dispatch:Return for next assignment:load=False:handoffs=1"
24.1853,9,58,224,-12.3000,0.0500,13.5000,104.8362,0.0000,0.0000,-12.3000,0.0000,13.5000,0.0500,7,"","","7.500:0.050:16.744|-4.200:0.050:0.455|11.385:0.050:-16.949|4.207:0.050:0.004|7.501:0.050:7.681","0.000:0.000:0.000|0.000:0.000:0.656|0.000:0.000:0.000|-0.001:0.000:-0.656|0.000:0.000:0.000","-11.308:0.050:8.170|20.171:0.050:6.792","0.000:0.000:0.000|-0.014:0.000:-1.255",False,True,GoalReached,60.00,40.00,3.00,MultiAgentTraffic,"P1:True|P2:True|P3:True|D1:False|D2:True|D3:True","H1:H1 rack picking and carton handoff:Transport to work bay:load=True:handoffs=0|H2:H2 cross-aisle carton transfer:Transport to work bay:load=True:handoffs=0|H3:H3 station scan and dispatch verification:Transport to work bay:load=False:handoffs=0|H4:H4 trolley supply transfer:Transport to work bay:load=True:handoffs=0|H5:Legitimate operation occupying S2 receiving bay:Transport to work bay:load=True:handoffs=0|F1:F1 inbound pallet replenishment:Transport to work bay:load=True:handoffs=0|F2:F2 outbound pallet dispatch:Return for next assignment:load=False:handoffs=1"
24.2914,9,58,225,-12.3000,0.0500,13.5000,104.8362,0.0000,0.0000,-12.3000,0.0000,13.5000,0.0500,7,"","","7.500:0.050:16.744|-4.200:0.050:0.525|11.385:0.050:-16.949|4.207:0.050:-0.065|7.501:0.050:7.681","0.000:0.000:0.000|0.000:0.000:0.656|0.000:0.000:0.000|-0.001:0.000:-0.656|0.000:0.000:0.000","-11.308:0.050:8.170|20.169:0.050:6.655","0.000:0.000:0.000|-0.015:0.000:-1.300",False,True,GoalReached,60.00,40.00,3.00,MultiAgentTraffic,"P1:True|P2:True|P3:True|D1:False|D2:True|D3:True","H1:H1 rack picking and carton handoff:Transport to work bay:load=True:handoffs=0|H2:H2 cross-aisle carton transfer:Transport to work bay:load=True:handoffs=0|H3:H3 station scan and dispatch verification:Transport to work bay:load=False:handoffs=0|H4:H4 trolley supply transfer:Transport to work bay:load=True:handoffs=0|H5:Legitimate operation occupying S2 receiving bay:Transport to work bay:load=True:handoffs=0|F1:F1 inbound pallet replenishment:Transport to work bay:load=True:handoffs=0|F2:F2 outbound pallet dispatch:Return for next assignment:load=False:handoffs=1"
24.3931,9,58,226,-12.3000,0.0500,13.5000,104.8362,0.0000,0.0000,-12.3000,0.0000,13.5000,0.0500,7,"","","7.500:0.050:16.744|-4.200:0.050:0.591|11.385:0.050:-16.949|4.207:0.050:-0.132|7.501:0.050:7.681","0.000:0.000:0.000|0.000:0.000:0.656|0.000:0.000:0.000|-0.001:0.000:-0.656|0.000:0.000:0.000","-11.308:0.050:8.170|20.168:0.050:6.523","0.000:0.000:0.000|-0.015:0.000:-1.300",False,True,GoalReached,60.00,40.00,3.00,MultiAgentTraffic,"P1:True|P2:True|P3:True|D1:False|D2:True|D3:True","H1:H1 rack picking and carton handoff:Transport to work bay:load=True:handoffs=0|H2:H2 cross-aisle carton transfer:Transport to work bay:load=True:handoffs=0|H3:H3 station scan and dispatch verification:Transport to work bay:load=False:handoffs=0|H4:H4 trolley supply transfer:Transport to work bay:load=True:handoffs=0|H5:Legitimate operation occupying S2 receiving bay:Transport to work bay:load=True:handoffs=0|F1:F1 inbound pallet replenishment:Transport to work bay:load=True:handoffs=0|F2:F2 outbound pallet dispatch:Return for next assignment:load=False:handoffs=1"
24.4969,9,58,227,-12.3000,0.0500,13.5000,104.8362,0.0000,0.0000,-12.3000,0.0000,13.5000,0.0500,7,"","","7.500:0.050:16.744|-4.200:0.050:0.660|11.385:0.050:-16.949|4.207:0.050:-0.200|7.501:0.050:7.681","0.000:0.000:0.000|0.000:0.000:0.656|0.000:0.000:0.000|-0.001:0.000:-0.656|0.000:0.000:0.000","-11.308:0.050:8.170|20.166:0.050:6.388","0.000:0.000:0.000|-0.015:0.000:-1.300",False,True,GoalReached,60.00,40.00,3.00,MultiAgentTraffic,"P1:True|P2:True|P3:True|D1:False|D2:True|D3:True","H1:H1 rack picking and carton handoff:Transport to work bay:load=True:handoffs=0|H2:H2 cross-aisle carton transfer:Transport to work bay:load=True:handoffs=0|H3:H3 station scan and dispatch verification:Transport to work bay:load=False:handoffs=0|H4:H4 trolley supply transfer:Transport to work bay:load=True:handoffs=0|H5:Legitimate operation occupying S2 receiving bay:Transport to work bay:load=True:handoffs=0|F1:F1 inbound pallet replenishment:Transport to work bay:load=True:handoffs=0|F2:F2 outbound pallet dispatch:Return for next assignment:load=False:handoffs=1"
24.6025,9,58,228,-12.3000,0.0500,13.5000,104.8362,0.0000,0.0000,-12.3000,0.0000,13.5000,0.0500,7,"","","7.500:0.050:16.744|-4.200:0.050:0.729|11.385:0.050:-16.949|4.207:0.050:-0.270|7.501:0.050:7.681","0.000:0.000:0.000|0.000:0.000:0.656|0.000:0.000:0.000|-0.001:0.000:-0.656|0.000:0.000:0.000","-11.308:0.050:8.170|20.165:0.050:6.251","0.000:0.000:0.000|-0.015:0.000:-1.300",False,True,GoalReached,60.00,40.00,3.00,MultiAgentTraffic,"P1:True|P2:True|P3:True|D1:False|D2:True|D3:True","H1:H1 rack picking and carton handoff:Transport to work bay:load=True:handoffs=0|H2:H2 cross-aisle carton transfer:Transport to work bay:load=True:handoffs=0|H3:H3 station scan and dispatch verification:Transport to work bay:load=False:handoffs=0|H4:H4 trolley supply transfer:Transport to work bay:load=True:handoffs=0|H5:Legitimate operation occupying S2 receiving bay:Transport to work bay:load=True:handoffs=0|F1:F1 inbound pallet replenishment:Transport to work bay:load=True:handoffs=0|F2:F2 outbound pallet dispatch:Return for next assignment:load=False:handoffs=1"
24.7120,9,58,229,-12.3000,0.0500,13.5000,104.8362,0.0000,0.0000,-12.3000,0.0000,13.5000,0.0500,7,"","","7.500:0.050:16.744|-4.200:0.050:0.801|11.385:0.050:-16.949|4.207:0.050:-0.341|7.501:0.050:7.681","0.000:0.000:0.000|0.000:0.000:0.656|0.000:0.000:0.000|-0.001:0.000:-0.656|0.000:0.000:0.000","-11.308:0.050:8.170|20.163:0.050:6.109","0.000:0.000:0.000|-0.015:0.000:-1.300",False,True,GoalReached,60.00,40.00,3.00,MultiAgentTraffic,"P1:True|P2:True|P3:True|D1:False|D2:True|D3:True","H1:H1 rack picking and carton handoff:Transport to work bay:load=True:handoffs=0|H2:H2 cross-aisle carton transfer:Transport to work bay:load=True:handoffs=0|H3:H3 station scan and dispatch verification:Transport to work bay:load=False:handoffs=0|H4:H4 trolley supply transfer:Transport to work bay:load=True:handoffs=0|H5:Legitimate operation occupying S2 receiving bay:Transport to work bay:load=True:handoffs=0|F1:F1 inbound pallet replenishment:Transport to work bay:load=True:handoffs=0|F2:F2 outbound pallet dispatch:Return for next assignment:load=False:handoffs=1"
24.8149,9,58,230,-12.3000,0.0500,13.5000,104.8362,0.0000,0.0000,-12.3000,0.0000,13.5000,0.0500,7,"","","7.500:0.050:16.744|-4.200:0.050:0.868|11.385:0.050:-16.949|4.207:0.050:-0.409|7.501:0.050:7.681","0.000:0.000:0.000|0.000:0.000:0.656|0.000:0.000:0.000|-0.001:0.000:-0.656|0.000:0.000:0.000","-11.308:0.050:8.170|20.161:0.050:5.975","0.000:0.000:0.000|-0.015:0.000:-1.300",False,True,GoalReached,60.00,40.00,3.00,MultiAgentTraffic,"P1:True|P2:True|P3:True|D1:False|D2:True|D3:True","H1:H1 rack picking and carton handoff:Transport to work bay:load=True:handoffs=0|H2:H2 cross-aisle carton transfer:Transport to work bay:load=True:handoffs=0|H3:H3 station scan and dispatch verification:Transport to work bay:load=False:handoffs=0|H4:H4 trolley supply transfer:Transport to work bay:load=True:handoffs=0|H5:Legitimate operation occupying S2 receiving bay:Transport to work bay:load=True:handoffs=0|F1:F1 inbound pallet replenishment:Transport to work bay:load=True:handoffs=0|F2:F2 outbound pallet dispatch:Return for next assignment:load=False:handoffs=1"
24.9178,9,58,231,-12.3000,0.0500,13.5000,104.8362,0.0000,0.0000,-12.3000,0.0000,13.5000,0.0500,7,"","","7.500:0.050:16.744|-4.200:0.050:0.936|11.385:0.050:-16.949|4.207:0.050:-0.476|7.501:0.050:7.681","0.000:0.000:0.000|0.000:0.000:0.656|0.000:0.000:0.000|-0.001:0.000:-0.656|0.000:0.000:0.000","-11.308:0.050:8.170|20.160:0.050:5.841","0.000:0.000:0.000|-0.015:0.000:-1.300",False,True,GoalReached,60.00,40.00,3.00,MultiAgentTraffic,"P1:True|P2:True|P3:True|D1:False|D2:True|D3:True","H1:H1 rack picking and carton handoff:Transport to work bay:load=True:handoffs=0|H2:H2 cross-aisle carton transfer:Transport to work bay:load=True:handoffs=0|H3:H3 station scan and dispatch verification:Transport to work bay:load=False:handoffs=0|H4:H4 trolley supply transfer:Transport to work bay:load=True:handoffs=0|H5:Legitimate operation occupying S2 receiving bay:Transport to work bay:load=True:handoffs=0|F1:F1 inbound pallet replenishment:Transport to work bay:load=True:handoffs=0|F2:F2 outbound pallet dispatch:Return for next assignment:load=False:handoffs=1"
25.0240,9,58,232,-12.3000,0.0500,13.5000,104.8362,0.0000,0.0000,-12.3000,0.0000,13.5000,0.0500,7,"","","7.500:0.050:16.744|-4.200:0.050:1.005|11.385:0.050:-16.949|4.207:0.050:-0.546|7.501:0.050:7.681","0.000:0.000:0.000|0.000:0.000:0.656|0.000:0.000:0.000|-0.001:0.000:-0.656|0.000:0.000:0.000","-11.308:0.050:8.170|20.158:0.050:5.703","0.000:0.000:0.000|-0.015:0.000:-1.300",False,True,GoalReached,60.00,40.00,3.00,MultiAgentTraffic,"P1:True|P2:True|P3:True|D1:False|D2:True|D3:True","H1:H1 rack picking and carton handoff:Transport to work bay:load=True:handoffs=0|H2:H2 cross-aisle carton transfer:Transport to work bay:load=True:handoffs=0|H3:H3 station scan and dispatch verification:Transport to work bay:load=False:handoffs=0|H4:H4 trolley supply transfer:Transport to work bay:load=True:handoffs=0|H5:Legitimate operation occupying S2 receiving bay:Transport to work bay:load=True:handoffs=0|F1:F1 inbound pallet replenishment:Transport to work bay:load=True:handoffs=0|F2:F2 outbound pallet dispatch:Return for next assignment:load=False:handoffs=1"
25.1322,9,58,233,-12.3000,0.0500,13.5000,104.8362,0.0000,0.0000,-12.3000,0.0000,13.5000,0.0500,7,"","","7.500:0.050:16.744|-4.200:0.050:1.076|11.385:0.050:-16.949|4.206:0.050:-0.617|7.501:0.050:7.681","0.000:0.000:0.000|0.000:0.000:0.656|0.000:0.000:0.000|-0.001:0.000:-0.656|0.000:0.000:0.000","-11.308:0.050:8.170|20.157:0.050:5.562","0.000:0.000:0.000|-0.015:0.000:-1.300",False,True,GoalReached,60.00,40.00,3.00,MultiAgentTraffic,"P1:True|P2:True|P3:True|D1:False|D2:True|D3:True","H1:H1 rack picking and carton handoff:Transport to work bay:load=True:handoffs=0|H2:H2 cross-aisle carton transfer:Transport to work bay:load=True:handoffs=0|H3:H3 station scan and dispatch verification:Transport to work bay:load=False:handoffs=0|H4:H4 trolley supply transfer:Transport to work bay:load=True:handoffs=0|H5:Legitimate operation occupying S2 receiving bay:Transport to work bay:load=True:handoffs=0|F1:F1 inbound pallet replenishment:Transport to work bay:load=True:handoffs=0|F2:F2 outbound pallet dispatch:Return for next assignment:load=False:handoffs=1"
25.2441,9,58,234,-12.3000,0.0500,13.5000,104.8362,0.0000,0.0000,-12.3000,0.0000,13.5000,0.0500,7,"","","7.500:0.050:16.744|-4.200:0.050:1.150|11.385:0.050:-16.949|4.206:0.050:-0.690|7.501:0.050:7.681","0.000:0.000:0.000|0.000:0.000:0.656|0.000:0.000:0.000|-0.001:0.000:-0.656|0.000:0.000:0.000","-11.308:0.050:8.170|20.155:0.050:5.417","0.000:0.000:0.000|-0.015:0.000:-1.300",False,True,GoalReached,60.00,40.00,3.00,MultiAgentTraffic,"P1:True|P2:True|P3:True|D1:False|D2:True|D3:True","H1:H1 rack picking and carton handoff:Transport to work bay:load=True:handoffs=0|H2:H2 cross-aisle carton transfer:Transport to work bay:load=True:handoffs=0|H3:H3 station scan and dispatch verification:Transport to work bay:load=False:handoffs=0|H4:H4 trolley supply transfer:Transport to work bay:load=True:handoffs=0|H5:Legitimate operation occupying S2 receiving bay:Transport to work bay:load=True:handoffs=0|F1:F1 inbound pallet replenishment:Transport to work bay:load=True:handoffs=0|F2:F2 outbound pallet dispatch:Return for next assignment:load=False:handoffs=1"
25.3480,9,58,235,-12.3000,0.0500,13.5000,104.8362,0.0000,0.0000,-12.3000,0.0000,13.5000,0.0500,7,"","","7.500:0.050:16.744|-4.200:0.050:1.218|11.385:0.050:-16.949|4.206:0.050:-0.759|7.501:0.050:7.681","0.000:0.000:0.000|0.000:0.000:0.656|0.000:0.000:0.000|-0.001:0.000:-0.656|0.000:0.000:0.000","-11.308:0.050:8.170|20.153:0.050:5.282","0.000:0.000:0.000|-0.015:0.000:-1.300",False,True,GoalReached,60.00,40.00,3.00,MultiAgentTraffic,"P1:True|P2:True|P3:True|D1:False|D2:True|D3:True","H1:H1 rack picking and carton handoff:Transport to work bay:load=True:handoffs=0|H2:H2 cross-aisle carton transfer:Transport to work bay:load=True:handoffs=0|H3:H3 station scan and dispatch verification:Transport to work bay:load=False:handoffs=0|H4:H4 trolley supply transfer:Transport to work bay:load=True:handoffs=0|H5:Legitimate operation occupying S2 receiving bay:Transport to work bay:load=True:handoffs=0|F1:F1 inbound pallet replenishment:Transport to work bay:load=True:handoffs=0|F2:F2 outbound pallet dispatch:Return for next assignment:load=False:handoffs=1"
25.4608,9,58,236,-12.3000,0.0500,13.5000,104.8362,0.0000,0.0000,-12.3000,0.0000,13.5000,0.0500,7,"","","7.500:0.050:16.744|-4.200:0.050:1.292|11.385:0.050:-16.949|4.206:0.050:-0.833|7.501:0.050:7.681","0.000:0.000:0.000|0.000:0.000:0.656|0.000:0.000:0.000|-0.001:0.000:-0.656|0.000:0.000:0.000","-11.308:0.050:8.170|20.152:0.050:5.135","0.000:0.000:0.000|-0.015:0.000:-1.300",False,True,GoalReached,60.00,40.00,3.00,MultiAgentTraffic,"P1:True|P2:True|P3:True|D1:False|D2:True|D3:True","H1:H1 rack picking and carton handoff:Transport to work bay:load=True:handoffs=0|H2:H2 cross-aisle carton transfer:Transport to work bay:load=True:handoffs=0|H3:H3 station scan and dispatch verification:Transport to work bay:load=False:handoffs=0|H4:H4 trolley supply transfer:Transport to work bay:load=True:handoffs=0|H5:Legitimate operation occupying S2 receiving bay:Transport to work bay:load=True:handoffs=0|F1:F1 inbound pallet replenishment:Transport to work bay:load=True:handoffs=0|F2:F2 outbound pallet dispatch:Return for next assignment:load=False:handoffs=1"
25.5688,9,58,237,-12.3000,0.0500,13.5000,104.8362,0.0000,0.0000,-12.3000,0.0000,13.5000,0.0500,7,"","","7.500:0.050:16.744|-4.200:0.050:1.363|11.385:0.050:-16.949|4.206:0.050:-0.903|7.501:0.050:7.681","0.000:0.000:0.000|0.000:0.000:0.656|0.000:0.000:0.000|-0.001:0.000:-0.656|0.000:0.000:0.000","-11.308:0.050:8.170|20.150:0.050:4.995","0.000:0.000:0.000|-0.015:0.000:-1.300",False,True,GoalReached,60.00,40.00,3.00,MultiAgentTraffic,"P1:True|P2:True|P3:True|D1:False|D2:True|D3:True","H1:H1 rack picking and carton handoff:Transport to work bay:load=True:handoffs=0|H2:H2 cross-aisle carton transfer:Transport to work bay:load=True:handoffs=0|H3:H3 station scan and dispatch verification:Transport to work bay:load=False:handoffs=0|H4:H4 trolley supply transfer:Transport to work bay:load=True:handoffs=0|H5:Legitimate operation occupying S2 receiving bay:Transport to work bay:load=True:handoffs=0|F1:F1 inbound pallet replenishment:Transport to work bay:load=True:handoffs=0|F2:F2 outbound pallet dispatch:Return for next assignment:load=False:handoffs=1"
25.6729,9,58,238,-12.3000,0.0500,13.5000,104.8362,0.0000,0.0000,-12.3000,0.0000,13.5000,0.0500,7,"","","7.500:0.050:16.744|-4.200:0.050:1.431|11.385:0.050:-16.949|4.206:0.050:-0.972|7.501:0.050:7.681","0.000:0.000:0.000|0.000:0.000:0.656|0.000:0.000:0.000|-0.001:0.000:-0.656|0.000:0.000:0.000","-11.308:0.050:8.170|20.148:0.050:4.860","0.000:0.000:0.000|-0.015:0.000:-1.300",False,True,GoalReached,60.00,40.00,3.00,MultiAgentTraffic,"P1:True|P2:True|P3:True|D1:False|D2:True|D3:True","H1:H1 rack picking and carton handoff:Transport to work bay:load=True:handoffs=0|H2:H2 cross-aisle carton transfer:Transport to work bay:load=True:handoffs=0|H3:H3 station scan and dispatch verification:Transport to work bay:load=False:handoffs=0|H4:H4 trolley supply transfer:Transport to work bay:load=True:handoffs=0|H5:Legitimate operation occupying S2 receiving bay:Transport to work bay:load=True:handoffs=0|F1:F1 inbound pallet replenishment:Transport to work bay:load=True:handoffs=0|F2:F2 outbound pallet dispatch:Return for next assignment:load=False:handoffs=1"
25.7758,9,58,239,-12.3000,0.0500,13.5000,104.8362,0.0000,0.0000,-12.3000,0.0000,13.5000,0.0500,7,"","","7.500:0.050:16.744|-4.200:0.050:1.499|11.385:0.050:-16.949|4.206:0.050:-1.039|7.501:0.050:7.681","0.000:0.000:0.000|0.000:0.000:0.656|0.000:0.000:0.000|-0.001:0.000:-0.656|0.000:0.000:0.000","-11.308:0.050:8.170|20.147:0.050:4.726","0.000:0.000:0.000|-0.015:0.000:-1.300",False,True,GoalReached,60.00,40.00,3.00,MultiAgentTraffic,"P1:True|P2:True|P3:True|D1:False|D2:True|D3:True","H1:H1 rack picking and carton handoff:Transport to work bay:load=True:handoffs=0|H2:H2 cross-aisle carton transfer:Transport to work bay:load=True:handoffs=0|H3:H3 station scan and dispatch verification:Transport to work bay:load=False:handoffs=0|H4:H4 trolley supply transfer:Transport to work bay:load=True:handoffs=0|H5:Legitimate operation occupying S2 receiving bay:Transport to work bay:load=True:handoffs=0|F1:F1 inbound pallet replenishment:Transport to work bay:load=True:handoffs=0|F2:F2 outbound pallet dispatch:Return for next assignment:load=False:handoffs=1"
25.8772,9,58,240,-12.3000,0.0500,13.5000,104.8362,0.0000,0.0000,-12.3000,0.0000,13.5000,0.0500,7,"","","7.500:0.050:16.744|-4.200:0.050:1.565|11.385:0.050:-16.949|4.206:0.050:-1.106|7.501:0.050:7.681","0.000:0.000:0.000|0.000:0.000:0.656|0.000:0.000:0.000|-0.001:0.000:-0.656|0.000:0.000:0.000","-11.308:0.050:8.170|20.145:0.050:4.594","0.000:0.000:0.000|-0.015:0.000:-1.300",False,True,GoalReached,60.00,40.00,3.00,MultiAgentTraffic,"P1:True|P2:True|P3:True|D1:False|D2:True|D3:True","H1:H1 rack picking and carton handoff:Transport to work bay:load=True:handoffs=0|H2:H2 cross-aisle carton transfer:Transport to work bay:load=True:handoffs=0|H3:H3 station scan and dispatch verification:Transport to work bay:load=False:handoffs=0|H4:H4 trolley supply transfer:Transport to work bay:load=True:handoffs=0|H5:Legitimate operation occupying S2 receiving bay:Transport to work bay:load=True:handoffs=0|F1:F1 inbound pallet replenishment:Transport to work bay:load=True:handoffs=0|F2:F2 outbound pallet dispatch:Return for next assignment:load=False:handoffs=1"
25.9782,9,58,241,-12.3000,0.0500,13.5000,104.8362,0.0000,0.0000,-12.3000,0.0000,13.5000,0.0500,7,"","","7.500:0.050:16.744|-4.200:0.050:1.631|11.385:0.050:-16.949|4.205:0.050:-1.172|7.501:0.050:7.681","0.000:0.000:0.000|0.000:0.000:0.656|0.000:0.000:0.000|-0.001:0.000:-0.656|0.000:0.000:0.000","-11.308:0.050:8.170|20.144:0.050:4.463","0.000:0.000:0.000|-0.015:0.000:-1.300",False,True,GoalReached,60.00,40.00,3.00,MultiAgentTraffic,"P1:True|P2:True|P3:True|D1:False|D2:True|D3:True","H1:H1 rack picking and carton handoff:Transport to work bay:load=True:handoffs=0|H2:H2 cross-aisle carton transfer:Transport to work bay:load=True:handoffs=0|H3:H3 station scan and dispatch verification:Transport to work bay:load=False:handoffs=0|H4:H4 trolley supply transfer:Transport to work bay:load=True:handoffs=0|H5:Legitimate operation occupying S2 receiving bay:Transport to work bay:load=True:handoffs=0|F1:F1 inbound pallet replenishment:Transport to work bay:load=True:handoffs=0|F2:F2 outbound pallet dispatch:Return for next assignment:load=False:handoffs=1"
26.0910,9,58,242,-12.3000,0.0500,13.5000,104.8362,0.0000,0.0000,-12.3000,0.0000,13.5000,0.0500,7,"","","7.500:0.050:16.744|-4.200:0.050:1.705|11.385:0.050:-16.949|4.205:0.050:-1.246|7.501:0.050:7.681","0.000:0.000:0.000|0.000:0.000:0.656|0.000:0.000:0.000|-0.001:0.000:-0.656|0.000:0.000:0.000","-11.308:0.050:8.170|20.142:0.050:4.316","0.000:0.000:0.000|-0.015:0.000:-1.300",False,True,GoalReached,60.00,40.00,3.00,MultiAgentTraffic,"P1:True|P2:True|P3:True|D1:False|D2:True|D3:True","H1:H1 rack picking and carton handoff:Transport to work bay:load=True:handoffs=0|H2:H2 cross-aisle carton transfer:Transport to work bay:load=True:handoffs=0|H3:H3 station scan and dispatch verification:Transport to work bay:load=False:handoffs=0|H4:H4 trolley supply transfer:Transport to work bay:load=True:handoffs=0|H5:Legitimate operation occupying S2 receiving bay:Transport to work bay:load=True:handoffs=0|F1:F1 inbound pallet replenishment:Transport to work bay:load=True:handoffs=0|F2:F2 outbound pallet dispatch:Return for next assignment:load=False:handoffs=1"
26.1929,9,58,243,-12.3000,0.0500,13.5000,104.8362,0.0000,0.0000,-12.3000,0.0000,13.5000,0.0500,7,"","","7.500:0.050:16.744|-4.200:0.050:1.772|11.385:0.050:-16.949|4.205:0.050:-1.313|7.501:0.050:7.681","0.000:0.000:0.000|0.000:0.000:0.656|0.000:0.000:0.000|-0.001:0.000:-0.656|0.000:0.000:0.000","-11.308:0.050:8.170|20.141:0.050:4.184","0.000:0.000:0.000|-0.015:0.000:-1.300",False,True,GoalReached,60.00,40.00,3.00,MultiAgentTraffic,"P1:True|P2:True|P3:True|D1:False|D2:True|D3:True","H1:H1 rack picking and carton handoff:Transport to work bay:load=True:handoffs=0|H2:H2 cross-aisle carton transfer:Transport to work bay:load=True:handoffs=0|H3:H3 station scan and dispatch verification:Transport to work bay:load=False:handoffs=0|H4:H4 trolley supply transfer:Transport to work bay:load=True:handoffs=0|H5:Legitimate operation occupying S2 receiving bay:Transport to work bay:load=True:handoffs=0|F1:F1 inbound pallet replenishment:Transport to work bay:load=True:handoffs=0|F2:F2 outbound pallet dispatch:Return for next assignment:load=False:handoffs=1"
26.3041,9,58,244,-12.3000,0.0500,13.5000,104.8362,0.0000,0.0000,-12.3000,0.0000,13.5000,0.0500,7,"","","7.500:0.050:16.744|-4.200:0.050:1.845|11.385:0.050:-16.949|4.205:0.050:-1.386|7.501:0.050:7.681","0.000:0.000:0.000|0.000:0.000:0.656|0.000:0.000:0.000|-0.001:0.000:-0.656|0.000:0.000:0.000","-11.308:0.050:8.170|20.139:0.050:4.039","0.000:0.000:0.000|-0.015:0.000:-1.300",False,True,GoalReached,60.00,40.00,3.00,MultiAgentTraffic,"P1:True|P2:True|P3:True|D1:False|D2:True|D3:True","H1:H1 rack picking and carton handoff:Transport to work bay:load=True:handoffs=0|H2:H2 cross-aisle carton transfer:Transport to work bay:load=True:handoffs=0|H3:H3 station scan and dispatch verification:Transport to work bay:load=False:handoffs=0|H4:H4 trolley supply transfer:Transport to work bay:load=True:handoffs=0|H5:Legitimate operation occupying S2 receiving bay:Transport to work bay:load=True:handoffs=0|F1:F1 inbound pallet replenishment:Transport to work bay:load=True:handoffs=0|F2:F2 outbound pallet dispatch:Return for next assignment:load=False:handoffs=1"
26.4099,9,58,245,-12.3000,0.0500,13.5000,104.8362,0.0000,0.0000,-12.3000,0.0000,13.5000,0.0500,7,"","","7.500:0.050:16.744|-4.200:0.050:1.915|11.385:0.050:-16.949|4.205:0.050:-1.455|7.501:0.050:7.681","0.000:0.000:0.000|0.000:0.000:0.656|0.000:0.000:0.000|-0.001:0.000:-0.656|0.000:0.000:0.000","-11.308:0.050:8.170|20.137:0.050:3.902","0.000:0.000:0.000|-0.015:0.000:-1.300",False,True,GoalReached,60.00,40.00,3.00,MultiAgentTraffic,"P1:True|P2:True|P3:True|D1:False|D2:True|D3:True","H1:H1 rack picking and carton handoff:Transport to work bay:load=True:handoffs=0|H2:H2 cross-aisle carton transfer:Transport to work bay:load=True:handoffs=0|H3:H3 station scan and dispatch verification:Transport to work bay:load=False:handoffs=0|H4:H4 trolley supply transfer:Transport to work bay:load=True:handoffs=0|H5:Legitimate operation occupying S2 receiving bay:Transport to work bay:load=True:handoffs=0|F1:F1 inbound pallet replenishment:Transport to work bay:load=True:handoffs=0|F2:F2 outbound pallet dispatch:Return for next assignment:load=False:handoffs=1"
26.5159,9,58,246,-12.3000,0.0500,13.5000,104.8362,0.0000,0.0000,-12.3000,0.0000,13.5000,0.0500,7,"","","7.500:0.050:16.744|-4.200:0.050:1.984|11.385:0.050:-16.949|4.205:0.050:-1.525|7.501:0.050:7.681","0.000:0.000:0.000|0.000:0.000:0.656|0.000:0.000:0.000|-0.001:0.000:-0.656|0.000:0.000:0.000","-11.308:0.050:8.170|20.136:0.050:3.764","0.000:0.000:0.000|-0.015:0.000:-1.300",False,True,GoalReached,60.00,40.00,3.00,MultiAgentTraffic,"P1:True|P2:True|P3:True|D1:False|D2:True|D3:True","H1:H1 rack picking and carton handoff:Transport to work bay:load=True:handoffs=0|H2:H2 cross-aisle carton transfer:Transport to work bay:load=True:handoffs=0|H3:H3 station scan and dispatch verification:Transport to work bay:load=False:handoffs=0|H4:H4 trolley supply transfer:Transport to work bay:load=True:handoffs=0|H5:Legitimate operation occupying S2 receiving bay:Transport to work bay:load=True:handoffs=0|F1:F1 inbound pallet replenishment:Transport to work bay:load=True:handoffs=0|F2:F2 outbound pallet dispatch:Return for next assignment:load=False:handoffs=1"
26.6254,9,58,247,-12.3000,0.0500,13.5000,104.8362,0.0000,0.0000,-12.3000,0.0000,13.5000,0.0500,7,"","","7.500:0.050:16.744|-4.200:0.050:2.056|11.385:0.050:-16.949|4.205:0.050:-1.597|7.501:0.050:7.681","0.000:0.000:0.000|0.000:0.000:0.656|0.000:0.000:0.000|-0.001:0.000:-0.656|0.000:0.000:0.000","-11.308:0.050:8.170|20.134:0.050:3.621","0.000:0.000:0.000|-0.015:0.000:-1.300",False,True,GoalReached,60.00,40.00,3.00,MultiAgentTraffic,"P1:True|P2:True|P3:True|D1:False|D2:True|D3:True","H1:H1 rack picking and carton handoff:Transport to work bay:load=True:handoffs=0|H2:H2 cross-aisle carton transfer:Transport to work bay:load=True:handoffs=0|H3:H3 station scan and dispatch verification:Transport to work bay:load=False:handoffs=0|H4:H4 trolley supply transfer:Transport to work bay:load=True:handoffs=0|H5:Legitimate operation occupying S2 receiving bay:Transport to work bay:load=True:handoffs=0|F1:F1 inbound pallet replenishment:Transport to work bay:load=True:handoffs=0|F2:F2 outbound pallet dispatch:Return for next assignment:load=False:handoffs=1"
26.7290,9,58,248,-12.3000,0.0500,13.5000,104.8362,0.0000,0.0000,-12.3000,0.0000,13.5000,0.0500,7,"","","7.500:0.050:16.744|-4.200:0.050:2.124|11.385:0.050:-16.949|4.205:0.050:-1.665|7.501:0.050:7.681","0.000:0.000:0.000|0.000:0.000:0.656|0.000:0.000:0.000|-0.001:0.000:-0.656|0.000:0.000:0.000","-11.308:0.050:8.170|20.133:0.050:3.487","0.000:0.000:0.000|-0.015:0.000:-1.300",False,True,GoalReached,60.00,40.00,3.00,MultiAgentTraffic,"P1:True|P2:True|P3:True|D1:False|D2:True|D3:True","H1:H1 rack picking and carton handoff:Transport to work bay:load=True:handoffs=0|H2:H2 cross-aisle carton transfer:Transport to work bay:load=True:handoffs=0|H3:H3 station scan and dispatch verification:Transport to work bay:load=False:handoffs=0|H4:H4 trolley supply transfer:Transport to work bay:load=True:handoffs=0|H5:Legitimate operation occupying S2 receiving bay:Transport to work bay:load=True:handoffs=0|F1:F1 inbound pallet replenishment:Transport to work bay:load=True:handoffs=0|F2:F2 outbound pallet dispatch:Return for next assignment:load=False:handoffs=1"
26.8326,9,58,249,-12.3000,0.0500,13.5000,104.8362,0.0000,0.0000,-12.3000,0.0000,13.5000,0.0500,7,"","","7.500:0.050:16.744|-4.200:0.050:2.192|11.385:0.050:-16.949|4.205:0.050:-1.733|7.501:0.050:7.681","0.000:0.000:0.000|0.000:0.000:0.656|0.000:0.000:0.000|-0.001:0.000:-0.656|0.000:0.000:0.000","-11.308:0.050:8.170|20.131:0.050:3.352","0.000:0.000:0.000|-0.015:0.000:-1.300",False,True,GoalReached,60.00,40.00,3.00,MultiAgentTraffic,"P1:True|P2:True|P3:True|D1:False|D2:True|D3:True","H1:H1 rack picking and carton handoff:Transport to work bay:load=True:handoffs=0|H2:H2 cross-aisle carton transfer:Transport to work bay:load=True:handoffs=0|H3:H3 station scan and dispatch verification:Transport to work bay:load=False:handoffs=0|H4:H4 trolley supply transfer:Transport to work bay:load=True:handoffs=0|H5:Legitimate operation occupying S2 receiving bay:Transport to work bay:load=True:handoffs=0|F1:F1 inbound pallet replenishment:Transport to work bay:load=True:handoffs=0|F2:F2 outbound pallet dispatch:Return for next assignment:load=False:handoffs=1"
26.9409,9,58,250,-12.3000,0.0500,13.5000,104.8362,0.0000,0.0000,-12.3000,0.0000,13.5000,0.0500,7,"","","7.500:0.050:16.744|-4.200:0.050:2.263|11.385:0.050:-16.949|4.204:0.050:-1.804|7.501:0.050:7.681","0.000:0.000:0.000|0.000:0.000:0.656|0.000:0.000:0.000|-0.001:0.000:-0.656|0.000:0.000:0.000","-11.308:0.050:8.170|20.129:0.050:3.211","0.000:0.000:0.000|-0.015:0.000:-1.300",False,True,GoalReached,60.00,40.00,3.00,MultiAgentTraffic,"P1:True|P2:True|P3:True|D1:False|D2:True|D3:True","H1:H1 rack picking and carton handoff:Transport to work bay:load=True:handoffs=0|H2:H2 cross-aisle carton transfer:Transport to work bay:load=True:handoffs=0|H3:H3 station scan and dispatch verification:Transport to work bay:load=False:handoffs=0|H4:H4 trolley supply transfer:Transport to work bay:load=True:handoffs=0|H5:Legitimate operation occupying S2 receiving bay:Transport to work bay:load=True:handoffs=0|F1:F1 inbound pallet replenishment:Transport to work bay:load=True:handoffs=0|F2:F2 outbound pallet dispatch:Return for next assignment:load=False:handoffs=1"
27.0428,9,58,251,-12.3000,0.0500,13.5000,104.8362,0.0000,0.0000,-12.3000,0.0000,13.5000,0.0500,7,"","","7.500:0.050:16.744|-4.200:0.050:2.330|11.385:0.050:-16.949|4.204:0.050:-1.870|7.501:0.050:7.681","0.000:0.000:0.000|0.000:0.000:0.656|0.000:0.000:0.000|-0.001:0.000:-0.656|0.000:0.000:0.000","-11.308:0.050:8.170|20.128:0.050:3.079","0.000:0.000:0.000|-0.015:0.000:-1.300",False,True,GoalReached,60.00,40.00,3.00,MultiAgentTraffic,"P1:True|P2:True|P3:True|D1:False|D2:True|D3:True","H1:H1 rack picking and carton handoff:Transport to work bay:load=True:handoffs=0|H2:H2 cross-aisle carton transfer:Transport to work bay:load=True:handoffs=0|H3:H3 station scan and dispatch verification:Transport to work bay:load=False:handoffs=0|H4:H4 trolley supply transfer:Transport to work bay:load=True:handoffs=0|H5:Legitimate operation occupying S2 receiving bay:Transport to work bay:load=True:handoffs=0|F1:F1 inbound pallet replenishment:Transport to work bay:load=True:handoffs=0|F2:F2 outbound pallet dispatch:Return for next assignment:load=False:handoffs=1"
27.1469,9,58,252,-12.3000,0.0500,13.5000,104.8362,0.0000,0.0000,-12.3000,0.0000,13.5000,0.0500,7,"","","7.500:0.050:16.744|-4.200:0.050:2.398|11.385:0.050:-16.949|4.204:0.050:-1.939|7.501:0.050:7.681","0.000:0.000:0.000|0.000:0.000:0.656|0.000:0.000:0.000|-0.001:0.000:-0.656|0.000:0.000:0.000","-11.308:0.050:8.170|20.126:0.050:2.944","0.000:0.000:0.000|-0.015:0.000:-1.300",False,True,GoalReached,60.00,40.00,3.00,MultiAgentTraffic,"P1:True|P2:True|P3:True|D1:False|D2:True|D3:True","H1:H1 rack picking and carton handoff:Transport to work bay:load=True:handoffs=0|H2:H2 cross-aisle carton transfer:Transport to work bay:load=True:handoffs=0|H3:H3 station scan and dispatch verification:Transport to work bay:load=False:handoffs=0|H4:H4 trolley supply transfer:Transport to work bay:load=True:handoffs=0|H5:Legitimate operation occupying S2 receiving bay:Transport to work bay:load=True:handoffs=0|F1:F1 inbound pallet replenishment:Transport to work bay:load=True:handoffs=0|F2:F2 outbound pallet dispatch:Return for next assignment:load=False:handoffs=1"
27.2572,9,58,253,-12.3000,0.0500,13.5000,104.8362,0.0000,0.0000,-12.3000,0.0000,13.5000,0.0500,7,"","","7.500:0.050:16.744|-4.200:0.050:2.470|11.385:0.050:-16.949|4.204:0.050:-2.011|7.501:0.050:7.681","0.000:0.000:0.000|0.000:0.000:0.656|0.000:0.000:0.000|-0.001:0.000:-0.656|0.000:0.000:0.000","-11.308:0.050:8.170|20.125:0.050:2.800","0.000:0.000:0.000|-0.015:0.000:-1.300",False,True,Idle,60.00,40.00,3.00,MultiAgentTraffic,"P1:True|P2:True|P3:True|D1:True|D2:True|D3:True","H1:H1 rack picking and carton handoff:Transport to work bay:load=True:handoffs=0|H2:H2 cross-aisle carton transfer:Transport to work bay:load=True:handoffs=0|H3:H3 station scan and dispatch verification:Return for next assignment:load=False:handoffs=0|H4:H4 trolley supply transfer:Transport to work bay:load=True:handoffs=0|H5:H5 rack inspection and replenishment:Transport to work bay:load=True:handoffs=0|F1:F1 inbound pallet replenishment:Transport to work bay:load=True:handoffs=0|F2:F2 outbound pallet dispatch:Return for next assignment:load=False:handoffs=1"
27.3583,9,58,254,-12.3000,0.0500,13.5000,104.8362,0.0000,0.0000,-12.3000,0.0000,13.5000,0.0500,7,"","","7.500:0.050:16.744|-4.200:0.050:2.537|11.385:0.050:-16.949|4.204:0.050:-2.077|7.501:0.050:7.681","0.000:0.000:0.000|0.000:0.000:0.656|0.000:0.000:0.000|-0.001:0.000:-0.656|0.000:0.000:0.000","-11.308:0.050:8.170|20.123:0.050:2.669","0.000:0.000:0.000|-0.015:0.000:-1.300",False,True,Idle,60.00,40.00,3.00,MultiAgentTraffic,"P1:True|P2:True|P3:True|D1:True|D2:True|D3:True","H1:H1 rack picking and carton handoff:Transport to work bay:load=True:handoffs=0|H2:H2 cross-aisle carton transfer:Transport to work bay:load=True:handoffs=0|H3:H3 station scan and dispatch verification:Return for next assignment:load=False:handoffs=0|H4:H4 trolley supply transfer:Transport to work bay:load=True:handoffs=0|H5:H5 rack inspection and replenishment:Transport to work bay:load=True:handoffs=0|F1:F1 inbound pallet replenishment:Transport to work bay:load=True:handoffs=0|F2:F2 outbound pallet dispatch:Return for next assignment:load=False:handoffs=1"
27.4652,9,58,255,-12.3000,0.0500,13.5000,104.8362,0.0000,0.0000,-12.3000,0.0000,13.5000,0.0500,7,"","","7.500:0.050:16.744|-4.200:0.050:2.607|11.385:0.050:-16.949|4.204:0.050:-2.148|7.501:0.050:7.681","0.000:0.000:0.000|0.000:0.000:0.656|0.000:0.000:0.000|-0.001:0.000:-0.656|0.000:0.000:0.000","-11.308:0.050:8.170|20.122:0.050:2.530","0.000:0.000:0.000|-0.015:0.000:-1.300",False,True,Idle,60.00,40.00,3.00,MultiAgentTraffic,"P1:True|P2:True|P3:True|D1:True|D2:True|D3:True","H1:H1 rack picking and carton handoff:Transport to work bay:load=True:handoffs=0|H2:H2 cross-aisle carton transfer:Transport to work bay:load=True:handoffs=0|H3:H3 station scan and dispatch verification:Return for next assignment:load=False:handoffs=0|H4:H4 trolley supply transfer:Transport to work bay:load=True:handoffs=0|H5:H5 rack inspection and replenishment:Transport to work bay:load=True:handoffs=0|F1:F1 inbound pallet replenishment:Transport to work bay:load=True:handoffs=0|F2:F2 outbound pallet dispatch:Return for next assignment:load=False:handoffs=1"
27.5699,9,58,256,-12.3000,0.0500,13.5000,104.8362,0.0000,0.0000,-12.3000,0.0000,13.5000,0.0500,7,"","","7.500:0.050:16.744|-4.200:0.050:2.675|11.385:0.050:-16.949|4.204:0.050:-2.216|7.501:0.050:7.681","0.000:0.000:0.000|0.000:0.000:0.656|0.000:0.000:0.000|-0.001:0.000:-0.656|0.000:0.000:0.000","-11.308:0.050:8.170|20.120:0.050:2.394","0.000:0.000:0.000|-0.015:0.000:-1.300",False,True,Idle,60.00,40.00,3.00,MultiAgentTraffic,"P1:True|P2:True|P3:True|D1:True|D2:True|D3:True","H1:H1 rack picking and carton handoff:Transport to work bay:load=True:handoffs=0|H2:H2 cross-aisle carton transfer:Transport to work bay:load=True:handoffs=0|H3:H3 station scan and dispatch verification:Return for next assignment:load=False:handoffs=0|H4:H4 trolley supply transfer:Transport to work bay:load=True:handoffs=0|H5:H5 rack inspection and replenishment:Transport to work bay:load=True:handoffs=0|F1:F1 inbound pallet replenishment:Transport to work bay:load=True:handoffs=0|F2:F2 outbound pallet dispatch:Return for next assignment:load=False:handoffs=1"
27.6765,9,58,257,-12.3000,0.0500,13.5000,104.8362,0.0000,0.0000,-12.3000,0.0000,13.5000,0.0500,7,"","","7.500:0.050:16.744|-4.200:0.050:2.745|11.385:0.050:-16.949|4.204:0.050:-2.286|7.501:0.050:7.681","0.000:0.000:0.000|0.000:0.000:0.656|0.000:0.000:0.000|-0.001:0.000:-0.656|0.000:0.000:0.000","-11.308:0.050:8.170|20.118:0.050:2.255","0.000:0.000:0.000|-0.015:0.000:-1.300",False,True,Idle,60.00,40.00,3.00,MultiAgentTraffic,"P1:True|P2:True|P3:True|D1:True|D2:True|D3:True","H1:H1 rack picking and carton handoff:Transport to work bay:load=True:handoffs=0|H2:H2 cross-aisle carton transfer:Transport to work bay:load=True:handoffs=0|H3:H3 station scan and dispatch verification:Return for next assignment:load=False:handoffs=0|H4:H4 trolley supply transfer:Transport to work bay:load=True:handoffs=0|H5:H5 rack inspection and replenishment:Transport to work bay:load=True:handoffs=0|F1:F1 inbound pallet replenishment:Transport to work bay:load=True:handoffs=0|F2:F2 outbound pallet dispatch:Return for next assignment:load=False:handoffs=1"
27.7820,9,58,258,-12.3000,0.0500,13.5000,104.8362,0.0000,0.0000,-12.3000,0.0000,13.5000,0.0500,7,"","","7.500:0.050:16.744|-4.200:0.050:2.815|11.385:0.050:-16.949|4.204:0.050:-2.355|7.501:0.050:7.681","0.000:0.000:0.000|0.000:0.000:0.656|0.000:0.000:0.000|-0.001:0.000:-0.656|0.000:0.000:0.000","-11.308:0.050:8.170|20.117:0.050:2.118","0.000:0.000:0.000|-0.015:0.000:-1.300",False,True,Idle,60.00,40.00,3.00,MultiAgentTraffic,"P1:True|P2:True|P3:True|D1:True|D2:True|D3:True","H1:H1 rack picking and carton handoff:Transport to work bay:load=True:handoffs=0|H2:H2 cross-aisle carton transfer:Transport to work bay:load=True:handoffs=0|H3:H3 station scan and dispatch verification:Return for next assignment:load=False:handoffs=0|H4:H4 trolley supply transfer:Transport to work bay:load=True:handoffs=0|H5:H5 rack inspection and replenishment:Transport to work bay:load=True:handoffs=0|F1:F1 inbound pallet replenishment:Transport to work bay:load=True:handoffs=0|F2:F2 outbound pallet dispatch:Return for next assignment:load=False:handoffs=1"
27.8883,9,58,259,-12.3000,0.0500,13.5000,104.8362,0.0000,0.0000,-12.3000,0.0000,13.5000,0.0500,7,"","","7.500:0.050:16.744|-4.200:0.050:2.884|11.385:0.050:-16.948|4.203:0.050:-2.425|7.501:0.050:7.681","0.000:0.000:0.000|0.000:0.000:0.656|0.000:0.000:0.000|-0.001:0.000:-0.656|0.000:0.000:0.000","-11.308:0.050:8.170|20.115:0.050:1.980","0.000:0.000:0.000|-0.015:0.000:-1.300",False,True,Idle,60.00,40.00,3.00,MultiAgentTraffic,"P1:True|P2:True|P3:True|D1:True|D2:True|D3:True","H1:H1 rack picking and carton handoff:Transport to work bay:load=True:handoffs=0|H2:H2 cross-aisle carton transfer:Transport to work bay:load=True:handoffs=0|H3:H3 station scan and dispatch verification:Return for next assignment:load=False:handoffs=0|H4:H4 trolley supply transfer:Transport to work bay:load=True:handoffs=0|H5:H5 rack inspection and replenishment:Transport to work bay:load=True:handoffs=0|F1:F1 inbound pallet replenishment:Transport to work bay:load=True:handoffs=0|F2:F2 outbound pallet dispatch:Return for next assignment:load=False:handoffs=1"
27.9915,9,58,260,-12.3000,0.0500,13.5000,104.8362,0.0000,0.0000,-12.3000,0.0000,13.5000,0.0500,7,"","","7.500:0.050:16.744|-4.200:0.050:2.952|11.385:0.050:-16.948|4.203:0.050:-2.493|7.501:0.050:7.681","0.000:0.000:0.000|0.000:0.000:0.656|0.000:0.000:0.000|-0.001:0.000:-0.656|0.000:0.000:0.000","-11.308:0.050:8.170|20.114:0.050:1.846","0.000:0.000:0.000|-0.015:0.000:-1.300",False,True,Idle,60.00,40.00,3.00,MultiAgentTraffic,"P1:True|P2:True|P3:True|D1:True|D2:True|D3:True","H1:H1 rack picking and carton handoff:Transport to work bay:load=True:handoffs=0|H2:H2 cross-aisle carton transfer:Transport to work bay:load=True:handoffs=0|H3:H3 station scan and dispatch verification:Return for next assignment:load=False:handoffs=0|H4:H4 trolley supply transfer:Transport to work bay:load=True:handoffs=0|H5:H5 rack inspection and replenishment:Transport to work bay:load=True:handoffs=0|F1:F1 inbound pallet replenishment:Transport to work bay:load=True:handoffs=0|F2:F2 outbound pallet dispatch:Return for next assignment:load=False:handoffs=1"
28.0936,9,58,261,-12.3000,0.0500,13.5000,104.8362,0.0000,0.0000,-12.3000,0.0000,13.5000,0.0500,7,"","","7.500:0.050:16.744|-4.200:0.050:3.019|11.395:0.050:-16.940|4.203:0.050:-2.560|7.500:0.050:7.678","0.000:0.000:0.000|0.000:0.000:0.656|0.162:0.000:0.128|-0.001:0.000:-0.656|0.000:0.000:0.000","-11.308:0.050:8.170|20.112:0.050:1.713","0.000:0.000:0.000|-0.015:0.000:-1.300",False,True,Idle,60.00,40.00,3.00,MultiAgentTraffic,"P1:True|P2:True|P3:True|D1:True|D2:True|D3:True","H1:H1 rack picking and carton handoff:Transport to work bay:load=True:handoffs=0|H2:H2 cross-aisle carton transfer:Transport to work bay:load=True:handoffs=0|H3:H3 station scan and dispatch verification:Return for next assignment:load=False:handoffs=0|H4:H4 trolley supply transfer:Transport to work bay:load=True:handoffs=0|H5:H5 rack inspection and replenishment:Transport to work bay:load=True:handoffs=0|F1:F1 inbound pallet replenishment:Transport to work bay:load=True:handoffs=0|F2:F2 outbound pallet dispatch:Return for next assignment:load=False:handoffs=1"
28.2024,9,58,262,-12.3000,0.0500,13.5000,104.8362,0.0000,0.0000,-12.3000,0.0000,13.5000,0.0500,7,"","","7.500:0.050:16.744|-4.200:0.050:3.090|11.419:0.050:-16.927|4.203:0.050:-2.631|7.502:0.050:7.644","0.000:0.000:0.000|0.000:0.000:0.656|0.273:0.000:0.105|-0.001:0.000:-0.656|0.030:0.000:-0.399","-11.308:0.050:8.170|20.111:0.050:1.572","0.000:0.000:0.000|-0.015:0.000:-1.300",False,True,Idle,60.00,40.00,3.00,MultiAgentTraffic,"P1:True|P2:True|P3:True|D1:True|D2:True|D3:True","H1:H1 rack picking and carton handoff:Transport to work bay:load=True:handoffs=0|H2:H2 cross-aisle carton transfer:Transport to work bay:load=True:handoffs=0|H3:H3 station scan and dispatch verification:Return for next assignment:load=False:handoffs=0|H4:H4 trolley supply transfer:Transport to work bay:load=True:handoffs=0|H5:H5 rack inspection and replenishment:Transport to work bay:load=True:handoffs=0|F1:F1 inbound pallet replenishment:Transport to work bay:load=True:handoffs=0|F2:F2 outbound pallet dispatch:Return for next assignment:load=False:handoffs=1"
28.3125,9,58,263,-12.3000,0.0500,13.5000,104.8362,0.0000,0.0000,-12.3000,0.0000,13.5000,0.0500,7,"","","7.500:0.050:16.744|-4.200:0.050:3.163|11.456:0.050:-16.919|4.203:0.050:-2.703|7.506:0.050:7.594","0.000:0.000:0.000|0.000:0.000:0.656|0.377:0.000:0.058|-0.001:0.000:-0.656|0.036:0.000:-0.487","-11.308:0.050:8.170|20.109:0.050:1.428","0.000:0.000:0.000|-0.015:0.000:-1.300",False,True,Idle,60.00,40.00,3.00,MultiAgentTraffic,"P1:True|P2:True|P3:True|D1:True|D2:True|D3:True","H1:H1 rack picking and carton handoff:Transport to work bay:load=True:handoffs=0|H2:H2 cross-aisle carton transfer:Transport to work bay:load=True:handoffs=0|H3:H3 station scan and dispatch verification:Return for next assignment:load=False:handoffs=0|H4:H4 trolley supply transfer:Transport to work bay:load=True:handoffs=0|H5:H5 rack inspection and replenishment:Transport to work bay:load=True:handoffs=0|F1:F1 inbound pallet replenishment:Transport to work bay:load=True:handoffs=0|F2:F2 outbound pallet dispatch:Return for next assignment:load=False:handoffs=1"
28.4264,9,58,264,-12.3000,0.0500,13.5000,104.8362,0.0000,0.0000,-12.3000,0.0000,13.5000,0.0500,7,"","","7.500:0.050:16.744|-4.200:0.050:3.237|11.505:0.050:-16.911|4.203:0.050:-2.778|7.510:0.050:7.533","0.000:0.000:0.000|0.000:0.000:0.656|0.467:0.000:0.071|-0.001:0.000:-0.656|0.043:0.000:-0.578","-11.308:0.050:8.170|20.107:0.050:1.280","0.000:0.000:0.000|-0.015:0.000:-1.300",False,True,Idle,60.00,40.00,3.00,MultiAgentTraffic,"P1:True|P2:True|P3:True|D1:True|D2:True|D3:True","H1:H1 rack picking and carton handoff:Transport to work bay:load=True:handoffs=0|H2:H2 cross-aisle carton transfer:Transport to work bay:load=True:handoffs=0|H3:H3 station scan and dispatch verification:Return for next assignment:load=False:handoffs=0|H4:H4 trolley supply transfer:Transport to work bay:load=True:handoffs=0|H5:H5 rack inspection and replenishment:Transport to work bay:load=True:handoffs=0|F1:F1 inbound pallet replenishment:Transport to work bay:load=True:handoffs=0|F2:F2 outbound pallet dispatch:Return for next assignment:load=False:handoffs=1"
28.5289,9,58,265,-12.3000,0.0500,13.5000,104.8362,0.0000,0.0000,-12.3000,0.0000,13.5000,0.0500,7,"","","7.500:0.050:16.744|-4.200:0.050:3.305|11.557:0.050:-16.903|4.203:0.050:-2.845|7.515:0.050:7.469","0.000:0.000:0.000|0.000:0.000:0.656|0.548:0.000:0.084|-0.001:0.000:-0.656|0.048:0.000:-0.654","-11.308:0.050:8.170|20.106:0.050:1.147","0.000:0.000:0.000|-0.015:0.000:-1.300",False,True,Idle,60.00,40.00,3.00,MultiAgentTraffic,"P1:True|P2:True|P3:True|D1:True|D2:True|D3:True","H1:H1 rack picking and carton handoff:Transport to work bay:load=True:handoffs=0|H2:H2 cross-aisle carton transfer:Transport to work bay:load=True:handoffs=0|H3:H3 station scan and dispatch verification:Return for next assignment:load=False:handoffs=0|H4:H4 trolley supply transfer:Transport to work bay:load=True:handoffs=0|H5:H5 rack inspection and replenishment:Transport to work bay:load=True:handoffs=0|F1:F1 inbound pallet replenishment:Transport to work bay:load=True:handoffs=0|F2:F2 outbound pallet dispatch:Return for next assignment:load=False:handoffs=1"
28.6322,9,58,266,-12.3000,0.0500,13.5000,104.8362,0.0000,0.0000,-12.3000,0.0000,13.5000,0.0500,7,"","","7.500:0.050:16.744|-4.200:0.050:3.372|11.619:0.050:-16.894|4.203:0.050:-2.913|7.520:0.050:7.401","0.000:0.000:0.000|0.000:0.000:0.656|0.629:0.000:0.096|-0.001:0.000:-0.656|0.048:0.000:-0.654","-11.308:0.050:8.170|20.104:0.050:1.013","0.000:0.000:0.000|-0.015:0.000:-1.300",False,True,Idle,60.00,40.00,3.00,MultiAgentTraffic,"P1:True|P2:True|P3:True|D1:True|D2:True|D3:True","H1:H1 rack picking and carton handoff:Transport to work bay:load=True:handoffs=0|H2:H2 cross-aisle carton transfer:Transport to work bay:load=True:handoffs=0|H3:H3 station scan and dispatch verification:Return for next assignment:load=False:handoffs=0|H4:H4 trolley supply transfer:Transport to work bay:load=True:handoffs=0|H5:H5 rack inspection and replenishment:Transport to work bay:load=True:handoffs=0|F1:F1 inbound pallet replenishment:Transport to work bay:load=True:handoffs=0|F2:F2 outbound pallet dispatch:Return for next assignment:load=False:handoffs=1"
28.7427,9,58,267,-12.3000,0.0500,13.5000,104.8362,0.0000,0.0000,-12.3000,0.0000,13.5000,0.0500,7,"","","7.500:0.050:16.744|-4.200:0.050:3.445|11.694:0.050:-16.882|4.202:0.050:-2.986|7.526:0.050:7.329","0.000:0.000:0.000|0.000:0.000:0.656|0.717:0.000:0.110|-0.001:0.000:-0.656|0.048:0.000:-0.654","-11.308:0.050:8.170|20.102:0.050:0.869","0.000:0.000:0.000|-0.015:0.000:-1.300",False,True,Idle,60.00,40.00,3.00,MultiAgentTraffic,"P1:True|P2:True|P3:True|D1:True|D2:True|D3:True","H1:H1 rack picking and carton handoff:Transport to work bay:load=True:handoffs=0|H2:H2 cross-aisle carton transfer:Transport to work bay:load=True:handoffs=0|H3:H3 station scan and dispatch verification:Return for next assignment:load=False:handoffs=0|H4:H4 trolley supply transfer:Transport to work bay:load=True:handoffs=0|H5:H5 rack inspection and replenishment:Transport to work bay:load=True:handoffs=0|F1:F1 inbound pallet replenishment:Transport to work bay:load=True:handoffs=0|F2:F2 outbound pallet dispatch:Return for next assignment:load=False:handoffs=1"
28.8517,9,58,268,-12.3000,0.0500,13.5000,104.8362,0.0000,0.0000,-12.3000,0.0000,13.5000,0.0500,7,"","","7.500:0.050:16.744|-4.200:0.050:3.516|11.777:0.050:-16.870|4.202:0.050:-3.057|7.531:0.050:7.258","0.000:0.000:0.000|0.000:0.000:0.656|0.791:0.000:0.121|-0.001:0.000:-0.656|0.048:0.000:-0.654","-11.308:0.050:8.170|20.101:0.050:0.728","0.000:0.000:0.000|-0.015:0.000:-1.300",False,True,Idle,60.00,40.00,3.00,MultiAgentTraffic,"P1:True|P2:True|P3:True|D1:True|D2:True|D3:True","H1:H1 rack picking and carton handoff:Transport to work bay:load=True:handoffs=0|H2:H2 cross-aisle carton transfer:Transport to work bay:load=True:handoffs=0|H3:H3 station scan and dispatch verification:Return for next assignment:load=False:handoffs=0|H4:H4 trolley supply transfer:Transport to work bay:load=True:handoffs=0|H5:H5 rack inspection and replenishment:Transport to work bay:load=True:handoffs=0|F1:F1 inbound pallet replenishment:Transport to work bay:load=True:handoffs=0|F2:F2 outbound pallet dispatch:Return for next assignment:load=False:handoffs=1"
28.9652,9,58,269,-12.3000,0.0500,13.5000,104.8362,0.0000,0.0000,-12.3000,0.0000,13.5000,0.0500,7,"","","7.500:0.050:16.744|-4.200:0.050:3.591|11.867:0.050:-16.856|4.202:0.050:-3.131|7.536:0.050:7.183","0.000:0.000:0.000|0.000:0.000:0.656|0.791:0.000:0.121|-0.001:0.000:-0.656|0.048:0.000:-0.654","-11.308:0.050:8.170|20.099:0.050:0.580","0.000:0.000:0.000|-0.015:0.000:-1.300",False,True,Idle,60.00,40.00,3.00,MultiAgentTraffic,"P1:True|P2:True|P3:True|D1:True|D2:True|D3:True","H1:H1 rack picking and carton handoff:Transport to work bay:load=True:handoffs=0|H2:H2 cross-aisle carton transfer:Transport to work bay:load=True:handoffs=0|H3:H3 station scan and dispatch verification:Return for next assignment:load=False:handoffs=0|H4:H4 trolley supply transfer:Transport to work bay:load=True:handoffs=0|H5:H5 rack inspection and replenishment:Transport to work bay:load=True:handoffs=0|F1:F1 inbound pallet replenishment:Transport to work bay:load=True:handoffs=0|F2:F2 outbound pallet dispatch:Return for next assignment:load=False:handoffs=1"
29.0783,9,58,270,-12.3000,0.0500,13.5000,104.8362,0.0000,0.0000,-12.3000,0.0000,13.5000,0.0500,7,"","","7.500:0.050:16.744|-4.200:0.050:3.665|11.956:0.050:-16.842|4.202:0.050:-3.206|7.542:0.050:7.109","0.000:0.000:0.000|0.000:0.000:0.656|0.791:0.000:0.121|-0.001:0.000:-0.656|0.048:0.000:-0.654","-11.308:0.050:8.170|20.097:0.050:0.433","0.000:0.000:0.000|-0.015:0.000:-1.300",False,True,Idle,60.00,40.00,3.00,MultiAgentTraffic,"P1:True|P2:True|P3:True|D1:True|D2:True|D3:True","H1:H1 rack picking and carton handoff:Transport to work bay:load=True:handoffs=0|H2:H2 cross-aisle carton transfer:Transport to work bay:load=True:handoffs=0|H3:H3 station scan and dispatch verification:Return for next assignment:load=False:handoffs=0|H4:H4 trolley supply transfer:Transport to work bay:load=True:handoffs=0|H5:H5 rack inspection and replenishment:Transport to work bay:load=True:handoffs=0|F1:F1 inbound pallet replenishment:Transport to work bay:load=True:handoffs=0|F2:F2 outbound pallet dispatch:Return for next assignment:load=False:handoffs=1"
29.1844,9,58,271,-12.3000,0.0500,13.5000,104.8362,0.0000,0.0000,-12.3000,0.0000,13.5000,0.0500,7,"","","7.500:0.050:16.744|-4.200:0.050:3.735|12.040:0.050:-16.829|4.202:0.050:-3.275|7.547:0.050:7.040","0.000:0.000:0.000|0.000:0.000:0.656|0.791:0.000:0.121|-0.001:0.000:-0.656|0.048:0.000:-0.654","-11.308:0.050:8.170|20.096:0.050:0.295","0.000:0.000:0.000|-0.015:0.000:-1.300",False,True,Idle,60.00,40.00,3.00,MultiAgentTraffic,"P1:True|P2:True|P3:True|D1:True|D2:True|D3:True","H1:H1 rack picking and carton handoff:Transport to work bay:load=True:handoffs=0|H2:H2 cross-aisle carton transfer:Transport to work bay:load=True:handoffs=0|H3:H3 station scan and dispatch verification:Return for next assignment:load=False:handoffs=0|H4:H4 trolley supply transfer:Transport to work bay:load=True:handoffs=0|H5:H5 rack inspection and replenishment:Transport to work bay:load=True:handoffs=0|F1:F1 inbound pallet replenishment:Transport to work bay:load=True:handoffs=0|F2:F2 outbound pallet dispatch:Return for next assignment:load=False:handoffs=1"
29.2988,9,58,272,-12.3000,0.0500,13.5000,104.8362,0.0000,0.0000,-12.3000,0.0000,13.5000,0.0500,7,"","","7.500:0.050:16.744|-4.200:0.050:3.810|12.131:0.050:-16.816|4.202:0.050:-3.350|7.552:0.050:6.965","0.000:0.000:0.000|0.000:0.000:0.656|0.791:0.000:0.121|-0.001:0.000:-0.656|0.048:0.000:-0.654","-11.308:0.050:8.170|20.094:0.050:0.146","0.000:0.000:0.000|-0.015:0.000:-1.300",False,True,Idle,60.00,40.00,3.00,MultiAgentTraffic,"P1:True|P2:True|P3:True|D1:True|D2:True|D3:True","H1:H1 rack picking and carton handoff:Transport to work bay:load=True:handoffs=0|H2:H2 cross-aisle carton transfer:Transport to work bay:load=True:handoffs=0|H3:H3 station scan and dispatch verification:Return for next assignment:load=False:handoffs=0|H4:H4 trolley supply transfer:Transport to work bay:load=True:handoffs=0|H5:H5 rack inspection and replenishment:Transport to work bay:load=True:handoffs=0|F1:F1 inbound pallet replenishment:Transport to work bay:load=True:handoffs=0|F2:F2 outbound pallet dispatch:Return for next assignment:load=False:handoffs=1"
29.4018,9,58,273,-12.3005,0.0500,13.5001,106.9323,0.0000,0.0000,-24.0000,0.0000,15.0000,11.7954,7,"","","7.500:0.050:16.744|-4.200:0.050:3.877|12.212:0.050:-16.803|4.202:0.050:-3.418|7.557:0.050:6.898","0.000:0.000:0.000|0.000:0.000:0.656|0.791:0.000:0.121|-0.001:0.000:-0.656|0.048:0.000:-0.654","-11.308:0.050:8.170|20.093:0.050:0.012","0.000:0.000:0.000|-0.015:0.000:-1.300",False,False,Moving,60.00,40.00,3.00,MultiAgentTraffic,"P1:True|P2:True|P3:True|D1:True|D2:True|D3:True","H1:H1 rack picking and carton handoff:Transport to work bay:load=True:handoffs=0|H2:H2 cross-aisle carton transfer:Transport to work bay:load=True:handoffs=0|H3:H3 station scan and dispatch verification:Return for next assignment:load=False:handoffs=0|H4:H4 trolley supply transfer:Transport to work bay:load=True:handoffs=0|H5:H5 rack inspection and replenishment:Transport to work bay:load=True:handoffs=0|F1:F1 inbound pallet replenishment:Transport to work bay:load=True:handoffs=0|F2:F2 outbound pallet dispatch:Return for next assignment:load=False:handoffs=1"
29.5041,9,58,274,-12.3093,0.0500,13.5012,116.1368,0.0826,63.7070,-24.0000,0.0000,15.0000,11.7865,7,"","","7.500:0.050:16.744|-4.200:0.050:3.944|12.293:0.050:-16.791|4.202:0.050:-3.485|7.562:0.050:6.831","0.000:0.000:0.000|0.000:0.000:0.656|0.791:0.000:0.121|-0.001:0.000:-0.656|0.048:0.000:-0.654","-11.308:0.050:8.170|20.091:0.050:-0.121","0.000:0.000:0.000|-0.015:0.000:-1.300",False,False,Moving,60.00,40.00,3.00,MultiAgentTraffic,"P1:True|P2:True|P3:True|D1:True|D2:True|D3:True","H1:H1 rack picking and carton handoff:Transport to work bay:load=True:handoffs=0|H2:H2 cross-aisle carton transfer:Transport to work bay:load=True:handoffs=0|H3:H3 station scan and dispatch verification:Return for next assignment:load=False:handoffs=0|H4:H4 trolley supply transfer:Transport to work bay:load=True:handoffs=0|H5:H5 rack inspection and replenishment:Transport to work bay:load=True:handoffs=0|F1:F1 inbound pallet replenishment:Transport to work bay:load=True:handoffs=0|F2:F2 outbound pallet dispatch:Return for next assignment:load=False:handoffs=1"
29.6079,9,58,275,-12.3290,0.0500,13.5037,125.4804,0.1465,59.1168,-24.0000,0.0000,15.0000,11.7667,7,"","","7.500:0.050:16.744|-4.200:0.050:4.012|12.375:0.050:-16.778|4.202:0.050:-3.553|7.567:0.050:6.763","0.000:0.000:0.000|0.000:0.000:0.656|0.791:0.000:0.121|-0.001:0.000:-0.656|0.048:0.000:-0.654","-11.308:0.050:8.170|20.089:0.050:-0.256","0.000:0.000:0.000|-0.015:0.000:-1.300",False,False,Moving,60.00,40.00,3.00,MultiAgentTraffic,"P1:True|P2:True|P3:True|D1:True|D2:True|D3:True","H1:H1 rack picking and carton handoff:Transport to work bay:load=True:handoffs=0|H2:H2 cross-aisle carton transfer:Transport to work bay:load=True:handoffs=0|H3:H3 station scan and dispatch verification:Return for next assignment:load=False:handoffs=0|H4:H4 trolley supply transfer:Transport to work bay:load=True:handoffs=0|H5:H5 rack inspection and replenishment:Transport to work bay:load=True:handoffs=0|F1:F1 inbound pallet replenishment:Transport to work bay:load=True:handoffs=0|F2:F2 outbound pallet dispatch:Return for next assignment:load=False:handoffs=1"
29.7130,9,58,276,-12.3598,0.0500,13.5077,134.9346,0.2495,69.3932,-24.0000,0.0000,15.0000,11.7356,7,"","","7.500:0.050:16.744|-4.200:0.050:4.081|12.458:0.050:-16.765|4.201:0.050:-3.622|7.572:0.050:6.694","0.000:0.000:0.000|0.000:0.000:0.656|0.791:0.000:0.121|-0.001:0.000:-0.656|0.048:0.000:-0.654","-11.308:0.050:8.170|20.088:0.050:-0.392","0.000:0.000:0.000|-0.015:0.000:-1.300",False,False,Moving,60.00,40.00,3.00,MultiAgentTraffic,"P1:True|P2:True|P3:True|D1:True|D2:True|D3:True","H1:H1 rack picking and carton handoff:Transport to work bay:load=True:handoffs=0|H2:H2 cross-aisle carton transfer:Transport to work bay:load=True:handoffs=0|H3:H3 station scan and dispatch verification:Return for next assignment:load=False:handoffs=0|H4:H4 trolley supply transfer:Transport to work bay:load=True:handoffs=0|H5:H5 rack inspection and replenishment:Transport to work bay:load=True:handoffs=0|F1:F1 inbound pallet replenishment:Transport to work bay:load=True:handoffs=0|F2:F2 outbound pallet dispatch:Return for next assignment:load=False:handoffs=1"
29.8141,9,58,277,-12.3998,0.0500,13.5128,144.0385,0.6484,138.8390,-24.0000,0.0000,15.0000,11.6953,7,"","","7.500:0.050:16.744|-4.200:0.050:4.148|12.538:0.050:-16.753|4.201:0.050:-3.688|7.577:0.050:6.628","0.000:0.000:0.000|0.000:0.000:0.656|0.791:0.000:0.121|-0.001:0.000:-0.656|0.048:0.000:-0.654","-11.308:0.050:8.170|20.086:0.050:-0.524","0.000:0.000:0.000|-0.015:0.000:-1.300",False,False,Moving,60.00,40.00,3.00,MultiAgentTraffic,"P1:True|P2:True|P3:True|D1:True|D2:True|D3:True","H1:H1 rack picking and carton handoff:Transport to work bay:load=True:handoffs=0|H2:H2 cross-aisle carton transfer:Transport to work bay:load=True:handoffs=0|H3:H3 station scan and dispatch verification:Return for next assignment:load=False:handoffs=0|H4:H4 trolley supply transfer:Transport to work bay:load=True:handoffs=0|H5:H5 rack inspection and replenishment:Transport to work bay:load=True:handoffs=0|F1:F1 inbound pallet replenishment:Transport to work bay:load=True:handoffs=0|F2:F2 outbound pallet dispatch:Return for next assignment:load=False:handoffs=1"
29.9153,9,58,278,-12.4499,0.0500,13.5192,153.1422,0.7521,129.8058,-24.0000,0.0000,15.0000,11.6447,7,"","","7.500:0.050:16.744|-4.200:0.050:4.214|12.618:0.050:-16.741|4.201:0.050:-3.755|7.582:0.050:6.562","0.000:0.000:0.000|0.000:0.000:0.656|0.791:0.000:0.121|-0.001:0.000:-0.656|0.048:0.000:-0.654","-11.308:0.050:8.170|20.085:0.050:-0.655","0.000:0.000:0.000|-0.015:0.000:-1.300",False,False,Moving,60.00,40.00,3.00,MultiAgentTraffic,"P1:True|P2:True|P3:True|D1:True|D2:True|D3:True","H1:H1 rack picking and carton handoff:Transport to work bay:load=True:handoffs=0|H2:H2 cross-aisle carton transfer:Transport to work bay:load=True:handoffs=0|H3:H3 station scan and dispatch verification:Return for next assignment:load=False:handoffs=0|H4:H4 trolley supply transfer:Transport to work bay:load=True:handoffs=0|H5:H5 rack inspection and replenishment:Transport to work bay:load=True:handoffs=0|F1:F1 inbound pallet replenishment:Transport to work bay:load=True:handoffs=0|F2:F2 outbound pallet dispatch:Return for next assignment:load=False:handoffs=1"
30.0157,9,58,279,-12.5098,0.0500,13.5269,162.1827,0.8796,127.0821,-24.0000,0.0000,15.0000,11.5843,7,"","","7.500:0.050:16.744|-4.200:0.050:4.280|12.698:0.050:-16.729|4.201:0.050:-3.821|7.587:0.050:6.496","0.000:0.000:0.000|0.000:0.000:0.656|0.791:0.000:0.121|-0.001:0.000:-0.656|0.048:0.000:-0.654","-11.308:0.050:8.170|20.083:0.050:-0.786","0.000:0.000:0.000|-0.015:0.000:-1.300",False,False,Moving,60.00,40.00,3.00,MultiAgentTraffic,"P1:True|P2:True|P3:True|D1:True|D2:True|D3:True","H1:H1 rack picking and carton handoff:Transport to work bay:load=True:handoffs=0|H2:H2 cross-aisle carton transfer:Transport to work bay:load=True:handoffs=0|H3:H3 station scan and dispatch verification:Return for next assignment:load=False:handoffs=0|H4:H4 trolley supply transfer:Transport to work bay:load=True:handoffs=0|H5:H5 rack inspection and replenishment:Transport to work bay:load=True:handoffs=0|F1:F1 inbound pallet replenishment:Transport to work bay:load=True:handoffs=0|F2:F2 outbound pallet dispatch:Return for next assignment:load=False:handoffs=1"
30.1296,9,58,280,-12.5898,0.0500,13.5372,172.4334,0.5327,64.4882,-24.0000,0.0000,15.0000,11.5037,7,"","","7.500:0.050:16.744|-4.200:0.050:4.355|12.788:0.050:-16.715|4.201:0.050:-3.895|7.593:0.050:6.421","0.000:0.000:0.000|0.000:0.000:0.656|0.791:0.000:0.121|-0.001:0.000:-0.656|0.048:0.000:-0.654","-11.308:0.050:8.170|20.082:0.050:-0.934","0.000:0.000:0.000|-0.015:0.000:-1.300",False,False,Moving,60.00,40.00,3.00,MultiAgentTraffic,"P1:True|P2:True|P3:True|D1:True|D2:True|D3:True","H1:H1 rack picking and carton handoff:Transport to work bay:load=True:handoffs=0|H2:H2 cross-aisle carton transfer:Transport to work bay:load=True:handoffs=0|H3:H3 station scan and dispatch verification:Return for next assignment:load=False:handoffs=0|H4:H4 trolley supply transfer:Transport to work bay:load=True:handoffs=0|H5:H5 rack inspection and replenishment:Transport to work bay:load=True:handoffs=0|F1:F1 inbound pallet replenishment:Transport to work bay:load=True:handoffs=0|F2:F2 outbound pallet dispatch:Return for next assignment:load=False:handoffs=1"
30.2316,9,58,281,-12.6723,0.0500,13.5477,181.6081,1.1693,125.3594,-24.0000,0.0000,15.0000,11.4205,7,"","","7.500:0.050:16.744|-4.200:0.050:4.421|12.868:0.050:-16.703|4.201:0.050:-3.962|7.598:0.050:6.355","0.000:0.000:0.000|0.000:0.000:0.656|0.791:0.000:0.121|-0.001:0.000:-0.656|0.048:0.000:-0.654","-11.308:0.050:8.170|20.080:0.050:-1.066","0.000:0.000:0.000|-0.015:0.000:-1.300",False,False,Moving,60.00,40.00,3.00,MultiAgentTraffic,"P1:True|P2:True|P3:True|D1:True|D2:True|D3:True","H1:H1 rack picking and carton handoff:Transport to work bay:load=True:handoffs=0|H2:H2 cross-aisle carton transfer:Transport to work bay:load=True:handoffs=0|H3:H3 station scan and dispatch verification:Return for next assignment:load=False:handoffs=0|H4:H4 trolley supply transfer:Transport to work bay:load=True:handoffs=0|H5:H5 rack inspection and replenishment:Transport to work bay:load=True:handoffs=0|F1:F1 inbound pallet replenishment:Transport to work bay:load=True:handoffs=0|F2:F2 outbound pallet dispatch:Return for next assignment:load=False:handoffs=1"
30.3348,9,58,282,-12.7662,0.0500,13.5598,190.8985,0.8055,77.5406,-24.0000,0.0000,15.0000,11.3259,7,"","","7.500:0.050:16.744|-4.200:0.050:4.489|12.950:0.050:-16.690|4.201:0.050:-4.030|7.603:0.050:6.287","0.000:0.000:0.000|0.000:0.000:0.656|0.791:0.000:0.121|-0.001:0.000:-0.656|0.048:0.000:-0.654","-11.308:0.050:8.170|20.079:0.050:-1.200","0.000:0.000:0.000|-0.015:0.000:-1.300",False,False,Moving,60.00,40.00,3.00,MultiAgentTraffic,"P1:True|P2:True|P3:True|D1:True|D2:True|D3:True","H1:H1 rack picking and carton handoff:Transport to work bay:load=True:handoffs=0|H2:H2 cross-aisle carton transfer:Transport to work bay:load=True:handoffs=0|H3:H3 station scan and dispatch verification:Return for next assignment:load=False:handoffs=0|H4:H4 trolley supply transfer:Transport to work bay:load=True:handoffs=0|H5:H5 rack inspection and replenishment:Transport to work bay:load=True:handoffs=0|F1:F1 inbound pallet replenishment:Transport to work bay:load=True:handoffs=0|F2:F2 outbound pallet dispatch:Return for next assignment:load=False:handoffs=1"
30.4390,9,58,283,-12.8718,0.0500,13.5733,200.2792,0.6943,60.1593,-24.0000,0.0000,15.0000,11.2194,7,"","","7.500:0.050:16.744|-4.200:0.050:4.558|13.032:0.050:-16.678|4.201:0.050:-4.098|7.608:0.050:6.219","0.000:0.000:0.000|0.000:0.000:0.656|0.791:0.000:0.121|-0.001:0.000:-0.656|0.048:0.000:-0.654","-11.308:0.050:8.170|20.077:0.050:-1.336","0.000:0.000:0.000|-0.015:0.000:-1.300",False,False,Moving,60.00,40.00,3.00,MultiAgentTraffic,"P1:True|P2:True|P3:True|D1:True|D2:True|D3:True","H1:H1 rack picking and carton handoff:Transport to work bay:load=True:handoffs=0|H2:H2 cross-aisle carton transfer:Transport to work bay:load=True:handoffs=0|H3:H3 station scan and dispatch verification:Return for next assignment:load=False:handoffs=0|H4:H4 trolley supply transfer:Transport to work bay:load=True:handoffs=0|H5:H5 rack inspection and replenishment:Transport to work bay:load=True:handoffs=0|F1:F1 inbound pallet replenishment:Transport to work bay:load=True:handoffs=0|F2:F2 outbound pallet dispatch:Return for next assignment:load=False:handoffs=1"
30.5434,9,58,284,-12.9884,0.0500,13.5883,209.6722,1.0132,79.1153,-24.0000,0.0000,15.0000,11.1018,7,"","","7.500:0.050:16.744|-4.200:0.050:4.626|13.115:0.050:-16.665|4.201:0.050:-4.167|7.613:0.050:6.151","0.000:0.000:0.000|0.000:0.000:0.656|0.791:0.000:0.121|-0.001:0.000:-0.656|0.048:0.000:-0.654","-11.308:0.050:8.170|20.075:0.050:-1.472","0.000:0.000:0.000|-0.015:0.000:-1.300",False,False,Moving,60.00,40.00,3.00,MultiAgentTraffic,"P1:True|P2:True|P3:True|D1:True|D2:True|D3:True","H1:H1 rack picking and carton handoff:Transport to work bay:load=True:handoffs=0|H2:H2 cross-aisle carton transfer:Transport to work bay:load=True:handoffs=0|H3:H3 station scan and dispatch verification:Return for next assignment:load=False:handoffs=0|H4:H4 trolley supply transfer:Transport to work bay:load=True:handoffs=0|H5:H5 rack inspection and replenishment:Transport to work bay:load=True:handoffs=0|F1:F1 inbound pallet replenishment:Transport to work bay:load=True:handoffs=0|F2:F2 outbound pallet dispatch:Return for next assignment:load=False:handoffs=1"
30.6462,9,58,285,-13.1139,0.0500,13.6044,218.9264,0.8239,58.7517,-24.0000,0.0000,15.0000,10.9753,7,"","","7.500:0.050:16.744|-4.200:0.050:4.694|13.196:0.050:-16.653|4.200:0.050:-4.225|7.618:0.050:6.084","0.000:0.000:0.000|0.000:0.000:0.656|0.791:0.000:0.121|0.000:0.000:0.000|0.048:0.000:-0.654","-11.308:0.050:8.170|20.074:0.050:-1.605","0.000:0.000:0.000|-0.015:0.000:-1.300",False,False,Moving,60.00,40.00,3.00,MultiAgentTraffic,"P1:True|P2:True|P3:True|D1:True|D2:True|D3:True","H1:H1 rack picking and carton handoff:Transport to work bay:load=True:handoffs=0|H2:H2 cross-aisle carton transfer:Transport to work bay:load=True:handoffs=0|H3:H3 station scan and dispatch verification:Return for next assignment:load=False:handoffs=0|H4:H4 trolley supply transfer:Unload / confirm hand-off:load=True:handoffs=1|H5:H5 rack inspection and replenishment:Transport to work bay:load=True:handoffs=0|F1:F1 inbound pallet replenishment:Transport to work bay:load=True:handoffs=0|F2:F2 outbound pallet dispatch:Return for next assignment:load=False:handoffs=1"
30.7589,9,58,286,-13.2634,0.0500,13.6235,229.0730,0.0000,0.0000,-24.0000,0.0000,15.0000,10.8246,7,"","","7.500:0.050:16.744|-4.200:0.050:4.767|13.285:0.050:-16.639|4.200:0.050:-4.225|7.623:0.050:6.010","0.000:0.000:0.000|0.000:0.000:0.656|0.791:0.000:0.121|0.000:0.000:0.000|0.048:0.000:-0.654","-11.308:0.050:8.170|20.072:0.050:-1.752","0.000:0.000:0.000|-0.015:0.000:-1.300",False,False,Moving,60.00,40.00,3.00,MultiAgentTraffic,"P1:True|P2:True|P3:True|D1:True|D2:True|D3:True","H1:H1 rack picking and carton handoff:Transport to work bay:load=True:handoffs=0|H2:H2 cross-aisle carton transfer:Transport to work bay:load=True:handoffs=0|H3:H3 station scan and dispatch verification:Return for next assignment:load=False:handoffs=0|H4:H4 trolley supply transfer:Unload / confirm hand-off:load=True:handoffs=1|H5:H5 rack inspection and replenishment:Transport to work bay:load=True:handoffs=0|F1:F1 inbound pallet replenishment:Transport to work bay:load=True:handoffs=0|F2:F2 outbound pallet dispatch:Return for next assignment:load=False:handoffs=1"
30.8706,9,58,287,-13.4241,0.0500,13.6441,239.1251,2.0547,125.0725,-24.0000,0.0000,15.0000,10.6626,7,"","","7.500:0.050:16.744|-4.200:0.050:4.841|13.374:0.050:-16.625|4.200:0.050:-4.225|7.628:0.050:5.937","0.000:0.000:0.000|0.000:0.000:0.656|0.791:0.000:0.121|0.000:0.000:0.000|0.048:0.000:-0.654","-11.308:0.050:8.170|20.070:0.050:-1.897","0.000:0.000:0.000|-0.015:0.000:-1.300",False,False,Moving,60.00,40.00,3.00,MultiAgentTraffic,"P1:True|P2:True|P3:True|D1:True|D2:True|D3:True","H1:H1 rack picking and carton handoff:Transport to work bay:load=True:handoffs=0|H2:H2 cross-aisle carton transfer:Transport to work bay:load=True:handoffs=0|H3:H3 station scan and dispatch verification:Return for next assignment:load=False:handoffs=0|H4:H4 trolley supply transfer:Unload / confirm hand-off:load=True:handoffs=1|H5:H5 rack inspection and replenishment:Transport to work bay:load=True:handoffs=0|F1:F1 inbound pallet replenishment:Transport to work bay:load=True:handoffs=0|F2:F2 outbound pallet dispatch:Return for next assignment:load=False:handoffs=1"
30.9775,9,58,288,-13.5831,0.0500,13.6645,248.1443,2.5071,135.3234,-24.0000,0.0000,15.0000,10.5023,7,"","","7.500:0.050:16.744|-4.200:0.050:4.911|13.458:0.050:-16.612|4.200:0.050:-4.225|7.634:0.050:5.867","0.000:0.000:0.000|0.000:0.000:0.656|0.791:0.000:0.121|0.000:0.000:0.000|0.048:0.000:-0.654","-11.308:0.050:8.170|20.069:0.050:-2.036","0.000:0.000:0.000|-0.015:0.000:-1.300",False,False,Moving,60.00,40.00,3.00,MultiAgentTraffic,"P1:True|P2:True|P3:True|D1:True|D2:True|D3:True","H1:H1 rack picking and carton handoff:Transport to work bay:load=True:handoffs=0|H2:H2 cross-aisle carton transfer:Transport to work bay:load=True:handoffs=0|H3:H3 station scan and dispatch verification:Return for next assignment:load=False:handoffs=0|H4:H4 trolley supply transfer:Unload / confirm hand-off:load=True:handoffs=1|H5:H5 rack inspection and replenishment:Transport to work bay:load=True:handoffs=0|F1:F1 inbound pallet replenishment:Transport to work bay:load=True:handoffs=0|F2:F2 outbound pallet dispatch:Return for next assignment:load=False:handoffs=1"
31.0922,9,58,289,-13.7536,0.0500,13.6864,255.5248,2.1472,85.7666,-24.0000,0.0000,15.0000,10.3304,7,"","","7.500:0.050:16.744|-4.200:0.050:4.986|13.549:0.050:-16.599|4.200:0.050:-4.225|7.639:0.050:5.792","0.000:0.000:0.000|0.000:0.000:0.656|0.791:0.000:0.121|0.000:0.000:0.000|0.048:0.000:-0.654","-11.308:0.050:8.170|20.067:0.050:-2.185","0.000:0.000:0.000|-0.015:0.000:-1.300",False,False,Moving,60.00,40.00,3.00,MultiAgentTraffic,"P1:True|P2:True|P3:True|D1:True|D2:True|D3:True","H1:H1 rack picking and carton handoff:Transport to work bay:load=True:handoffs=0|H2:H2 cross-aisle carton transfer:Transport to work bay:load=True:handoffs=0|H3:H3 station scan and dispatch verification:Return for next assignment:load=False:handoffs=0|H4:H4 trolley supply transfer:Unload / confirm hand-off:load=True:handoffs=1|H5:H5 rack inspection and replenishment:Transport to work bay:load=True:handoffs=0|F1:F1 inbound pallet replenishment:Transport to work bay:load=True:handoffs=0|F2:F2 outbound pallet dispatch:Return for next assignment:load=False:handoffs=1"
31.1937,9,58,290,-13.9047,0.0500,13.7057,260.4883,2.2809,70.0867,-24.0000,0.0000,15.0000,10.1780,7,"","","7.500:0.050:16.744|-4.200:0.050:5.053|13.629:0.050:-16.586|4.200:0.050:-4.225|7.644:0.050:5.725","0.000:0.000:0.000|0.000:0.000:0.656|0.791:0.000:0.121|0.000:0.000:0.000|0.048:0.000:-0.654","-11.308:0.050:8.170|20.066:0.050:-2.317","0.000:0.000:0.000|-0.015:0.000:-1.300",False,False,Moving,60.00,40.00,3.00,MultiAgentTraffic,"P1:True|P2:True|P3:True|D1:True|D2:True|D3:True","H1:H1 rack picking and carton handoff:Transport to work bay:load=True:handoffs=0|H2:H2 cross-aisle carton transfer:Transport to work bay:load=True:handoffs=0|H3:H3 station scan and dispatch verification:Return for next assignment:load=False:handoffs=0|H4:H4 trolley supply transfer:Unload / confirm hand-off:load=True:handoffs=1|H5:H5 rack inspection and replenishment:Transport to work bay:load=True:handoffs=0|F1:F1 inbound pallet replenishment:Transport to work bay:load=True:handoffs=0|F2:F2 outbound pallet dispatch:Return for next assignment:load=False:handoffs=1"
31.2962,9,58,291,-14.0572,0.0500,13.7253,264.3531,1.0156,24.3363,-24.0000,0.0000,15.0000,10.0243,7,"","","7.500:0.050:16.744|-4.200:0.050:5.120|13.710:0.050:-16.574|4.200:0.050:-4.225|7.649:0.050:5.658","0.000:0.000:0.000|0.000:0.000:0.656|0.791:0.000:0.121|0.000:0.000:0.000|0.048:0.000:-0.654","-11.308:0.050:8.170|20.064:0.050:-2.450","0.000:0.000:0.000|-0.015:0.000:-1.300",False,False,Moving,60.00,40.00,3.00,MultiAgentTraffic,"P1:True|P2:True|P3:True|D1:True|D2:True|D3:True","H1:H1 rack picking and carton handoff:Transport to work bay:load=True:handoffs=0|H2:H2 cross-aisle carton transfer:Transport to work bay:load=True:handoffs=0|H3:H3 station scan and dispatch verification:Return for next assignment:load=False:handoffs=0|H4:H4 trolley supply transfer:Unload / confirm hand-off:load=True:handoffs=1|H5:H5 rack inspection and replenishment:Transport to work bay:load=True:handoffs=0|F1:F1 inbound pallet replenishment:Transport to work bay:load=True:handoffs=0|F2:F2 outbound pallet dispatch:Return for next assignment:load=False:handoffs=1"
31.4038,9,58,292,-14.2174,0.0500,13.7458,267.4638,0.9933,17.4378,-24.0000,0.0000,15.0000,9.8628,7,"","","7.500:0.050:16.744|-4.200:0.050:5.191|13.795:0.050:-16.561|4.200:0.050:-4.225|7.654:0.050:5.588","0.000:0.000:0.000|0.000:0.000:0.656|0.791:0.000:0.121|0.000:0.000:0.000|0.048:0.000:-0.654","-11.308:0.050:8.170|20.062:0.050:-2.590","0.000:0.000:0.000|-0.015:0.000:-1.300",False,False,Moving,60.00,40.00,3.00,MultiAgentTraffic,"P1:True|P2:True|P3:True|D1:True|D2:True|D3:True","H1:H1 rack picking and carton handoff:Transport to work bay:load=True:handoffs=0|H2:H2 cross-aisle carton transfer:Transport to work bay:load=True:handoffs=0|H3:H3 station scan and dispatch verification:Return for next assignment:load=False:handoffs=0|H4:H4 trolley supply transfer:Unload / confirm hand-off:load=True:handoffs=1|H5:H5 rack inspection and replenishment:Transport to work bay:load=True:handoffs=0|F1:F1 inbound pallet replenishment:Transport to work bay:load=True:handoffs=0|F2:F2 outbound pallet dispatch:Return for next assignment:load=False:handoffs=1"
31.5084,9,58,293,-14.3730,0.0500,13.7658,269.7666,1.1577,15.7486,-24.0000,0.0000,15.0000,9.7059,7,"","","7.500:0.050:16.744|-4.200:0.050:5.259|13.878:0.050:-16.548|4.200:0.050:-4.225|7.659:0.050:5.519","0.000:0.000:0.000|0.000:0.000:0.656|0.791:0.000:0.121|0.000:0.000:0.000|0.048:0.000:-0.654","-11.308:0.050:8.170|20.061:0.050:-2.726","0.000:0.000:0.000|-0.015:0.000:-1.300",False,False,Moving,60.00,40.00,3.00,MultiAgentTraffic,"P1:True|P2:True|P3:True|D1:True|D2:True|D3:True","H1:H1 rack picking and carton handoff:Transport to work bay:load=True:handoffs=0|H2:H2 cross-aisle carton transfer:Transport to work bay:load=True:handoffs=0|H3:H3 station scan and dispatch verification:Return for next assignment:load=False:handoffs=0|H4:H4 trolley supply transfer:Unload / confirm hand-off:load=True:handoffs=1|H5:H5 rack inspection and replenishment:Transport to work bay:load=True:handoffs=0|F1:F1 inbound pallet replenishment:Transport to work bay:load=True:handoffs=0|F2:F2 outbound pallet dispatch:Return for next assignment:load=False:handoffs=1"
31.6106,9,58,294,-14.5250,0.0500,13.7853,271.4938,2.1948,23.2575,-24.0000,0.0000,15.0000,9.5527,7,"","","7.500:0.050:16.744|-4.200:0.050:5.326|13.959:0.050:-16.536|4.200:0.050:-4.225|7.664:0.050:5.453","0.000:0.000:0.000|0.000:0.000:0.656|0.791:0.000:0.121|0.000:0.000:0.000|0.048:0.000:-0.654","-11.308:0.050:8.170|20.059:0.050:-2.859","0.000:0.000:0.000|-0.015:0.000:-1.300",False,False,Moving,60.00,40.00,3.00,MultiAgentTraffic,"P1:True|P2:True|P3:True|D1:True|D2:True|D3:True","H1:H1 rack picking and carton handoff:Transport to work bay:load=True:handoffs=0|H2:H2 cross-aisle carton transfer:Transport to work bay:load=True:handoffs=0|H3:H3 station scan and dispatch verification:Return for next assignment:load=False:handoffs=0|H4:H4 trolley supply transfer:Unload / confirm hand-off:load=True:handoffs=1|H5:H5 rack inspection and replenishment:Transport to work bay:load=True:handoffs=0|F1:F1 inbound pallet replenishment:Transport to work bay:load=True:handoffs=0|F2:F2 outbound pallet dispatch:Return for next assignment:load=False:handoffs=1"
31.7107,9,58,295,-14.6740,0.0500,13.8044,272.8015,2.1738,17.8620,-24.0000,0.0000,15.0000,9.4025,7,"","","7.500:0.050:16.744|-4.200:0.050:5.392|14.038:0.050:-16.524|4.200:0.050:-4.225|7.669:0.050:5.387","0.000:0.000:0.000|0.000:0.000:0.656|0.791:0.000:0.121|0.000:0.000:0.000|0.048:0.000:-0.654","-11.308:0.050:8.170|20.058:0.050:-2.989","0.000:0.000:0.000|-0.015:0.000:-1.300",False,False,Moving,60.00,40.00,3.00,MultiAgentTraffic,"P1:True|P2:True|P3:True|D1:True|D2:True|D3:True","H1:H1 rack picking and carton handoff:Transport to work bay:load=True:handoffs=0|H2:H2 cross-aisle carton transfer:Transport to work bay:load=True:handoffs=0|H3:H3 station scan and dispatch verification:Return for next assignment:load=False:handoffs=0|H4:H4 trolley supply transfer:Unload / confirm hand-off:load=True:handoffs=1|H5:H5 rack inspection and replenishment:Transport to work bay:load=True:handoffs=0|F1:F1 inbound pallet replenishment:Transport to work bay:load=True:handoffs=0|F2:F2 outbound pallet dispatch:Return for next assignment:load=False:handoffs=1"
31.8139,9,58,296,-14.8275,0.0500,13.8240,273.8430,2.1107,13.3072,-24.0000,0.0000,15.0000,9.2477,7,"","","7.500:0.050:16.744|-4.200:0.050:5.460|14.120:0.050:-16.511|4.200:0.050:-4.225|7.674:0.050:5.320","0.000:0.000:0.000|0.000:0.000:0.656|0.791:0.000:0.121|0.000:0.000:0.000|0.048:0.000:-0.654","-11.308:0.050:8.170|20.056:0.050:-3.123","0.000:0.000:0.000|-0.015:0.000:-1.300",False,False,Moving,60.00,40.00,3.00,MultiAgentTraffic,"P1:True|P2:True|P3:True|D1:True|D2:True|D3:True","H1:H1 rack picking and carton handoff:Transport to work bay:load=True:handoffs=0|H2:H2 cross-aisle carton transfer:Transport to work bay:load=True:handoffs=0|H3:H3 station scan and dispatch verification:Return for next assignment:load=False:handoffs=0|H4:H4 trolley supply transfer:Unload / confirm hand-off:load=True:handoffs=1|H5:H5 rack inspection and replenishment:Transport to work bay:load=True:handoffs=0|F1:F1 inbound pallet replenishment:Transport to work bay:load=True:handoffs=0|F2:F2 outbound pallet dispatch:Return for next assignment:load=False:handoffs=1"
31.9247,9,58,297,-14.9923,0.0500,13.8452,274.6933,0.9955,4.6478,-24.0000,0.0000,15.0000,9.0816,7,"","","7.500:0.050:16.744|-4.200:0.050:5.532|14.207:0.050:-16.498|4.200:0.050:-4.225|7.679:0.050:5.247","0.000:0.000:0.000|0.000:0.000:0.656|0.791:0.000:0.121|0.000:0.000:0.000|0.048:0.000:-0.654","-11.308:0.050:8.170|20.055:0.050:-3.267","0.000:0.000:0.000|-0.015:0.000:-1.300",False,False,Moving,60.00,40.00,3.00,MultiAgentTraffic,"P1:True|P2:True|P3:True|D1:True|D2:True|D3:True","H1:H1 rack picking and carton handoff:Transport to work bay:load=True:handoffs=0|H2:H2 cross-aisle carton transfer:Transport to work bay:load=True:handoffs=0|H3:H3 station scan and dispatch verification:Return for next assignment:load=False:handoffs=0|H4:H4 trolley supply transfer:Unload / confirm hand-off:load=True:handoffs=1|H5:H5 rack inspection and replenishment:Transport to work bay:load=True:handoffs=0|F1:F1 inbound pallet replenishment:Transport to work bay:load=True:handoffs=0|F2:F2 outbound pallet dispatch:Return for next assignment:load=False:handoffs=1"
32.0388,9,58,298,-15.1621,0.0500,13.8669,275.3521,0.9842,3.5614,-24.0000,0.0000,15.0000,8.9104,7,"","","7.500:0.050:16.744|-4.200:0.050:5.607|14.298:0.050:-16.484|4.200:0.050:-4.225|7.685:0.050:5.172","0.000:0.000:0.000|0.000:0.000:0.656|0.791:0.000:0.121|0.000:0.000:0.000|0.048:0.000:-0.654","-11.308:0.050:8.170|20.053:0.050:-3.416","0.000:0.000:0.000|-0.015:0.000:-1.300",False,False,Moving,60.00,40.00,3.00,MultiAgentTraffic,"P1:True|P2:True|P3:True|D1:True|D2:True|D3:True","H1:H1 rack picking and carton handoff:Transport to work bay:load=True:handoffs=0|H2:H2 cross-aisle carton transfer:Transport to work bay:load=True:handoffs=0|H3:H3 station scan and dispatch verification:Return for next assignment:load=False:handoffs=0|H4:H4 trolley supply transfer:Unload / confirm hand-off:load=True:handoffs=1|H5:H5 rack inspection and replenishment:Transport to work bay:load=True:handoffs=0|F1:F1 inbound pallet replenishment:Transport to work bay:load=True:handoffs=0|F2:F2 outbound pallet dispatch:Return for next assignment:load=False:handoffs=1"
32.1411,9,58,299,-15.3143,0.0500,13.8865,275.8000,0.9846,2.7603,-24.0000,0.0000,15.0000,8.7570,7,"","","7.500:0.050:16.744|-4.200:0.050:5.674|14.378:0.050:-16.472|4.200:0.050:-4.225|7.690:0.050:5.106","0.000:0.000:0.000|0.000:0.000:0.656|0.791:0.000:0.121|0.000:0.000:0.000|0.048:0.000:-0.654","-11.308:0.050:8.170|20.051:0.050:-3.548","0.000:0.000:0.000|-0.015:0.000:-1.300",False,False,Moving,60.00,40.00,3.00,MultiAgentTraffic,"P1:True|P2:True|P3:True|D1:True|D2:True|D3:True","H1:H1 rack picking and carton handoff:Transport to work bay:load=True:handoffs=0|H2:H2 cross-aisle carton transfer:Transport to work bay:load=True:handoffs=0|H3:H3 station scan and dispatch verification:Return for next assignment:load=False:handoffs=0|H4:H4 trolley supply transfer:Unload / confirm hand-off:load=True:handoffs=1|H5:H5 rack inspection and replenishment:Transport to work bay:load=True:handoffs=0|F1:F1 inbound pallet replenishment:Transport to work bay:load=True:handoffs=0|F2:F2 outbound pallet dispatch:Return for next assignment:load=False:handoffs=1"
32.2501,9,58,300,-15.4765,0.0500,13.9072,276.1656,2.0181,4.1824,-24.0000,0.0000,15.0000,8.5935,7,"","","7.500:0.050:16.744|-4.200:0.050:5.746|14.465:0.050:-16.459|4.200:0.050:-4.225|7.695:0.050:5.034","0.000:0.000:0.000|0.000:0.000:0.656|0.791:0.000:0.121|0.000:0.000:0.000|0.048:0.000:-0.654","-11.308:0.050:8.170|20.050:0.050:-3.690","0.000:0.000:0.000|-0.015:0.000:-1.300",False,False,Moving,60.00,40.00,3.00,MultiAgentTraffic,"P1:True|P2:True|P3:True|D1:True|D2:True|D3:True","H1:H1 rack picking and carton handoff:Transport to work bay:load=True:handoffs=0|H2:H2 cross-aisle carton transfer:Transport to work bay:load=True:handoffs=0|H3:H3 station scan and dispatch verification:Return for next assignment:load=False:handoffs=0|H4:H4 trolley supply transfer:Unload / confirm hand-off:load=True:handoffs=1|H5:H5 rack inspection and replenishment:Transport to work bay:load=True:handoffs=0|F1:F1 inbound pallet replenishment:Transport to work bay:load=True:handoffs=0|F2:F2 outbound pallet dispatch:Return for next assignment:load=False:handoffs=1"
32.3562,9,58,301,-15.6344,0.0500,13.9275,276.4359,2.3523,3.7674,-24.0000,0.0000,15.0000,8.4342,7,"","","7.500:0.050:16.744|-4.200:0.050:5.815|14.549:0.050:-16.446|4.200:0.050:-4.225|7.700:0.050:4.965","0.000:0.000:0.000|0.000:0.000:0.656|0.791:0.000:0.121|0.000:0.000:0.000|0.048:0.000:-0.654","-11.308:0.050:8.170|20.048:0.050:-3.828","0.000:0.000:0.000|-0.015:0.000:-1.300",False,False,Moving,60.00,40.00,3.00,MultiAgentTraffic,"P1:True|P2:True|P3:True|D1:True|D2:True|D3:True","H1:H1 rack picking and carton handoff:Transport to work bay:load=True:handoffs=0|H2:H2 cross-aisle carton transfer:Transport to work bay:load=True:handoffs=0|H3:H3 station scan and dispatch verification:Return for next assignment:load=False:handoffs=0|H4:H4 trolley supply transfer:Unload / confirm hand-off:load=True:handoffs=1|H5:H5 rack inspection and replenishment:Transport to work bay:load=True:handoffs=0|F1:F1 inbound pallet replenishment:Transport to work bay:load=True:handoffs=0|F2:F2 outbound pallet dispatch:Return for next assignment:load=False:handoffs=1"
32.4664,9,58,302,-15.7982,0.0500,13.9485,276.6491,1.0297,1.2085,-24.0000,0.0000,15.0000,8.2690,7,"","","7.500:0.050:16.744|-4.200:0.050:5.888|14.636:0.050:-16.432|4.200:0.050:-4.225|7.706:0.050:4.893","0.000:0.000:0.000|0.000:0.000:0.656|0.791:0.000:0.121|0.000:0.000:0.000|0.048:0.000:-0.654","-11.308:0.050:8.170|20.047:0.050:-3.971","0.000:0.000:0.000|-0.015:0.000:-1.300",False,False,Moving,60.00,40.00,3.00,MultiAgentTraffic,"P1:True|P2:True|P3:True|D1:True|D2:True|D3:True","H1:H1 rack picking and carton handoff:Transport to work bay:load=True:handoffs=0|H2:H2 cross-aisle carton transfer:Transport to work bay:load=True:handoffs=0|H3:H3 station scan and dispatch verification:Return for next assignment:load=False:handoffs=0|H4:H4 trolley supply transfer:Return for next assignment:load=False:handoffs=1|H5:H5 rack inspection and replenishment:Transport to work bay:load=True:handoffs=0|F1:F1 inbound pallet replenishment:Transport to work bay:load=True:handoffs=0|F2:F2 outbound pallet dispatch:Return for next assignment:load=False:handoffs=1"
32.5707,9,58,303,-15.9535,0.0500,13.9684,276.8024,2.2308,2.0477,-24.0000,0.0000,15.0000,8.1125,7,"","","7.500:0.050:16.744|-4.200:0.050:5.956|14.718:0.050:-16.420|4.200:0.050:-4.225|7.711:0.050:4.824","0.000:0.000:0.000|0.000:0.000:0.656|0.791:0.000:0.121|0.000:0.000:0.000|0.048:0.000:-0.654","-11.308:0.050:8.170|20.045:0.050:-4.107","0.000:0.000:0.000|-0.015:0.000:-1.300",False,False,Moving,60.00,40.00,3.00,MultiAgentTraffic,"P1:True|P2:True|P3:True|D1:True|D2:True|D3:True","H1:H1 rack picking and carton handoff:Transport to work bay:load=True:handoffs=0|H2:H2 cross-aisle carton transfer:Transport to work bay:load=True:handoffs=0|H3:H3 station scan and dispatch verification:Return for next assignment:load=False:handoffs=0|H4:H4 trolley supply transfer:Return for next assignment:load=False:handoffs=1|H5:H5 rack inspection and replenishment:Transport to work bay:load=True:handoffs=0|F1:F1 inbound pallet replenishment:Transport to work bay:load=True:handoffs=0|F2:F2 outbound pallet dispatch:Return for next assignment:load=False:handoffs=1"
32.6725,9,58,304,-16.1049,0.0500,13.9878,276.9177,2.0269,1.4374,-24.0000,0.0000,15.0000,7.9599,7,"","","7.500:0.050:16.744|-4.200:0.050:6.023|14.799:0.050:-16.407|4.200:0.050:-4.225|7.716:0.050:4.758","0.000:0.000:0.000|0.000:0.000:0.656|0.791:0.000:0.121|0.000:0.000:0.000|0.048:0.000:-0.654","-11.308:0.050:8.170|20.043:0.050:-4.239","0.000:0.000:0.000|-0.015:0.000:-1.300",False,False,Moving,60.00,40.00,3.00,MultiAgentTraffic,"P1:True|P2:True|P3:True|D1:True|D2:True|D3:True","H1:H1 rack picking and carton handoff:Transport to work bay:load=True:handoffs=0|H2:H2 cross-aisle carton transfer:Transport to work bay:load=True:handoffs=0|H3:H3 station scan and dispatch verification:Return for next assignment:load=False:handoffs=0|H4:H4 trolley supply transfer:Return for next assignment:load=False:handoffs=1|H5:H5 rack inspection and replenishment:Transport to work bay:load=True:handoffs=0|F1:F1 inbound pallet replenishment:Transport to work bay:load=True:handoffs=0|F2:F2 outbound pallet dispatch:Return for next assignment:load=False:handoffs=1"
32.7762,9,58,305,-16.2593,0.0500,14.0076,277.0079,1.0586,0.5875,-24.0000,0.0000,15.0000,7.8043,7,"","","7.500:0.050:16.744|-4.200:0.050:6.091|14.881:0.050:-16.395|4.200:0.050:-4.225|7.721:0.050:4.690","0.000:0.000:0.000|0.000:0.000:0.656|0.791:0.000:0.121|0.000:0.000:0.000|0.048:0.000:-0.654","-11.308:0.050:8.170|20.042:0.050:-4.374","0.000:0.000:0.000|-0.015:0.000:-1.300",False,False,Moving,60.00,40.00,3.00,MultiAgentTraffic,"P1:True|P2:True|P3:True|D1:True|D2:True|D3:True","H1:H1 rack picking and carton handoff:Transport to work bay:load=True:handoffs=0|H2:H2 cross-aisle carton transfer:Transport to work bay:load=True:handoffs=0|H3:H3 station scan and dispatch verification:Return for next assignment:load=False:handoffs=0|H4:H4 trolley supply transfer:Return for next assignment:load=False:handoffs=1|H5:H5 rack inspection and replenishment:Transport to work bay:load=True:handoffs=0|F1:F1 inbound pallet replenishment:Transport to work bay:load=True:handoffs=0|F2:F2 outbound pallet dispatch:Return for next assignment:load=False:handoffs=1"
32.8784,9,58,306,-16.4113,0.0500,14.0271,277.0761,1.0348,0.4410,-24.0000,0.0000,15.0000,7.6510,7,"","","7.500:0.050:16.744|-4.200:0.050:6.158|14.962:0.050:-16.383|4.200:0.050:-4.225|7.726:0.050:4.623","0.000:0.000:0.000|0.000:0.000:0.656|0.791:0.000:0.121|0.000:0.000:0.000|0.048:0.000:-0.654","-11.308:0.050:8.170|20.040:0.050:-4.507","0.000:0.000:0.000|-0.015:0.000:-1.300",False,False,Moving,60.00,40.00,3.00,MultiAgentTraffic,"P1:True|P2:True|P3:True|D1:True|D2:True|D3:True","H1:H1 rack picking and carton handoff:Transport to work bay:load=True:handoffs=0|H2:H2 cross-aisle carton transfer:Transport to work bay:load=True:handoffs=0|H3:H3 station scan and dispatch verification:Return for next assignment:load=False:handoffs=0|H4:H4 trolley supply transfer:Return for next assignment:load=False:handoffs=1|H5:H5 rack inspection and replenishment:Transport to work bay:load=True:handoffs=0|F1:F1 inbound pallet replenishment:Transport to work bay:load=True:handoffs=0|F2:F2 outbound pallet dispatch:Return for next assignment:load=False:handoffs=1"
32.9821,9,58,307,-16.5655,0.0500,14.0469,277.1295,1.1951,0.3799,-24.0000,0.0000,15.0000,7.4955,7,"","","7.500:0.050:16.744|-4.200:0.050:6.226|15.044:0.050:-16.370|4.200:0.050:-4.225|7.731:0.050:4.555","0.000:0.000:0.000|0.000:0.000:0.656|0.791:0.000:0.121|0.000:0.000:0.000|0.048:0.000:-0.654","-11.308:0.050:8.170|20.039:0.050:-4.642","0.000:0.000:0.000|-0.015:0.000:-1.300",False,False,Moving,60.00,40.00,3.00,MultiAgentTraffic,"P1:True|P2:True|P3:True|D1:True|D2:True|D3:True","H1:H1 rack picking and carton handoff:Transport to work bay:load=True:handoffs=0|H2:H2 cross-aisle carton transfer:Transport to work bay:load=True:handoffs=0|H3:H3 station scan and dispatch verification:Return for next assignment:load=False:handoffs=0|H4:H4 trolley supply transfer:Return for next assignment:load=False:handoffs=1|H5:H5 rack inspection and replenishment:Transport to work bay:load=True:handoffs=0|F1:F1 inbound pallet replenishment:Transport to work bay:load=True:handoffs=0|F2:F2 outbound pallet dispatch:Return for next assignment:load=False:handoffs=1"
33.0866,9,58,308,-16.7211,0.0500,14.0668,277.1707,1.1000,0.2655,-24.0000,0.0000,15.0000,7.3387,7,"","","7.500:0.050:16.744|-4.200:0.050:6.294|15.126:0.050:-16.357|4.200:0.050:-4.225|7.736:0.050:4.487","0.000:0.000:0.000|0.000:0.000:0.656|0.791:0.000:0.121|0.000:0.000:0.000|0.048:0.000:-0.654","-11.308:0.050:8.170|20.037:0.050:-4.778","0.000:0.000:0.000|-0.015:0.000:-1.300",False,False,Moving,60.00,40.00,3.00,MultiAgentTraffic,"P1:True|P2:True|P3:True|D1:True|D2:True|D3:True","H1:H1 rack picking and carton handoff:Transport to work bay:load=True:handoffs=0|H2:H2 cross-aisle carton transfer:Transport to work bay:load=True:handoffs=0|H3:H3 station scan and dispatch verification:Return for next assignment:load=False:handoffs=0|H4:H4 trolley supply transfer:Return for next assignment:load=False:handoffs=1|H5:H5 rack inspection and replenishment:Transport to work bay:load=True:handoffs=0|F1:F1 inbound pallet replenishment:Transport to work bay:load=True:handoffs=0|F2:F2 outbound pallet dispatch:Return for next assignment:load=False:handoffs=1"
33.1910,9,58,309,-16.8763,0.0500,14.0867,277.2022,1.0726,0.1999,-24.0000,0.0000,15.0000,7.1822,7,"","","7.500:0.050:16.744|-4.200:0.050:6.363|15.209:0.050:-16.345|4.198:0.050:-4.224|7.741:0.050:4.419","0.000:0.000:0.000|0.000:0.000:0.656|0.791:0.000:0.121|-0.048:0.000:0.028|0.048:0.000:-0.654","-11.308:0.050:8.170|20.036:0.050:-4.913","0.000:0.000:0.000|-0.015:0.000:-1.300",False,False,Moving,60.00,40.00,3.00,MultiAgentTraffic,"P1:True|P2:True|P3:True|D1:True|D2:True|D3:True","H1:H1 rack picking and carton handoff:Transport to work bay:load=True:handoffs=0|H2:H2 cross-aisle carton transfer:Transport to work bay:load=True:handoffs=0|H3:H3 station scan and dispatch verification:Return for next assignment:load=False:handoffs=0|H4:H4 trolley supply transfer:Return for next assignment:load=False:handoffs=1|H5:H5 rack inspection and replenishment:Transport to work bay:load=True:handoffs=0|F1:F1 inbound pallet replenishment:Transport to work bay:load=True:handoffs=0|F2:F2 outbound pallet dispatch:Return for next assignment:load=False:handoffs=1"
33.2992,9,58,310,-17.0373,0.0500,14.1074,277.2272,1.1194,0.1648,-24.0000,0.0000,15.0000,7.0198,7,"","","7.500:0.050:16.744|-4.200:0.050:6.434|15.294:0.050:-16.332|4.190:0.050:-4.217|7.746:0.050:4.348","0.000:0.000:0.000|0.000:0.000:0.656|0.791:0.000:0.121|-0.096:0.000:0.106|0.048:0.000:-0.654","-11.308:0.050:8.170|20.034:0.050:-5.054","0.000:0.000:0.000|-0.015:0.000:-1.300",False,False,Moving,60.00,40.00,3.00,MultiAgentTraffic,"P1:True|P2:True|P3:True|D1:True|D2:True|D3:True","H1:H1 rack picking and carton handoff:Transport to work bay:load=True:handoffs=0|H2:H2 cross-aisle carton transfer:Transport to work bay:load=True:handoffs=0|H3:H3 station scan and dispatch verification:Return for next assignment:load=False:handoffs=0|H4:H4 trolley supply transfer:Return for next assignment:load=False:handoffs=1|H5:H5 rack inspection and replenishment:Transport to work bay:load=True:handoffs=0|F1:F1 inbound pallet replenishment:Transport to work bay:load=True:handoffs=0|F2:F2 outbound pallet dispatch:Return for next assignment:load=False:handoffs=1"
33.4113,9,58,311,-17.2041,0.0500,14.1287,277.2467,1.1939,0.1266,-24.0000,0.0000,15.0000,6.8517,7,"","","7.500:0.050:16.744|-4.200:0.050:6.507|15.383:0.050:-16.318|4.179:0.050:-4.198|7.751:0.050:4.275","0.000:0.000:0.000|0.000:0.000:0.656|0.791:0.000:0.121|-0.096:0.000:0.212|0.048:0.000:-0.654","-11.308:0.050:8.170|20.032:0.050:-5.200","0.000:0.000:0.000|-0.015:0.000:-1.300",False,False,Moving,60.00,40.00,3.00,MultiAgentTraffic,"P1:True|P2:True|P3:True|D1:True|D2:True|D3:True","H1:H1 rack picking and carton handoff:Transport to work bay:load=True:handoffs=0|H2:H2 cross-aisle carton transfer:Transport to work bay:load=True:handoffs=0|H3:H3 station scan and dispatch verification:Return for next assignment:load=False:handoffs=0|H4:H4 trolley supply transfer:Return for next assignment:load=False:handoffs=1|H5:H5 rack inspection and replenishment:Transport to work bay:load=True:handoffs=0|F1:F1 inbound pallet replenishment:Transport to work bay:load=True:handoffs=0|F2:F2 outbound pallet dispatch:Return for next assignment:load=False:handoffs=1"
33.5188,9,58,312,-17.3640,0.0500,14.1492,277.2610,1.1065,0.0916,-24.0000,0.0000,15.0000,6.6905,7,"","","7.500:0.050:16.744|-4.200:0.050:6.578|15.468:0.050:-16.305|4.171:0.050:-4.169|7.757:0.050:4.204","0.000:0.000:0.000|0.000:0.000:0.656|0.791:0.000:0.121|-0.040:0.000:0.316|0.048:0.000:-0.654","-11.308:0.050:8.170|20.031:0.050:-5.339","0.000:0.000:0.000|-0.015:0.000:-1.300",False,False,Moving,60.00,40.00,3.00,MultiAgentTraffic,"P1:True|P2:True|P3:True|D1:True|D2:True|D3:True","H1:H1 rack picking and carton handoff:Transport to work bay:load=True:handoffs=0|H2:H2 cross-aisle carton transfer:Transport to work bay:load=True:handoffs=0|H3:H3 station scan and dispatch verification:Return for next assignment:load=False:handoffs=0|H4:H4 trolley supply transfer:Return for next assignment:load=False:handoffs=1|H5:H5 rack inspection and replenishment:Transport to work bay:load=True:handoffs=0|F1:F1 inbound pallet replenishment:Transport to work bay:load=True:handoffs=0|F2:F2 outbound pallet dispatch:Return for next assignment:load=False:handoffs=1"
33.6250,9,58,313,-17.5220,0.0500,14.1695,277.2716,1.1365,0.0702,-24.0000,0.0000,15.0000,6.5312,7,"","","7.500:0.050:16.744|-4.200:0.050:6.648|15.552:0.050:-16.292|4.171:0.050:-4.130|7.762:0.050:4.135","0.000:0.000:0.000|0.000:0.000:0.656|0.791:0.000:0.121|0.001:0.000:0.403|0.048:0.000:-0.654","-11.308:0.050:8.170|20.029:0.050:-5.477","0.000:0.000:0.000|-0.015:0.000:-1.300",False,False,Moving,60.00,40.00,3.00,MultiAgentTraffic,"P1:True|P2:True|P3:True|D1:True|D2:True|D3:True","H1:H1 rack picking and carton handoff:Transport to work bay:load=True:handoffs=0|H2:H2 cross-aisle carton transfer:Transport to work bay:load=True:handoffs=0|H3:H3 station scan and dispatch verification:Return for next assignment:load=False:handoffs=0|H4:H4 trolley supply transfer:Return for next assignment:load=False:handoffs=1|H5:H5 rack inspection and replenishment:Transport to work bay:load=True:handoffs=0|F1:F1 inbound pallet replenishment:Transport to work bay:load=True:handoffs=0|F2:F2 outbound pallet dispatch:Return for next assignment:load=False:handoffs=1"
33.7281,9,58,314,-17.6755,0.0500,14.1892,277.2795,1.2292,0.0580,-24.0000,0.0000,15.0000,6.3765,7,"","","7.500:0.050:16.744|-4.200:0.050:6.715|15.633:0.050:-16.280|4.171:0.050:-4.083|7.767:0.050:4.067","0.000:0.000:0.000|0.000:0.000:0.656|0.791:0.000:0.121|0.001:0.000:0.486|0.048:0.000:-0.654","-11.308:0.050:8.170|20.028:0.050:-5.611","0.000:0.000:0.000|-0.015:0.000:-1.300",False,False,Moving,60.00,40.00,3.00,MultiAgentTraffic,"P1:True|P2:True|P3:True|D1:True|D2:True|D3:True","H1:H1 rack picking and carton handoff:Transport to work bay:load=True:handoffs=0|H2:H2 cross-aisle carton transfer:Transport to work bay:load=True:handoffs=0|H3:H3 station scan and dispatch verification:Return for next assignment:load=False:handoffs=0|H4:H4 trolley supply transfer:Return for next assignment:load=False:handoffs=1|H5:H5 rack inspection and replenishment:Transport to work bay:load=True:handoffs=0|F1:F1 inbound pallet replenishment:Transport to work bay:load=True:handoffs=0|F2:F2 outbound pallet dispatch:Return for next assignment:load=False:handoffs=1"
33.8408,9,58,315,-17.8431,0.0500,14.2107,277.2860,1.0482,0.0381,-24.0000,0.0000,15.0000,6.2075,7,"","","7.500:0.050:16.744|-4.200:0.050:6.789|15.723:0.050:-16.266|4.171:0.050:-4.023|7.772:0.050:3.994","0.000:0.000:0.000|0.000:0.000:0.656|0.791:0.000:0.121|0.001:0.000:0.576|0.048:0.000:-0.654","-11.308:0.050:8.170|20.026:0.050:-5.758","0.000:0.000:0.000|-0.015:0.000:-1.300",False,False,Moving,60.00,40.00,3.00,MultiAgentTraffic,"P1:True|P2:True|P3:True|D1:True|D2:True|D3:True","H1:H1 rack picking and carton handoff:Transport to work bay:load=True:handoffs=0|H2:H2 cross-aisle carton transfer:Transport to work bay:load=True:handoffs=0|H3:H3 station scan and dispatch verification:Return for next assignment:load=False:handoffs=0|H4:H4 trolley supply transfer:Return for next assignment:load=False:handoffs=1|H5:H5 rack inspection and replenishment:Transport to work bay:load=True:handoffs=0|F1:F1 inbound pallet replenishment:Transport to work bay:load=True:handoffs=0|F2:F2 outbound pallet dispatch:Return for next assignment:load=False:handoffs=1"
33.9466,9,58,316,-18.0005,0.0500,14.2308,277.2907,1.1293,0.0305,-24.0000,0.0000,15.0000,6.0488,7,"","","7.500:0.050:16.744|-4.200:0.050:6.859|15.806:0.050:-16.253|4.171:0.050:-3.957|7.777:0.050:3.924","0.000:0.000:0.000|0.000:0.000:0.656|0.791:0.000:0.121|0.001:0.000:0.661|0.048:0.000:-0.654","-11.308:0.050:8.170|20.024:0.050:-5.895","0.000:0.000:0.000|-0.015:0.000:-1.300",False,False,Moving,60.00,40.00,3.00,MultiAgentTraffic,"P1:True|P2:True|P3:True|D1:True|D2:True|D3:True","H1:H1 rack picking and carton handoff:Transport to work bay:load=True:handoffs=0|H2:H2 cross-aisle carton transfer:Transport to work bay:load=True:handoffs=0|H3:H3 station scan and dispatch verification:Return for next assignment:load=False:handoffs=0|H4:H4 trolley supply transfer:Return for next assignment:load=False:handoffs=1|H5:H5 rack inspection and replenishment:Transport to work bay:load=True:handoffs=0|F1:F1 inbound pallet replenishment:Transport to work bay:load=True:handoffs=0|F2:F2 outbound pallet dispatch:Return for next assignment:load=False:handoffs=1"
34.0589,9,58,317,-18.1677,0.0500,14.2523,277.2944,1.0902,0.0229,-24.0000,0.0000,15.0000,5.8803,7,"","","7.500:0.050:16.744|-4.200:0.050:6.932|15.895:0.050:-16.240|4.171:0.050:-3.877|7.783:0.050:3.851","0.000:0.000:0.000|0.000:0.000:0.656|0.791:0.000:0.121|0.001:0.000:0.750|0.048:0.000:-0.654","-11.308:0.050:8.170|20.023:0.050:-6.042","0.000:0.000:0.000|-0.015:0.000:-1.300",False,False,Moving,60.00,40.00,3.00,MultiAgentTraffic,"P1:True|P2:True|P3:True|D1:True|D2:True|D3:True","H1:H1 rack picking and carton handoff:Transport to work bay:load=True:handoffs=0|H2:H2 cross-aisle carton transfer:Transport to work bay:load=True:handoffs=0|H3:H3 station scan and dispatch verification:Return for next assignment:load=False:handoffs=0|H4:H4 trolley supply transfer:Return for next assignment:load=False:handoffs=1|H5:H5 rack inspection and replenishment:Transport to work bay:load=True:handoffs=0|F1:F1 inbound pallet replenishment:Transport to work bay:load=True:handoffs=0|F2:F2 outbound pallet dispatch:Return for next assignment:load=False:handoffs=1"
34.1635,9,58,318,-18.3233,0.0500,14.2722,277.2971,1.2020,0.0198,-24.0000,0.0000,15.0000,5.7234,7,"","","7.500:0.050:16.744|-4.200:0.050:7.001|15.978:0.050:-16.227|4.171:0.050:-3.794|7.788:0.050:3.782","0.000:0.000:0.000|0.000:0.000:0.656|0.791:0.000:0.121|0.001:0.000:0.800|0.048:0.000:-0.654","-11.308:0.050:8.170|20.021:0.050:-6.178","0.000:0.000:0.000|-0.015:0.000:-1.300",False,False,Moving,60.00,40.00,3.00,MultiAgentTraffic,"P1:True|P2:True|P3:True|D1:True|D2:True|D3:True","H1:H1 rack picking and carton handoff:Transport to work bay:load=True:handoffs=0|H2:H2 cross-aisle carton transfer:Transport to work bay:load=True:handoffs=0|H3:H3 station scan and dispatch verification:Return for next assignment:load=False:handoffs=0|H4:H4 trolley supply transfer:Return for next assignment:load=False:handoffs=1|H5:H5 rack inspection and replenishment:Transport to work bay:load=True:handoffs=0|F1:F1 inbound pallet replenishment:Transport to work bay:load=True:handoffs=0|F2:F2 outbound pallet dispatch:Return for next assignment:load=False:handoffs=1"
34.2639,9,58,319,-18.4727,0.0500,14.2914,277.2990,1.0570,0.0122,-24.0000,0.0000,15.0000,5.5728,7,"","","7.500:0.050:16.744|-4.200:0.050:7.067|16.057:0.050:-16.215|4.171:0.050:-3.714|7.793:0.050:3.717","0.000:0.000:0.000|0.000:0.000:0.656|0.791:0.000:0.121|0.001:0.000:0.800|0.048:0.000:-0.654","-11.308:0.050:8.170|20.020:0.050:-6.308","0.000:0.000:0.000|-0.015:0.000:-1.300",False,False,Moving,60.00,40.00,3.00,MultiAgentTraffic,"P1:True|P2:True|P3:True|D1:True|D2:True|D3:True","H1:H1 rack picking and carton handoff:Transport to work bay:load=True:handoffs=0|H2:H2 cross-aisle carton transfer:Transport to work bay:load=True:handoffs=0|H3:H3 station scan and dispatch verification:Return for next assignment:load=False:handoffs=0|H4:H4 trolley supply transfer:Return for next assignment:load=False:handoffs=1|H5:H5 rack inspection and replenishment:Transport to work bay:load=True:handoffs=0|F1:F1 inbound pallet replenishment:Transport to work bay:load=True:handoffs=0|F2:F2 outbound pallet dispatch:Return for next assignment:load=False:handoffs=1"
34.3771,9,58,320,-18.6410,0.0500,14.3130,277.3007,1.0568,0.0092,-24.0000,0.0000,15.0000,5.4031,7,"","","7.500:0.050:16.744|-4.200:0.050:7.141|16.147:0.050:-16.201|4.171:0.050:-3.623|7.798:0.050:3.643","0.000:0.000:0.000|0.000:0.000:0.656|0.791:0.000:0.121|0.001:0.000:0.800|0.048:0.000:-0.654","-11.308:0.050:8.170|20.018:0.050:-6.455","0.000:0.000:0.000|-0.015:0.000:-1.300",False,False,Moving,60.00,40.00,3.00,MultiAgentTraffic,"P1:True|P2:True|P3:True|D1:True|D2:True|D3:True","H1:H1 rack picking and carton handoff:Transport to work bay:load=True:handoffs=0|H2:H2 cross-aisle carton transfer:Transport to work bay:load=True:handoffs=0|H3:H3 station scan and dispatch verification:Return for next assignment:load=False:handoffs=0|H4:H4 trolley supply transfer:Return for next assignment:load=False:handoffs=1|H5:H5 rack inspection and replenishment:Transport to work bay:load=True:handoffs=0|F1:F1 inbound pallet replenishment:Transport to work bay:load=True:handoffs=0|F2:F2 outbound pallet dispatch:Return for next assignment:load=False:handoffs=1"
34.4868,9,58,321,-18.8043,0.0500,14.3339,277.3019,0.0000,0.0000,-24.0000,0.0000,15.0000,5.2385,7,"","","7.500:0.050:16.744|-4.200:0.050:7.213|16.233:0.050:-16.188|4.172:0.050:-3.536|7.803:0.050:3.571","0.000:0.000:0.000|0.000:0.000:0.656|0.791:0.000:0.121|0.001:0.000:0.800|0.048:0.000:-0.654","-11.308:0.050:8.170|20.016:0.050:-6.598","0.000:0.000:0.000|-0.015:0.000:-1.300",False,False,Moving,60.00,40.00,3.00,MultiAgentTraffic,"P1:True|P2:True|P3:True|D1:True|D2:True|D3:True","H1:H1 rack picking and carton handoff:Transport to work bay:load=True:handoffs=0|H2:H2 cross-aisle carton transfer:Transport to work bay:load=True:handoffs=0|H3:H3 station scan and dispatch verification:Return for next assignment:load=False:handoffs=0|H4:H4 trolley supply transfer:Return for next assignment:load=False:handoffs=1|H5:H5 rack inspection and replenishment:Transport to work bay:load=True:handoffs=0|F1:F1 inbound pallet replenishment:Transport to work bay:load=True:handoffs=0|F2:F2 outbound pallet dispatch:Return for next assignment:load=False:handoffs=1"
34.5872,9,58,322,-18.9537,0.0500,14.3530,277.3028,1.0028,0.0061,-24.0000,0.0000,15.0000,5.0879,7,"","","7.500:0.050:16.744|-4.200:0.050:7.279|16.313:0.050:-16.176|4.172:0.050:-3.455|7.808:0.050:3.505","0.000:0.000:0.000|0.000:0.000:0.656|0.791:0.000:0.121|0.001:0.000:0.800|0.048:0.000:-0.654","-11.308:0.050:8.170|20.015:0.050:-6.728","0.000:0.000:0.000|-0.015:0.000:-1.300",False,False,Moving,60.00,40.00,3.00,MultiAgentTraffic,"P1:True|P2:True|P3:True|D1:True|D2:True|D3:True","H1:H1 rack picking and carton handoff:Transport to work bay:load=True:handoffs=0|H2:H2 cross-aisle carton transfer:Transport to work bay:load=True:handoffs=0|H3:H3 station scan and dispatch verification:Return for next assignment:load=False:handoffs=0|H4:H4 trolley supply transfer:Return for next assignment:load=False:handoffs=1|H5:H5 rack inspection and replenishment:Transport to work bay:load=True:handoffs=0|F1:F1 inbound pallet replenishment:Transport to work bay:load=True:handoffs=0|F2:F2 outbound pallet dispatch:Return for next assignment:load=False:handoffs=1"
34.6919,9,58,323,-19.1094,0.0500,14.3730,277.3035,2.1601,0.0092,-24.0000,0.0000,15.0000,4.9309,7,"","","7.500:0.050:16.744|-4.200:0.050:7.347|16.396:0.050:-16.163|4.172:0.050:-3.372|7.813:0.050:3.437","0.000:0.000:0.000|0.000:0.000:0.656|0.791:0.000:0.121|0.001:0.000:0.800|0.048:0.000:-0.654","-11.308:0.050:8.170|20.013:0.050:-6.864","0.000:0.000:0.000|-0.015:0.000:-1.300",False,False,Moving,60.00,40.00,3.00,MultiAgentTraffic,"P1:True|P2:True|P3:True|D1:True|D2:True|D3:True","H1:H1 rack picking and carton handoff:Transport to work bay:load=True:handoffs=0|H2:H2 cross-aisle carton transfer:Transport to work bay:load=True:handoffs=0|H3:H3 station scan and dispatch verification:Return for next assignment:load=False:handoffs=0|H4:H4 trolley supply transfer:Return for next assignment:load=False:handoffs=1|H5:H5 rack inspection and replenishment:Transport to work bay:load=True:handoffs=0|F1:F1 inbound pallet replenishment:Transport to work bay:load=True:handoffs=0|F2:F2 outbound pallet dispatch:Return for next assignment:load=False:handoffs=1"
34.8014,9,58,324,-19.2723,0.0500,14.3939,277.3040,0.9824,0.0031,-24.0000,0.0000,15.0000,4.7667,7,"","","7.500:0.050:16.744|-4.200:0.050:7.419|16.482:0.050:-16.150|4.172:0.050:-3.284|7.819:0.050:3.365","0.000:0.000:0.000|0.000:0.000:0.656|0.791:0.000:0.121|0.001:0.000:0.800|0.048:0.000:-0.654","-11.308:0.050:8.170|20.011:0.050:-7.007","0.000:0.000:0.000|-0.015:0.000:-1.300",False,False,Moving,60.00,40.00,3.00,MultiAgentTraffic,"P1:True|P2:True|P3:True|D1:True|D2:True|D3:True","H1:H1 rack picking and carton handoff:Transport to work bay:load=True:handoffs=0|H2:H2 cross-aisle carton transfer:Transport to work bay:load=True:handoffs=0|H3:H3 station scan and dispatch verification:Return for next assignment:load=False:handoffs=0|H4:H4 trolley supply transfer:Return for next assignment:load=False:handoffs=1|H5:H5 rack inspection and replenishment:Transport to work bay:load=True:handoffs=0|F1:F1 inbound pallet replenishment:Transport to work bay:load=True:handoffs=0|F2:F2 outbound pallet dispatch:Return for next assignment:load=False:handoffs=1"
34.9128,9,58,325,-19.4380,0.0500,14.4151,277.3045,2.2641,0.0046,-24.0000,0.0000,15.0000,4.5996,7,"","","7.500:0.050:16.744|-4.200:0.050:7.492|16.570:0.050:-16.136|4.172:0.050:-3.195|7.824:0.050:3.292","0.000:0.000:0.000|0.000:0.000:0.656|0.791:0.000:0.121|0.001:0.000:0.800|0.048:0.000:-0.654","-11.308:0.050:8.170|20.010:0.050:-7.151","0.000:0.000:0.000|-0.015:0.000:-1.300",False,False,Moving,60.00,40.00,3.00,MultiAgentTraffic,"P1:True|P2:True|P3:True|D1:True|D2:True|D3:True","H1:H1 rack picking and carton handoff:Transport to work bay:load=True:handoffs=0|H2:H2 cross-aisle carton transfer:Transport to work bay:load=True:handoffs=0|H3:H3 station scan and dispatch verification:Return for next assignment:load=False:handoffs=0|H4:H4 trolley supply transfer:Return for next assignment:load=False:handoffs=1|H5:H5 rack inspection and replenishment:Transport to work bay:load=True:handoffs=0|F1:F1 inbound pallet replenishment:Transport to work bay:load=True:handoffs=0|F2:F2 outbound pallet dispatch:Return for next assignment:load=False:handoffs=1"
35.0239,9,58,326,-19.6033,0.0500,14.4363,277.3048,0.9830,0.0015,-24.0000,0.0000,15.0000,4.4329,7,"","","7.500:0.050:16.744|-4.200:0.050:7.565|16.658:0.050:-16.123|4.172:0.050:-3.106|7.829:0.050:3.220","0.000:0.000:0.000|0.000:0.000:0.656|0.791:0.000:0.121|0.001:0.000:0.800|0.048:0.000:-0.654","-11.308:0.050:8.170|20.008:0.050:-7.296","0.000:0.000:0.000|-0.015:0.000:-1.300",False,False,Moving,60.00,40.00,3.00,MultiAgentTraffic,"P1:True|P2:True|P3:True|D1:True|D2:True|D3:True","H1:H1 rack picking and carton handoff:Transport to work bay:load=True:handoffs=0|H2:H2 cross-aisle carton transfer:Transport to work bay:load=True:handoffs=0|H3:H3 station scan and dispatch verification:Return for next assignment:load=False:handoffs=0|H4:H4 trolley supply transfer:Return for next assignment:load=False:handoffs=1|H5:H5 rack inspection and replenishment:Transport to work bay:load=True:handoffs=0|F1:F1 inbound pallet replenishment:Transport to work bay:load=True:handoffs=0|F2:F2 outbound pallet dispatch:Return for next assignment:load=False:handoffs=1"
35.1267,9,58,327,-19.7563,0.0500,14.4559,277.3050,1.0659,0.0015,-24.0000,0.0000,15.0000,4.2787,7,"","","7.500:0.050:16.744|-4.200:0.050:7.633|16.739:0.050:-16.111|4.172:0.050:-3.024|7.834:0.050:3.152","0.000:0.000:0.000|0.000:0.000:0.656|0.791:0.000:0.121|0.001:0.000:0.800|0.048:0.000:-0.654","-11.308:0.050:8.170|20.007:0.050:-7.429","0.000:0.000:0.000|-0.015:0.000:-1.300",False,False,Moving,60.00,40.00,3.00,MultiAgentTraffic,"P1:True|P2:True|P3:True|D1:True|D2:True|D3:True","H1:H1 rack picking and carton handoff:Transport to work bay:load=True:handoffs=0|H2:H2 cross-aisle carton transfer:Transport to work bay:load=True:handoffs=0|H3:H3 station scan and dispatch verification:Return for next assignment:load=False:handoffs=0|H4:H4 trolley supply transfer:Return for next assignment:load=False:handoffs=1|H5:H5 rack inspection and replenishment:Transport to work bay:load=True:handoffs=0|F1:F1 inbound pallet replenishment:Transport to work bay:load=True:handoffs=0|F2:F2 outbound pallet dispatch:Return for next assignment:load=False:handoffs=1"
35.2387,9,58,328,-19.9229,0.0500,14.4773,277.3052,0.9814,0.0015,-24.0000,0.0000,15.0000,4.1108,7,"","","7.500:0.050:16.744|-4.200:0.050:7.706|16.828:0.050:-16.097|4.173:0.050:-2.934|7.840:0.050:3.079","0.000:0.000:0.000|0.000:0.000:0.656|0.791:0.000:0.121|0.001:0.000:0.800|0.048:0.000:-0.654","-11.308:0.050:8.170|20.005:0.050:-7.575","0.000:0.000:0.000|-0.015:0.000:-1.300",False,False,Moving,60.00,40.00,3.00,MultiAgentTraffic,"P1:True|P2:True|P3:True|D1:True|D2:True|D3:True","H1:H1 rack picking and carton handoff:Transport to work bay:load=True:handoffs=0|H2:H2 cross-aisle carton transfer:Transport to work bay:load=True:handoffs=0|H3:H3 station scan and dispatch verification:Return for next assignment:load=False:handoffs=0|H4:H4 trolley supply transfer:Return for next assignment:load=False:handoffs=1|H5:H5 rack inspection and replenishment:Transport to work bay:load=True:handoffs=0|F1:F1 inbound pallet replenishment:Transport to work bay:load=True:handoffs=0|F2:F2 outbound pallet dispatch:Return for next assignment:load=False:handoffs=1"
35.3415,9,58,329,-20.0759,0.0500,14.4969,277.3053,1.0671,0.0015,-24.0000,0.0000,15.0000,3.9565,7,"","","7.500:0.050:16.744|-4.200:0.050:7.774|16.909:0.050:-16.085|4.173:0.050:-2.852|7.845:0.050:3.012","0.000:0.000:0.000|0.000:0.000:0.656|0.791:0.000:0.121|0.001:0.000:0.800|0.048:0.000:-0.654","-11.308:0.050:8.170|20.003:0.050:-7.709","0.000:0.000:0.000|-0.015:0.000:-1.300",False,False,Moving,60.00,40.00,3.00,MultiAgentTraffic,"P1:True|P2:True|P3:True|D1:True|D2:True|D3:True","H1:H1 rack picking and carton handoff:Transport to work bay:load=True:handoffs=0|H2:H2 cross-aisle carton transfer:Transport to work bay:load=True:handoffs=0|H3:H3 station scan and dispatch verification:Return for next assignment:load=False:handoffs=0|H4:H4 trolley supply transfer:Return for next assignment:load=False:handoffs=1|H5:H5 rack inspection and replenishment:Transport to work bay:load=True:handoffs=0|F1:F1 inbound pallet replenishment:Transport to work bay:load=True:handoffs=0|F2:F2 outbound pallet dispatch:Return for next assignment:load=False:handoffs=1"
35.4429,9,58,330,-20.2268,0.0500,14.5163,277.3054,1.1916,0.0015,-24.0000,0.0000,15.0000,3.8044,7,"","","7.500:0.050:16.744|-4.200:0.050:7.840|16.990:0.050:-16.072|4.173:0.050:-2.771|7.850:0.050:2.945","0.000:0.000:0.000|0.000:0.000:0.656|0.791:0.000:0.121|0.001:0.000:0.800|0.048:0.000:-0.654","-11.308:0.050:8.170|20.003:0.050:-7.728","0.000:0.000:0.000|0.000:0.000:0.000",False,False,Moving,60.00,40.00,3.00,MultiAgentTraffic,"P1:True|P2:True|P3:True|D1:True|D2:True|D3:True","H1:H1 rack picking and carton handoff:Transport to work bay:load=True:handoffs=0|H2:H2 cross-aisle carton transfer:Transport to work bay:load=True:handoffs=0|H3:H3 station scan and dispatch verification:Return for next assignment:load=False:handoffs=0|H4:H4 trolley supply transfer:Return for next assignment:load=False:handoffs=1|H5:H5 rack inspection and replenishment:Transport to work bay:load=True:handoffs=0|F1:F1 inbound pallet replenishment:Transport to work bay:load=True:handoffs=0|F2:F2 outbound pallet dispatch:Load / inspect at source:load=False:handoffs=1"
35.5522,9,58,331,-20.3894,0.0500,14.5371,277.3055,2.0647,0.0000,-24.0000,0.0000,15.0000,3.6405,7,"","","7.500:0.050:16.744|-4.200:0.050:7.912|17.076:0.050:-16.059|4.173:0.050:-2.683|7.855:0.050:2.874","0.000:0.000:0.000|0.000:0.000:0.656|0.791:0.000:0.121|0.001:0.000:0.800|0.048:0.000:-0.654","-11.308:0.050:8.170|20.003:0.050:-7.728","0.000:0.000:0.000|0.000:0.000:0.000",False,False,Moving,60.00,40.00,3.00,MultiAgentTraffic,"P1:True|P2:True|P3:True|D1:True|D2:True|D3:True","H1:H1 rack picking and carton handoff:Transport to work bay:load=True:handoffs=0|H2:H2 cross-aisle carton transfer:Transport to work bay:load=True:handoffs=0|H3:H3 station scan and dispatch verification:Return for next assignment:load=False:handoffs=0|H4:H4 trolley supply transfer:Return for next assignment:load=False:handoffs=1|H5:H5 rack inspection and replenishment:Transport to work bay:load=True:handoffs=0|F1:F1 inbound pallet replenishment:Transport to work bay:load=True:handoffs=0|F2:F2 outbound pallet dispatch:Load / inspect at source:load=False:handoffs=1"
35.6652,9,58,332,-20.5575,0.0500,14.5587,277.3056,0.9792,0.0000,-24.0000,0.0000,15.0000,3.4711,7,"","","7.500:0.050:16.744|-4.200:0.050:7.986|17.165:0.050:-16.045|4.173:0.050:-2.593|7.860:0.050:2.800","0.000:0.000:0.000|0.000:0.000:0.656|0.791:0.000:0.121|0.001:0.000:0.800|0.048:0.000:-0.654","-11.308:0.050:8.170|20.003:0.050:-7.728","0.000:0.000:0.000|0.000:0.000:0.000",False,False,Moving,60.00,40.00,3.00,MultiAgentTraffic,"P1:True|P2:True|P3:True|D1:True|D2:True|D3:True","H1:H1 rack picking and carton handoff:Transport to work bay:load=True:handoffs=0|H2:H2 cross-aisle carton transfer:Transport to work bay:load=True:handoffs=0|H3:H3 station scan and dispatch verification:Return for next assignment:load=False:handoffs=0|H4:H4 trolley supply transfer:Return for next assignment:load=False:handoffs=1|H5:H5 rack inspection and replenishment:Transport to work bay:load=True:handoffs=0|F1:F1 inbound pallet replenishment:Transport to work bay:load=True:handoffs=0|F2:F2 outbound pallet dispatch:Load / inspect at source:load=False:handoffs=1"
35.7805,9,58,333,-20.7291,0.0500,14.5807,277.3056,1.1354,0.0000,-24.0000,0.0000,15.0000,3.2981,7,"","","7.500:0.050:16.744|-4.200:0.050:8.062|17.257:0.050:-16.031|4.173:0.050:-2.501|7.866:0.050:2.725","0.000:0.000:0.000|0.000:0.000:0.656|0.791:0.000:0.121|0.001:0.000:0.800|0.048:0.000:-0.654","-11.308:0.050:8.170|20.003:0.050:-7.728","0.000:0.000:0.000|0.000:0.000:0.000",False,False,Moving,60.00,40.00,3.00,MultiAgentTraffic,"P1:True|P2:True|P3:True|D1:True|D2:True|D3:True","H1:H1 rack picking and carton handoff:Transport to work bay:load=True:handoffs=0|H2:H2 cross-aisle carton transfer:Transport to work bay:load=True:handoffs=0|H3:H3 station scan and dispatch verification:Return for next assignment:load=False:handoffs=0|H4:H4 trolley supply transfer:Return for next assignment:load=False:handoffs=1|H5:H5 rack inspection and replenishment:Transport to work bay:load=True:handoffs=0|F1:F1 inbound pallet replenishment:Transport to work bay:load=True:handoffs=0|F2:F2 outbound pallet dispatch:Load / inspect at source:load=False:handoffs=1"
35.8860,9,58,334,-20.8861,0.0500,14.6008,277.3057,1.1644,0.0000,-24.0000,0.0000,15.0000,3.1398,7,"","","7.500:0.050:16.744|-4.200:0.050:8.131|17.340:0.050:-16.019|4.173:0.050:-2.416|7.871:0.050:2.656","0.000:0.000:0.000|0.000:0.000:0.656|0.791:0.000:0.121|0.001:0.000:0.800|0.048:0.000:-0.654","-11.308:0.050:8.170|20.003:0.050:-7.728","0.000:0.000:0.000|0.000:0.000:0.000",False,False,Moving,60.00,40.00,3.00,MultiAgentTraffic,"P1:True|P2:True|P3:True|D1:True|D2:True|D3:True","H1:H1 rack picking and carton handoff:Transport to work bay:load=True:handoffs=0|H2:H2 cross-aisle carton transfer:Transport to work bay:load=True:handoffs=0|H3:H3 station scan and dispatch verification:Return for next assignment:load=False:handoffs=0|H4:H4 trolley supply transfer:Return for next assignment:load=False:handoffs=1|H5:H5 rack inspection and replenishment:Transport to work bay:load=True:handoffs=0|F1:F1 inbound pallet replenishment:Transport to work bay:load=True:handoffs=0|F2:F2 outbound pallet dispatch:Load / inspect at source:load=False:handoffs=1"
35.9915,9,58,335,-21.0430,0.0500,14.6209,277.3057,2.0357,0.0000,-24.0000,0.0000,15.0000,2.9816,7,"","","7.500:0.050:16.744|-4.200:0.050:8.200|17.423:0.050:-16.006|4.174:0.050:-2.332|7.876:0.050:2.587","0.000:0.000:0.000|0.000:0.000:0.656|0.791:0.000:0.121|0.001:0.000:0.800|0.048:0.000:-0.654","-11.308:0.050:8.170|20.003:0.050:-7.728","0.000:0.000:0.000|0.000:0.000:0.000",False,False,Moving,60.00,40.00,3.00,MultiAgentTraffic,"P1:True|P2:True|P3:True|D1:True|D2:True|D3:True","H1:H1 rack picking and carton handoff:Transport to work bay:load=True:handoffs=0|H2:H2 cross-aisle carton transfer:Transport to work bay:load=True:handoffs=0|H3:H3 station scan and dispatch verification:Return for next assignment:load=False:handoffs=0|H4:H4 trolley supply transfer:Return for next assignment:load=False:handoffs=1|H5:H5 rack inspection and replenishment:Transport to work bay:load=True:handoffs=0|F1:F1 inbound pallet replenishment:Transport to work bay:load=True:handoffs=0|F2:F2 outbound pallet dispatch:Load / inspect at source:load=False:handoffs=1"
36.1034,9,58,336,-21.2094,0.0500,14.6422,277.3057,1.0274,0.0000,-24.0000,0.0000,15.0000,2.8139,7,"","","7.500:0.050:16.744|-4.200:0.050:8.273|17.512:0.050:-15.992|4.174:0.050:-2.242|7.882:0.050:2.513","0.000:0.000:0.000|0.000:0.000:0.656|0.791:0.000:0.121|0.001:0.000:0.800|0.048:0.000:-0.654","-11.308:0.050:8.170|20.003:0.050:-7.728","0.000:0.000:0.000|0.000:0.000:0.000",False,False,Moving,60.00,40.00,3.00,MultiAgentTraffic,"P1:True|P2:True|P3:True|D1:True|D2:True|D3:True","H1:H1 rack picking and carton handoff:Transport to work bay:load=True:handoffs=0|H2:H2 cross-aisle carton transfer:Transport to work bay:load=True:handoffs=0|H3:H3 station scan and dispatch verification:Return for next assignment:load=False:handoffs=0|H4:H4 trolley supply transfer:Return for next assignment:load=False:handoffs=1|H5:H5 rack inspection and replenishment:Transport to work bay:load=True:handoffs=0|F1:F1 inbound pallet replenishment:Transport to work bay:load=True:handoffs=0|F2:F2 outbound pallet dispatch:Load / inspect at source:load=False:handoffs=1"
36.2121,9,58,337,-21.3712,0.0500,14.6630,277.3057,2.6740,0.0000,-24.0000,0.0000,15.0000,2.6508,7,"","","7.500:0.050:16.744|-4.200:0.050:8.345|17.598:0.050:-15.979|4.174:0.050:-2.155|7.887:0.050:2.442","0.000:0.000:0.000|0.000:0.000:0.656|0.791:0.000:0.121|0.001:0.000:0.800|0.048:0.000:-0.654","-11.308:0.050:8.170|20.003:0.050:-7.728","0.000:0.000:0.000|0.000:0.000:0.000",False,False,Moving,60.00,40.00,3.00,MultiAgentTraffic,"P1:True|P2:True|P3:True|D1:True|D2:True|D3:True","H1:H1 rack picking and carton handoff:Transport to work bay:load=True:handoffs=0|H2:H2 cross-aisle carton transfer:Transport to work bay:load=True:handoffs=0|H3:H3 station scan and dispatch verification:Return for next assignment:load=False:handoffs=0|H4:H4 trolley supply transfer:Return for next assignment:load=False:handoffs=1|H5:H5 rack inspection and replenishment:Transport to work bay:load=True:handoffs=0|F1:F1 inbound pallet replenishment:Transport to work bay:load=True:handoffs=0|F2:F2 outbound pallet dispatch:Load / inspect at source:load=False:handoffs=1"
36.3217,9,58,338,-21.5343,0.0500,14.6839,277.3057,0.9937,0.0000,-24.0000,0.0000,15.0000,2.4864,7,"","","7.500:0.050:16.744|-4.200:0.050:8.417|17.684:0.050:-15.966|4.174:0.050:-2.068|7.892:0.050:2.371","0.000:0.000:0.000|0.000:0.000:0.656|0.791:0.000:0.121|0.001:0.000:0.800|0.048:0.000:-0.654","-11.308:0.050:8.170|20.003:0.050:-7.728","0.000:0.000:0.000|0.000:0.000:0.000",False,False,Moving,60.00,40.00,3.00,MultiAgentTraffic,"P1:True|P2:True|P3:True|D1:True|D2:True|D3:True","H1:H1 rack picking and carton handoff:Transport to work bay:load=True:handoffs=0|H2:H2 cross-aisle carton transfer:Transport to work bay:load=True:handoffs=0|H3:H3 station scan and dispatch verification:Return for next assignment:load=False:handoffs=0|H4:H4 trolley supply transfer:Return for next assignment:load=False:handoffs=1|H5:H5 rack inspection and replenishment:Transport to work bay:load=True:handoffs=0|F1:F1 inbound pallet replenishment:Transport to work bay:load=True:handoffs=0|F2:F2 outbound pallet dispatch:Load / inspect at source:load=False:handoffs=1"
36.4253,9,58,339,-21.6884,0.0500,14.7036,277.3057,1.0936,0.0000,-24.0000,0.0000,15.0000,2.3311,7,"","","7.500:0.050:16.744|-4.200:0.050:8.485|17.766:0.050:-15.954|4.174:0.050:-1.985|7.897:0.050:2.303","0.000:0.000:0.000|0.000:0.000:0.656|0.791:0.000:0.121|0.001:0.000:0.800|0.048:0.000:-0.654","-11.308:0.050:8.170|20.003:0.050:-7.728","0.000:0.000:0.000|0.000:0.000:0.000",False,False,Moving,60.00,40.00,3.00,MultiAgentTraffic,"P1:True|P2:True|P3:True|D1:True|D2:True|D3:True","H1:H1 rack picking and carton handoff:Transport to work bay:load=True:handoffs=0|H2:H2 cross-aisle carton transfer:Transport to work bay:load=True:handoffs=0|H3:H3 station scan and dispatch verification:Return for next assignment:load=False:handoffs=0|H4:H4 trolley supply transfer:Return for next assignment:load=False:handoffs=1|H5:H5 rack inspection and replenishment:Transport to work bay:load=True:handoffs=0|F1:F1 inbound pallet replenishment:Transport to work bay:load=True:handoffs=0|F2:F2 outbound pallet dispatch:Load / inspect at source:load=False:handoffs=1"
36.5360,9,58,340,-21.8532,0.0500,14.7248,277.3057,2.4145,0.0000,-24.0000,0.0000,15.0000,2.1650,7,"","","7.500:0.050:16.744|-4.200:0.050:8.557|17.854:0.050:-15.940|4.174:0.050:-1.896|7.902:0.050:2.230","0.000:0.000:0.000|0.000:0.000:0.656|0.791:0.000:0.121|0.001:0.000:0.800|0.048:0.000:-0.654","-11.308:0.050:8.170|20.003:0.050:-7.728","0.000:0.000:0.000|0.000:0.000:0.000",False,False,Moving,60.00,40.00,3.00,MultiAgentTraffic,"P1:True|P2:True|P3:True|D1:True|D2:True|D3:True","H1:H1 rack picking and carton handoff:Transport to work bay:load=True:handoffs=0|H2:H2 cross-aisle carton transfer:Transport to work bay:load=True:handoffs=0|H3:H3 station scan and dispatch verification:Return for next assignment:load=False:handoffs=0|H4:H4 trolley supply transfer:Return for next assignment:load=False:handoffs=1|H5:H5 rack inspection and replenishment:Transport to work bay:load=True:handoffs=0|F1:F1 inbound pallet replenishment:Transport to work bay:load=True:handoffs=0|F2:F2 outbound pallet dispatch:Load / inspect at source:load=False:handoffs=1"
36.6497,9,58,341,-22.0223,0.0500,14.7465,277.3057,1.2691,0.0000,-24.0000,0.0000,15.0000,1.9945,7,"","","7.500:0.050:16.744|-4.200:0.050:8.632|17.944:0.050:-15.926|4.174:0.050:-1.805|7.908:0.050:2.156","0.000:0.000:0.000|0.000:0.000:0.656|0.791:0.000:0.121|0.001:0.000:0.800|0.048:0.000:-0.654","-11.308:0.050:8.170|20.003:0.050:-7.728","0.000:0.000:0.000|0.000:0.000:0.000",False,False,Moving,60.00,40.00,3.00,MultiAgentTraffic,"P1:True|P2:True|P3:True|D1:True|D2:True|D3:True","H1:H1 rack picking and carton handoff:Transport to work bay:load=True:handoffs=0|H2:H2 cross-aisle carton transfer:Transport to work bay:load=True:handoffs=0|H3:H3 station scan and dispatch verification:Return for next assignment:load=False:handoffs=0|H4:H4 trolley supply transfer:Return for next assignment:load=False:handoffs=1|H5:H5 rack inspection and replenishment:Transport to work bay:load=True:handoffs=0|F1:F1 inbound pallet replenishment:Transport to work bay:load=True:handoffs=0|F2:F2 outbound pallet dispatch:Load / inspect at source:load=False:handoffs=1"
36.7632,9,58,342,-22.1912,0.0500,14.7681,277.3057,1.2329,0.0015,-24.0000,0.0000,15.0000,1.8243,7,"","","7.500:0.050:16.744|-4.200:0.050:8.706|18.034:0.050:-15.913|4.175:0.050:-1.715|7.913:0.050:2.082","0.000:0.000:0.000|0.000:0.000:0.656|0.791:0.000:0.121|0.001:0.000:0.800|0.048:0.000:-0.654","-11.308:0.050:8.170|20.003:0.050:-7.728","0.000:0.000:0.000|0.000:0.000:0.000",False,False,Moving,60.00,40.00,3.00,MultiAgentTraffic,"P1:True|P2:True|P3:True|D1:True|D2:True|D3:True","H1:H1 rack picking and carton handoff:Transport to work bay:load=True:handoffs=0|H2:H2 cross-aisle carton transfer:Transport to work bay:load=True:handoffs=0|H3:H3 station scan and dispatch verification:Return for next assignment:load=False:handoffs=0|H4:H4 trolley supply transfer:Return for next assignment:load=False:handoffs=1|H5:H5 rack inspection and replenishment:Transport to work bay:load=True:handoffs=0|F1:F1 inbound pallet replenishment:Transport to work bay:load=True:handoffs=0|F2:F2 outbound pallet dispatch:Load / inspect at source:load=False:handoffs=1"
36.8727,9,58,343,-22.3541,0.0500,14.7890,277.3057,2.2189,0.0000,-24.0000,0.0000,15.0000,1.6601,7,"","","7.500:0.050:16.744|-4.200:0.050:8.778|18.120:0.050:-15.899|4.175:0.050:-1.627|7.919:0.050:2.010","0.000:0.000:0.000|0.000:0.000:0.656|0.791:0.000:0.121|0.001:0.000:0.800|0.048:0.000:-0.654","-11.308:0.050:8.170|20.003:0.050:-7.728","0.000:0.000:0.000|0.000:0.000:0.000",False,False,Moving,60.00,40.00,3.00,MultiAgentTraffic,"P1:True|P2:True|P3:True|D1:True|D2:True|D3:True","H1:H1 rack picking and carton handoff:Transport to work bay:load=True:handoffs=0|H2:H2 cross-aisle carton transfer:Transport to work bay:load=True:handoffs=0|H3:H3 station scan and dispatch verification:Return for next assignment:load=False:handoffs=0|H4:H4 trolley supply transfer:Return for next assignment:load=False:handoffs=1|H5:H5 rack inspection and replenishment:Transport to work bay:load=True:handoffs=0|F1:F1 inbound pallet replenishment:Transport to work bay:load=True:handoffs=0|F2:F2 outbound pallet dispatch:Load / inspect at source:load=False:handoffs=1"
36.9817,9,58,344,-22.5162,0.0500,14.8098,277.3057,1.2423,0.0000,-24.0000,0.0000,15.0000,1.4968,7,"","","7.500:0.050:16.744|-4.200:0.050:8.850|18.206:0.050:-15.886|4.175:0.050:-1.540|7.924:0.050:1.939","0.000:0.000:0.000|0.000:0.000:0.656|0.791:0.000:0.121|0.001:0.000:0.800|0.048:0.000:-0.654","-11.308:0.050:8.170|20.003:0.050:-7.728","0.000:0.000:0.000|0.000:0.000:0.000",False,False,Moving,60.00,40.00,3.00,MultiAgentTraffic,"P1:True|P2:True|P3:True|D1:True|D2:True|D3:True","H1:H1 rack picking and carton handoff:Transport to work bay:load=True:handoffs=0|H2:H2 cross-aisle carton transfer:Transport to work bay:load=True:handoffs=0|H3:H3 station scan and dispatch verification:Return for next assignment:load=False:handoffs=0|H4:H4 trolley supply transfer:Return for next assignment:load=False:handoffs=1|H5:H5 rack inspection and replenishment:Transport to work bay:load=True:handoffs=0|F1:F1 inbound pallet replenishment:Transport to work bay:load=True:handoffs=0|F2:F2 outbound pallet dispatch:Load / inspect at source:load=False:handoffs=1"
37.0854,9,58,345,-22.6705,0.0500,14.8296,277.3057,1.0463,0.0000,-24.0000,0.0000,15.0000,1.3413,7,"","","7.500:0.050:16.744|-4.200:0.050:8.918|18.288:0.050:-15.874|4.175:0.050:-1.457|7.929:0.050:1.871","0.000:0.000:0.000|0.000:0.000:0.656|0.791:0.000:0.121|0.001:0.000:0.800|0.048:0.000:-0.654","-11.308:0.050:8.170|20.003:0.050:-7.728","0.000:0.000:0.000|0.000:0.000:0.000",False,False,Moving,60.00,40.00,3.00,MultiAgentTraffic,"P1:True|P2:True|P3:True|D1:True|D2:True|D3:True","H1:H1 rack picking and carton handoff:Transport to work bay:load=True:handoffs=0|H2:H2 cross-aisle carton transfer:Transport to work bay:load=True:handoffs=0|H3:H3 station scan and dispatch verification:Return for next assignment:load=False:handoffs=0|H4:H4 trolley supply transfer:Return for next assignment:load=False:handoffs=1|H5:H5 rack inspection and replenishment:Transport to work bay:load=True:handoffs=0|F1:F1 inbound pallet replenishment:Transport to work bay:load=True:handoffs=0|F2:F2 outbound pallet dispatch:Load / inspect at source:load=False:handoffs=1"
37.2116,9,58,346,-22.8582,0.0500,14.8536,277.3058,0.0000,0.0000,-24.0000,0.0000,15.0000,1.1522,7,"","","7.500:0.050:16.744|-4.200:0.050:9.000|18.388:0.050:-15.858|4.175:0.050:-1.356|7.935:0.050:1.788","0.000:0.000:0.000|0.000:0.000:0.656|0.791:0.000:0.121|0.001:0.000:0.800|0.048:0.000:-0.654","-11.308:0.050:8.170|20.003:0.050:-7.728","0.000:0.000:0.000|0.000:0.000:0.000",False,False,Moving,60.00,40.00,3.00,MultiAgentTraffic,"P1:True|P2:True|P3:True|D1:True|D2:True|D3:True","H1:H1 rack picking and carton handoff:Transport to work bay:load=True:handoffs=0|H2:H2 cross-aisle carton transfer:Transport to work bay:load=True:handoffs=0|H3:H3 station scan and dispatch verification:Return for next assignment:load=False:handoffs=0|H4:H4 trolley supply transfer:Return for next assignment:load=False:handoffs=1|H5:H5 rack inspection and replenishment:Transport to work bay:load=True:handoffs=0|F1:F1 inbound pallet replenishment:Transport to work bay:load=True:handoffs=0|F2:F2 outbound pallet dispatch:Load / inspect at source:load=False:handoffs=1"
37.3184,9,58,347,-23.0172,0.0500,14.8740,277.3058,1.4669,0.0000,-24.0000,0.0000,15.0000,0.9921,7,"","","7.500:0.050:16.744|-4.200:0.050:9.070|18.473:0.050:-15.845|4.175:0.050:-1.270|7.940:0.050:1.718","0.000:0.000:0.000|0.000:0.000:0.656|0.791:0.000:0.121|0.001:0.000:0.800|0.048:0.000:-0.654","-11.308:0.050:8.170|20.003:0.050:-7.728","0.000:0.000:0.000|0.000:0.000:0.000",False,False,Moving,60.00,40.00,3.00,MultiAgentTraffic,"P1:True|P2:True|P3:True|D1:True|D2:True|D3:True","H1:H1 rack picking and carton handoff:Transport to work bay:load=True:handoffs=0|H2:H2 cross-aisle carton transfer:Transport to work bay:load=True:handoffs=0|H3:H3 station scan and dispatch verification:Return for next assignment:load=False:handoffs=0|H4:H4 trolley supply transfer:Return for next assignment:load=False:handoffs=1|H5:H5 rack inspection and replenishment:Transport to work bay:load=True:handoffs=0|F1:F1 inbound pallet replenishment:Transport to work bay:load=True:handoffs=0|F2:F2 outbound pallet dispatch:Load / inspect at source:load=False:handoffs=1"
37.4324,9,58,348,-23.1868,0.0500,14.8957,277.3058,1.4947,0.0015,-24.0000,0.0000,15.0000,0.8214,7,"","","7.500:0.050:16.744|-4.200:0.050:9.145|18.563:0.050:-15.832|4.176:0.050:-1.179|7.946:0.050:1.644","0.000:0.000:0.000|0.000:0.000:0.656|0.791:0.000:0.121|0.001:0.000:0.800|0.048:0.000:-0.654","-11.308:0.050:8.170|20.003:0.050:-7.728","0.000:0.000:0.000|0.000:0.000:0.000",False,False,Moving,60.00,40.00,3.00,MultiAgentTraffic,"P1:True|P2:True|P3:True|D1:True|D2:True|D3:True","H1:H1 rack picking and carton handoff:Transport to work bay:load=True:handoffs=0|H2:H2 cross-aisle carton transfer:Transport to work bay:load=True:handoffs=0|H3:H3 station scan and dispatch verification:Return for next assignment:load=False:handoffs=0|H4:H4 trolley supply transfer:Return for next assignment:load=False:handoffs=1|H5:H5 rack inspection and replenishment:Transport to work bay:load=True:handoffs=0|F1:F1 inbound pallet replenishment:Transport to work bay:load=True:handoffs=0|F2:F2 outbound pallet dispatch:Load / inspect at source:load=False:handoffs=1"
37.5480,9,58,349,-23.3583,0.0500,14.9177,277.3058,1.3373,0.0000,-24.0000,0.0000,15.0000,0.6489,7,"","","7.500:0.050:16.744|-4.200:0.050:9.221|18.654:0.050:-15.818|4.176:0.050:-1.087|7.951:0.050:1.568","0.000:0.000:0.000|0.000:0.000:0.656|0.791:0.000:0.121|0.001:0.000:0.800|0.048:0.000:-0.654","-11.308:0.050:8.170|20.003:0.050:-7.728","0.000:0.000:0.000|0.000:0.000:0.000",False,False,Moving,60.00,40.00,3.00,MultiAgentTraffic,"P1:True|P2:True|P3:True|D1:True|D2:True|D3:True","H1:H1 rack picking and carton handoff:Transport to work bay:load=True:handoffs=0|H2:H2 cross-aisle carton transfer:Transport to work bay:load=True:handoffs=0|H3:H3 station scan and dispatch verification:Return for next assignment:load=False:handoffs=0|H4:H4 trolley supply transfer:Return for next assignment:load=False:handoffs=1|H5:H5 rack inspection and replenishment:Transport to work bay:load=True:handoffs=0|F1:F1 inbound pallet replenishment:Transport to work bay:load=True:handoffs=0|F2:F2 outbound pallet dispatch:Load / inspect at source:load=False:handoffs=1"
37.6670,9,58,350,-23.5208,0.0500,14.9386,277.3058,3.6973,0.0000,-24.0000,0.0000,15.0000,0.4857,7,"","","7.500:0.050:16.744|-4.200:0.050:9.299|18.748:0.050:-15.803|4.176:0.050:-0.992|7.957:0.050:1.490","0.000:0.000:0.000|0.000:0.000:0.656|0.791:0.000:0.121|0.001:0.000:0.800|0.048:0.000:-0.654","-11.308:0.050:8.170|20.003:0.050:-7.728","0.000:0.000:0.000|0.000:0.000:0.000",False,False,Moving,60.00,40.00,3.00,MultiAgentTraffic,"P1:True|P2:True|P3:True|D1:True|D2:True|D3:True","H1:H1 rack picking and carton handoff:Transport to work bay:load=True:handoffs=0|H2:H2 cross-aisle carton transfer:Transport to work bay:load=True:handoffs=0|H3:H3 station scan and dispatch verification:Return for next assignment:load=False:handoffs=0|H4:H4 trolley supply transfer:Return for next assignment:load=False:handoffs=1|H5:H5 rack inspection and replenishment:Transport to work bay:load=True:handoffs=0|F1:F1 inbound pallet replenishment:Transport to work bay:load=True:handoffs=0|F2:F2 outbound pallet dispatch:Load / inspect at source:load=False:handoffs=1"
37.7808,9,58,351,-23.6530,0.0500,14.9555,284.0613,0.9586,86.7829,-24.0000,0.0000,15.0000,0.3534,7,"","","7.500:0.050:16.744|-4.200:0.050:9.374|18.838:0.050:-15.790|4.176:0.050:-0.901|7.963:0.050:1.416","0.000:0.000:0.000|0.000:0.000:0.656|0.791:0.000:0.121|0.001:0.000:0.800|0.048:0.000:-0.654","-11.308:0.050:8.170|20.003:0.050:-7.728","0.000:0.000:0.000|0.000:0.000:0.000",False,False,Idle,60.00,40.00,3.00,MultiAgentTraffic,"P1:True|P2:True|P3:True|D1:True|D2:True|D3:True","H1:H1 rack picking and carton handoff:Transport to work bay:load=True:handoffs=0|H2:H2 cross-aisle carton transfer:Transport to work bay:load=True:handoffs=0|H3:H3 station scan and dispatch verification:Return for next assignment:load=False:handoffs=0|H4:H4 trolley supply transfer:Return for next assignment:load=False:handoffs=1|H5:H5 rack inspection and replenishment:Transport to work bay:load=True:handoffs=0|F1:F1 inbound pallet replenishment:Transport to work bay:load=True:handoffs=0|F2:F2 outbound pallet dispatch:Load / inspect at source:load=False:handoffs=1"
37.8877,9,58,352,-23.7584,0.0500,14.9690,289.7440,0.7876,31.6879,-24.0000,0.0000,15.0000,0.2487,7,"","","7.500:0.050:16.744|-4.200:0.050:9.444|18.923:0.050:-15.777|4.176:0.050:-0.815|7.968:0.050:1.346","0.000:0.000:0.000|0.000:0.000:0.656|0.791:0.000:0.121|0.001:0.000:0.800|0.048:0.000:-0.654","-11.308:0.050:8.170|20.003:0.050:-7.728","0.000:0.000:0.000|0.000:0.000:0.000",False,False,Idle,60.00,40.00,3.00,MultiAgentTraffic,"P1:True|P2:True|P3:True|D1:True|D2:True|D3:True","H1:H1 rack picking and carton handoff:Transport to work bay:load=True:handoffs=0|H2:H2 cross-aisle carton transfer:Transport to work bay:load=True:handoffs=0|H3:H3 station scan and dispatch verification:Return for next assignment:load=False:handoffs=0|H4:H4 trolley supply transfer:Return for next assignment:load=False:handoffs=1|H5:H5 rack inspection and replenishment:Transport to work bay:load=True:handoffs=0|F1:F1 inbound pallet replenishment:Transport to work bay:load=True:handoffs=0|F2:F2 outbound pallet dispatch:Load / inspect at source:load=False:handoffs=1"
37.9940,9,58,353,-23.8446,0.0500,14.9801,292.6914,1.0916,30.3635,-24.0000,0.0000,15.0000,0.1644,7,"","","7.500:0.050:16.744|-4.200:0.050:9.514|19.007:0.050:-15.764|4.176:0.050:-0.730|7.973:0.050:1.276","0.000:0.000:0.000|0.000:0.000:0.656|0.791:0.000:0.121|0.001:0.000:0.800|0.048:0.000:-0.654","-11.308:0.050:8.170|20.003:0.050:-7.728","0.000:0.000:0.000|0.000:0.000:0.000",False,False,Idle,60.00,40.00,3.00,MultiAgentTraffic,"P1:True|P2:True|P3:True|D1:True|D2:True|D3:True","H1:H1 rack picking and carton handoff:Transport to work bay:load=True:handoffs=0|H2:H2 cross-aisle carton transfer:Transport to work bay:load=True:handoffs=0|H3:H3 station scan and dispatch verification:Return for next assignment:load=False:handoffs=0|H4:H4 trolley supply transfer:Return for next assignment:load=False:handoffs=1|H5:H5 rack inspection and replenishment:Transport to work bay:load=True:handoffs=0|F1:F1 inbound pallet replenishment:Transport to work bay:load=True:handoffs=0|F2:F2 outbound pallet dispatch:Load / inspect at source:load=False:handoffs=1"
38.1012,9,58,354,-23.9130,0.0500,14.9888,294.6065,0.4314,11.4655,-24.0000,0.0000,15.0000,0.1010,7,"","","7.500:0.050:16.744|-4.200:0.050:9.584|19.092:0.050:-15.751|4.176:0.050:-0.644|7.978:0.050:1.206","0.000:0.000:0.000|0.000:0.000:0.656|0.791:0.000:0.121|0.001:0.000:0.800|0.048:0.000:-0.654","-11.308:0.050:8.170|20.003:0.050:-7.728","0.000:0.000:0.000|0.000:0.000:0.000",False,False,Idle,60.00,40.00,3.00,MultiAgentTraffic,"P1:True|P2:True|P3:True|D1:True|D2:True|D3:True","H1:H1 rack picking and carton handoff:Transport to work bay:load=True:handoffs=0|H2:H2 cross-aisle carton transfer:Transport to work bay:load=True:handoffs=0|H3:H3 station scan and dispatch verification:Return for next assignment:load=False:handoffs=0|H4:H4 trolley supply transfer:Return for next assignment:load=False:handoffs=1|H5:H5 rack inspection and replenishment:Transport to work bay:load=True:handoffs=0|F1:F1 inbound pallet replenishment:Transport to work bay:load=True:handoffs=0|F2:F2 outbound pallet dispatch:Load / inspect at source:load=False:handoffs=1"
38.2034,9,58,355,-23.9604,0.0500,14.9949,294.9921,0.2802,-17.2638,-24.0000,0.0000,15.0000,0.0640,7,"","","7.500:0.050:16.744|-4.200:0.050:9.651|19.173:0.050:-15.738|4.177:0.050:-0.562|7.983:0.050:1.139","0.000:0.000:0.000|0.000:0.000:0.656|0.791:0.000:0.121|0.001:0.000:0.800|0.048:0.000:-0.654","-11.308:0.050:8.170|20.003:0.050:-7.728","0.000:0.000:0.000|0.000:0.000:0.000",False,False,Idle,60.00,40.00,3.00,MultiAgentTraffic,"P1:True|P2:True|P3:True|D1:True|D2:True|D3:True","H1:H1 rack picking and carton handoff:Transport to work bay:load=True:handoffs=0|H2:H2 cross-aisle carton transfer:Transport to work bay:load=True:handoffs=0|H3:H3 station scan and dispatch verification:Return for next assignment:load=False:handoffs=0|H4:H4 trolley supply transfer:Return for next assignment:load=False:handoffs=1|H5:H5 rack inspection and replenishment:Transport to work bay:load=True:handoffs=0|F1:F1 inbound pallet replenishment:Transport to work bay:load=True:handoffs=0|F2:F2 outbound pallet dispatch:Load / inspect at source:load=False:handoffs=1"
38.3104,9,58,356,-23.9911,0.0500,14.9989,292.7357,0.3447,-27.7298,-24.0000,0.0000,15.0000,0.0508,7,"","","7.500:0.050:16.744|-4.200:0.050:9.721|19.257:0.050:-15.725|4.177:0.050:-0.477|7.988:0.050:1.069","0.000:0.000:0.000|0.000:0.000:0.656|0.791:0.000:0.121|0.001:0.000:0.800|0.048:0.000:-0.654","-11.308:0.050:8.170|20.003:0.050:-7.728","0.000:0.000:0.000|0.000:0.000:0.000",False,False,Idle,60.00,40.00,3.00,MultiAgentTraffic,"P1:True|P2:True|P3:True|D1:True|D2:True|D3:True","H1:H1 rack picking and carton handoff:Transport to work bay:load=True:handoffs=0|H2:H2 cross-aisle carton transfer:Transport to work bay:load=True:handoffs=0|H3:H3 station scan and dispatch verification:Return for next assignment:load=False:handoffs=0|H4:H4 trolley supply transfer:Return for next assignment:load=False:handoffs=1|H5:H5 rack inspection and replenishment:Transport to work bay:load=True:handoffs=0|F1:F1 inbound pallet replenishment:Transport to work bay:load=True:handoffs=0|F2:F2 outbound pallet dispatch:Load / inspect at source:load=False:handoffs=1"
38.4176,9,58,357,-24.0000,0.0500,15.0000,291.7270,0.0274,0.0000,-24.0000,0.0000,15.0000,0.0500,7,"","","7.500:0.050:16.744|-4.200:0.050:9.792|19.342:0.050:-15.713|4.177:0.050:-0.391|7.993:0.050:0.999","0.000:0.000:0.000|0.000:0.000:0.656|0.791:0.000:0.121|0.001:0.000:0.800|0.048:0.000:-0.654","-11.308:0.050:8.170|20.003:0.050:-7.728","0.000:0.000:0.000|0.000:0.000:0.000",False,False,Idle,60.00,40.00,3.00,MultiAgentTraffic,"P1:True|P2:True|P3:True|D1:True|D2:True|D3:True","H1:H1 rack picking and carton handoff:Transport to work bay:load=True:handoffs=0|H2:H2 cross-aisle carton transfer:Transport to work bay:load=True:handoffs=0|H3:H3 station scan and dispatch verification:Return for next assignment:load=False:handoffs=0|H4:H4 trolley supply transfer:Return for next assignment:load=False:handoffs=1|H5:H5 rack inspection and replenishment:Transport to work bay:load=True:handoffs=0|F1:F1 inbound pallet replenishment:Transport to work bay:load=True:handoffs=0|F2:F2 outbound pallet dispatch:Transport to work bay:load=True:handoffs=1"
38.5273,9,58,358,-24.0000,0.0500,15.0000,291.7270,0.0000,0.0000,-24.0000,0.0000,15.0000,0.0500,7,"","","7.500:0.050:16.744|-4.200:0.050:9.863|19.429:0.050:-15.699|4.177:0.050:-0.303|7.999:0.050:0.928","0.000:0.000:0.000|0.000:0.000:0.656|0.791:0.000:0.121|0.001:0.000:0.800|0.048:0.000:-0.654","-11.308:0.050:8.170|20.003:0.050:-7.728","0.000:0.000:0.000|0.000:0.000:0.000",False,False,Idle,60.00,40.00,3.00,MultiAgentTraffic,"P1:True|P2:True|P3:True|D1:True|D2:True|D3:True","H1:H1 rack picking and carton handoff:Transport to work bay:load=True:handoffs=0|H2:H2 cross-aisle carton transfer:Transport to work bay:load=True:handoffs=0|H3:H3 station scan and dispatch verification:Return for next assignment:load=False:handoffs=0|H4:H4 trolley supply transfer:Return for next assignment:load=False:handoffs=1|H5:H5 rack inspection and replenishment:Transport to work bay:load=True:handoffs=0|F1:F1 inbound pallet replenishment:Transport to work bay:load=True:handoffs=0|F2:F2 outbound pallet dispatch:Transport to work bay:load=True:handoffs=1"
38.6304,9,58,359,-24.0000,0.0500,15.0000,291.7270,0.0000,0.0000,-24.0000,0.0000,15.0000,0.0500,7,"","","7.500:0.050:16.744|-4.200:0.050:9.931|19.510:0.050:-15.687|4.177:0.050:-0.221|8.004:0.050:0.860","0.000:0.000:0.000|0.000:0.000:0.656|0.791:0.000:0.121|0.001:0.000:0.800|0.048:0.000:-0.654","-11.308:0.050:8.170|20.003:0.050:-7.728","0.000:0.000:0.000|0.000:0.000:0.000",False,False,Idle,60.00,40.00,3.00,MultiAgentTraffic,"P1:True|P2:True|P3:True|D1:True|D2:True|D3:True","H1:H1 rack picking and carton handoff:Transport to work bay:load=True:handoffs=0|H2:H2 cross-aisle carton transfer:Transport to work bay:load=True:handoffs=0|H3:H3 station scan and dispatch verification:Return for next assignment:load=False:handoffs=0|H4:H4 trolley supply transfer:Return for next assignment:load=False:handoffs=1|H5:H5 rack inspection and replenishment:Transport to work bay:load=True:handoffs=0|F1:F1 inbound pallet replenishment:Transport to work bay:load=True:handoffs=0|F2:F2 outbound pallet dispatch:Transport to work bay:load=True:handoffs=1"
38.7312,9,58,360,-24.0000,0.0500,15.0000,291.7270,0.0000,0.0000,-24.0000,0.0000,15.0000,0.0500,7,"","","7.500:0.050:16.744|-4.200:0.050:9.997|19.590:0.050:-15.675|4.177:0.050:-0.140|8.009:0.050:0.794","0.000:0.000:0.000|0.000:0.000:0.656|0.791:0.000:0.121|0.001:0.000:0.800|0.048:0.000:-0.654","-11.308:0.050:8.170|20.003:0.050:-7.728","0.000:0.000:0.000|0.000:0.000:0.000",False,False,Idle,60.00,40.00,3.00,MultiAgentTraffic,"P1:True|P2:True|P3:True|D1:True|D2:True|D3:True","H1:H1 rack picking and carton handoff:Transport to work bay:load=True:handoffs=0|H2:H2 cross-aisle carton transfer:Transport to work bay:load=True:handoffs=0|H3:H3 station scan and dispatch verification:Return for next assignment:load=False:handoffs=0|H4:H4 trolley supply transfer:Return for next assignment:load=False:handoffs=1|H5:H5 rack inspection and replenishment:Transport to work bay:load=True:handoffs=0|F1:F1 inbound pallet replenishment:Transport to work bay:load=True:handoffs=0|F2:F2 outbound pallet dispatch:Transport to work bay:load=True:handoffs=1"
38.8329,9,58,361,-24.0000,0.0500,15.0000,291.7270,0.0000,0.0000,-24.0000,0.0000,15.0000,0.0500,7,"","","7.500:0.050:16.744|-4.200:0.050:10.064|19.670:0.050:-15.662|4.177:0.050:-0.059|8.014:0.050:0.728","0.000:0.000:0.000|0.000:0.000:0.656|0.791:0.000:0.121|0.001:0.000:0.800|0.048:0.000:-0.654","-11.308:0.050:8.170|20.003:0.050:-7.728","0.000:0.000:0.000|0.000:0.000:0.000",False,False,Idle,60.00,40.00,3.00,MultiAgentTraffic,"P1:True|P2:True|P3:True|D1:True|D2:True|D3:True","H1:H1 rack picking and carton handoff:Transport to work bay:load=True:handoffs=0|H2:H2 cross-aisle carton transfer:Transport to work bay:load=True:handoffs=0|H3:H3 station scan and dispatch verification:Return for next assignment:load=False:handoffs=0|H4:H4 trolley supply transfer:Return for next assignment:load=False:handoffs=1|H5:H5 rack inspection and replenishment:Transport to work bay:load=True:handoffs=0|F1:F1 inbound pallet replenishment:Transport to work bay:load=True:handoffs=0|F2:F2 outbound pallet dispatch:Transport to work bay:load=True:handoffs=1"
38.9352,9,58,362,-24.0000,0.0500,15.0000,291.7270,0.0000,0.0000,-24.0000,0.0000,15.0000,0.0500,7,"","","7.500:0.050:16.744|-4.200:0.050:10.131|19.751:0.050:-15.650|4.178:0.050:0.023|8.018:0.050:0.661","0.000:0.000:0.000|0.000:0.000:0.656|0.791:0.000:0.121|0.001:0.000:0.800|0.048:0.000:-0.654","-11.308:0.050:8.170|20.003:0.050:-7.728","0.000:0.000:0.000|0.000:0.000:0.000",False,False,Idle,60.00,40.00,3.00,MultiAgentTraffic,"P1:True|P2:True|P3:True|D1:True|D2:True|D3:True","H1:H1 rack picking and carton handoff:Transport to work bay:load=True:handoffs=0|H2:H2 cross-aisle carton transfer:Transport to work bay:load=True:handoffs=0|H3:H3 station scan and dispatch verification:Return for next assignment:load=False:handoffs=0|H4:H4 trolley supply transfer:Return for next assignment:load=False:handoffs=1|H5:H5 rack inspection and replenishment:Transport to work bay:load=True:handoffs=0|F1:F1 inbound pallet replenishment:Transport to work bay:load=True:handoffs=0|F2:F2 outbound pallet dispatch:Transport to work bay:load=True:handoffs=1"
39.0395,9,58,363,-24.0000,0.0500,15.0000,291.7270,0.0000,0.0000,-24.0000,0.0000,15.0000,0.0500,7,"","","7.500:0.050:16.744|-4.200:0.050:10.199|19.834:0.050:-15.637|4.178:0.050:0.106|8.024:0.050:0.593","0.000:0.000:0.000|0.000:0.000:0.656|0.791:0.000:0.121|0.001:0.000:0.800|0.048:0.000:-0.654","-11.308:0.050:8.170|20.003:0.050:-7.728","0.000:0.000:0.000|0.000:0.000:0.000",False,False,Idle,60.00,40.00,3.00,MultiAgentTraffic,"P1:True|P2:True|P3:True|D1:True|D2:True|D3:True","H1:H1 rack picking and carton handoff:Transport to work bay:load=True:handoffs=0|H2:H2 cross-aisle carton transfer:Transport to work bay:load=True:handoffs=0|H3:H3 station scan and dispatch verification:Return for next assignment:load=False:handoffs=0|H4:H4 trolley supply transfer:Return for next assignment:load=False:handoffs=1|H5:H5 rack inspection and replenishment:Transport to work bay:load=True:handoffs=0|F1:F1 inbound pallet replenishment:Transport to work bay:load=True:handoffs=0|F2:F2 outbound pallet dispatch:Transport to work bay:load=True:handoffs=1"
39.1440,9,58,364,-24.0000,0.0500,15.0000,291.7270,0.0000,0.0000,-24.0000,0.0000,15.0000,0.0500,7,"","","7.500:0.050:16.744|-4.200:0.050:10.268|19.916:0.050:-15.625|4.178:0.050:0.190|8.029:0.050:0.524","0.000:0.000:0.000|0.000:0.000:0.656|0.791:0.000:0.121|0.001:0.000:0.800|0.048:0.000:-0.654","-11.308:0.050:8.170|20.003:0.050:-7.728","0.000:0.000:0.000|0.000:0.000:0.000",False,False,Idle,60.00,40.00,3.00,MultiAgentTraffic,"P1:True|P2:True|P3:True|D1:True|D2:True|D3:True","H1:H1 rack picking and carton handoff:Transport to work bay:load=True:handoffs=0|H2:H2 cross-aisle carton transfer:Transport to work bay:load=True:handoffs=0|H3:H3 station scan and dispatch verification:Return for next assignment:load=False:handoffs=0|H4:H4 trolley supply transfer:Return for next assignment:load=False:handoffs=1|H5:H5 rack inspection and replenishment:Transport to work bay:load=True:handoffs=0|F1:F1 inbound pallet replenishment:Transport to work bay:load=True:handoffs=0|F2:F2 outbound pallet dispatch:Transport to work bay:load=True:handoffs=1"
39.2554,9,58,365,-24.0000,0.0500,15.0000,291.7270,0.0000,0.0000,-24.0000,0.0000,15.0000,0.0500,7,"","","7.500:0.050:16.744|-4.200:0.050:10.341|20.004:0.050:-15.611|4.178:0.050:0.279|8.034:0.050:0.451","0.000:0.000:0.000|0.000:0.000:0.656|0.791:0.000:0.121|0.001:0.000:0.800|0.048:0.000:-0.654","-11.308:0.050:8.170|20.003:0.050:-7.728","0.000:0.000:0.000|0.000:0.000:0.000",False,False,Idle,60.00,40.00,3.00,MultiAgentTraffic,"P1:True|P2:True|P3:True|D1:True|D2:True|D3:True","H1:H1 rack picking and carton handoff:Transport to work bay:load=True:handoffs=0|H2:H2 cross-aisle carton transfer:Transport to work bay:load=True:handoffs=0|H3:H3 station scan and dispatch verification:Return for next assignment:load=False:handoffs=0|H4:H4 trolley supply transfer:Return for next assignment:load=False:handoffs=1|H5:H5 rack inspection and replenishment:Transport to work bay:load=True:handoffs=0|F1:F1 inbound pallet replenishment:Transport to work bay:load=True:handoffs=0|F2:F2 outbound pallet dispatch:Transport to work bay:load=True:handoffs=1"
39.3602,9,58,366,-24.0000,0.0500,15.0000,291.7270,0.0000,0.0000,-24.0000,0.0000,15.0000,0.0500,7,"","","7.500:0.050:16.744|-4.200:0.050:10.410|20.087:0.050:-15.598|4.178:0.050:0.363|8.039:0.050:0.383","0.000:0.000:0.000|0.000:0.000:0.656|0.791:0.000:0.121|0.001:0.000:0.800|0.048:0.000:-0.654","-11.308:0.050:8.170|20.003:0.050:-7.728","0.000:0.000:0.000|0.000:0.000:0.000",False,False,Idle,60.00,40.00,3.00,MultiAgentTraffic,"P1:True|P2:True|P3:True|D1:True|D2:True|D3:True","H1:H1 rack picking and carton handoff:Transport to work bay:load=True:handoffs=0|H2:H2 cross-aisle carton transfer:Transport to work bay:load=True:handoffs=0|H3:H3 station scan and dispatch verification:Return for next assignment:load=False:handoffs=0|H4:H4 trolley supply transfer:Return for next assignment:load=False:handoffs=1|H5:H5 rack inspection and replenishment:Transport to work bay:load=True:handoffs=0|F1:F1 inbound pallet replenishment:Transport to work bay:load=True:handoffs=0|F2:F2 outbound pallet dispatch:Transport to work bay:load=True:handoffs=1"
39.4705,9,58,367,-24.0000,0.0500,15.0000,291.7270,0.0000,0.0000,-24.0000,0.0000,15.0000,0.0500,7,"","","7.500:0.050:16.744|-4.200:0.050:10.482|20.175:0.050:-15.585|4.178:0.050:0.451|8.044:0.050:0.311","0.000:0.000:0.000|0.000:0.000:0.656|0.791:0.000:0.121|0.001:0.000:0.800|0.048:0.000:-0.654","-11.308:0.050:8.170|20.003:0.050:-7.728","0.000:0.000:0.000|0.000:0.000:0.000",False,False,Idle,60.00,40.00,3.00,MultiAgentTraffic,"P1:True|P2:True|P3:True|D1:True|D2:True|D3:True","H1:H1 rack picking and carton handoff:Transport to work bay:load=True:handoffs=0|H2:H2 cross-aisle carton transfer:Transport to work bay:load=True:handoffs=0|H3:H3 station scan and dispatch verification:Return for next assignment:load=False:handoffs=0|H4:H4 trolley supply transfer:Return for next assignment:load=False:handoffs=1|H5:H5 rack inspection and replenishment:Transport to work bay:load=True:handoffs=0|F1:F1 inbound pallet replenishment:Transport to work bay:load=True:handoffs=0|F2:F2 outbound pallet dispatch:Transport to work bay:load=True:handoffs=1"
39.5734,9,58,368,-24.0000,0.0500,15.0000,291.7270,0.0000,0.0000,-24.0000,0.0000,15.0000,0.0500,7,"","","7.500:0.050:16.744|-4.200:0.050:10.550|20.256:0.050:-15.573|4.178:0.050:0.534|8.049:0.050:0.243","0.000:0.000:0.000|0.000:0.000:0.656|0.791:0.000:0.121|0.001:0.000:0.800|0.048:0.000:-0.654","-11.308:0.050:8.170|20.003:0.050:-7.728","0.000:0.000:0.000|0.000:0.000:0.000",False,False,Idle,60.00,40.00,3.00,MultiAgentTraffic,"P1:True|P2:True|P3:True|D1:True|D2:True|D3:True","H1:H1 rack picking and carton handoff:Transport to work bay:load=True:handoffs=0|H2:H2 cross-aisle carton transfer:Transport to work bay:load=True:handoffs=0|H3:H3 station scan and dispatch verification:Return for next assignment:load=False:handoffs=0|H4:H4 trolley supply transfer:Return for next assignment:load=False:handoffs=1|H5:H5 rack inspection and replenishment:Transport to work bay:load=True:handoffs=0|F1:F1 inbound pallet replenishment:Transport to work bay:load=True:handoffs=0|F2:F2 outbound pallet dispatch:Transport to work bay:load=True:handoffs=1"
39.6757,9,58,369,-24.0000,0.0500,15.0000,291.7270,0.0000,0.0000,-24.0000,0.0000,15.0000,0.0500,7,"","","7.500:0.050:16.744|-4.200:0.050:10.617|20.337:0.050:-15.560|4.179:0.050:0.615|8.054:0.050:0.176","0.000:0.000:0.000|0.000:0.000:0.656|0.791:0.000:0.121|0.001:0.000:0.800|0.048:0.000:-0.654","-11.308:0.050:8.170|20.003:0.050:-7.728","0.000:0.000:0.000|0.000:0.000:0.000",False,False,Idle,60.00,40.00,3.00,MultiAgentTraffic,"P1:True|P2:True|P3:True|D1:True|D2:True|D3:True","H1:H1 rack picking and carton handoff:Transport to work bay:load=True:handoffs=0|H2:H2 cross-aisle carton transfer:Transport to work bay:load=True:handoffs=0|H3:H3 station scan and dispatch verification:Return for next assignment:load=False:handoffs=0|H4:H4 trolley supply transfer:Return for next assignment:load=False:handoffs=1|H5:H5 rack inspection and replenishment:Transport to work bay:load=True:handoffs=0|F1:F1 inbound pallet replenishment:Transport to work bay:load=True:handoffs=0|F2:F2 outbound pallet dispatch:Transport to work bay:load=True:handoffs=1"
39.7841,9,58,370,-24.0000,0.0500,15.0000,291.7270,0.0000,0.0000,-24.0000,0.0000,15.0000,0.0500,7,"","","7.500:0.050:16.744|-4.200:0.050:10.688|20.422:0.050:-15.547|4.179:0.050:0.702|8.060:0.050:0.105","0.000:0.000:0.000|0.000:0.000:0.656|0.791:0.000:0.121|0.001:0.000:0.800|0.048:0.000:-0.654","-11.308:0.050:8.170|20.003:0.050:-7.728","0.000:0.000:0.000|0.000:0.000:0.000",False,False,Idle,60.00,40.00,3.00,MultiAgentTraffic,"P1:True|P2:True|P3:True|D1:True|D2:True|D3:True","H1:H1 rack picking and carton handoff:Transport to work bay:load=True:handoffs=0|H2:H2 cross-aisle carton transfer:Transport to work bay:load=True:handoffs=0|H3:H3 station scan and dispatch verification:Return for next assignment:load=False:handoffs=0|H4:H4 trolley supply transfer:Return for next assignment:load=False:handoffs=1|H5:H5 rack inspection and replenishment:Transport to work bay:load=True:handoffs=0|F1:F1 inbound pallet replenishment:Transport to work bay:load=True:handoffs=0|F2:F2 outbound pallet dispatch:Transport to work bay:load=True:handoffs=1"
39.8977,9,58,371,-24.0000,0.0500,15.0000,291.7270,0.0000,0.0000,-24.0000,0.0000,15.0000,0.0500,7,"","","7.500:0.050:16.744|-4.200:0.050:10.762|20.512:0.050:-15.533|4.179:0.050:0.793|8.065:0.050:0.031","0.000:0.000:0.000|0.000:0.000:0.656|0.791:0.000:0.121|0.001:0.000:0.800|0.048:0.000:-0.654","-11.308:0.050:8.170|20.003:0.050:-7.728","0.000:0.000:0.000|0.000:0.000:0.000",False,False,Idle,60.00,40.00,3.00,MultiAgentTraffic,"P1:True|P2:True|P3:True|D1:True|D2:True|D3:True","H1:H1 rack picking and carton handoff:Transport to work bay:load=True:handoffs=0|H2:H2 cross-aisle carton transfer:Transport to work bay:load=True:handoffs=0|H3:H3 station scan and dispatch verification:Return for next assignment:load=False:handoffs=0|H4:H4 trolley supply transfer:Return for next assignment:load=False:handoffs=1|H5:H5 rack inspection and replenishment:Transport to work bay:load=True:handoffs=0|F1:F1 inbound pallet replenishment:Transport to work bay:load=True:handoffs=0|F2:F2 outbound pallet dispatch:Transport to work bay:load=True:handoffs=1"
40.0046,9,58,372,-24.0000,0.0500,15.0000,291.7270,0.0000,0.0000,-24.0000,0.0000,15.0000,0.0500,7,"","","7.500:0.050:16.744|-4.200:0.050:10.833|20.597:0.050:-15.521|4.179:0.050:0.878|8.070:0.050:-0.039","0.000:0.000:0.000|0.000:0.000:0.656|0.791:0.000:0.121|0.001:0.000:0.800|0.048:0.000:-0.654","-11.308:0.050:8.170|20.003:0.050:-7.728","0.000:0.000:0.000|0.000:0.000:0.000",False,False,Idle,60.00,40.00,3.00,MultiAgentTraffic,"P1:True|P2:True|P3:True|D1:True|D2:True|D3:True","H1:H1 rack picking and carton handoff:Transport to work bay:load=True:handoffs=0|H2:H2 cross-aisle carton transfer:Transport to work bay:load=True:handoffs=0|H3:H3 station scan and dispatch verification:Return for next assignment:load=False:handoffs=0|H4:H4 trolley supply transfer:Return for next assignment:load=False:handoffs=1|H5:H5 rack inspection and replenishment:Transport to work bay:load=True:handoffs=0|F1:F1 inbound pallet replenishment:Transport to work bay:load=True:handoffs=0|F2:F2 outbound pallet dispatch:Transport to work bay:load=True:handoffs=1"
40.1141,9,58,373,-24.0000,0.0500,15.0000,291.7270,0.0000,0.0000,-24.0000,0.0000,15.0000,0.0500,7,"","","7.500:0.050:16.744|-4.200:0.050:10.904|20.684:0.050:-15.507|4.179:0.050:0.966|8.076:0.050:-0.111","0.000:0.000:0.000|0.000:0.000:0.656|0.791:0.000:0.121|0.001:0.000:0.800|0.048:0.000:-0.654","-11.308:0.050:8.170|20.000:0.050:-7.727","0.000:0.000:0.000|-0.057:0.000:0.027",False,False,Idle,60.00,40.00,3.00,MultiAgentTraffic,"P1:True|P2:True|P3:True|D1:True|D2:True|D3:True","H1:H1 rack picking and carton handoff:Transport to work bay:load=True:handoffs=0|H2:H2 cross-aisle carton transfer:Transport to work bay:load=True:handoffs=0|H3:H3 station scan and dispatch verification:Return for next assignment:load=False:handoffs=0|H4:H4 trolley supply transfer:Return for next assignment:load=False:handoffs=1|H5:H5 rack inspection and replenishment:Transport to work bay:load=True:handoffs=0|F1:F1 inbound pallet replenishment:Transport to work bay:load=True:handoffs=0|F2:F2 outbound pallet dispatch:Transport to work bay:load=True:handoffs=1"
40.2215,9,58,374,-24.0000,0.0500,15.0000,291.7270,0.0000,0.0000,-24.0000,0.0000,15.0000,0.0500,7,"","","7.500:0.050:16.744|-4.200:0.050:10.975|20.768:0.050:-15.494|4.179:0.050:1.052|8.081:0.050:-0.181","0.000:0.000:0.000|0.000:0.000:0.656|0.791:0.000:0.121|0.001:0.000:0.800|0.048:0.000:-0.654","-11.308:0.050:8.170|19.990:0.050:-7.721","0.000:0.000:0.000|-0.126:0.000:0.079",False,False,Idle,60.00,40.00,3.00,MultiAgentTraffic,"P1:True|P2:True|P3:True|D1:True|D2:True|D3:True","H1:H1 rack picking and carton handoff:Transport to work bay:load=True:handoffs=0|H2:H2 cross-aisle carton transfer:Transport to work bay:load=True:handoffs=0|H3:H3 station scan and dispatch verification:Return for next assignment:load=False:handoffs=0|H4:H4 trolley supply transfer:Return for next assignment:load=False:handoffs=1|H5:H5 rack inspection and replenishment:Transport to work bay:load=True:handoffs=0|F1:F1 inbound pallet replenishment:Transport to work bay:load=True:handoffs=0|F2:F2 outbound pallet dispatch:Transport to work bay:load=True:handoffs=1"
40.3308,9,58,375,-24.0000,0.0500,15.0000,291.7270,0.0000,0.0000,-24.0000,0.0000,15.0000,0.0500,7,"","","7.500:0.050:16.744|-4.200:0.050:11.047|20.855:0.050:-15.481|4.179:0.050:1.140|8.086:0.050:-0.252","0.000:0.000:0.000|0.000:0.000:0.656|0.791:0.000:0.121|0.001:0.000:0.800|0.048:0.000:-0.654","-11.308:0.050:8.170|19.973:0.050:-7.708","0.000:0.000:0.000|-0.183:0.000:0.149",False,False,Idle,60.00,40.00,3.00,MultiAgentTraffic,"P1:True|P2:True|P3:True|D1:True|D2:True|D3:True","H1:H1 rack picking and carton handoff:Transport to work bay:load=True:handoffs=0|H2:H2 cross-aisle carton transfer:Transport to work bay:load=True:handoffs=0|H3:H3 station scan and dispatch verification:Return for next assignment:load=False:handoffs=0|H4:H4 trolley supply transfer:Return for next assignment:load=False:handoffs=1|H5:H5 rack inspection and replenishment:Transport to work bay:load=True:handoffs=0|F1:F1 inbound pallet replenishment:Transport to work bay:load=True:handoffs=0|F2:F2 outbound pallet dispatch:Transport to work bay:load=True:handoffs=1"
40.4426,9,58,376,-24.0000,0.0500,15.0000,291.7270,0.0000,0.0000,-24.0000,0.0000,15.0000,0.0500,7,"","","7.500:0.050:16.744|-4.200:0.050:11.120|20.943:0.050:-15.468|4.180:0.050:1.229|8.091:0.050:-0.325","0.000:0.000:0.000|0.000:0.000:0.656|0.791:0.000:0.121|0.001:0.000:0.800|0.048:0.000:-0.654","-11.308:0.050:8.170|19.949:0.050:-7.686","0.000:0.000:0.000|-0.224:0.000:0.236",False,False,Idle,60.00,40.00,3.00,MultiAgentTraffic,"P1:True|P2:True|P3:True|D1:True|D2:True|D3:True","H1:H1 rack picking and carton handoff:Transport to work bay:load=True:handoffs=0|H2:H2 cross-aisle carton transfer:Transport to work bay:load=True:handoffs=0|H3:H3 station scan and dispatch verification:Return for next assignment:load=False:handoffs=0|H4:H4 trolley supply transfer:Return for next assignment:load=False:handoffs=1|H5:H5 rack inspection and replenishment:Transport to work bay:load=True:handoffs=0|F1:F1 inbound pallet replenishment:Transport to work bay:load=True:handoffs=0|F2:F2 outbound pallet dispatch:Transport to work bay:load=True:handoffs=1"
40.5540,9,58,377,-24.0000,0.0500,15.0000,291.7270,0.0000,0.0000,-24.0000,0.0000,15.0000,0.0500,7,"","","7.500:0.050:16.744|-4.200:0.050:11.193|21.031:0.050:-15.454|4.180:0.050:1.318|8.097:0.050:-0.398","0.000:0.000:0.000|0.000:0.000:0.656|0.791:0.000:0.121|0.001:0.000:0.800|0.048:0.000:-0.654","-11.308:0.050:8.170|19.923:0.050:-7.654","0.000:0.000:0.000|-0.246:0.000:0.334",False,False,Idle,60.00,40.00,3.00,MultiAgentTraffic,"P1:True|P2:True|P3:True|D1:True|D2:True|D3:True","H1:H1 rack picking and carton handoff:Transport to work bay:load=True:handoffs=0|H2:H2 cross-aisle carton transfer:Transport to work bay:load=True:handoffs=0|H3:H3 station scan and dispatch verification:Return for next assignment:load=False:handoffs=0|H4:H4 trolley supply transfer:Return for next assignment:load=False:handoffs=1|H5:H5 rack inspection and replenishment:Transport to work bay:load=True:handoffs=0|F1:F1 inbound pallet replenishment:Transport to work bay:load=True:handoffs=0|F2:F2 outbound pallet dispatch:Transport to work bay:load=True:handoffs=1"
40.6596,9,58,378,-24.0000,0.0500,15.0000,291.7270,0.0000,0.0000,-24.0000,0.0000,15.0000,0.0500,7,"","","7.500:0.050:16.744|-4.200:0.050:11.262|21.115:0.050:-15.441|4.180:0.050:1.403|8.102:0.050:-0.467","0.000:0.000:0.000|0.000:0.000:0.656|0.791:0.000:0.121|0.001:0.000:0.800|0.048:0.000:-0.654","-11.308:0.050:8.170|19.897:0.050:-7.612","0.000:0.000:0.000|-0.246:0.000:0.434",False,False,Idle,60.00,40.00,3.00,MultiAgentTraffic,"P1:True|P2:True|P3:True|D1:True|D2:True|D3:True","H1:H1 rack picking and carton handoff:Transport to work bay:load=True:handoffs=0|H2:H2 cross-aisle carton transfer:Transport to work bay:load=True:handoffs=0|H3:H3 station scan and dispatch verification:Return for next assignment:load=False:handoffs=0|H4:H4 trolley supply transfer:Return for next assignment:load=False:handoffs=1|H5:H5 rack inspection and replenishment:Transport to work bay:load=True:handoffs=0|F1:F1 inbound pallet replenishment:Transport to work bay:load=True:handoffs=0|F2:F2 outbound pallet dispatch:Transport to work bay:load=True:handoffs=1"
40.7667,9,58,379,-24.0000,0.0500,15.0000,291.7270,0.0000,0.0000,-24.0000,0.0000,15.0000,0.0500,7,"","","7.500:0.050:16.744|-4.200:0.050:11.333|21.200:0.050:-15.428|4.180:0.050:1.488|8.107:0.050:-0.537","0.000:0.000:0.000|0.000:0.000:0.656|0.791:0.000:0.121|0.001:0.000:0.800|0.048:0.000:-0.654","-11.308:0.050:8.170|19.871:0.050:-7.559","0.000:0.000:0.000|-0.225:0.000:0.540",False,False,Idle,60.00,40.00,3.00,MultiAgentTraffic,"P1:True|P2:True|P3:True|D1:True|D2:True|D3:True","H1:H1 rack picking and carton handoff:Transport to work bay:load=True:handoffs=0|H2:H2 cross-aisle carton transfer:Transport to work bay:load=True:handoffs=0|H3:H3 station scan and dispatch verification:Return for next assignment:load=False:handoffs=0|H4:H4 trolley supply transfer:Return for next assignment:load=False:handoffs=1|H5:H5 rack inspection and replenishment:Transport to work bay:load=True:handoffs=0|F1:F1 inbound pallet replenishment:Transport to work bay:load=True:handoffs=0|F2:F2 outbound pallet dispatch:Transport to work bay:load=True:handoffs=1"
40.8687,9,58,380,-24.0000,0.0500,15.0000,291.7270,0.0000,0.0000,-24.0000,0.0000,15.0000,0.0500,7,"","","7.500:0.050:16.744|-4.200:0.050:11.399|21.280:0.050:-15.416|4.180:0.050:1.570|8.112:0.050:-0.604","0.000:0.000:0.000|0.000:0.000:0.656|0.791:0.000:0.121|0.001:0.000:0.800|0.048:0.000:-0.654","-11.308:0.050:8.170|19.850:0.050:-7.499","0.000:0.000:0.000|-0.184:0.000:0.640",False,False,Idle,60.00,40.00,3.00,MultiAgentTraffic,"P1:True|P2:True|P3:True|D1:True|D2:True|D3:True","H1:H1 rack picking and carton handoff:Transport to work bay:load=True:handoffs=0|H2:H2 cross-aisle carton transfer:Transport to work bay:load=True:handoffs=0|H3:H3 station scan and dispatch verification:Return for next assignment:load=False:handoffs=0|H4:H4 trolley supply transfer:Return for next assignment:load=False:handoffs=1|H5:H5 rack inspection and replenishment:Transport to work bay:load=True:handoffs=0|F1:F1 inbound pallet replenishment:Transport to work bay:load=True:handoffs=0|F2:F2 outbound pallet dispatch:Transport to work bay:load=True:handoffs=1"
40.9723,9,58,381,-24.0000,0.0500,15.0000,291.7270,0.0000,0.0000,-24.0000,0.0000,15.0000,0.0500,7,"","","7.500:0.050:16.744|-4.200:0.050:11.467|21.362:0.050:-15.403|4.180:0.050:1.653|8.117:0.050:-0.672","0.000:0.000:0.000|0.000:0.000:0.656|0.791:0.000:0.121|0.001:0.000:0.800|0.048:0.000:-0.654","-11.308:0.050:8.170|19.835:0.050:-7.426","0.000:0.000:0.000|-0.122:0.000:0.739",False,False,Idle,60.00,40.00,3.00,MultiAgentTraffic,"P1:True|P2:True|P3:True|D1:True|D2:True|D3:True","H1:H1 rack picking and carton handoff:Transport to work bay:load=True:handoffs=0|H2:H2 cross-aisle carton transfer:Transport to work bay:load=True:handoffs=0|H3:H3 station scan and dispatch verification:Return for next assignment:load=False:handoffs=0|H4:H4 trolley supply transfer:Return for next assignment:load=False:handoffs=1|H5:H5 rack inspection and replenishment:Transport to work bay:load=True:handoffs=0|F1:F1 inbound pallet replenishment:Transport to work bay:load=True:handoffs=0|F2:F2 outbound pallet dispatch:Transport to work bay:load=True:handoffs=1"
41.0799,9,58,382,-24.0000,0.0500,15.0000,291.7270,0.0000,0.0000,-24.0000,0.0000,15.0000,0.0500,7,"","","7.500:0.050:16.744|-4.200:0.050:11.538|21.447:0.050:-15.390|4.180:0.050:1.739|8.122:0.050:-0.742","0.000:0.000:0.000|0.000:0.000:0.656|0.791:0.000:0.121|0.001:0.000:0.800|0.048:0.000:-0.654","-11.308:0.050:8.170|19.827:0.050:-7.341","0.000:0.000:0.000|-0.034:0.000:0.835",False,False,Idle,60.00,40.00,3.00,MultiAgentTraffic,"P1:True|P2:True|P3:True|D1:True|D2:True|D3:True","H1:H1 rack picking and carton handoff:Transport to work bay:load=True:handoffs=0|H2:H2 cross-aisle carton transfer:Transport to work bay:load=True:handoffs=0|H3:H3 station scan and dispatch verification:Return for next assignment:load=False:handoffs=0|H4:H4 trolley supply transfer:Return for next assignment:load=False:handoffs=1|H5:H5 rack inspection and replenishment:Transport to work bay:load=True:handoffs=0|F1:F1 inbound pallet replenishment:Transport to work bay:load=True:handoffs=0|F2:F2 outbound pallet dispatch:Transport to work bay:load=True:handoffs=1"
41.1899,9,58,383,-24.0000,0.0500,15.0000,291.7270,0.0000,0.0000,-24.0000,0.0000,15.0000,0.0500,7,"","","7.500:0.050:16.744|-4.200:0.050:11.610|21.534:0.050:-15.377|4.181:0.050:1.827|8.128:0.050:-0.814","0.000:0.000:0.000|0.000:0.000:0.656|0.791:0.000:0.121|0.001:0.000:0.800|0.048:0.000:-0.654","-11.308:0.050:8.170|19.827:0.050:-7.243","0.000:0.000:0.000|0.010:0.000:0.923",False,False,Idle,60.00,40.00,3.00,MultiAgentTraffic,"P1:True|P2:True|P3:True|D1:True|D2:True|D3:True","H1:H1 rack picking and carton handoff:Transport to work bay:load=True:handoffs=0|H2:H2 cross-aisle carton transfer:Transport to work bay:load=True:handoffs=0|H3:H3 station scan and dispatch verification:Return for next assignment:load=False:handoffs=0|H4:H4 trolley supply transfer:Return for next assignment:load=False:handoffs=1|H5:H5 rack inspection and replenishment:Transport to work bay:load=True:handoffs=0|F1:F1 inbound pallet replenishment:Transport to work bay:load=True:handoffs=0|F2:F2 outbound pallet dispatch:Transport to work bay:load=True:handoffs=1"
41.3024,9,58,384,-24.0000,0.0500,15.0000,291.7270,0.0000,0.0000,-24.0000,0.0000,15.0000,0.0500,7,"","","7.500:0.050:16.744|-4.200:0.050:11.684|21.623:0.050:-15.364|4.181:0.050:1.917|8.133:0.050:-0.888","0.000:0.000:0.000|0.000:0.000:0.656|0.791:0.000:0.121|0.001:0.000:0.800|0.048:0.000:-0.654","-11.308:0.050:8.170|19.829:0.050:-7.134","0.000:0.000:0.000|0.011:0.000:1.013",False,False,Idle,60.00,40.00,3.00,MultiAgentTraffic,"P1:True|P2:True|P3:True|D1:True|D2:True|D3:True","H1:H1 rack picking and carton handoff:Transport to work bay:load=True:handoffs=0|H2:H2 cross-aisle carton transfer:Transport to work bay:load=True:handoffs=0|H3:H3 station scan and dispatch verification:Return for next assignment:load=False:handoffs=0|H4:H4 trolley supply transfer:Return for next assignment:load=False:handoffs=1|H5:H5 rack inspection and replenishment:Transport to work bay:load=True:handoffs=0|F1:F1 inbound pallet replenishment:Transport to work bay:load=True:handoffs=0|F2:F2 outbound pallet dispatch:Transport to work bay:load=True:handoffs=1"
41.4173,9,58,385,-24.0000,0.0500,15.0000,291.7270,0.0000,0.0000,-24.0000,0.0000,15.0000,0.0500,7,"","","7.500:0.050:16.744|-4.200:0.050:11.759|21.714:0.050:-15.350|4.181:0.050:2.009|8.139:0.050:-0.963","0.000:0.000:0.000|0.000:0.000:0.656|0.791:0.000:0.121|0.001:0.000:0.800|0.048:0.000:-0.654","-11.308:0.050:8.170|19.830:0.050:-7.013","0.000:0.000:0.000|0.012:0.000:1.066",False,False,Idle,60.00,40.00,3.00,MultiAgentTraffic,"P1:True|P2:True|P3:True|D1:True|D2:True|D3:True","H1:H1 rack picking and carton handoff:Transport to work bay:load=True:handoffs=0|H2:H2 cross-aisle carton transfer:Transport to work bay:load=True:handoffs=0|H3:H3 station scan and dispatch verification:Return for next assignment:load=False:handoffs=0|H4:H4 trolley supply transfer:Return for next assignment:load=False:handoffs=1|H5:H5 rack inspection and replenishment:Transport to work bay:load=True:handoffs=0|F1:F1 inbound pallet replenishment:Transport to work bay:load=True:handoffs=0|F2:F2 outbound pallet dispatch:Transport to work bay:load=True:handoffs=1"
41.5244,9,58,386,-24.0000,0.0500,15.0000,291.7270,0.0000,0.0000,-24.0000,0.0000,15.0000,0.0500,7,"","","7.500:0.050:16.744|-4.200:0.050:11.830|21.799:0.050:-15.337|4.181:0.050:2.094|8.144:0.050:-1.033","0.000:0.000:0.000|0.000:0.000:0.656|0.791:0.000:0.121|0.001:0.000:0.800|0.048:0.000:-0.654","-11.308:0.050:8.170|19.831:0.050:-6.898","0.000:0.000:0.000|0.012:0.000:1.066",False,False,Idle,60.00,40.00,3.00,MultiAgentTraffic,"P1:True|P2:True|P3:True|D1:True|D2:True|D3:True","H1:H1 rack picking and carton handoff:Transport to work bay:load=True:handoffs=0|H2:H2 cross-aisle carton transfer:Transport to work bay:load=True:handoffs=0|H3:H3 station scan and dispatch verification:Return for next assignment:load=False:handoffs=0|H4:H4 trolley supply transfer:Return for next assignment:load=False:handoffs=1|H5:H5 rack inspection and replenishment:Transport to work bay:load=True:handoffs=0|F1:F1 inbound pallet replenishment:Transport to work bay:load=True:handoffs=0|F2:F2 outbound pallet dispatch:Transport to work bay:load=True:handoffs=1"
41.6245,9,58,387,-24.0000,0.0500,15.0000,291.7270,0.0000,0.0000,-24.0000,0.0000,15.0000,0.0500,7,"","","7.500:0.050:16.744|-4.200:0.050:11.895|21.878:0.050:-15.325|4.181:0.050:2.174|8.149:0.050:-1.099","0.000:0.000:0.000|0.000:0.000:0.656|0.791:0.000:0.121|0.001:0.000:0.800|0.048:0.000:-0.654","-11.308:0.050:8.170|19.833:0.050:-6.792","0.000:0.000:0.000|0.012:0.000:1.066",False,False,Idle,60.00,40.00,3.00,MultiAgentTraffic,"P1:True|P2:True|P3:True|D1:True|D2:True|D3:True","H1:H1 rack picking and carton handoff:Transport to work bay:load=True:handoffs=0|H2:H2 cross-aisle carton transfer:Transport to work bay:load=True:handoffs=0|H3:H3 station scan and dispatch verification:Return for next assignment:load=False:handoffs=0|H4:H4 trolley supply transfer:Return for next assignment:load=False:handoffs=1|H5:H5 rack inspection and replenishment:Transport to work bay:load=True:handoffs=0|F1:F1 inbound pallet replenishment:Transport to work bay:load=True:handoffs=0|F2:F2 outbound pallet dispatch:Transport to work bay:load=True:handoffs=1"
41.7347,9,58,388,-24.0000,0.0500,15.0000,291.7270,0.0000,0.0000,-24.0000,0.0000,15.0000,0.0500,7,"","","7.500:0.050:16.744|-4.200:0.050:11.968|21.965:0.050:-15.311|4.181:0.050:2.263|8.154:0.050:-1.171","0.000:0.000:0.000|0.000:0.000:0.656|0.791:0.000:0.121|0.001:0.000:0.800|0.048:0.000:-0.654","-11.308:0.050:8.170|19.834:0.050:-6.674","0.000:0.000:0.000|0.012:0.000:1.066",False,False,Idle,60.00,40.00,3.00,MultiAgentTraffic,"P1:True|P2:True|P3:True|D1:True|D2:True|D3:True","H1:H1 rack picking and carton handoff:Transport to work bay:load=True:handoffs=0|H2:H2 cross-aisle carton transfer:Transport to work bay:load=True:handoffs=0|H3:H3 station scan and dispatch verification:Return for next assignment:load=False:handoffs=0|H4:H4 trolley supply transfer:Return for next assignment:load=False:handoffs=1|H5:H5 rack inspection and replenishment:Transport to work bay:load=True:handoffs=0|F1:F1 inbound pallet replenishment:Transport to work bay:load=True:handoffs=0|F2:F2 outbound pallet dispatch:Transport to work bay:load=True:handoffs=1"
41.8498,9,58,389,-24.0000,0.0500,15.0000,291.7270,0.0000,0.0000,-24.0000,0.0000,15.0000,0.0500,7,"","","7.500:0.050:16.744|-4.200:0.050:12.043|22.056:0.050:-15.297|4.181:0.050:2.355|8.159:0.050:-1.246","0.000:0.000:0.000|0.000:0.000:0.656|0.791:0.000:0.121|0.001:0.000:0.800|0.048:0.000:-0.654","-11.308:0.050:8.170|19.835:0.050:-6.552","0.000:0.000:0.000|0.012:0.000:1.066",False,False,Idle,60.00,40.00,3.00,MultiAgentTraffic,"P1:True|P2:True|P3:True|D1:True|D2:True|D3:True","H1:H1 rack picking and carton handoff:Transport to work bay:load=True:handoffs=0|H2:H2 cross-aisle carton transfer:Transport to work bay:load=True:handoffs=0|H3:H3 station scan and dispatch verification:Return for next assignment:load=False:handoffs=0|H4:H4 trolley supply transfer:Return for next assignment:load=False:handoffs=1|H5:H5 rack inspection and replenishment:Transport to work bay:load=True:handoffs=0|F1:F1 inbound pallet replenishment:Transport to work bay:load=True:handoffs=0|F2:F2 outbound pallet dispatch:Transport to work bay:load=True:handoffs=1"
41.9607,9,58,390,-24.0000,0.0500,15.0000,291.7270,0.0000,0.0000,-24.0000,0.0000,15.0000,0.0500,7,"","","7.500:0.050:16.744|-4.200:0.050:12.116|22.144:0.050:-15.284|4.182:0.050:2.443|8.165:0.050:-1.319","0.000:0.000:0.000|0.000:0.000:0.656|0.791:0.000:0.121|0.001:0.000:0.800|0.048:0.000:-0.654","-11.308:0.050:8.170|19.837:0.050:-6.433","0.000:0.000:0.000|0.012:0.000:1.066",False,False,Idle,60.00,40.00,3.00,MultiAgentTraffic,"P1:True|P2:True|P3:True|D1:True|D2:True|D3:True","H1:H1 rack picking and carton handoff:Transport to work bay:load=True:handoffs=0|H2:H2 cross-aisle carton transfer:Transport to work bay:load=True:handoffs=0|H3:H3 station scan and dispatch verification:Return for next assignment:load=False:handoffs=0|H4:H4 trolley supply transfer:Return for next assignment:load=False:handoffs=1|H5:H5 rack inspection and replenishment:Transport to work bay:load=True:handoffs=0|F1:F1 inbound pallet replenishment:Transport to work bay:load=True:handoffs=0|F2:F2 outbound pallet dispatch:Transport to work bay:load=True:handoffs=1"
42.0719,9,58,391,-24.0000,0.0500,15.0000,291.7270,0.0000,0.0000,-24.0000,0.0000,15.0000,0.0500,7,"","","7.500:0.050:16.744|-4.200:0.050:12.189|22.232:0.050:-15.270|4.182:0.050:2.532|8.170:0.050:-1.391","0.000:0.000:0.000|0.000:0.000:0.656|0.791:0.000:0.121|0.001:0.000:0.800|0.048:0.000:-0.654","-11.308:0.050:8.170|19.838:0.050:-6.315","0.000:0.000:0.000|0.012:0.000:1.066",False,False,Idle,60.00,40.00,3.00,MultiAgentTraffic,"P1:True|P2:True|P3:True|D1:True|D2:True|D3:True","H1:H1 rack picking and carton handoff:Transport to work bay:load=True:handoffs=0|H2:H2 cross-aisle carton transfer:Transport to work bay:load=True:handoffs=0|H3:H3 station scan and dispatch verification:Return for next assignment:load=False:handoffs=0|H4:H4 trolley supply transfer:Return for next assignment:load=False:handoffs=1|H5:H5 rack inspection and replenishment:Transport to work bay:load=True:handoffs=0|F1:F1 inbound pallet replenishment:Transport to work bay:load=True:handoffs=0|F2:F2 outbound pallet dispatch:Transport to work bay:load=True:handoffs=1"
42.1813,9,58,392,-24.0000,0.0500,15.0000,291.7270,0.0000,0.0000,-24.0000,0.0000,15.0000,0.0500,7,"","","7.500:0.050:16.744|-4.200:0.050:12.261|22.318:0.050:-15.257|4.182:0.050:2.620|8.175:0.050:-1.463","0.000:0.000:0.000|0.000:0.000:0.656|0.791:0.000:0.121|0.001:0.000:0.800|0.048:0.000:-0.654","-11.308:0.050:8.170|19.839:0.050:-6.198","0.000:0.000:0.000|0.012:0.000:1.066",False,False,Idle,60.00,40.00,3.00,MultiAgentTraffic,"P1:True|P2:True|P3:True|D1:True|D2:True|D3:True","H1:H1 rack picking and carton handoff:Transport to work bay:load=True:handoffs=0|H2:H2 cross-aisle carton transfer:Transport to work bay:load=True:handoffs=0|H3:H3 station scan and dispatch verification:Return for next assignment:load=False:handoffs=0|H4:H4 trolley supply transfer:Return for next assignment:load=False:handoffs=1|H5:H5 rack inspection and replenishment:Transport to work bay:load=True:handoffs=0|F1:F1 inbound pallet replenishment:Transport to work bay:load=True:handoffs=0|F2:F2 outbound pallet dispatch:Transport to work bay:load=True:handoffs=1"
42.2992,9,58,393,-24.0000,0.0500,15.0000,291.7270,0.0000,0.0000,-24.0000,0.0000,15.0000,0.0500,7,"","","7.500:0.050:16.744|-4.200:0.050:12.338|22.412:0.050:-15.243|4.182:0.050:2.714|8.181:0.050:-1.540","0.000:0.000:0.000|0.000:0.000:0.656|0.791:0.000:0.121|0.001:0.000:0.800|0.048:0.000:-0.654","-11.308:0.050:8.170|19.841:0.050:-6.072","0.000:0.000:0.000|0.012:0.000:1.066",False,False,Idle,60.00,40.00,3.00,MultiAgentTraffic,"P1:True|P2:True|P3:True|D1:True|D2:True|D3:True","H1:H1 rack picking and carton handoff:Transport to work bay:load=True:handoffs=0|H2:H2 cross-aisle carton transfer:Transport to work bay:load=True:handoffs=0|H3:H3 station scan and dispatch verification:Return for next assignment:load=False:handoffs=0|H4:H4 trolley supply transfer:Return for next assignment:load=False:handoffs=1|H5:H5 rack inspection and replenishment:Transport to work bay:load=True:handoffs=0|F1:F1 inbound pallet replenishment:Transport to work bay:load=True:handoffs=0|F2:F2 outbound pallet dispatch:Transport to work bay:load=True:handoffs=1"
42.4097,9,58,394,-24.0000,0.0500,15.0000,291.7270,0.0000,0.0000,-24.0000,0.0000,15.0000,0.0500,7,"","","7.500:0.050:16.744|-4.200:0.050:12.410|22.499:0.050:-15.230|4.182:0.050:2.803|8.187:0.050:-1.612","0.000:0.000:0.000|0.000:0.000:0.656|0.791:0.000:0.121|0.001:0.000:0.800|0.048:0.000:-0.654","-11.308:0.050:8.170|19.842:0.050:-5.955","0.000:0.000:0.000|0.012:0.000:1.066",False,False,Idle,60.00,40.00,3.00,MultiAgentTraffic,"P1:True|P2:True|P3:True|D1:True|D2:True|D3:True","H1:H1 rack picking and carton handoff:Transport to work bay:load=True:handoffs=0|H2:H2 cross-aisle carton transfer:Transport to work bay:load=True:handoffs=0|H3:H3 station scan and dispatch verification:Return for next assignment:load=False:handoffs=0|H4:H4 trolley supply transfer:Return for next assignment:load=False:handoffs=1|H5:H5 rack inspection and replenishment:Transport to work bay:load=True:handoffs=0|F1:F1 inbound pallet replenishment:Transport to work bay:load=True:handoffs=0|F2:F2 outbound pallet dispatch:Transport to work bay:load=True:handoffs=1"
42.5128,9,58,395,-24.0000,0.0500,15.0000,291.7270,0.0000,0.0000,-24.0000,0.0000,15.0000,0.0500,7,"","","7.500:0.050:16.744|-4.200:0.050:12.478|22.580:0.050:-15.217|4.182:0.050:2.885|8.192:0.050:-1.680","0.000:0.000:0.000|0.000:0.000:0.656|0.791:0.000:0.121|0.001:0.000:0.800|0.048:0.000:-0.654","-11.308:0.050:8.170|19.843:0.050:-5.845","0.000:0.000:0.000|0.012:0.000:1.066",False,False,Idle,60.00,40.00,3.00,MultiAgentTraffic,"P1:True|P2:False|P3:True|D1:True|D2:True|D3:True","H1:H1 rack picking and carton handoff:Transport to work bay:load=True:handoffs=0|H2:H2 cross-aisle carton transfer:Transport to work bay:load=True:handoffs=0|H3:H3 station scan and dispatch verification:Return for next assignment:load=False:handoffs=0|H4:H4 trolley supply transfer:Return for next assignment:load=False:handoffs=1|H5:H5 rack inspection and replenishment:Transport to work bay:load=True:handoffs=0|F1:F1 inbound pallet replenishment:Transport to work bay:load=True:handoffs=0|F2:F2 outbound pallet dispatch:Transport to work bay:load=True:handoffs=1"
42.6131,9,58,396,-24.0000,0.0500,15.0000,291.7270,0.0000,0.0000,-24.0000,0.0000,15.0000,0.0500,7,"","","7.500:0.050:16.744|-4.200:0.050:12.544|22.660:0.050:-15.205|4.182:0.050:2.965|8.196:0.050:-1.745","0.000:0.000:0.000|0.000:0.000:0.656|0.791:0.000:0.121|0.001:0.000:0.800|0.048:0.000:-0.654","-11.308:0.050:8.170|19.844:0.050:-5.738","0.000:0.000:0.000|0.012:0.000:1.066",False,False,Idle,60.00,40.00,3.00,MultiAgentTraffic,"P1:True|P2:False|P3:True|D1:True|D2:True|D3:True","H1:H1 rack picking and carton handoff:Transport to work bay:load=True:handoffs=0|H2:H2 cross-aisle carton transfer:Transport to work bay:load=True:handoffs=0|H3:H3 station scan and dispatch verification:Return for next assignment:load=False:handoffs=0|H4:H4 trolley supply transfer:Return for next assignment:load=False:handoffs=1|H5:H5 rack inspection and replenishment:Transport to work bay:load=True:handoffs=0|F1:F1 inbound pallet replenishment:Transport to work bay:load=True:handoffs=0|F2:F2 outbound pallet dispatch:Transport to work bay:load=True:handoffs=1"
42.7205,9,58,397,-24.0000,0.0500,15.0000,291.7270,0.0000,0.0000,-24.0000,0.0000,15.0000,0.0500,7,"","","7.500:0.050:16.744|-4.200:0.050:12.614|22.745:0.050:-15.192|4.183:0.050:3.051|8.202:0.050:-1.816","0.000:0.000:0.000|0.000:0.000:0.656|0.791:0.000:0.121|0.001:0.000:0.800|0.048:0.000:-0.654","-11.308:0.050:8.170|19.846:0.050:-5.623","0.000:0.000:0.000|0.012:0.000:1.066",False,False,Idle,60.00,40.00,3.00,MultiAgentTraffic,"P1:True|P2:False|P3:True|D1:True|D2:True|D3:True","H1:H1 rack picking and carton handoff:Transport to work bay:load=True:handoffs=0|H2:H2 cross-aisle carton transfer:Transport to work bay:load=True:handoffs=0|H3:H3 station scan and dispatch verification:Return for next assignment:load=False:handoffs=0|H4:H4 trolley supply transfer:Return for next assignment:load=False:handoffs=1|H5:H5 rack inspection and replenishment:Transport to work bay:load=True:handoffs=0|F1:F1 inbound pallet replenishment:Transport to work bay:load=True:handoffs=0|F2:F2 outbound pallet dispatch:Transport to work bay:load=True:handoffs=1"
42.8330,9,58,398,-24.0000,0.0500,15.0000,291.7270,0.0000,0.0000,-24.0000,0.0000,15.0000,0.0500,7,"","","7.500:0.050:16.744|-4.200:0.050:12.688|22.834:0.050:-15.178|4.183:0.050:3.141|8.207:0.050:-1.889","0.000:0.000:0.000|0.000:0.000:0.656|0.791:0.000:0.121|0.001:0.000:0.800|0.048:0.000:-0.654","-11.308:0.050:8.170|19.847:0.050:-5.504","0.000:0.000:0.000|0.012:0.000:1.066",False,False,Idle,60.00,40.00,3.00,MultiAgentTraffic,"P1:True|P2:False|P3:True|D1:True|D2:True|D3:True","H1:H1 rack picking and carton handoff:Transport to work bay:load=True:handoffs=0|H2:H2 cross-aisle carton transfer:Transport to work bay:load=True:handoffs=0|H3:H3 station scan and dispatch verification:Return for next assignment:load=False:handoffs=0|H4:H4 trolley supply transfer:Return for next assignment:load=False:handoffs=1|H5:H5 rack inspection and replenishment:Transport to work bay:load=True:handoffs=0|F1:F1 inbound pallet replenishment:Transport to work bay:load=True:handoffs=0|F2:F2 outbound pallet dispatch:Transport to work bay:load=True:handoffs=1"
42.9402,9,58,399,-24.0000,0.0500,15.0000,291.7270,0.0000,0.0000,-24.0000,0.0000,15.0000,0.0500,7,"","","7.500:0.050:16.744|-4.200:0.050:12.758|22.918:0.050:-15.165|4.183:0.050:3.227|8.212:0.050:-1.959","0.000:0.000:0.000|0.000:0.000:0.656|0.791:0.000:0.121|0.001:0.000:0.800|0.048:0.000:-0.654","-11.308:0.050:8.170|19.848:0.050:-5.389","0.000:0.000:0.000|0.012:0.000:1.066",False,False,Idle,60.00,40.00,3.00,MultiAgentTraffic,"P1:True|P2:False|P3:True|D1:True|D2:True|D3:True","H1:H1 rack picking and carton handoff:Transport to work bay:load=True:handoffs=0|H2:H2 cross-aisle carton transfer:Transport to work bay:load=True:handoffs=0|H3:H3 station scan and dispatch verification:Return for next assignment:load=False:handoffs=0|H4:H4 trolley supply transfer:Return for next assignment:load=False:handoffs=1|H5:H5 rack inspection and replenishment:Transport to work bay:load=True:handoffs=0|F1:F1 inbound pallet replenishment:Transport to work bay:load=True:handoffs=0|F2:F2 outbound pallet dispatch:Transport to work bay:load=True:handoffs=1"
43.0522,9,58,400,-24.0000,0.0500,15.0000,291.7270,0.0000,0.0000,-24.0000,0.0000,15.0000,0.0500,7,"","","7.500:0.050:16.744|-4.200:0.050:12.832|23.007:0.050:-15.152|4.183:0.050:3.317|8.218:0.050:-2.033","0.000:0.000:0.000|0.000:0.000:0.656|0.791:0.000:0.121|0.001:0.000:0.800|0.048:0.000:-0.654","-11.308:0.050:8.170|19.850:0.050:-5.270","0.000:0.000:0.000|0.012:0.000:1.066",False,False,Idle,60.00,40.00,3.00,MultiAgentTraffic,"P1:True|P2:False|P3:True|D1:True|D2:True|D3:True","H1:H1 rack picking and carton handoff:Transport to work bay:load=True:handoffs=0|H2:H2 cross-aisle carton transfer:Transport to work bay:load=True:handoffs=0|H3:H3 station scan and dispatch verification:Return for next assignment:load=False:handoffs=0|H4:H4 trolley supply transfer:Return for next assignment:load=False:handoffs=1|H5:H5 rack inspection and replenishment:Transport to work bay:load=True:handoffs=0|F1:F1 inbound pallet replenishment:Transport to work bay:load=True:handoffs=0|F2:F2 outbound pallet dispatch:Transport to work bay:load=True:handoffs=1"
43.1594,9,58,401,-24.0000,0.0500,15.0000,291.7270,0.0000,0.0000,-24.0000,0.0000,15.0000,0.0500,7,"","","7.500:0.050:16.744|-4.200:0.050:12.902|23.092:0.050:-15.139|4.183:0.050:3.402|8.223:0.050:-2.103","0.000:0.000:0.000|0.000:0.000:0.656|0.791:0.000:0.121|0.001:0.000:0.800|0.048:0.000:-0.654","-11.308:0.050:8.170|19.851:0.050:-5.156","0.000:0.000:0.000|0.012:0.000:1.066",False,False,Idle,60.00,40.00,3.00,MultiAgentTraffic,"P1:True|P2:False|P3:True|D1:True|D2:True|D3:True","H1:H1 rack picking and carton handoff:Transport to work bay:load=True:handoffs=0|H2:H2 cross-aisle carton transfer:Transport to work bay:load=True:handoffs=0|H3:H3 station scan and dispatch verification:Return for next assignment:load=False:handoffs=0|H4:H4 trolley supply transfer:Return for next assignment:load=False:handoffs=1|H5:H5 rack inspection and replenishment:Transport to work bay:load=True:handoffs=0|F1:F1 inbound pallet replenishment:Transport to work bay:load=True:handoffs=0|F2:F2 outbound pallet dispatch:Transport to work bay:load=True:handoffs=1"
43.2622,9,58,402,-24.0000,0.0500,15.0000,291.7270,0.0000,0.0000,-24.0000,0.0000,15.0000,0.0500,7,"","","7.500:0.050:16.744|-4.200:0.050:12.970|23.173:0.050:-15.126|4.183:0.050:3.485|8.228:0.050:-2.170","0.000:0.000:0.000|0.000:0.000:0.656|0.791:0.000:0.121|0.001:0.000:0.800|0.048:0.000:-0.654","-11.308:0.050:8.170|19.852:0.050:-5.046","0.000:0.000:0.000|0.012:0.000:1.066",False,False,Idle,60.00,40.00,3.00,MultiAgentTraffic,"P1:True|P2:False|P3:True|D1:True|D2:True|D3:True","H1:H1 rack picking and carton handoff:Transport to work bay:load=True:handoffs=0|H2:H2 cross-aisle carton transfer:Transport to work bay:load=True:handoffs=0|H3:H3 station scan and dispatch verification:Return for next assignment:load=False:handoffs=0|H4:H4 trolley supply transfer:Return for next assignment:load=False:handoffs=1|H5:H5 rack inspection and replenishment:Transport to work bay:load=True:handoffs=0|F1:F1 inbound pallet replenishment:Transport to work bay:load=True:handoffs=0|F2:F2 outbound pallet dispatch:Transport to work bay:load=True:handoffs=1"
43.3726,9,58,403,-24.0000,0.0500,15.0000,291.7270,0.0000,0.0000,-24.0000,0.0000,15.0000,0.0500,7,"","","7.500:0.050:16.744|-4.200:0.050:13.042|23.260:0.050:-15.113|4.183:0.050:3.573|8.233:0.050:-2.242","0.000:0.000:0.000|0.000:0.000:0.656|0.791:0.000:0.121|0.001:0.000:0.800|0.048:0.000:-0.654","-11.308:0.050:8.170|19.854:0.050:-4.928","0.000:0.000:0.000|0.012:0.000:1.066",False,False,Idle,60.00,40.00,3.00,MultiAgentTraffic,"P1:True|P2:False|P3:True|D1:True|D2:True|D3:True","H1:H1 rack picking and carton handoff:Transport to work bay:load=True:handoffs=0|H2:H2 cross-aisle carton transfer:Transport to work bay:load=True:handoffs=0|H3:H3 station scan and dispatch verification:Return for next assignment:load=False:handoffs=0|H4:H4 trolley supply transfer:Return for next assignment:load=False:handoffs=1|H5:H5 rack inspection and replenishment:Transport to work bay:load=True:handoffs=0|F1:F1 inbound pallet replenishment:Transport to work bay:load=True:handoffs=0|F2:F2 outbound pallet dispatch:Transport to work bay:load=True:handoffs=1"
43.4728,9,58,404,-24.0000,0.0500,15.0000,291.7270,0.0000,0.0000,-24.0000,0.0000,15.0000,0.0500,7,"","","7.500:0.050:16.744|-4.200:0.050:13.108|23.340:0.050:-15.101|4.184:0.050:3.653|8.238:0.050:-2.308","0.000:0.000:0.000|0.000:0.000:0.656|0.791:0.000:0.121|0.001:0.000:0.800|0.048:0.000:-0.654","-11.308:0.050:8.170|19.855:0.050:-4.822","0.000:0.000:0.000|0.012:0.000:1.066",False,False,Idle,60.00,40.00,3.00,MultiAgentTraffic,"P1:True|P2:False|P3:True|D1:True|D2:True|D3:True","H1:H1 rack picking and carton handoff:Transport to work bay:load=True:handoffs=0|H2:H2 cross-aisle carton transfer:Transport to work bay:load=True:handoffs=0|H3:H3 station scan and dispatch verification:Return for next assignment:load=False:handoffs=0|H4:H4 trolley supply transfer:Return for next assignment:load=False:handoffs=1|H5:H5 rack inspection and replenishment:Transport to work bay:load=True:handoffs=0|F1:F1 inbound pallet replenishment:Transport to work bay:load=True:handoffs=0|F2:F2 outbound pallet dispatch:Transport to work bay:load=True:handoffs=1"
43.5763,9,58,405,-24.0000,0.0500,15.0000,291.7270,0.0000,0.0000,-24.0000,0.0000,15.0000,0.0500,7,"","","7.500:0.050:16.744|-4.200:0.050:13.176|23.421:0.050:-15.088|4.184:0.050:3.736|8.243:0.050:-2.376","0.000:0.000:0.000|0.000:0.000:0.656|0.791:0.000:0.121|0.001:0.000:0.800|0.048:0.000:-0.654","-11.308:0.050:8.170|19.856:0.050:-4.711","0.000:0.000:0.000|0.012:0.000:1.066",False,False,Idle,60.00,40.00,3.00,MultiAgentTraffic,"P1:True|P2:False|P3:True|D1:True|D2:True|D3:True","H1:H1 rack picking and carton handoff:Transport to work bay:load=True:handoffs=0|H2:H2 cross-aisle carton transfer:Transport to work bay:load=True:handoffs=0|H3:H3 station scan and dispatch verification:Return for next assignment:load=False:handoffs=0|H4:H4 trolley supply transfer:Return for next assignment:load=False:handoffs=1|H5:H5 rack inspection and replenishment:Transport to work bay:load=True:handoffs=0|F1:F1 inbound pallet replenishment:Transport to work bay:load=True:handoffs=0|F2:F2 outbound pallet dispatch:Transport to work bay:load=True:handoffs=1"
43.6828,9,58,406,-24.0000,0.0500,15.0000,291.7270,0.0000,0.0000,-24.0000,0.0000,15.0000,0.0500,7,"","","7.500:0.050:16.744|-4.200:0.050:13.226|23.506:0.050:-15.076|4.184:0.050:3.821|8.248:0.050:-2.445","0.000:0.000:0.000|0.000:0.000:0.000|0.791:0.000:0.121|0.001:0.000:0.800|0.048:0.000:-0.654","-11.308:0.050:8.170|19.857:0.050:-4.598","0.000:0.000:0.000|0.012:0.000:1.066",False,False,Idle,60.00,40.00,3.00,MultiAgentTraffic,"P1:True|P2:False|P3:True|D1:True|D2:True|D3:True","H1:H1 rack picking and carton handoff:Transport to work bay:load=True:handoffs=0|H2:H2 cross-aisle carton transfer:Unload / confirm hand-off:load=True:handoffs=1|H3:H3 station scan and dispatch verification:Return for next assignment:load=False:handoffs=0|H4:H4 trolley supply transfer:Return for next assignment:load=False:handoffs=1|H5:H5 rack inspection and replenishment:Transport to work bay:load=True:handoffs=0|F1:F1 inbound pallet replenishment:Transport to work bay:load=True:handoffs=0|F2:F2 outbound pallet dispatch:Transport to work bay:load=True:handoffs=1"
43.7883,9,58,407,-24.0000,0.0500,15.0000,291.7270,0.0000,0.0000,-24.0000,0.0000,15.0000,0.0500,7,"","","7.500:0.050:16.744|-4.200:0.050:13.226|23.589:0.050:-15.063|4.184:0.050:3.905|8.253:0.050:-2.514","0.000:0.000:0.000|0.000:0.000:0.000|0.791:0.000:0.121|0.001:0.000:0.800|0.048:0.000:-0.654","-11.308:0.050:8.170|19.859:0.050:-4.485","0.000:0.000:0.000|0.012:0.000:1.066",False,False,Idle,60.00,40.00,3.00,MultiAgentTraffic,"P1:True|P2:False|P3:True|D1:True|D2:True|D3:True","H1:H1 rack picking and carton handoff:Transport to work bay:load=True:handoffs=0|H2:H2 cross-aisle carton transfer:Unload / confirm hand-off:load=True:handoffs=1|H3:H3 station scan and dispatch verification:Return for next assignment:load=False:handoffs=0|H4:H4 trolley supply transfer:Return for next assignment:load=False:handoffs=1|H5:H5 rack inspection and replenishment:Transport to work bay:load=True:handoffs=0|F1:F1 inbound pallet replenishment:Transport to work bay:load=True:handoffs=0|F2:F2 outbound pallet dispatch:Transport to work bay:load=True:handoffs=1"
43.8897,9,58,408,-24.0000,0.0500,15.0000,291.7270,0.0000,0.0000,-24.0000,0.0000,15.0000,0.0500,7,"","","7.500:0.050:16.744|-4.200:0.050:13.226|23.669:0.050:-15.051|4.184:0.050:3.987|8.258:0.050:-2.581","0.000:0.000:0.000|0.000:0.000:0.000|0.791:0.000:0.121|0.001:0.000:0.800|0.048:0.000:-0.654","-11.308:0.050:8.170|19.860:0.050:-4.377","0.000:0.000:0.000|0.012:0.000:1.066",False,False,Idle,60.00,40.00,3.00,MultiAgentTraffic,"P1:True|P2:False|P3:True|D1:True|D2:True|D3:True","H1:H1 rack picking and carton handoff:Transport to work bay:load=True:handoffs=0|H2:H2 cross-aisle carton transfer:Unload / confirm hand-off:load=True:handoffs=1|H3:H3 station scan and dispatch verification:Return for next assignment:load=False:handoffs=0|H4:H4 trolley supply transfer:Return for next assignment:load=False:handoffs=1|H5:H5 rack inspection and replenishment:Transport to work bay:load=True:handoffs=0|F1:F1 inbound pallet replenishment:Transport to work bay:load=True:handoffs=0|F2:F2 outbound pallet dispatch:Transport to work bay:load=True:handoffs=1"
43.9999,9,58,409,-24.0000,0.0500,15.0000,291.7270,0.0000,0.0000,-24.0000,0.0000,15.0000,0.0500,7,"","","7.500:0.050:16.744|-4.200:0.050:13.226|23.739:0.050:-15.040|4.184:0.050:4.075|8.263:0.050:-2.653","0.000:0.000:0.000|0.000:0.000:0.000|0.000:0.000:0.000|0.001:0.000:0.800|0.048:0.000:-0.654","-11.308:0.050:8.170|19.861:0.050:-4.260","0.000:0.000:0.000|0.012:0.000:1.066",False,False,Idle,60.00,40.00,3.00,MultiAgentTraffic,"P1:True|P2:False|P3:True|D1:True|D2:True|D3:True","H1:H1 rack picking and carton handoff:Transport to work bay:load=True:handoffs=0|H2:H2 cross-aisle carton transfer:Unload / confirm hand-off:load=True:handoffs=1|H3:H3 station scan and dispatch verification:Load / inspect at source:load=False:handoffs=0|H4:H4 trolley supply transfer:Return for next assignment:load=False:handoffs=1|H5:H5 rack inspection and replenishment:Transport to work bay:load=True:handoffs=0|F1:F1 inbound pallet replenishment:Transport to work bay:load=True:handoffs=0|F2:F2 outbound pallet dispatch:Transport to work bay:load=True:handoffs=1"
44.1032,9,58,410,-24.0000,0.0500,15.0000,291.7270,0.0000,0.0000,-24.0000,0.0000,15.0000,0.0500,7,"","","7.500:0.050:16.744|-4.200:0.050:13.226|23.739:0.050:-15.040|4.184:0.050:4.157|8.268:0.050:-2.720","0.000:0.000:0.000|0.000:0.000:0.000|0.000:0.000:0.000|0.001:0.000:0.800|0.048:0.000:-0.654","-11.308:0.050:8.170|19.862:0.050:-4.150","0.000:0.000:0.000|0.012:0.000:1.066",False,False,Idle,60.00,40.00,3.00,MultiAgentTraffic,"P1:True|P2:False|P3:True|D1:True|D2:True|D3:True","H1:H1 rack picking and carton handoff:Transport to work bay:load=True:handoffs=0|H2:H2 cross-aisle carton transfer:Unload / confirm hand-off:load=True:handoffs=1|H3:H3 station scan and dispatch verification:Load / inspect at source:load=False:handoffs=0|H4:H4 trolley supply transfer:Return for next assignment:load=False:handoffs=1|H5:H5 rack inspection and replenishment:Transport to work bay:load=True:handoffs=0|F1:F1 inbound pallet replenishment:Transport to work bay:load=True:handoffs=0|F2:F2 outbound pallet dispatch:Transport to work bay:load=True:handoffs=1"
44.2055,9,58,411,-24.0000,0.0500,15.0000,291.7270,0.0000,0.0000,-24.0000,0.0000,15.0000,0.0500,7,"","","7.500:0.050:16.744|-4.200:0.050:13.226|23.739:0.050:-15.040|4.185:0.050:4.239|8.273:0.050:-2.787","0.000:0.000:0.000|0.000:0.000:0.000|0.000:0.000:0.000|0.001:0.000:0.800|0.048:0.000:-0.654","-11.308:0.050:8.170|19.864:0.050:-4.041","0.000:0.000:0.000|0.012:0.000:1.066",False,False,Idle,60.00,40.00,3.00,MultiAgentTraffic,"P1:True|P2:False|P3:True|D1:True|D2:True|D3:True","H1:H1 rack picking and carton handoff:Transport to work bay:load=True:handoffs=0|H2:H2 cross-aisle carton transfer:Unload / confirm hand-off:load=True:handoffs=1|H3:H3 station scan and dispatch verification:Load / inspect at source:load=False:handoffs=0|H4:H4 trolley supply transfer:Return for next assignment:load=False:handoffs=1|H5:H5 rack inspection and replenishment:Transport to work bay:load=True:handoffs=0|F1:F1 inbound pallet replenishment:Transport to work bay:load=True:handoffs=0|F2:F2 outbound pallet dispatch:Transport to work bay:load=True:handoffs=1"
44.3081,9,58,412,-24.0000,0.0500,15.0000,291.7270,0.0000,0.0000,-24.0000,0.0000,15.0000,0.0500,7,"","","7.500:0.050:16.744|-4.200:0.050:13.226|23.739:0.050:-15.040|4.185:0.050:4.321|8.278:0.050:-2.854","0.000:0.000:0.000|0.000:0.000:0.000|0.000:0.000:0.000|0.001:0.000:0.800|0.048:0.000:-0.654","-11.308:0.050:8.170|19.865:0.050:-3.931","0.000:0.000:0.000|0.012:0.000:1.066",False,False,Idle,60.00,40.00,3.00,MultiAgentTraffic,"P1:True|P2:False|P3:True|D1:True|D2:True|D3:True","H1:H1 rack picking and carton handoff:Transport to work bay:load=True:handoffs=0|H2:H2 cross-aisle carton transfer:Unload / confirm hand-off:load=True:handoffs=1|H3:H3 station scan and dispatch verification:Load / inspect at source:load=False:handoffs=0|H4:H4 trolley supply transfer:Return for next assignment:load=False:handoffs=1|H5:H5 rack inspection and replenishment:Transport to work bay:load=True:handoffs=0|F1:F1 inbound pallet replenishment:Transport to work bay:load=True:handoffs=0|F2:F2 outbound pallet dispatch:Transport to work bay:load=True:handoffs=1"
44.4237,9,58,413,-24.0000,0.0500,15.0000,291.7270,0.0000,0.0000,-24.0000,0.0000,15.0000,0.0500,7,"","","7.500:0.050:16.744|-4.200:0.050:13.226|23.739:0.050:-15.040|4.185:0.050:4.414|8.284:0.050:-2.930","0.000:0.000:0.000|0.000:0.000:0.000|0.000:0.000:0.000|0.001:0.000:0.800|0.048:0.000:-0.654","-11.308:0.050:8.170|19.866:0.050:-3.808","0.000:0.000:0.000|0.012:0.000:1.066",False,False,Idle,60.00,40.00,3.00,MultiAgentTraffic,"P1:True|P2:False|P3:True|D1:True|D2:True|D3:True","H1:H1 rack picking and carton handoff:Transport to work bay:load=True:handoffs=0|H2:H2 cross-aisle carton transfer:Unload / confirm hand-off:load=True:handoffs=1|H3:H3 station scan and dispatch verification:Load / inspect at source:load=False:handoffs=0|H4:H4 trolley supply transfer:Return for next assignment:load=False:handoffs=1|H5:H5 rack inspection and replenishment:Transport to work bay:load=True:handoffs=0|F1:F1 inbound pallet replenishment:Transport to work bay:load=True:handoffs=0|F2:F2 outbound pallet dispatch:Transport to work bay:load=True:handoffs=1"
44.5373,9,58,414,-24.0000,0.0500,15.0000,291.7270,0.0000,0.0000,-24.0000,0.0000,15.0000,0.0500,7,"","","7.500:0.050:16.744|-4.200:0.050:13.226|23.739:0.050:-15.040|4.185:0.050:4.505|8.289:0.050:-3.004","0.000:0.000:0.000|0.000:0.000:0.000|0.000:0.000:0.000|0.001:0.000:0.800|0.048:0.000:-0.654","-11.308:0.050:8.170|19.868:0.050:-3.687","0.000:0.000:0.000|0.012:0.000:1.066",False,False,Idle,60.00,40.00,3.00,MultiAgentTraffic,"P1:True|P2:False|P3:True|D1:True|D2:True|D3:True","H1:H1 rack picking and carton handoff:Transport to work bay:load=True:handoffs=0|H2:H2 cross-aisle carton transfer:Unload / confirm hand-off:load=True:handoffs=1|H3:H3 station scan and dispatch verification:Load / inspect at source:load=False:handoffs=0|H4:H4 trolley supply transfer:Return for next assignment:load=False:handoffs=1|H5:H5 rack inspection and replenishment:Transport to work bay:load=True:handoffs=0|F1:F1 inbound pallet replenishment:Transport to work bay:load=True:handoffs=0|F2:F2 outbound pallet dispatch:Transport to work bay:load=True:handoffs=1"
44.6518,9,58,415,-24.0000,0.0500,15.0000,291.7270,0.0000,0.0000,-24.0000,0.0000,15.0000,0.0500,7,"","","7.500:0.050:16.744|-4.200:0.050:13.226|23.739:0.050:-15.040|4.185:0.050:4.596|8.295:0.050:-3.079","0.000:0.000:0.000|0.000:0.000:0.000|0.000:0.000:0.000|0.001:0.000:0.800|0.048:0.000:-0.654","-11.308:0.050:8.170|19.869:0.050:-3.565","0.000:0.000:0.000|0.012:0.000:1.066",False,False,Idle,60.00,40.00,3.00,MultiAgentTraffic,"P1:True|P2:False|P3:True|D1:True|D2:True|D3:True","H1:H1 rack picking and carton handoff:Transport to work bay:load=True:handoffs=0|H2:H2 cross-aisle carton transfer:Unload / confirm hand-off:load=True:handoffs=1|H3:H3 station scan and dispatch verification:Load / inspect at source:load=False:handoffs=0|H4:H4 trolley supply transfer:Return for next assignment:load=False:handoffs=1|H5:H5 rack inspection and replenishment:Transport to work bay:load=True:handoffs=0|F1:F1 inbound pallet replenishment:Transport to work bay:load=True:handoffs=0|F2:F2 outbound pallet dispatch:Transport to work bay:load=True:handoffs=1"
44.7649,9,58,416,-24.0000,0.0500,15.0000,291.7270,0.0000,0.0000,-24.0000,0.0000,15.0000,0.0500,7,"","","7.500:0.050:16.744|-4.200:0.050:13.226|23.739:0.050:-15.040|4.185:0.050:4.687|8.300:0.050:-3.153","0.000:0.000:0.000|0.000:0.000:0.000|0.000:0.000:0.000|0.001:0.000:0.800|0.048:0.000:-0.654","-11.308:0.050:8.170|19.870:0.050:-3.444","0.000:0.000:0.000|0.012:0.000:1.066",False,False,Idle,60.00,40.00,3.00,MultiAgentTraffic,"P1:True|P2:False|P3:True|D1:True|D2:True|D3:True","H1:H1 rack picking and carton handoff:Transport to work bay:load=True:handoffs=0|H2:H2 cross-aisle carton transfer:Unload / confirm hand-off:load=True:handoffs=1|H3:H3 station scan and dispatch verification:Load / inspect at source:load=False:handoffs=0|H4:H4 trolley supply transfer:Return for next assignment:load=False:handoffs=1|H5:H5 rack inspection and replenishment:Transport to work bay:load=True:handoffs=0|F1:F1 inbound pallet replenishment:Transport to work bay:load=True:handoffs=0|F2:F2 outbound pallet dispatch:Transport to work bay:load=True:handoffs=1"
44.8785,9,58,417,-24.0000,0.0500,15.0000,291.7270,0.0000,0.0000,-24.0000,0.0000,15.0000,0.0500,7,"","","7.500:0.050:16.744|-4.200:0.050:13.226|23.739:0.050:-15.040|4.185:0.050:4.778|8.306:0.050:-3.227","0.000:0.000:0.000|0.000:0.000:0.000|0.000:0.000:0.000|0.001:0.000:0.800|0.048:0.000:-0.654","-11.308:0.050:8.170|19.872:0.050:-3.323","0.000:0.000:0.000|0.012:0.000:1.066",False,False,Idle,60.00,40.00,3.00,MultiAgentTraffic,"P1:True|P2:False|P3:True|D1:True|D2:True|D3:True","H1:H1 rack picking and carton handoff:Transport to work bay:load=True:handoffs=0|H2:H2 cross-aisle carton transfer:Unload / confirm hand-off:load=True:handoffs=1|H3:H3 station scan and dispatch verification:Load / inspect at source:load=False:handoffs=0|H4:H4 trolley supply transfer:Return for next assignment:load=False:handoffs=1|H5:H5 rack inspection and replenishment:Transport to work bay:load=True:handoffs=0|F1:F1 inbound pallet replenishment:Transport to work bay:load=True:handoffs=0|F2:F2 outbound pallet dispatch:Transport to work bay:load=True:handoffs=1"
44.9916,9,58,418,-24.0000,0.0500,15.0000,291.7270,0.0000,0.0000,-24.0000,0.0000,15.0000,0.0500,7,"","","7.500:0.050:16.744|-4.200:0.050:13.226|23.739:0.050:-15.040|4.186:0.050:4.868|8.311:0.050:-3.301","0.000:0.000:0.000|0.000:0.000:0.000|0.000:0.000:0.000|0.001:0.000:0.800|0.048:0.000:-0.654","-11.308:0.050:8.170|19.873:0.050:-3.203","0.000:0.000:0.000|0.012:0.000:1.066",False,False,Idle,60.00,40.00,3.00,MultiAgentTraffic,"P1:True|P2:False|P3:True|D1:True|D2:True|D3:True","H1:H1 rack picking and carton handoff:Transport to work bay:load=True:handoffs=0|H2:H2 cross-aisle carton transfer:Unload / confirm hand-off:load=True:handoffs=1|H3:H3 station scan and dispatch verification:Load / inspect at source:load=False:handoffs=0|H4:H4 trolley supply transfer:Return for next assignment:load=False:handoffs=1|H5:H5 rack inspection and replenishment:Transport to work bay:load=True:handoffs=0|F1:F1 inbound pallet replenishment:Transport to work bay:load=True:handoffs=0|F2:F2 outbound pallet dispatch:Transport to work bay:load=True:handoffs=1"
45.1017,9,58,419,-24.0000,0.0500,15.0000,291.7270,0.0000,0.0000,-24.0000,0.0000,15.0000,0.0500,7,"","","7.500:0.050:16.744|-4.200:0.050:13.226|23.739:0.050:-15.040|4.186:0.050:4.956|8.317:0.050:-3.373","0.000:0.000:0.000|0.000:0.000:0.000|0.000:0.000:0.000|0.001:0.000:0.800|0.048:0.000:-0.654","-11.308:0.050:8.170|19.875:0.050:-3.085","0.000:0.000:0.000|0.012:0.000:1.066",False,False,Idle,60.00,40.00,3.00,MultiAgentTraffic,"P1:True|P2:False|P3:True|D1:True|D2:True|D3:True","H1:H1 rack picking and carton handoff:Transport to work bay:load=True:handoffs=0|H2:H2 cross-aisle carton transfer:Unload / confirm hand-off:load=True:handoffs=1|H3:H3 station scan and dispatch verification:Load / inspect at source:load=False:handoffs=0|H4:H4 trolley supply transfer:Return for next assignment:load=False:handoffs=1|H5:H5 rack inspection and replenishment:Transport to work bay:load=True:handoffs=0|F1:F1 inbound pallet replenishment:Transport to work bay:load=True:handoffs=0|F2:F2 outbound pallet dispatch:Transport to work bay:load=True:handoffs=1"
45.2082,9,58,420,-24.0000,0.0500,15.0000,291.7270,0.0000,0.0000,-24.0000,0.0000,15.0000,0.0500,7,"","","7.500:0.050:16.744|-4.200:0.050:13.226|23.739:0.050:-15.040|4.186:0.050:5.041|8.322:0.050:-3.443","0.000:0.000:0.000|0.000:0.000:0.000|0.000:0.000:0.000|0.001:0.000:0.800|0.048:0.000:-0.654","-11.308:0.050:8.170|19.876:0.050:-2.972","0.000:0.000:0.000|0.012:0.000:1.066",False,False,Idle,60.00,40.00,3.00,MultiAgentTraffic,"P1:True|P2:False|P3:True|D1:True|D2:True|D3:True","H1:H1 rack picking and carton handoff:Transport to work bay:load=True:handoffs=0|H2:H2 cross-aisle carton transfer:Unload / confirm hand-off:load=True:handoffs=1|H3:H3 station scan and dispatch verification:Load / inspect at source:load=False:handoffs=0|H4:H4 trolley supply transfer:Return for next assignment:load=False:handoffs=1|H5:H5 rack inspection and replenishment:Transport to work bay:load=True:handoffs=0|F1:F1 inbound pallet replenishment:Transport to work bay:load=True:handoffs=0|F2:F2 outbound pallet dispatch:Transport to work bay:load=True:handoffs=1"
45.3156,9,58,421,-24.0000,0.0500,15.0000,291.7270,0.0000,0.0000,-24.0000,0.0000,15.0000,0.0500,7,"","","7.500:0.050:16.744|-4.200:0.050:13.226|23.739:0.050:-15.040|4.186:0.050:5.127|8.327:0.050:-3.513","0.000:0.000:0.000|0.000:0.000:0.000|0.000:0.000:0.000|0.001:0.000:0.800|0.048:0.000:-0.654","-11.308:0.050:8.170|19.877:0.050:-2.857","0.000:0.000:0.000|0.012:0.000:1.066",False,False,Idle,60.00,40.00,3.00,MultiAgentTraffic,"P1:True|P2:False|P3:True|D1:True|D2:True|D3:True","H1:H1 rack picking and carton handoff:Transport to work bay:load=True:handoffs=0|H2:H2 cross-aisle carton transfer:Unload / confirm hand-off:load=True:handoffs=1|H3:H3 station scan and dispatch verification:Load / inspect at source:load=False:handoffs=0|H4:H4 trolley supply transfer:Return for next assignment:load=False:handoffs=1|H5:H5 rack inspection and replenishment:Transport to work bay:load=True:handoffs=0|F1:F1 inbound pallet replenishment:Transport to work bay:load=True:handoffs=0|F2:F2 outbound pallet dispatch:Transport to work bay:load=True:handoffs=1"
45.4212,9,58,422,-24.0000,0.0500,15.0000,291.7270,0.0000,0.0000,-24.0000,0.0000,15.0000,0.0500,7,"","","7.500:0.050:16.744|-4.200:0.050:13.226|23.739:0.050:-15.040|4.186:0.050:5.212|8.332:0.050:-3.583","0.000:0.000:0.000|0.000:0.000:0.000|0.000:0.000:0.000|0.001:0.000:0.800|0.048:0.000:-0.654","-11.308:0.050:8.170|19.878:0.050:-2.745","0.000:0.000:0.000|0.012:0.000:1.066",False,False,Idle,60.00,40.00,3.00,MultiAgentTraffic,"P1:True|P2:False|P3:True|D1:True|D2:True|D3:True","H1:H1 rack picking and carton handoff:Transport to work bay:load=True:handoffs=0|H2:H2 cross-aisle carton transfer:Unload / confirm hand-off:load=True:handoffs=1|H3:H3 station scan and dispatch verification:Load / inspect at source:load=False:handoffs=0|H4:H4 trolley supply transfer:Return for next assignment:load=False:handoffs=1|H5:H5 rack inspection and replenishment:Transport to work bay:load=True:handoffs=0|F1:F1 inbound pallet replenishment:Transport to work bay:load=True:handoffs=0|F2:F2 outbound pallet dispatch:Transport to work bay:load=True:handoffs=1"
45.5332,9,58,423,-24.0000,0.0500,15.0000,291.7270,0.0000,0.0000,-24.0000,0.0000,15.0000,0.0500,7,"","","7.500:0.050:16.744|-4.200:0.050:13.226|23.739:0.050:-15.040|4.186:0.050:5.301|8.338:0.050:-3.656","0.000:0.000:0.000|0.000:0.000:0.000|0.000:0.000:0.000|0.001:0.000:0.800|0.048:0.000:-0.654","-11.308:0.050:8.170|19.880:0.050:-2.625","0.000:0.000:0.000|0.012:0.000:1.066",False,False,Idle,60.00,40.00,3.00,MultiAgentTraffic,"P1:True|P2:False|P3:True|D1:True|D2:True|D3:True","H1:H1 rack picking and carton handoff:Transport to work bay:load=True:handoffs=0|H2:H2 cross-aisle carton transfer:Return for next assignment:load=False:handoffs=1|H3:H3 station scan and dispatch verification:Load / inspect at source:load=False:handoffs=0|H4:H4 trolley supply transfer:Return for next assignment:load=False:handoffs=1|H5:H5 rack inspection and replenishment:Transport to work bay:load=True:handoffs=0|F1:F1 inbound pallet replenishment:Transport to work bay:load=True:handoffs=0|F2:F2 outbound pallet dispatch:Transport to work bay:load=True:handoffs=1"
45.6422,9,58,424,-24.0000,0.0500,15.0000,291.7270,0.0000,0.0000,-24.0000,0.0000,15.0000,0.0500,7,"","","7.500:0.050:16.744|-4.200:0.050:13.226|23.739:0.050:-15.040|4.186:0.050:5.389|8.343:0.050:-3.727","0.000:0.000:0.000|0.000:0.000:0.000|0.000:0.000:0.000|0.001:0.000:0.800|0.048:0.000:-0.654","-11.308:0.050:8.170|19.881:0.050:-2.509","0.000:0.000:0.000|0.012:0.000:1.066",False,False,Idle,60.00,40.00,3.00,MultiAgentTraffic,"P1:True|P2:False|P3:True|D1:True|D2:True|D3:True","H1:H1 rack picking and carton handoff:Transport to work bay:load=True:handoffs=0|H2:H2 cross-aisle carton transfer:Return for next assignment:load=False:handoffs=1|H3:H3 station scan and dispatch verification:Load / inspect at source:load=False:handoffs=0|H4:H4 trolley supply transfer:Return for next assignment:load=False:handoffs=1|H5:H5 rack inspection and replenishment:Transport to work bay:load=True:handoffs=0|F1:F1 inbound pallet replenishment:Transport to work bay:load=True:handoffs=0|F2:F2 outbound pallet dispatch:Transport to work bay:load=True:handoffs=1"
45.7476,9,58,425,-24.0000,0.0500,15.0000,291.7270,0.0000,0.0000,-24.0000,0.0000,15.0000,0.0500,7,"","","7.500:0.050:16.744|-4.200:0.050:13.226|23.739:0.050:-15.040|4.187:0.050:5.473|8.348:0.050:-3.796","0.000:0.000:0.000|0.000:0.000:0.000|0.000:0.000:0.000|0.001:0.000:0.800|0.048:0.000:-0.654","-11.308:0.050:8.170|19.882:0.050:-2.397","0.000:0.000:0.000|0.012:0.000:1.066",False,False,Idle,60.00,40.00,3.00,MultiAgentTraffic,"P1:True|P2:False|P3:True|D1:True|D2:True|D3:True","H1:H1 rack picking and carton handoff:Transport to work bay:load=True:handoffs=0|H2:H2 cross-aisle carton transfer:Return for next assignment:load=False:handoffs=1|H3:H3 station scan and dispatch verification:Load / inspect at source:load=False:handoffs=0|H4:H4 trolley supply transfer:Return for next assignment:load=False:handoffs=1|H5:H5 rack inspection and replenishment:Transport to work bay:load=True:handoffs=0|F1:F1 inbound pallet replenishment:Transport to work bay:load=True:handoffs=0|F2:F2 outbound pallet dispatch:Transport to work bay:load=True:handoffs=1"
45.8512,9,58,426,-24.0000,0.0500,15.0000,291.7270,0.0000,0.0000,-24.0000,0.0000,15.0000,0.0500,7,"","","7.500:0.050:16.744|-4.200:0.050:13.226|23.739:0.050:-15.040|4.187:0.050:5.556|8.353:0.050:-3.864","0.000:0.000:0.000|0.000:0.000:0.000|0.000:0.000:0.000|0.001:0.000:0.800|0.048:0.000:-0.654","-11.308:0.050:8.170|19.884:0.050:-2.286","0.000:0.000:0.000|0.012:0.000:1.066",False,False,Idle,60.00,40.00,3.00,MultiAgentTraffic,"P1:True|P2:False|P3:True|D1:True|D2:True|D3:True","H1:H1 rack picking and carton handoff:Transport to work bay:load=True:handoffs=0|H2:H2 cross-aisle carton transfer:Return for next assignment:load=False:handoffs=1|H3:H3 station scan and dispatch verification:Transport to work bay:load=False:handoffs=0|H4:H4 trolley supply transfer:Return for next assignment:load=False:handoffs=1|H5:H5 rack inspection and replenishment:Transport to work bay:load=True:handoffs=0|F1:F1 inbound pallet replenishment:Transport to work bay:load=True:handoffs=0|F2:F2 outbound pallet dispatch:Transport to work bay:load=True:handoffs=1"
45.9532,9,58,427,-24.0000,0.0500,15.0000,291.7270,0.0000,0.0000,-24.0000,0.0000,15.0000,0.0500,7,"","","7.500:0.050:16.744|-4.200:0.050:13.226|23.739:0.050:-15.040|4.187:0.050:5.637|8.358:0.050:-3.931","0.000:0.000:0.000|0.000:0.000:0.000|0.000:0.000:0.000|0.001:0.000:0.800|0.048:0.000:-0.654","-11.308:0.050:8.170|19.885:0.050:-2.178","0.000:0.000:0.000|0.012:0.000:1.066",False,False,Idle,60.00,40.00,3.00,MultiAgentTraffic,"P1:True|P2:False|P3:True|D1:True|D2:True|D3:True","H1:H1 rack picking and carton handoff:Transport to work bay:load=True:handoffs=0|H2:H2 cross-aisle carton transfer:Return for next assignment:load=False:handoffs=1|H3:H3 station scan and dispatch verification:Transport to work bay:load=False:handoffs=0|H4:H4 trolley supply transfer:Return for next assignment:load=False:handoffs=1|H5:H5 rack inspection and replenishment:Transport to work bay:load=True:handoffs=0|F1:F1 inbound pallet replenishment:Transport to work bay:load=True:handoffs=0|F2:F2 outbound pallet dispatch:Transport to work bay:load=True:handoffs=1"
46.0557,9,58,428,-23.9997,0.0500,14.9994,290.3406,0.0105,0.0000,-12.3000,0.0000,-13.5000,30.8075,7,"","","7.500:0.050:16.744|-4.200:0.050:13.226|23.739:0.050:-15.040|4.187:0.050:5.719|8.363:0.050:-3.998","0.000:0.000:0.000|0.000:0.000:0.000|0.000:0.000:0.000|0.001:0.000:0.800|0.048:0.000:-0.654","-11.308:0.050:8.170|19.886:0.050:-2.068","0.000:0.000:0.000|0.012:0.000:1.066",False,False,Moving,60.00,40.00,3.00,MultiAgentTraffic,"P1:True|P2:False|P3:True|D1:True|D2:True|D3:True","H1:H1 rack picking and carton handoff:Transport to work bay:load=True:handoffs=0|H2:H2 cross-aisle carton transfer:Return for next assignment:load=False:handoffs=1|H3:H3 station scan and dispatch verification:Transport to work bay:load=False:handoffs=0|H4:H4 trolley supply transfer:Return for next assignment:load=False:handoffs=1|H5:H5 rack inspection and replenishment:Transport to work bay:load=True:handoffs=0|F1:F1 inbound pallet replenishment:Transport to work bay:load=True:handoffs=0|F2:F2 outbound pallet dispatch:Transport to work bay:load=True:handoffs=1"
46.1685,9,58,429,-23.9969,0.0500,14.9924,282.7303,0.0651,-48.2605,-12.3000,0.0000,-13.5000,30.7999,7,"","","7.500:0.050:16.744|-4.200:0.050:13.225|23.739:0.050:-15.040|4.187:0.050:5.810|8.368:0.050:-4.071","0.000:0.000:0.000|0.022:0.000:-0.009|0.000:0.000:0.000|0.001:0.000:0.800|0.048:0.000:-0.654","-11.308:0.050:8.170|19.887:0.050:-1.948","0.000:0.000:0.000|0.012:0.000:1.066",False,False,Moving,60.00,40.00,3.00,MultiAgentTraffic,"P1:True|P2:False|P3:True|D1:True|D2:True|D3:True","H1:H1 rack picking and carton handoff:Transport to work bay:load=True:handoffs=0|H2:H2 cross-aisle carton transfer:Return for next assignment:load=False:handoffs=1|H3:H3 station scan and dispatch verification:Transport to work bay:load=False:handoffs=0|H4:H4 trolley supply transfer:Return for next assignment:load=False:handoffs=1|H5:H5 rack inspection and replenishment:Transport to work bay:load=True:handoffs=0|F1:F1 inbound pallet replenishment:Transport to work bay:load=True:handoffs=0|F2:F2 outbound pallet dispatch:Transport to work bay:load=True:handoffs=1"
46.2783,9,58,430,-23.9910,0.0500,14.9781,275.3198,0.1155,-51.0269,-12.3000,0.0000,-13.5000,30.7845,7,"","","7.500:0.050:16.744|-4.193:0.050:13.221|23.739:0.050:-15.040|4.187:0.050:5.897|8.374:0.050:-4.143","0.000:0.000:0.000|0.084:0.000:-0.073|0.000:0.000:0.000|0.001:0.000:0.800|0.048:0.000:-0.654","-11.308:0.050:8.170|19.889:0.050:-1.831","0.000:0.000:0.000|0.012:0.000:1.066",False,False,Moving,60.00,40.00,3.00,MultiAgentTraffic,"P1:True|P2:False|P3:True|D1:True|D2:True|D3:True","H1:H1 rack picking and carton handoff:Transport to work bay:load=True:handoffs=0|H2:H2 cross-aisle carton transfer:Return for next assignment:load=False:handoffs=1|H3:H3 station scan and dispatch verification:Transport to work bay:load=False:handoffs=0|H4:H4 trolley supply transfer:Return for next assignment:load=False:handoffs=1|H5:H5 rack inspection and replenishment:Transport to work bay:load=True:handoffs=0|F1:F1 inbound pallet replenishment:Transport to work bay:load=True:handoffs=0|F2:F2 outbound pallet dispatch:Transport to work bay:load=True:handoffs=1"
46.3857,9,58,431,-23.9824,0.0500,14.9571,268.0660,0.2025,-59.2881,-12.3000,0.0000,-13.5000,30.7618,7,"","","7.500:0.050:16.744|-4.182:0.050:13.207|23.739:0.050:-15.040|4.187:0.050:5.983|8.379:0.050:-4.214","0.000:0.000:0.000|0.104:0.000:-0.168|0.000:0.000:0.000|0.001:0.000:0.800|0.048:0.000:-0.654","-11.308:0.050:8.170|19.890:0.050:-1.717","0.000:0.000:0.000|0.012:0.000:1.066",False,False,Moving,60.00,40.00,3.00,MultiAgentTraffic,"P1:True|P2:False|P3:True|D1:True|D2:True|D3:True","H1:H1 rack picking and carton handoff:Transport to work bay:load=True:handoffs=0|H2:H2 cross-aisle carton transfer:Return for next assignment:load=False:handoffs=1|H3:H3 station scan and dispatch verification:Transport to work bay:load=False:handoffs=0|H4:H4 trolley supply transfer:Return for next assignment:load=False:handoffs=1|H5:H5 rack inspection and replenishment:Transport to work bay:load=True:handoffs=0|F1:F1 inbound pallet replenishment:Transport to work bay:load=True:handoffs=0|F2:F2 outbound pallet dispatch:Transport to work bay:load=True:handoffs=1"
46.4916,9,58,432,-23.9711,0.0500,14.9296,260.9193,0.2642,-59.5291,-12.3000,0.0000,-13.5000,30.7320,7,"","","7.500:0.050:16.744|-4.173:0.050:13.183|23.739:0.050:-15.040|4.188:0.050:6.068|8.380:0.050:-4.225","0.000:0.000:0.000|0.073:0.000:-0.272|-0.002:0.000:-0.011|0.001:0.000:0.800|0.000:0.000:0.000","-11.308:0.050:8.170|19.891:0.050:-1.604","0.000:0.000:0.000|0.012:0.000:1.066",False,False,Moving,60.00,40.00,3.00,MultiAgentTraffic,"P1:True|P2:False|P3:True|D1:True|D2:True|D3:True","H1:H1 rack picking and carton handoff:Transport to work bay:load=True:handoffs=0|H2:H2 cross-aisle carton transfer:Return for next assignment:load=False:handoffs=1|H3:H3 station scan and dispatch verification:Transport to work bay:load=False:handoffs=0|H4:H4 trolley supply transfer:Return for next assignment:load=False:handoffs=1|H5:H5 rack inspection and replenishment:Inspect / replenish rack:load=True:handoffs=1|F1:F1 inbound pallet replenishment:Transport to work bay:load=True:handoffs=0|F2:F2 outbound pallet dispatch:Transport to work bay:load=True:handoffs=1"
46.5960,9,58,433,-23.9573,0.0500,14.8959,253.8697,0.5407,-100.5173,-12.3000,0.0000,-13.5000,30.6957,7,"","","7.500:0.050:16.744|-4.170:0.050:13.149|23.736:0.050:-15.046|4.188:0.050:6.152|8.380:0.050:-4.225","0.000:0.000:0.000|0.000:0.000:-0.366|-0.046:0.000:-0.083|0.001:0.000:0.800|0.000:0.000:0.000","-11.308:0.050:8.170|19.893:0.050:-1.492","0.000:0.000:0.000|0.012:0.000:1.066",False,False,Moving,60.00,40.00,3.00,MultiAgentTraffic,"P1:True|P2:False|P3:True|D1:True|D2:True|D3:True","H1:H1 rack picking and carton handoff:Transport to work bay:load=True:handoffs=0|H2:H2 cross-aisle carton transfer:Return for next assignment:load=False:handoffs=1|H3:H3 station scan and dispatch verification:Transport to work bay:load=False:handoffs=0|H4:H4 trolley supply transfer:Return for next assignment:load=False:handoffs=1|H5:H5 rack inspection and replenishment:Inspect / replenish rack:load=True:handoffs=1|F1:F1 inbound pallet replenishment:Transport to work bay:load=True:handoffs=0|F2:F2 outbound pallet dispatch:Transport to work bay:load=True:handoffs=1"
46.6991,9,58,434,-23.9410,0.0500,14.8562,246.9146,0.3121,-49.4400,-12.3000,0.0000,-13.5000,30.6527,7,"","","7.500:0.050:16.744|-4.170:0.050:13.106|23.727:0.050:-15.057|4.188:0.050:6.234|8.380:0.050:-4.225","0.000:0.000:0.000|-0.001:0.000:-0.448|-0.126:0.000:-0.125|0.001:0.000:0.800|0.000:0.000:0.000","-11.308:0.050:8.170|19.894:0.050:-1.382","0.000:0.000:0.000|0.012:0.000:1.066",False,False,Moving,60.00,40.00,3.00,MultiAgentTraffic,"P1:True|P2:False|P3:True|D1:True|D2:True|D3:True","H1:H1 rack picking and carton handoff:Transport to work bay:load=True:handoffs=0|H2:H2 cross-aisle carton transfer:Return for next assignment:load=False:handoffs=1|H3:H3 station scan and dispatch verification:Transport to work bay:load=False:handoffs=0|H4:H4 trolley supply transfer:Return for next assignment:load=False:handoffs=1|H5:H5 rack inspection and replenishment:Inspect / replenish rack:load=True:handoffs=1|F1:F1 inbound pallet replenishment:Transport to work bay:load=True:handoffs=0|F2:F2 outbound pallet dispatch:Transport to work bay:load=True:handoffs=1"
46.8042,9,58,435,-23.9216,0.0500,14.8091,239.8192,0.3479,-46.6858,-12.3000,0.0000,-13.5000,30.6018,7,"","","7.500:0.050:16.744|-4.170:0.050:13.054|23.707:0.050:-15.071|4.188:0.050:6.318|8.380:0.050:-4.225","0.000:0.000:0.000|-0.001:0.000:-0.532|-0.231:0.000:-0.123|0.001:0.000:0.800|0.000:0.000:0.000","-11.308:0.050:8.170|19.895:0.050:-1.270","0.000:0.000:0.000|0.012:0.000:1.066",False,False,Moving,60.00,40.00,3.00,MultiAgentTraffic,"P1:True|P2:False|P3:True|D1:True|D2:True|D3:True","H1:H1 rack picking and carton handoff:Transport to work bay:load=True:handoffs=0|H2:H2 cross-aisle carton transfer:Return for next assignment:load=False:handoffs=1|H3:H3 station scan and dispatch verification:Transport to work bay:load=False:handoffs=0|H4:H4 trolley supply transfer:Return for next assignment:load=False:handoffs=1|H5:H5 rack inspection and replenishment:Inspect / replenish rack:load=True:handoffs=1|F1:F1 inbound pallet replenishment:Transport to work bay:load=True:handoffs=0|F2:F2 outbound pallet dispatch:Transport to work bay:load=True:handoffs=1"
46.9066,9,58,436,-23.9002,0.0500,14.7569,232.9108,0.3810,-44.9158,-12.3000,0.0000,-13.5000,30.5453,7,"","","7.500:0.050:16.744|-4.170:0.050:12.995|23.678:0.050:-15.081|4.188:0.050:6.400|8.380:0.050:-4.225","0.000:0.000:0.000|-0.001:0.000:-0.614|-0.336:0.000:-0.070|0.001:0.000:0.800|0.000:0.000:0.000","-11.308:0.050:8.170|19.896:0.050:-1.161","0.000:0.000:0.000|0.012:0.000:1.066",False,False,Moving,60.00,40.00,3.00,MultiAgentTraffic,"P1:True|P2:False|P3:True|D1:True|D2:True|D3:True","H1:H1 rack picking and carton handoff:Transport to work bay:load=True:handoffs=0|H2:H2 cross-aisle carton transfer:Return for next assignment:load=False:handoffs=1|H3:H3 station scan and dispatch verification:Transport to work bay:load=False:handoffs=0|H4:H4 trolley supply transfer:Return for next assignment:load=False:handoffs=1|H5:H5 rack inspection and replenishment:Inspect / replenish rack:load=True:handoffs=1|F1:F1 inbound pallet replenishment:Transport to work bay:load=True:handoffs=0|F2:F2 outbound pallet dispatch:Transport to work bay:load=True:handoffs=1"
47.0092,9,58,437,-23.8761,0.0500,14.6981,225.9828,0.4543,-48.1323,-12.3000,0.0000,-13.5000,30.4818,7,"","","7.500:0.050:16.744|-4.170:0.050:12.927|23.638:0.050:-15.087|4.188:0.050:6.482|8.380:0.050:-4.225","0.000:0.000:0.000|-0.001:0.000:-0.696|-0.420:0.000:-0.065|0.001:0.000:0.800|0.000:0.000:0.000","-11.308:0.050:8.170|19.898:0.050:-1.052","0.000:0.000:0.000|0.012:0.000:1.066",False,False,Moving,60.00,40.00,3.00,MultiAgentTraffic,"P1:True|P2:False|P3:True|D1:True|D2:True|D3:True","H1:H1 rack picking and carton handoff:Transport to work bay:load=True:handoffs=0|H2:H2 cross-aisle carton transfer:Return for next assignment:load=False:handoffs=1|H3:H3 station scan and dispatch verification:Transport to work bay:load=False:handoffs=0|H4:H4 trolley supply transfer:Return for next assignment:load=False:handoffs=1|H5:H5 rack inspection and replenishment:Inspect / replenish rack:load=True:handoffs=1|F1:F1 inbound pallet replenishment:Transport to work bay:load=True:handoffs=0|F2:F2 outbound pallet dispatch:Transport to work bay:load=True:handoffs=1"
47.1196,9,58,438,-23.8473,0.0500,14.6279,218.5307,0.5037,-48.5535,-12.3000,0.0000,-13.5000,30.4060,7,"","","7.500:0.050:16.744|-4.170:0.050:12.845|23.586:0.050:-15.095|4.188:0.050:6.570|8.380:0.050:-4.225","0.000:0.000:0.000|-0.001:0.000:-0.784|-0.508:0.000:-0.079|0.001:0.000:0.800|0.000:0.000:0.000","-11.308:0.050:8.170|19.899:0.050:-0.934","0.000:0.000:0.000|0.012:0.000:1.066",False,False,Moving,60.00,40.00,3.00,MultiAgentTraffic,"P1:True|P2:False|P3:True|D1:True|D2:True|D3:True","H1:H1 rack picking and carton handoff:Transport to work bay:load=True:handoffs=0|H2:H2 cross-aisle carton transfer:Return for next assignment:load=False:handoffs=1|H3:H3 station scan and dispatch verification:Transport to work bay:load=False:handoffs=0|H4:H4 trolley supply transfer:Return for next assignment:load=False:handoffs=1|H5:H5 rack inspection and replenishment:Inspect / replenish rack:load=True:handoffs=1|F1:F1 inbound pallet replenishment:Transport to work bay:load=True:handoffs=0|F2:F2 outbound pallet dispatch:Transport to work bay:load=True:handoffs=1"
47.2211,9,58,439,-23.8181,0.0500,14.5569,211.6823,0.5291,-46.5332,-12.3000,0.0000,-13.5000,30.3292,7,"","","7.500:0.050:16.744|-4.170:0.050:12.764|23.530:0.050:-15.104|4.189:0.050:6.652|8.380:0.050:-4.225","0.000:0.000:0.000|-0.001:0.000:-0.800|-0.588:0.000:-0.091|0.001:0.000:0.800|0.000:0.000:0.000","-11.308:0.050:8.170|19.900:0.050:-0.826","0.000:0.000:0.000|0.012:0.000:1.066",False,False,Moving,60.00,40.00,3.00,MultiAgentTraffic,"P1:True|P2:False|P3:True|D1:True|D2:True|D3:True","H1:H1 rack picking and carton handoff:Transport to work bay:load=True:handoffs=0|H2:H2 cross-aisle carton transfer:Return for next assignment:load=False:handoffs=1|H3:H3 station scan and dispatch verification:Transport to work bay:load=False:handoffs=0|H4:H4 trolley supply transfer:Return for next assignment:load=False:handoffs=1|H5:H5 rack inspection and replenishment:Inspect / replenish rack:load=True:handoffs=1|F1:F1 inbound pallet replenishment:Transport to work bay:load=True:handoffs=0|F2:F2 outbound pallet dispatch:Transport to work bay:load=True:handoffs=1"
47.3325,9,58,440,-23.7832,0.0500,14.4718,204.1622,1.1712,-93.6219,-12.3000,0.0000,-13.5000,30.2372,7,"","","7.500:0.050:16.744|-4.170:0.050:12.674|23.459:0.050:-15.115|4.189:0.050:6.741|8.380:0.050:-4.225","0.000:0.000:0.000|-0.001:0.000:-0.800|-0.676:0.000:-0.105|0.001:0.000:0.800|0.000:0.000:0.000","-11.308:0.050:8.170|19.901:0.050:-0.707","0.000:0.000:0.000|0.012:0.000:1.066",False,False,Moving,60.00,40.00,3.00,MultiAgentTraffic,"P1:True|P2:False|P3:True|D1:True|D2:True|D3:True","H1:H1 rack picking and carton handoff:Transport to work bay:load=True:handoffs=0|H2:H2 cross-aisle carton transfer:Return for next assignment:load=False:handoffs=1|H3:H3 station scan and dispatch verification:Transport to work bay:load=False:handoffs=0|H4:H4 trolley supply transfer:Return for next assignment:load=False:handoffs=1|H5:H5 rack inspection and replenishment:Inspect / replenish rack:load=True:handoffs=1|F1:F1 inbound pallet replenishment:Transport to work bay:load=True:handoffs=0|F2:F2 outbound pallet dispatch:Transport to work bay:load=True:handoffs=1"
47.4327,9,58,441,-23.7491,0.0500,14.3889,197.3979,1.2381,-91.8168,-12.3000,0.0000,-13.5000,30.1475,7,"","","7.500:0.050:16.744|-4.170:0.050:12.594|23.387:0.050:-15.126|4.189:0.050:6.821|8.380:0.050:-4.225","0.000:0.000:0.000|-0.001:0.000:-0.800|-0.755:0.000:-0.117|0.001:0.000:0.800|0.000:0.000:0.000","-11.308:0.050:8.170|19.903:0.050:-0.601","0.000:0.000:0.000|0.012:0.000:1.066",False,False,Moving,60.00,40.00,3.00,MultiAgentTraffic,"P1:True|P2:False|P3:True|D1:True|D2:True|D3:True","H1:H1 rack picking and carton handoff:Transport to work bay:load=True:handoffs=0|H2:H2 cross-aisle carton transfer:Return for next assignment:load=False:handoffs=1|H3:H3 station scan and dispatch verification:Transport to work bay:load=False:handoffs=0|H4:H4 trolley supply transfer:Return for next assignment:load=False:handoffs=1|H5:H5 rack inspection and replenishment:Inspect / replenish rack:load=True:handoffs=1|F1:F1 inbound pallet replenishment:Transport to work bay:load=True:handoffs=0|F2:F2 outbound pallet dispatch:Transport to work bay:load=True:handoffs=1"
47.5330,9,58,442,-23.7125,0.0500,14.2998,190.6262,1.3002,-90.0086,-12.3000,0.0000,-13.5000,30.0512,7,"","","7.500:0.050:16.744|-4.170:0.050:12.514|23.308:0.050:-15.138|4.189:0.050:6.901|8.380:0.050:-4.225","0.000:0.000:0.000|-0.001:0.000:-0.800|-0.791:0.000:-0.123|0.001:0.000:0.800|0.000:0.000:0.000","-11.308:0.050:8.170|19.904:0.050:-0.494","0.000:0.000:0.000|0.012:0.000:1.066",False,False,Moving,60.00,40.00,3.00,MultiAgentTraffic,"P1:True|P2:False|P3:True|D1:True|D2:True|D3:True","H1:H1 rack picking and carton handoff:Transport to work bay:load=True:handoffs=0|H2:H2 cross-aisle carton transfer:Return for next assignment:load=False:handoffs=1|H3:H3 station scan and dispatch verification:Transport to work bay:load=False:handoffs=0|H4:H4 trolley supply transfer:Return for next assignment:load=False:handoffs=1|H5:H5 rack inspection and replenishment:Inspect / replenish rack:load=True:handoffs=1|F1:F1 inbound pallet replenishment:Transport to work bay:load=True:handoffs=0|F2:F2 outbound pallet dispatch:Transport to work bay:load=True:handoffs=1"
47.6404,9,58,443,-23.6707,0.0500,14.1978,184.0539,0.7115,-40.1993,-12.3000,0.0000,-13.5000,29.9409,7,"","","7.500:0.050:16.744|-4.170:0.050:12.428|23.223:0.050:-15.151|4.189:0.050:6.987|8.380:0.050:-4.225","0.000:0.000:0.000|-0.001:0.000:-0.800|-0.791:0.000:-0.123|0.001:0.000:0.800|0.000:0.000:0.000","-11.308:0.050:8.170|19.905:0.050:-0.379","0.000:0.000:0.000|0.012:0.000:1.066",False,False,Moving,60.00,40.00,3.00,MultiAgentTraffic,"P1:True|P2:False|P3:True|D1:True|D2:True|D3:True","H1:H1 rack picking and carton handoff:Transport to work bay:load=True:handoffs=0|H2:H2 cross-aisle carton transfer:Return for next assignment:load=False:handoffs=1|H3:H3 station scan and dispatch verification:Transport to work bay:load=False:handoffs=0|H4:H4 trolley supply transfer:Return for next assignment:load=False:handoffs=1|H5:H5 rack inspection and replenishment:Inspect / replenish rack:load=True:handoffs=1|F1:F1 inbound pallet replenishment:Transport to work bay:load=True:handoffs=0|F2:F2 outbound pallet dispatch:Transport to work bay:load=True:handoffs=1"
47.7413,9,58,444,-23.6287,0.0500,14.0956,178.9405,0.7583,-33.8379,-12.3000,0.0000,-13.5000,29.8305,7,"","","7.500:0.050:16.744|-4.170:0.050:12.347|23.143:0.050:-15.164|4.189:0.050:7.068|8.380:0.050:-4.225","0.000:0.000:0.000|-0.001:0.000:-0.800|-0.791:0.000:-0.123|0.001:0.000:0.800|0.000:0.000:0.000","-11.308:0.050:8.170|19.906:0.050:-0.272","0.000:0.000:0.000|0.012:0.000:1.066",False,False,Moving,60.00,40.00,3.00,MultiAgentTraffic,"P1:True|P2:False|P3:True|D1:True|D2:True|D3:True","H1:H1 rack picking and carton handoff:Transport to work bay:load=True:handoffs=0|H2:H2 cross-aisle carton transfer:Return for next assignment:load=False:handoffs=1|H3:H3 station scan and dispatch verification:Transport to work bay:load=False:handoffs=0|H4:H4 trolley supply transfer:Return for next assignment:load=False:handoffs=1|H5:H5 rack inspection and replenishment:Inspect / replenish rack:load=True:handoffs=1|F1:F1 inbound pallet replenishment:Transport to work bay:load=True:handoffs=0|F2:F2 outbound pallet dispatch:Transport to work bay:load=True:handoffs=1"
47.8431,9,58,445,-23.5838,0.0500,13.9862,174.6641,0.8440,-28.3020,-12.3000,0.0000,-13.5000,29.7123,7,"","","7.500:0.050:16.744|-4.171:0.050:12.266|23.063:0.050:-15.176|4.189:0.050:7.149|8.380:0.050:-4.225","0.000:0.000:0.000|-0.001:0.000:-0.800|-0.791:0.000:-0.123|0.001:0.000:0.800|0.000:0.000:0.000","-11.308:0.050:8.170|19.908:0.050:-0.163","0.000:0.000:0.000|0.012:0.000:1.066",False,False,Moving,60.00,40.00,3.00,MultiAgentTraffic,"P1:True|P2:False|P3:True|D1:True|D2:True|D3:True","H1:H1 rack picking and carton handoff:Transport to work bay:load=True:handoffs=0|H2:H2 cross-aisle carton transfer:Return for next assignment:load=False:handoffs=1|H3:H3 station scan and dispatch verification:Transport to work bay:load=False:handoffs=0|H4:H4 trolley supply transfer:Return for next assignment:load=False:handoffs=1|H5:H5 rack inspection and replenishment:Inspect / replenish rack:load=True:handoffs=1|F1:F1 inbound pallet replenishment:Transport to work bay:load=True:handoffs=0|F2:F2 outbound pallet dispatch:Transport to work bay:load=True:handoffs=1"
47.9475,9,58,446,-23.5363,0.0500,13.8704,171.1271,0.8978,-23.6084,-12.3000,0.0000,-13.5000,29.5871,7,"","","7.500:0.050:16.744|-4.171:0.050:12.182|22.980:0.050:-15.189|4.190:0.050:7.233|8.380:0.050:-4.225","0.000:0.000:0.000|-0.001:0.000:-0.800|-0.791:0.000:-0.123|0.001:0.000:0.800|0.000:0.000:0.000","-11.308:0.050:8.170|19.909:0.050:-0.052","0.000:0.000:0.000|0.012:0.000:1.066",False,False,Moving,60.00,40.00,3.00,MultiAgentTraffic,"P1:True|P2:False|P3:True|D1:True|D2:True|D3:True","H1:H1 rack picking and carton handoff:Transport to work bay:load=True:handoffs=0|H2:H2 cross-aisle carton transfer:Return for next assignment:load=False:handoffs=1|H3:H3 station scan and dispatch verification:Transport to work bay:load=False:handoffs=0|H4:H4 trolley supply transfer:Return for next assignment:load=False:handoffs=1|H5:H5 rack inspection and replenishment:Inspect / replenish rack:load=True:handoffs=1|F1:F1 inbound pallet replenishment:Transport to work bay:load=True:handoffs=0|F2:F2 outbound pallet dispatch:Transport to work bay:load=True:handoffs=1"
48.0509,9,58,447,-23.4892,0.0500,13.7556,168.3512,0.9197,-19.2108,-12.3000,0.0000,-13.5000,29.4630,7,"","","7.500:0.050:16.744|-4.171:0.050:12.100|22.899:0.050:-15.202|4.190:0.050:7.316|8.380:0.050:-4.225","0.000:0.000:0.000|-0.001:0.000:-0.800|-0.791:0.000:-0.123|0.001:0.000:0.800|0.000:0.000:0.000","-11.308:0.050:8.170|19.910:0.050:0.058","0.000:0.000:0.000|0.012:0.000:1.066",False,False,Moving,60.00,40.00,3.00,MultiAgentTraffic,"P1:True|P2:False|P3:True|D1:True|D2:True|D3:True","H1:H1 rack picking and carton handoff:Transport to work bay:load=True:handoffs=0|H2:H2 cross-aisle carton transfer:Return for next assignment:load=False:handoffs=1|H3:H3 station scan and dispatch verification:Transport to work bay:load=False:handoffs=0|H4:H4 trolley supply transfer:Return for next assignment:load=False:handoffs=1|H5:H5 rack inspection and replenishment:Inspect / replenish rack:load=True:handoffs=1|F1:F1 inbound pallet replenishment:Transport to work bay:load=True:handoffs=0|F2:F2 outbound pallet dispatch:Transport to work bay:load=True:handoffs=1"
48.1610,9,58,448,-23.4390,0.0500,13.6334,166.0236,0.7899,-13.2141,-12.3000,0.0000,-13.5000,29.3308,7,"","","7.500:0.050:16.744|-4.171:0.050:12.012|22.812:0.050:-15.215|4.190:0.050:7.404|8.380:0.050:-4.225","0.000:0.000:0.000|-0.001:0.000:-0.800|-0.791:0.000:-0.123|0.001:0.000:0.800|0.000:0.000:0.000","-11.308:0.050:8.170|19.911:0.050:0.176","0.000:0.000:0.000|0.012:0.000:1.066",False,False,Moving,60.00,40.00,3.00,MultiAgentTraffic,"P1:True|P2:False|P3:True|D1:True|D2:True|D3:True","H1:H1 rack picking and carton handoff:Transport to work bay:load=True:handoffs=0|H2:H2 cross-aisle carton transfer:Return for next assignment:load=False:handoffs=1|H3:H3 station scan and dispatch verification:Transport to work bay:load=False:handoffs=0|H4:H4 trolley supply transfer:Return for next assignment:load=False:handoffs=1|H5:H5 rack inspection and replenishment:Inspect / replenish rack:load=True:handoffs=1|F1:F1 inbound pallet replenishment:Transport to work bay:load=True:handoffs=0|F2:F2 outbound pallet dispatch:Transport to work bay:load=True:handoffs=1"
48.2649,9,58,449,-23.3916,0.0500,13.5180,164.2930,0.8990,-11.6272,-12.3000,0.0000,-13.5000,29.2061,7,"","","7.500:0.050:16.744|-4.171:0.050:11.928|22.729:0.050:-15.228|4.190:0.050:7.487|8.380:0.050:-4.225","0.000:0.000:0.000|-0.001:0.000:-0.800|-0.791:0.000:-0.123|0.001:0.000:0.800|0.000:0.000:0.000","-11.308:0.050:8.170|19.913:0.050:0.287","0.000:0.000:0.000|0.012:0.000:1.066",False,False,Moving,60.00,40.00,3.00,MultiAgentTraffic,"P1:True|P2:False|P3:True|D1:True|D2:True|D3:True","H1:H1 rack picking and carton handoff:Transport to work bay:load=True:handoffs=0|H2:H2 cross-aisle carton transfer:Return for next assignment:load=False:handoffs=1|H3:H3 station scan and dispatch verification:Transport to work bay:load=False:handoffs=0|H4:H4 trolley supply transfer:Return for next assignment:load=False:handoffs=1|H5:H5 rack inspection and replenishment:Inspect / replenish rack:load=True:handoffs=1|F1:F1 inbound pallet replenishment:Transport to work bay:load=True:handoffs=0|F2:F2 outbound pallet dispatch:Transport to work bay:load=True:handoffs=1"
48.3746,9,58,450,-23.3416,0.0500,13.3963,162.8568,1.6131,-16.5070,-12.3000,0.0000,-13.5000,29.0746,7,"","","7.500:0.050:16.744|-4.171:0.050:11.841|22.643:0.050:-15.242|4.190:0.050:7.574|8.380:0.050:-4.225","0.000:0.000:0.000|-0.001:0.000:-0.800|-0.791:0.000:-0.123|0.001:0.000:0.800|0.000:0.000:0.000","-11.308:0.050:8.170|19.914:0.050:0.403","0.000:0.000:0.000|0.012:0.000:1.066",False,False,Moving,60.00,40.00,3.00,MultiAgentTraffic,"P1:True|P2:False|P3:True|D1:True|D2:True|D3:True","H1:H1 rack picking and carton handoff:Transport to work bay:load=True:handoffs=0|H2:H2 cross-aisle carton transfer:Return for next assignment:load=False:handoffs=1|H3:H3 station scan and dispatch verification:Transport to work bay:load=False:handoffs=0|H4:H4 trolley supply transfer:Return for next assignment:load=False:handoffs=1|H5:H5 rack inspection and replenishment:Inspect / replenish rack:load=True:handoffs=1|F1:F1 inbound pallet replenishment:Transport to work bay:load=True:handoffs=0|F2:F2 outbound pallet dispatch:Transport to work bay:load=True:handoffs=1"
48.4749,9,58,451,-23.2959,0.0500,13.2849,161.8168,1.6494,-13.5162,-12.3000,0.0000,-13.5000,28.9542,7,"","","7.500:0.050:16.744|-4.171:0.050:11.761|22.563:0.050:-15.254|4.190:0.050:7.655|8.380:0.050:-4.225","0.000:0.000:0.000|-0.001:0.000:-0.800|-0.791:0.000:-0.123|0.001:0.000:0.800|0.000:0.000:0.000","-11.308:0.050:8.170|19.915:0.050:0.510","0.000:0.000:0.000|0.012:0.000:1.066",False,False,Moving,60.00,40.00,3.00,MultiAgentTraffic,"P1:True|P2:False|P3:True|D1:True|D2:True|D3:True","H1:H1 rack picking and carton handoff:Transport to work bay:load=True:handoffs=0|H2:H2 cross-aisle carton transfer:Return for next assignment:load=False:handoffs=1|H3:H3 station scan and dispatch verification:Transport to work bay:load=False:handoffs=0|H4:H4 trolley supply transfer:Return for next assignment:load=False:handoffs=1|H5:H5 rack inspection and replenishment:Inspect / replenish rack:load=True:handoffs=1|F1:F1 inbound pallet replenishment:Transport to work bay:load=True:handoffs=0|F2:F2 outbound pallet dispatch:Transport to work bay:load=True:handoffs=1"
48.5827,9,58,452,-23.2468,0.0500,13.1652,160.9296,0.8314,-5.2719,-12.3000,0.0000,-13.5000,28.8248,7,"","","7.500:0.050:16.744|-4.171:0.050:11.674|22.478:0.050:-15.267|4.190:0.050:7.741|8.380:0.050:-4.225","0.000:0.000:0.000|-0.001:0.000:-0.800|-0.791:0.000:-0.123|0.001:0.000:0.800|0.000:0.000:0.000","-11.308:0.050:8.170|19.917:0.050:0.625","0.000:0.000:0.000|0.012:0.000:1.066",False,False,Moving,60.00,40.00,3.00,MultiAgentTraffic,"P1:True|P2:True|P3:True|D1:True|D2:True|D3:True","H1:H1 rack picking and carton handoff:Transport to work bay:load=True:handoffs=0|H2:H2 cross-aisle carton transfer:Return for next assignment:load=False:handoffs=1|H3:H3 station scan and dispatch verification:Transport to work bay:load=False:handoffs=0|H4:H4 trolley supply transfer:Return for next assignment:load=False:handoffs=1|H5:H5 rack inspection and replenishment:Inspect / replenish rack:load=True:handoffs=1|F1:F1 inbound pallet replenishment:Transport to work bay:load=True:handoffs=0|F2:F2 outbound pallet dispatch:Transport to work bay:load=True:handoffs=1"
48.6832,9,58,453,-23.2010,0.0500,13.0537,160.2743,0.8571,-4.3732,-12.3000,0.0000,-13.5000,28.7043,7,"","","7.500:0.050:16.744|-4.171:0.050:11.594|22.399:0.050:-15.279|4.191:0.050:7.821|8.380:0.050:-4.225","0.000:0.000:0.000|-0.001:0.000:-0.800|-0.791:0.000:-0.123|0.001:0.000:0.800|0.000:0.000:0.000","-11.308:0.050:8.170|19.918:0.050:0.732","0.000:0.000:0.000|0.012:0.000:1.066",False,False,Moving,60.00,40.00,3.00,MultiAgentTraffic,"P1:True|P2:True|P3:True|D1:True|D2:True|D3:True","H1:H1 rack picking and carton handoff:Transport to work bay:load=True:handoffs=0|H2:H2 cross-aisle carton transfer:Return for next assignment:load=False:handoffs=1|H3:H3 station scan and dispatch verification:Transport to work bay:load=False:handoffs=0|H4:H4 trolley supply transfer:Return for next assignment:load=False:handoffs=1|H5:H5 rack inspection and replenishment:Inspect / replenish rack:load=True:handoffs=1|F1:F1 inbound pallet replenishment:Transport to work bay:load=True:handoffs=0|F2:F2 outbound pallet dispatch:Transport to work bay:load=True:handoffs=1"
48.7848,9,58,454,-23.1547,0.0500,12.9409,159.7469,0.8304,-3.3646,-12.3000,0.0000,-13.5000,28.5823,7,"","","7.500:0.050:16.744|-4.171:0.050:11.513|22.318:0.050:-15.292|4.191:0.050:7.903|8.380:0.050:-4.225","0.000:0.000:0.000|-0.001:0.000:-0.800|-0.791:0.000:-0.123|0.001:0.000:0.800|0.000:0.000:0.000","-11.308:0.050:8.170|19.919:0.050:0.841","0.000:0.000:0.000|0.012:0.000:1.066",False,False,Moving,60.00,40.00,3.00,MultiAgentTraffic,"P1:True|P2:True|P3:True|D1:True|D2:True|D3:True","H1:H1 rack picking and carton handoff:Transport to work bay:load=True:handoffs=0|H2:H2 cross-aisle carton transfer:Return for next assignment:load=False:handoffs=1|H3:H3 station scan and dispatch verification:Transport to work bay:load=False:handoffs=0|H4:H4 trolley supply transfer:Return for next assignment:load=False:handoffs=1|H5:H5 rack inspection and replenishment:Inspect / replenish rack:load=True:handoffs=1|F1:F1 inbound pallet replenishment:Transport to work bay:load=True:handoffs=0|F2:F2 outbound pallet dispatch:Transport to work bay:load=True:handoffs=1"
48.9000,9,58,455,-23.1022,0.0500,12.8129,159.2775,0.8137,-2.6245,-12.3000,0.0000,-13.5000,28.4440,7,"","","7.500:0.050:16.744|-4.171:0.050:11.420|22.227:0.050:-15.306|4.191:0.050:7.995|8.380:0.050:-4.225","0.000:0.000:0.000|-0.001:0.000:-0.800|-0.791:0.000:-0.123|0.001:0.000:0.800|0.000:0.000:0.000","-11.308:0.050:8.170|19.920:0.050:0.964","0.000:0.000:0.000|0.012:0.000:1.066",False,False,Moving,60.00,40.00,3.00,MultiAgentTraffic,"P1:True|P2:True|P3:True|D1:True|D2:True|D3:True","H1:H1 rack picking and carton handoff:Transport to work bay:load=True:handoffs=0|H2:H2 cross-aisle carton transfer:Return for next assignment:load=False:handoffs=1|H3:H3 station scan and dispatch verification:Transport to work bay:load=False:handoffs=0|H4:H4 trolley supply transfer:Return for next assignment:load=False:handoffs=1|H5:H5 rack inspection and replenishment:Inspect / replenish rack:load=True:handoffs=1|F1:F1 inbound pallet replenishment:Transport to work bay:load=True:handoffs=0|F2:F2 outbound pallet dispatch:Transport to work bay:load=True:handoffs=1"
49.0112,9,58,456,-23.0515,0.0500,12.6895,158.9262,1.6689,-4.1107,-12.3000,0.0000,-13.5000,28.3106,7,"","","7.500:0.050:16.744|-4.172:0.050:11.331|22.139:0.050:-15.320|4.191:0.050:8.084|8.380:0.050:-4.225","0.000:0.000:0.000|-0.001:0.000:-0.800|-0.791:0.000:-0.123|0.001:0.000:0.800|0.000:0.000:0.000","-11.308:0.050:8.170|19.922:0.050:1.082","0.000:0.000:0.000|0.012:0.000:1.066",False,False,Moving,60.00,40.00,3.00,MultiAgentTraffic,"P1:True|P2:True|P3:True|D1:True|D2:True|D3:True","H1:H1 rack picking and carton handoff:Transport to work bay:load=True:handoffs=0|H2:H2 cross-aisle carton transfer:Return for next assignment:load=False:handoffs=1|H3:H3 station scan and dispatch verification:Transport to work bay:load=False:handoffs=0|H4:H4 trolley supply transfer:Return for next assignment:load=False:handoffs=1|H5:H5 rack inspection and replenishment:Inspect / replenish rack:load=True:handoffs=1|F1:F1 inbound pallet replenishment:Transport to work bay:load=True:handoffs=0|F2:F2 outbound pallet dispatch:Transport to work bay:load=True:handoffs=1"
49.1173,9,58,457,-23.0032,0.0500,12.5718,158.6631,0.9674,-1.9318,-12.3000,0.0000,-13.5000,28.1833,7,"","","7.500:0.050:16.744|-4.172:0.050:11.247|22.056:0.050:-15.333|4.191:0.050:8.169|8.380:0.050:-4.225","0.000:0.000:0.000|-0.001:0.000:-0.800|-0.791:0.000:-0.123|0.001:0.000:0.800|0.000:0.000:0.000","-11.308:0.050:8.170|19.923:0.050:1.195","0.000:0.000:0.000|0.012:0.000:1.066",False,False,Moving,60.00,40.00,3.00,MultiAgentTraffic,"P1:True|P2:True|P3:True|D1:True|D2:True|D3:True","H1:H1 rack picking and carton handoff:Transport to work bay:load=True:handoffs=0|H2:H2 cross-aisle carton transfer:Return for next assignment:load=False:handoffs=1|H3:H3 station scan and dispatch verification:Transport to work bay:load=False:handoffs=0|H4:H4 trolley supply transfer:Return for next assignment:load=False:handoffs=1|H5:H5 rack inspection and replenishment:Inspect / replenish rack:load=True:handoffs=1|F1:F1 inbound pallet replenishment:Transport to work bay:load=True:handoffs=0|F2:F2 outbound pallet dispatch:Transport to work bay:load=True:handoffs=1"
49.2301,9,58,458,-22.9518,0.0500,12.4466,158.4441,1.6804,-2.5436,-12.3000,0.0000,-13.5000,28.0479,7,"","","7.500:0.050:16.744|-4.172:0.050:11.156|21.966:0.050:-15.347|4.191:0.050:8.259|8.380:0.050:-4.225","0.000:0.000:0.000|-0.001:0.000:-0.800|-0.791:0.000:-0.123|0.001:0.000:0.800|0.000:0.000:0.000","-11.308:0.050:8.170|19.924:0.050:1.315","0.000:0.000:0.000|0.012:0.000:1.066",False,False,Moving,60.00,40.00,3.00,MultiAgentTraffic,"P1:True|P2:True|P3:True|D1:True|D2:True|D3:True","H1:H1 rack picking and carton handoff:Transport to work bay:load=True:handoffs=0|H2:H2 cross-aisle carton transfer:Return for next assignment:load=False:handoffs=1|H3:H3 station scan and dispatch verification:Transport to work bay:load=False:handoffs=0|H4:H4 trolley supply transfer:Return for next assignment:load=False:handoffs=1|H5:H5 rack inspection and replenishment:Inspect / replenish rack:load=True:handoffs=1|F1:F1 inbound pallet replenishment:Transport to work bay:load=True:handoffs=0|F2:F2 outbound pallet dispatch:Transport to work bay:load=True:handoffs=1"
49.3321,9,58,459,-22.9053,0.0500,12.3334,158.2884,1.6613,-2.0050,-12.3000,0.0000,-13.5000,27.9256,7,"","","7.500:0.050:16.744|-4.172:0.050:11.075|21.886:0.050:-15.359|4.191:0.050:8.340|8.380:0.050:-4.225","0.000:0.000:0.000|-0.001:0.000:-0.800|-0.791:0.000:-0.123|0.001:0.000:0.800|0.000:0.000:0.000","-11.308:0.050:8.170|19.926:0.050:1.424","0.000:0.000:0.000|0.012:0.000:1.066",False,False,Moving,60.00,40.00,3.00,MultiAgentTraffic,"P1:True|P2:True|P3:True|D1:True|D2:True|D3:True","H1:H1 rack picking and carton handoff:Transport to work bay:load=True:handoffs=0|H2:H2 cross-aisle carton transfer:Return for next assignment:load=False:handoffs=1|H3:H3 station scan and dispatch verification:Transport to work bay:load=False:handoffs=0|H4:H4 trolley supply transfer:Return for next assignment:load=False:handoffs=1|H5:H5 rack inspection and replenishment:Inspect / replenish rack:load=True:handoffs=1|F1:F1 inbound pallet replenishment:Transport to work bay:load=True:handoffs=0|F2:F2 outbound pallet dispatch:Transport to work bay:load=True:handoffs=1"
49.4391,9,58,460,-22.8565,0.0500,12.2146,158.1590,1.0155,-0.9933,-12.3000,0.0000,-13.5000,27.7972,7,"","","7.500:0.050:16.744|-4.172:0.050:10.989|21.801:0.050:-15.372|4.192:0.050:8.426|8.380:0.050:-4.225","0.000:0.000:0.000|-0.001:0.000:-0.800|-0.791:0.000:-0.123|0.001:0.000:0.800|0.000:0.000:0.000","-11.308:0.050:8.170|19.927:0.050:1.538","0.000:0.000:0.000|0.012:0.000:1.066",False,False,Moving,60.00,40.00,3.00,MultiAgentTraffic,"P1:True|P2:True|P3:True|D1:True|D2:True|D3:True","H1:H1 rack picking and carton handoff:Transport to work bay:load=True:handoffs=0|H2:H2 cross-aisle carton transfer:Return for next assignment:load=False:handoffs=1|H3:H3 station scan and dispatch verification:Transport to work bay:load=False:handoffs=0|H4:H4 trolley supply transfer:Return for next assignment:load=False:handoffs=1|H5:H5 rack inspection and replenishment:Inspect / replenish rack:load=True:handoffs=1|F1:F1 inbound pallet replenishment:Transport to work bay:load=True:handoffs=0|F2:F2 outbound pallet dispatch:Transport to work bay:load=True:handoffs=1"
49.5416,9,58,461,-22.8098,0.0500,12.1008,158.0607,0.8586,-0.6592,-12.3000,0.0000,-13.5000,27.6742,7,"","","7.500:0.050:16.744|-4.172:0.050:10.907|21.720:0.050:-15.385|4.192:0.050:8.508|8.380:0.050:-4.225","0.000:0.000:0.000|-0.001:0.000:-0.800|-0.791:0.000:-0.123|0.001:0.000:0.800|0.000:0.000:0.000","-11.308:0.050:8.170|19.928:0.050:1.647","0.000:0.000:0.000|0.012:0.000:1.066",False,False,Moving,60.00,40.00,3.00,MultiAgentTraffic,"P1:True|P2:True|P3:True|D1:True|D2:True|D3:True","H1:H1 rack picking and carton handoff:Transport to work bay:load=True:handoffs=0|H2:H2 cross-aisle carton transfer:Return for next assignment:load=False:handoffs=1|H3:H3 station scan and dispatch verification:Transport to work bay:load=False:handoffs=0|H4:H4 trolley supply transfer:Return for next assignment:load=False:handoffs=1|H5:H5 rack inspection and replenishment:Inspect / replenish rack:load=True:handoffs=1|F1:F1 inbound pallet replenishment:Transport to work bay:load=True:handoffs=0|F2:F2 outbound pallet dispatch:Transport to work bay:load=True:handoffs=1"
49.6509,9,58,462,-22.7600,0.0500,11.9794,157.9781,0.9219,-0.5402,-12.3000,0.0000,-13.5000,27.5429,7,"","","7.500:0.050:16.744|-4.172:0.050:10.820|21.634:0.050:-15.398|4.192:0.050:8.596|8.380:0.050:-4.225","0.000:0.000:0.000|-0.001:0.000:-0.800|-0.791:0.000:-0.123|0.001:0.000:0.800|0.000:0.000:0.000","-11.308:0.050:8.170|19.929:0.050:1.764","0.000:0.000:0.000|0.012:0.000:1.066",False,False,Moving,60.00,40.00,3.00,MultiAgentTraffic,"P1:True|P2:True|P3:True|D1:True|D2:True|D3:True","H1:H1 rack picking and carton handoff:Transport to work bay:load=True:handoffs=0|H2:H2 cross-aisle carton transfer:Return for next assignment:load=False:handoffs=1|H3:H3 station scan and dispatch verification:Transport to work bay:load=False:handoffs=0|H4:H4 trolley supply transfer:Return for next assignment:load=False:handoffs=1|H5:H5 rack inspection and replenishment:Inspect / replenish rack:load=True:handoffs=1|F1:F1 inbound pallet replenishment:Transport to work bay:load=True:handoffs=0|F2:F2 outbound pallet dispatch:Transport to work bay:load=True:handoffs=1"
49.7558,9,58,463,-22.7122,0.0500,11.8630,157.9159,0.8681,-0.4120,-12.3000,0.0000,-13.5000,27.4171,7,"","","7.500:0.050:16.744|-4.172:0.050:10.736|21.551:0.050:-15.411|4.192:0.050:8.679|8.380:0.050:-4.225","0.000:0.000:0.000|-0.001:0.000:-0.800|-0.791:0.000:-0.123|0.001:0.000:0.800|0.000:0.000:0.000","-11.308:0.050:8.170|19.931:0.050:1.876","0.000:0.000:0.000|0.012:0.000:1.066",False,False,Moving,60.00,40.00,3.00,MultiAgentTraffic,"P1:True|P2:True|P3:True|D1:True|D2:True|D3:True","H1:H1 rack picking and carton handoff:Transport to work bay:load=True:handoffs=0|H2:H2 cross-aisle carton transfer:Return for next assignment:load=False:handoffs=1|H3:H3 station scan and dispatch verification:Transport to work bay:load=False:handoffs=0|H4:H4 trolley supply transfer:Return for next assignment:load=False:handoffs=1|H5:H5 rack inspection and replenishment:Inspect / replenish rack:load=True:handoffs=1|F1:F1 inbound pallet replenishment:Transport to work bay:load=True:handoffs=0|F2:F2 outbound pallet dispatch:Transport to work bay:load=True:handoffs=1"
49.8559,9,58,464,-22.6666,0.0500,11.7519,157.8687,0.8100,-0.3052,-12.3000,0.0000,-13.5000,27.2970,7,"","","7.500:0.050:16.744|-4.172:0.050:10.656|21.472:0.050:-15.424|4.192:0.050:8.759|8.380:0.050:-4.225","0.000:0.000:0.000|-0.001:0.000:-0.800|-0.791:0.000:-0.123|0.001:0.000:0.800|0.000:0.000:0.000","-11.308:0.050:8.170|19.932:0.050:1.982","0.000:0.000:0.000|0.012:0.000:1.066",False,False,Moving,60.00,40.00,3.00,MultiAgentTraffic,"P1:True|P2:True|P3:True|D1:True|D2:True|D3:True","H1:H1 rack picking and carton handoff:Transport to work bay:load=True:handoffs=0|H2:H2 cross-aisle carton transfer:Return for next assignment:load=False:handoffs=1|H3:H3 station scan and dispatch verification:Transport to work bay:load=False:handoffs=0|H4:H4 trolley supply transfer:Return for next assignment:load=False:handoffs=1|H5:H5 rack inspection and replenishment:Inspect / replenish rack:load=True:handoffs=1|F1:F1 inbound pallet replenishment:Transport to work bay:load=True:handoffs=0|F2:F2 outbound pallet dispatch:Transport to work bay:load=True:handoffs=1"
49.9611,9,58,465,-22.6186,0.0500,11.6351,157.8292,0.8525,-0.2563,-12.3000,0.0000,-13.5000,27.1707,7,"","","7.500:0.050:16.744|-4.172:0.050:10.572|21.389:0.050:-15.437|4.192:0.050:8.844|8.380:0.050:-4.225","0.000:0.000:0.000|-0.001:0.000:-0.800|-0.791:0.000:-0.123|0.001:0.000:0.800|0.000:0.000:0.000","-11.308:0.050:8.170|19.933:0.050:2.095","0.000:0.000:0.000|0.012:0.000:1.066",False,False,Moving,60.00,40.00,3.00,MultiAgentTraffic,"P1:True|P2:True|P3:True|D1:True|D2:True|D3:True","H1:H1 rack picking and carton handoff:Transport to work bay:load=True:handoffs=0|H2:H2 cross-aisle carton transfer:Return for next assignment:load=False:handoffs=1|H3:H3 station scan and dispatch verification:Transport to work bay:load=False:handoffs=0|H4:H4 trolley supply transfer:Return for next assignment:load=False:handoffs=1|H5:H5 rack inspection and replenishment:Inspect / replenish rack:load=True:handoffs=1|F1:F1 inbound pallet replenishment:Transport to work bay:load=True:handoffs=0|F2:F2 outbound pallet dispatch:Transport to work bay:load=True:handoffs=1"
50.0644,9,58,466,-22.5715,0.0500,11.5204,157.7986,0.8284,-0.1907,-12.3000,0.0000,-13.5000,27.0467,7,"","","7.500:0.050:16.744|-4.173:0.050:10.489|21.307:0.050:-15.449|4.192:0.050:8.926|8.380:0.050:-4.225","0.000:0.000:0.000|-0.001:0.000:-0.800|-0.791:0.000:-0.123|0.001:0.000:0.800|0.000:0.000:0.000","-11.308:0.050:8.170|19.934:0.050:2.205","0.000:0.000:0.000|0.012:0.000:1.066",False,False,Moving,60.00,40.00,3.00,MultiAgentTraffic,"P1:True|P2:True|P3:True|D1:True|D2:True|D3:True","H1:H1 rack picking and carton handoff:Transport to work bay:load=True:handoffs=0|H2:H2 cross-aisle carton transfer:Return for next assignment:load=False:handoffs=1|H3:H3 station scan and dispatch verification:Transport to work bay:load=False:handoffs=0|H4:H4 trolley supply transfer:Return for next assignment:load=False:handoffs=1|H5:H5 rack inspection and replenishment:Inspect / replenish rack:load=True:handoffs=1|F1:F1 inbound pallet replenishment:Transport to work bay:load=True:handoffs=0|F2:F2 outbound pallet dispatch:Transport to work bay:load=True:handoffs=1"
50.1654,9,58,467,-22.5255,0.0500,11.4083,157.7747,0.8476,-0.1556,-12.3000,0.0000,-13.5000,26.9256,7,"","","7.500:0.050:16.744|-4.173:0.050:10.408|21.227:0.050:-15.462|4.193:0.050:9.007|8.380:0.050:-4.225","0.000:0.000:0.000|-0.001:0.000:-0.800|-0.791:0.000:-0.123|0.001:0.000:0.800|0.000:0.000:0.000","-11.308:0.050:8.170|19.936:0.050:2.312","0.000:0.000:0.000|0.012:0.000:1.066",False,False,Moving,60.00,40.00,3.00,MultiAgentTraffic,"P1:True|P2:True|P3:True|D1:True|D2:True|D3:True","H1:H1 rack picking and carton handoff:Transport to work bay:load=True:handoffs=0|H2:H2 cross-aisle carton transfer:Return for next assignment:load=False:handoffs=1|H3:H3 station scan and dispatch verification:Transport to work bay:load=False:handoffs=0|H4:H4 trolley supply transfer:Return for next assignment:load=False:handoffs=1|H5:H5 rack inspection and replenishment:Inspect / replenish rack:load=True:handoffs=1|F1:F1 inbound pallet replenishment:Transport to work bay:load=True:handoffs=0|F2:F2 outbound pallet dispatch:Transport to work bay:load=True:handoffs=1"
50.2767,9,58,468,-22.4748,0.0500,11.2847,157.7540,0.8094,-0.1190,-12.3000,0.0000,-13.5000,26.7920,7,"","","7.500:0.050:16.744|-4.173:0.050:10.319|21.139:0.050:-15.475|4.193:0.050:9.096|8.380:0.050:-4.225","0.000:0.000:0.000|-0.001:0.000:-0.800|-0.791:0.000:-0.123|0.001:0.000:0.800|0.000:0.000:0.000","-11.308:0.050:8.170|19.937:0.050:2.431","0.000:0.000:0.000|0.012:0.000:1.066",False,False,Moving,60.00,40.00,3.00,MultiAgentTraffic,"P1:True|P2:True|P3:True|D1:True|D2:True|D3:True","H1:H1 rack picking and carton handoff:Transport to work bay:load=True:handoffs=0|H2:H2 cross-aisle carton transfer:Return for next assignment:load=False:handoffs=1|H3:H3 station scan and dispatch verification:Transport to work bay:load=False:handoffs=0|H4:H4 trolley supply transfer:Return for next assignment:load=False:handoffs=1|H5:H5 rack inspection and replenishment:Inspect / replenish rack:load=True:handoffs=1|F1:F1 inbound pallet replenishment:Transport to work bay:load=True:handoffs=0|F2:F2 outbound pallet dispatch:Transport to work bay:load=True:handoffs=1"
50.3783,9,58,469,-22.4285,0.0500,11.1720,157.7391,0.8899,-0.1053,-12.3000,0.0000,-13.5000,26.6701,7,"","","7.500:0.050:16.744|-4.173:0.050:10.238|21.059:0.050:-15.488|4.193:0.050:9.177|8.380:0.050:-4.225","0.000:0.000:0.000|-0.001:0.000:-0.800|-0.791:0.000:-0.123|0.001:0.000:0.800|0.000:0.000:0.000","-11.308:0.050:8.170|19.938:0.050:2.539","0.000:0.000:0.000|0.012:0.000:1.066",False,False,Moving,60.00,40.00,3.00,MultiAgentTraffic,"P1:True|P2:True|P3:True|D1:True|D2:True|D3:True","H1:H1 rack picking and carton handoff:Transport to work bay:load=True:handoffs=0|H2:H2 cross-aisle carton transfer:Return for next assignment:load=False:handoffs=1|H3:H3 station scan and dispatch verification:Transport to work bay:load=False:handoffs=0|H4:H4 trolley supply transfer:Return for next assignment:load=False:handoffs=1|H5:H5 rack inspection and replenishment:Inspect / replenish rack:load=True:handoffs=1|F1:F1 inbound pallet replenishment:Transport to work bay:load=True:handoffs=0|F2:F2 outbound pallet dispatch:Transport to work bay:load=True:handoffs=1"
50.4914,9,58,470,-22.3769,0.0500,11.0464,157.7260,1.6304,-0.1465,-12.3000,0.0000,-13.5000,26.5343,7,"","","7.500:0.050:16.744|-4.173:0.050:10.147|20.969:0.050:-15.502|4.193:0.050:9.268|8.380:0.050:-4.225","0.000:0.000:0.000|-0.001:0.000:-0.800|-0.791:0.000:-0.123|0.001:0.000:0.800|0.000:0.000:0.000","-11.308:0.050:8.170|19.940:0.050:2.660","0.000:0.000:0.000|0.012:0.000:1.066",False,False,Moving,60.00,40.00,3.00,MultiAgentTraffic,"P1:True|P2:True|P3:True|D1:True|D2:True|D3:True","H1:H1 rack picking and carton handoff:Transport to work bay:load=True:handoffs=0|H2:H2 cross-aisle carton transfer:Return for next assignment:load=False:handoffs=1|H3:H3 station scan and dispatch verification:Transport to work bay:load=False:handoffs=0|H4:H4 trolley supply transfer:Return for next assignment:load=False:handoffs=1|H5:H5 rack inspection and replenishment:Return for next assignment:load=False:handoffs=1|F1:F1 inbound pallet replenishment:Transport to work bay:load=True:handoffs=0|F2:F2 outbound pallet dispatch:Transport to work bay:load=True:handoffs=1"
50.6033,9,58,471,-22.3259,0.0500,10.9222,157.7159,0.9033,-0.0641,-12.3000,0.0000,-13.5000,26.4001,7,"","","7.500:0.050:16.744|-4.173:0.050:10.058|20.881:0.050:-15.515|4.193:0.050:9.357|8.380:0.050:-4.225","0.000:0.000:0.000|-0.001:0.000:-0.800|-0.791:0.000:-0.123|0.001:0.000:0.800|0.000:0.000:0.000","-11.308:0.050:8.170|19.941:0.050:2.779","0.000:0.000:0.000|0.012:0.000:1.066",False,False,Moving,60.00,40.00,3.00,MultiAgentTraffic,"P1:True|P2:True|P3:True|D1:True|D2:True|D3:True","H1:H1 rack picking and carton handoff:Transport to work bay:load=True:handoffs=0|H2:H2 cross-aisle carton transfer:Return for next assignment:load=False:handoffs=1|H3:H3 station scan and dispatch verification:Transport to work bay:load=False:handoffs=0|H4:H4 trolley supply transfer:Return for next assignment:load=False:handoffs=1|H5:H5 rack inspection and replenishment:Return for next assignment:load=False:handoffs=1|F1:F1 inbound pallet replenishment:Transport to work bay:load=True:handoffs=0|F2:F2 outbound pallet dispatch:Transport to work bay:load=True:handoffs=1"
50.7201,9,58,472,-22.2727,0.0500,10.7926,157.7078,2.0232,-0.1114,-12.3000,0.0000,-13.5000,26.2600,7,"","","7.500:0.050:16.744|-4.173:0.050:9.964|20.789:0.050:-15.530|4.193:0.050:9.451|8.380:0.050:-4.225","0.000:0.000:0.000|-0.001:0.000:-0.800|-0.791:0.000:-0.123|0.001:0.000:0.800|0.000:0.000:0.000","-11.308:0.050:8.170|19.942:0.050:2.904","0.000:0.000:0.000|0.012:0.000:1.066",False,False,Moving,60.00,40.00,3.00,MultiAgentTraffic,"P1:True|P2:True|P3:True|D1:True|D2:True|D3:True","H1:H1 rack picking and carton handoff:Transport to work bay:load=True:handoffs=0|H2:H2 cross-aisle carton transfer:Return for next assignment:load=False:handoffs=1|H3:H3 station scan and dispatch verification:Transport to work bay:load=False:handoffs=0|H4:H4 trolley supply transfer:Return for next assignment:load=False:handoffs=1|H5:H5 rack inspection and replenishment:Return for next assignment:load=False:handoffs=1|F1:F1 inbound pallet replenishment:Transport to work bay:load=True:handoffs=0|F2:F2 outbound pallet dispatch:Transport to work bay:load=True:handoffs=1"
50.8323,9,58,473,-22.2216,0.0500,10.6680,157.7017,1.7668,-0.0732,-12.3000,0.0000,-13.5000,26.1253,7,"","","7.500:0.050:16.744|-4.173:0.050:9.875|20.700:0.050:-15.544|4.193:0.050:9.541|8.380:0.050:-4.225","0.000:0.000:0.000|-0.001:0.000:-0.800|-0.791:0.000:-0.123|0.001:0.000:0.800|0.000:0.000:0.000","-11.308:0.050:8.170|19.944:0.050:3.023","0.000:0.000:0.000|0.012:0.000:1.066",False,False,Moving,60.00,40.00,3.00,MultiAgentTraffic,"P1:True|P2:True|P3:True|D1:True|D2:True|D3:True","H1:H1 rack picking and carton handoff:Transport to work bay:load=True:handoffs=0|H2:H2 cross-aisle carton transfer:Return for next assignment:load=False:handoffs=1|H3:H3 station scan and dispatch verification:Transport to work bay:load=False:handoffs=0|H4:H4 trolley supply transfer:Return for next assignment:load=False:handoffs=1|H5:H5 rack inspection and replenishment:Return for next assignment:load=False:handoffs=1|F1:F1 inbound pallet replenishment:Transport to work bay:load=True:handoffs=0|F2:F2 outbound pallet dispatch:Transport to work bay:load=True:handoffs=1"
50.9391,9,58,474,-22.1729,0.0500,10.5494,157.6972,0.9929,-0.0336,-12.3000,0.0000,-13.5000,25.9971,7,"","","7.500:0.050:16.744|-4.173:0.050:9.789|20.615:0.050:-15.557|4.194:0.050:9.626|8.380:0.050:-4.225","0.000:0.000:0.000|-0.001:0.000:-0.800|-0.791:0.000:-0.123|0.001:0.000:0.800|0.000:0.000:0.000","-11.308:0.050:8.170|19.945:0.050:3.137","0.000:0.000:0.000|0.012:0.000:1.066",False,False,Moving,60.00,40.00,3.00,MultiAgentTraffic,"P1:True|P2:True|P3:True|D1:True|D2:True|D3:True","H1:H1 rack picking and carton handoff:Transport to work bay:load=True:handoffs=0|H2:H2 cross-aisle carton transfer:Return for next assignment:load=False:handoffs=1|H3:H3 station scan and dispatch verification:Transport to work bay:load=False:handoffs=0|H4:H4 trolley supply transfer:Return for next assignment:load=False:handoffs=1|H5:H5 rack inspection and replenishment:Return for next assignment:load=False:handoffs=1|F1:F1 inbound pallet replenishment:Transport to work bay:load=True:handoffs=0|F2:F2 outbound pallet dispatch:Transport to work bay:load=True:handoffs=1"
51.0407,9,58,475,-22.1266,0.0500,10.4366,157.6938,0.7780,-0.0214,-12.3000,0.0000,-13.5000,25.8751,7,"","","7.500:0.050:16.744|-4.173:0.050:9.708|20.535:0.050:-15.569|4.194:0.050:9.707|8.380:0.050:-4.225","0.000:0.000:0.000|-0.001:0.000:-0.800|-0.791:0.000:-0.123|0.001:0.000:0.800|0.000:0.000:0.000","-11.308:0.050:8.170|19.946:0.050:3.245","0.000:0.000:0.000|0.012:0.000:1.066",False,False,Moving,60.00,40.00,3.00,MultiAgentTraffic,"P1:True|P2:True|P3:True|D1:True|D2:True|D3:True","H1:H1 rack picking and carton handoff:Transport to work bay:load=True:handoffs=0|H2:H2 cross-aisle carton transfer:Return for next assignment:load=False:handoffs=1|H3:H3 station scan and dispatch verification:Transport to work bay:load=False:handoffs=0|H4:H4 trolley supply transfer:Return for next assignment:load=False:handoffs=1|H5:H5 rack inspection and replenishment:Return for next assignment:load=False:handoffs=1|F1:F1 inbound pallet replenishment:Transport to work bay:load=True:handoffs=0|F2:F2 outbound pallet dispatch:Transport to work bay:load=True:handoffs=1"
51.1484,9,58,476,-22.0775,0.0500,10.3171,157.6910,0.9499,-0.0183,-12.3000,0.0000,-13.5000,25.7460,7,"","","7.500:0.050:16.744|-4.174:0.050:9.622|20.450:0.050:-15.582|4.194:0.050:9.794|8.383:0.050:-4.223","0.000:0.000:0.000|-0.001:0.000:-0.800|-0.791:0.000:-0.123|0.001:0.000:0.800|0.058:0.000:0.038","-11.308:0.050:8.170|19.947:0.050:3.360","0.000:0.000:0.000|0.012:0.000:1.066",False,False,Moving,60.00,40.00,3.00,MultiAgentTraffic,"P1:True|P2:True|P3:True|D1:True|D2:True|D3:True","H1:H1 rack picking and carton handoff:Transport to work bay:load=True:handoffs=0|H2:H2 cross-aisle carton transfer:Return for next assignment:load=False:handoffs=1|H3:H3 station scan and dispatch verification:Transport to work bay:load=False:handoffs=0|H4:H4 trolley supply transfer:Return for next assignment:load=False:handoffs=1|H5:H5 rack inspection and replenishment:Return for next assignment:load=False:handoffs=1|F1:F1 inbound pallet replenishment:Transport to work bay:load=True:handoffs=0|F2:F2 outbound pallet dispatch:Transport to work bay:load=True:handoffs=1"
51.2558,9,58,477,-22.0286,0.0500,10.1978,157.6888,1.7451,-0.0290,-12.3000,0.0000,-13.5000,25.6171,7,"","","7.500:0.050:16.744|-4.174:0.050:9.536|20.365:0.050:-15.596|4.194:0.050:9.879|8.392:0.050:-4.214","0.000:0.000:0.000|-0.001:0.000:-0.800|-0.791:0.000:-0.123|0.001:0.000:0.800|0.100:0.000:0.119","-11.308:0.050:8.170|19.949:0.050:3.475","0.000:0.000:0.000|0.012:0.000:1.066",False,False,Moving,60.00,40.00,3.00,MultiAgentTraffic,"P1:True|P2:True|P3:True|D1:True|D2:True|D3:True","H1:H1 rack picking and carton handoff:Transport to work bay:load=True:handoffs=0|H2:H2 cross-aisle carton transfer:Return for next assignment:load=False:handoffs=1|H3:H3 station scan and dispatch verification:Transport to work bay:load=False:handoffs=0|H4:H4 trolley supply transfer:Return for next assignment:load=False:handoffs=1|H5:H5 rack inspection and replenishment:Return for next assignment:load=False:handoffs=1|F1:F1 inbound pallet replenishment:Transport to work bay:load=True:handoffs=0|F2:F2 outbound pallet dispatch:Transport to work bay:load=True:handoffs=1"
51.3600,9,58,478,-21.9811,0.0500,10.0821,157.6870,0.8679,-0.0122,-12.3000,0.0000,-13.5000,25.4920,7,"","","7.500:0.050:16.744|-4.174:0.050:9.452|20.283:0.050:-15.608|4.194:0.050:9.963|8.402:0.050:-4.196","0.000:0.000:0.000|-0.001:0.000:-0.800|-0.791:0.000:-0.123|0.001:0.000:0.800|0.095:0.000:0.219","-11.308:0.050:8.170|19.950:0.050:3.586","0.000:0.000:0.000|0.012:0.000:1.066",False,False,Moving,60.00,40.00,3.00,MultiAgentTraffic,"P1:True|P2:True|P3:True|D1:True|D2:True|D3:True","H1:H1 rack picking and carton handoff:Transport to work bay:load=True:handoffs=0|H2:H2 cross-aisle carton transfer:Return for next assignment:load=False:handoffs=1|H3:H3 station scan and dispatch verification:Transport to work bay:load=False:handoffs=0|H4:H4 trolley supply transfer:Return for next assignment:load=False:handoffs=1|H5:H5 rack inspection and replenishment:Return for next assignment:load=False:handoffs=1|F1:F1 inbound pallet replenishment:Transport to work bay:load=True:handoffs=0|F2:F2 outbound pallet dispatch:Transport to work bay:load=True:handoffs=1"
51.4655,9,58,479,-21.9330,0.0500,9.9650,157.6857,0.8773,-0.0092,-12.3000,0.0000,-13.5000,25.3654,7,"","","7.500:0.050:16.744|-4.174:0.050:9.368|20.199:0.050:-15.621|4.194:0.050:10.047|8.409:0.050:-4.166","0.000:0.000:0.000|-0.001:0.000:-0.800|-0.791:0.000:-0.123|0.001:0.000:0.800|0.037:0.000:0.321","-11.308:0.050:8.170|19.951:0.050:3.698","0.000:0.000:0.000|0.012:0.000:1.066",False,False,Moving,60.00,40.00,3.00,MultiAgentTraffic,"P1:True|P2:True|P3:True|D1:True|D2:True|D3:True","H1:H1 rack picking and carton handoff:Transport to work bay:load=True:handoffs=0|H2:H2 cross-aisle carton transfer:Return for next assignment:load=False:handoffs=1|H3:H3 station scan and dispatch verification:Transport to work bay:load=False:handoffs=0|H4:H4 trolley supply transfer:Return for next assignment:load=False:handoffs=1|H5:H5 rack inspection and replenishment:Return for next assignment:load=False:handoffs=1|F1:F1 inbound pallet replenishment:Transport to work bay:load=True:handoffs=0|F2:F2 outbound pallet dispatch:Transport to work bay:load=True:handoffs=1"
51.5803,9,58,480,-21.8807,0.0500,9.8376,157.6845,0.9508,-0.0076,-12.3000,0.0000,-13.5000,25.2277,7,"","","7.500:0.050:16.744|-4.174:0.050:9.276|20.109:0.050:-15.636|4.194:0.050:10.139|8.410:0.050:-4.123","0.000:0.000:0.000|-0.001:0.000:-0.800|-0.791:0.000:-0.123|0.001:0.000:0.800|0.000:0.000:0.415","-11.308:0.050:8.170|19.953:0.050:3.821","0.000:0.000:0.000|0.012:0.000:1.066",False,False,Moving,60.00,40.00,3.00,MultiAgentTraffic,"P1:True|P2:True|P3:True|D1:True|D2:True|D3:True","H1:H1 rack picking and carton handoff:Transport to work bay:load=True:handoffs=0|H2:H2 cross-aisle carton transfer:Return for next assignment:load=False:handoffs=1|H3:H3 station scan and dispatch verification:Transport to work bay:load=False:handoffs=0|H4:H4 trolley supply transfer:Return for next assignment:load=False:handoffs=1|H5:H5 rack inspection and replenishment:Return for next assignment:load=False:handoffs=1|F1:F1 inbound pallet replenishment:Transport to work bay:load=True:handoffs=0|F2:F2 outbound pallet dispatch:Transport to work bay:load=True:handoffs=1"
51.6859,9,58,481,-21.8326,0.0500,9.7203,157.6837,0.8710,-0.0061,-12.3000,0.0000,-13.5000,25.1009,7,"","","7.500:0.050:16.744|-4.174:0.050:9.192|20.025:0.050:-15.649|4.195:0.050:10.224|8.410:0.050:-4.074","0.000:0.000:0.000|-0.001:0.000:-0.800|-0.791:0.000:-0.123|0.001:0.000:0.800|0.000:0.000:0.499","-11.308:0.050:8.170|19.954:0.050:3.933","0.000:0.000:0.000|0.012:0.000:1.066",False,False,Moving,60.00,40.00,3.00,MultiAgentTraffic,"P1:True|P2:True|P3:True|D1:True|D2:True|D3:True","H1:H1 rack picking and carton handoff:Transport to work bay:load=True:handoffs=0|H2:H2 cross-aisle carton transfer:Return for next assignment:load=False:handoffs=1|H3:H3 station scan and dispatch verification:Transport to work bay:load=False:handoffs=0|H4:H4 trolley supply transfer:Return for next assignment:load=False:handoffs=1|H5:H5 rack inspection and replenishment:Return for next assignment:load=False:handoffs=1|F1:F1 inbound pallet replenishment:Transport to work bay:load=True:handoffs=0|F2:F2 outbound pallet dispatch:Transport to work bay:load=True:handoffs=1"
51.7920,9,58,482,-21.7842,0.0500,9.6026,157.6830,0.9565,-0.0031,-12.3000,0.0000,-13.5000,24.9736,7,"","","7.500:0.050:16.744|-4.174:0.050:9.107|19.941:0.050:-15.662|4.195:0.050:10.308|8.410:0.050:-4.016","0.000:0.000:0.000|-0.001:0.000:-0.800|-0.791:0.000:-0.123|0.001:0.000:0.800|0.000:0.000:0.584","-11.308:0.050:8.170|19.955:0.050:4.046","0.000:0.000:0.000|0.012:0.000:1.066",False,False,Moving,60.00,40.00,3.00,MultiAgentTraffic,"P1:True|P2:True|P3:True|D1:True|D2:True|D3:True","H1:H1 rack picking and carton handoff:Transport to work bay:load=True:handoffs=0|H2:H2 cross-aisle carton transfer:Return for next assignment:load=False:handoffs=1|H3:H3 station scan and dispatch verification:Transport to work bay:load=False:handoffs=0|H4:H4 trolley supply transfer:Return for next assignment:load=False:handoffs=1|H5:H5 rack inspection and replenishment:Return for next assignment:load=False:handoffs=1|F1:F1 inbound pallet replenishment:Transport to work bay:load=True:handoffs=0|F2:F2 outbound pallet dispatch:Transport to work bay:load=True:handoffs=1"
51.8974,9,58,483,-21.7362,0.0500,9.4855,157.6825,0.9081,-0.0031,-12.3000,0.0000,-13.5000,24.8471,7,"","","7.500:0.050:16.744|-4.174:0.050:9.022|19.858:0.050:-15.675|4.195:0.050:10.393|8.410:0.050:-3.950","0.000:0.000:0.000|-0.001:0.000:-0.800|-0.791:0.000:-0.123|0.001:0.000:0.800|0.000:0.000:0.669","-11.308:0.050:8.170|19.957:0.050:4.159","0.000:0.000:0.000|0.012:0.000:1.066",False,False,Moving,60.00,40.00,3.00,MultiAgentTraffic,"P1:True|P2:True|P3:True|D1:True|D2:True|D3:True","H1:H1 rack picking and carton handoff:Transport to work bay:load=True:handoffs=0|H2:H2 cross-aisle carton transfer:Return for next assignment:load=False:handoffs=1|H3:H3 station scan and dispatch verification:Transport to work bay:load=False:handoffs=0|H4:H4 trolley supply transfer:Return for next assignment:load=False:handoffs=1|H5:H5 rack inspection and replenishment:Return for next assignment:load=False:handoffs=1|F1:F1 inbound pallet replenishment:Transport to work bay:load=True:handoffs=0|F2:F2 outbound pallet dispatch:Transport to work bay:load=True:handoffs=1"
52.0055,9,58,484,-21.6869,0.0500,9.3655,157.6821,0.8594,-0.0031,-12.3000,0.0000,-13.5000,24.7174,7,"","","7.500:0.050:16.744|-4.174:0.050:8.936|19.772:0.050:-15.688|4.195:0.050:10.479|8.410:0.050:-3.872","0.000:0.000:0.000|-0.001:0.000:-0.800|-0.791:0.000:-0.123|0.001:0.000:0.800|-0.001:0.000:0.755","-11.308:0.050:8.170|19.958:0.050:4.274","0.000:0.000:0.000|0.012:0.000:1.066",False,False,Moving,60.00,40.00,3.00,MultiAgentTraffic,"P1:True|P2:True|P3:True|D1:True|D2:True|D3:True","H1:H1 rack picking and carton handoff:Transport to work bay:load=True:handoffs=0|H2:H2 cross-aisle carton transfer:Return for next assignment:load=False:handoffs=1|H3:H3 station scan and dispatch verification:Transport to work bay:load=False:handoffs=0|H4:H4 trolley supply transfer:Return for next assignment:load=False:handoffs=1|H5:H5 rack inspection and replenishment:Return for next assignment:load=False:handoffs=1|F1:F1 inbound pallet replenishment:Transport to work bay:load=True:handoffs=0|F2:F2 outbound pallet dispatch:Transport to work bay:load=True:handoffs=1"
52.1102,9,58,485,-21.6392,0.0500,9.2494,157.6818,1.7839,-0.0031,-12.3000,0.0000,-13.5000,24.5918,7,"","","7.500:0.050:16.744|-4.174:0.050:8.852|19.690:0.050:-15.701|4.195:0.050:10.563|8.410:0.050:-3.789","0.000:0.000:0.000|-0.001:0.000:-0.800|-0.791:0.000:-0.123|0.001:0.000:0.800|-0.001:0.000:0.800","-11.308:0.050:8.170|19.959:0.050:4.385","0.000:0.000:0.000|0.012:0.000:1.066",False,False,Moving,60.00,40.00,3.00,MultiAgentTraffic,"P1:True|P2:True|P3:True|D1:True|D2:True|D3:True","H1:H1 rack picking and carton handoff:Transport to work bay:load=True:handoffs=0|H2:H2 cross-aisle carton transfer:Return for next assignment:load=False:handoffs=1|H3:H3 station scan and dispatch verification:Transport to work bay:load=False:handoffs=0|H4:H4 trolley supply transfer:Return for next assignment:load=False:handoffs=1|H5:H5 rack inspection and replenishment:Return for next assignment:load=False:handoffs=1|F1:F1 inbound pallet replenishment:Transport to work bay:load=True:handoffs=0|F2:F2 outbound pallet dispatch:Transport to work bay:load=True:handoffs=1"
52.2185,9,58,486,-21.5899,0.0500,9.1292,157.6815,0.9688,-0.0031,-12.3000,0.0000,-13.5000,24.4619,7,"","","7.500:0.050:16.744|-4.175:0.050:8.766|19.604:0.050:-15.714|4.195:0.050:10.650|8.410:0.050:-3.703","0.000:0.000:0.000|-0.001:0.000:-0.800|-0.791:0.000:-0.123|0.001:0.000:0.800|-0.001:0.000:0.800","-11.308:0.050:8.170|19.960:0.050:4.501","0.000:0.000:0.000|0.012:0.000:1.066",False,False,Moving,60.00,40.00,3.00,MultiAgentTraffic,"P1:True|P2:True|P3:True|D1:True|D2:True|D3:True","H1:H1 rack picking and carton handoff:Transport to work bay:load=True:handoffs=0|H2:H2 cross-aisle carton transfer:Return for next assignment:load=False:handoffs=1|H3:H3 station scan and dispatch verification:Transport to work bay:load=False:handoffs=0|H4:H4 trolley supply transfer:Return for next assignment:load=False:handoffs=1|H5:H5 rack inspection and replenishment:Return for next assignment:load=False:handoffs=1|F1:F1 inbound pallet replenishment:Transport to work bay:load=True:handoffs=0|F2:F2 outbound pallet dispatch:Transport to work bay:load=True:handoffs=1"
52.3228,9,58,487,-21.5423,0.0500,9.0133,157.6813,0.8764,-0.0015,-12.3000,0.0000,-13.5000,24.3366,7,"","","7.500:0.050:16.744|-4.175:0.050:8.682|19.522:0.050:-15.727|4.195:0.050:10.733|8.410:0.050:-3.619","0.000:0.000:0.000|-0.001:0.000:-0.800|-0.791:0.000:-0.123|0.001:0.000:0.800|-0.001:0.000:0.800","-11.308:0.050:8.170|19.962:0.050:4.612","0.000:0.000:0.000|0.012:0.000:1.066",False,False,Moving,60.00,40.00,3.00,MultiAgentTraffic,"P1:True|P2:True|P3:True|D1:True|D2:True|D3:True","H1:H1 rack picking and carton handoff:Transport to work bay:load=True:handoffs=0|H2:H2 cross-aisle carton transfer:Return for next assignment:load=False:handoffs=1|H3:H3 station scan and dispatch verification:Transport to work bay:load=False:handoffs=0|H4:H4 trolley supply transfer:Return for next assignment:load=False:handoffs=1|H5:H5 rack inspection and replenishment:Return for next assignment:load=False:handoffs=1|F1:F1 inbound pallet replenishment:Transport to work bay:load=True:handoffs=0|F2:F2 outbound pallet dispatch:Transport to work bay:load=True:handoffs=1"
52.4345,9,58,488,-21.4914,0.0500,8.8893,157.6812,1.7380,-0.0015,-12.3000,0.0000,-13.5000,24.2026,7,"","","7.500:0.050:16.744|-4.175:0.050:8.593|19.433:0.050:-15.741|4.196:0.050:10.822|8.410:0.050:-3.530","0.000:0.000:0.000|-0.001:0.000:-0.800|-0.791:0.000:-0.123|0.001:0.000:0.800|-0.001:0.000:0.800","-11.308:0.050:8.170|19.963:0.050:4.731","0.000:0.000:0.000|0.012:0.000:1.066",False,False,Moving,60.00,40.00,3.00,MultiAgentTraffic,"P1:True|P2:True|P3:True|D1:True|D2:True|D3:True","H1:H1 rack picking and carton handoff:Transport to work bay:load=True:handoffs=0|H2:H2 cross-aisle carton transfer:Return for next assignment:load=False:handoffs=1|H3:H3 station scan and dispatch verification:Transport to work bay:load=False:handoffs=0|H4:H4 trolley supply transfer:Return for next assignment:load=False:handoffs=1|H5:H5 rack inspection and replenishment:Return for next assignment:load=False:handoffs=1|F1:F1 inbound pallet replenishment:Transport to work bay:load=True:handoffs=0|F2:F2 outbound pallet dispatch:Transport to work bay:load=True:handoffs=1"
52.5484,9,58,489,-21.4395,0.0500,8.7629,157.6810,0.8214,0.0000,-12.3000,0.0000,-13.5000,24.0660,7,"","","7.500:0.050:16.744|-4.175:0.050:8.502|19.343:0.050:-15.755|4.196:0.050:10.914|8.409:0.050:-3.439","0.000:0.000:0.000|-0.001:0.000:-0.800|-0.791:0.000:-0.123|0.001:0.000:0.800|-0.001:0.000:0.800","-11.308:0.050:8.170|19.964:0.050:4.852","0.000:0.000:0.000|0.012:0.000:1.066",False,False,Moving,60.00,40.00,3.00,MultiAgentTraffic,"P1:True|P2:True|P3:True|D1:True|D2:True|D3:True","H1:H1 rack picking and carton handoff:Transport to work bay:load=True:handoffs=0|H2:H2 cross-aisle carton transfer:Return for next assignment:load=False:handoffs=1|H3:H3 station scan and dispatch verification:Transport to work bay:load=False:handoffs=0|H4:H4 trolley supply transfer:Return for next assignment:load=False:handoffs=1|H5:H5 rack inspection and replenishment:Return for next assignment:load=False:handoffs=1|F1:F1 inbound pallet replenishment:Transport to work bay:load=True:handoffs=0|F2:F2 outbound pallet dispatch:Transport to work bay:load=True:handoffs=1"
52.6546,9,58,490,-21.3911,0.0500,8.6450,157.6809,1.0207,0.0000,-12.3000,0.0000,-13.5000,23.9385,7,"","","7.500:0.050:16.744|-4.175:0.050:8.417|19.259:0.050:-15.768|4.196:0.050:10.999|8.409:0.050:-3.354","0.000:0.000:0.000|-0.001:0.000:-0.800|-0.791:0.000:-0.123|0.001:0.000:0.800|-0.001:0.000:0.800","-11.308:0.050:8.170|19.966:0.050:4.966","0.000:0.000:0.000|0.012:0.000:1.066",False,False,Moving,60.00,40.00,3.00,MultiAgentTraffic,"P1:True|P2:True|P3:True|D1:True|D2:True|D3:True","H1:H1 rack picking and carton handoff:Transport to work bay:load=True:handoffs=0|H2:H2 cross-aisle carton transfer:Return for next assignment:load=False:handoffs=1|H3:H3 station scan and dispatch verification:Transport to work bay:load=False:handoffs=0|H4:H4 trolley supply transfer:Return for next assignment:load=False:handoffs=1|H5:H5 rack inspection and replenishment:Return for next assignment:load=False:handoffs=1|F1:F1 inbound pallet replenishment:Transport to work bay:load=True:handoffs=0|F2:F2 outbound pallet dispatch:Transport to work bay:load=True:handoffs=1"
52.7595,9,58,491,-21.3433,0.0500,8.5285,157.6809,0.8150,0.0000,-12.3000,0.0000,-13.5000,23.8126,7,"","","7.500:0.050:16.744|-4.175:0.050:8.333|19.176:0.050:-15.780|4.196:0.050:11.082|8.409:0.050:-3.270","0.000:0.000:0.000|-0.001:0.000:-0.800|-0.791:0.000:-0.123|0.001:0.000:0.800|-0.001:0.000:0.800","-11.308:0.050:8.170|19.967:0.050:5.078","0.000:0.000:0.000|0.012:0.000:1.066",False,False,Moving,60.00,40.00,3.00,MultiAgentTraffic,"P1:True|P2:True|P3:True|D1:True|D2:True|D3:True","H1:H1 rack picking and carton handoff:Transport to work bay:load=True:handoffs=0|H2:H2 cross-aisle carton transfer:Return for next assignment:load=False:handoffs=1|H3:H3 station scan and dispatch verification:Transport to work bay:load=False:handoffs=0|H4:H4 trolley supply transfer:Return for next assignment:load=False:handoffs=1|H5:H5 rack inspection and replenishment:Return for next assignment:load=False:handoffs=1|F1:F1 inbound pallet replenishment:Transport to work bay:load=True:handoffs=0|F2:F2 outbound pallet dispatch:Transport to work bay:load=True:handoffs=1"
52.8609,9,58,492,-21.2971,0.0500,8.4160,157.6808,0.8829,0.0000,-12.3000,0.0000,-13.5000,23.6910,7,"","","7.500:0.050:16.744|-4.175:0.050:8.252|19.096:0.050:-15.793|4.196:0.050:11.164|8.409:0.050:-3.189","0.000:0.000:0.000|-0.001:0.000:-0.800|-0.791:0.000:-0.123|0.001:0.000:0.800|-0.001:0.000:0.800","-11.308:0.050:8.170|19.968:0.050:5.186","0.000:0.000:0.000|0.012:0.000:1.066",False,False,Moving,60.00,40.00,3.00,MultiAgentTraffic,"P1:True|P2:True|P3:True|D1:True|D2:True|D3:True","H1:H1 rack picking and carton handoff:Transport to work bay:load=True:handoffs=0|H2:H2 cross-aisle carton transfer:Return for next assignment:load=False:handoffs=1|H3:H3 station scan and dispatch verification:Transport to work bay:load=False:handoffs=0|H4:H4 trolley supply transfer:Return for next assignment:load=False:handoffs=1|H5:H5 rack inspection and replenishment:Return for next assignment:load=False:handoffs=1|F1:F1 inbound pallet replenishment:Transport to work bay:load=True:handoffs=0|F2:F2 outbound pallet dispatch:Transport to work bay:load=True:handoffs=1"
52.9740,9,58,493,-21.2455,0.0500,8.2904,157.6808,1.6236,0.0000,-12.3000,0.0000,-13.5000,23.5552,7,"","","7.500:0.050:16.744|-4.175:0.050:8.161|19.007:0.050:-15.807|4.196:0.050:11.254|8.409:0.050:-3.098","0.000:0.000:0.000|-0.001:0.000:-0.800|-0.791:0.000:-0.123|0.001:0.000:0.800|-0.001:0.000:0.800","-11.308:0.050:8.170|19.970:0.050:5.306","0.000:0.000:0.000|0.012:0.000:1.066",False,False,Moving,60.00,40.00,3.00,MultiAgentTraffic,"P1:True|P2:True|P3:True|D1:True|D2:True|D3:True","H1:H1 rack picking and carton handoff:Transport to work bay:load=True:handoffs=0|H2:H2 cross-aisle carton transfer:Return for next assignment:load=False:handoffs=1|H3:H3 station scan and dispatch verification:Transport to work bay:load=False:handoffs=0|H4:H4 trolley supply transfer:Return for next assignment:load=False:handoffs=1|H5:H5 rack inspection and replenishment:Return for next assignment:load=False:handoffs=1|F1:F1 inbound pallet replenishment:Transport to work bay:load=True:handoffs=0|F2:F2 outbound pallet dispatch:Transport to work bay:load=True:handoffs=1"
53.0787,9,58,494,-21.1979,0.0500,8.1743,157.6807,0.8383,0.0000,-12.3000,0.0000,-13.5000,23.4296,7,"","","7.500:0.050:16.744|-4.175:0.050:8.077|18.924:0.050:-15.820|4.196:0.050:11.338|8.409:0.050:-3.014","0.000:0.000:0.000|-0.001:0.000:-0.800|-0.791:0.000:-0.123|0.001:0.000:0.800|-0.001:0.000:0.800","-11.308:0.050:8.170|19.971:0.050:5.418","0.000:0.000:0.000|0.012:0.000:1.066",False,False,Moving,60.00,40.00,3.00,MultiAgentTraffic,"P1:True|P2:True|P3:True|D1:True|D2:True|D3:True","H1:H1 rack picking and carton handoff:Transport to work bay:load=True:handoffs=0|H2:H2 cross-aisle carton transfer:Return for next assignment:load=False:handoffs=1|H3:H3 station scan and dispatch verification:Transport to work bay:load=False:handoffs=0|H4:H4 trolley supply transfer:Return for next assignment:load=False:handoffs=1|H5:H5 rack inspection and replenishment:Return for next assignment:load=False:handoffs=1|F1:F1 inbound pallet replenishment:Transport to work bay:load=True:handoffs=0|F2:F2 outbound pallet dispatch:Transport to work bay:load=True:handoffs=1"
53.1900,9,58,495,-21.1471,0.0500,8.0507,157.6807,1.6494,0.0000,-12.3000,0.0000,-13.5000,23.2961,7,"","","7.500:0.050:16.744|-4.175:0.050:7.988|18.836:0.050:-15.833|4.197:0.050:11.427|8.409:0.050:-2.925","0.000:0.000:0.000|-0.001:0.000:-0.800|-0.791:0.000:-0.123|0.001:0.000:0.800|-0.001:0.000:0.800","-11.308:0.050:8.170|19.972:0.050:5.536","0.000:0.000:0.000|0.012:0.000:1.066",False,False,Moving,60.00,40.00,3.00,MultiAgentTraffic,"P1:True|P2:True|P3:True|D1:True|D2:True|D3:True","H1:H1 rack picking and carton handoff:Transport to work bay:load=True:handoffs=0|H2:H2 cross-aisle carton transfer:Return for next assignment:load=False:handoffs=1|H3:H3 station scan and dispatch verification:Transport to work bay:load=False:handoffs=0|H4:H4 trolley supply transfer:Return for next assignment:load=False:handoffs=1|H5:H5 rack inspection and replenishment:Return for next assignment:load=False:handoffs=1|F1:F1 inbound pallet replenishment:Transport to work bay:load=True:handoffs=0|F2:F2 outbound pallet dispatch:Transport to work bay:load=True:handoffs=1"
53.2995,9,58,496,-21.0972,0.0500,7.9291,157.6806,0.9125,0.0000,-12.3000,0.0000,-13.5000,23.1647,7,"","","7.500:0.050:16.744|-4.176:0.050:7.901|18.750:0.050:-15.847|4.197:0.050:11.514|8.409:0.050:-2.838","0.000:0.000:0.000|-0.001:0.000:-0.800|-0.791:0.000:-0.123|0.001:0.000:0.800|-0.001:0.000:0.800","-11.308:0.050:8.170|19.973:0.050:5.653","0.000:0.000:0.000|0.012:0.000:1.066",False,False,Moving,60.00,40.00,3.00,MultiAgentTraffic,"P1:True|P2:True|P3:True|D1:True|D2:True|D3:True","H1:H1 rack picking and carton handoff:Transport to work bay:load=True:handoffs=0|H2:H2 cross-aisle carton transfer:Return for next assignment:load=False:handoffs=1|H3:H3 station scan and dispatch verification:Transport to work bay:load=False:handoffs=0|H4:H4 trolley supply transfer:Return for next assignment:load=False:handoffs=1|H5:H5 rack inspection and replenishment:Return for next assignment:load=False:handoffs=1|F1:F1 inbound pallet replenishment:Transport to work bay:load=True:handoffs=0|F2:F2 outbound pallet dispatch:Transport to work bay:load=True:handoffs=1"
53.4134,9,58,497,-21.0453,0.0500,7.8027,157.6806,1.7179,0.0000,-12.3000,0.0000,-13.5000,23.0279,7,"","","7.500:0.050:16.744|-4.176:0.050:7.810|18.660:0.050:-15.861|4.197:0.050:11.606|8.409:0.050:-2.747","0.000:0.000:0.000|-0.001:0.000:-0.800|-0.791:0.000:-0.123|0.001:0.000:0.800|-0.001:0.000:0.800","-11.308:0.050:8.170|19.975:0.050:5.775","0.000:0.000:0.000|0.012:0.000:1.066",False,False,Moving,60.00,40.00,3.00,MultiAgentTraffic,"P1:True|P2:True|P3:True|D1:True|D2:True|D3:True","H1:H1 rack picking and carton handoff:Transport to work bay:load=True:handoffs=0|H2:H2 cross-aisle carton transfer:Return for next assignment:load=False:handoffs=1|H3:H3 station scan and dispatch verification:Transport to work bay:load=False:handoffs=0|H4:H4 trolley supply transfer:Return for next assignment:load=False:handoffs=1|H5:H5 rack inspection and replenishment:Return for next assignment:load=False:handoffs=1|F1:F1 inbound pallet replenishment:Transport to work bay:load=True:handoffs=0|F2:F2 outbound pallet dispatch:Transport to work bay:load=True:handoffs=1"
53.5168,9,58,498,-20.9982,0.0500,7.6879,157.6806,0.8799,0.0000,-12.3000,0.0000,-13.5000,22.9039,7,"","","7.500:0.050:16.744|-4.176:0.050:7.727|18.578:0.050:-15.874|4.197:0.050:11.688|8.409:0.050:-2.664","0.000:0.000:0.000|-0.001:0.000:-0.800|-0.791:0.000:-0.123|0.001:0.000:0.800|-0.001:0.000:0.800","-11.308:0.050:8.170|19.976:0.050:5.885","0.000:0.000:0.000|0.012:0.000:1.066",False,False,Moving,60.00,40.00,3.00,MultiAgentTraffic,"P1:True|P2:True|P3:True|D1:True|D2:True|D3:True","H1:H1 rack picking and carton handoff:Transport to work bay:load=True:handoffs=0|H2:H2 cross-aisle carton transfer:Return for next assignment:load=False:handoffs=1|H3:H3 station scan and dispatch verification:Transport to work bay:load=False:handoffs=0|H4:H4 trolley supply transfer:Return for next assignment:load=False:handoffs=1|H5:H5 rack inspection and replenishment:Return for next assignment:load=False:handoffs=1|F1:F1 inbound pallet replenishment:Transport to work bay:load=True:handoffs=0|F2:F2 outbound pallet dispatch:Transport to work bay:load=True:handoffs=1"
53.6190,9,58,499,-20.9516,0.0500,7.5745,157.6806,0.8636,0.0000,-12.3000,0.0000,-13.5000,22.7813,7,"","","7.500:0.050:16.744|-4.176:0.050:7.645|18.497:0.050:-15.886|4.197:0.050:11.770|8.409:0.050:-2.582","0.000:0.000:0.000|-0.001:0.000:-0.800|-0.791:0.000:-0.123|0.001:0.000:0.800|-0.001:0.000:0.800","-11.308:0.050:8.170|19.977:0.050:5.994","0.000:0.000:0.000|0.012:0.000:1.066",False,False,Moving,60.00,40.00,3.00,MultiAgentTraffic,"P1:True|P2:True|P3:True|D1:True|D2:True|D3:True","H1:H1 rack picking and carton handoff:Transport to work bay:load=True:handoffs=0|H2:H2 cross-aisle carton transfer:Return for next assignment:load=False:handoffs=1|H3:H3 station scan and dispatch verification:Transport to work bay:load=False:handoffs=0|H4:H4 trolley supply transfer:Return for next assignment:load=False:handoffs=1|H5:H5 rack inspection and replenishment:Return for next assignment:load=False:handoffs=1|F1:F1 inbound pallet replenishment:Transport to work bay:load=True:handoffs=0|F2:F2 outbound pallet dispatch:Transport to work bay:load=True:handoffs=1"
53.7221,9,58,500,-20.9046,0.0500,7.4599,157.6806,1.0328,0.0000,-12.3000,0.0000,-13.5000,22.6575,7,"","","7.500:0.050:16.744|-4.176:0.050:7.563|18.415:0.050:-15.899|4.197:0.050:11.853|8.409:0.050:-2.500","0.000:0.000:0.000|-0.001:0.000:-0.800|-0.791:0.000:-0.123|0.001:0.000:0.800|-0.001:0.000:0.800","-11.308:0.050:8.170|19.979:0.050:6.104","0.000:0.000:0.000|0.012:0.000:1.066",False,False,Moving,60.00,40.00,3.00,MultiAgentTraffic,"P1:True|P2:True|P3:True|D1:True|D2:True|D3:True","H1:H1 rack picking and carton handoff:Transport to work bay:load=True:handoffs=0|H2:H2 cross-aisle carton transfer:Return for next assignment:load=False:handoffs=1|H3:H3 station scan and dispatch verification:Transport to work bay:load=False:handoffs=0|H4:H4 trolley supply transfer:Return for next assignment:load=False:handoffs=1|H5:H5 rack inspection and replenishment:Return for next assignment:load=False:handoffs=1|F1:F1 inbound pallet replenishment:Transport to work bay:load=True:handoffs=0|F2:F2 outbound pallet dispatch:Transport to work bay:load=True:handoffs=1"
53.8312,9,58,501,-20.8549,0.0500,7.3388,157.6806,1.0089,0.0000,-12.3000,0.0000,-13.5000,22.5266,7,"","","7.500:0.050:16.744|-4.176:0.050:7.475|18.329:0.050:-15.912|4.197:0.050:11.940|8.409:0.050:-2.412","0.000:0.000:0.000|-0.001:0.000:-0.800|-0.791:0.000:-0.123|0.001:0.000:0.800|-0.001:0.000:0.800","-11.308:0.050:8.170|19.980:0.050:6.220","0.000:0.000:0.000|0.012:0.000:1.066",False,False,Moving,60.00,40.00,3.00,MultiAgentTraffic,"P1:True|P2:True|P3:True|D1:True|D2:True|D3:True","H1:H1 rack picking and carton handoff:Transport to work bay:load=True:handoffs=0|H2:H2 cross-aisle carton transfer:Return for next assignment:load=False:handoffs=1|H3:H3 station scan and dispatch verification:Transport to work bay:load=False:handoffs=0|H4:H4 trolley supply transfer:Return for next assignment:load=False:handoffs=1|H5:H5 rack inspection and replenishment:Return for next assignment:load=False:handoffs=1|F1:F1 inbound pallet replenishment:Transport to work bay:load=True:handoffs=0|F2:F2 outbound pallet dispatch:Transport to work bay:load=True:handoffs=1"
53.9350,9,58,502,-20.8076,0.0500,7.2236,157.6806,1.7983,0.0000,-12.3000,0.0000,-13.5000,22.4020,7,"","","7.500:0.050:16.744|-4.176:0.050:7.392|18.247:0.050:-15.925|4.198:0.050:12.023|8.409:0.050:-2.329","0.000:0.000:0.000|-0.001:0.000:-0.800|-0.791:0.000:-0.123|0.001:0.000:0.800|-0.001:0.000:0.800","-11.308:0.050:8.170|19.981:0.050:6.331","0.000:0.000:0.000|0.012:0.000:1.066",False,False,Moving,60.00,40.00,3.00,MultiAgentTraffic,"P1:True|P2:True|P3:True|D1:True|D2:True|D3:True","H1:H1 rack picking and carton handoff:Transport to work bay:load=True:handoffs=0|H2:H2 cross-aisle carton transfer:Return for next assignment:load=False:handoffs=1|H3:H3 station scan and dispatch verification:Transport to work bay:load=False:handoffs=0|H4:H4 trolley supply transfer:Return for next assignment:load=False:handoffs=1|H5:H5 rack inspection and replenishment:Return for next assignment:load=False:handoffs=1|F1:F1 inbound pallet replenishment:Transport to work bay:load=True:handoffs=0|F2:F2 outbound pallet dispatch:Transport to work bay:load=True:handoffs=1"
54.0476,9,58,503,-20.7563,0.0500,7.0986,157.6806,1.0570,0.0000,-12.3000,0.0000,-13.5000,22.2669,7,"","","7.500:0.050:16.744|-4.176:0.050:7.302|18.158:0.050:-15.939|4.198:0.050:12.113|8.409:0.050:-2.239","0.000:0.000:0.000|-0.001:0.000:-0.800|-0.791:0.000:-0.123|0.001:0.000:0.800|-0.001:0.000:0.800","-11.308:0.050:8.170|19.982:0.050:6.451","0.000:0.000:0.000|0.012:0.000:1.066",False,False,Moving,60.00,40.00,3.00,MultiAgentTraffic,"P1:True|P2:True|P3:True|D1:True|D2:True|D3:True","H1:H1 rack picking and carton handoff:Transport to work bay:load=True:handoffs=0|H2:H2 cross-aisle carton transfer:Return for next assignment:load=False:handoffs=1|H3:H3 station scan and dispatch verification:Transport to work bay:load=False:handoffs=0|H4:H4 trolley supply transfer:Return for next assignment:load=False:handoffs=1|H5:H5 rack inspection and replenishment:Return for next assignment:load=False:handoffs=1|F1:F1 inbound pallet replenishment:Transport to work bay:load=True:handoffs=0|F2:F2 outbound pallet dispatch:Transport to work bay:load=True:handoffs=1"
54.1479,9,58,504,-20.7106,0.0500,6.9873,157.6806,1.0029,0.0000,-12.3000,0.0000,-13.5000,22.1465,7,"","","7.500:0.050:16.744|-4.176:0.050:7.222|18.079:0.050:-15.951|4.198:0.050:12.193|8.409:0.050:-2.159","0.000:0.000:0.000|-0.001:0.000:-0.800|-0.791:0.000:-0.123|0.001:0.000:0.800|-0.001:0.000:0.800","-11.308:0.050:8.170|19.984:0.050:6.557","0.000:0.000:0.000|0.012:0.000:1.066",False,False,Moving,60.00,40.00,3.00,MultiAgentTraffic,"P1:True|P2:True|P3:True|D1:True|D2:True|D3:True","H1:H1 rack picking and carton handoff:Transport to work bay:load=True:handoffs=0|H2:H2 cross-aisle carton transfer:Return for next assignment:load=False:handoffs=1|H3:H3 station scan and dispatch verification:Transport to work bay:load=False:handoffs=0|H4:H4 trolley supply transfer:Return for next assignment:load=False:handoffs=1|H5:H5 rack inspection and replenishment:Return for next assignment:load=False:handoffs=1|F1:F1 inbound pallet replenishment:Transport to work bay:load=True:handoffs=0|F2:F2 outbound pallet dispatch:Transport to work bay:load=True:handoffs=1"
54.2536,9,58,505,-20.6624,0.0500,6.8699,157.6806,1.7713,0.0000,-12.3000,0.0000,-13.5000,22.0197,7,"","","7.500:0.050:16.744|-4.176:0.050:7.137|17.995:0.050:-15.964|4.198:0.050:12.278|8.408:0.050:-2.074","0.000:0.000:0.000|-0.001:0.000:-0.800|-0.791:0.000:-0.123|0.001:0.000:0.800|-0.001:0.000:0.800","-11.308:0.050:8.170|19.985:0.050:6.670","0.000:0.000:0.000|0.012:0.000:1.066",False,False,Moving,60.00,40.00,3.00,MultiAgentTraffic,"P1:True|P2:True|P3:True|D1:True|D2:True|D3:True","H1:H1 rack picking and carton handoff:Transport to work bay:load=True:handoffs=0|H2:H2 cross-aisle carton transfer:Return for next assignment:load=False:handoffs=1|H3:H3 station scan and dispatch verification:Transport to work bay:load=False:handoffs=0|H4:H4 trolley supply transfer:Return for next assignment:load=False:handoffs=1|H5:H5 rack inspection and replenishment:Return for next assignment:load=False:handoffs=1|F1:F1 inbound pallet replenishment:Transport to work bay:load=True:handoffs=0|F2:F2 outbound pallet dispatch:Transport to work bay:load=True:handoffs=1"
54.3626,9,58,506,-20.6127,0.0500,6.7490,157.6806,0.9096,0.0000,-12.3000,0.0000,-13.5000,21.8889,7,"","","7.500:0.050:16.744|-4.176:0.050:7.050|17.909:0.050:-15.978|4.198:0.050:12.365|8.408:0.050:-1.987","0.000:0.000:0.000|-0.001:0.000:-0.800|-0.791:0.000:-0.123|0.001:0.000:0.800|-0.001:0.000:0.800","-11.308:0.050:8.170|19.986:0.050:6.786","0.000:0.000:0.000|0.012:0.000:1.066",False,False,Moving,60.00,40.00,3.00,MultiAgentTraffic,"P1:True|P2:True|P3:True|D1:True|D2:True|D3:True","H1:H1 rack picking and carton handoff:Transport to work bay:load=True:handoffs=0|H2:H2 cross-aisle carton transfer:Return for next assignment:load=False:handoffs=1|H3:H3 station scan and dispatch verification:Transport to work bay:load=False:handoffs=0|H4:H4 trolley supply transfer:Return for next assignment:load=False:handoffs=1|H5:H5 rack inspection and replenishment:Return for next assignment:load=False:handoffs=1|F1:F1 inbound pallet replenishment:Transport to work bay:load=True:handoffs=0|F2:F2 outbound pallet dispatch:Transport to work bay:load=True:handoffs=1"
54.4782,9,58,507,-20.5601,0.0500,6.6207,157.6806,0.9468,0.0000,-12.3000,0.0000,-13.5000,21.7502,7,"","","7.500:0.050:16.744|-4.177:0.050:6.958|17.818:0.050:-15.992|4.198:0.050:12.457|8.408:0.050:-1.895","0.000:0.000:0.000|-0.001:0.000:-0.800|-0.791:0.000:-0.123|0.001:0.000:0.800|-0.001:0.000:0.800","-11.308:0.050:8.170|19.988:0.050:6.909","0.000:0.000:0.000|0.012:0.000:1.066",False,False,Moving,60.00,40.00,3.00,MultiAgentTraffic,"P1:True|P2:True|P3:True|D1:True|D2:True|D3:True","H1:H1 rack picking and carton handoff:Transport to work bay:load=True:handoffs=0|H2:H2 cross-aisle carton transfer:Return for next assignment:load=False:handoffs=1|H3:H3 station scan and dispatch verification:Transport to work bay:load=False:handoffs=0|H4:H4 trolley supply transfer:Return for next assignment:load=False:handoffs=1|H5:H5 rack inspection and replenishment:Return for next assignment:load=False:handoffs=1|F1:F1 inbound pallet replenishment:Transport to work bay:load=True:handoffs=0|F2:F2 outbound pallet dispatch:Transport to work bay:load=True:handoffs=1"
54.5850,9,58,508,-20.5114,0.0500,6.5020,157.6806,0.9545,0.0000,-12.3000,0.0000,-13.5000,21.6220,7,"","","7.500:0.050:16.744|-4.177:0.050:6.872|17.733:0.050:-16.005|4.198:0.050:12.543|8.408:0.050:-1.809","0.000:0.000:0.000|-0.001:0.000:-0.800|-0.791:0.000:-0.123|0.001:0.000:0.800|-0.001:0.000:0.800","-11.308:0.050:8.170|19.989:0.050:7.023","0.000:0.000:0.000|0.012:0.000:1.066",False,False,Moving,60.00,40.00,3.00,MultiAgentTraffic,"P1:True|P2:True|P3:True|D1:True|D2:True|D3:True","H1:H1 rack picking and carton handoff:Transport to work bay:load=True:handoffs=0|H2:H2 cross-aisle carton transfer:Return for next assignment:load=False:handoffs=1|H3:H3 station scan and dispatch verification:Transport to work bay:load=False:handoffs=0|H4:H4 trolley supply transfer:Return for next assignment:load=False:handoffs=1|H5:H5 rack inspection and replenishment:Return for next assignment:load=False:handoffs=1|F1:F1 inbound pallet replenishment:Transport to work bay:load=True:handoffs=0|F2:F2 outbound pallet dispatch:Transport to work bay:load=True:handoffs=1"
54.6909,9,58,509,-20.4631,0.0500,6.3845,157.6806,1.0713,0.0000,-12.3000,0.0000,-13.5000,21.4949,7,"","","7.500:0.050:16.744|-4.177:0.050:6.788|17.650:0.050:-16.018|4.199:0.050:12.628|8.408:0.050:-1.725","0.000:0.000:0.000|-0.001:0.000:-0.800|-0.791:0.000:-0.123|0.001:0.000:0.800|-0.001:0.000:0.800","-11.308:0.050:8.170|19.990:0.050:7.136","0.000:0.000:0.000|0.012:0.000:1.066",False,False,Moving,60.00,40.00,3.00,MultiAgentTraffic,"P1:True|P2:True|P3:True|D1:True|D2:True|D3:True","H1:H1 rack picking and carton handoff:Transport to work bay:load=True:handoffs=0|H2:H2 cross-aisle carton transfer:Return for next assignment:load=False:handoffs=1|H3:H3 station scan and dispatch verification:Transport to work bay:load=False:handoffs=0|H4:H4 trolley supply transfer:Return for next assignment:load=False:handoffs=1|H5:H5 rack inspection and replenishment:Return for next assignment:load=False:handoffs=1|F1:F1 inbound pallet replenishment:Transport to work bay:load=True:handoffs=0|F2:F2 outbound pallet dispatch:Transport to work bay:load=True:handoffs=1"
54.7957,9,58,510,-20.4154,0.0500,6.2682,157.6806,1.8275,0.0000,-12.3000,0.0000,-13.5000,21.3692,7,"","","7.500:0.050:16.744|-4.177:0.050:6.704|17.567:0.050:-16.031|4.199:0.050:12.711|8.408:0.050:-1.641","0.000:0.000:0.000|-0.001:0.000:-0.800|-0.791:0.000:-0.123|0.001:0.000:0.800|-0.001:0.000:0.800","-11.308:0.050:8.170|19.991:0.050:7.248","0.000:0.000:0.000|0.012:0.000:1.066",False,False,Moving,60.00,40.00,3.00,MultiAgentTraffic,"P1:True|P2:True|P3:True|D1:True|D2:True|D3:True","H1:H1 rack picking and carton handoff:Transport to work bay:load=True:handoffs=0|H2:H2 cross-aisle carton transfer:Return for next assignment:load=False:handoffs=1|H3:H3 station scan and dispatch verification:Transport to work bay:load=False:handoffs=0|H4:H4 trolley supply transfer:Return for next assignment:load=False:handoffs=1|H5:H5 rack inspection and replenishment:Return for next assignment:load=False:handoffs=1|F1:F1 inbound pallet replenishment:Transport to work bay:load=True:handoffs=0|F2:F2 outbound pallet dispatch:Transport to work bay:load=True:handoffs=1"
54.9033,9,58,511,-20.3663,0.0500,6.1487,157.6806,1.0861,0.0000,-12.3000,0.0000,-13.5000,21.2401,7,"","","7.500:0.050:16.744|-4.177:0.050:6.618|17.482:0.050:-16.044|4.199:0.050:12.797|8.408:0.050:-1.555","0.000:0.000:0.000|-0.001:0.000:-0.800|-0.791:0.000:-0.123|0.001:0.000:0.800|-0.001:0.000:0.800","-11.308:0.050:8.170|19.993:0.050:7.363","0.000:0.000:0.000|0.012:0.000:1.066",False,False,Moving,60.00,40.00,3.00,MultiAgentTraffic,"P1:True|P2:True|P3:True|D1:True|D2:True|D3:True","H1:H1 rack picking and carton handoff:Transport to work bay:load=True:handoffs=0|H2:H2 cross-aisle carton transfer:Return for next assignment:load=False:handoffs=1|H3:H3 station scan and dispatch verification:Transport to work bay:load=False:handoffs=0|H4:H4 trolley supply transfer:Return for next assignment:load=False:handoffs=1|H5:H5 rack inspection and replenishment:Return for next assignment:load=False:handoffs=1|F1:F1 inbound pallet replenishment:Transport to work bay:load=True:handoffs=0|F2:F2 outbound pallet dispatch:Transport to work bay:load=True:handoffs=1"
55.0041,9,58,512,-20.3204,0.0500,6.0368,157.6806,0.9465,0.0000,-12.3000,0.0000,-13.5000,21.1191,7,"","","7.500:0.050:16.744|-4.177:0.050:6.537|17.402:0.050:-16.056|4.199:0.050:12.878|8.408:0.050:-1.474","0.000:0.000:0.000|-0.001:0.000:-0.800|-0.791:0.000:-0.123|0.001:0.000:0.800|-0.001:0.000:0.800","-11.308:0.050:8.170|19.994:0.050:7.470","0.000:0.000:0.000|0.012:0.000:1.066",False,False,Moving,60.00,40.00,3.00,MultiAgentTraffic,"P1:True|P2:True|P3:True|D1:True|D2:True|D3:True","H1:H1 rack picking and carton handoff:Transport to work bay:load=True:handoffs=0|H2:H2 cross-aisle carton transfer:Return for next assignment:load=False:handoffs=1|H3:H3 station scan and dispatch verification:Transport to work bay:load=False:handoffs=0|H4:H4 trolley supply transfer:Return for next assignment:load=False:handoffs=1|H5:H5 rack inspection and replenishment:Return for next assignment:load=False:handoffs=1|F1:F1 inbound pallet replenishment:Transport to work bay:load=True:handoffs=0|F2:F2 outbound pallet dispatch:Transport to work bay:load=True:handoffs=1"
55.1127,9,58,513,-20.2709,0.0500,5.9163,157.6806,1.8319,0.0000,-12.3000,0.0000,-13.5000,20.9888,7,"","","7.500:0.050:16.744|-4.177:0.050:6.450|17.316:0.050:-16.070|4.199:0.050:12.965|8.408:0.050:-1.387","0.000:0.000:0.000|-0.001:0.000:-0.800|-0.791:0.000:-0.123|0.001:0.000:0.800|-0.001:0.000:0.800","-11.308:0.050:8.170|19.995:0.050:7.586","0.000:0.000:0.000|0.012:0.000:1.066",False,False,Moving,60.00,40.00,3.00,MultiAgentTraffic,"P1:True|P2:True|P3:True|D1:True|D2:True|D3:True","H1:H1 rack picking and carton handoff:Transport to work bay:load=True:handoffs=0|H2:H2 cross-aisle carton transfer:Return for next assignment:load=False:handoffs=1|H3:H3 station scan and dispatch verification:Transport to work bay:load=False:handoffs=0|H4:H4 trolley supply transfer:Return for next assignment:load=False:handoffs=1|H5:H5 rack inspection and replenishment:Return for next assignment:load=False:handoffs=1|F1:F1 inbound pallet replenishment:Transport to work bay:load=True:handoffs=0|F2:F2 outbound pallet dispatch:Transport to work bay:load=True:handoffs=1"
55.2133,9,58,514,-20.2250,0.0500,5.8046,157.6806,1.6696,0.0000,-12.3000,0.0000,-13.5000,20.8681,7,"","","7.500:0.050:16.744|-4.177:0.050:6.370|17.237:0.050:-16.082|4.199:0.050:13.045|8.408:0.050:-1.307","0.000:0.000:0.000|-0.001:0.000:-0.800|-0.791:0.000:-0.123|0.001:0.000:0.800|-0.001:0.000:0.800","-11.308:0.050:8.170|19.997:0.050:7.693","0.000:0.000:0.000|0.012:0.000:1.066",False,False,Moving,60.00,40.00,3.00,MultiAgentTraffic,"P1:True|P2:True|P3:True|D1:True|D2:True|D3:True","H1:H1 rack picking and carton handoff:Transport to work bay:load=True:handoffs=0|H2:H2 cross-aisle carton transfer:Return for next assignment:load=False:handoffs=1|H3:H3 station scan and dispatch verification:Transport to work bay:load=False:handoffs=0|H4:H4 trolley supply transfer:Return for next assignment:load=False:handoffs=1|H5:H5 rack inspection and replenishment:Return for next assignment:load=False:handoffs=1|F1:F1 inbound pallet replenishment:Transport to work bay:load=True:handoffs=0|F2:F2 outbound pallet dispatch:Transport to work bay:load=True:handoffs=1"
55.3166,9,58,515,-20.1780,0.0500,5.6899,157.6806,0.9927,0.0000,-12.3000,0.0000,-13.5000,20.7441,7,"","","7.500:0.050:16.744|-4.177:0.050:6.287|17.155:0.050:-16.095|4.199:0.050:13.128|8.408:0.050:-1.224","0.000:0.000:0.000|-0.001:0.000:-0.800|-0.791:0.000:-0.123|0.001:0.000:0.800|-0.001:0.000:0.800","-11.308:0.050:8.170|19.997:0.050:7.725","0.000:0.000:0.000|0.000:0.000:0.000",False,False,Moving,60.00,40.00,3.00,MultiAgentTraffic,"P1:True|P2:True|P3:True|D1:True|D2:True|D3:True","H1:H1 rack picking and carton handoff:Transport to work bay:load=True:handoffs=0|H2:H2 cross-aisle carton transfer:Return for next assignment:load=False:handoffs=1|H3:H3 station scan and dispatch verification:Transport to work bay:load=False:handoffs=0|H4:H4 trolley supply transfer:Return for next assignment:load=False:handoffs=1|H5:H5 rack inspection and replenishment:Return for next assignment:load=False:handoffs=1|F1:F1 inbound pallet replenishment:Transport to work bay:load=True:handoffs=0|F2:F2 outbound pallet dispatch:Unload / confirm hand-off:load=True:handoffs=2"
55.4224,9,58,516,-20.1297,0.0500,5.5724,157.6806,1.0975,0.0000,-12.3000,0.0000,-13.5000,20.6171,7,"","","7.500:0.050:16.744|-4.177:0.050:6.202|17.071:0.050:-16.108|4.200:0.050:13.213|8.408:0.050:-1.139","0.000:0.000:0.000|-0.001:0.000:-0.800|-0.791:0.000:-0.123|0.001:0.000:0.800|-0.001:0.000:0.800","-11.308:0.050:8.170|19.997:0.050:7.725","0.000:0.000:0.000|0.000:0.000:0.000",False,False,Moving,60.00,40.00,3.00,MultiAgentTraffic,"P1:True|P2:True|P3:True|D1:True|D2:True|D3:True","H1:H1 rack picking and carton handoff:Transport to work bay:load=True:handoffs=0|H2:H2 cross-aisle carton transfer:Return for next assignment:load=False:handoffs=1|H3:H3 station scan and dispatch verification:Transport to work bay:load=False:handoffs=0|H4:H4 trolley supply transfer:Return for next assignment:load=False:handoffs=1|H5:H5 rack inspection and replenishment:Return for next assignment:load=False:handoffs=1|F1:F1 inbound pallet replenishment:Transport to work bay:load=True:handoffs=0|F2:F2 outbound pallet dispatch:Unload / confirm hand-off:load=True:handoffs=2"
55.5330,9,58,517,-20.0793,0.0500,5.4497,157.6806,0.9688,0.0000,-12.3000,0.0000,-13.5000,20.4844,7,"","","7.500:0.050:16.744|-4.178:0.050:6.114|16.984:0.050:-16.121|4.200:0.050:13.226|8.408:0.050:-1.051","0.000:0.000:0.000|-0.001:0.000:-0.800|-0.791:0.000:-0.123|0.000:0.000:0.000|-0.001:0.000:0.800","-11.308:0.050:8.170|19.997:0.050:7.725","0.000:0.000:0.000|0.000:0.000:0.000",False,False,Moving,60.00,40.00,3.00,MultiAgentTraffic,"P1:True|P2:True|P3:True|D1:True|D2:True|D3:True","H1:H1 rack picking and carton handoff:Transport to work bay:load=True:handoffs=0|H2:H2 cross-aisle carton transfer:Return for next assignment:load=False:handoffs=1|H3:H3 station scan and dispatch verification:Transport to work bay:load=False:handoffs=0|H4:H4 trolley supply transfer:Load / inspect at source:load=False:handoffs=1|H5:H5 rack inspection and replenishment:Return for next assignment:load=False:handoffs=1|F1:F1 inbound pallet replenishment:Transport to work bay:load=True:handoffs=0|F2:F2 outbound pallet dispatch:Unload / confirm hand-off:load=True:handoffs=2"
55.6378,9,58,518,-20.0316,0.0500,5.3334,157.6806,0.8623,0.0000,-12.3000,0.0000,-13.5000,20.3587,7,"","","7.500:0.050:16.744|-4.178:0.050:6.030|16.901:0.050:-16.134|4.200:0.050:13.226|8.408:0.050:-0.967","0.000:0.000:0.000|-0.001:0.000:-0.800|-0.791:0.000:-0.123|0.000:0.000:0.000|-0.001:0.000:0.800","-11.308:0.050:8.170|19.997:0.050:7.725","0.000:0.000:0.000|0.000:0.000:0.000",False,False,Moving,60.00,40.00,3.00,MultiAgentTraffic,"P1:True|P2:True|P3:True|D1:True|D2:True|D3:True","H1:H1 rack picking and carton handoff:Transport to work bay:load=True:handoffs=0|H2:H2 cross-aisle carton transfer:Return for next assignment:load=False:handoffs=1|H3:H3 station scan and dispatch verification:Transport to work bay:load=False:handoffs=0|H4:H4 trolley supply transfer:Load / inspect at source:load=False:handoffs=1|H5:H5 rack inspection and replenishment:Return for next assignment:load=False:handoffs=1|F1:F1 inbound pallet replenishment:Transport to work bay:load=True:handoffs=0|F2:F2 outbound pallet dispatch:Unload / confirm hand-off:load=True:handoffs=2"
55.7397,9,58,519,-19.9852,0.0500,5.2203,157.6806,2.1846,0.0000,-12.3000,0.0000,-13.5000,20.2364,7,"","","7.500:0.050:16.744|-4.178:0.050:5.949|16.821:0.050:-16.147|4.200:0.050:13.226|8.408:0.050:-0.886","0.000:0.000:0.000|-0.001:0.000:-0.800|-0.791:0.000:-0.123|0.000:0.000:0.000|-0.001:0.000:0.800","-11.308:0.050:8.170|19.997:0.050:7.725","0.000:0.000:0.000|0.000:0.000:0.000",False,False,Moving,60.00,40.00,3.00,MultiAgentTraffic,"P1:True|P2:True|P3:True|D1:True|D2:True|D3:True","H1:H1 rack picking and carton handoff:Transport to work bay:load=True:handoffs=0|H2:H2 cross-aisle carton transfer:Return for next assignment:load=False:handoffs=1|H3:H3 station scan and dispatch verification:Transport to work bay:load=False:handoffs=0|H4:H4 trolley supply transfer:Load / inspect at source:load=False:handoffs=1|H5:H5 rack inspection and replenishment:Return for next assignment:load=False:handoffs=1|F1:F1 inbound pallet replenishment:Transport to work bay:load=True:handoffs=0|F2:F2 outbound pallet dispatch:Unload / confirm hand-off:load=True:handoffs=2"
55.8405,9,58,520,-19.9392,0.0500,5.1083,157.6806,0.8883,0.0000,-12.3000,0.0000,-13.5000,20.1154,7,"","","7.500:0.050:16.744|-4.178:0.050:5.868|16.741:0.050:-16.159|4.200:0.050:13.226|8.408:0.050:-0.805","0.000:0.000:0.000|-0.001:0.000:-0.800|-0.791:0.000:-0.123|0.000:0.000:0.000|-0.001:0.000:0.800","-11.308:0.050:8.170|19.997:0.050:7.725","0.000:0.000:0.000|0.000:0.000:0.000",False,False,Moving,60.00,40.00,3.00,MultiAgentTraffic,"P1:True|P2:True|P3:True|D1:True|D2:True|D3:True","H1:H1 rack picking and carton handoff:Transport to work bay:load=True:handoffs=0|H2:H2 cross-aisle carton transfer:Return for next assignment:load=False:handoffs=1|H3:H3 station scan and dispatch verification:Transport to work bay:load=False:handoffs=0|H4:H4 trolley supply transfer:Load / inspect at source:load=False:handoffs=1|H5:H5 rack inspection and replenishment:Return for next assignment:load=False:handoffs=1|F1:F1 inbound pallet replenishment:Transport to work bay:load=True:handoffs=0|F2:F2 outbound pallet dispatch:Unload / confirm hand-off:load=True:handoffs=2"
55.9542,9,58,521,-19.8874,0.0500,4.9822,157.6806,1.2322,0.0000,-12.3000,0.0000,-13.5000,19.9791,7,"","","7.500:0.050:16.744|-4.178:0.050:5.777|16.651:0.050:-16.173|4.200:0.050:13.226|8.408:0.050:-0.714","0.000:0.000:0.000|-0.001:0.000:-0.800|-0.791:0.000:-0.123|0.000:0.000:0.000|-0.001:0.000:0.800","-11.308:0.050:8.170|19.997:0.050:7.725","0.000:0.000:0.000|0.000:0.000:0.000",False,False,Moving,60.00,40.00,3.00,MultiAgentTraffic,"P1:True|P2:True|P3:True|D1:True|D2:True|D3:True","H1:H1 rack picking and carton handoff:Transport to work bay:load=True:handoffs=0|H2:H2 cross-aisle carton transfer:Return for next assignment:load=False:handoffs=1|H3:H3 station scan and dispatch verification:Transport to work bay:load=False:handoffs=0|H4:H4 trolley supply transfer:Load / inspect at source:load=False:handoffs=1|H5:H5 rack inspection and replenishment:Return for next assignment:load=False:handoffs=1|F1:F1 inbound pallet replenishment:Transport to work bay:load=True:handoffs=0|F2:F2 outbound pallet dispatch:Unload / confirm hand-off:load=True:handoffs=2"
56.0557,9,58,522,-19.8412,0.0500,4.8695,157.6806,1.0638,0.0000,-12.3000,0.0000,-13.5000,19.8572,7,"","","7.500:0.050:16.744|-4.178:0.050:5.696|16.571:0.050:-16.186|4.200:0.050:13.226|8.407:0.050:-0.633","0.000:0.000:0.000|-0.001:0.000:-0.800|-0.791:0.000:-0.123|0.000:0.000:0.000|-0.001:0.000:0.800","-11.308:0.050:8.170|19.997:0.050:7.725","0.000:0.000:0.000|0.000:0.000:0.000",False,False,Moving,60.00,40.00,3.00,MultiAgentTraffic,"P1:True|P2:True|P3:True|D1:True|D2:True|D3:True","H1:H1 rack picking and carton handoff:Transport to work bay:load=True:handoffs=0|H2:H2 cross-aisle carton transfer:Return for next assignment:load=False:handoffs=1|H3:H3 station scan and dispatch verification:Transport to work bay:load=False:handoffs=0|H4:H4 trolley supply transfer:Load / inspect at source:load=False:handoffs=1|H5:H5 rack inspection and replenishment:Return for next assignment:load=False:handoffs=1|F1:F1 inbound pallet replenishment:Transport to work bay:load=True:handoffs=0|F2:F2 outbound pallet dispatch:Unload / confirm hand-off:load=True:handoffs=2"
56.1627,9,58,523,-19.7924,0.0500,4.7507,157.6806,1.4936,0.0000,-12.3000,0.0000,-13.5000,19.7289,7,"","","7.500:0.050:16.744|-4.178:0.050:5.610|16.486:0.050:-16.199|4.200:0.050:13.226|8.407:0.050:-0.547","0.000:0.000:0.000|-0.001:0.000:-0.800|-0.791:0.000:-0.123|0.000:0.000:0.000|-0.001:0.000:0.800","-11.308:0.050:8.170|19.997:0.050:7.725","0.000:0.000:0.000|0.000:0.000:0.000",False,False,Moving,60.00,40.00,3.00,MultiAgentTraffic,"P1:True|P2:True|P3:True|D1:True|D2:True|D3:True","H1:H1 rack picking and carton handoff:Transport to work bay:load=True:handoffs=0|H2:H2 cross-aisle carton transfer:Return for next assignment:load=False:handoffs=1|H3:H3 station scan and dispatch verification:Transport to work bay:load=False:handoffs=0|H4:H4 trolley supply transfer:Load / inspect at source:load=False:handoffs=1|H5:H5 rack inspection and replenishment:Return for next assignment:load=False:handoffs=1|F1:F1 inbound pallet replenishment:Transport to work bay:load=True:handoffs=0|F2:F2 outbound pallet dispatch:Unload / confirm hand-off:load=True:handoffs=2"
56.2651,9,58,524,-19.7457,0.0500,4.6370,157.6806,1.1939,0.0000,-12.3000,0.0000,-13.5000,19.6059,7,"","","7.500:0.050:16.744|-4.178:0.050:5.528|16.405:0.050:-16.211|4.200:0.050:13.226|8.407:0.050:-0.465","0.000:0.000:0.000|-0.001:0.000:-0.800|-0.791:0.000:-0.123|0.000:0.000:0.000|-0.001:0.000:0.800","-11.308:0.050:8.170|19.997:0.050:7.725","0.000:0.000:0.000|0.000:0.000:0.000",False,False,Moving,60.00,40.00,3.00,MultiAgentTraffic,"P1:True|P2:True|P3:True|D1:True|D2:True|D3:True","H1:H1 rack picking and carton handoff:Transport to work bay:load=True:handoffs=0|H2:H2 cross-aisle carton transfer:Return for next assignment:load=False:handoffs=1|H3:H3 station scan and dispatch verification:Transport to work bay:load=False:handoffs=0|H4:H4 trolley supply transfer:Load / inspect at source:load=False:handoffs=1|H5:H5 rack inspection and replenishment:Return for next assignment:load=False:handoffs=1|F1:F1 inbound pallet replenishment:Transport to work bay:load=True:handoffs=0|F2:F2 outbound pallet dispatch:Unload / confirm hand-off:load=True:handoffs=2"
56.3723,9,58,525,-19.6969,0.0500,4.5180,157.6806,1.3363,0.0000,-12.3000,0.0000,-13.5000,19.4773,7,"","","7.500:0.050:16.744|-4.178:0.050:5.443|16.321:0.050:-16.225|4.200:0.050:13.226|8.407:0.050:-0.380","0.000:0.000:0.000|-0.001:0.000:-0.800|-0.791:0.000:-0.123|0.000:0.000:0.000|-0.001:0.000:0.800","-11.308:0.050:8.170|19.997:0.050:7.725","0.000:0.000:0.000|0.000:0.000:0.000",False,False,Moving,60.00,40.00,3.00,MultiAgentTraffic,"P1:True|P2:True|P3:True|D1:True|D2:True|D3:True","H1:H1 rack picking and carton handoff:Transport to work bay:load=True:handoffs=0|H2:H2 cross-aisle carton transfer:Return for next assignment:load=False:handoffs=1|H3:H3 station scan and dispatch verification:Transport to work bay:load=False:handoffs=0|H4:H4 trolley supply transfer:Load / inspect at source:load=False:handoffs=1|H5:H5 rack inspection and replenishment:Return for next assignment:load=False:handoffs=1|F1:F1 inbound pallet replenishment:Transport to work bay:load=True:handoffs=0|F2:F2 outbound pallet dispatch:Unload / confirm hand-off:load=True:handoffs=2"
56.4834,9,58,526,-19.6462,0.0500,4.3946,157.6806,0.0000,0.0000,-12.3000,0.0000,-13.5000,19.3439,7,"","","7.500:0.050:16.744|-4.178:0.050:5.354|16.233:0.050:-16.238|4.200:0.050:13.226|8.407:0.050:-0.291","0.000:0.000:0.000|-0.001:0.000:-0.800|-0.791:0.000:-0.123|0.000:0.000:0.000|-0.001:0.000:0.800","-11.308:0.050:8.170|19.997:0.050:7.725","0.000:0.000:0.000|0.000:0.000:0.000",False,False,Moving,60.00,40.00,3.00,MultiAgentTraffic,"P1:True|P2:True|P3:True|D1:True|D2:True|D3:True","H1:H1 rack picking and carton handoff:Transport to work bay:load=True:handoffs=0|H2:H2 cross-aisle carton transfer:Return for next assignment:load=False:handoffs=1|H3:H3 station scan and dispatch verification:Transport to work bay:load=False:handoffs=0|H4:H4 trolley supply transfer:Load / inspect at source:load=False:handoffs=1|H5:H5 rack inspection and replenishment:Return for next assignment:load=False:handoffs=1|F1:F1 inbound pallet replenishment:Transport to work bay:load=True:handoffs=0|F2:F2 outbound pallet dispatch:Unload / confirm hand-off:load=True:handoffs=2"
56.5860,9,58,527,-19.5995,0.0500,4.2808,157.6805,2.0670,0.0000,-12.3000,0.0000,-13.5000,19.2209,7,"","","7.500:0.050:16.744|-4.179:0.050:5.272|16.152:0.050:-16.251|4.200:0.050:13.226|8.407:0.050:-0.209","0.000:0.000:0.000|-0.001:0.000:-0.800|-0.791:0.000:-0.123|0.000:0.000:0.000|-0.001:0.000:0.800","-11.308:0.050:8.170|19.997:0.050:7.725","0.000:0.000:0.000|0.000:0.000:0.000",False,False,Moving,60.00,40.00,3.00,MultiAgentTraffic,"P1:True|P2:True|P3:True|D1:True|D2:True|D3:True","H1:H1 rack picking and carton handoff:Transport to work bay:load=True:handoffs=0|H2:H2 cross-aisle carton transfer:Return for next assignment:load=False:handoffs=1|H3:H3 station scan and dispatch verification:Transport to work bay:load=False:handoffs=0|H4:H4 trolley supply transfer:Load / inspect at source:load=False:handoffs=1|H5:H5 rack inspection and replenishment:Return for next assignment:load=False:handoffs=1|F1:F1 inbound pallet replenishment:Transport to work bay:load=True:handoffs=0|F2:F2 outbound pallet dispatch:Unload / confirm hand-off:load=True:handoffs=2"
56.6914,9,58,528,-19.5515,0.0500,4.1638,157.6805,1.2443,0.0000,-12.3000,0.0000,-13.5000,19.0944,7,"","","7.500:0.050:16.744|-4.179:0.050:5.187|16.068:0.050:-16.264|4.200:0.050:13.226|8.407:0.050:-0.124","0.000:0.000:0.000|-0.001:0.000:-0.800|-0.791:0.000:-0.123|0.000:0.000:0.000|-0.001:0.000:0.800","-11.308:0.050:8.170|19.997:0.050:7.725","0.000:0.000:0.000|0.000:0.000:0.000",False,False,Moving,60.00,40.00,3.00,MultiAgentTraffic,"P1:True|P2:True|P3:True|D1:True|D2:True|D3:True","H1:H1 rack picking and carton handoff:Transport to work bay:load=True:handoffs=0|H2:H2 cross-aisle carton transfer:Return for next assignment:load=False:handoffs=1|H3:H3 station scan and dispatch verification:Transport to work bay:load=False:handoffs=0|H4:H4 trolley supply transfer:Load / inspect at source:load=False:handoffs=1|H5:H5 rack inspection and replenishment:Return for next assignment:load=False:handoffs=1|F1:F1 inbound pallet replenishment:Transport to work bay:load=True:handoffs=0|F2:F2 outbound pallet dispatch:Unload / confirm hand-off:load=True:handoffs=2"
56.8000,9,58,529,-19.5019,0.0500,4.0432,157.6805,1.3036,0.0000,-12.3000,0.0000,-13.5000,18.9640,7,"","","7.500:0.050:16.744|-4.179:0.050:5.100|15.982:0.050:-16.277|4.200:0.050:13.226|8.407:0.050:-0.037","0.000:0.000:0.000|-0.001:0.000:-0.800|-0.791:0.000:-0.123|0.000:0.000:0.000|-0.001:0.000:0.800","-11.308:0.050:8.170|19.997:0.050:7.725","0.000:0.000:0.000|0.000:0.000:0.000",False,False,Moving,60.00,40.00,3.00,MultiAgentTraffic,"P1:True|P2:True|P3:True|D1:True|D2:True|D3:True","H1:H1 rack picking and carton handoff:Transport to work bay:load=True:handoffs=0|H2:H2 cross-aisle carton transfer:Return for next assignment:load=False:handoffs=1|H3:H3 station scan and dispatch verification:Transport to work bay:load=False:handoffs=0|H4:H4 trolley supply transfer:Load / inspect at source:load=False:handoffs=1|H5:H5 rack inspection and replenishment:Return for next assignment:load=False:handoffs=1|F1:F1 inbound pallet replenishment:Transport to work bay:load=True:handoffs=0|F2:F2 outbound pallet dispatch:Unload / confirm hand-off:load=True:handoffs=2"
56.9065,9,58,530,-19.4534,0.0500,3.9250,157.6805,1.2155,0.0000,-12.3000,0.0000,-13.5000,18.8362,7,"","","7.500:0.050:16.744|-4.179:0.050:5.015|15.898:0.050:-16.290|4.200:0.050:13.226|8.407:0.050:0.048","0.000:0.000:0.000|-0.001:0.000:-0.800|-0.791:0.000:-0.123|0.000:0.000:0.000|-0.001:0.000:0.800","-11.308:0.050:8.170|19.997:0.050:7.725","0.000:0.000:0.000|0.000:0.000:0.000",False,False,Moving,60.00,40.00,3.00,MultiAgentTraffic,"P1:True|P2:True|P3:True|D1:True|D2:True|D3:True","H1:H1 rack picking and carton handoff:Transport to work bay:load=True:handoffs=0|H2:H2 cross-aisle carton transfer:Return for next assignment:load=False:handoffs=1|H3:H3 station scan and dispatch verification:Transport to work bay:load=False:handoffs=0|H4:H4 trolley supply transfer:Load / inspect at source:load=False:handoffs=1|H5:H5 rack inspection and replenishment:Return for next assignment:load=False:handoffs=1|F1:F1 inbound pallet replenishment:Transport to work bay:load=True:handoffs=0|F2:F2 outbound pallet dispatch:Unload / confirm hand-off:load=True:handoffs=2"
57.0209,9,58,531,-19.4013,0.0500,3.7980,157.6805,1.2642,0.0000,-12.3000,0.0000,-13.5000,18.6990,7,"","","7.500:0.050:16.744|-4.179:0.050:4.924|15.808:0.050:-16.304|4.200:0.050:13.226|8.407:0.050:0.139","0.000:0.000:0.000|-0.001:0.000:-0.800|-0.791:0.000:-0.123|0.000:0.000:0.000|-0.001:0.000:0.800","-11.308:0.050:8.170|19.997:0.050:7.725","0.000:0.000:0.000|0.000:0.000:0.000",False,False,Moving,60.00,40.00,3.00,MultiAgentTraffic,"P1:True|P2:True|P3:True|D1:True|D2:True|D3:True","H1:H1 rack picking and carton handoff:Transport to work bay:load=True:handoffs=0|H2:H2 cross-aisle carton transfer:Return for next assignment:load=False:handoffs=1|H3:H3 station scan and dispatch verification:Transport to work bay:load=False:handoffs=0|H4:H4 trolley supply transfer:Load / inspect at source:load=False:handoffs=1|H5:H5 rack inspection and replenishment:Return for next assignment:load=False:handoffs=1|F1:F1 inbound pallet replenishment:Transport to work bay:load=True:handoffs=0|F2:F2 outbound pallet dispatch:Unload / confirm hand-off:load=True:handoffs=2"
57.1297,9,58,532,-19.3517,0.0500,3.6772,157.6805,1.2453,0.0000,-12.3000,0.0000,-13.5000,18.5684,7,"","","7.500:0.050:16.744|-4.179:0.050:4.837|15.722:0.050:-16.318|4.200:0.050:13.226|8.407:0.050:0.226","0.000:0.000:0.000|-0.001:0.000:-0.800|-0.791:0.000:-0.123|0.000:0.000:0.000|-0.001:0.000:0.800","-11.308:0.050:8.170|19.997:0.050:7.725","0.000:0.000:0.000|0.000:0.000:0.000",False,False,Moving,60.00,40.00,3.00,MultiAgentTraffic,"P1:True|P2:True|P3:True|D1:True|D2:True|D3:True","H1:H1 rack picking and carton handoff:Transport to work bay:load=True:handoffs=0|H2:H2 cross-aisle carton transfer:Return for next assignment:load=False:handoffs=1|H3:H3 station scan and dispatch verification:Transport to work bay:load=False:handoffs=0|H4:H4 trolley supply transfer:Load / inspect at source:load=False:handoffs=1|H5:H5 rack inspection and replenishment:Return for next assignment:load=False:handoffs=1|F1:F1 inbound pallet replenishment:Transport to work bay:load=True:handoffs=0|F2:F2 outbound pallet dispatch:Unload / confirm hand-off:load=True:handoffs=2"
57.2336,9,58,533,-19.3044,0.0500,3.5619,157.6805,1.1415,0.0000,-12.3000,0.0000,-13.5000,18.4437,7,"","","7.500:0.050:16.744|-4.179:0.050:4.754|15.640:0.050:-16.330|4.200:0.050:13.226|8.407:0.050:0.309","0.000:0.000:0.000|-0.001:0.000:-0.800|-0.791:0.000:-0.123|0.000:0.000:0.000|-0.001:0.000:0.800","-11.308:0.050:8.170|19.997:0.050:7.725","0.000:0.000:0.000|0.000:0.000:0.000",False,False,Moving,60.00,40.00,3.00,MultiAgentTraffic,"P1:True|P2:True|P3:True|D1:True|D2:True|D3:True","H1:H1 rack picking and carton handoff:Transport to work bay:load=True:handoffs=0|H2:H2 cross-aisle carton transfer:Return for next assignment:load=False:handoffs=1|H3:H3 station scan and dispatch verification:Transport to work bay:load=False:handoffs=0|H4:H4 trolley supply transfer:Load / inspect at source:load=False:handoffs=1|H5:H5 rack inspection and replenishment:Return for next assignment:load=False:handoffs=1|F1:F1 inbound pallet replenishment:Transport to work bay:load=True:handoffs=0|F2:F2 outbound pallet dispatch:Unload / confirm hand-off:load=True:handoffs=2"
57.3437,9,58,534,-19.2542,0.0500,3.4396,157.6805,1.2890,0.0000,-12.3000,0.0000,-13.5000,18.3116,7,"","","7.500:0.050:16.744|-4.179:0.050:4.665|15.553:0.050:-16.344|4.200:0.050:13.226|8.407:0.050:0.398","0.000:0.000:0.000|-0.001:0.000:-0.800|-0.791:0.000:-0.123|0.000:0.000:0.000|-0.001:0.000:0.800","-11.308:0.050:8.170|19.997:0.050:7.725","0.000:0.000:0.000|0.000:0.000:0.000",False,False,Moving,60.00,40.00,3.00,MultiAgentTraffic,"P1:True|P2:True|P3:True|D1:True|D2:True|D3:True","H1:H1 rack picking and carton handoff:Transport to work bay:load=True:handoffs=0|H2:H2 cross-aisle carton transfer:Return for next assignment:load=False:handoffs=1|H3:H3 station scan and dispatch verification:Transport to work bay:load=False:handoffs=0|H4:H4 trolley supply transfer:Transport to work bay:load=True:handoffs=1|H5:H5 rack inspection and replenishment:Return for next assignment:load=False:handoffs=1|F1:F1 inbound pallet replenishment:Transport to work bay:load=True:handoffs=0|F2:F2 outbound pallet dispatch:Unload / confirm hand-off:load=True:handoffs=2"
57.4565,9,58,535,-19.2028,0.0500,3.3145,157.6805,1.3274,0.0000,-12.3000,0.0000,-13.5000,18.1763,7,"","","7.500:0.050:16.744|-4.179:0.050:4.575|15.464:0.050:-16.358|4.200:0.050:13.226|8.407:0.050:0.488","0.000:0.000:0.000|-0.001:0.000:-0.800|-0.791:0.000:-0.123|0.000:0.000:0.000|-0.001:0.000:0.800","-11.308:0.050:8.170|19.997:0.050:7.725","0.000:0.000:0.000|0.000:0.000:0.000",False,False,Moving,60.00,40.00,3.00,MultiAgentTraffic,"P1:True|P2:True|P3:True|D1:True|D2:True|D3:True","H1:H1 rack picking and carton handoff:Transport to work bay:load=True:handoffs=0|H2:H2 cross-aisle carton transfer:Return for next assignment:load=False:handoffs=1|H3:H3 station scan and dispatch verification:Transport to work bay:load=False:handoffs=0|H4:H4 trolley supply transfer:Transport to work bay:load=True:handoffs=1|H5:H5 rack inspection and replenishment:Return for next assignment:load=False:handoffs=1|F1:F1 inbound pallet replenishment:Transport to work bay:load=True:handoffs=0|F2:F2 outbound pallet dispatch:Unload / confirm hand-off:load=True:handoffs=2"
57.5686,9,58,536,-19.1517,0.0500,3.1900,157.6805,1.2496,0.0000,-12.3000,0.0000,-13.5000,18.0417,7,"","","7.500:0.050:16.744|-4.179:0.050:4.486|15.375:0.050:-16.372|4.200:0.050:13.226|8.407:0.050:0.577","0.000:0.000:0.000|-0.001:0.000:-0.800|-0.791:0.000:-0.123|0.000:0.000:0.000|-0.001:0.000:0.800","-11.308:0.050:8.170|19.997:0.050:7.725","0.000:0.000:0.000|0.000:0.000:0.000",False,False,Moving,60.00,40.00,3.00,MultiAgentTraffic,"P1:True|P2:True|P3:True|D1:True|D2:True|D3:True","H1:H1 rack picking and carton handoff:Transport to work bay:load=True:handoffs=0|H2:H2 cross-aisle carton transfer:Return for next assignment:load=False:handoffs=1|H3:H3 station scan and dispatch verification:Transport to work bay:load=False:handoffs=0|H4:H4 trolley supply transfer:Transport to work bay:load=True:handoffs=1|H5:H5 rack inspection and replenishment:Return for next assignment:load=False:handoffs=1|F1:F1 inbound pallet replenishment:Transport to work bay:load=True:handoffs=0|F2:F2 outbound pallet dispatch:Unload / confirm hand-off:load=True:handoffs=2"
57.6734,9,58,537,-19.1040,0.0500,3.0737,157.6805,1.1118,0.0000,-12.3000,0.0000,-13.5000,17.9160,7,"","","7.500:0.050:16.744|-4.180:0.050:4.402|15.292:0.050:-16.384|4.200:0.050:13.226|8.407:0.050:0.661","0.000:0.000:0.000|-0.001:0.000:-0.800|-0.791:0.000:-0.123|0.000:0.000:0.000|-0.001:0.000:0.800","-11.308:0.050:8.170|19.997:0.050:7.725","0.000:0.000:0.000|0.000:0.000:0.000",False,False,Moving,60.00,40.00,3.00,MultiAgentTraffic,"P1:True|P2:True|P3:True|D1:True|D2:True|D3:True","H1:H1 rack picking and carton handoff:Transport to work bay:load=True:handoffs=0|H2:H2 cross-aisle carton transfer:Return for next assignment:load=False:handoffs=1|H3:H3 station scan and dispatch verification:Transport to work bay:load=False:handoffs=0|H4:H4 trolley supply transfer:Transport to work bay:load=True:handoffs=1|H5:H5 rack inspection and replenishment:Return for next assignment:load=False:handoffs=1|F1:F1 inbound pallet replenishment:Transport to work bay:load=True:handoffs=0|F2:F2 outbound pallet dispatch:Unload / confirm hand-off:load=True:handoffs=2"
57.7838,9,58,538,-19.0536,0.0500,2.9511,157.6805,1.0383,0.0000,-12.3000,0.0000,-13.5000,17.7835,7,"","","7.500:0.050:16.744|-4.180:0.050:4.313|15.205:0.050:-16.398|4.200:0.050:13.226|8.407:0.050:0.750","0.000:0.000:0.000|-0.001:0.000:-0.800|-0.791:0.000:-0.123|0.000:0.000:0.000|-0.001:0.000:0.800","-11.308:0.050:8.170|19.997:0.050:7.725","0.000:0.000:0.000|0.000:0.000:0.000",False,False,Moving,60.00,40.00,3.00,MultiAgentTraffic,"P1:True|P2:True|P3:True|D1:True|D2:True|D3:True","H1:H1 rack picking and carton handoff:Transport to work bay:load=True:handoffs=0|H2:H2 cross-aisle carton transfer:Return for next assignment:load=False:handoffs=1|H3:H3 station scan and dispatch verification:Transport to work bay:load=False:handoffs=0|H4:H4 trolley supply transfer:Transport to work bay:load=True:handoffs=1|H5:H5 rack inspection and replenishment:Return for next assignment:load=False:handoffs=1|F1:F1 inbound pallet replenishment:Transport to work bay:load=True:handoffs=0|F2:F2 outbound pallet dispatch:Unload / confirm hand-off:load=True:handoffs=2"
57.9026,9,58,539,-18.9995,0.0500,2.8192,157.6805,1.0882,0.0000,-12.3000,0.0000,-13.5000,17.6409,7,"","","7.500:0.050:16.744|-4.180:0.050:4.218|15.111:0.050:-16.413|4.200:0.050:13.226|8.406:0.050:0.845","0.000:0.000:0.000|-0.001:0.000:-0.800|-0.791:0.000:-0.123|0.000:0.000:0.000|-0.001:0.000:0.800","-11.308:0.050:8.170|19.997:0.050:7.725","0.000:0.000:0.000|0.000:0.000:0.000",False,False,Moving,60.00,40.00,3.00,MultiAgentTraffic,"P1:True|P2:True|P3:True|D1:True|D2:True|D3:True","H1:H1 rack picking and carton handoff:Transport to work bay:load=True:handoffs=0|H2:H2 cross-aisle carton transfer:Return for next assignment:load=False:handoffs=1|H3:H3 station scan and dispatch verification:Transport to work bay:load=False:handoffs=0|H4:H4 trolley supply transfer:Transport to work bay:load=True:handoffs=1|H5:H5 rack inspection and replenishment:Return for next assignment:load=False:handoffs=1|F1:F1 inbound pallet replenishment:Transport to work bay:load=True:handoffs=0|F2:F2 outbound pallet dispatch:Unload / confirm hand-off:load=True:handoffs=2"
58.0158,9,58,540,-18.9479,0.0500,2.6935,157.6805,1.0464,0.0000,-12.3000,0.0000,-13.5000,17.5050,7,"","","7.500:0.050:16.744|-4.180:0.050:4.128|15.021:0.050:-16.427|4.203:0.050:13.224|8.406:0.050:0.935","0.000:0.000:0.000|-0.001:0.000:-0.800|-0.791:0.000:-0.123|0.063:0.000:-0.044|-0.001:0.000:0.800","-11.308:0.050:8.170|19.997:0.050:7.725","0.000:0.000:0.000|0.000:0.000:0.000",False,False,Moving,60.00,40.00,3.00,MultiAgentTraffic,"P1:True|P2:True|P3:True|D1:True|D2:True|D3:True","H1:H1 rack picking and carton handoff:Transport to work bay:load=True:handoffs=0|H2:H2 cross-aisle carton transfer:Return for next assignment:load=False:handoffs=1|H3:H3 station scan and dispatch verification:Transport to work bay:load=False:handoffs=0|H4:H4 trolley supply transfer:Transport to work bay:load=True:handoffs=1|H5:H5 rack inspection and replenishment:Return for next assignment:load=False:handoffs=1|F1:F1 inbound pallet replenishment:Transport to work bay:load=True:handoffs=0|F2:F2 outbound pallet dispatch:Unload / confirm hand-off:load=True:handoffs=2"
58.1320,9,58,541,-18.8949,0.0500,2.5646,157.6805,1.1373,0.0000,-12.3000,0.0000,-13.5000,17.3657,7,"","","7.500:0.050:16.744|-4.180:0.050:4.035|14.930:0.050:-16.441|4.214:0.050:13.213|8.406:0.050:1.028","0.000:0.000:0.000|-0.001:0.000:-0.800|-0.791:0.000:-0.123|0.100:0.000:-0.137|-0.001:0.000:0.800","-11.308:0.050:8.170|19.997:0.050:7.725","0.000:0.000:0.000|0.000:0.000:0.000",False,False,Moving,60.00,40.00,3.00,MultiAgentTraffic,"P1:True|P2:True|P3:True|D1:True|D2:True|D3:True","H1:H1 rack picking and carton handoff:Transport to work bay:load=True:handoffs=0|H2:H2 cross-aisle carton transfer:Return for next assignment:load=False:handoffs=1|H3:H3 station scan and dispatch verification:Transport to work bay:load=False:handoffs=0|H4:H4 trolley supply transfer:Transport to work bay:load=True:handoffs=1|H5:H5 rack inspection and replenishment:Return for next assignment:load=False:handoffs=1|F1:F1 inbound pallet replenishment:Transport to work bay:load=True:handoffs=0|F2:F2 outbound pallet dispatch:Unload / confirm hand-off:load=True:handoffs=2"
58.2474,9,58,542,-18.8423,0.0500,2.4365,157.6805,1.0494,0.0000,-12.3000,0.0000,-13.5000,17.2272,7,"","","7.500:0.050:16.744|-4.180:0.050:3.942|14.838:0.050:-16.455|4.225:0.050:13.189|8.406:0.050:1.121","0.000:0.000:0.000|-0.001:0.000:-0.800|-0.791:0.000:-0.123|0.080:0.000:-0.250|-0.001:0.000:0.800","-11.308:0.050:8.170|19.997:0.050:7.725","0.000:0.000:0.000|0.000:0.000:0.000",False,False,Moving,60.00,40.00,3.00,MultiAgentTraffic,"P1:True|P2:True|P3:True|D1:True|D2:True|D3:True","H1:H1 rack picking and carton handoff:Transport to work bay:load=True:handoffs=0|H2:H2 cross-aisle carton transfer:Return for next assignment:load=False:handoffs=1|H3:H3 station scan and dispatch verification:Transport to work bay:load=False:handoffs=0|H4:H4 trolley supply transfer:Transport to work bay:load=True:handoffs=1|H5:H5 rack inspection and replenishment:Return for next assignment:load=False:handoffs=1|F1:F1 inbound pallet replenishment:Transport to work bay:load=True:handoffs=0|F2:F2 outbound pallet dispatch:Unload / confirm hand-off:load=True:handoffs=2"
58.3597,9,58,543,-18.7912,0.0500,2.3118,157.6805,2.1626,0.0000,-12.3000,0.0000,-13.5000,17.0925,7,"","","7.500:0.050:16.744|-4.180:0.050:3.853|14.750:0.050:-16.469|4.229:0.050:13.154|8.406:0.050:1.210","0.000:0.000:0.000|-0.001:0.000:-0.800|-0.791:0.000:-0.123|-0.001:0.000:-0.352|-0.001:0.000:0.800","-11.308:0.050:8.170|19.997:0.050:7.725","0.000:0.000:0.000|0.000:0.000:0.000",False,False,Moving,60.00,40.00,3.00,MultiAgentTraffic,"P1:True|P2:True|P3:True|D1:True|D2:True|D3:True","H1:H1 rack picking and carton handoff:Transport to work bay:load=True:handoffs=0|H2:H2 cross-aisle carton transfer:Return for next assignment:load=False:handoffs=1|H3:H3 station scan and dispatch verification:Transport to work bay:load=False:handoffs=0|H4:H4 trolley supply transfer:Transport to work bay:load=True:handoffs=1|H5:H5 rack inspection and replenishment:Return for next assignment:load=False:handoffs=1|F1:F1 inbound pallet replenishment:Transport to work bay:load=True:handoffs=0|F2:F2 outbound pallet dispatch:Return for next assignment:load=False:handoffs=2"
58.4658,9,58,544,-18.7428,0.0500,2.1940,157.6805,1.1772,0.0000,-12.3000,0.0000,-13.5000,16.9651,7,"","","7.500:0.050:16.744|-4.180:0.050:3.768|14.666:0.050:-16.482|4.229:0.050:13.112|8.406:0.050:1.295","0.000:0.000:0.000|-0.001:0.000:-0.800|-0.791:0.000:-0.123|-0.001:0.000:-0.437|-0.001:0.000:0.800","-11.308:0.050:8.170|19.997:0.050:7.725","0.000:0.000:0.000|0.000:0.000:0.000",False,False,Moving,60.00,40.00,3.00,MultiAgentTraffic,"P1:True|P2:True|P3:True|D1:True|D2:True|D3:True","H1:H1 rack picking and carton handoff:Transport to work bay:load=True:handoffs=0|H2:H2 cross-aisle carton transfer:Return for next assignment:load=False:handoffs=1|H3:H3 station scan and dispatch verification:Transport to work bay:load=False:handoffs=0|H4:H4 trolley supply transfer:Transport to work bay:load=True:handoffs=1|H5:H5 rack inspection and replenishment:Return for next assignment:load=False:handoffs=1|F1:F1 inbound pallet replenishment:Transport to work bay:load=True:handoffs=0|F2:F2 outbound pallet dispatch:Return for next assignment:load=False:handoffs=2"
58.5764,9,58,545,-18.6924,0.0500,2.0713,157.6805,1.1315,0.0000,-12.3000,0.0000,-13.5000,16.8324,7,"","","7.500:0.050:16.744|-4.180:0.050:3.679|14.578:0.050:-16.495|4.229:0.050:13.058|8.406:0.050:1.384","0.000:0.000:0.000|-0.001:0.000:-0.800|-0.791:0.000:-0.123|-0.001:0.000:-0.525|-0.001:0.000:0.800","-11.308:0.050:8.170|19.997:0.050:7.725","0.000:0.000:0.000|0.000:0.000:0.000",False,False,Moving,60.00,40.00,3.00,MultiAgentTraffic,"P1:True|P2:True|P3:True|D1:True|D2:True|D3:True","H1:H1 rack picking and carton handoff:Transport to work bay:load=True:handoffs=0|H2:H2 cross-aisle carton transfer:Return for next assignment:load=False:handoffs=1|H3:H3 station scan and dispatch verification:Transport to work bay:load=False:handoffs=0|H4:H4 trolley supply transfer:Transport to work bay:load=True:handoffs=1|H5:H5 rack inspection and replenishment:Return for next assignment:load=False:handoffs=1|F1:F1 inbound pallet replenishment:Transport to work bay:load=True:handoffs=0|F2:F2 outbound pallet dispatch:Return for next assignment:load=False:handoffs=2"
58.6767,9,58,546,-18.6467,0.0500,1.9599,157.6805,1.0404,0.0000,-12.3000,0.0000,-13.5000,16.7120,7,"","","7.500:0.050:16.744|-4.180:0.050:3.599|14.499:0.050:-16.508|4.229:0.050:13.000|8.406:0.050:1.464","0.000:0.000:0.000|-0.001:0.000:-0.800|-0.791:0.000:-0.123|-0.001:0.000:-0.606|-0.001:0.000:0.800","-11.308:0.050:8.170|19.997:0.050:7.725","0.000:0.000:0.000|0.000:0.000:0.000",False,False,Moving,60.00,40.00,3.00,MultiAgentTraffic,"P1:True|P2:True|P3:True|D1:True|D2:True|D3:True","H1:H1 rack picking and carton handoff:Transport to work bay:load=True:handoffs=0|H2:H2 cross-aisle carton transfer:Return for next assignment:load=False:handoffs=1|H3:H3 station scan and dispatch verification:Transport to work bay:load=False:handoffs=0|H4:H4 trolley supply transfer:Transport to work bay:load=True:handoffs=1|H5:H5 rack inspection and replenishment:Return for next assignment:load=False:handoffs=1|F1:F1 inbound pallet replenishment:Transport to work bay:load=True:handoffs=0|F2:F2 outbound pallet dispatch:Return for next assignment:load=False:handoffs=2"
58.7829,9,58,547,-18.5983,0.0500,1.8420,157.6805,1.1342,0.0000,-12.3000,0.0000,-13.5000,16.5846,7,"","","7.500:0.050:16.744|-4.181:0.050:3.514|14.415:0.050:-16.521|4.228:0.050:12.931|8.406:0.050:1.549","0.000:0.000:0.000|-0.001:0.000:-0.800|-0.791:0.000:-0.123|-0.001:0.000:-0.656|-0.001:0.000:0.800","-11.308:0.050:8.170|19.997:0.050:7.725","0.000:0.000:0.000|0.000:0.000:0.000",False,False,Moving,60.00,40.00,3.00,MultiAgentTraffic,"P1:True|P2:True|P3:True|D1:True|D2:True|D3:True","H1:H1 rack picking and carton handoff:Transport to work bay:load=True:handoffs=0|H2:H2 cross-aisle carton transfer:Return for next assignment:load=False:handoffs=1|H3:H3 station scan and dispatch verification:Transport to work bay:load=False:handoffs=0|H4:H4 trolley supply transfer:Transport to work bay:load=True:handoffs=1|H5:H5 rack inspection and replenishment:Return for next assignment:load=False:handoffs=1|F1:F1 inbound pallet replenishment:Transport to work bay:load=True:handoffs=0|F2:F2 outbound pallet dispatch:Return for next assignment:load=False:handoffs=2"
58.8853,9,58,548,-18.5516,0.0500,1.7283,157.6805,1.1887,0.0000,-12.3000,0.0000,-13.5000,16.4617,7,"","","7.500:0.050:16.744|-4.181:0.050:3.432|14.334:0.050:-16.533|4.228:0.050:12.864|8.406:0.050:1.631","0.000:0.000:0.000|-0.001:0.000:-0.800|-0.791:0.000:-0.123|-0.001:0.000:-0.656|-0.001:0.000:0.800","-11.308:0.050:8.170|19.997:0.050:7.725","0.000:0.000:0.000|0.000:0.000:0.000",False,False,Moving,60.00,40.00,3.00,MultiAgentTraffic,"P1:True|P2:True|P3:True|D1:True|D2:True|D3:True","H1:H1 rack picking and carton handoff:Transport to work bay:load=True:handoffs=0|H2:H2 cross-aisle carton transfer:Return for next assignment:load=False:handoffs=1|H3:H3 station scan and dispatch verification:Transport to work bay:load=False:handoffs=0|H4:H4 trolley supply transfer:Transport to work bay:load=True:handoffs=1|H5:H5 rack inspection and replenishment:Return for next assignment:load=False:handoffs=1|F1:F1 inbound pallet replenishment:Transport to work bay:load=True:handoffs=0|F2:F2 outbound pallet dispatch:Return for next assignment:load=False:handoffs=2"
58.9908,9,58,549,-18.5036,0.0500,1.6112,157.6805,1.2493,0.0000,-12.3000,0.0000,-13.5000,16.3351,7,"","","7.500:0.050:16.744|-4.181:0.050:3.348|14.251:0.050:-16.546|4.228:0.050:12.795|8.406:0.050:1.715","0.000:0.000:0.000|-0.001:0.000:-0.800|-0.791:0.000:-0.123|-0.001:0.000:-0.656|-0.001:0.000:0.800","-11.308:0.050:8.170|19.997:0.050:7.725","0.000:0.000:0.000|0.000:0.000:0.000",False,False,Moving,60.00,40.00,3.00,MultiAgentTraffic,"P1:True|P2:True|P3:True|D1:True|D2:True|D3:True","H1:H1 rack picking and carton handoff:Transport to work bay:load=True:handoffs=0|H2:H2 cross-aisle carton transfer:Return for next assignment:load=False:handoffs=1|H3:H3 station scan and dispatch verification:Transport to work bay:load=False:handoffs=0|H4:H4 trolley supply transfer:Transport to work bay:load=True:handoffs=1|H5:H5 rack inspection and replenishment:Return for next assignment:load=False:handoffs=1|F1:F1 inbound pallet replenishment:Transport to work bay:load=True:handoffs=0|F2:F2 outbound pallet dispatch:Return for next assignment:load=False:handoffs=2"
59.0911,9,58,550,-18.4579,0.0500,1.4999,157.6805,1.1764,0.0000,-12.3000,0.0000,-13.5000,16.2148,7,"","","7.500:0.050:16.744|-4.181:0.050:3.268|14.171:0.050:-16.559|4.228:0.050:12.729|8.406:0.050:1.795","0.000:0.000:0.000|-0.001:0.000:-0.800|-0.791:0.000:-0.123|-0.001:0.000:-0.656|-0.001:0.000:0.800","-11.308:0.050:8.170|19.997:0.050:7.725","0.000:0.000:0.000|0.000:0.000:0.000",False,False,Moving,60.00,40.00,3.00,MultiAgentTraffic,"P1:True|P2:True|P3:True|D1:True|D2:True|D3:True","H1:H1 rack picking and carton handoff:Transport to work bay:load=True:handoffs=0|H2:H2 cross-aisle carton transfer:Return for next assignment:load=False:handoffs=1|H3:H3 station scan and dispatch verification:Transport to work bay:load=False:handoffs=0|H4:H4 trolley supply transfer:Transport to work bay:load=True:handoffs=1|H5:H5 rack inspection and replenishment:Return for next assignment:load=False:handoffs=1|F1:F1 inbound pallet replenishment:Transport to work bay:load=True:handoffs=0|F2:F2 outbound pallet dispatch:Return for next assignment:load=False:handoffs=2"
59.2043,9,58,551,-18.4063,0.0500,1.3742,157.6805,1.0941,0.0000,-12.3000,0.0000,-13.5000,16.0789,7,"","","7.500:0.050:16.744|-4.181:0.050:3.177|14.082:0.050:-16.573|4.228:0.050:12.655|8.406:0.050:1.886","0.000:0.000:0.000|-0.001:0.000:-0.800|-0.791:0.000:-0.123|-0.001:0.000:-0.656|-0.001:0.000:0.800","-11.308:0.050:8.170|19.997:0.050:7.725","0.000:0.000:0.000|0.000:0.000:0.000",False,False,Moving,60.00,40.00,3.00,MultiAgentTraffic,"P1:True|P2:True|P3:True|D1:True|D2:True|D3:True","H1:H1 rack picking and carton handoff:Transport to work bay:load=True:handoffs=0|H2:H2 cross-aisle carton transfer:Return for next assignment:load=False:handoffs=1|H3:H3 station scan and dispatch verification:Transport to work bay:load=False:handoffs=0|H4:H4 trolley supply transfer:Transport to work bay:load=True:handoffs=1|H5:H5 rack inspection and replenishment:Return for next assignment:load=False:handoffs=1|F1:F1 inbound pallet replenishment:Transport to work bay:load=True:handoffs=0|F2:F2 outbound pallet dispatch:Return for next assignment:load=False:handoffs=2"
59.3169,9,58,552,-18.3549,0.0500,1.2492,157.6805,1.1084,0.0000,-12.3000,0.0000,-13.5000,15.9438,7,"","","7.500:0.050:16.744|-4.181:0.050:3.087|13.993:0.050:-16.586|4.228:0.050:12.581|8.406:0.050:1.976","0.000:0.000:0.000|-0.001:0.000:-0.800|-0.791:0.000:-0.123|-0.001:0.000:-0.656|-0.001:0.000:0.800","-11.308:0.050:8.170|19.997:0.050:7.725","0.000:0.000:0.000|0.000:0.000:0.000",False,False,Moving,60.00,40.00,3.00,MultiAgentTraffic,"P1:True|P2:True|P3:True|D1:True|D2:True|D3:True","H1:H1 rack picking and carton handoff:Transport to work bay:load=True:handoffs=0|H2:H2 cross-aisle carton transfer:Return for next assignment:load=False:handoffs=1|H3:H3 station scan and dispatch verification:Transport to work bay:load=False:handoffs=0|H4:H4 trolley supply transfer:Transport to work bay:load=True:handoffs=1|H5:H5 rack inspection and replenishment:Return for next assignment:load=False:handoffs=1|F1:F1 inbound pallet replenishment:Transport to work bay:load=True:handoffs=0|F2:F2 outbound pallet dispatch:Return for next assignment:load=False:handoffs=2"
59.4269,9,58,553,-18.3048,0.0500,1.1271,157.6805,1.0332,0.0000,-12.3000,0.0000,-13.5000,15.8117,7,"","","7.500:0.050:16.744|-4.181:0.050:2.999|13.906:0.050:-16.600|4.228:0.050:12.509|8.406:0.050:2.064","0.000:0.000:0.000|-0.001:0.000:-0.800|-0.791:0.000:-0.123|-0.001:0.000:-0.656|-0.001:0.000:0.800","-11.308:0.050:8.170|19.997:0.050:7.725","0.000:0.000:0.000|0.000:0.000:0.000",False,False,Moving,60.00,40.00,3.00,MultiAgentTraffic,"P1:True|P2:True|P3:True|D1:True|D2:True|D3:True","H1:H1 rack picking and carton handoff:Transport to work bay:load=True:handoffs=0|H2:H2 cross-aisle carton transfer:Return for next assignment:load=False:handoffs=1|H3:H3 station scan and dispatch verification:Transport to work bay:load=False:handoffs=0|H4:H4 trolley supply transfer:Transport to work bay:load=True:handoffs=1|H5:H5 rack inspection and replenishment:Return for next assignment:load=False:handoffs=1|F1:F1 inbound pallet replenishment:Transport to work bay:load=True:handoffs=0|F2:F2 outbound pallet dispatch:Return for next assignment:load=False:handoffs=2"
59.5435,9,58,554,-18.2517,0.0500,0.9976,157.6805,1.2877,0.0000,-12.3000,0.0000,-13.5000,15.6718,7,"","","7.500:0.050:16.744|-4.181:0.050:2.906|13.814:0.050:-16.614|4.228:0.050:12.432|8.406:0.050:2.157","0.000:0.000:0.000|-0.001:0.000:-0.800|-0.791:0.000:-0.123|-0.001:0.000:-0.656|-0.001:0.000:0.800","-11.308:0.050:8.170|19.997:0.050:7.725","0.000:0.000:0.000|0.000:0.000:0.000",False,False,Moving,60.00,40.00,3.00,MultiAgentTraffic,"P1:True|P2:True|P3:True|D1:True|D2:True|D3:True","H1:H1 rack picking and carton handoff:Transport to work bay:load=True:handoffs=0|H2:H2 cross-aisle carton transfer:Return for next assignment:load=False:handoffs=1|H3:H3 station scan and dispatch verification:Transport to work bay:load=False:handoffs=0|H4:H4 trolley supply transfer:Transport to work bay:load=True:handoffs=1|H5:H5 rack inspection and replenishment:Return for next assignment:load=False:handoffs=1|F1:F1 inbound pallet replenishment:Transport to work bay:load=True:handoffs=0|F2:F2 outbound pallet dispatch:Return for next assignment:load=False:handoffs=2"
59.6531,9,58,555,-18.2017,0.0500,0.8760,157.6805,1.1286,0.0000,-12.3000,0.0000,-13.5000,15.5403,7,"","","7.500:0.050:16.744|-4.181:0.050:2.818|13.727:0.050:-16.628|4.227:0.050:12.361|8.405:0.050:2.245","0.000:0.000:0.000|-0.001:0.000:-0.800|-0.791:0.000:-0.123|-0.001:0.000:-0.656|-0.001:0.000:0.800","-11.308:0.050:8.170|19.997:0.050:7.725","0.000:0.000:0.000|0.000:0.000:0.000",False,False,Moving,60.00,40.00,3.00,MultiAgentTraffic,"P1:True|P2:True|P3:True|D1:True|D2:True|D3:True","H1:H1 rack picking and carton handoff:Transport to work bay:load=True:handoffs=0|H2:H2 cross-aisle carton transfer:Return for next assignment:load=False:handoffs=1|H3:H3 station scan and dispatch verification:Transport to work bay:load=False:handoffs=0|H4:H4 trolley supply transfer:Transport to work bay:load=True:handoffs=1|H5:H5 rack inspection and replenishment:Return for next assignment:load=False:handoffs=1|F1:F1 inbound pallet replenishment:Transport to work bay:load=True:handoffs=0|F2:F2 outbound pallet dispatch:Return for next assignment:load=False:handoffs=2"
59.7688,9,58,556,-18.1490,0.0500,0.7476,157.6805,1.5085,0.0000,-12.3000,0.0000,-13.5000,15.4015,7,"","","7.500:0.050:16.744|-4.181:0.050:2.725|13.636:0.050:-16.642|4.227:0.050:12.285|8.405:0.050:2.338","0.000:0.000:0.000|-0.001:0.000:-0.800|-0.791:0.000:-0.123|-0.001:0.000:-0.656|-0.001:0.000:0.800","-11.308:0.050:8.170|19.997:0.050:7.725","0.000:0.000:0.000|0.000:0.000:0.000",False,False,Moving,60.00,40.00,3.00,MultiAgentTraffic,"P1:True|P2:True|P3:True|D1:True|D2:True|D3:True","H1:H1 rack picking and carton handoff:Transport to work bay:load=True:handoffs=0|H2:H2 cross-aisle carton transfer:Return for next assignment:load=False:handoffs=1|H3:H3 station scan and dispatch verification:Transport to work bay:load=False:handoffs=0|H4:H4 trolley supply transfer:Transport to work bay:load=True:handoffs=1|H5:H5 rack inspection and replenishment:Return for next assignment:load=False:handoffs=1|F1:F1 inbound pallet replenishment:Transport to work bay:load=True:handoffs=0|F2:F2 outbound pallet dispatch:Return for next assignment:load=False:handoffs=2"
59.8715,9,58,557,-18.1022,0.0500,0.6336,157.6805,1.2033,0.0000,-12.3000,0.0000,-13.5000,15.2783,7,"","","7.500:0.050:16.744|-4.182:0.050:2.643|13.554:0.050:-16.655|4.227:0.050:12.217|8.405:0.050:2.420","0.000:0.000:0.000|-0.001:0.000:-0.800|-0.791:0.000:-0.123|-0.001:0.000:-0.656|-0.001:0.000:0.800","-11.308:0.050:8.170|19.997:0.050:7.725","0.000:0.000:0.000|0.000:0.000:0.000",False,False,Moving,60.00,40.00,3.00,MultiAgentTraffic,"P1:True|P2:True|P3:True|D1:True|D2:True|D3:True","H1:H1 rack picking and carton handoff:Transport to work bay:load=True:handoffs=0|H2:H2 cross-aisle carton transfer:Return for next assignment:load=False:handoffs=1|H3:H3 station scan and dispatch verification:Transport to work bay:load=False:handoffs=0|H4:H4 trolley supply transfer:Transport to work bay:load=True:handoffs=1|H5:H5 rack inspection and replenishment:Return for next assignment:load=False:handoffs=1|F1:F1 inbound pallet replenishment:Transport to work bay:load=True:handoffs=0|F2:F2 outbound pallet dispatch:Return for next assignment:load=False:handoffs=2"
59.9804,9,58,558,-18.0526,0.0500,0.5127,157.6805,1.0983,0.0000,-12.3000,0.0000,-13.5000,15.1476,7,"","","7.500:0.050:16.744|-4.182:0.050:2.556|13.468:0.050:-16.668|4.227:0.050:12.146|8.405:0.050:2.507","0.000:0.000:0.000|-0.001:0.000:-0.800|-0.791:0.000:-0.123|-0.001:0.000:-0.656|-0.001:0.000:0.800","-11.308:0.050:8.170|19.998:0.050:7.724","0.000:0.000:0.000|0.038:0.000:-0.017",False,False,Moving,60.00,40.00,3.00,MultiAgentTraffic,"P1:True|P2:True|P3:True|D1:True|D2:True|D3:True","H1:H1 rack picking and carton handoff:Transport to work bay:load=True:handoffs=0|H2:H2 cross-aisle carton transfer:Return for next assignment:load=False:handoffs=1|H3:H3 station scan and dispatch verification:Transport to work bay:load=False:handoffs=0|H4:H4 trolley supply transfer:Transport to work bay:load=True:handoffs=1|H5:H5 rack inspection and replenishment:Return for next assignment:load=False:handoffs=1|F1:F1 inbound pallet replenishment:Transport to work bay:load=True:handoffs=0|F2:F2 outbound pallet dispatch:Return for next assignment:load=False:handoffs=2"
60.0838,9,58,559,-18.0054,0.0500,0.3978,157.6805,0.9133,0.0000,-12.3000,0.0000,-13.5000,15.0234,7,"","","7.500:0.050:16.744|-4.182:0.050:2.473|13.387:0.050:-16.681|4.227:0.050:12.078|8.405:0.050:2.590","0.000:0.000:0.000|-0.001:0.000:-0.800|-0.791:0.000:-0.123|-0.001:0.000:-0.656|-0.001:0.000:0.800","-11.308:0.050:8.170|20.006:0.050:7.720","0.000:0.000:0.000|0.108:0.000:-0.062",False,False,Moving,60.00,40.00,3.00,MultiAgentTraffic,"P1:True|P2:True|P3:True|D1:True|D2:True|D3:True","H1:H1 rack picking and carton handoff:Transport to work bay:load=True:handoffs=0|H2:H2 cross-aisle carton transfer:Return for next assignment:load=False:handoffs=1|H3:H3 station scan and dispatch verification:Transport to work bay:load=False:handoffs=0|H4:H4 trolley supply transfer:Transport to work bay:load=True:handoffs=1|H5:H5 rack inspection and replenishment:Return for next assignment:load=False:handoffs=1|F1:F1 inbound pallet replenishment:Transport to work bay:load=True:handoffs=0|F2:F2 outbound pallet dispatch:Return for next assignment:load=False:handoffs=2"
60.1934,9,58,560,-17.9555,0.0500,0.2762,157.6805,1.7492,0.0000,-12.3000,0.0000,-13.5000,14.8920,7,"","","7.500:0.050:16.744|-4.182:0.050:2.386|13.300:0.050:-16.694|4.227:0.050:12.006|8.405:0.050:2.677","0.000:0.000:0.000|-0.001:0.000:-0.800|-0.791:0.000:-0.123|-0.001:0.000:-0.656|-0.001:0.000:0.800","-11.308:0.050:8.170|20.022:0.050:7.709","0.000:0.000:0.000|0.169:0.000:-0.128",False,False,Moving,60.00,40.00,3.00,MultiAgentTraffic,"P1:True|P2:True|P3:True|D1:True|D2:True|D3:True","H1:H1 rack picking and carton handoff:Transport to work bay:load=True:handoffs=0|H2:H2 cross-aisle carton transfer:Return for next assignment:load=False:handoffs=1|H3:H3 station scan and dispatch verification:Transport to work bay:load=False:handoffs=0|H4:H4 trolley supply transfer:Transport to work bay:load=True:handoffs=1|H5:H5 rack inspection and replenishment:Return for next assignment:load=False:handoffs=1|F1:F1 inbound pallet replenishment:Transport to work bay:load=True:handoffs=0|F2:F2 outbound pallet dispatch:Return for next assignment:load=False:handoffs=2"
60.2967,9,58,561,-17.9084,0.0500,0.1615,157.6805,0.8193,0.0000,-12.3000,0.0000,-13.5000,14.7680,7,"","","7.500:0.050:16.744|-4.182:0.050:2.303|13.218:0.050:-16.707|4.227:0.050:11.938|8.405:0.050:2.760","0.000:0.000:0.000|-0.001:0.000:-0.800|-0.791:0.000:-0.123|-0.001:0.000:-0.656|-0.001:0.000:0.800","-11.308:0.050:8.170|20.042:0.050:7.691","0.000:0.000:0.000|0.213:0.000:-0.204",False,False,Moving,60.00,40.00,3.00,MultiAgentTraffic,"P1:True|P2:True|P3:True|D1:True|D2:True|D3:True","H1:H1 rack picking and carton handoff:Transport to work bay:load=True:handoffs=0|H2:H2 cross-aisle carton transfer:Return for next assignment:load=False:handoffs=1|H3:H3 station scan and dispatch verification:Transport to work bay:load=False:handoffs=0|H4:H4 trolley supply transfer:Transport to work bay:load=True:handoffs=1|H5:H5 rack inspection and replenishment:Return for next assignment:load=False:handoffs=1|F1:F1 inbound pallet replenishment:Transport to work bay:load=True:handoffs=0|F2:F2 outbound pallet dispatch:Return for next assignment:load=False:handoffs=2"
60.4094,9,58,562,-17.8571,0.0500,0.0364,157.6805,0.8384,0.0000,-12.3000,0.0000,-13.5000,14.6328,7,"","","7.500:0.050:16.744|-4.182:0.050:2.213|13.129:0.050:-16.721|4.227:0.050:11.864|8.405:0.050:2.850","0.000:0.000:0.000|-0.001:0.000:-0.800|-0.791:0.000:-0.123|-0.001:0.000:-0.656|-0.001:0.000:0.800","-11.308:0.050:8.170|20.068:0.050:7.662","0.000:0.000:0.000|0.241:0.000:-0.300",False,False,Moving,60.00,40.00,3.00,MultiAgentTraffic,"P1:True|P2:True|P3:True|D1:True|D2:True|D3:True","H1:H1 rack picking and carton handoff:Transport to work bay:load=True:handoffs=0|H2:H2 cross-aisle carton transfer:Return for next assignment:load=False:handoffs=1|H3:H3 station scan and dispatch verification:Transport to work bay:load=False:handoffs=0|H4:H4 trolley supply transfer:Transport to work bay:load=True:handoffs=1|H5:H5 rack inspection and replenishment:Return for next assignment:load=False:handoffs=1|F1:F1 inbound pallet replenishment:Transport to work bay:load=True:handoffs=0|F2:F2 outbound pallet dispatch:Return for next assignment:load=False:handoffs=2"
60.5156,9,58,563,-17.8087,0.0500,-0.0815,157.6805,0.8208,0.0000,-12.3000,0.0000,-13.5000,14.5054,7,"","","7.500:0.050:16.744|-4.182:0.050:2.128|13.045:0.050:-16.734|4.227:0.050:11.795|8.405:0.050:2.935","0.000:0.000:0.000|-0.001:0.000:-0.800|-0.791:0.000:-0.123|-0.001:0.000:-0.656|-0.001:0.000:0.800","-11.308:0.050:8.170|20.095:0.050:7.625","0.000:0.000:0.000|0.249:0.000:-0.399",False,False,Moving,60.00,40.00,3.00,MultiAgentTraffic,"P1:True|P2:True|P3:True|D1:True|D2:True|D3:True","H1:H1 rack picking and carton handoff:Transport to work bay:load=True:handoffs=0|H2:H2 cross-aisle carton transfer:Return for next assignment:load=False:handoffs=1|H3:H3 station scan and dispatch verification:Transport to work bay:load=False:handoffs=0|H4:H4 trolley supply transfer:Transport to work bay:load=True:handoffs=1|H5:H5 rack inspection and replenishment:Return for next assignment:load=False:handoffs=1|F1:F1 inbound pallet replenishment:Transport to work bay:load=True:handoffs=0|F2:F2 outbound pallet dispatch:Return for next assignment:load=False:handoffs=2"
60.6209,9,58,564,-17.7607,0.0500,-0.1984,157.6805,0.9111,0.0000,-12.3000,0.0000,-13.5000,14.3789,7,"","","7.500:0.050:16.744|-4.182:0.050:2.044|12.962:0.050:-16.747|4.226:0.050:11.726|8.405:0.050:3.019","0.000:0.000:0.000|-0.001:0.000:-0.800|-0.791:0.000:-0.123|-0.001:0.000:-0.656|-0.001:0.000:0.800","-11.308:0.050:8.170|20.120:0.050:7.576","0.000:0.000:0.000|0.236:0.000:-0.502",False,False,Moving,60.00,40.00,3.00,MultiAgentTraffic,"P1:True|P2:True|P3:True|D1:True|D2:True|D3:True","H1:H1 rack picking and carton handoff:Transport to work bay:load=True:handoffs=0|H2:H2 cross-aisle carton transfer:Return for next assignment:load=False:handoffs=1|H3:H3 station scan and dispatch verification:Transport to work bay:load=False:handoffs=0|H4:H4 trolley supply transfer:Transport to work bay:load=True:handoffs=1|H5:H5 rack inspection and replenishment:Return for next assignment:load=False:handoffs=1|F1:F1 inbound pallet replenishment:Transport to work bay:load=True:handoffs=0|F2:F2 outbound pallet dispatch:Return for next assignment:load=False:handoffs=2"
60.7230,9,58,565,-17.7142,0.0500,-0.3117,157.6805,0.8066,0.0000,-12.3000,0.0000,-13.5000,14.2565,7,"","","7.500:0.050:16.744|-4.182:0.050:1.962|12.881:0.050:-16.759|4.226:0.050:11.659|8.405:0.050:3.101","0.000:0.000:0.000|-0.001:0.000:-0.800|-0.791:0.000:-0.123|-0.001:0.000:-0.656|-0.001:0.000:0.800","-11.308:0.050:8.170|20.143:0.050:7.519","0.000:0.000:0.000|0.203:0.000:-0.603",False,False,Moving,60.00,40.00,3.00,MultiAgentTraffic,"P1:True|P2:True|P3:True|D1:True|D2:True|D3:True","H1:H1 rack picking and carton handoff:Transport to work bay:load=True:handoffs=0|H2:H2 cross-aisle carton transfer:Return for next assignment:load=False:handoffs=1|H3:H3 station scan and dispatch verification:Transport to work bay:load=False:handoffs=0|H4:H4 trolley supply transfer:Transport to work bay:load=True:handoffs=1|H5:H5 rack inspection and replenishment:Return for next assignment:load=False:handoffs=1|F1:F1 inbound pallet replenishment:Transport to work bay:load=True:handoffs=0|F2:F2 outbound pallet dispatch:Return for next assignment:load=False:handoffs=2"
60.8341,9,58,566,-17.6635,0.0500,-0.4351,157.6805,1.7521,0.0000,-12.3000,0.0000,-13.5000,14.1231,7,"","","7.500:0.050:16.744|-4.182:0.050:1.873|12.793:0.050:-16.773|4.226:0.050:11.586|8.405:0.050:3.190","0.000:0.000:0.000|-0.001:0.000:-0.800|-0.791:0.000:-0.123|-0.001:0.000:-0.656|-0.001:0.000:0.800","-11.308:0.050:8.170|20.162:0.050:7.445","0.000:0.000:0.000|0.143:0.000:-0.711",False,False,Moving,60.00,40.00,3.00,MultiAgentTraffic,"P1:True|P2:True|P3:True|D1:True|D2:True|D3:True","H1:H1 rack picking and carton handoff:Transport to work bay:load=True:handoffs=0|H2:H2 cross-aisle carton transfer:Return for next assignment:load=False:handoffs=1|H3:H3 station scan and dispatch verification:Transport to work bay:load=False:handoffs=0|H4:H4 trolley supply transfer:Transport to work bay:load=True:handoffs=1|H5:H5 rack inspection and replenishment:Return for next assignment:load=False:handoffs=1|F1:F1 inbound pallet replenishment:Transport to work bay:load=True:handoffs=0|F2:F2 outbound pallet dispatch:Return for next assignment:load=False:handoffs=2"
60.9433,9,58,567,-17.6138,0.0500,-0.5563,157.6805,1.0341,0.0000,-12.3000,0.0000,-13.5000,13.9921,7,"","","7.500:0.050:16.744|-4.183:0.050:1.786|12.707:0.050:-16.786|4.226:0.050:11.514|8.405:0.050:3.277","0.000:0.000:0.000|-0.001:0.000:-0.800|-0.791:0.000:-0.123|-0.001:0.000:-0.656|-0.001:0.000:0.800","-11.308:0.050:8.170|20.172:0.050:7.362","0.000:0.000:0.000|0.061:0.000:-0.810",False,False,Moving,60.00,40.00,3.00,MultiAgentTraffic,"P1:True|P2:True|P3:True|D1:True|D2:True|D3:True","H1:H1 rack picking and carton handoff:Transport to work bay:load=True:handoffs=0|H2:H2 cross-aisle carton transfer:Return for next assignment:load=False:handoffs=1|H3:H3 station scan and dispatch verification:Transport to work bay:load=False:handoffs=0|H4:H4 trolley supply transfer:Transport to work bay:load=True:handoffs=1|H5:H5 rack inspection and replenishment:Return for next assignment:load=False:handoffs=1|F1:F1 inbound pallet replenishment:Transport to work bay:load=True:handoffs=0|F2:F2 outbound pallet dispatch:Return for next assignment:load=False:handoffs=2"
61.0433,9,58,568,-17.5682,0.0500,-0.6673,157.6805,0.7936,0.0000,-12.3000,0.0000,-13.5000,13.8721,7,"","","7.500:0.050:16.744|-4.183:0.050:1.706|12.628:0.050:-16.799|4.226:0.050:11.449|8.405:0.050:3.357","0.000:0.000:0.000|-0.001:0.000:-0.800|-0.791:0.000:-0.123|-0.001:0.000:-0.656|-0.001:0.000:0.800","-11.308:0.050:8.170|20.174:0.050:7.276","0.000:0.000:0.000|-0.010:0.000:-0.892",False,False,Moving,60.00,40.00,3.00,MultiAgentTraffic,"P1:True|P2:True|P3:True|D1:True|D2:True|D3:True","H1:H1 rack picking and carton handoff:Transport to work bay:load=True:handoffs=0|H2:H2 cross-aisle carton transfer:Return for next assignment:load=False:handoffs=1|H3:H3 station scan and dispatch verification:Transport to work bay:load=False:handoffs=0|H4:H4 trolley supply transfer:Transport to work bay:load=True:handoffs=1|H5:H5 rack inspection and replenishment:Return for next assignment:load=False:handoffs=1|F1:F1 inbound pallet replenishment:Transport to work bay:load=True:handoffs=0|F2:F2 outbound pallet dispatch:Return for next assignment:load=False:handoffs=2"
61.1566,9,58,569,-17.5166,0.0500,-0.7930,157.6805,0.7896,0.0000,-12.3000,0.0000,-13.5000,13.7362,7,"","","7.500:0.050:16.744|-4.183:0.050:1.615|12.539:0.050:-16.813|4.226:0.050:11.374|8.405:0.050:3.448","0.000:0.000:0.000|-0.001:0.000:-0.800|-0.791:0.000:-0.123|-0.001:0.000:-0.656|-0.001:0.000:0.800","-11.308:0.050:8.170|20.172:0.050:7.169","0.000:0.000:0.000|-0.011:0.000:-0.983",False,False,Moving,60.00,40.00,3.00,MultiAgentTraffic,"P1:True|P2:True|P3:True|D1:True|D2:True|D3:True","H1:H1 rack picking and carton handoff:Transport to work bay:load=True:handoffs=0|H2:H2 cross-aisle carton transfer:Return for next assignment:load=False:handoffs=1|H3:H3 station scan and dispatch verification:Transport to work bay:load=False:handoffs=0|H4:H4 trolley supply transfer:Transport to work bay:load=True:handoffs=1|H5:H5 rack inspection and replenishment:Return for next assignment:load=False:handoffs=1|F1:F1 inbound pallet replenishment:Transport to work bay:load=True:handoffs=0|F2:F2 outbound pallet dispatch:Return for next assignment:load=False:handoffs=2"
61.2699,9,58,570,-17.4649,0.0500,-0.9188,157.6805,1.6750,0.0000,-12.3000,0.0000,-13.5000,13.6002,7,"","","7.500:0.050:16.744|-4.183:0.050:1.524|12.449:0.050:-16.827|4.226:0.050:11.300|8.405:0.050:3.539","0.000:0.000:0.000|-0.001:0.000:-0.800|-0.791:0.000:-0.123|-0.001:0.000:-0.656|-0.001:0.000:0.800","-11.308:0.050:8.170|20.171:0.050:7.052","0.000:0.000:0.000|-0.012:0.000:-1.073",False,False,Moving,60.00,40.00,3.00,MultiAgentTraffic,"P1:True|P2:True|P3:True|D1:True|D2:True|D3:True","H1:H1 rack picking and carton handoff:Transport to work bay:load=True:handoffs=0|H2:H2 cross-aisle carton transfer:Return for next assignment:load=False:handoffs=1|H3:H3 station scan and dispatch verification:Transport to work bay:load=False:handoffs=0|H4:H4 trolley supply transfer:Transport to work bay:load=True:handoffs=1|H5:H5 rack inspection and replenishment:Return for next assignment:load=False:handoffs=1|F1:F1 inbound pallet replenishment:Transport to work bay:load=True:handoffs=0|F2:F2 outbound pallet dispatch:Return for next assignment:load=False:handoffs=2"
61.3712,9,58,571,-17.4188,0.0500,-1.0312,157.6805,1.7369,0.0000,-12.3000,0.0000,-13.5000,13.4787,7,"","","7.500:0.050:16.744|-4.183:0.050:1.443|12.369:0.050:-16.839|4.226:0.050:11.234|8.404:0.050:3.620","0.000:0.000:0.000|-0.001:0.000:-0.800|-0.791:0.000:-0.123|-0.001:0.000:-0.656|-0.001:0.000:0.800","-11.308:0.050:8.170|20.170:0.050:6.938","0.000:0.000:0.000|-0.013:0.000:-1.154",False,False,Moving,60.00,40.00,3.00,MultiAgentTraffic,"P1:True|P2:True|P3:True|D1:True|D2:True|D3:True","H1:H1 rack picking and carton handoff:Transport to work bay:load=True:handoffs=0|H2:H2 cross-aisle carton transfer:Return for next assignment:load=False:handoffs=1|H3:H3 station scan and dispatch verification:Transport to work bay:load=False:handoffs=0|H4:H4 trolley supply transfer:Transport to work bay:load=True:handoffs=1|H5:H5 rack inspection and replenishment:Return for next assignment:load=False:handoffs=1|F1:F1 inbound pallet replenishment:Transport to work bay:load=True:handoffs=0|F2:F2 outbound pallet dispatch:Return for next assignment:load=False:handoffs=2"
61.4714,9,58,572,-17.3731,0.0500,-1.1425,157.6805,1.6459,0.0000,-12.3000,0.0000,-13.5000,13.3584,7,"","","7.500:0.050:16.744|-4.183:0.050:1.363|12.290:0.050:-16.851|4.226:0.050:11.168|8.404:0.050:3.700","0.000:0.000:0.000|-0.001:0.000:-0.800|-0.791:0.000:-0.123|-0.001:0.000:-0.656|-0.001:0.000:0.800","-11.308:0.050:8.170|20.168:0.050:6.818","0.000:0.000:0.000|-0.014:0.000:-1.235",False,False,Moving,60.00,40.00,3.00,MultiAgentTraffic,"P1:True|P2:True|P3:True|D1:True|D2:True|D3:True","H1:H1 rack picking and carton handoff:Transport to work bay:load=True:handoffs=0|H2:H2 cross-aisle carton transfer:Return for next assignment:load=False:handoffs=1|H3:H3 station scan and dispatch verification:Transport to work bay:load=False:handoffs=0|H4:H4 trolley supply transfer:Transport to work bay:load=True:handoffs=1|H5:H5 rack inspection and replenishment:Return for next assignment:load=False:handoffs=1|F1:F1 inbound pallet replenishment:Transport to work bay:load=True:handoffs=0|F2:F2 outbound pallet dispatch:Return for next assignment:load=False:handoffs=2"
61.5802,9,58,573,-17.3235,0.0500,-1.2632,157.6805,0.9920,0.0000,-12.3000,0.0000,-13.5000,13.2279,7,"","","7.500:0.050:16.744|-4.183:0.050:1.276|12.204:0.050:-16.865|4.225:0.050:11.096|8.404:0.050:3.787","0.000:0.000:0.000|-0.001:0.000:-0.800|-0.791:0.000:-0.123|-0.001:0.000:-0.656|-0.001:0.000:0.800","-11.308:0.050:8.170|20.167:0.050:6.679","0.000:0.000:0.000|-0.015:0.000:-1.300",False,False,Moving,60.00,40.00,3.00,MultiAgentTraffic,"P1:True|P2:True|P3:True|D1:True|D2:True|D3:True","H1:H1 rack picking and carton handoff:Transport to work bay:load=True:handoffs=0|H2:H2 cross-aisle carton transfer:Return for next assignment:load=False:handoffs=1|H3:H3 station scan and dispatch verification:Transport to work bay:load=False:handoffs=0|H4:H4 trolley supply transfer:Transport to work bay:load=True:handoffs=1|H5:H5 rack inspection and replenishment:Return for next assignment:load=False:handoffs=1|F1:F1 inbound pallet replenishment:Transport to work bay:load=True:handoffs=0|F2:F2 outbound pallet dispatch:Return for next assignment:load=False:handoffs=2"
61.6855,9,58,574,-17.2755,0.0500,-1.3801,157.6805,0.9609,0.0000,-12.3000,0.0000,-13.5000,13.1015,7,"","","7.500:0.050:16.744|-4.183:0.050:1.192|12.120:0.050:-16.878|4.225:0.050:11.027|8.404:0.050:3.871","0.000:0.000:0.000|-0.001:0.000:-0.800|-0.791:0.000:-0.123|-0.001:0.000:-0.656|-0.001:0.000:0.800","-11.308:0.050:8.170|20.165:0.050:6.542","0.000:0.000:0.000|-0.015:0.000:-1.300",False,False,Moving,60.00,40.00,3.00,MultiAgentTraffic,"P1:True|P2:True|P3:True|D1:True|D2:True|D3:True","H1:H1 rack picking and carton handoff:Transport to work bay:load=True:handoffs=0|H2:H2 cross-aisle carton transfer:Return for next assignment:load=False:handoffs=1|H3:H3 station scan and dispatch verification:Transport to work bay:load=False:handoffs=0|H4:H4 trolley supply transfer:Transport to work bay:load=True:handoffs=1|H5:H5 rack inspection and replenishment:Return for next assignment:load=False:handoffs=1|F1:F1 inbound pallet replenishment:Transport to work bay:load=True:handoffs=0|F2:F2 outbound pallet dispatch:Return for next assignment:load=False:handoffs=2"
61.7911,9,58,575,-17.2274,0.0500,-1.4974,157.6805,0.9398,0.0000,-12.3000,0.0000,-13.5000,12.9747,7,"","","7.500:0.050:16.744|-4.183:0.050:1.107|12.037:0.050:-16.891|4.225:0.050:10.958|8.404:0.050:3.956","0.000:0.000:0.000|-0.001:0.000:-0.800|-0.791:0.000:-0.123|-0.001:0.000:-0.656|-0.001:0.000:0.800","-11.308:0.050:8.170|20.164:0.050:6.405","0.000:0.000:0.000|-0.015:0.000:-1.300",False,False,Moving,60.00,40.00,3.00,MultiAgentTraffic,"P1:True|P2:True|P3:True|D1:True|D2:True|D3:True","H1:H1 rack picking and carton handoff:Transport to work bay:load=True:handoffs=0|H2:H2 cross-aisle carton transfer:Return for next assignment:load=False:handoffs=1|H3:H3 station scan and dispatch verification:Transport to work bay:load=False:handoffs=0|H4:H4 trolley supply transfer:Transport to work bay:load=True:handoffs=1|H5:H5 rack inspection and replenishment:Return for next assignment:load=False:handoffs=1|F1:F1 inbound pallet replenishment:Transport to work bay:load=True:handoffs=0|F2:F2 outbound pallet dispatch:Return for next assignment:load=False:handoffs=2"
61.9093,9,58,576,-17.1735,0.0500,-1.6286,157.6805,0.8827,0.0000,-12.3000,0.0000,-13.5000,12.8329,7,"","","7.500:0.050:16.744|-4.183:0.050:1.013|11.944:0.050:-16.905|4.225:0.050:10.880|8.404:0.050:4.050","0.000:0.000:0.000|-0.001:0.000:-0.800|-0.791:0.000:-0.123|-0.001:0.000:-0.656|-0.001:0.000:0.800","-11.308:0.050:8.170|20.162:0.050:6.251","0.000:0.000:0.000|-0.015:0.000:-1.300",False,False,Moving,60.00,40.00,3.00,MultiAgentTraffic,"P1:True|P2:True|P3:True|D1:True|D2:True|D3:True","H1:H1 rack picking and carton handoff:Transport to work bay:load=True:handoffs=0|H2:H2 cross-aisle carton transfer:Return for next assignment:load=False:handoffs=1|H3:H3 station scan and dispatch verification:Transport to work bay:load=False:handoffs=0|H4:H4 trolley supply transfer:Transport to work bay:load=True:handoffs=1|H5:H5 rack inspection and replenishment:Return for next assignment:load=False:handoffs=1|F1:F1 inbound pallet replenishment:Transport to work bay:load=True:handoffs=0|F2:F2 outbound pallet dispatch:Return for next assignment:load=False:handoffs=2"
62.0181,9,58,577,-17.1240,0.0500,-1.7494,157.6805,1.2019,0.0000,-12.3000,0.0000,-13.5000,12.7024,7,"","","7.500:0.050:16.744|-4.183:0.050:0.926|11.858:0.050:-16.918|4.225:0.050:10.809|8.404:0.050:4.137","0.000:0.000:0.000|-0.001:0.000:-0.800|-0.791:0.000:-0.123|-0.001:0.000:-0.656|-0.001:0.000:0.800","-11.308:0.050:8.170|20.160:0.050:6.110","0.000:0.000:0.000|-0.015:0.000:-1.300",False,False,Moving,60.00,40.00,3.00,MultiAgentTraffic,"P1:True|P2:True|P3:True|D1:True|D2:True|D3:True","H1:H1 rack picking and carton handoff:Transport to work bay:load=True:handoffs=0|H2:H2 cross-aisle carton transfer:Return for next assignment:load=False:handoffs=1|H3:H3 station scan and dispatch verification:Transport to work bay:load=False:handoffs=0|H4:H4 trolley supply transfer:Transport to work bay:load=True:handoffs=1|H5:H5 rack inspection and replenishment:Return for next assignment:load=False:handoffs=1|F1:F1 inbound pallet replenishment:Transport to work bay:load=True:handoffs=0|F2:F2 outbound pallet dispatch:Return for next assignment:load=False:handoffs=2"
62.1280,9,58,578,-17.0739,0.0500,-1.8713,157.6805,0.9024,0.0000,-12.3000,0.0000,-13.5000,12.5705,7,"","","7.500:0.050:16.744|-4.184:0.050:0.838|11.771:0.050:-16.932|4.225:0.050:10.737|8.404:0.050:4.225","0.000:0.000:0.000|-0.001:0.000:-0.800|-0.790:0.000:-0.123|-0.001:0.000:-0.656|-0.001:0.000:0.800","-11.308:0.050:8.170|20.159:0.050:5.967","0.000:0.000:0.000|-0.015:0.000:-1.300",False,False,Moving,60.00,40.00,3.00,MultiAgentTraffic,"P1:True|P2:True|P3:True|D1:True|D2:True|D3:True","H1:H1 rack picking and carton handoff:Transport to work bay:load=True:handoffs=0|H2:H2 cross-aisle carton transfer:Return for next assignment:load=False:handoffs=1|H3:H3 station scan and dispatch verification:Transport to work bay:load=False:handoffs=0|H4:H4 trolley supply transfer:Transport to work bay:load=True:handoffs=1|H5:H5 rack inspection and replenishment:Return for next assignment:load=False:handoffs=1|F1:F1 inbound pallet replenishment:Transport to work bay:load=True:handoffs=0|F2:F2 outbound pallet dispatch:Return for next assignment:load=False:handoffs=2"
62.2395,9,58,579,-17.0231,0.0500,-1.9951,157.6805,0.9392,0.0000,-12.3000,0.0000,-13.5000,12.4367,7,"","","7.500:0.050:16.744|-4.184:0.050:0.749|11.683:0.050:-16.946|4.225:0.050:10.664|8.404:0.050:4.314","0.000:0.000:0.000|-0.001:0.000:-0.800|-0.790:0.000:-0.123|-0.001:0.000:-0.656|-0.001:0.000:0.800","-11.308:0.050:8.170|20.157:0.050:5.822","0.000:0.000:0.000|-0.015:0.000:-1.300",False,False,Moving,60.00,40.00,3.00,MultiAgentTraffic,"P1:True|P2:True|P3:True|D1:True|D2:True|D3:True","H1:H1 rack picking and carton handoff:Transport to work bay:load=True:handoffs=0|H2:H2 cross-aisle carton transfer:Return for next assignment:load=False:handoffs=1|H3:H3 station scan and dispatch verification:Transport to work bay:load=False:handoffs=0|H4:H4 trolley supply transfer:Transport to work bay:load=True:handoffs=1|H5:H5 rack inspection and replenishment:Return for next assignment:load=False:handoffs=1|F1:F1 inbound pallet replenishment:Transport to work bay:load=True:handoffs=0|F2:F2 outbound pallet dispatch:Return for next assignment:load=False:handoffs=2"
62.3514,9,58,580,-16.9721,0.0500,-2.1194,157.6805,0.9800,0.0000,-12.3000,0.0000,-13.5000,12.3024,7,"","","7.500:0.050:16.744|-4.184:0.050:0.659|11.595:0.050:-16.950|4.225:0.050:10.591|8.404:0.050:4.404","0.000:0.000:0.000|-0.001:0.000:-0.800|-0.800:0.000:-0.002|-0.001:0.000:-0.656|-0.001:0.000:0.800","-11.308:0.050:8.170|20.155:0.050:5.676","0.000:0.000:0.000|-0.015:0.000:-1.300",False,False,Moving,60.00,40.00,3.00,MultiAgentTraffic,"P1:True|P2:True|P3:True|D1:True|D2:True|D3:True","H1:H1 rack picking and carton handoff:Transport to work bay:load=True:handoffs=0|H2:H2 cross-aisle carton transfer:Return for next assignment:load=False:handoffs=1|H3:H3 station scan and dispatch verification:Transport to work bay:load=False:handoffs=0|H4:H4 trolley supply transfer:Transport to work bay:load=True:handoffs=1|H5:H5 rack inspection and replenishment:Return for next assignment:load=False:handoffs=1|F1:F1 inbound pallet replenishment:Transport to work bay:load=True:handoffs=0|F2:F2 outbound pallet dispatch:Return for next assignment:load=False:handoffs=2"
62.4531,9,58,581,-16.9257,0.0500,-2.2323,157.6805,0.9454,0.0000,-12.3000,0.0000,-13.5000,12.1803,7,"","","7.500:0.050:16.744|-4.184:0.050:0.578|11.514:0.050:-16.951|4.224:0.050:10.524|8.404:0.050:4.485","0.000:0.000:0.000|-0.001:0.000:-0.800|-0.800:0.000:-0.002|-0.001:0.000:-0.656|-0.001:0.000:0.800","-11.308:0.050:8.170|20.154:0.050:5.544","0.000:0.000:0.000|-0.015:0.000:-1.300",False,False,Moving,60.00,40.00,3.00,MultiAgentTraffic,"P1:True|P2:True|P3:True|D1:True|D2:True|D3:True","H1:H1 rack picking and carton handoff:Transport to work bay:load=True:handoffs=0|H2:H2 cross-aisle carton transfer:Return for next assignment:load=False:handoffs=1|H3:H3 station scan and dispatch verification:Transport to work bay:load=False:handoffs=0|H4:H4 trolley supply transfer:Transport to work bay:load=True:handoffs=1|H5:H5 rack inspection and replenishment:Return for next assignment:load=False:handoffs=1|F1:F1 inbound pallet replenishment:Transport to work bay:load=True:handoffs=0|F2:F2 outbound pallet dispatch:Return for next assignment:load=False:handoffs=2"
62.5703,9,58,582,-16.8723,0.0500,-2.3623,157.6805,1.1139,0.0000,-12.3000,0.0000,-13.5000,12.0398,7,"","","7.500:0.050:16.744|-4.184:0.050:0.484|11.420:0.050:-16.951|4.224:0.050:10.447|8.404:0.050:4.579","0.000:0.000:0.000|-0.001:0.000:-0.800|-0.800:0.000:-0.002|-0.001:0.000:-0.656|-0.001:0.000:0.800","-11.308:0.050:8.170|20.152:0.050:5.392","0.000:0.000:0.000|-0.015:0.000:-1.300",False,False,Moving,60.00,40.00,3.00,MultiAgentTraffic,"P1:True|P2:True|P3:True|D1:True|D2:True|D3:True","H1:H1 rack picking and carton handoff:Transport to work bay:load=True:handoffs=0|H2:H2 cross-aisle carton transfer:Return for next assignment:load=False:handoffs=1|H3:H3 station scan and dispatch verification:Transport to work bay:load=False:handoffs=0|H4:H4 trolley supply transfer:Transport to work bay:load=True:handoffs=1|H5:H5 rack inspection and replenishment:Return for next assignment:load=False:handoffs=1|F1:F1 inbound pallet replenishment:Transport to work bay:load=True:handoffs=0|F2:F2 outbound pallet dispatch:Return for next assignment:load=False:handoffs=2"
62.6835,9,58,583,-16.8207,0.0500,-2.4880,157.6805,0.9196,0.0000,-12.3000,0.0000,-13.5000,11.9039,7,"","","7.500:0.050:16.744|-4.184:0.050:0.394|11.384:0.050:-16.951|4.224:0.050:10.373|8.404:0.050:4.669","0.000:0.000:0.000|-0.001:0.000:-0.800|0.000:0.000:0.000|-0.001:0.000:-0.656|-0.001:0.000:0.800","-11.308:0.050:8.170|20.150:0.050:5.245","0.000:0.000:0.000|-0.015:0.000:-1.300",False,False,Moving,60.00,40.00,3.00,MultiAgentTraffic,"P1:True|P2:True|P3:True|D1:True|D2:True|D3:True","H1:H1 rack picking and carton handoff:Transport to work bay:load=True:handoffs=0|H2:H2 cross-aisle carton transfer:Return for next assignment:load=False:handoffs=1|H3:H3 station scan and dispatch verification:Transport to work bay:load=False:handoffs=0|H4:H4 trolley supply transfer:Transport to work bay:load=True:handoffs=1|H5:H5 rack inspection and replenishment:Return for next assignment:load=False:handoffs=1|F1:F1 inbound pallet replenishment:Transport to work bay:load=True:handoffs=0|F2:F2 outbound pallet dispatch:Return for next assignment:load=False:handoffs=2"
62.7964,9,58,584,-16.7693,0.0500,-2.6134,157.6805,1.8127,0.0000,-12.3000,0.0000,-13.5000,11.7684,7,"","","7.500:0.050:16.744|-4.184:0.050:0.303|11.384:0.050:-16.951|4.224:0.050:10.299|8.404:0.050:4.760","0.000:0.000:0.000|-0.001:0.000:-0.800|0.000:0.000:0.000|-0.001:0.000:-0.656|-0.001:0.000:0.800","-11.308:0.050:8.170|20.149:0.050:5.098","0.000:0.000:0.000|-0.015:0.000:-1.300",False,False,Moving,60.00,40.00,3.00,MultiAgentTraffic,"P1:True|P2:True|P3:True|D1:True|D2:True|D3:True","H1:H1 rack picking and carton handoff:Transport to work bay:load=True:handoffs=0|H2:H2 cross-aisle carton transfer:Return for next assignment:load=False:handoffs=1|H3:H3 station scan and dispatch verification:Transport to work bay:load=False:handoffs=0|H4:H4 trolley supply transfer:Transport to work bay:load=True:handoffs=1|H5:H5 rack inspection and replenishment:Return for next assignment:load=False:handoffs=1|F1:F1 inbound pallet replenishment:Transport to work bay:load=True:handoffs=0|F2:F2 outbound pallet dispatch:Return for next assignment:load=False:handoffs=2"
62.8971,9,58,585,-16.7234,0.0500,-2.7252,157.6805,1.0258,0.0000,-12.3000,0.0000,-13.5000,11.6476,7,"","","7.500:0.050:16.744|-4.184:0.050:0.223|11.384:0.050:-16.951|4.224:0.050:10.233|8.404:0.050:4.840","0.000:0.000:0.000|-0.001:0.000:-0.800|0.000:0.000:0.000|-0.001:0.000:-0.656|-0.001:0.000:0.800","-11.308:0.050:8.170|20.147:0.050:4.967","0.000:0.000:0.000|-0.015:0.000:-1.300",False,False,Moving,60.00,40.00,3.00,MultiAgentTraffic,"P1:True|P2:True|P3:True|D1:True|D2:True|D3:True","H1:H1 rack picking and carton handoff:Transport to work bay:load=True:handoffs=0|H2:H2 cross-aisle carton transfer:Return for next assignment:load=False:handoffs=1|H3:H3 station scan and dispatch verification:Transport to work bay:load=False:handoffs=0|H4:H4 trolley supply transfer:Transport to work bay:load=True:handoffs=1|H5:H5 rack inspection and replenishment:Return for next assignment:load=False:handoffs=1|F1:F1 inbound pallet replenishment:Transport to work bay:load=True:handoffs=0|F2:F2 outbound pallet dispatch:Return for next assignment:load=False:handoffs=2"
63.0037,9,58,586,-16.6748,0.0500,-2.8435,157.6805,0.9116,0.0000,-12.3000,0.0000,-13.5000,11.5196,7,"","","7.500:0.050:16.744|-4.184:0.050:0.137|11.384:0.050:-16.951|4.224:0.050:10.163|8.404:0.050:4.926","0.000:0.000:0.000|-0.001:0.000:-0.800|0.000:0.000:0.000|-0.001:0.000:-0.656|-0.001:0.000:0.800","-11.308:0.050:8.170|20.146:0.050:4.828","0.000:0.000:0.000|-0.015:0.000:-1.300",False,False,Moving,60.00,40.00,3.00,MultiAgentTraffic,"P1:True|P2:True|P3:True|D1:True|D2:True|D3:True","H1:H1 rack picking and carton handoff:Transport to work bay:load=True:handoffs=0|H2:H2 cross-aisle carton transfer:Return for next assignment:load=False:handoffs=1|H3:H3 station scan and dispatch verification:Transport to work bay:load=False:handoffs=0|H4:H4 trolley supply transfer:Transport to work bay:load=True:handoffs=1|H5:H5 rack inspection and replenishment:Return for next assignment:load=False:handoffs=1|F1:F1 inbound pallet replenishment:Transport to work bay:load=True:handoffs=0|F2:F2 outbound pallet dispatch:Return for next assignment:load=False:handoffs=2"
63.1175,9,58,587,-16.6229,0.0500,-2.9698,157.6805,1.8120,0.0000,-12.3000,0.0000,-13.5000,11.3831,7,"","","7.500:0.050:16.744|-4.184:0.050:0.046|11.384:0.050:-16.951|4.224:0.050:10.088|8.404:0.050:5.017","0.000:0.000:0.000|-0.001:0.000:-0.800|0.000:0.000:0.000|-0.001:0.000:-0.656|-0.001:0.000:0.800","-11.308:0.050:8.170|20.144:0.050:4.681","0.000:0.000:0.000|-0.015:0.000:-1.300",False,False,Moving,60.00,40.00,3.00,MultiAgentTraffic,"P1:True|P2:True|P3:True|D1:True|D2:True|D3:True","H1:H1 rack picking and carton handoff:Transport to work bay:load=True:handoffs=0|H2:H2 cross-aisle carton transfer:Return for next assignment:load=False:handoffs=1|H3:H3 station scan and dispatch verification:Transport to work bay:load=False:handoffs=0|H4:H4 trolley supply transfer:Transport to work bay:load=True:handoffs=1|H5:H5 rack inspection and replenishment:Return for next assignment:load=False:handoffs=1|F1:F1 inbound pallet replenishment:Transport to work bay:load=True:handoffs=0|F2:F2 outbound pallet dispatch:Return for next assignment:load=False:handoffs=2"
63.2316,9,58,588,-16.5709,0.0500,-3.0965,157.6805,0.8949,0.0000,-12.3000,0.0000,-13.5000,11.2462,7,"","","7.500:0.050:16.744|-4.185:0.050:-0.045|11.384:0.050:-16.951|4.224:0.050:10.013|8.403:0.050:5.108","0.000:0.000:0.000|-0.001:0.000:-0.800|0.000:0.000:0.000|-0.001:0.000:-0.656|-0.001:0.000:0.800","-11.308:0.050:8.170|20.142:0.050:4.532","0.000:0.000:0.000|-0.015:0.000:-1.300",False,False,Moving,60.00,40.00,3.00,MultiAgentTraffic,"P1:True|P2:True|P3:True|D1:True|D2:True|D3:True","H1:H1 rack picking and carton handoff:Transport to work bay:load=True:handoffs=0|H2:H2 cross-aisle carton transfer:Return for next assignment:load=False:handoffs=1|H3:H3 station scan and dispatch verification:Transport to work bay:load=False:handoffs=0|H4:H4 trolley supply transfer:Transport to work bay:load=True:handoffs=1|H5:H5 rack inspection and replenishment:Return for next assignment:load=False:handoffs=1|F1:F1 inbound pallet replenishment:Transport to work bay:load=True:handoffs=0|F2:F2 outbound pallet dispatch:Return for next assignment:load=False:handoffs=2"
63.3468,9,58,589,-16.5184,0.0500,-3.2244,157.6805,1.0372,0.0000,-12.3000,0.0000,-13.5000,11.1079,7,"","","7.500:0.050:16.744|-4.185:0.050:-0.137|11.384:0.050:-16.951|4.224:0.050:9.938|8.403:0.050:5.200","0.000:0.000:0.000|-0.001:0.000:-0.800|0.000:0.000:0.000|-0.001:0.000:-0.656|-0.001:0.000:0.800","-11.308:0.050:8.170|20.141:0.050:4.382","0.000:0.000:0.000|-0.015:0.000:-1.300",False,False,Moving,60.00,40.00,3.00,MultiAgentTraffic,"P1:True|P2:True|P3:True|D1:True|D2:True|D3:True","H1:H1 rack picking and carton handoff:Transport to work bay:load=True:handoffs=0|H2:H2 cross-aisle carton transfer:Return for next assignment:load=False:handoffs=1|H3:H3 station scan and dispatch verification:Transport to work bay:load=False:handoffs=0|H4:H4 trolley supply transfer:Transport to work bay:load=True:handoffs=1|H5:H5 rack inspection and replenishment:Return for next assignment:load=False:handoffs=1|F1:F1 inbound pallet replenishment:Transport to work bay:load=True:handoffs=0|F2:F2 outbound pallet dispatch:Return for next assignment:load=False:handoffs=2"
63.4484,9,58,590,-16.4721,0.0500,-3.3372,157.6805,0.9717,0.0000,-12.3000,0.0000,-13.5000,10.9860,7,"","","7.500:0.050:16.744|-4.185:0.050:-0.218|11.384:0.050:-16.951|4.223:0.050:9.871|8.403:0.050:5.281","0.000:0.000:0.000|-0.001:0.000:-0.800|0.000:0.000:0.000|-0.001:0.000:-0.656|-0.001:0.000:0.800","-11.308:0.050:8.170|20.139:0.050:4.250","0.000:0.000:0.000|-0.015:0.000:-1.300",False,False,Moving,60.00,40.00,3.00,MultiAgentTraffic,"P1:True|P2:True|P3:True|D1:True|D2:True|D3:True","H1:H1 rack picking and carton handoff:Transport to work bay:load=True:handoffs=0|H2:H2 cross-aisle carton transfer:Return for next assignment:load=False:handoffs=1|H3:H3 station scan and dispatch verification:Transport to work bay:load=False:handoffs=0|H4:H4 trolley supply transfer:Transport to work bay:load=True:handoffs=1|H5:H5 rack inspection and replenishment:Return for next assignment:load=False:handoffs=1|F1:F1 inbound pallet replenishment:Transport to work bay:load=True:handoffs=0|F2:F2 outbound pallet dispatch:Return for next assignment:load=False:handoffs=2"
63.5623,9,58,591,-16.4202,0.0500,-3.4635,157.6805,0.9669,0.0000,-12.3000,0.0000,-13.5000,10.8494,7,"","","7.500:0.050:16.744|-4.185:0.050:-0.309|11.384:0.050:-16.951|4.223:0.050:9.796|8.403:0.050:5.372","0.000:0.000:0.000|-0.001:0.000:-0.800|0.000:0.000:0.000|-0.001:0.000:-0.656|-0.001:0.000:0.800","-11.308:0.050:8.170|20.138:0.050:4.102","0.000:0.000:0.000|-0.015:0.000:-1.300",False,False,Moving,60.00,40.00,3.00,MultiAgentTraffic,"P1:True|P2:True|P3:True|D1:True|D2:True|D3:True","H1:H1 rack picking and carton handoff:Transport to work bay:load=True:handoffs=0|H2:H2 cross-aisle carton transfer:Return for next assignment:load=False:handoffs=1|H3:H3 station scan and dispatch verification:Transport to work bay:load=False:handoffs=0|H4:H4 trolley supply transfer:Transport to work bay:load=True:handoffs=1|H5:H5 rack inspection and replenishment:Return for next assignment:load=False:handoffs=1|F1:F1 inbound pallet replenishment:Transport to work bay:load=True:handoffs=0|F2:F2 outbound pallet dispatch:Return for next assignment:load=False:handoffs=2"
63.6669,9,58,592,-16.3725,0.0500,-3.5797,157.6805,0.0000,0.0000,-12.3000,0.0000,-13.5000,10.7238,7,"","","7.500:0.050:16.744|-4.185:0.050:-0.393|11.384:0.050:-16.951|4.223:0.050:9.728|8.403:0.050:5.456","0.000:0.000:0.000|-0.001:0.000:-0.800|0.000:0.000:0.000|-0.001:0.000:-0.656|-0.001:0.000:0.800","-11.308:0.050:8.170|20.136:0.050:3.966","0.000:0.000:0.000|-0.015:0.000:-1.300",False,False,Moving,60.00,40.00,3.00,MultiAgentTraffic,"P1:True|P2:True|P3:True|D1:True|D2:True|D3:True","H1:H1 rack picking and carton handoff:Transport to work bay:load=True:handoffs=0|H2:H2 cross-aisle carton transfer:Return for next assignment:load=False:handoffs=1|H3:H3 station scan and dispatch verification:Transport to work bay:load=False:handoffs=0|H4:H4 trolley supply transfer:Transport to work bay:load=True:handoffs=1|H5:H5 rack inspection and replenishment:Return for next assignment:load=False:handoffs=1|F1:F1 inbound pallet replenishment:Transport to work bay:load=True:handoffs=0|F2:F2 outbound pallet dispatch:Return for next assignment:load=False:handoffs=2"
63.7799,9,58,593,-16.3211,0.0500,-3.7052,157.6805,0.9550,0.0000,-12.3000,0.0000,-13.5000,10.5882,7,"","","7.500:0.050:16.744|-4.185:0.050:-0.484|11.384:0.050:-16.951|4.223:0.050:9.653|8.403:0.050:5.547","0.000:0.000:0.000|-0.001:0.000:-0.800|0.000:0.000:0.000|-0.001:0.000:-0.656|-0.001:0.000:0.800","-11.308:0.050:8.170|20.134:0.050:3.819","0.000:0.000:0.000|-0.015:0.000:-1.300",False,False,Moving,60.00,40.00,3.00,MultiAgentTraffic,"P1:True|P2:True|P3:True|D1:True|D2:True|D3:True","H1:H1 rack picking and carton handoff:Transport to work bay:load=True:handoffs=0|H2:H2 cross-aisle carton transfer:Return for next assignment:load=False:handoffs=1|H3:H3 station scan and dispatch verification:Transport to work bay:load=False:handoffs=0|H4:H4 trolley supply transfer:Transport to work bay:load=True:handoffs=1|H5:H5 rack inspection and replenishment:Return for next assignment:load=False:handoffs=1|F1:F1 inbound pallet replenishment:Transport to work bay:load=True:handoffs=0|F2:F2 outbound pallet dispatch:Return for next assignment:load=False:handoffs=2"
63.8880,9,58,594,-16.2718,0.0500,-3.8252,157.6805,1.0047,0.0000,-12.3000,0.0000,-13.5000,10.4585,7,"","","7.500:0.050:16.744|-4.185:0.050:-0.570|11.384:0.050:-16.951|4.223:0.050:9.582|8.403:0.050:5.633","0.000:0.000:0.000|-0.001:0.000:-0.800|0.000:0.000:0.000|-0.001:0.000:-0.656|-0.001:0.000:0.800","-11.308:0.050:8.170|20.133:0.050:3.679","0.000:0.000:0.000|-0.015:0.000:-1.300",False,False,Moving,60.00,40.00,3.00,MultiAgentTraffic,"P1:True|P2:True|P3:True|D1:True|D2:True|D3:True","H1:H1 rack picking and carton handoff:Transport to work bay:load=True:handoffs=0|H2:H2 cross-aisle carton transfer:Return for next assignment:load=False:handoffs=1|H3:H3 station scan and dispatch verification:Transport to work bay:load=False:handoffs=0|H4:H4 trolley supply transfer:Transport to work bay:load=True:handoffs=1|H5:H5 rack inspection and replenishment:Return for next assignment:load=False:handoffs=1|F1:F1 inbound pallet replenishment:Transport to work bay:load=True:handoffs=0|F2:F2 outbound pallet dispatch:Return for next assignment:load=False:handoffs=2"
63.9984,9,58,595,-16.2215,0.0500,-3.9477,157.6805,0.9121,0.0000,-12.3000,0.0000,-13.5000,10.3261,7,"","","7.500:0.050:16.744|-4.185:0.050:-0.658|11.384:0.050:-16.951|4.223:0.050:9.510|8.403:0.050:5.721","0.000:0.000:0.000|-0.001:0.000:-0.800|0.000:0.000:0.000|-0.001:0.000:-0.656|-0.001:0.000:0.800","-11.308:0.050:8.170|20.131:0.050:3.535","0.000:0.000:0.000|-0.015:0.000:-1.300",False,False,Moving,60.00,40.00,3.00,MultiAgentTraffic,"P1:True|P2:True|P3:True|D1:True|D2:True|D3:True","H1:H1 rack picking and carton handoff:Transport to work bay:load=True:handoffs=0|H2:H2 cross-aisle carton transfer:Return for next assignment:load=False:handoffs=1|H3:H3 station scan and dispatch verification:Transport to work bay:load=False:handoffs=0|H4:H4 trolley supply transfer:Transport to work bay:load=True:handoffs=1|H5:H5 rack inspection and replenishment:Return for next assignment:load=False:handoffs=1|F1:F1 inbound pallet replenishment:Transport to work bay:load=True:handoffs=0|F2:F2 outbound pallet dispatch:Return for next assignment:load=False:handoffs=2"
64.1098,9,58,596,-16.1707,0.0500,-4.0714,157.6805,0.8429,0.0000,-12.3000,0.0000,-13.5000,10.1923,7,"","","7.500:0.050:16.744|-4.185:0.050:-0.747|11.384:0.050:-16.951|4.223:0.050:9.437|8.403:0.050:5.810","0.000:0.000:0.000|-0.001:0.000:-0.800|0.000:0.000:0.000|-0.001:0.000:-0.656|-0.001:0.000:0.800","-11.308:0.050:8.170|20.129:0.050:3.391","0.000:0.000:0.000|-0.015:0.000:-1.300",False,False,Moving,60.00,40.00,3.00,MultiAgentTraffic,"P1:True|P2:True|P3:True|D1:True|D2:True|D3:True","H1:H1 rack picking and carton handoff:Transport to work bay:load=True:handoffs=0|H2:H2 cross-aisle carton transfer:Return for next assignment:load=False:handoffs=1|H3:H3 station scan and dispatch verification:Transport to work bay:load=False:handoffs=0|H4:H4 trolley supply transfer:Transport to work bay:load=True:handoffs=1|H5:H5 rack inspection and replenishment:Return for next assignment:load=False:handoffs=1|F1:F1 inbound pallet replenishment:Transport to work bay:load=True:handoffs=0|F2:F2 outbound pallet dispatch:Return for next assignment:load=False:handoffs=2"
64.2173,9,58,597,-16.1217,0.0500,-4.1907,157.6805,1.7282,0.0000,-12.3000,0.0000,-13.5000,10.0633,7,"","","7.500:0.050:16.744|-4.186:0.050:-0.833|11.384:0.050:-16.951|4.223:0.050:9.366|8.403:0.050:5.896","0.000:0.000:0.000|-0.001:0.000:-0.800|0.000:0.000:0.000|-0.001:0.000:-0.656|-0.001:0.000:0.800","-11.308:0.050:8.170|20.128:0.050:3.251","0.000:0.000:0.000|-0.015:0.000:-1.300",False,False,Moving,60.00,40.00,3.00,MultiAgentTraffic,"P1:True|P2:True|P3:True|D1:True|D2:True|D3:True","H1:H1 rack picking and carton handoff:Transport to work bay:load=True:handoffs=0|H2:H2 cross-aisle carton transfer:Return for next assignment:load=False:handoffs=1|H3:H3 station scan and dispatch verification:Transport to work bay:load=False:handoffs=0|H4:H4 trolley supply transfer:Transport to work bay:load=True:handoffs=1|H5:H5 rack inspection and replenishment:Return for next assignment:load=False:handoffs=1|F1:F1 inbound pallet replenishment:Transport to work bay:load=True:handoffs=0|F2:F2 outbound pallet dispatch:Return for next assignment:load=False:handoffs=2"
64.3251,9,58,598,-16.0726,0.0500,-4.3104,157.6805,0.8543,0.0000,-12.3000,0.0000,-13.5000,9.9339,7,"","","7.500:0.050:16.744|-4.186:0.050:-0.920|11.384:0.050:-16.951|4.222:0.050:9.296|8.403:0.050:5.983","0.000:0.000:0.000|-0.001:0.000:-0.800|0.000:0.000:0.000|-0.001:0.000:-0.656|-0.001:0.000:0.800","-11.308:0.050:8.170|20.126:0.050:3.111","0.000:0.000:0.000|-0.015:0.000:-1.300",False,False,Moving,60.00,40.00,3.00,MultiAgentTraffic,"P1:True|P2:True|P3:True|D1:True|D2:True|D3:True","H1:H1 rack picking and carton handoff:Transport to work bay:load=True:handoffs=0|H2:H2 cross-aisle carton transfer:Return for next assignment:load=False:handoffs=1|H3:H3 station scan and dispatch verification:Transport to work bay:load=False:handoffs=0|H4:H4 trolley supply transfer:Transport to work bay:load=True:handoffs=1|H5:H5 rack inspection and replenishment:Return for next assignment:load=False:handoffs=1|F1:F1 inbound pallet replenishment:Transport to work bay:load=True:handoffs=0|F2:F2 outbound pallet dispatch:Return for next assignment:load=False:handoffs=2"
64.4296,9,58,599,-16.0250,0.0500,-4.4264,157.6805,0.8710,0.0000,-12.3000,0.0000,-13.5000,9.8086,7,"","","7.500:0.050:16.744|-4.186:0.050:-1.003|11.384:0.050:-16.951|4.222:0.050:9.227|8.403:0.050:6.066","0.000:0.000:0.000|-0.001:0.000:-0.800|0.000:0.000:0.000|-0.001:0.000:-0.656|-0.001:0.000:0.800","-11.308:0.050:8.170|20.125:0.050:2.975","0.000:0.000:0.000|-0.015:0.000:-1.300",False,False,Moving,60.00,40.00,3.00,MultiAgentTraffic,"P1:True|P2:True|P3:True|D1:True|D2:True|D3:True","H1:H1 rack picking and carton handoff:Transport to work bay:load=True:handoffs=0|H2:H2 cross-aisle carton transfer:Return for next assignment:load=False:handoffs=1|H3:H3 station scan and dispatch verification:Transport to work bay:load=False:handoffs=0|H4:H4 trolley supply transfer:Transport to work bay:load=True:handoffs=1|H5:H5 rack inspection and replenishment:Return for next assignment:load=False:handoffs=1|F1:F1 inbound pallet replenishment:Transport to work bay:load=True:handoffs=0|F2:F2 outbound pallet dispatch:Return for next assignment:load=False:handoffs=2"
64.5445,9,58,600,-15.9726,0.0500,-4.5540,157.6805,1.0240,0.0000,-12.3000,0.0000,-13.5000,9.6706,7,"","","7.500:0.050:16.744|-4.186:0.050:-1.095|11.384:0.050:-16.951|4.222:0.050:9.152|8.403:0.050:6.158","0.000:0.000:0.000|-0.001:0.000:-0.800|0.000:0.000:0.000|-0.001:0.000:-0.656|-0.001:0.000:0.800","-11.308:0.050:8.170|20.123:0.050:2.825","0.000:0.000:0.000|-0.015:0.000:-1.300",False,False,Moving,60.00,40.00,3.00,MultiAgentTraffic,"P1:True|P2:True|P3:True|D1:True|D2:True|D3:True","H1:H1 rack picking and carton handoff:Transport to work bay:load=True:handoffs=0|H2:H2 cross-aisle carton transfer:Return for next assignment:load=False:handoffs=1|H3:H3 station scan and dispatch verification:Transport to work bay:load=False:handoffs=0|H4:H4 trolley supply transfer:Transport to work bay:load=True:handoffs=1|H5:H5 rack inspection and replenishment:Return for next assignment:load=False:handoffs=1|F1:F1 inbound pallet replenishment:Transport to work bay:load=True:handoffs=0|F2:F2 outbound pallet dispatch:Return for next assignment:load=False:handoffs=2"
64.6477,9,58,601,-15.9256,0.0500,-4.6685,157.6805,0.8517,0.0000,-12.3000,0.0000,-13.5000,9.5468,7,"","","7.500:0.050:16.744|-4.186:0.050:-1.178|11.384:0.050:-16.951|4.222:0.050:9.084|8.403:0.050:6.241","0.000:0.000:0.000|-0.001:0.000:-0.800|0.000:0.000:0.000|-0.001:0.000:-0.656|-0.001:0.000:0.800","-11.308:0.050:8.170|20.121:0.050:2.691","0.000:0.000:0.000|-0.015:0.000:-1.300",False,False,Moving,60.00,40.00,3.00,MultiAgentTraffic,"P1:True|P2:True|P3:True|D1:True|D2:True|D3:True","H1:H1 rack picking and carton handoff:Transport to work bay:load=True:handoffs=0|H2:H2 cross-aisle carton transfer:Return for next assignment:load=False:handoffs=1|H3:H3 station scan and dispatch verification:Transport to work bay:load=False:handoffs=0|H4:H4 trolley supply transfer:Transport to work bay:load=True:handoffs=1|H5:H5 rack inspection and replenishment:Return for next assignment:load=False:handoffs=1|F1:F1 inbound pallet replenishment:Transport to work bay:load=True:handoffs=0|F2:F2 outbound pallet dispatch:Return for next assignment:load=False:handoffs=2"
64.7485,9,58,602,-15.8796,0.0500,-4.7804,157.6805,0.8879,0.0000,-12.3000,0.0000,-13.5000,9.4259,7,"","","7.500:0.050:16.744|-4.186:0.050:-1.258|11.384:0.050:-16.951|4.222:0.050:9.018|8.403:0.050:6.321","0.000:0.000:0.000|-0.001:0.000:-0.800|0.000:0.000:0.000|-0.001:0.000:-0.656|-0.001:0.000:0.800","-11.308:0.050:8.170|20.120:0.050:2.560","0.000:0.000:0.000|-0.015:0.000:-1.300",False,False,Moving,60.00,40.00,3.00,MultiAgentTraffic,"P1:True|P2:True|P3:True|D1:True|D2:True|D3:True","H1:H1 rack picking and carton handoff:Transport to work bay:load=True:handoffs=0|H2:H2 cross-aisle carton transfer:Return for next assignment:load=False:handoffs=1|H3:H3 station scan and dispatch verification:Transport to work bay:load=False:handoffs=0|H4:H4 trolley supply transfer:Transport to work bay:load=True:handoffs=1|H5:H5 rack inspection and replenishment:Return for next assignment:load=False:handoffs=1|F1:F1 inbound pallet replenishment:Transport to work bay:load=True:handoffs=0|F2:F2 outbound pallet dispatch:Return for next assignment:load=False:handoffs=2"
64.8513,9,58,603,-15.8328,0.0500,-4.8945,157.6805,0.8863,0.0000,-12.3000,0.0000,-13.5000,9.3025,7,"","","7.500:0.050:16.744|-4.186:0.050:-1.341|11.384:0.050:-16.951|4.222:0.050:8.951|8.403:0.050:6.404","0.000:0.000:0.000|-0.001:0.000:-0.800|0.000:0.000:0.000|-0.001:0.000:-0.656|-0.001:0.000:0.800","-11.308:0.050:8.170|20.118:0.050:2.427","0.000:0.000:0.000|-0.015:0.000:-1.300",False,False,Moving,60.00,40.00,3.00,MultiAgentTraffic,"P1:True|P2:True|P3:True|D1:True|D2:True|D3:True","H1:H1 rack picking and carton handoff:Transport to work bay:load=True:handoffs=0|H2:H2 cross-aisle carton transfer:Return for next assignment:load=False:handoffs=1|H3:H3 station scan and dispatch verification:Transport to work bay:load=False:handoffs=0|H4:H4 trolley supply transfer:Transport to work bay:load=True:handoffs=1|H5:H5 rack inspection and replenishment:Return for next assignment:load=False:handoffs=1|F1:F1 inbound pallet replenishment:Transport to work bay:load=True:handoffs=0|F2:F2 outbound pallet dispatch:Return for next assignment:load=False:handoffs=2"
64.9620,9,58,604,-15.7823,0.0500,-5.0174,157.6805,0.8998,0.0000,-12.3000,0.0000,-13.5000,9.1697,7,"","","7.500:0.050:16.744|-4.186:0.050:-1.429|11.384:0.050:-16.951|4.222:0.050:8.878|8.402:0.050:6.492","0.000:0.000:0.000|-0.001:0.000:-0.800|0.000:0.000:0.000|-0.001:0.000:-0.656|-0.001:0.000:0.800","-11.308:0.050:8.170|20.117:0.050:2.283","0.000:0.000:0.000|-0.015:0.000:-1.300",False,False,Moving,60.00,40.00,3.00,MultiAgentTraffic,"P1:True|P2:True|P3:True|D1:True|D2:True|D3:True","H1:H1 rack picking and carton handoff:Transport to work bay:load=True:handoffs=0|H2:H2 cross-aisle carton transfer:Return for next assignment:load=False:handoffs=1|H3:H3 station scan and dispatch verification:Transport to work bay:load=False:handoffs=0|H4:H4 trolley supply transfer:Transport to work bay:load=True:handoffs=1|H5:H5 rack inspection and replenishment:Return for next assignment:load=False:handoffs=1|F1:F1 inbound pallet replenishment:Transport to work bay:load=True:handoffs=0|F2:F2 outbound pallet dispatch:Return for next assignment:load=False:handoffs=2"
65.0726,9,58,605,-15.7319,0.0500,-5.1402,157.6805,1.7927,0.0000,-12.3000,0.0000,-13.5000,9.0370,7,"","","7.500:0.050:16.744|-4.186:0.050:-1.518|11.384:0.050:-16.951|4.222:0.050:8.805|8.402:0.050:6.581","0.000:0.000:0.000|-0.001:0.000:-0.800|0.000:0.000:0.000|-0.001:0.000:-0.656|-0.001:0.000:0.800","-11.308:0.050:8.170|20.115:0.050:2.139","0.000:0.000:0.000|-0.015:0.000:-1.300",False,False,Moving,60.00,40.00,3.00,MultiAgentTraffic,"P1:True|P2:True|P3:True|D1:True|D2:True|D3:True","H1:H1 rack picking and carton handoff:Transport to work bay:load=True:handoffs=0|H2:H2 cross-aisle carton transfer:Return for next assignment:load=False:handoffs=1|H3:H3 station scan and dispatch verification:Transport to work bay:load=False:handoffs=0|H4:H4 trolley supply transfer:Transport to work bay:load=True:handoffs=1|H5:H5 rack inspection and replenishment:Return for next assignment:load=False:handoffs=1|F1:F1 inbound pallet replenishment:Transport to work bay:load=True:handoffs=0|F2:F2 outbound pallet dispatch:Return for next assignment:load=False:handoffs=2"
65.1881,9,58,606,-15.6793,0.0500,-5.2683,157.6805,0.9010,0.0000,-12.3000,0.0000,-13.5000,8.8985,7,"","","7.500:0.050:16.744|-4.186:0.050:-1.610|11.384:0.050:-16.951|4.222:0.050:8.730|8.402:0.050:6.673","0.000:0.000:0.000|-0.001:0.000:-0.800|0.000:0.000:0.000|-0.001:0.000:-0.656|-0.001:0.000:0.800","-11.308:0.050:8.170|20.114:0.050:1.989","0.000:0.000:0.000|-0.015:0.000:-1.300",False,False,Moving,60.00,40.00,3.00,MultiAgentTraffic,"P1:True|P2:True|P3:True|D1:True|D2:True|D3:True","H1:H1 rack picking and carton handoff:Transport to work bay:load=True:handoffs=0|H2:H2 cross-aisle carton transfer:Return for next assignment:load=False:handoffs=1|H3:H3 station scan and dispatch verification:Transport to work bay:load=False:handoffs=0|H4:H4 trolley supply transfer:Transport to work bay:load=True:handoffs=1|H5:H5 rack inspection and replenishment:Return for next assignment:load=False:handoffs=1|F1:F1 inbound pallet replenishment:Transport to work bay:load=True:handoffs=0|F2:F2 outbound pallet dispatch:Return for next assignment:load=False:handoffs=2"
65.2914,9,58,607,-15.6322,0.0500,-5.3831,157.6805,1.6749,0.0000,-12.3000,0.0000,-13.5000,8.7744,7,"","","7.500:0.050:16.744|-4.186:0.050:-1.693|11.384:0.050:-16.951|4.221:0.050:8.662|8.402:0.050:6.756","0.000:0.000:0.000|-0.001:0.000:-0.800|0.000:0.000:0.000|-0.001:0.000:-0.656|-0.001:0.000:0.800","-11.308:0.050:8.170|20.112:0.050:1.855","0.000:0.000:0.000|-0.015:0.000:-1.300",False,False,Moving,60.00,40.00,3.00,MultiAgentTraffic,"P1:True|P2:True|P3:True|D1:True|D2:True|D3:True","H1:H1 rack picking and carton handoff:Transport to work bay:load=True:handoffs=0|H2:H2 cross-aisle carton transfer:Return for next assignment:load=False:handoffs=1|H3:H3 station scan and dispatch verification:Transport to work bay:load=False:handoffs=0|H4:H4 trolley supply transfer:Transport to work bay:load=True:handoffs=1|H5:H5 rack inspection and replenishment:Return for next assignment:load=False:handoffs=1|F1:F1 inbound pallet replenishment:Transport to work bay:load=True:handoffs=0|F2:F2 outbound pallet dispatch:Return for next assignment:load=False:handoffs=2"
65.4043,9,58,608,-15.5808,0.0500,-5.5084,157.6805,0.8862,0.0000,-12.3000,0.0000,-13.5000,8.6390,7,"","","7.500:0.050:16.744|-4.187:0.050:-1.783|11.384:0.050:-16.951|4.221:0.050:8.588|8.402:0.050:6.846","0.000:0.000:0.000|-0.001:0.000:-0.800|0.000:0.000:0.000|-0.001:0.000:-0.656|-0.001:0.000:0.800","-11.308:0.050:8.170|20.110:0.050:1.708","0.000:0.000:0.000|-0.015:0.000:-1.300",False,False,Moving,60.00,40.00,3.00,MultiAgentTraffic,"P1:True|P2:True|P3:True|D1:True|D2:True|D3:True","H1:H1 rack picking and carton handoff:Transport to work bay:load=True:handoffs=0|H2:H2 cross-aisle carton transfer:Return for next assignment:load=False:handoffs=1|H3:H3 station scan and dispatch verification:Transport to work bay:load=False:handoffs=0|H4:H4 trolley supply transfer:Transport to work bay:load=True:handoffs=1|H5:H5 rack inspection and replenishment:Return for next assignment:load=False:handoffs=1|F1:F1 inbound pallet replenishment:Transport to work bay:load=True:handoffs=0|F2:F2 outbound pallet dispatch:Return for next assignment:load=False:handoffs=2"
65.5110,9,58,609,-15.5321,0.0500,-5.6269,157.6805,1.9403,0.0000,-12.3000,0.0000,-13.5000,8.5109,7,"","","7.500:0.050:16.744|-4.187:0.050:-1.868|11.384:0.050:-16.951|4.221:0.050:8.518|8.402:0.050:6.931","0.000:0.000:0.000|-0.001:0.000:-0.800|0.000:0.000:0.000|-0.001:0.000:-0.656|-0.001:0.000:0.800","-11.308:0.050:8.170|20.109:0.050:1.569","0.000:0.000:0.000|-0.015:0.000:-1.300",False,False,Moving,60.00,40.00,3.00,MultiAgentTraffic,"P1:True|P2:True|P3:True|D1:True|D2:True|D3:True","H1:H1 rack picking and carton handoff:Transport to work bay:load=True:handoffs=0|H2:H2 cross-aisle carton transfer:Return for next assignment:load=False:handoffs=1|H3:H3 station scan and dispatch verification:Transport to work bay:load=False:handoffs=0|H4:H4 trolley supply transfer:Transport to work bay:load=True:handoffs=1|H5:H5 rack inspection and replenishment:Return for next assignment:load=False:handoffs=1|F1:F1 inbound pallet replenishment:Transport to work bay:load=True:handoffs=0|F2:F2 outbound pallet dispatch:Return for next assignment:load=False:handoffs=2"
65.6198,9,58,610,-15.4826,0.0500,-5.7476,157.6805,0.9292,0.0000,-12.3000,0.0000,-13.5000,8.3804,7,"","","7.500:0.050:16.744|-4.187:0.050:-1.955|11.384:0.050:-16.951|4.221:0.050:8.446|8.402:0.050:7.018","0.000:0.000:0.000|-0.001:0.000:-0.800|0.000:0.000:0.000|-0.001:0.000:-0.656|-0.001:0.000:0.800","-11.308:0.050:8.170|20.107:0.050:1.428","0.000:0.000:0.000|-0.015:0.000:-1.300",False,False,Moving,60.00,40.00,3.00,MultiAgentTraffic,"P1:True|P2:True|P3:True|D1:True|D2:True|D3:True","H1:H1 rack picking and carton handoff:Transport to work bay:load=True:handoffs=0|H2:H2 cross-aisle carton transfer:Return for next assignment:load=False:handoffs=1|H3:H3 station scan and dispatch verification:Transport to work bay:load=False:handoffs=0|H4:H4 trolley supply transfer:Transport to work bay:load=True:handoffs=1|H5:H5 rack inspection and replenishment:Return for next assignment:load=False:handoffs=1|F1:F1 inbound pallet replenishment:Transport to work bay:load=True:handoffs=0|F2:F2 outbound pallet dispatch:Return for next assignment:load=False:handoffs=2"
65.7385,9,58,611,-15.4285,0.0500,-5.8793,157.6805,0.8687,0.0000,-12.3000,0.0000,-13.5000,8.2380,7,"","","7.500:0.050:16.744|-4.187:0.050:-2.050|11.384:0.050:-16.951|4.221:0.050:8.369|8.402:0.050:7.113","0.000:0.000:0.000|-0.001:0.000:-0.800|0.000:0.000:0.000|-0.001:0.000:-0.656|-0.001:0.000:0.800","-11.308:0.050:8.170|20.105:0.050:1.274","0.000:0.000:0.000|-0.015:0.000:-1.300",False,False,Moving,60.00,40.00,3.00,MultiAgentTraffic,"P1:True|P2:True|P3:True|D1:True|D2:True|D3:True","H1:H1 rack picking and carton handoff:Transport to work bay:load=True:handoffs=0|H2:H2 cross-aisle carton transfer:Return for next assignment:load=False:handoffs=1|H3:H3 station scan and dispatch verification:Transport to work bay:load=False:handoffs=0|H4:H4 trolley supply transfer:Transport to work bay:load=True:handoffs=1|H5:H5 rack inspection and replenishment:Return for next assignment:load=False:handoffs=1|F1:F1 inbound pallet replenishment:Transport to work bay:load=True:handoffs=0|F2:F2 outbound pallet dispatch:Return for next assignment:load=False:handoffs=2"
65.8533,9,58,612,-15.3762,0.0500,-6.0068,157.6805,0.9107,0.0000,-12.3000,0.0000,-13.5000,8.1002,7,"","","7.500:0.050:16.744|-4.187:0.050:-2.142|11.384:0.050:-16.951|4.221:0.050:8.293|8.402:0.050:7.205","0.000:0.000:0.000|-0.001:0.000:-0.800|0.000:0.000:0.000|-0.001:0.000:-0.656|-0.001:0.000:0.800","-11.308:0.050:8.170|20.104:0.050:1.124","0.000:0.000:0.000|-0.015:0.000:-1.300",False,False,Moving,60.00,40.00,3.00,MultiAgentTraffic,"P1:True|P2:True|P3:True|D1:True|D2:True|D3:True","H1:H1 rack picking and carton handoff:Transport to work bay:load=True:handoffs=0|H2:H2 cross-aisle carton transfer:Return for next assignment:load=False:handoffs=1|H3:H3 station scan and dispatch verification:Transport to work bay:load=False:handoffs=0|H4:H4 trolley supply transfer:Transport to work bay:load=True:handoffs=1|H5:H5 rack inspection and replenishment:Return for next assignment:load=False:handoffs=1|F1:F1 inbound pallet replenishment:Transport to work bay:load=True:handoffs=0|F2:F2 outbound pallet dispatch:Return for next assignment:load=False:handoffs=2"
65.9651,9,58,613,-15.3252,0.0500,-6.1309,157.6805,0.8994,0.0000,-12.3000,0.0000,-13.5000,7.9660,7,"","","7.500:0.050:16.744|-4.187:0.050:-2.232|11.384:0.050:-16.951|4.221:0.050:8.220|8.402:0.050:7.295","0.000:0.000:0.000|-0.001:0.000:-0.800|0.000:0.000:0.000|-0.001:0.000:-0.656|-0.001:0.000:0.800","-11.308:0.050:8.170|20.102:0.050:0.979","0.000:0.000:0.000|-0.015:0.000:-1.300",False,False,Moving,60.00,40.00,3.00,MultiAgentTraffic,"P1:True|P2:True|P3:True|D1:True|D2:True|D3:True","H1:H1 rack picking and carton handoff:Transport to work bay:load=True:handoffs=0|H2:H2 cross-aisle carton transfer:Return for next assignment:load=False:handoffs=1|H3:H3 station scan and dispatch verification:Transport to work bay:load=False:handoffs=0|H4:H4 trolley supply transfer:Transport to work bay:load=True:handoffs=1|H5:H5 rack inspection and replenishment:Return for next assignment:load=False:handoffs=1|F1:F1 inbound pallet replenishment:Transport to work bay:load=True:handoffs=0|F2:F2 outbound pallet dispatch:Return for next assignment:load=False:handoffs=2"
66.0789,9,58,614,-15.2734,0.0500,-6.2572,157.6805,0.8878,0.0000,-12.3000,0.0000,-13.5000,7.8295,7,"","","7.500:0.050:16.744|-4.187:0.050:-2.323|11.384:0.050:-16.951|4.221:0.050:8.145|8.402:0.050:7.386","0.000:0.000:0.000|-0.001:0.000:-0.800|0.000:0.000:0.000|-0.001:0.000:-0.656|-0.001:0.000:0.800","-11.308:0.050:8.170|20.100:0.050:0.831","0.000:0.000:0.000|-0.015:0.000:-1.300",False,False,Moving,60.00,40.00,3.00,MultiAgentTraffic,"P1:True|P2:True|P3:True|D1:True|D2:True|D3:True","H1:H1 rack picking and carton handoff:Transport to work bay:load=True:handoffs=0|H2:H2 cross-aisle carton transfer:Return for next assignment:load=False:handoffs=1|H3:H3 station scan and dispatch verification:Transport to work bay:load=False:handoffs=0|H4:H4 trolley supply transfer:Transport to work bay:load=True:handoffs=1|H5:H5 rack inspection and replenishment:Return for next assignment:load=False:handoffs=1|F1:F1 inbound pallet replenishment:Transport to work bay:load=True:handoffs=0|F2:F2 outbound pallet dispatch:Return for next assignment:load=False:handoffs=2"
66.1919,9,58,615,-15.2219,0.0500,-6.3827,157.6805,0.9486,0.0000,-12.3000,0.0000,-13.5000,7.6939,7,"","","7.500:0.050:16.744|-4.187:0.050:-2.413|11.384:0.050:-16.951|4.220:0.050:8.071|8.402:0.050:7.476","0.000:0.000:0.000|-0.001:0.000:-0.800|0.000:0.000:0.000|-0.001:0.000:-0.656|-0.001:0.000:0.800","-11.308:0.050:8.170|20.099:0.050:0.684","0.000:0.000:0.000|-0.015:0.000:-1.300",False,False,Moving,60.00,40.00,3.00,MultiAgentTraffic,"P1:True|P2:True|P3:True|D1:True|D2:True|D3:True","H1:H1 rack picking and carton handoff:Transport to work bay:load=True:handoffs=0|H2:H2 cross-aisle carton transfer:Return for next assignment:load=False:handoffs=1|H3:H3 station scan and dispatch verification:Transport to work bay:load=False:handoffs=0|H4:H4 trolley supply transfer:Transport to work bay:load=True:handoffs=1|H5:H5 rack inspection and replenishment:Return for next assignment:load=False:handoffs=1|F1:F1 inbound pallet replenishment:Transport to work bay:load=True:handoffs=0|F2:F2 outbound pallet dispatch:Return for next assignment:load=False:handoffs=2"
66.3066,9,58,616,-15.1696,0.0500,-6.5100,157.6805,0.9658,0.0000,-12.3000,0.0000,-13.5000,7.5562,7,"","","7.500:0.050:16.744|-4.187:0.050:-2.505|11.384:0.050:-16.951|4.220:0.050:7.996|8.402:0.050:7.568","0.000:0.000:0.000|-0.001:0.000:-0.800|0.000:0.000:0.000|-0.001:0.000:-0.656|-0.001:0.000:0.800","-11.308:0.050:8.170|20.097:0.050:0.535","0.000:0.000:0.000|-0.015:0.000:-1.300",False,False,Moving,60.00,40.00,3.00,MultiAgentTraffic,"P1:True|P2:True|P3:True|D1:True|D2:True|D3:True","H1:H1 rack picking and carton handoff:Transport to work bay:load=True:handoffs=0|H2:H2 cross-aisle carton transfer:Return for next assignment:load=False:handoffs=1|H3:H3 station scan and dispatch verification:Transport to work bay:load=False:handoffs=0|H4:H4 trolley supply transfer:Transport to work bay:load=True:handoffs=1|H5:H5 rack inspection and replenishment:Return for next assignment:load=False:handoffs=1|F1:F1 inbound pallet replenishment:Transport to work bay:load=True:handoffs=0|F2:F2 outbound pallet dispatch:Return for next assignment:load=False:handoffs=2"
66.4204,9,58,617,-15.1177,0.0500,-6.6364,157.6805,0.9143,0.0000,-12.3000,0.0000,-13.5000,7.4197,7,"","","7.500:0.050:16.744|-4.188:0.050:-2.596|11.384:0.050:-16.951|4.220:0.050:7.921|8.402:0.050:7.659","0.000:0.000:0.000|-0.001:0.000:-0.800|0.000:0.000:0.000|-0.001:0.000:-0.656|-0.001:0.000:0.800","-11.308:0.050:8.170|20.095:0.050:0.387","0.000:0.000:0.000|-0.015:0.000:-1.300",False,False,Moving,60.00,40.00,3.00,MultiAgentTraffic,"P1:True|P2:True|P3:True|D1:True|D2:True|D3:True","H1:H1 rack picking and carton handoff:Transport to work bay:load=True:handoffs=0|H2:H2 cross-aisle carton transfer:Return for next assignment:load=False:handoffs=1|H3:H3 station scan and dispatch verification:Transport to work bay:load=False:handoffs=0|H4:H4 trolley supply transfer:Transport to work bay:load=True:handoffs=1|H5:H5 rack inspection and replenishment:Return for next assignment:load=False:handoffs=1|F1:F1 inbound pallet replenishment:Transport to work bay:load=True:handoffs=0|F2:F2 outbound pallet dispatch:Return for next assignment:load=False:handoffs=2"
66.5366,9,58,618,-15.0648,0.0500,-6.7653,157.6805,1.9079,0.0000,-12.3000,0.0000,-13.5000,7.2802,7,"","","7.500:0.050:16.744|-4.188:0.050:-2.689|11.384:0.050:-16.951|4.220:0.050:7.845|8.402:0.050:7.752","0.000:0.000:0.000|-0.001:0.000:-0.800|0.000:0.000:0.000|-0.001:0.000:-0.656|-0.001:0.000:0.800","-11.308:0.050:8.170|20.094:0.050:0.236","0.000:0.000:0.000|-0.015:0.000:-1.300",False,False,Moving,60.00,40.00,3.00,MultiAgentTraffic,"P1:True|P2:True|P3:True|D1:True|D2:True|D3:True","H1:H1 rack picking and carton handoff:Transport to work bay:load=True:handoffs=0|H2:H2 cross-aisle carton transfer:Return for next assignment:load=False:handoffs=1|H3:H3 station scan and dispatch verification:Transport to work bay:load=False:handoffs=0|H4:H4 trolley supply transfer:Transport to work bay:load=True:handoffs=1|H5:H5 rack inspection and replenishment:Return for next assignment:load=False:handoffs=1|F1:F1 inbound pallet replenishment:Transport to work bay:load=True:handoffs=0|F2:F2 outbound pallet dispatch:Return for next assignment:load=False:handoffs=2"
66.6502,9,58,619,-15.0130,0.0500,-6.8914,157.6805,0.8793,0.0000,-12.3000,0.0000,-13.5000,7.1439,7,"","","7.500:0.050:16.744|-4.188:0.050:-2.780|11.384:0.050:-16.951|4.220:0.050:7.770|8.402:0.050:7.843","0.000:0.000:0.000|-0.001:0.000:-0.800|0.000:0.000:0.000|-0.001:0.000:-0.656|-0.001:0.000:0.800","-11.308:0.050:8.170|20.092:0.050:0.088","0.000:0.000:0.000|-0.015:0.000:-1.300",False,False,Moving,60.00,40.00,3.00,MultiAgentTraffic,"P1:True|P2:True|P3:True|D1:True|D2:True|D3:True","H1:H1 rack picking and carton handoff:Transport to work bay:load=True:handoffs=0|H2:H2 cross-aisle carton transfer:Return for next assignment:load=False:handoffs=1|H3:H3 station scan and dispatch verification:Transport to work bay:load=False:handoffs=0|H4:H4 trolley supply transfer:Transport to work bay:load=True:handoffs=1|H5:H5 rack inspection and replenishment:Return for next assignment:load=False:handoffs=1|F1:F1 inbound pallet replenishment:Transport to work bay:load=True:handoffs=0|F2:F2 outbound pallet dispatch:Return for next assignment:load=False:handoffs=2"
66.7607,9,58,620,-14.9626,0.0500,-7.0141,157.6805,0.8599,0.0000,-12.3000,0.0000,-13.5000,7.0113,7,"","","7.500:0.050:16.744|-4.188:0.050:-2.868|11.384:0.050:-16.951|4.220:0.050:7.698|8.401:0.050:7.931","0.000:0.000:0.000|-0.001:0.000:-0.800|0.000:0.000:0.000|-0.001:0.000:-0.656|-0.001:0.000:0.800","-11.308:0.050:8.170|20.090:0.050:-0.055","0.000:0.000:0.000|-0.015:0.000:-1.300",False,False,Moving,60.00,40.00,3.00,MultiAgentTraffic,"P1:True|P2:True|P3:True|D1:True|D2:True|D3:True","H1:H1 rack picking and carton handoff:Transport to work bay:load=True:handoffs=0|H2:H2 cross-aisle carton transfer:Return for next assignment:load=False:handoffs=1|H3:H3 station scan and dispatch verification:Transport to work bay:load=False:handoffs=0|H4:H4 trolley supply transfer:Transport to work bay:load=True:handoffs=1|H5:H5 rack inspection and replenishment:Return for next assignment:load=False:handoffs=1|F1:F1 inbound pallet replenishment:Transport to work bay:load=True:handoffs=0|F2:F2 outbound pallet dispatch:Return for next assignment:load=False:handoffs=2"
66.8665,9,58,621,-14.9144,0.0500,-7.1316,157.6805,0.9458,0.0000,-12.3000,0.0000,-13.5000,6.8844,7,"","","7.500:0.050:16.744|-4.188:0.050:-2.953|11.384:0.050:-16.951|4.220:0.050:7.629|8.401:0.050:8.016","0.000:0.000:0.000|-0.001:0.000:-0.800|0.000:0.000:0.000|-0.001:0.000:-0.656|-0.001:0.000:0.800","-11.308:0.050:8.170|20.089:0.050:-0.193","0.000:0.000:0.000|-0.015:0.000:-1.300",False,False,Moving,60.00,40.00,3.00,MultiAgentTraffic,"P1:True|P2:True|P3:True|D1:True|D2:True|D3:True","H1:H1 rack picking and carton handoff:Transport to work bay:load=True:handoffs=0|H2:H2 cross-aisle carton transfer:Return for next assignment:load=False:handoffs=1|H3:H3 station scan and dispatch verification:Transport to work bay:load=False:handoffs=0|H4:H4 trolley supply transfer:Transport to work bay:load=True:handoffs=1|H5:H5 rack inspection and replenishment:Return for next assignment:load=False:handoffs=1|F1:F1 inbound pallet replenishment:Transport to work bay:load=True:handoffs=0|F2:F2 outbound pallet dispatch:Return for next assignment:load=False:handoffs=2"
66.9821,9,58,622,-14.8617,0.0500,-7.2599,157.6805,0.9193,0.0000,-12.3000,0.0000,-13.5000,6.7456,7,"","","7.500:0.050:16.744|-4.188:0.050:-3.045|11.384:0.050:-16.951|4.220:0.050:7.553|8.401:0.050:8.108","0.000:0.000:0.000|-0.001:0.000:-0.800|0.000:0.000:0.000|-0.001:0.000:-0.656|-0.001:0.000:0.800","-11.308:0.050:8.170|20.087:0.050:-0.343","0.000:0.000:0.000|-0.015:0.000:-1.300",False,False,Moving,60.00,40.00,3.00,MultiAgentTraffic,"P1:True|P2:True|P3:True|D1:True|D2:True|D3:True","H1:H1 rack picking and carton handoff:Transport to work bay:load=True:handoffs=0|H2:H2 cross-aisle carton transfer:Return for next assignment:load=False:handoffs=1|H3:H3 station scan and dispatch verification:Transport to work bay:load=False:handoffs=0|H4:H4 trolley supply transfer:Transport to work bay:load=True:handoffs=1|H5:H5 rack inspection and replenishment:Return for next assignment:load=False:handoffs=1|F1:F1 inbound pallet replenishment:Transport to work bay:load=True:handoffs=0|F2:F2 outbound pallet dispatch:Return for next assignment:load=False:handoffs=2"
67.0906,9,58,623,-14.8123,0.0500,-7.3804,157.6805,1.1797,0.0000,-12.3000,0.0000,-13.5000,6.6154,7,"","","7.500:0.050:16.744|-4.188:0.050:-3.132|11.384:0.050:-16.951|4.220:0.050:7.482|8.401:0.050:8.195","0.000:0.000:0.000|-0.001:0.000:-0.800|0.000:0.000:0.000|-0.001:0.000:-0.656|-0.001:0.000:0.800","-11.308:0.050:8.170|20.085:0.050:-0.484","0.000:0.000:0.000|-0.015:0.000:-1.300",False,False,Moving,60.00,40.00,3.00,MultiAgentTraffic,"P1:True|P2:True|P3:True|D1:True|D2:True|D3:True","H1:H1 rack picking and carton handoff:Transport to work bay:load=True:handoffs=0|H2:H2 cross-aisle carton transfer:Return for next assignment:load=False:handoffs=1|H3:H3 station scan and dispatch verification:Transport to work bay:load=False:handoffs=0|H4:H4 trolley supply transfer:Transport to work bay:load=True:handoffs=1|H5:H5 rack inspection and replenishment:Return for next assignment:load=False:handoffs=1|F1:F1 inbound pallet replenishment:Transport to work bay:load=True:handoffs=0|F2:F2 outbound pallet dispatch:Return for next assignment:load=False:handoffs=2"
67.2050,9,58,624,-14.7601,0.0500,-7.5073,157.6805,1.1543,0.0000,-12.3000,0.0000,-13.5000,6.4782,7,"","","7.500:0.050:16.744|-4.188:0.050:-3.224|11.384:0.050:-16.951|4.219:0.050:7.407|8.401:0.050:8.287","0.000:0.000:0.000|-0.001:0.000:-0.800|0.000:0.000:0.000|-0.001:0.000:-0.656|-0.001:0.000:0.800","-11.308:0.050:8.170|20.084:0.050:-0.633","0.000:0.000:0.000|-0.015:0.000:-1.300",False,False,Moving,60.00,40.00,3.00,MultiAgentTraffic,"P1:True|P2:True|P3:True|D1:True|D2:True|D3:True","H1:H1 rack picking and carton handoff:Transport to work bay:load=True:handoffs=0|H2:H2 cross-aisle carton transfer:Return for next assignment:load=False:handoffs=1|H3:H3 station scan and dispatch verification:Transport to work bay:load=False:handoffs=0|H4:H4 trolley supply transfer:Transport to work bay:load=True:handoffs=1|H5:H5 rack inspection and replenishment:Return for next assignment:load=False:handoffs=1|F1:F1 inbound pallet replenishment:Transport to work bay:load=True:handoffs=0|F2:F2 outbound pallet dispatch:Return for next assignment:load=False:handoffs=2"
67.3069,9,58,625,-14.7137,0.0500,-7.6205,157.6805,0.9958,0.0000,-12.3000,0.0000,-13.5000,6.3559,7,"","","7.500:0.050:16.744|-4.188:0.050:-3.305|11.384:0.050:-16.951|4.219:0.050:7.340|8.401:0.050:8.368","0.000:0.000:0.000|-0.001:0.000:-0.800|0.000:0.000:0.000|-0.001:0.000:-0.656|-0.001:0.000:0.800","-11.308:0.050:8.170|20.082:0.050:-0.765","0.000:0.000:0.000|-0.015:0.000:-1.300",False,False,Moving,60.00,40.00,3.00,MultiAgentTraffic,"P1:True|P2:True|P3:True|D1:True|D2:True|D3:True","H1:H1 rack picking and carton handoff:Transport to work bay:load=True:handoffs=0|H2:H2 cross-aisle carton transfer:Return for next assignment:load=False:handoffs=1|H3:H3 station scan and dispatch verification:Transport to work bay:load=False:handoffs=0|H4:H4 trolley supply transfer:Transport to work bay:load=True:handoffs=1|H5:H5 rack inspection and replenishment:Return for next assignment:load=False:handoffs=1|F1:F1 inbound pallet replenishment:Transport to work bay:load=True:handoffs=0|F2:F2 outbound pallet dispatch:Return for next assignment:load=False:handoffs=2"
67.4205,9,58,626,-14.6619,0.0500,-7.7466,157.6805,1.0149,0.0000,-12.3000,0.0000,-13.5000,6.2195,7,"","","7.500:0.050:16.744|-4.188:0.050:-3.396|11.384:0.050:-16.951|4.219:0.050:7.265|8.401:0.050:8.459","0.000:0.000:0.000|-0.001:0.000:-0.800|0.000:0.000:0.000|-0.001:0.000:-0.656|-0.001:0.000:0.800","-11.308:0.050:8.170|20.081:0.050:-0.913","0.000:0.000:0.000|-0.015:0.000:-1.300",False,False,Moving,60.00,40.00,3.00,MultiAgentTraffic,"P1:True|P2:True|P3:True|D1:True|D2:True|D3:True","H1:H1 rack picking and carton handoff:Transport to work bay:load=True:handoffs=0|H2:H2 cross-aisle carton transfer:Return for next assignment:load=False:handoffs=1|H3:H3 station scan and dispatch verification:Transport to work bay:load=False:handoffs=0|H4:H4 trolley supply transfer:Transport to work bay:load=True:handoffs=1|H5:H5 rack inspection and replenishment:Return for next assignment:load=False:handoffs=1|F1:F1 inbound pallet replenishment:Transport to work bay:load=True:handoffs=0|F2:F2 outbound pallet dispatch:Return for next assignment:load=False:handoffs=2"
67.5340,9,58,627,-14.6102,0.0500,-7.8726,157.6805,1.0303,0.0000,-12.3000,0.0000,-13.5000,6.0833,7,"","","7.500:0.050:16.744|-4.189:0.050:-3.487|11.384:0.050:-16.951|4.219:0.050:7.191|8.401:0.050:8.550","0.000:0.000:0.000|-0.001:0.000:-0.800|0.000:0.000:0.000|-0.001:0.000:-0.656|-0.001:0.000:0.800","-11.308:0.050:8.170|20.079:0.050:-1.061","0.000:0.000:0.000|-0.015:0.000:-1.300",False,False,Moving,60.00,40.00,3.00,MultiAgentTraffic,"P1:True|P2:True|P3:True|D1:True|D2:True|D3:True","H1:H1 rack picking and carton handoff:Transport to work bay:load=True:handoffs=0|H2:H2 cross-aisle carton transfer:Return for next assignment:load=False:handoffs=1|H3:H3 station scan and dispatch verification:Transport to work bay:load=False:handoffs=0|H4:H4 trolley supply transfer:Transport to work bay:load=True:handoffs=1|H5:H5 rack inspection and replenishment:Return for next assignment:load=False:handoffs=1|F1:F1 inbound pallet replenishment:Transport to work bay:load=True:handoffs=0|F2:F2 outbound pallet dispatch:Return for next assignment:load=False:handoffs=2"
67.6458,9,58,628,-14.5592,0.0500,-7.9968,157.6805,0.8949,0.0000,-12.3000,0.0000,-13.5000,5.9491,7,"","","7.500:0.050:16.744|-4.189:0.050:-3.576|11.384:0.050:-16.951|4.219:0.050:7.117|8.401:0.050:8.639","0.000:0.000:0.000|-0.001:0.000:-0.800|0.000:0.000:0.000|-0.001:0.000:-0.656|-0.001:0.000:0.800","-11.308:0.050:8.170|20.077:0.050:-1.206","0.000:0.000:0.000|-0.015:0.000:-1.300",False,False,Moving,60.00,40.00,3.00,MultiAgentTraffic,"P1:True|P2:True|P3:True|D1:True|D2:True|D3:True","H1:H1 rack picking and carton handoff:Transport to work bay:load=True:handoffs=0|H2:H2 cross-aisle carton transfer:Return for next assignment:load=False:handoffs=1|H3:H3 station scan and dispatch verification:Transport to work bay:load=False:handoffs=0|H4:H4 trolley supply transfer:Transport to work bay:load=True:handoffs=1|H5:H5 rack inspection and replenishment:Return for next assignment:load=False:handoffs=1|F1:F1 inbound pallet replenishment:Transport to work bay:load=True:handoffs=0|F2:F2 outbound pallet dispatch:Return for next assignment:load=False:handoffs=2"
67.7553,9,58,629,-14.5093,0.0500,-8.1183,157.6805,1.9463,0.0000,-12.3000,0.0000,-13.5000,5.8178,7,"","","7.500:0.050:16.744|-4.189:0.050:-3.664|11.384:0.050:-16.951|4.219:0.050:7.045|8.401:0.050:8.727","0.000:0.000:0.000|-0.001:0.000:-0.800|0.000:0.000:0.000|-0.001:0.000:-0.656|-0.001:0.000:0.800","-11.308:0.050:8.170|20.076:0.050:-1.348","0.000:0.000:0.000|-0.015:0.000:-1.300",False,False,Moving,60.00,40.00,3.00,MultiAgentTraffic,"P1:True|P2:True|P3:True|D1:True|D2:True|D3:True","H1:H1 rack picking and carton handoff:Transport to work bay:load=True:handoffs=0|H2:H2 cross-aisle carton transfer:Return for next assignment:load=False:handoffs=1|H3:H3 station scan and dispatch verification:Transport to work bay:load=False:handoffs=0|H4:H4 trolley supply transfer:Transport to work bay:load=True:handoffs=1|H5:H5 rack inspection and replenishment:Return for next assignment:load=False:handoffs=1|F1:F1 inbound pallet replenishment:Transport to work bay:load=True:handoffs=0|F2:F2 outbound pallet dispatch:Return for next assignment:load=False:handoffs=2"
67.8693,9,58,630,-14.4574,0.0500,-8.2448,157.6805,1.1284,0.0000,-12.3000,0.0000,-13.5000,5.6810,7,"","","7.500:0.050:16.744|-4.189:0.050:-3.755|11.384:0.050:-16.951|4.219:0.050:6.971|8.401:0.050:8.818","0.000:0.000:0.000|-0.001:0.000:-0.800|0.000:0.000:0.000|-0.001:0.000:-0.656|-0.001:0.000:0.800","-11.308:0.050:8.170|20.074:0.050:-1.496","0.000:0.000:0.000|-0.015:0.000:-1.300",False,False,Moving,60.00,40.00,3.00,MultiAgentTraffic,"P1:True|P2:True|P3:True|D1:True|D2:True|D3:True","H1:H1 rack picking and carton handoff:Transport to work bay:load=True:handoffs=0|H2:H2 cross-aisle carton transfer:Return for next assignment:load=False:handoffs=1|H3:H3 station scan and dispatch verification:Transport to work bay:load=False:handoffs=0|H4:H4 trolley supply transfer:Transport to work bay:load=True:handoffs=1|H5:H5 rack inspection and replenishment:Return for next assignment:load=False:handoffs=1|F1:F1 inbound pallet replenishment:Transport to work bay:load=True:handoffs=0|F2:F2 outbound pallet dispatch:Return for next assignment:load=False:handoffs=2"
67.9698,9,58,631,-14.4116,0.0500,-8.3564,157.6805,0.9647,0.0000,-12.3000,0.0000,-13.5000,5.5604,7,"","","7.500:0.050:16.744|-4.189:0.050:-3.835|11.384:0.050:-16.951|4.219:0.050:6.905|8.401:0.050:8.899","0.000:0.000:0.000|-0.001:0.000:-0.800|0.000:0.000:0.000|-0.001:0.000:-0.656|-0.001:0.000:0.800","-11.308:0.050:8.170|20.072:0.050:-1.627","0.000:0.000:0.000|-0.015:0.000:-1.300",False,False,Moving,60.00,40.00,3.00,MultiAgentTraffic,"P1:True|P2:True|P3:True|D1:True|D2:True|D3:True","H1:H1 rack picking and carton handoff:Transport to work bay:load=True:handoffs=0|H2:H2 cross-aisle carton transfer:Return for next assignment:load=False:handoffs=1|H3:H3 station scan and dispatch verification:Transport to work bay:load=False:handoffs=0|H4:H4 trolley supply transfer:Transport to work bay:load=True:handoffs=1|H5:H5 rack inspection and replenishment:Return for next assignment:load=False:handoffs=1|F1:F1 inbound pallet replenishment:Transport to work bay:load=True:handoffs=0|F2:F2 outbound pallet dispatch:Return for next assignment:load=False:handoffs=2"
68.0702,9,58,632,-14.3659,0.0500,-8.4678,157.6805,0.9629,0.0000,-12.3000,0.0000,-13.5000,5.4400,7,"","","7.500:0.050:16.744|-4.189:0.050:-3.916|11.384:0.050:-16.951|4.218:0.050:6.839|8.401:0.050:8.979","0.000:0.000:0.000|-0.001:0.000:-0.800|0.000:0.000:0.000|-0.001:0.000:-0.656|-0.001:0.000:0.800","-11.308:0.050:8.170|20.071:0.050:-1.758","0.000:0.000:0.000|-0.015:0.000:-1.300",False,False,Moving,60.00,40.00,3.00,MultiAgentTraffic,"P1:True|P2:True|P3:True|D1:True|D2:True|D3:True","H1:H1 rack picking and carton handoff:Transport to work bay:load=True:handoffs=0|H2:H2 cross-aisle carton transfer:Return for next assignment:load=False:handoffs=1|H3:H3 station scan and dispatch verification:Transport to work bay:load=False:handoffs=0|H4:H4 trolley supply transfer:Transport to work bay:load=True:handoffs=1|H5:H5 rack inspection and replenishment:Return for next assignment:load=False:handoffs=1|F1:F1 inbound pallet replenishment:Transport to work bay:load=True:handoffs=0|F2:F2 outbound pallet dispatch:Return for next assignment:load=False:handoffs=2"
68.1824,9,58,633,-14.3147,0.0500,-8.5923,157.6805,0.9399,0.0000,-12.3000,0.0000,-13.5000,5.3054,7,"","","7.500:0.050:16.744|-4.189:0.050:-4.005|11.384:0.050:-16.951|4.218:0.050:6.765|8.401:0.050:9.069","0.000:0.000:0.000|-0.001:0.000:-0.800|0.000:0.000:0.000|-0.001:0.000:-0.656|-0.001:0.000:0.800","-11.308:0.050:8.170|20.069:0.050:-1.903","0.000:0.000:0.000|-0.015:0.000:-1.300",False,False,Moving,60.00,40.00,3.00,MultiAgentTraffic,"P1:True|P2:True|P3:True|D1:True|D2:True|D3:True","H1:H1 rack picking and carton handoff:Transport to work bay:load=True:handoffs=0|H2:H2 cross-aisle carton transfer:Return for next assignment:load=False:handoffs=1|H3:H3 station scan and dispatch verification:Transport to work bay:load=False:handoffs=0|H4:H4 trolley supply transfer:Transport to work bay:load=True:handoffs=1|H5:H5 rack inspection and replenishment:Return for next assignment:load=False:handoffs=1|F1:F1 inbound pallet replenishment:Transport to work bay:load=True:handoffs=0|F2:F2 outbound pallet dispatch:Return for next assignment:load=False:handoffs=2"
68.2937,9,58,634,-14.2640,0.0500,-8.7160,157.6805,1.7698,0.0000,-12.3000,0.0000,-13.5000,5.1717,7,"","","7.500:0.050:16.744|-4.189:0.050:-4.095|11.384:0.050:-16.951|4.218:0.050:6.692|8.401:0.050:9.158","0.000:0.000:0.000|-0.001:0.000:-0.800|0.000:0.000:0.000|-0.001:0.000:-0.656|-0.001:0.000:0.800","-11.308:0.050:8.170|20.068:0.050:-2.048","0.000:0.000:0.000|-0.015:0.000:-1.300",False,False,Moving,60.00,40.00,3.00,MultiAgentTraffic,"P1:True|P2:True|P3:True|D1:True|D2:True|D3:True","H1:H1 rack picking and carton handoff:Transport to work bay:load=True:handoffs=0|H2:H2 cross-aisle carton transfer:Return for next assignment:load=False:handoffs=1|H3:H3 station scan and dispatch verification:Transport to work bay:load=False:handoffs=0|H4:H4 trolley supply transfer:Transport to work bay:load=True:handoffs=1|H5:H5 rack inspection and replenishment:Return for next assignment:load=False:handoffs=1|F1:F1 inbound pallet replenishment:Transport to work bay:load=True:handoffs=0|F2:F2 outbound pallet dispatch:Return for next assignment:load=False:handoffs=2"
68.4060,9,58,635,-14.2128,0.0500,-8.8406,157.6805,0.9125,0.0000,-12.3000,0.0000,-13.5000,5.0370,7,"","","7.500:0.050:16.744|-4.189:0.050:-4.184|11.384:0.050:-16.951|4.218:0.050:6.619|8.401:0.050:9.247","0.000:0.000:0.000|-0.001:0.000:-0.800|0.000:0.000:0.000|-0.001:0.000:-0.656|-0.001:0.000:0.800","-11.308:0.050:8.170|20.066:0.050:-2.194","0.000:0.000:0.000|-0.015:0.000:-1.300",False,False,Moving,60.00,40.00,3.00,MultiAgentTraffic,"P1:True|P2:True|P3:True|D1:True|D2:True|D3:True","H1:H1 rack picking and carton handoff:Transport to work bay:load=True:handoffs=0|H2:H2 cross-aisle carton transfer:Return for next assignment:load=False:handoffs=1|H3:H3 station scan and dispatch verification:Transport to work bay:load=False:handoffs=0|H4:H4 trolley supply transfer:Transport to work bay:load=True:handoffs=1|H5:H5 rack inspection and replenishment:Return for next assignment:load=False:handoffs=1|F1:F1 inbound pallet replenishment:Transport to work bay:load=True:handoffs=0|F2:F2 outbound pallet dispatch:Return for next assignment:load=False:handoffs=2"
68.5067,9,58,636,-14.1669,0.0500,-8.9523,157.6805,0.8740,0.0000,-12.3000,0.0000,-13.5000,4.9162,7,"","","7.500:0.050:16.744|-4.189:0.050:-4.265|11.384:0.050:-16.951|4.218:0.050:6.553|8.400:0.050:9.328","0.000:0.000:0.000|-0.001:0.000:-0.800|0.000:0.000:0.000|-0.001:0.000:-0.656|-0.001:0.000:0.800","-11.308:0.050:8.170|20.064:0.050:-2.325","0.000:0.000:0.000|-0.015:0.000:-1.300",False,False,Moving,60.00,40.00,3.00,MultiAgentTraffic,"P1:True|P2:True|P3:True|D1:True|D2:True|D3:True","H1:H1 rack picking and carton handoff:Transport to work bay:load=True:handoffs=0|H2:H2 cross-aisle carton transfer:Return for next assignment:load=False:handoffs=1|H3:H3 station scan and dispatch verification:Transport to work bay:load=False:handoffs=0|H4:H4 trolley supply transfer:Transport to work bay:load=True:handoffs=1|H5:H5 rack inspection and replenishment:Return for next assignment:load=False:handoffs=1|F1:F1 inbound pallet replenishment:Transport to work bay:load=True:handoffs=0|F2:F2 outbound pallet dispatch:Return for next assignment:load=False:handoffs=2"
68.6171,9,58,637,-14.1166,0.0500,-9.0749,157.6805,1.8378,0.0000,-12.3000,0.0000,-13.5000,4.7837,7,"","","7.500:0.050:16.744|-4.190:0.050:-4.353|11.384:0.050:-16.951|4.218:0.050:6.480|8.400:0.050:9.416","0.000:0.000:0.000|-0.001:0.000:-0.800|0.000:0.000:0.000|-0.001:0.000:-0.656|-0.001:0.000:0.800","-11.308:0.050:8.170|20.063:0.050:-2.468","0.000:0.000:0.000|-0.015:0.000:-1.300",False,False,Moving,60.00,40.00,3.00,MultiAgentTraffic,"P1:True|P2:True|P3:True|D1:True|D2:True|D3:True","H1:H1 rack picking and carton handoff:Transport to work bay:load=True:handoffs=0|H2:H2 cross-aisle carton transfer:Return for next assignment:load=False:handoffs=1|H3:H3 station scan and dispatch verification:Transport to work bay:load=False:handoffs=0|H4:H4 trolley supply transfer:Transport to work bay:load=True:handoffs=1|H5:H5 rack inspection and replenishment:Return for next assignment:load=False:handoffs=1|F1:F1 inbound pallet replenishment:Transport to work bay:load=True:handoffs=0|F2:F2 outbound pallet dispatch:Return for next assignment:load=False:handoffs=2"
68.7248,9,58,638,-14.0675,0.0500,-9.1945,157.6805,0.8956,0.0000,-12.3000,0.0000,-13.5000,4.6544,7,"","","7.500:0.050:16.744|-4.190:0.050:-4.439|11.384:0.050:-16.951|4.218:0.050:6.410|8.400:0.050:9.502","0.000:0.000:0.000|-0.001:0.000:-0.800|0.000:0.000:0.000|-0.001:0.000:-0.656|-0.001:0.000:0.800","-11.308:0.050:8.170|20.061:0.050:-2.609","0.000:0.000:0.000|-0.015:0.000:-1.300",False,False,Moving,60.00,40.00,3.00,MultiAgentTraffic,"P1:True|P2:True|P3:True|D1:True|D2:True|D3:True","H1:H1 rack picking and carton handoff:Transport to work bay:load=True:handoffs=0|H2:H2 cross-aisle carton transfer:Return for next assignment:load=False:handoffs=1|H3:H3 station scan and dispatch verification:Transport to work bay:load=False:handoffs=0|H4:H4 trolley supply transfer:Transport to work bay:load=True:handoffs=1|H5:H5 rack inspection and replenishment:Return for next assignment:load=False:handoffs=1|F1:F1 inbound pallet replenishment:Transport to work bay:load=True:handoffs=0|F2:F2 outbound pallet dispatch:Return for next assignment:load=False:handoffs=2"
68.8341,9,58,639,-14.0177,0.0500,-9.3159,157.6805,1.7640,0.0000,-12.3000,0.0000,-13.5000,4.5233,7,"","","7.500:0.050:16.744|-4.190:0.050:-4.527|11.384:0.050:-16.951|4.218:0.050:6.338|8.400:0.050:9.590","0.000:0.000:0.000|-0.001:0.000:-0.800|0.000:0.000:0.000|-0.001:0.000:-0.656|-0.001:0.000:0.800","-11.308:0.050:8.170|20.060:0.050:-2.751","0.000:0.000:0.000|-0.015:0.000:-1.300",False,False,Moving,60.00,40.00,3.00,MultiAgentTraffic,"P1:True|P2:True|P3:True|D1:True|D2:True|D3:True","H1:H1 rack picking and carton handoff:Transport to work bay:load=True:handoffs=0|H2:H2 cross-aisle carton transfer:Return for next assignment:load=False:handoffs=1|H3:H3 station scan and dispatch verification:Transport to work bay:load=False:handoffs=0|H4:H4 trolley supply transfer:Transport to work bay:load=True:handoffs=1|H5:H5 rack inspection and replenishment:Return for next assignment:load=False:handoffs=1|F1:F1 inbound pallet replenishment:Transport to work bay:load=True:handoffs=0|F2:F2 outbound pallet dispatch:Return for next assignment:load=False:handoffs=2"
68.9424,9,58,640,-13.9684,0.0500,-9.4361,157.6805,0.8624,0.0000,-12.3000,0.0000,-13.5000,4.3933,7,"","","7.500:0.050:16.744|-4.190:0.050:-4.614|11.384:0.050:-16.951|4.218:0.050:6.267|8.400:0.050:9.677","0.000:0.000:0.000|-0.001:0.000:-0.800|0.000:0.000:0.000|-0.001:0.000:-0.656|-0.001:0.000:0.800","-11.308:0.050:8.170|20.058:0.050:-2.891","0.000:0.000:0.000|-0.015:0.000:-1.300",False,False,Moving,60.00,40.00,3.00,MultiAgentTraffic,"P1:True|P2:True|P3:True|D1:True|D2:True|D3:True","H1:H1 rack picking and carton handoff:Transport to work bay:load=True:handoffs=0|H2:H2 cross-aisle carton transfer:Return for next assignment:load=False:handoffs=1|H3:H3 station scan and dispatch verification:Transport to work bay:load=False:handoffs=0|H4:H4 trolley supply transfer:Transport to work bay:load=True:handoffs=1|H5:H5 rack inspection and replenishment:Return for next assignment:load=False:handoffs=1|F1:F1 inbound pallet replenishment:Transport to work bay:load=True:handoffs=0|F2:F2 outbound pallet dispatch:Return for next assignment:load=False:handoffs=2"
69.0469,9,58,641,-13.9207,0.0500,-9.5520,157.6805,0.8421,0.0000,-12.3000,0.0000,-13.5000,4.2680,7,"","","7.500:0.050:16.744|-4.190:0.050:-4.697|11.384:0.050:-16.951|4.217:0.050:6.198|8.400:0.050:9.725","0.000:0.000:0.000|-0.001:0.000:-0.800|0.000:0.000:0.000|-0.001:0.000:-0.656|0.000:0.000:0.000","-11.308:0.050:8.170|20.057:0.050:-3.027","0.000:0.000:0.000|-0.015:0.000:-1.300",False,False,Moving,60.00,40.00,3.00,MultiAgentTraffic,"P1:True|P2:True|P3:True|D1:True|D2:True|D3:True","H1:H1 rack picking and carton handoff:Transport to work bay:load=True:handoffs=0|H2:H2 cross-aisle carton transfer:Return for next assignment:load=False:handoffs=1|H3:H3 station scan and dispatch verification:Transport to work bay:load=False:handoffs=0|H4:H4 trolley supply transfer:Transport to work bay:load=True:handoffs=1|H5:H5 rack inspection and replenishment:Load / inspect at source:load=False:handoffs=1|F1:F1 inbound pallet replenishment:Transport to work bay:load=True:handoffs=0|F2:F2 outbound pallet dispatch:Return for next assignment:load=False:handoffs=2"
69.1526,9,58,642,-13.8726,0.0500,-9.6694,157.6805,1.7686,0.0000,-12.3000,0.0000,-13.5000,4.1411,7,"","","7.500:0.050:16.744|-4.190:0.050:-4.782|11.384:0.050:-16.951|4.217:0.050:6.129|8.400:0.050:9.725","0.000:0.000:0.000|-0.001:0.000:-0.800|0.000:0.000:0.000|-0.001:0.000:-0.656|0.000:0.000:0.000","-11.308:0.050:8.170|20.055:0.050:-3.165","0.000:0.000:0.000|-0.015:0.000:-1.300",False,False,Moving,60.00,40.00,3.00,MultiAgentTraffic,"P1:True|P2:True|P3:True|D1:True|D2:True|D3:True","H1:H1 rack picking and carton handoff:Transport to work bay:load=True:handoffs=0|H2:H2 cross-aisle carton transfer:Return for next assignment:load=False:handoffs=1|H3:H3 station scan and dispatch verification:Transport to work bay:load=False:handoffs=0|H4:H4 trolley supply transfer:Transport to work bay:load=True:handoffs=1|H5:H5 rack inspection and replenishment:Load / inspect at source:load=False:handoffs=1|F1:F1 inbound pallet replenishment:Transport to work bay:load=True:handoffs=0|F2:F2 outbound pallet dispatch:Return for next assignment:load=False:handoffs=2"
69.2556,9,58,643,-13.8256,0.0500,-9.7837,157.6805,1.7740,0.0000,-12.3000,0.0000,-13.5000,4.0175,7,"","","7.500:0.050:16.744|-4.190:0.050:-4.864|11.384:0.050:-16.951|4.217:0.050:6.061|8.400:0.050:9.725","0.000:0.000:0.000|-0.001:0.000:-0.800|0.000:0.000:0.000|-0.001:0.000:-0.656|0.000:0.000:0.000","-11.308:0.050:8.170|20.053:0.050:-3.299","0.000:0.000:0.000|-0.015:0.000:-1.300",False,False,Moving,60.00,40.00,3.00,MultiAgentTraffic,"P1:True|P2:True|P3:True|D1:True|D2:True|D3:True","H1:H1 rack picking and carton handoff:Transport to work bay:load=True:handoffs=0|H2:H2 cross-aisle carton transfer:Return for next assignment:load=False:handoffs=1|H3:H3 station scan and dispatch verification:Transport to work bay:load=False:handoffs=0|H4:H4 trolley supply transfer:Transport to work bay:load=True:handoffs=1|H5:H5 rack inspection and replenishment:Load / inspect at source:load=False:handoffs=1|F1:F1 inbound pallet replenishment:Transport to work bay:load=True:handoffs=0|F2:F2 outbound pallet dispatch:Return for next assignment:load=False:handoffs=2"
69.3631,9,58,644,-13.7766,0.0500,-9.9031,157.6805,0.8624,0.0000,-12.3000,0.0000,-13.5000,3.8885,7,"","","7.500:0.050:16.744|-4.190:0.050:-4.950|11.384:0.050:-16.951|4.217:0.050:5.991|8.400:0.050:9.725","0.000:0.000:0.000|-0.001:0.000:-0.800|0.000:0.000:0.000|-0.001:0.000:-0.656|0.000:0.000:0.000","-11.308:0.050:8.170|20.052:0.050:-3.438","0.000:0.000:0.000|-0.015:0.000:-1.300",False,False,Moving,60.00,40.00,3.00,MultiAgentTraffic,"P1:True|P2:True|P3:True|D1:True|D2:True|D3:True","H1:H1 rack picking and carton handoff:Transport to work bay:load=True:handoffs=0|H2:H2 cross-aisle carton transfer:Return for next assignment:load=False:handoffs=1|H3:H3 station scan and dispatch verification:Transport to work bay:load=False:handoffs=0|H4:H4 trolley supply transfer:Transport to work bay:load=True:handoffs=1|H5:H5 rack inspection and replenishment:Load / inspect at source:load=False:handoffs=1|F1:F1 inbound pallet replenishment:Transport to work bay:load=True:handoffs=0|F2:F2 outbound pallet dispatch:Return for next assignment:load=False:handoffs=2"
69.4695,9,58,645,-13.7281,0.0500,-10.0213,157.6805,0.8800,0.0000,-12.3000,0.0000,-13.5000,3.7608,7,"","","7.500:0.050:16.744|-4.190:0.050:-5.035|11.384:0.050:-16.951|4.217:0.050:5.921|8.400:0.050:9.725","0.000:0.000:0.000|-0.001:0.000:-0.800|0.000:0.000:0.000|-0.001:0.000:-0.656|0.000:0.000:0.000","-11.308:0.050:8.170|20.050:0.050:-3.577","0.000:0.000:0.000|-0.015:0.000:-1.300",False,False,Moving,60.00,40.00,3.00,MultiAgentTraffic,"P1:True|P2:True|P3:True|D1:True|D2:True|D3:True","H1:H1 rack picking and carton handoff:Transport to work bay:load=True:handoffs=0|H2:H2 cross-aisle carton transfer:Return for next assignment:load=False:handoffs=1|H3:H3 station scan and dispatch verification:Transport to work bay:load=False:handoffs=0|H4:H4 trolley supply transfer:Transport to work bay:load=True:handoffs=1|H5:H5 rack inspection and replenishment:Load / inspect at source:load=False:handoffs=1|F1:F1 inbound pallet replenishment:Transport to work bay:load=True:handoffs=0|F2:F2 outbound pallet dispatch:Return for next assignment:load=False:handoffs=2"
69.5785,9,58,646,-13.6785,0.0500,-10.1422,157.6805,0.8791,0.0000,-12.3000,0.0000,-13.5000,3.6301,7,"","","7.500:0.050:16.744|-4.190:0.050:-5.122|11.384:0.050:-16.951|4.217:0.050:5.849|8.400:0.050:9.725","0.000:0.000:0.000|-0.001:0.000:-0.800|0.000:0.000:0.000|-0.001:0.000:-0.656|0.000:0.000:0.000","-11.308:0.050:8.170|20.049:0.050:-3.718","0.000:0.000:0.000|-0.015:0.000:-1.300",False,False,Moving,60.00,40.00,3.00,MultiAgentTraffic,"P1:True|P2:True|P3:True|D1:True|D2:True|D3:True","H1:H1 rack picking and carton handoff:Transport to work bay:load=True:handoffs=0|H2:H2 cross-aisle carton transfer:Return for next assignment:load=False:handoffs=1|H3:H3 station scan and dispatch verification:Transport to work bay:load=False:handoffs=0|H4:H4 trolley supply transfer:Transport to work bay:load=True:handoffs=1|H5:H5 rack inspection and replenishment:Load / inspect at source:load=False:handoffs=1|F1:F1 inbound pallet replenishment:Transport to work bay:load=True:handoffs=0|F2:F2 outbound pallet dispatch:Return for next assignment:load=False:handoffs=2"
69.6882,9,58,647,-13.6285,0.0500,-10.2640,157.6805,0.8718,0.0000,-12.3000,0.0000,-13.5000,3.4984,7,"","","7.500:0.050:16.744|-4.191:0.050:-5.210|11.384:0.050:-16.951|4.217:0.050:5.778|8.400:0.050:9.725","0.000:0.000:0.000|-0.001:0.000:-0.800|0.000:0.000:0.000|-0.001:0.000:-0.656|0.000:0.000:0.000","-11.308:0.050:8.170|20.047:0.050:-3.861","0.000:0.000:0.000|-0.015:0.000:-1.300",False,False,Moving,60.00,40.00,3.00,MultiAgentTraffic,"P1:True|P2:True|P3:True|D1:True|D2:True|D3:True","H1:H1 rack picking and carton handoff:Transport to work bay:load=True:handoffs=0|H2:H2 cross-aisle carton transfer:Return for next assignment:load=False:handoffs=1|H3:H3 station scan and dispatch verification:Transport to work bay:load=False:handoffs=0|H4:H4 trolley supply transfer:Transport to work bay:load=True:handoffs=1|H5:H5 rack inspection and replenishment:Load / inspect at source:load=False:handoffs=1|F1:F1 inbound pallet replenishment:Transport to work bay:load=True:handoffs=0|F2:F2 outbound pallet dispatch:Return for next assignment:load=False:handoffs=2"
69.7919,9,58,648,-13.5812,0.0500,-10.3791,157.6805,0.9185,0.0000,-12.3000,0.0000,-13.5000,3.3740,7,"","","7.500:0.050:16.744|-4.191:0.050:-5.293|11.384:0.050:-16.951|4.217:0.050:5.709|8.400:0.050:9.725","0.000:0.000:0.000|-0.001:0.000:-0.800|0.000:0.000:0.000|-0.001:0.000:-0.656|0.000:0.000:0.000","-11.308:0.050:8.170|20.046:0.050:-3.996","0.000:0.000:0.000|-0.015:0.000:-1.300",False,False,Moving,60.00,40.00,3.00,MultiAgentTraffic,"P1:True|P2:True|P3:True|D1:True|D2:True|D3:True","H1:H1 rack picking and carton handoff:Transport to work bay:load=True:handoffs=0|H2:H2 cross-aisle carton transfer:Return for next assignment:load=False:handoffs=1|H3:H3 station scan and dispatch verification:Transport to work bay:load=False:handoffs=0|H4:H4 trolley supply transfer:Transport to work bay:load=True:handoffs=1|H5:H5 rack inspection and replenishment:Load / inspect at source:load=False:handoffs=1|F1:F1 inbound pallet replenishment:Transport to work bay:load=True:handoffs=0|F2:F2 outbound pallet dispatch:Return for next assignment:load=False:handoffs=2"
69.9033,9,58,649,-13.5304,0.0500,-10.5028,157.6805,0.9150,0.0000,-12.3000,0.0000,-13.5000,3.2403,7,"","","7.500:0.050:16.744|-4.191:0.050:-5.382|11.384:0.050:-16.951|4.217:0.050:5.636|8.400:0.050:9.725","0.000:0.000:0.000|-0.001:0.000:-0.800|0.000:0.000:0.000|-0.001:0.000:-0.656|0.000:0.000:0.000","-11.308:0.050:8.170|20.044:0.050:-4.141","0.000:0.000:0.000|-0.015:0.000:-1.300",False,False,Moving,60.00,40.00,3.00,MultiAgentTraffic,"P1:True|P2:True|P3:True|D1:True|D2:True|D3:True","H1:H1 rack picking and carton handoff:Transport to work bay:load=True:handoffs=0|H2:H2 cross-aisle carton transfer:Return for next assignment:load=False:handoffs=1|H3:H3 station scan and dispatch verification:Transport to work bay:load=False:handoffs=0|H4:H4 trolley supply transfer:Transport to work bay:load=True:handoffs=1|H5:H5 rack inspection and replenishment:Load / inspect at source:load=False:handoffs=1|F1:F1 inbound pallet replenishment:Transport to work bay:load=True:handoffs=0|F2:F2 outbound pallet dispatch:Return for next assignment:load=False:handoffs=2"
70.0174,9,58,650,-13.4784,0.0500,-10.6295,157.6805,0.9553,0.0000,-12.3000,0.0000,-13.5000,3.1034,7,"","","7.500:0.050:16.744|-4.191:0.050:-5.474|11.384:0.050:-16.951|4.216:0.050:5.562|8.400:0.050:9.725","0.000:0.000:0.000|-0.001:0.000:-0.800|0.000:0.000:0.000|-0.001:0.000:-0.656|0.000:0.000:0.000","-11.308:0.050:8.170|20.042:0.050:-4.289","0.000:0.000:0.000|-0.015:0.000:-1.300",False,False,Moving,60.00,40.00,3.00,MultiAgentTraffic,"P1:True|P2:True|P3:True|D1:True|D2:True|D3:True","H1:H1 rack picking and carton handoff:Transport to work bay:load=True:handoffs=0|H2:H2 cross-aisle carton transfer:Return for next assignment:load=False:handoffs=1|H3:H3 station scan and dispatch verification:Transport to work bay:load=False:handoffs=0|H4:H4 trolley supply transfer:Transport to work bay:load=True:handoffs=1|H5:H5 rack inspection and replenishment:Load / inspect at source:load=False:handoffs=1|F1:F1 inbound pallet replenishment:Transport to work bay:load=True:handoffs=0|F2:F2 outbound pallet dispatch:Return for next assignment:load=False:handoffs=2"
70.1183,9,58,651,-13.4325,0.0500,-10.7415,157.6805,1.8856,0.0000,-12.3000,0.0000,-13.5000,2.9823,7,"","","7.500:0.050:16.744|-4.191:0.050:-5.554|11.384:0.050:-16.951|4.216:0.050:5.495|8.400:0.050:9.725","0.000:0.000:0.000|-0.001:0.000:-0.800|0.000:0.000:0.000|-0.001:0.000:-0.656|0.000:0.000:0.000","-11.308:0.050:8.170|20.041:0.050:-4.420","0.000:0.000:0.000|-0.015:0.000:-1.300",False,False,Moving,60.00,40.00,3.00,MultiAgentTraffic,"P1:True|P2:True|P3:True|D1:True|D2:True|D3:True","H1:H1 rack picking and carton handoff:Transport to work bay:load=True:handoffs=0|H2:H2 cross-aisle carton transfer:Return for next assignment:load=False:handoffs=1|H3:H3 station scan and dispatch verification:Transport to work bay:load=False:handoffs=0|H4:H4 trolley supply transfer:Transport to work bay:load=True:handoffs=1|H5:H5 rack inspection and replenishment:Load / inspect at source:load=False:handoffs=1|F1:F1 inbound pallet replenishment:Transport to work bay:load=True:handoffs=0|F2:F2 outbound pallet dispatch:Return for next assignment:load=False:handoffs=2"
70.2193,9,58,652,-13.3864,0.0500,-10.8536,157.6805,0.9936,0.0000,-12.3000,0.0000,-13.5000,2.8611,7,"","","7.500:0.050:16.744|-4.191:0.050:-5.635|11.384:0.050:-16.951|4.216:0.050:5.429|8.400:0.050:9.725","0.000:0.000:0.000|-0.001:0.000:-0.800|0.000:0.000:0.000|-0.001:0.000:-0.656|0.000:0.000:0.000","-11.308:0.050:8.170|20.039:0.050:-4.551","0.000:0.000:0.000|-0.015:0.000:-1.300",False,False,Moving,60.00,40.00,3.00,MultiAgentTraffic,"P1:True|P2:True|P3:True|D1:True|D2:True|D3:True","H1:H1 rack picking and carton handoff:Transport to work bay:load=True:handoffs=0|H2:H2 cross-aisle carton transfer:Return for next assignment:load=False:handoffs=1|H3:H3 station scan and dispatch verification:Transport to work bay:load=False:handoffs=0|H4:H4 trolley supply transfer:Transport to work bay:load=True:handoffs=1|H5:H5 rack inspection and replenishment:Load / inspect at source:load=False:handoffs=1|F1:F1 inbound pallet replenishment:Transport to work bay:load=True:handoffs=0|F2:F2 outbound pallet dispatch:Return for next assignment:load=False:handoffs=2"
70.3208,9,58,653,-13.3402,0.0500,-10.9662,157.6805,0.9285,0.0000,-12.3000,0.0000,-13.5000,2.7394,7,"","","7.500:0.050:16.744|-4.191:0.050:-5.716|11.384:0.050:-16.951|4.216:0.050:5.363|8.400:0.050:9.725","0.000:0.000:0.000|-0.001:0.000:-0.800|0.000:0.000:0.000|-0.001:0.000:-0.656|0.000:0.000:0.000","-11.308:0.050:8.170|20.038:0.050:-4.683","0.000:0.000:0.000|-0.015:0.000:-1.300",False,False,Moving,60.00,40.00,3.00,MultiAgentTraffic,"P1:True|P2:True|P3:True|D1:True|D2:True|D3:True","H1:H1 rack picking and carton handoff:Transport to work bay:load=True:handoffs=0|H2:H2 cross-aisle carton transfer:Return for next assignment:load=False:handoffs=1|H3:H3 station scan and dispatch verification:Transport to work bay:load=False:handoffs=0|H4:H4 trolley supply transfer:Transport to work bay:load=True:handoffs=1|H5:H5 rack inspection and replenishment:Load / inspect at source:load=False:handoffs=1|F1:F1 inbound pallet replenishment:Transport to work bay:load=True:handoffs=0|F2:F2 outbound pallet dispatch:Return for next assignment:load=False:handoffs=2"
70.4274,9,58,654,-13.2916,0.0500,-11.0846,157.6805,1.0595,0.0000,-12.3000,0.0000,-13.5000,2.6115,7,"","","7.500:0.050:16.744|-4.191:0.050:-5.802|11.384:0.050:-16.951|4.216:0.050:5.293|8.400:0.050:9.725","0.000:0.000:0.000|-0.001:0.000:-0.800|0.000:0.000:0.000|-0.001:0.000:-0.656|0.000:0.000:0.000","-11.308:0.050:8.170|20.036:0.050:-4.822","0.000:0.000:0.000|-0.015:0.000:-1.300",False,False,Moving,60.00,40.00,3.00,MultiAgentTraffic,"P1:True|P2:True|P3:True|D1:True|D2:True|D3:True","H1:H1 rack picking and carton handoff:Transport to work bay:load=True:handoffs=0|H2:H2 cross-aisle carton transfer:Return for next assignment:load=False:handoffs=1|H3:H3 station scan and dispatch verification:Transport to work bay:load=False:handoffs=0|H4:H4 trolley supply transfer:Transport to work bay:load=True:handoffs=1|H5:H5 rack inspection and replenishment:Load / inspect at source:load=False:handoffs=1|F1:F1 inbound pallet replenishment:Transport to work bay:load=True:handoffs=0|F2:F2 outbound pallet dispatch:Return for next assignment:load=False:handoffs=2"
70.5312,9,58,655,-13.2443,0.0500,-11.1998,157.6805,0.9810,0.0000,-12.3000,0.0000,-13.5000,2.4870,7,"","","7.500:0.050:16.744|-4.191:0.050:-5.885|11.384:0.050:-16.951|4.216:0.050:5.225|8.400:0.050:9.725","0.000:0.000:0.000|-0.001:0.000:-0.800|0.000:0.000:0.000|-0.001:0.000:-0.656|0.000:0.000:0.000","-11.308:0.050:8.170|20.035:0.050:-4.957","0.000:0.000:0.000|-0.015:0.000:-1.300",False,False,Moving,60.00,40.00,3.00,MultiAgentTraffic,"P1:True|P2:True|P3:True|D1:True|D2:True|D3:True","H1:H1 rack picking and carton handoff:Transport to work bay:load=True:handoffs=0|H2:H2 cross-aisle carton transfer:Return for next assignment:load=False:handoffs=1|H3:H3 station scan and dispatch verification:Transport to work bay:load=False:handoffs=0|H4:H4 trolley supply transfer:Transport to work bay:load=True:handoffs=1|H5:H5 rack inspection and replenishment:Load / inspect at source:load=False:handoffs=1|F1:F1 inbound pallet replenishment:Transport to work bay:load=True:handoffs=0|F2:F2 outbound pallet dispatch:Return for next assignment:load=False:handoffs=2"
70.6321,9,58,656,-13.1983,0.0500,-11.3118,157.6805,0.9384,0.0000,-12.3000,0.0000,-13.5000,2.3660,7,"","","7.500:0.050:16.744|-4.191:0.050:-5.965|11.384:0.050:-16.951|4.216:0.050:5.158|8.400:0.050:9.725","0.000:0.000:0.000|-0.001:0.000:-0.800|0.000:0.000:0.000|-0.001:0.000:-0.656|0.000:0.000:0.000","-11.308:0.050:8.170|20.033:0.050:-5.088","0.000:0.000:0.000|-0.015:0.000:-1.300",False,False,Moving,60.00,40.00,3.00,MultiAgentTraffic,"P1:True|P2:True|P3:True|D1:True|D2:True|D3:True","H1:H1 rack picking and carton handoff:Transport to work bay:load=True:handoffs=0|H2:H2 cross-aisle carton transfer:Return for next assignment:load=False:handoffs=1|H3:H3 station scan and dispatch verification:Transport to work bay:load=False:handoffs=0|H4:H4 trolley supply transfer:Transport to work bay:load=True:handoffs=1|H5:H5 rack inspection and replenishment:Load / inspect at source:load=False:handoffs=1|F1:F1 inbound pallet replenishment:Transport to work bay:load=True:handoffs=0|F2:F2 outbound pallet dispatch:Return for next assignment:load=False:handoffs=2"
70.7323,9,58,657,-13.1527,0.0500,-11.4230,157.6805,0.9385,0.0000,-12.3000,0.0000,-13.5000,2.2457,7,"","","7.500:0.050:16.744|-4.191:0.050:-6.045|11.384:0.050:-16.951|4.216:0.050:5.093|8.400:0.050:9.725","0.000:0.000:0.000|-0.001:0.000:-0.800|0.000:0.000:0.000|-0.001:0.000:-0.656|0.000:0.000:0.000","-11.308:0.050:8.170|20.032:0.050:-5.218","0.000:0.000:0.000|-0.015:0.000:-1.300",False,False,Moving,60.00,40.00,3.00,MultiAgentTraffic,"P1:True|P2:True|P3:True|D1:True|D2:True|D3:True","H1:H1 rack picking and carton handoff:Transport to work bay:load=True:handoffs=0|H2:H2 cross-aisle carton transfer:Return for next assignment:load=False:handoffs=1|H3:H3 station scan and dispatch verification:Transport to work bay:load=False:handoffs=0|H4:H4 trolley supply transfer:Transport to work bay:load=True:handoffs=1|H5:H5 rack inspection and replenishment:Load / inspect at source:load=False:handoffs=1|F1:F1 inbound pallet replenishment:Transport to work bay:load=True:handoffs=0|F2:F2 outbound pallet dispatch:Return for next assignment:load=False:handoffs=2"
70.8400,9,58,658,-13.1036,0.0500,-11.5426,157.6805,1.8265,0.0000,-12.3000,0.0000,-13.5000,2.1165,7,"","","7.500:0.050:16.744|-4.192:0.050:-6.132|11.384:0.050:-16.951|4.216:0.050:5.022|8.400:0.050:9.725","0.000:0.000:0.000|-0.001:0.000:-0.800|0.000:0.000:0.000|-0.001:0.000:-0.656|0.000:0.000:0.000","-11.308:0.050:8.170|20.030:0.050:-5.358","0.000:0.000:0.000|-0.015:0.000:-1.300",False,False,Moving,60.00,40.00,3.00,MultiAgentTraffic,"P1:True|P2:True|P3:True|D1:True|D2:True|D3:True","H1:H1 rack picking and carton handoff:Transport to work bay:load=True:handoffs=0|H2:H2 cross-aisle carton transfer:Return for next assignment:load=False:handoffs=1|H3:H3 station scan and dispatch verification:Transport to work bay:load=False:handoffs=0|H4:H4 trolley supply transfer:Transport to work bay:load=True:handoffs=1|H5:H5 rack inspection and replenishment:Load / inspect at source:load=False:handoffs=1|F1:F1 inbound pallet replenishment:Transport to work bay:load=True:handoffs=0|F2:F2 outbound pallet dispatch:Return for next assignment:load=False:handoffs=2"
70.9487,9,58,659,-13.0540,0.0500,-11.6633,157.6805,0.8807,0.0000,-12.3000,0.0000,-13.5000,1.9861,7,"","","7.500:0.050:16.744|-4.192:0.050:-6.219|11.384:0.050:-16.951|4.215:0.050:4.951|8.400:0.050:9.725","0.000:0.000:0.000|-0.001:0.000:-0.800|0.000:0.000:0.000|-0.001:0.000:-0.656|0.000:0.000:0.000","-11.308:0.050:8.170|20.028:0.050:-5.499","0.000:0.000:0.000|-0.015:0.000:-1.300",False,False,Moving,60.00,40.00,3.00,MultiAgentTraffic,"P1:True|P2:True|P3:True|D1:True|D2:True|D3:True","H1:H1 rack picking and carton handoff:Transport to work bay:load=True:handoffs=0|H2:H2 cross-aisle carton transfer:Return for next assignment:load=False:handoffs=1|H3:H3 station scan and dispatch verification:Transport to work bay:load=False:handoffs=0|H4:H4 trolley supply transfer:Transport to work bay:load=True:handoffs=1|H5:H5 rack inspection and replenishment:Load / inspect at source:load=False:handoffs=1|F1:F1 inbound pallet replenishment:Transport to work bay:load=True:handoffs=0|F2:F2 outbound pallet dispatch:Return for next assignment:load=False:handoffs=2"
71.0629,9,58,660,-13.0020,0.0500,-11.7900,157.6805,0.9164,0.0000,-12.3000,0.0000,-13.5000,1.8491,7,"","","7.500:0.050:16.744|-4.192:0.050:-6.310|11.384:0.050:-16.951|4.215:0.050:4.876|8.400:0.050:9.725","0.000:0.000:0.000|-0.001:0.000:-0.800|0.000:0.000:0.000|-0.001:0.000:-0.656|0.000:0.000:0.000","-11.308:0.050:8.170|20.027:0.050:-5.648","0.000:0.000:0.000|-0.015:0.000:-1.300",False,False,Moving,60.00,40.00,3.00,MultiAgentTraffic,"P1:True|P2:True|P3:True|D1:True|D2:True|D3:True","H1:H1 rack picking and carton handoff:Transport to work bay:load=True:handoffs=0|H2:H2 cross-aisle carton transfer:Return for next assignment:load=False:handoffs=1|H3:H3 station scan and dispatch verification:Transport to work bay:load=False:handoffs=0|H4:H4 trolley supply transfer:Transport to work bay:load=True:handoffs=1|H5:H5 rack inspection and replenishment:Load / inspect at source:load=False:handoffs=1|F1:F1 inbound pallet replenishment:Transport to work bay:load=True:handoffs=0|F2:F2 outbound pallet dispatch:Return for next assignment:load=False:handoffs=2"
71.1777,9,58,661,-12.9497,0.0500,-11.9175,157.6805,1.8612,0.0000,-12.3000,0.0000,-13.5000,1.7114,7,"","","7.500:0.050:16.744|-4.192:0.050:-6.402|11.384:0.050:-16.951|4.215:0.050:4.800|8.400:0.050:9.725","0.000:0.000:0.000|-0.001:0.000:-0.800|0.000:0.000:0.000|-0.001:0.000:-0.656|0.000:0.000:0.000","-11.308:0.050:8.170|20.025:0.050:-5.797","0.000:0.000:0.000|-0.015:0.000:-1.300",False,False,Moving,60.00,40.00,3.00,MultiAgentTraffic,"P1:True|P2:True|P3:True|D1:True|D2:True|D3:True","H1:H1 rack picking and carton handoff:Transport to work bay:load=True:handoffs=0|H2:H2 cross-aisle carton transfer:Return for next assignment:load=False:handoffs=1|H3:H3 station scan and dispatch verification:Transport to work bay:load=False:handoffs=0|H4:H4 trolley supply transfer:Transport to work bay:load=True:handoffs=1|H5:H5 rack inspection and replenishment:Load / inspect at source:load=False:handoffs=1|F1:F1 inbound pallet replenishment:Transport to work bay:load=True:handoffs=0|F2:F2 outbound pallet dispatch:Return for next assignment:load=False:handoffs=2"
71.2943,9,58,662,-12.8965,0.0500,-12.0470,157.6806,0.9561,0.0000,-12.3000,0.0000,-13.5000,1.5715,7,"","","7.500:0.050:16.744|-4.192:0.050:-6.495|11.384:0.050:-16.951|4.215:0.050:4.724|8.400:0.050:9.725","0.000:0.000:0.000|-0.001:0.000:-0.800|0.000:0.000:0.000|-0.001:0.000:-0.656|0.000:0.000:0.000","-11.308:0.050:8.170|20.023:0.050:-5.949","0.000:0.000:0.000|-0.015:0.000:-1.300",False,False,Moving,60.00,40.00,3.00,MultiAgentTraffic,"P1:True|P2:True|P3:True|D1:True|D2:True|D3:True","H1:H1 rack picking and carton handoff:Transport to work bay:load=True:handoffs=0|H2:H2 cross-aisle carton transfer:Return for next assignment:load=False:handoffs=1|H3:H3 station scan and dispatch verification:Transport to work bay:load=False:handoffs=0|H4:H4 trolley supply transfer:Transport to work bay:load=True:handoffs=1|H5:H5 rack inspection and replenishment:Load / inspect at source:load=False:handoffs=1|F1:F1 inbound pallet replenishment:Transport to work bay:load=True:handoffs=0|F2:F2 outbound pallet dispatch:Return for next assignment:load=False:handoffs=2"
71.4063,9,58,663,-12.8455,0.0500,-12.1713,157.6806,0.8897,0.0000,-12.3000,0.0000,-13.5000,1.4372,7,"","","7.500:0.050:16.744|-4.192:0.050:-6.585|11.384:0.050:-16.951|4.215:0.050:4.650|8.400:0.050:9.725","0.000:0.000:0.000|-0.001:0.000:-0.800|0.000:0.000:0.000|-0.001:0.000:-0.656|0.000:0.000:0.000","-11.308:0.050:8.170|20.022:0.050:-6.094","0.000:0.000:0.000|-0.015:0.000:-1.300",False,False,Moving,60.00,40.00,3.00,MultiAgentTraffic,"P1:True|P2:True|P3:True|D1:True|D2:True|D3:True","H1:H1 rack picking and carton handoff:Transport to work bay:load=True:handoffs=0|H2:H2 cross-aisle carton transfer:Return for next assignment:load=False:handoffs=1|H3:H3 station scan and dispatch verification:Transport to work bay:load=False:handoffs=0|H4:H4 trolley supply transfer:Transport to work bay:load=True:handoffs=1|H5:H5 rack inspection and replenishment:Load / inspect at source:load=False:handoffs=1|F1:F1 inbound pallet replenishment:Transport to work bay:load=True:handoffs=0|F2:F2 outbound pallet dispatch:Return for next assignment:load=False:handoffs=2"
71.5149,9,58,664,-12.7960,0.0500,-12.2918,157.6806,1.8365,0.0000,-12.3000,0.0000,-13.5000,1.3070,7,"","","7.500:0.050:16.744|-4.192:0.050:-6.672|11.384:0.050:-16.951|4.215:0.050:4.579|8.400:0.050:9.725","0.000:0.000:0.000|-0.001:0.000:-0.800|0.000:0.000:0.000|-0.001:0.000:-0.656|0.000:0.000:0.000","-11.308:0.050:8.170|20.020:0.050:-6.235","0.000:0.000:0.000|-0.015:0.000:-1.300",False,False,Moving,60.00,40.00,3.00,MultiAgentTraffic,"P1:True|P2:True|P3:True|D1:True|D2:True|D3:True","H1:H1 rack picking and carton handoff:Transport to work bay:load=True:handoffs=0|H2:H2 cross-aisle carton transfer:Return for next assignment:load=False:handoffs=1|H3:H3 station scan and dispatch verification:Transport to work bay:load=False:handoffs=0|H4:H4 trolley supply transfer:Transport to work bay:load=True:handoffs=1|H5:H5 rack inspection and replenishment:Load / inspect at source:load=False:handoffs=1|F1:F1 inbound pallet replenishment:Transport to work bay:load=True:handoffs=0|F2:F2 outbound pallet dispatch:Return for next assignment:load=False:handoffs=2"
71.6271,9,58,665,-12.7448,0.0500,-12.4164,157.6806,0.9474,0.0000,-12.3000,0.0000,-13.5000,1.1724,7,"","","7.500:0.050:16.744|-4.192:0.050:-6.761|11.384:0.050:-16.951|4.215:0.050:4.506|8.400:0.050:9.725","0.000:0.000:0.000|-0.001:0.000:-0.800|0.000:0.000:0.000|-0.001:0.000:-0.656|0.000:0.000:0.000","-11.308:0.050:8.170|20.018:0.050:-6.381","0.000:0.000:0.000|-0.015:0.000:-1.300",False,False,Moving,60.00,40.00,3.00,MultiAgentTraffic,"P1:True|P2:True|P3:True|D1:True|D2:True|D3:True","H1:H1 rack picking and carton handoff:Transport to work bay:load=True:handoffs=0|H2:H2 cross-aisle carton transfer:Return for next assignment:load=False:handoffs=1|H3:H3 station scan and dispatch verification:Transport to work bay:load=False:handoffs=0|H4:H4 trolley supply transfer:Transport to work bay:load=True:handoffs=1|H5:H5 rack inspection and replenishment:Load / inspect at source:load=False:handoffs=1|F1:F1 inbound pallet replenishment:Transport to work bay:load=True:handoffs=0|F2:F2 outbound pallet dispatch:Return for next assignment:load=False:handoffs=2"
71.7415,9,58,666,-12.6927,0.0500,-12.5433,157.6806,1.0186,0.0000,-12.3000,0.0000,-13.5000,1.0353,7,"","","7.500:0.050:16.744|-4.192:0.050:-6.853|11.384:0.050:-16.951|4.215:0.050:4.431|8.400:0.050:9.725","0.000:0.000:0.000|-0.001:0.000:-0.800|0.000:0.000:0.000|-0.001:0.000:-0.656|0.000:0.000:0.000","-11.308:0.050:8.170|20.017:0.050:-6.530","0.000:0.000:0.000|-0.015:0.000:-1.300",False,False,Moving,60.00,40.00,3.00,MultiAgentTraffic,"P1:True|P2:True|P3:True|D1:True|D2:True|D3:True","H1:H1 rack picking and carton handoff:Transport to work bay:load=True:handoffs=0|H2:H2 cross-aisle carton transfer:Return for next assignment:load=False:handoffs=1|H3:H3 station scan and dispatch verification:Transport to work bay:load=False:handoffs=0|H4:H4 trolley supply transfer:Transport to work bay:load=True:handoffs=1|H5:H5 rack inspection and replenishment:Load / inspect at source:load=False:handoffs=1|F1:F1 inbound pallet replenishment:Transport to work bay:load=True:handoffs=0|F2:F2 outbound pallet dispatch:Return for next assignment:load=False:handoffs=2"
71.8477,9,58,667,-12.6443,0.0500,-12.6613,157.6806,1.4683,0.0000,-12.3000,0.0000,-13.5000,0.9080,7,"","","7.500:0.050:16.744|-4.192:0.050:-6.938|11.384:0.050:-16.951|4.214:0.050:4.361|8.400:0.050:9.725","0.000:0.000:0.000|-0.001:0.000:-0.800|0.000:0.000:0.000|-0.001:0.000:-0.656|0.000:0.000:0.000","-11.308:0.050:8.170|20.015:0.050:-6.668","0.000:0.000:0.000|-0.015:0.000:-1.300",False,False,Moving,60.00,40.00,3.00,MultiAgentTraffic,"P1:True|P2:True|P3:True|D1:True|D2:True|D3:True","H1:H1 rack picking and carton handoff:Transport to work bay:load=True:handoffs=0|H2:H2 cross-aisle carton transfer:Return for next assignment:load=False:handoffs=1|H3:H3 station scan and dispatch verification:Transport to work bay:load=False:handoffs=0|H4:H4 trolley supply transfer:Transport to work bay:load=True:handoffs=1|H5:H5 rack inspection and replenishment:Load / inspect at source:load=False:handoffs=1|F1:F1 inbound pallet replenishment:Transport to work bay:load=True:handoffs=0|F2:F2 outbound pallet dispatch:Return for next assignment:load=False:handoffs=2"
71.9591,9,58,668,-12.5936,0.0500,-12.7849,157.6805,0.9345,0.0000,-12.3000,0.0000,-13.5000,0.7746,7,"","","7.500:0.050:16.744|-4.193:0.050:-7.027|11.384:0.050:-16.951|4.214:0.050:4.288|8.400:0.050:9.725","0.000:0.000:0.000|-0.001:0.000:-0.800|0.000:0.000:0.000|-0.001:0.000:-0.656|0.000:0.000:0.000","-11.308:0.050:8.170|20.013:0.050:-6.813","0.000:0.000:0.000|-0.015:0.000:-1.300",False,False,Moving,60.00,40.00,3.00,MultiAgentTraffic,"P1:True|P2:True|P3:True|D1:True|D2:True|D3:True","H1:H1 rack picking and carton handoff:Transport to work bay:load=True:handoffs=0|H2:H2 cross-aisle carton transfer:Return for next assignment:load=False:handoffs=1|H3:H3 station scan and dispatch verification:Transport to work bay:load=False:handoffs=0|H4:H4 trolley supply transfer:Transport to work bay:load=True:handoffs=1|H5:H5 rack inspection and replenishment:Load / inspect at source:load=False:handoffs=1|F1:F1 inbound pallet replenishment:Transport to work bay:load=True:handoffs=0|F2:F2 outbound pallet dispatch:Return for next assignment:load=False:handoffs=2"
72.0594,9,58,669,-12.5480,0.0500,-12.8960,157.6805,1.0710,0.0000,-12.3000,0.0000,-13.5000,0.6548,7,"","","7.500:0.050:16.744|-4.193:0.050:-7.107|11.384:0.050:-16.951|4.214:0.050:4.222|8.400:0.050:9.725","0.000:0.000:0.000|-0.001:0.000:-0.800|0.000:0.000:0.000|-0.001:0.000:-0.656|0.000:0.000:0.000","-11.308:0.050:8.170|20.012:0.050:-6.943","0.000:0.000:0.000|-0.015:0.000:-1.300",False,False,Moving,60.00,40.00,3.00,MultiAgentTraffic,"P1:True|P2:True|P3:True|D1:True|D2:True|D3:True","H1:H1 rack picking and carton handoff:Transport to work bay:load=True:handoffs=0|H2:H2 cross-aisle carton transfer:Return for next assignment:load=False:handoffs=1|H3:H3 station scan and dispatch verification:Transport to work bay:load=False:handoffs=0|H4:H4 trolley supply transfer:Transport to work bay:load=True:handoffs=1|H5:H5 rack inspection and replenishment:Load / inspect at source:load=False:handoffs=1|F1:F1 inbound pallet replenishment:Transport to work bay:load=True:handoffs=0|F2:F2 outbound pallet dispatch:Return for next assignment:load=False:handoffs=2"
72.1731,9,58,670,-12.4997,0.0500,-13.0136,157.6806,0.8819,0.0008,-12.3000,0.0000,-13.5000,0.5282,7,"","","7.500:0.050:16.744|-4.193:0.050:-7.198|11.384:0.050:-16.951|4.214:0.050:4.147|8.400:0.050:9.725","0.000:0.000:0.000|-0.001:0.000:-0.800|0.000:0.000:0.000|-0.001:0.000:-0.656|0.000:0.000:0.000","-11.308:0.050:8.170|20.010:0.050:-7.091","0.000:0.000:0.000|-0.015:0.000:-1.300",False,False,Moving,60.00,40.00,3.00,MultiAgentTraffic,"P1:True|P2:True|P3:True|D1:True|D2:True|D3:True","H1:H1 rack picking and carton handoff:Transport to work bay:load=True:handoffs=0|H2:H2 cross-aisle carton transfer:Return for next assignment:load=False:handoffs=1|H3:H3 station scan and dispatch verification:Transport to work bay:load=False:handoffs=0|H4:H4 trolley supply transfer:Transport to work bay:load=True:handoffs=1|H5:H5 rack inspection and replenishment:Load / inspect at source:load=False:handoffs=1|F1:F1 inbound pallet replenishment:Transport to work bay:load=True:handoffs=0|F2:F2 outbound pallet dispatch:Return for next assignment:load=False:handoffs=2"
72.2894,9,58,671,-12.4557,0.0500,-13.1208,157.6806,0.6917,0.0000,-12.3000,0.0000,-13.5000,0.4130,7,"","","7.500:0.050:16.744|-4.193:0.050:-7.291|11.384:0.050:-16.951|4.214:0.050:4.071|8.400:0.050:9.725","0.000:0.000:0.000|-0.001:0.000:-0.800|0.000:0.000:0.000|-0.001:0.000:-0.656|0.000:0.000:0.000","-11.308:0.050:8.170|20.009:0.050:-7.242","0.000:0.000:0.000|-0.015:0.000:-1.300",False,False,Idle,60.00,40.00,3.00,MultiAgentTraffic,"P1:True|P2:True|P3:True|D1:True|D2:True|D3:True","H1:H1 rack picking and carton handoff:Transport to work bay:load=True:handoffs=0|H2:H2 cross-aisle carton transfer:Return for next assignment:load=False:handoffs=1|H3:H3 station scan and dispatch verification:Transport to work bay:load=False:handoffs=0|H4:H4 trolley supply transfer:Transport to work bay:load=True:handoffs=1|H5:H5 rack inspection and replenishment:Load / inspect at source:load=False:handoffs=1|F1:F1 inbound pallet replenishment:Transport to work bay:load=True:handoffs=0|F2:F2 outbound pallet dispatch:Return for next assignment:load=False:handoffs=2"
72.4045,9,58,672,-12.4173,0.0500,-13.2142,157.6806,0.7567,0.0000,-12.3000,0.0000,-13.5000,0.3129,7,"","","7.500:0.050:16.744|-4.193:0.050:-7.383|11.384:0.050:-16.951|4.214:0.050:3.996|8.400:0.050:9.725","0.000:0.000:0.000|-0.001:0.000:-0.800|0.000:0.000:0.000|-0.001:0.000:-0.656|0.000:0.000:0.000","-11.308:0.050:8.170|20.007:0.050:-7.392","0.000:0.000:0.000|-0.015:0.000:-1.300",False,False,Idle,60.00,40.00,3.00,MultiAgentTraffic,"P1:True|P2:True|P3:True|D1:True|D2:True|D3:True","H1:H1 rack picking and carton handoff:Transport to work bay:load=True:handoffs=0|H2:H2 cross-aisle carton transfer:Return for next assignment:load=False:handoffs=1|H3:H3 station scan and dispatch verification:Transport to work bay:load=False:handoffs=0|H4:H4 trolley supply transfer:Transport to work bay:load=True:handoffs=1|H5:H5 rack inspection and replenishment:Load / inspect at source:load=False:handoffs=1|F1:F1 inbound pallet replenishment:Transport to work bay:load=True:handoffs=0|F2:F2 outbound pallet dispatch:Return for next assignment:load=False:handoffs=2"
72.5173,9,58,673,-12.3850,0.0500,-13.2930,157.6806,0.5607,0.0000,-12.3000,0.0000,-13.5000,0.2293,7,"","","7.500:0.050:16.744|-4.193:0.050:-7.473|11.384:0.050:-16.951|4.214:0.050:3.922|8.400:0.050:9.725","0.000:0.000:0.000|-0.001:0.000:-0.800|0.000:0.000:0.000|-0.001:0.000:-0.656|0.000:0.000:0.000","-11.308:0.050:8.170|20.005:0.050:-7.538","0.000:0.000:0.000|-0.015:0.000:-1.300",False,False,Idle,60.00,40.00,3.00,MultiAgentTraffic,"P1:True|P2:True|P3:True|D1:True|D2:True|D3:True","H1:H1 rack picking and carton handoff:Transport to work bay:load=True:handoffs=0|H2:H2 cross-aisle carton transfer:Return for next assignment:load=False:handoffs=1|H3:H3 station scan and dispatch verification:Transport to work bay:load=False:handoffs=0|H4:H4 trolley supply transfer:Transport to work bay:load=True:handoffs=1|H5:H5 rack inspection and replenishment:Load / inspect at source:load=False:handoffs=1|F1:F1 inbound pallet replenishment:Transport to work bay:load=True:handoffs=0|F2:F2 outbound pallet dispatch:Return for next assignment:load=False:handoffs=2"
72.6176,9,58,674,-12.3605,0.0500,-13.3527,157.6805,1.0050,0.0000,-12.3000,0.0000,-13.5000,0.1669,7,"","","7.500:0.050:16.744|-4.193:0.050:-7.554|11.384:0.050:-16.951|4.214:0.050:3.856|8.400:0.050:9.725","0.000:0.000:0.000|-0.001:0.000:-0.800|0.000:0.000:0.000|-0.001:0.000:-0.656|0.000:0.000:0.000","-11.308:0.050:8.170|20.004:0.050:-7.669","0.000:0.000:0.000|-0.015:0.000:-1.300",False,False,Idle,60.00,40.00,3.00,MultiAgentTraffic,"P1:True|P2:True|P3:True|D1:True|D2:True|D3:True","H1:H1 rack picking and carton handoff:Transport to work bay:load=True:handoffs=0|H2:H2 cross-aisle carton transfer:Return for next assignment:load=False:handoffs=1|H3:H3 station scan and dispatch verification:Transport to work bay:load=False:handoffs=0|H4:H4 trolley supply transfer:Transport to work bay:load=True:handoffs=1|H5:H5 rack inspection and replenishment:Load / inspect at source:load=False:handoffs=1|F1:F1 inbound pallet replenishment:Transport to work bay:load=True:handoffs=0|F2:F2 outbound pallet dispatch:Return for next assignment:load=False:handoffs=2"
72.7228,9,58,675,-12.3391,0.0500,-13.4048,157.6804,0.4393,0.0000,-12.3000,0.0000,-13.5000,0.1144,7,"","","7.500:0.050:16.744|-4.193:0.050:-7.638|11.384:0.050:-16.951|4.214:0.050:3.787|8.400:0.050:9.725","0.000:0.000:0.000|-0.001:0.000:-0.800|0.000:0.000:0.000|-0.001:0.000:-0.656|0.000:0.000:0.000","-11.308:0.050:8.170|20.003:0.050:-7.743","0.000:0.000:0.000|0.000:0.000:0.000",False,False,Idle,60.00,40.00,3.00,MultiAgentTraffic,"P1:True|P2:True|P3:True|D1:True|D2:True|D3:True","H1:H1 rack picking and carton handoff:Transport to work bay:load=True:handoffs=0|H2:H2 cross-aisle carton transfer:Return for next assignment:load=False:handoffs=1|H3:H3 station scan and dispatch verification:Transport to work bay:load=False:handoffs=0|H4:H4 trolley supply transfer:Transport to work bay:load=True:handoffs=1|H5:H5 rack inspection and replenishment:Load / inspect at source:load=False:handoffs=1|F1:F1 inbound pallet replenishment:Transport to work bay:load=True:handoffs=0|F2:F2 outbound pallet dispatch:Load / inspect at source:load=False:handoffs=2"
72.8366,9,58,676,-12.3207,0.0500,-13.4496,157.6804,0.3356,0.0000,-12.3000,0.0000,-13.5000,0.0740,7,"","","7.500:0.050:16.744|-4.193:0.050:-7.729|11.384:0.050:-16.951|4.213:0.050:3.712|8.400:0.050:9.725","0.000:0.000:0.000|-0.001:0.000:-0.800|0.000:0.000:0.000|-0.001:0.000:-0.656|0.000:0.000:0.000","-11.308:0.050:8.170|20.003:0.050:-7.743","0.000:0.000:0.000|0.000:0.000:0.000",False,False,Idle,60.00,40.00,3.00,MultiAgentTraffic,"P1:True|P2:True|P3:True|D1:True|D2:True|D3:True","H1:H1 rack picking and carton handoff:Transport to work bay:load=True:handoffs=0|H2:H2 cross-aisle carton transfer:Return for next assignment:load=False:handoffs=1|H3:H3 station scan and dispatch verification:Transport to work bay:load=False:handoffs=0|H4:H4 trolley supply transfer:Transport to work bay:load=True:handoffs=1|H5:H5 rack inspection and replenishment:Load / inspect at source:load=False:handoffs=1|F1:F1 inbound pallet replenishment:Transport to work bay:load=True:handoffs=0|F2:F2 outbound pallet dispatch:Load / inspect at source:load=False:handoffs=2"
72.9524,9,58,677,-12.3079,0.0500,-13.4808,157.6801,0.2157,-0.0031,-12.3000,0.0000,-13.5000,0.0541,7,"","","7.500:0.050:16.744|-4.194:0.050:-7.822|11.384:0.050:-16.951|4.213:0.050:3.636|8.400:0.050:9.725","0.000:0.000:0.000|-0.001:0.000:-0.800|0.000:0.000:0.000|-0.001:0.000:-0.656|0.000:0.000:0.000","-11.308:0.050:8.170|20.003:0.050:-7.743","0.000:0.000:0.000|0.000:0.000:0.000",False,False,Idle,60.00,40.00,3.00,MultiAgentTraffic,"P1:True|P2:True|P3:True|D1:True|D2:True|D3:True","H1:H1 rack picking and carton handoff:Transport to work bay:load=True:handoffs=0|H2:H2 cross-aisle carton transfer:Return for next assignment:load=False:handoffs=1|H3:H3 station scan and dispatch verification:Transport to work bay:load=False:handoffs=0|H4:H4 trolley supply transfer:Transport to work bay:load=True:handoffs=1|H5:H5 rack inspection and replenishment:Load / inspect at source:load=False:handoffs=1|F1:F1 inbound pallet replenishment:Transport to work bay:load=True:handoffs=0|F2:F2 outbound pallet dispatch:Load / inspect at source:load=False:handoffs=2"
73.0577,9,58,678,-12.3012,0.0500,-13.4970,157.6800,0.2359,-0.0015,-12.3000,0.0000,-13.5000,0.0501,7,"","","7.500:0.050:16.744|-4.194:0.050:-7.906|11.384:0.050:-16.951|4.213:0.050:3.567|8.400:0.050:9.725","0.000:0.000:0.000|-0.001:0.000:-0.800|0.000:0.000:0.000|-0.001:0.000:-0.656|0.000:0.000:0.000","-11.308:0.050:8.170|20.003:0.050:-7.743","0.000:0.000:0.000|0.000:0.000:0.000",False,False,Idle,60.00,40.00,3.00,MultiAgentTraffic,"P1:True|P2:True|P3:True|D1:True|D2:True|D3:True","H1:H1 rack picking and carton handoff:Transport to work bay:load=True:handoffs=0|H2:H2 cross-aisle carton transfer:Return for next assignment:load=False:handoffs=1|H3:H3 station scan and dispatch verification:Transport to work bay:load=False:handoffs=0|H4:H4 trolley supply transfer:Transport to work bay:load=True:handoffs=1|H5:H5 rack inspection and replenishment:Transport to work bay:load=False:handoffs=1|F1:F1 inbound pallet replenishment:Transport to work bay:load=True:handoffs=0|F2:F2 outbound pallet dispatch:Load / inspect at source:load=False:handoffs=2"
73.1726,9,58,679,-12.3000,0.0500,-13.5000,157.6800,0.0000,0.0000,-12.3000,0.0000,-13.5000,0.0500,7,"","","7.500:0.050:16.744|-4.194:0.050:-7.998|11.384:0.050:-16.951|4.213:0.050:3.492|8.400:0.050:9.725","0.000:0.000:0.000|-0.001:0.000:-0.800|0.000:0.000:0.000|-0.001:0.000:-0.656|0.000:0.000:0.000","-11.308:0.050:8.170|20.003:0.050:-7.743","0.000:0.000:0.000|0.000:0.000:0.000",False,False,Idle,60.00,40.00,3.00,MultiAgentTraffic,"P1:True|P2:True|P3:True|D1:True|D2:True|D3:True","H1:H1 rack picking and carton handoff:Transport to work bay:load=True:handoffs=0|H2:H2 cross-aisle carton transfer:Return for next assignment:load=False:handoffs=1|H3:H3 station scan and dispatch verification:Transport to work bay:load=False:handoffs=0|H4:H4 trolley supply transfer:Transport to work bay:load=True:handoffs=1|H5:H5 rack inspection and replenishment:Transport to work bay:load=False:handoffs=1|F1:F1 inbound pallet replenishment:Transport to work bay:load=True:handoffs=0|F2:F2 outbound pallet dispatch:Load / inspect at source:load=False:handoffs=2"
73.2751,9,58,680,-12.3000,0.0500,-13.5000,157.6800,0.0000,0.0000,-12.3000,0.0000,-13.5000,0.0500,7,"","","7.500:0.050:16.744|-4.194:0.050:-8.080|11.384:0.050:-16.951|4.213:0.050:3.425|8.400:0.050:9.725","0.000:0.000:0.000|-0.001:0.000:-0.800|0.000:0.000:0.000|-0.001:0.000:-0.656|0.000:0.000:0.000","-11.308:0.050:8.170|20.003:0.050:-7.743","0.000:0.000:0.000|0.000:0.000:0.000",False,False,Idle,60.00,40.00,3.00,MultiAgentTraffic,"P1:True|P2:True|P3:True|D1:True|D2:True|D3:True","H1:H1 rack picking and carton handoff:Transport to work bay:load=True:handoffs=0|H2:H2 cross-aisle carton transfer:Return for next assignment:load=False:handoffs=1|H3:H3 station scan and dispatch verification:Transport to work bay:load=False:handoffs=0|H4:H4 trolley supply transfer:Transport to work bay:load=True:handoffs=1|H5:H5 rack inspection and replenishment:Transport to work bay:load=False:handoffs=1|F1:F1 inbound pallet replenishment:Transport to work bay:load=True:handoffs=0|F2:F2 outbound pallet dispatch:Load / inspect at source:load=False:handoffs=2"
73.3761,9,58,681,-12.3000,0.0500,-13.5000,157.6800,0.0000,0.0000,-12.3000,0.0000,-13.5000,0.0500,7,"","","7.500:0.050:16.744|-4.194:0.050:-8.160|11.384:0.050:-16.951|4.213:0.050:3.358|8.400:0.050:9.725","0.000:0.000:0.000|-0.001:0.000:-0.800|0.000:0.000:0.000|-0.001:0.000:-0.656|0.000:0.000:0.000","-11.308:0.050:8.170|20.003:0.050:-7.743","0.000:0.000:0.000|0.000:0.000:0.000",False,False,Idle,60.00,40.00,3.00,MultiAgentTraffic,"P1:True|P2:True|P3:True|D1:True|D2:True|D3:True","H1:H1 rack picking and carton handoff:Transport to work bay:load=True:handoffs=0|H2:H2 cross-aisle carton transfer:Return for next assignment:load=False:handoffs=1|H3:H3 station scan and dispatch verification:Transport to work bay:load=False:handoffs=0|H4:H4 trolley supply transfer:Transport to work bay:load=True:handoffs=1|H5:H5 rack inspection and replenishment:Transport to work bay:load=False:handoffs=1|F1:F1 inbound pallet replenishment:Transport to work bay:load=True:handoffs=0|F2:F2 outbound pallet dispatch:Load / inspect at source:load=False:handoffs=2"
73.4889,9,58,682,-12.3000,0.0500,-13.5000,157.6800,0.0000,0.0000,-12.3000,0.0000,-13.5000,0.0500,7,"","","7.500:0.050:16.744|-4.194:0.050:-8.251|11.384:0.050:-16.951|4.213:0.050:3.284|8.400:0.050:9.725","0.000:0.000:0.000|-0.001:0.000:-0.800|0.000:0.000:0.000|-0.001:0.000:-0.656|0.000:0.000:0.000","-11.308:0.050:8.170|20.003:0.050:-7.743","0.000:0.000:0.000|0.000:0.000:0.000",False,False,Idle,60.00,40.00,3.00,MultiAgentTraffic,"P1:True|P2:True|P3:True|D1:True|D2:True|D3:True","H1:H1 rack picking and carton handoff:Transport to work bay:load=True:handoffs=0|H2:H2 cross-aisle carton transfer:Return for next assignment:load=False:handoffs=1|H3:H3 station scan and dispatch verification:Transport to work bay:load=False:handoffs=0|H4:H4 trolley supply transfer:Transport to work bay:load=True:handoffs=1|H5:H5 rack inspection and replenishment:Transport to work bay:load=False:handoffs=1|F1:F1 inbound pallet replenishment:Transport to work bay:load=True:handoffs=0|F2:F2 outbound pallet dispatch:Load / inspect at source:load=False:handoffs=2"
73.5986,9,58,683,-12.3000,0.0500,-13.5000,157.6800,0.0000,0.0000,-12.3000,0.0000,-13.5000,0.0500,7,"","","7.500:0.050:16.744|-4.194:0.050:-8.338|11.384:0.050:-16.951|4.213:0.050:3.212|8.400:0.050:9.725","0.000:0.000:0.000|-0.001:0.000:-0.800|0.000:0.000:0.000|-0.001:0.000:-0.656|0.000:0.000:0.000","-11.308:0.050:8.170|20.003:0.050:-7.743","0.000:0.000:0.000|0.000:0.000:0.000",False,False,Idle,60.00,40.00,3.00,MultiAgentTraffic,"P1:True|P2:True|P3:True|D1:True|D2:True|D3:True","H1:H1 rack picking and carton handoff:Transport to work bay:load=True:handoffs=0|H2:H2 cross-aisle carton transfer:Return for next assignment:load=False:handoffs=1|H3:H3 station scan and dispatch verification:Transport to work bay:load=False:handoffs=0|H4:H4 trolley supply transfer:Transport to work bay:load=True:handoffs=1|H5:H5 rack inspection and replenishment:Transport to work bay:load=False:handoffs=1|F1:F1 inbound pallet replenishment:Transport to work bay:load=True:handoffs=0|F2:F2 outbound pallet dispatch:Load / inspect at source:load=False:handoffs=2"
73.7246,9,58,684,-12.3000,0.0500,-13.5000,157.6800,0.0000,0.0000,-12.3000,0.0000,-13.5000,0.0500,7,"","","7.500:0.050:16.744|-4.194:0.050:-8.439|11.384:0.050:-16.951|4.212:0.050:3.130|8.399:0.050:9.725","0.000:0.000:0.000|-0.001:0.000:-0.800|0.000:0.000:0.000|-0.001:0.000:-0.656|-0.027:0.000:-0.012","-11.308:0.050:8.170|20.003:0.050:-7.743","0.000:0.000:0.000|0.000:0.000:0.000",False,False,Idle,60.00,40.00,3.00,MultiAgentTraffic,"P1:True|P2:True|P3:True|D1:True|D2:True|D3:True","H1:H1 rack picking and carton handoff:Transport to work bay:load=True:handoffs=0|H2:H2 cross-aisle carton transfer:Return for next assignment:load=False:handoffs=1|H3:H3 station scan and dispatch verification:Transport to work bay:load=False:handoffs=0|H4:H4 trolley supply transfer:Transport to work bay:load=True:handoffs=1|H5:H5 rack inspection and replenishment:Transport to work bay:load=False:handoffs=1|F1:F1 inbound pallet replenishment:Transport to work bay:load=True:handoffs=0|F2:F2 outbound pallet dispatch:Load / inspect at source:load=False:handoffs=2"
73.8337,9,58,685,-12.3000,0.0500,-13.5000,157.6800,0.0000,0.0000,-12.3000,0.0000,-13.5000,0.0500,7,"","","7.500:0.050:16.744|-4.194:0.050:-8.527|11.384:0.050:-16.951|4.212:0.050:3.058|8.392:0.050:9.719","0.000:0.000:0.000|-0.001:0.000:-0.800|0.000:0.000:0.000|-0.001:0.000:-0.656|-0.086:0.000:-0.079","-11.308:0.050:8.170|20.003:0.050:-7.743","0.000:0.000:0.000|0.000:0.000:0.000",False,False,Idle,60.00,40.00,3.00,MultiAgentTraffic,"P1:True|P2:True|P3:True|D1:True|D2:True|D3:True","H1:H1 rack picking and carton handoff:Transport to work bay:load=True:handoffs=0|H2:H2 cross-aisle carton transfer:Return for next assignment:load=False:handoffs=1|H3:H3 station scan and dispatch verification:Transport to work bay:load=False:handoffs=0|H4:H4 trolley supply transfer:Transport to work bay:load=True:handoffs=1|H5:H5 rack inspection and replenishment:Transport to work bay:load=False:handoffs=1|F1:F1 inbound pallet replenishment:Transport to work bay:load=True:handoffs=0|F2:F2 outbound pallet dispatch:Load / inspect at source:load=False:handoffs=2"
73.9465,9,58,686,-12.3000,0.0500,-13.5000,157.6800,0.0000,0.0000,-12.3000,0.0000,-13.5000,0.0500,7,"","","7.500:0.050:16.744|-4.194:0.050:-8.617|11.384:0.050:-16.951|4.212:0.050:2.984|8.381:0.050:9.704","0.000:0.000:0.000|-0.001:0.000:-0.800|0.000:0.000:0.000|-0.001:0.000:-0.656|-0.102:0.000:-0.180","-11.308:0.050:8.170|20.003:0.050:-7.743","0.000:0.000:0.000|0.000:0.000:0.000",False,False,Idle,60.00,40.00,3.00,MultiAgentTraffic,"P1:True|P2:True|P3:True|D1:True|D2:True|D3:True","H1:H1 rack picking and carton handoff:Transport to work bay:load=True:handoffs=0|H2:H2 cross-aisle carton transfer:Return for next assignment:load=False:handoffs=1|H3:H3 station scan and dispatch verification:Transport to work bay:load=False:handoffs=0|H4:H4 trolley supply transfer:Transport to work bay:load=True:handoffs=1|H5:H5 rack inspection and replenishment:Transport to work bay:load=False:handoffs=1|F1:F1 inbound pallet replenishment:Transport to work bay:load=True:handoffs=0|F2:F2 outbound pallet dispatch:Load / inspect at source:load=False:handoffs=2"
74.0576,9,58,687,-12.3000,0.0500,-13.5000,157.6800,0.0000,0.0000,-12.3000,0.0000,-13.5000,0.0500,7,"","","7.500:0.050:16.744|-4.195:0.050:-8.706|11.384:0.050:-16.951|4.212:0.050:2.911|8.372:0.050:9.677","0.000:0.000:0.000|-0.001:0.000:-0.800|0.000:0.000:0.000|-0.001:0.000:-0.656|-0.061:0.000:-0.289","-11.308:0.050:8.170|20.003:0.050:-7.743","0.000:0.000:0.000|0.000:0.000:0.000",False,False,Idle,60.00,40.00,3.00,MultiAgentTraffic,"P1:True|P2:True|P3:True|D1:True|D2:True|D3:True","H1:H1 rack picking and carton handoff:Transport to work bay:load=True:handoffs=0|H2:H2 cross-aisle carton transfer:Return for next assignment:load=False:handoffs=1|H3:H3 station scan and dispatch verification:Transport to work bay:load=False:handoffs=0|H4:H4 trolley supply transfer:Transport to work bay:load=True:handoffs=1|H5:H5 rack inspection and replenishment:Transport to work bay:load=False:handoffs=1|F1:F1 inbound pallet replenishment:Transport to work bay:load=True:handoffs=0|F2:F2 outbound pallet dispatch:Load / inspect at source:load=False:handoffs=2"
74.1712,9,58,688,-12.3000,0.0500,-13.5000,157.6800,0.0000,0.0000,-12.3000,0.0000,-13.5000,0.0500,7,"","","7.500:0.050:16.744|-4.195:0.050:-8.797|11.384:0.050:-16.951|4.212:0.050:2.837|8.370:0.050:9.637","0.000:0.000:0.000|-0.001:0.000:-0.800|0.000:0.000:0.000|-0.001:0.000:-0.656|0.001:0.000:-0.387","-11.308:0.050:8.170|20.003:0.050:-7.743","0.000:0.000:0.000|0.000:0.000:0.000",False,False,Idle,60.00,40.00,3.00,MultiAgentTraffic,"P1:True|P2:True|P3:True|D1:True|D2:True|D3:True","H1:H1 rack picking and carton handoff:Transport to work bay:load=True:handoffs=0|H2:H2 cross-aisle carton transfer:Return for next assignment:load=False:handoffs=1|H3:H3 station scan and dispatch verification:Transport to work bay:load=False:handoffs=0|H4:H4 trolley supply transfer:Transport to work bay:load=True:handoffs=1|H5:H5 rack inspection and replenishment:Transport to work bay:load=False:handoffs=1|F1:F1 inbound pallet replenishment:Transport to work bay:load=True:handoffs=0|F2:F2 outbound pallet dispatch:Load / inspect at source:load=False:handoffs=2"
74.2735,9,58,689,-12.3000,0.0500,-13.5000,157.6800,0.0000,0.0000,-12.3000,0.0000,-13.5000,0.0500,7,"","","7.500:0.050:16.744|-4.195:0.050:-8.878|11.384:0.050:-16.951|4.212:0.050:2.770|8.370:0.050:9.593","0.000:0.000:0.000|-0.001:0.000:-0.800|0.000:0.000:0.000|-0.001:0.000:-0.656|0.001:0.000:-0.469","-11.308:0.050:8.170|20.003:0.050:-7.743","0.000:0.000:0.000|0.000:0.000:0.000",False,False,Idle,60.00,40.00,3.00,MultiAgentTraffic,"P1:True|P2:True|P3:True|D1:True|D2:True|D3:True","H1:H1 rack picking and carton handoff:Transport to work bay:load=True:handoffs=0|H2:H2 cross-aisle carton transfer:Return for next assignment:load=False:handoffs=1|H3:H3 station scan and dispatch verification:Transport to work bay:load=False:handoffs=0|H4:H4 trolley supply transfer:Transport to work bay:load=True:handoffs=1|H5:H5 rack inspection and replenishment:Transport to work bay:load=False:handoffs=1|F1:F1 inbound pallet replenishment:Transport to work bay:load=True:handoffs=0|F2:F2 outbound pallet dispatch:Load / inspect at source:load=False:handoffs=2"
74.3866,9,58,690,-12.3000,0.0500,-13.5000,157.6800,0.0000,0.0000,-12.3000,0.0000,-13.5000,0.0500,7,"","","7.500:0.050:16.744|-4.195:0.050:-8.969|11.384:0.050:-16.951|4.212:0.050:2.695|8.370:0.050:9.534","0.000:0.000:0.000|-0.001:0.000:-0.800|0.000:0.000:0.000|-0.001:0.000:-0.656|0.001:0.000:-0.559","-11.308:0.050:8.170|20.003:0.050:-7.743","0.000:0.000:0.000|0.000:0.000:0.000",False,False,Idle,60.00,40.00,3.00,MultiAgentTraffic,"P1:True|P2:True|P3:True|D1:True|D2:True|D3:True","H1:H1 rack picking and carton handoff:Transport to work bay:load=True:handoffs=0|H2:H2 cross-aisle carton transfer:Return for next assignment:load=False:handoffs=1|H3:H3 station scan and dispatch verification:Transport to work bay:load=False:handoffs=0|H4:H4 trolley supply transfer:Transport to work bay:load=True:handoffs=1|H5:H5 rack inspection and replenishment:Transport to work bay:load=False:handoffs=1|F1:F1 inbound pallet replenishment:Transport to work bay:load=True:handoffs=0|F2:F2 outbound pallet dispatch:Load / inspect at source:load=False:handoffs=2"
74.4975,9,58,691,-12.3000,0.0500,-13.5000,157.6800,0.0000,0.0000,-12.3000,0.0000,-13.5000,0.0500,7,"","","7.500:0.050:16.744|-4.195:0.050:-9.058|11.384:0.050:-16.951|4.212:0.050:2.623|8.370:0.050:9.466","0.000:0.000:0.000|-0.001:0.000:-0.800|0.000:0.000:0.000|-0.001:0.000:-0.656|0.001:0.000:-0.648","-11.308:0.050:8.170|20.003:0.050:-7.743","0.000:0.000:0.000|0.000:0.000:0.000",False,False,Idle,60.00,40.00,3.00,MultiAgentTraffic,"P1:True|P2:True|P3:True|D1:True|D2:True|D3:True","H1:H1 rack picking and carton handoff:Transport to work bay:load=True:handoffs=0|H2:H2 cross-aisle carton transfer:Return for next assignment:load=False:handoffs=1|H3:H3 station scan and dispatch verification:Transport to work bay:load=False:handoffs=0|H4:H4 trolley supply transfer:Transport to work bay:load=True:handoffs=1|H5:H5 rack inspection and replenishment:Transport to work bay:load=False:handoffs=1|F1:F1 inbound pallet replenishment:Transport to work bay:load=True:handoffs=0|F2:F2 outbound pallet dispatch:Load / inspect at source:load=False:handoffs=2"
74.6009,9,58,692,-12.3000,0.0500,-13.5000,157.6800,0.0000,0.0000,-12.3000,0.0000,-13.5000,0.0500,7,"","","7.500:0.050:16.744|-4.195:0.050:-9.140|11.384:0.050:-16.951|4.211:0.050:2.555|8.370:0.050:9.394","0.000:0.000:0.000|-0.001:0.000:-0.800|0.000:0.000:0.000|-0.001:0.000:-0.656|0.002:0.000:-0.731","-11.308:0.050:8.170|20.003:0.050:-7.743","0.000:0.000:0.000|0.000:0.000:0.000",False,False,Idle,60.00,40.00,3.00,MultiAgentTraffic,"P1:True|P2:True|P3:True|D1:True|D2:True|D3:True","H1:H1 rack picking and carton handoff:Transport to work bay:load=True:handoffs=0|H2:H2 cross-aisle carton transfer:Return for next assignment:load=False:handoffs=1|H3:H3 station scan and dispatch verification:Transport to work bay:load=False:handoffs=0|H4:H4 trolley supply transfer:Transport to work bay:load=True:handoffs=1|H5:H5 rack inspection and replenishment:Transport to work bay:load=False:handoffs=1|F1:F1 inbound pallet replenishment:Transport to work bay:load=True:handoffs=0|F2:F2 outbound pallet dispatch:Load / inspect at source:load=False:handoffs=2"
74.7093,9,58,693,-12.3000,0.0500,-13.5000,157.6800,0.0000,0.0000,-12.3000,0.0000,-13.5000,0.0500,7,"","","7.500:0.050:16.744|-4.195:0.050:-9.227|11.384:0.050:-16.951|4.211:0.050:2.484|8.371:0.050:9.310","0.000:0.000:0.000|-0.001:0.000:-0.800|0.000:0.000:0.000|-0.001:0.000:-0.656|0.002:0.000:-0.800","-11.308:0.050:8.170|20.003:0.050:-7.743","0.000:0.000:0.000|0.000:0.000:0.000",False,False,Idle,60.00,40.00,3.00,MultiAgentTraffic,"P1:True|P2:True|P3:True|D1:True|D2:True|D3:True","H1:H1 rack picking and carton handoff:Transport to work bay:load=True:handoffs=0|H2:H2 cross-aisle carton transfer:Return for next assignment:load=False:handoffs=1|H3:H3 station scan and dispatch verification:Transport to work bay:load=False:handoffs=0|H4:H4 trolley supply transfer:Transport to work bay:load=True:handoffs=1|H5:H5 rack inspection and replenishment:Transport to work bay:load=False:handoffs=1|F1:F1 inbound pallet replenishment:Transport to work bay:load=True:handoffs=0|F2:F2 outbound pallet dispatch:Load / inspect at source:load=False:handoffs=2"
74.8192,9,58,694,-12.3000,0.0500,-13.5000,157.6800,0.0000,0.0000,-12.3000,0.0000,-13.5000,0.0500,7,"","","7.500:0.050:16.744|-4.195:0.050:-9.315|11.384:0.050:-16.951|4.211:0.050:2.412|8.371:0.050:9.222","0.000:0.000:0.000|-0.001:0.000:-0.800|0.000:0.000:0.000|-0.001:0.000:-0.656|0.002:0.000:-0.800","-11.308:0.050:8.170|20.003:0.050:-7.743","0.000:0.000:0.000|0.000:0.000:0.000",False,False,Idle,60.00,40.00,3.00,MultiAgentTraffic,"P1:True|P2:True|P3:True|D1:True|D2:True|D3:True","H1:H1 rack picking and carton handoff:Transport to work bay:load=True:handoffs=0|H2:H2 cross-aisle carton transfer:Return for next assignment:load=False:handoffs=1|H3:H3 station scan and dispatch verification:Transport to work bay:load=False:handoffs=0|H4:H4 trolley supply transfer:Transport to work bay:load=True:handoffs=1|H5:H5 rack inspection and replenishment:Transport to work bay:load=False:handoffs=1|F1:F1 inbound pallet replenishment:Transport to work bay:load=True:handoffs=0|F2:F2 outbound pallet dispatch:Load / inspect at source:load=False:handoffs=2"
74.9231,9,58,695,-12.3000,0.0500,-13.5000,157.6800,0.0000,0.0000,-12.3000,0.0000,-13.5000,0.0500,7,"","","7.500:0.050:16.744|-4.195:0.050:-9.398|11.384:0.050:-16.951|4.211:0.050:2.343|8.371:0.050:9.139","0.000:0.000:0.000|-0.001:0.000:-0.800|0.000:0.000:0.000|-0.001:0.000:-0.656|0.002:0.000:-0.800","-11.308:0.050:8.170|20.003:0.050:-7.743","0.000:0.000:0.000|0.000:0.000:0.000",False,False,Idle,60.00,40.00,3.00,MultiAgentTraffic,"P1:True|P2:True|P3:True|D1:True|D2:True|D3:True","H1:H1 rack picking and carton handoff:Transport to work bay:load=True:handoffs=0|H2:H2 cross-aisle carton transfer:Return for next assignment:load=False:handoffs=1|H3:H3 station scan and dispatch verification:Transport to work bay:load=False:handoffs=0|H4:H4 trolley supply transfer:Transport to work bay:load=True:handoffs=1|H5:H5 rack inspection and replenishment:Transport to work bay:load=False:handoffs=1|F1:F1 inbound pallet replenishment:Transport to work bay:load=True:handoffs=0|F2:F2 outbound pallet dispatch:Load / inspect at source:load=False:handoffs=2"
75.0290,9,58,696,-12.3000,0.0500,-13.5000,157.6800,0.0000,0.0000,-12.3000,0.0000,-13.5000,0.0500,7,"","","7.500:0.050:16.744|-4.195:0.050:-9.483|11.384:0.050:-16.951|4.211:0.050:2.274|8.371:0.050:9.054","0.000:0.000:0.000|-0.001:0.000:-0.800|0.000:0.000:0.000|-0.001:0.000:-0.656|0.002:0.000:-0.800","-11.308:0.050:8.170|20.003:0.050:-7.743","0.000:0.000:0.000|0.000:0.000:0.000",False,False,Idle,60.00,40.00,3.00,MultiAgentTraffic,"P1:True|P2:True|P3:True|D1:True|D2:True|D3:True","H1:H1 rack picking and carton handoff:Transport to work bay:load=True:handoffs=0|H2:H2 cross-aisle carton transfer:Return for next assignment:load=False:handoffs=1|H3:H3 station scan and dispatch verification:Transport to work bay:load=False:handoffs=0|H4:H4 trolley supply transfer:Transport to work bay:load=True:handoffs=1|H5:H5 rack inspection and replenishment:Transport to work bay:load=False:handoffs=1|F1:F1 inbound pallet replenishment:Transport to work bay:load=True:handoffs=0|F2:F2 outbound pallet dispatch:Load / inspect at source:load=False:handoffs=2"
75.1304,9,58,697,-12.3000,0.0500,-13.5000,157.6800,0.0000,0.0000,-12.3000,0.0000,-13.5000,0.0500,7,"","","7.500:0.050:16.744|-4.195:0.050:-9.564|11.384:0.050:-16.951|4.211:0.050:2.207|8.371:0.050:8.973","0.000:0.000:0.000|-0.001:0.000:-0.800|0.000:0.000:0.000|-0.001:0.000:-0.656|0.002:0.000:-0.800","-11.308:0.050:8.170|20.003:0.050:-7.743","0.000:0.000:0.000|0.000:0.000:0.000",False,False,Idle,60.00,40.00,3.00,MultiAgentTraffic,"P1:True|P2:True|P3:True|D1:True|D2:True|D3:True","H1:H1 rack picking and carton handoff:Transport to work bay:load=True:handoffs=0|H2:H2 cross-aisle carton transfer:Return for next assignment:load=False:handoffs=1|H3:H3 station scan and dispatch verification:Transport to work bay:load=False:handoffs=0|H4:H4 trolley supply transfer:Transport to work bay:load=True:handoffs=1|H5:H5 rack inspection and replenishment:Transport to work bay:load=False:handoffs=1|F1:F1 inbound pallet replenishment:Transport to work bay:load=True:handoffs=0|F2:F2 outbound pallet dispatch:Load / inspect at source:load=False:handoffs=2"
75.2311,9,58,698,-12.3000,0.0500,-13.5000,157.6800,0.0000,0.0000,-12.3000,0.0000,-13.5000,0.0500,7,"","","7.500:0.050:16.744|-4.196:0.050:-9.645|11.384:0.050:-16.951|4.211:0.050:2.141|8.372:0.050:8.893","0.000:0.000:0.000|-0.001:0.000:-0.800|0.000:0.000:0.000|-0.001:0.000:-0.656|0.002:0.000:-0.800","-11.308:0.050:8.170|20.003:0.050:-7.743","0.000:0.000:0.000|0.000:0.000:0.000",False,False,Idle,60.00,40.00,3.00,MultiAgentTraffic,"P1:True|P2:True|P3:True|D1:True|D2:True|D3:True","H1:H1 rack picking and carton handoff:Transport to work bay:load=True:handoffs=0|H2:H2 cross-aisle carton transfer:Return for next assignment:load=False:handoffs=1|H3:H3 station scan and dispatch verification:Transport to work bay:load=False:handoffs=0|H4:H4 trolley supply transfer:Transport to work bay:load=True:handoffs=1|H5:H5 rack inspection and replenishment:Transport to work bay:load=False:handoffs=1|F1:F1 inbound pallet replenishment:Transport to work bay:load=True:handoffs=0|F2:F2 outbound pallet dispatch:Load / inspect at source:load=False:handoffs=2"
75.2869,9,58,699,-12.3000,0.0500,-13.5000,157.6800,0.0000,0.0000,-12.3000,0.0000,-13.5000,0.0500,7,"","","7.500:0.050:16.744|-4.196:0.050:-9.701|11.384:0.050:-16.951|4.211:0.050:2.095|8.372:0.050:8.836","0.000:0.000:0.000|-0.001:0.000:-0.800|0.000:0.000:0.000|-0.001:0.000:-0.656|0.002:0.000:-0.800","-11.308:0.050:8.170|20.003:0.050:-7.743","0.000:0.000:0.000|0.000:0.000:0.000",False,False,Idle,60.00,40.00,3.00,MultiAgentTraffic,"P1:True|P2:True|P3:True|D1:True|D2:True|D3:True","H1:H1 rack picking and carton handoff:Transport to work bay:load=True:handoffs=0|H2:H2 cross-aisle carton transfer:Return for next assignment:load=False:handoffs=1|H3:H3 station scan and dispatch verification:Transport to work bay:load=False:handoffs=0|H4:H4 trolley supply transfer:Transport to work bay:load=True:handoffs=1|H5:H5 rack inspection and replenishment:Transport to work bay:load=False:handoffs=1|F1:F1 inbound pallet replenishment:Transport to work bay:load=True:handoffs=0|F2:F2 outbound pallet dispatch:Load / inspect at source:load=False:handoffs=2"
