timestamp,scenario_id,episode_id,step_id,robot_x,robot_y,robot_z,robot_yaw,robot_linear_velocity,robot_angular_velocity,goal_x,goal_y,goal_z,distance_to_goal,number_of_dynamic_objects,obstacle_positions,obstacle_velocities,human_positions,human_velocities,forklift_positions,forklift_velocities,collision,goal_reached,navigation_status,warehouse_length,warehouse_width,aisle_width,scenario_type
0.1003,9,9,1,-23.9883,0.0500,-14.0028,8.7946,2.5000,361.5842,8.4000,0.0000,-13.5000,32.3923,7,"","","-8.400:0.000:-9.922|-4.200:0.000:-13.422|-22.000:0.000:-5.922|4.200:0.000:13.422|8.400:0.000:9.922","0.000:0.000:0.800|0.000:0.000:0.800|0.000:0.000:0.800|0.000:0.000:-0.800|0.000:0.000:-0.800","0.000:0.000:-13.373|20.000:0.000:-7.873","0.000:0.000:1.300|0.000:0.000:1.300",False,False,Moving,60.00,40.00,3.00,SensorDegradation
0.2022,9,9,2,-23.8719,0.0500,-14.0303,17.9678,1.2833,85.5201,8.4000,0.0000,-13.5000,32.2763,7,"","","-8.400:0.000:-9.840|-4.200:0.000:-13.340|-22.000:0.000:-5.840|4.200:0.000:13.340|8.400:0.000:9.840","0.000:0.000:0.800|0.000:0.000:0.800|0.000:0.000:0.800|0.000:0.000:-0.800|0.000:0.000:-0.800","0.000:0.000:-13.240|20.000:0.000:-7.740","0.000:0.000:1.300|0.000:0.000:1.300",False,False,Moving,60.00,40.00,3.00,SensorDegradation
0.3037,9,9,3,-23.7238,0.0500,-14.0654,27.1011,1.5526,93.1546,8.4000,0.0000,-13.5000,32.1288,7,"","","-8.400:0.000:-9.759|-4.200:0.000:-13.259|-22.000:0.000:-5.759|4.200:0.000:13.259|8.400:0.000:9.759","0.000:0.000:0.800|0.000:0.000:0.800|0.000:0.000:0.800|0.000:0.000:-0.800|0.000:0.000:-0.800","0.000:0.000:-13.109|20.000:0.000:-7.609","0.000:0.000:1.300|0.000:0.000:1.300",False,False,Moving,60.00,40.00,3.00,SensorDegradation
0.4043,9,9,4,-23.5770,0.0500,-14.1002,36.1535,1.4979,89.8745,8.4000,0.0000,-13.5000,31.9826,7,"","","-8.400:0.000:-9.679|-4.200:0.000:-13.179|-22.000:0.000:-5.679|4.200:0.000:13.179|8.400:0.000:9.679","0.000:0.000:0.800|0.000:0.000:0.800|0.000:0.000:0.800|0.000:0.000:-0.800|0.000:0.000:-0.800","0.000:0.000:-12.978|20.000:0.000:-7.478","0.000:0.000:1.300|0.000:0.000:1.300",False,False,Moving,60.00,40.00,3.00,SensorDegradation
0.5059,9,9,5,-23.4286,0.0500,-14.1353,45.2994,1.5674,94.0455,8.4000,0.0000,-13.5000,31.8350,7,"","","-8.400:0.000:-9.597|-4.200:0.000:-13.097|-22.000:0.000:-5.597|4.200:0.000:13.097|8.400:0.000:9.597","0.000:0.000:0.800|0.000:0.000:0.800|0.000:0.000:0.800|0.000:0.000:-0.800|0.000:0.000:-0.800","0.000:0.000:-12.846|20.000:0.000:-7.346","0.000:0.000:1.300|0.000:0.000:1.300",False,False,Moving,60.00,40.00,3.00,SensorDegradation
0.6064,9,9,6,-23.2820,0.0500,-14.1701,54.3403,1.5735,94.4117,8.4000,0.0000,-13.5000,31.6891,7,"","","-8.400:0.000:-9.517|-4.200:0.000:-13.017|-22.000:0.000:-5.517|4.200:0.000:13.017|8.400:0.000:9.517","0.000:0.000:0.800|0.000:0.000:0.800|0.000:0.000:0.800|0.000:0.000:-0.800|0.000:0.000:-0.800","0.000:0.000:-12.715|20.000:0.000:-7.215","0.000:0.000:1.300|0.000:0.000:1.300",False,False,Moving,60.00,40.00,3.00,SensorDegradation
0.7089,9,9,7,-23.1324,0.0500,-14.2055,63.5668,1.6272,97.6355,8.4000,0.0000,-13.5000,31.5403,7,"","","-8.400:0.000:-9.435|-4.200:0.000:-12.935|-22.000:0.000:-5.435|4.200:0.000:12.935|8.400:0.000:9.435","0.000:0.000:0.800|0.000:0.000:0.800|0.000:0.000:0.800|0.000:0.000:-0.800|0.000:0.000:-0.800","0.000:0.000:-12.582|20.000:0.000:-7.082","0.000:0.000:1.300|0.000:0.000:1.300",False,False,Moving,60.00,40.00,3.00,SensorDegradation
0.8107,9,9,8,-22.9838,0.0500,-14.2407,72.3578,1.4602,79.1375,8.4000,0.0000,-13.5000,31.3926,7,"","","-8.400:0.000:-9.354|-4.200:0.000:-12.854|-22.000:0.000:-5.354|4.200:0.000:12.854|8.400:0.000:9.354","0.000:0.000:0.800|0.000:0.000:0.800|0.000:0.000:0.800|0.000:0.000:-0.800|0.000:0.000:-0.800","0.000:0.000:-12.449|20.000:0.000:-6.949","0.000:0.000:1.300|0.000:0.000:1.300",False,False,Moving,60.00,40.00,3.00,SensorDegradation
0.9111,9,9,9,-22.8372,0.0500,-14.2754,79.2541,1.5548,65.6197,8.4000,0.0000,-13.5000,31.2468,7,"","","-8.400:0.000:-9.273|-4.200:0.000:-12.773|-22.000:0.000:-5.273|4.200:0.000:12.773|8.400:0.000:9.273","0.000:0.000:0.800|0.000:0.000:0.800|0.000:0.000:0.800|0.000:0.000:-0.800|0.000:0.000:-0.800","0.000:0.000:-12.319|20.000:0.000:-6.819","0.000:0.000:1.300|0.000:0.000:1.300",False,False,Moving,60.00,40.00,3.00,SensorDegradation
1.0155,9,9,10,-22.6848,0.0500,-14.3115,84.8006,1.3735,45.1443,8.4000,0.0000,-13.5000,31.0954,7,"","","-8.400:0.000:-9.190|-4.200:0.000:-12.690|-22.000:0.000:-5.190|4.200:0.000:12.690|8.400:0.000:9.190","0.000:0.000:0.800|0.000:0.000:0.800|0.000:0.000:0.800|0.000:0.000:-0.800|0.000:0.000:-0.800","0.000:0.000:-12.183|20.000:0.000:-6.683","0.000:0.000:1.300|0.000:0.000:1.300",False,False,Moving,60.00,40.00,3.00,SensorDegradation
1.1163,9,9,11,-22.5377,0.0500,-14.3463,88.9376,1.5545,39.6939,8.4000,0.0000,-13.5000,30.9493,7,"","","-8.400:0.000:-9.109|-4.200:0.000:-12.609|-22.000:0.000:-5.109|4.200:0.000:12.609|8.400:0.000:9.109","0.000:0.000:0.800|0.000:0.000:0.800|0.000:0.000:0.800|0.000:0.000:-0.800|0.000:0.000:-0.800","0.000:0.000:-12.052|20.000:0.000:-6.552","0.000:0.000:1.300|0.000:0.000:1.300",False,False,Moving,60.00,40.00,3.00,SensorDegradation
1.2179,9,9,12,-22.3893,0.0500,-14.3815,92.1763,1.4068,27.9606,8.4000,0.0000,-13.5000,30.8020,7,"","","-8.400:0.000:-9.028|-4.200:0.000:-12.528|-22.000:0.000:-5.028|4.200:0.000:12.528|8.400:0.000:9.028","0.000:0.000:0.800|0.000:0.000:0.800|0.000:0.000:0.800|0.000:0.000:-0.800|0.000:0.000:-0.800","0.000:0.000:-11.920|20.000:0.000:-6.420","0.000:0.000:1.300|0.000:0.000:1.300",False,False,Moving,60.00,40.00,3.00,SensorDegradation
1.3189,9,9,13,-22.2420,0.0500,-14.4164,94.6697,1.5637,24.1921,8.4000,0.0000,-13.5000,30.6558,7,"","","-8.400:0.000:-8.947|-4.200:0.000:-12.447|-22.000:0.000:-4.947|4.200:0.000:12.447|8.400:0.000:8.947","0.000:0.000:0.800|0.000:0.000:0.800|0.000:0.000:0.800|0.000:0.000:-0.800|0.000:0.000:-0.800","0.000:0.000:-11.789|20.000:0.000:-6.289","0.000:0.000:1.300|0.000:0.000:1.300",False,False,Moving,60.00,40.00,3.00,SensorDegradation
1.4205,9,9,14,-22.0936,0.0500,-14.4515,96.6182,1.4283,17.2081,8.4000,0.0000,-13.5000,30.5085,7,"","","-8.400:0.000:-8.866|-4.200:0.000:-12.366|-22.000:0.000:-4.866|4.200:0.000:12.366|8.400:0.000:8.866","0.000:0.000:0.800|0.000:0.000:0.800|0.000:0.000:0.800|0.000:0.000:-0.800|0.000:0.000:-0.800","0.000:0.000:-11.657|20.000:0.000:-6.157","0.000:0.000:1.300|0.000:0.000:1.300",False,False,Moving,60.00,40.00,3.00,SensorDegradation
1.5214,9,9,15,-21.9465,0.0500,-14.4864,98.1167,1.4080,13.1718,8.4000,0.0000,-13.5000,30.3625,7,"","","-8.400:0.000:-8.785|-4.200:0.000:-12.285|-22.000:0.000:-4.785|4.200:0.000:12.285|8.400:0.000:8.785","0.000:0.000:0.800|0.000:0.000:0.800|0.000:0.000:0.800|0.000:0.000:-0.800|0.000:0.000:-0.800","0.000:0.000:-11.526|20.000:0.000:-6.026","0.000:0.000:1.300|0.000:0.000:1.300",False,False,Moving,60.00,40.00,3.00,SensorDegradation
1.6240,9,9,16,-21.7967,0.0500,-14.5219,99.2988,1.5331,10.6655,8.4000,0.0000,-13.5000,30.2140,7,"","","-8.400:0.000:-8.703|-4.200:0.000:-12.203|-22.000:0.000:-4.703|4.200:0.000:12.203|8.400:0.000:8.703","0.000:0.000:0.800|0.000:0.000:0.800|0.000:0.000:0.800|0.000:0.000:-0.800|0.000:0.000:-0.800","0.000:0.000:-11.392|20.000:0.000:-5.892","0.000:0.000:1.300|0.000:0.000:1.300",False,False,Moving,60.00,40.00,3.00,SensorDegradation
1.7252,9,9,17,-21.6489,0.0500,-14.5569,100.2019,1.4780,7.9693,8.4000,0.0000,-13.5000,30.0675,7,"","","-8.400:0.000:-8.622|-4.200:0.000:-12.122|-22.000:0.000:-4.622|4.200:0.000:12.122|8.400:0.000:8.622","0.000:0.000:0.800|0.000:0.000:0.800|0.000:0.000:0.800|0.000:0.000:-0.800|0.000:0.000:-0.800","0.000:0.000:-11.261|20.000:0.000:-5.761","0.000:0.000:1.300|0.000:0.000:1.300",False,False,Moving,60.00,40.00,3.00,SensorDegradation
1.8280,9,9,18,-21.4989,0.0500,-14.5924,100.9112,1.5366,6.4537,8.4000,0.0000,-13.5000,29.9189,7,"","","-8.400:0.000:-8.540|-4.200:0.000:-12.040|-22.000:0.000:-4.540|4.200:0.000:12.040|8.400:0.000:8.540","0.000:0.000:0.800|0.000:0.000:0.800|0.000:0.000:0.800|0.000:0.000:-0.800|0.000:0.000:-0.800","0.000:0.000:-11.127|20.000:0.000:-5.627","0.000:0.000:1.300|0.000:0.000:1.300",False,False,Moving,60.00,40.00,3.00,SensorDegradation
1.9282,9,9,19,-21.3527,0.0500,-14.6270,101.4476,1.5544,5.0816,8.4000,0.0000,-13.5000,29.7741,7,"","","-8.400:0.000:-8.460|-4.200:0.000:-11.960|-22.000:0.000:-4.460|4.200:0.000:11.960|8.400:0.000:8.460","0.000:0.000:0.800|0.000:0.000:0.800|0.000:0.000:0.800|0.000:0.000:-0.800|0.000:0.000:-0.800","0.000:0.000:-10.997|20.000:0.000:-5.497","0.000:0.000:1.300|0.000:0.000:1.300",False,False,Moving,60.00,40.00,3.00,SensorDegradation
2.0303,9,9,20,-21.2036,0.0500,-14.6623,101.8721,1.3989,3.5759,8.4000,0.0000,-13.5000,29.6264,7,"","","-8.400:0.000:-8.378|-4.200:0.000:-11.878|-22.000:0.000:-4.378|4.200:0.000:11.878|8.400:0.000:8.378","0.000:0.000:0.800|0.000:0.000:0.800|0.000:0.000:0.800|0.000:0.000:-0.800|0.000:0.000:-0.800","0.000:0.000:-10.864|20.000:0.000:-5.364","0.000:0.000:1.300|0.000:0.000:1.300",False,False,Moving,60.00,40.00,3.00,SensorDegradation
2.1313,9,9,21,-21.0562,0.0500,-14.6972,102.1972,1.4728,2.9129,8.4000,0.0000,-13.5000,29.4805,7,"","","-8.400:0.000:-8.297|-4.200:0.000:-11.797|-22.000:0.000:-4.297|4.200:0.000:11.797|8.400:0.000:8.297","0.000:0.000:0.800|0.000:0.000:0.800|0.000:0.000:0.800|0.000:0.000:-0.800|0.000:0.000:-0.800","0.000:0.000:-10.733|20.000:0.000:-5.233","0.000:0.000:1.300|0.000:0.000:1.300",False,False,Moving,60.00,40.00,3.00,SensorDegradation
2.2316,9,9,22,-20.9097,0.0500,-14.7319,102.4481,1.5131,2.3266,8.4000,0.0000,-13.5000,29.3356,7,"","","-8.400:0.000:-8.217|-4.200:0.000:-11.717|-22.000:0.000:-4.217|4.200:0.000:11.717|8.400:0.000:8.217","0.000:0.000:0.800|0.000:0.000:0.800|0.000:0.000:0.800|0.000:0.000:-0.800|0.000:0.000:-0.800","0.000:0.000:-10.602|20.000:0.000:-5.102","0.000:0.000:1.300|0.000:0.000:1.300",False,False,Moving,60.00,40.00,3.00,SensorDegradation
2.3324,9,9,23,-20.7626,0.0500,-14.7668,102.6440,1.5573,1.8631,8.4000,0.0000,-13.5000,29.1901,7,"","","-8.400:0.000:-8.136|-4.200:0.000:-11.636|-22.000:0.000:-4.136|4.200:0.000:11.636|8.400:0.000:8.136","0.000:0.000:0.800|0.000:0.000:0.800|0.000:0.000:0.800|0.000:0.000:-0.800|0.000:0.000:-0.800","0.000:0.000:-10.471|20.000:0.000:-4.971","0.000:0.000:1.300|0.000:0.000:1.300",False,False,Moving,60.00,40.00,3.00,SensorDegradation
2.4342,9,9,24,-20.6141,0.0500,-14.8019,102.7973,1.4183,1.3195,8.4000,0.0000,-13.5000,29.0433,7,"","","-8.400:0.000:-8.055|-4.200:0.000:-11.555|-22.000:0.000:-4.055|4.200:0.000:11.555|8.400:0.000:8.055","0.000:0.000:0.800|0.000:0.000:0.800|0.000:0.000:0.800|0.000:0.000:-0.800|0.000:0.000:-0.800","0.000:0.000:-10.339|20.000:0.000:-4.839","0.000:0.000:1.300|0.000:0.000:1.300",False,False,Moving,60.00,40.00,3.00,SensorDegradation
2.5353,9,9,25,-20.4664,0.0500,-14.8369,102.9155,1.4705,1.0685,8.4000,0.0000,-13.5000,28.8974,7,"","","-8.400:0.000:-7.974|-4.200:0.000:-11.474|-22.000:0.000:-3.974|4.200:0.000:11.474|8.400:0.000:7.974","0.000:0.000:0.800|0.000:0.000:0.800|0.000:0.000:0.800|0.000:0.000:-0.800|0.000:0.000:-0.800","0.000:0.000:-10.207|20.000:0.000:-4.707","0.000:0.000:1.300|0.000:0.000:1.300",False,False,Moving,60.00,40.00,3.00,SensorDegradation
2.6362,9,9,26,-20.3192,0.0500,-14.8718,103.0069,1.4633,0.8259,8.4000,0.0000,-13.5000,28.7520,7,"","","-8.400:0.000:-7.893|-4.200:0.000:-11.393|-22.000:0.000:-3.893|4.200:0.000:11.393|8.400:0.000:7.893","0.000:0.000:0.800|0.000:0.000:0.800|0.000:0.000:0.800|0.000:0.000:-0.800|0.000:0.000:-0.800","0.000:0.000:-10.076|20.000:0.000:-4.576","0.000:0.000:1.300|0.000:0.000:1.300",False,False,Moving,60.00,40.00,3.00,SensorDegradation
2.7375,9,9,27,-20.1713,0.0500,-14.9068,103.0782,1.6724,0.7343,8.4000,0.0000,-13.5000,28.6060,7,"","","-8.400:0.000:-7.812|-4.200:0.000:-11.312|-22.000:0.000:-3.812|4.200:0.000:11.312|8.400:0.000:7.812","0.000:0.000:0.800|0.000:0.000:0.800|0.000:0.000:0.800|0.000:0.000:-0.800|0.000:0.000:-0.800","0.000:0.000:-9.945|20.000:0.000:-4.445","0.000:0.000:1.300|0.000:0.000:1.300",False,False,Moving,60.00,40.00,3.00,SensorDegradation
2.8391,9,9,28,-20.0230,0.0500,-14.9419,103.1336,1.4423,0.4913,8.4000,0.0000,-13.5000,28.4596,7,"","","-8.400:0.000:-7.731|-4.200:0.000:-11.231|-22.000:0.000:-3.731|4.200:0.000:11.231|8.400:0.000:7.731","0.000:0.000:0.800|0.000:0.000:0.800|0.000:0.000:0.800|0.000:0.000:-0.800|0.000:0.000:-0.800","0.000:0.000:-9.813|20.000:0.000:-4.313","0.000:0.000:1.300|0.000:0.000:1.300",False,False,Moving,60.00,40.00,3.00,SensorDegradation
2.9417,9,9,29,-19.8733,0.0500,-14.9774,103.1769,1.4771,0.3933,8.4000,0.0000,-13.5000,28.3119,7,"","","-8.400:0.000:-7.649|-4.200:0.000:-11.149|-22.000:0.000:-3.649|4.200:0.000:11.149|8.400:0.000:7.649","0.000:0.000:0.800|0.000:0.000:0.800|0.000:0.000:0.800|0.000:0.000:-0.800|0.000:0.000:-0.800","0.000:0.000:-9.679|20.000:0.000:-4.179","0.000:0.000:1.300|0.000:0.000:1.300",False,False,Moving,60.00,40.00,3.00,SensorDegradation
3.0419,9,9,30,-19.7270,0.0500,-15.0120,103.2097,1.4267,0.2956,8.4000,0.0000,-13.5000,28.1677,7,"","","-8.400:0.000:-7.569|-4.200:0.000:-11.069|-22.000:0.000:-3.569|4.200:0.000:11.069|8.400:0.000:7.569","0.000:0.000:0.800|0.000:0.000:0.800|0.000:0.000:0.800|0.000:0.000:-0.800|0.000:0.000:-0.800","0.000:0.000:-9.549|20.000:0.000:-4.049","0.000:0.000:1.300|0.000:0.000:1.300",False,False,Moving,60.00,40.00,3.00,SensorDegradation
3.1430,9,9,31,-19.5794,0.0500,-15.0470,103.2354,1.6050,0.2575,8.4000,0.0000,-13.5000,28.0222,7,"","","-8.400:0.000:-7.488|-4.200:0.000:-10.988|-22.000:0.000:-3.488|4.200:0.000:10.988|8.400:0.000:7.488","0.000:0.000:0.800|0.000:0.000:0.800|0.000:0.000:0.800|0.000:0.000:-0.800|0.000:0.000:-0.800","0.000:0.000:-9.417|20.000:0.000:-3.917","0.000:0.000:1.300|0.000:0.000:1.300",False,False,Moving,60.00,40.00,3.00,SensorDegradation
3.2437,9,9,32,-19.4324,0.0500,-15.0818,103.2553,1.4115,0.1766,8.4000,0.0000,-13.5000,27.8774,7,"","","-8.400:0.000:-7.407|-4.200:0.000:-10.907|-22.000:0.000:-3.407|4.200:0.000:10.907|8.400:0.000:7.407","0.000:0.000:0.800|0.000:0.000:0.800|0.000:0.000:0.800|0.000:0.000:-0.800|0.000:0.000:-0.800","0.000:0.000:-9.286|20.000:0.000:-3.786","0.000:0.000:1.300|0.000:0.000:1.300",False,False,Moving,60.00,40.00,3.00,SensorDegradation
3.3462,9,9,33,-19.2829,0.0500,-15.1172,103.2710,1.5040,0.1389,8.4000,0.0000,-13.5000,27.7301,7,"","","-8.400:0.000:-7.325|-4.200:0.000:-10.825|-22.000:0.000:-3.325|4.200:0.000:10.825|8.400:0.000:7.325","0.000:0.000:0.800|0.000:0.000:0.800|0.000:0.000:0.800|0.000:0.000:-0.800|0.000:0.000:-0.800","0.000:0.000:-9.153|20.000:0.000:-3.653","0.000:0.000:1.300|0.000:0.000:1.300",False,False,Moving,60.00,40.00,3.00,SensorDegradation
3.4481,9,9,34,-19.1342,0.0500,-15.1524,103.2830,1.5077,0.1091,8.4000,0.0000,-13.5000,27.5838,7,"","","-8.400:0.000:-7.244|-4.200:0.000:-10.744|-22.000:0.000:-3.244|4.200:0.000:10.744|8.400:0.000:7.244","0.000:0.000:0.800|0.000:0.000:0.800|0.000:0.000:0.800|0.000:0.000:-0.800|0.000:0.000:-0.800","0.000:0.000:-9.021|20.000:0.000:-3.521","0.000:0.000:1.300|0.000:0.000:1.300",False,False,Moving,60.00,40.00,3.00,SensorDegradation
3.5498,9,9,35,-18.9856,0.0500,-15.1876,103.2924,1.3121,0.0740,8.4000,0.0000,-13.5000,27.4376,7,"","","-8.400:0.000:-7.162|-4.200:0.000:-10.662|-22.000:0.000:-3.162|4.200:0.000:10.662|8.400:0.000:7.162","0.000:0.000:0.800|0.000:0.000:0.800|0.000:0.000:0.800|0.000:0.000:-0.800|0.000:0.000:-0.800","0.000:0.000:-8.889|20.000:0.000:-3.389","0.000:0.000:1.300|0.000:0.000:1.300",False,False,Moving,60.00,40.00,3.00,SensorDegradation
3.6518,9,9,36,-18.8368,0.0500,-15.2229,103.2996,1.5235,0.0668,8.4000,0.0000,-13.5000,27.2912,7,"","","-8.400:0.000:-7.081|-4.200:0.000:-10.581|-22.000:0.000:-3.081|4.200:0.000:10.581|8.400:0.000:7.081","0.000:0.000:0.800|0.000:0.000:0.800|0.000:0.000:0.800|0.000:0.000:-0.800|0.000:0.000:-0.800","0.000:0.000:-8.756|20.000:0.000:-3.256","0.000:0.000:1.300|0.000:0.000:1.300",False,False,Moving,60.00,40.00,3.00,SensorDegradation
3.7537,9,9,37,-18.6880,0.0500,-15.2581,103.3052,1.4632,0.0496,8.4000,0.0000,-13.5000,27.1450,7,"","","-8.400:0.000:-6.999|-4.200:0.000:-10.499|-22.000:0.000:-2.999|4.200:0.000:10.499|8.400:0.000:6.999","0.000:0.000:0.800|0.000:0.000:0.800|0.000:0.000:0.800|0.000:0.000:-0.800|0.000:0.000:-0.800","0.000:0.000:-8.623|20.000:0.000:-3.123","0.000:0.000:1.300|0.000:0.000:1.300",False,False,Moving,60.00,40.00,3.00,SensorDegradation
3.8566,9,9,38,-18.5379,0.0500,-15.2937,103.3096,1.5829,0.0412,8.4000,0.0000,-13.5000,26.9976,7,"","","-8.400:0.000:-6.917|-4.200:0.000:-10.417|-22.000:0.000:-2.917|4.200:0.000:10.417|8.400:0.000:6.917","0.000:0.000:0.800|0.000:0.000:0.800|0.000:0.000:0.800|0.000:0.000:-0.800|0.000:0.000:-0.800","0.000:0.000:-8.490|20.000:0.000:-2.990","0.000:0.000:1.300|0.000:0.000:1.300",False,False,Moving,60.00,40.00,3.00,SensorDegradation
3.9578,9,9,39,-18.3902,0.0500,-15.3286,103.3129,1.4933,0.0309,8.4000,0.0000,-13.5000,26.8526,7,"","","-8.400:0.000:-6.836|-4.200:0.000:-10.336|-22.000:0.000:-2.836|4.200:0.000:10.336|8.400:0.000:6.836","0.000:0.000:0.800|0.000:0.000:0.800|0.000:0.000:0.800|0.000:0.000:-0.800|0.000:0.000:-0.800","0.000:0.000:-8.358|20.000:0.000:-2.858","0.000:0.000:1.300|0.000:0.000:1.300",False,False,Moving,60.00,40.00,3.00,SensorDegradation
4.0592,9,9,40,-18.2421,0.0500,-15.3637,103.3155,1.5027,0.0240,8.4000,0.0000,-13.5000,26.7072,7,"","","-8.400:0.000:-6.755|-4.200:0.000:-10.255|-22.000:0.000:-2.755|4.200:0.000:10.255|8.400:0.000:6.755","0.000:0.000:0.800|0.000:0.000:0.800|0.000:0.000:0.800|0.000:0.000:-0.800|0.000:0.000:-0.800","0.000:0.000:-8.226|20.000:0.000:-2.726","0.000:0.000:1.300|0.000:0.000:1.300",False,False,Moving,60.00,40.00,3.00,SensorDegradation
4.1603,9,9,41,-18.0946,0.0500,-15.3987,103.3175,1.2815,0.0160,8.4000,0.0000,-13.5000,26.5626,7,"","","-8.400:0.000:-6.674|-4.200:0.000:-10.174|-22.000:0.000:-2.674|4.200:0.000:10.174|8.400:0.000:6.674","0.000:0.000:0.800|0.000:0.000:0.800|0.000:0.000:0.800|0.000:0.000:-0.800|0.000:0.000:-0.800","0.000:0.000:-8.095|20.000:0.000:-2.595","0.000:0.000:1.300|0.000:0.000:1.300",False,False,Moving,60.00,40.00,3.00,SensorDegradation
4.2621,9,9,42,-17.9460,0.0500,-15.4338,103.3190,1.4824,0.0145,8.4000,0.0000,-13.5000,26.4170,7,"","","-8.400:0.000:-6.592|-4.200:0.000:-10.092|-22.000:0.000:-2.592|4.200:0.000:10.092|8.400:0.000:6.592","0.000:0.000:0.800|0.000:0.000:0.800|0.000:0.000:0.800|0.000:0.000:-0.800|0.000:0.000:-0.800","0.000:0.000:-7.963|20.000:0.000:-2.463","0.000:0.000:1.300|0.000:0.000:1.300",False,False,Moving,60.00,40.00,3.00,SensorDegradation
4.3626,9,9,43,-17.7993,0.0500,-15.4686,103.3203,1.4836,0.0114,8.4000,0.0000,-13.5000,26.2732,7,"","","-8.400:0.000:-6.512|-4.200:0.000:-10.012|-22.000:0.000:-2.512|4.200:0.000:10.012|8.400:0.000:6.512","0.000:0.000:0.800|0.000:0.000:0.800|0.000:0.000:0.800|0.000:0.000:-0.800|0.000:0.000:-0.800","0.000:0.000:-7.832|20.000:0.000:-2.332","0.000:0.000:1.300|0.000:0.000:1.300",False,False,Moving,60.00,40.00,3.00,SensorDegradation
4.4642,9,9,44,-17.6510,0.0500,-15.5037,103.3212,1.4924,0.0088,8.4000,0.0000,-13.5000,26.1280,7,"","","-8.400:0.000:-6.431|-4.200:0.000:-9.931|-22.000:0.000:-2.431|4.200:0.000:9.931|8.400:0.000:6.431","0.000:0.000:0.800|0.000:0.000:0.800|0.000:0.000:0.800|0.000:0.000:-0.800|0.000:0.000:-0.800","0.000:0.000:-7.700|20.000:0.000:-2.200","0.000:0.000:1.300|0.000:0.000:1.300",False,False,Moving,60.00,40.00,3.00,SensorDegradation
4.5657,9,9,45,-17.5028,0.0500,-15.5388,103.3219,1.4953,0.0065,8.4000,0.0000,-13.5000,25.9829,7,"","","-8.400:0.000:-6.349|-4.200:0.000:-9.849|-22.000:0.000:-2.349|4.200:0.000:9.849|8.400:0.000:6.349","0.000:0.000:0.800|0.000:0.000:0.800|0.000:0.000:0.800|0.000:0.000:-0.800|0.000:0.000:-0.800","0.000:0.000:-7.568|20.000:0.000:-2.068","0.000:0.000:1.300|0.000:0.000:1.300",False,False,Moving,60.00,40.00,3.00,SensorDegradation
4.6659,9,9,46,-17.3566,0.0500,-15.5734,103.3225,1.4738,0.0050,8.4000,0.0000,-13.5000,25.8400,7,"","","-8.400:0.000:-6.269|-4.200:0.000:-9.769|-22.000:0.000:-2.269|4.200:0.000:9.769|8.400:0.000:6.269","0.000:0.000:0.800|0.000:0.000:0.800|0.000:0.000:0.800|0.000:0.000:-0.800|0.000:0.000:-0.800","0.000:0.000:-7.438|20.000:0.000:-1.938","0.000:0.000:1.300|0.000:0.000:1.300",False,False,Moving,60.00,40.00,3.00,SensorDegradation
4.7660,9,9,47,-17.2104,0.0500,-15.6081,103.3229,1.4741,0.0038,8.4000,0.0000,-13.5000,25.6971,7,"","","-8.400:0.000:-6.189|-4.200:0.000:-9.689|-22.000:0.000:-2.189|4.200:0.000:9.689|8.400:0.000:6.189","0.000:0.000:0.800|0.000:0.000:0.800|0.000:0.000:0.800|0.000:0.000:-0.800|0.000:0.000:-0.800","0.000:0.000:-7.307|20.000:0.000:-1.807","0.000:0.000:1.300|0.000:0.000:1.300",False,False,Moving,60.00,40.00,3.00,SensorDegradation
4.8663,9,9,48,-17.0641,0.0500,-15.6427,103.3232,1.5144,0.0031,8.4000,0.0000,-13.5000,25.5542,7,"","","-8.400:0.000:-6.109|-4.200:0.000:-9.609|-22.000:0.000:-2.109|4.200:0.000:9.609|8.400:0.000:6.109","0.000:0.000:0.800|0.000:0.000:0.800|0.000:0.000:0.800|0.000:0.000:-0.800|0.000:0.000:-0.800","0.000:0.000:-7.177|20.000:0.000:-1.677","0.000:0.000:1.300|0.000:0.000:1.300",False,False,Moving,60.00,40.00,3.00,SensorDegradation
4.9673,9,9,49,-16.9167,0.0500,-15.6776,103.3235,1.2737,0.0031,8.4000,0.0000,-13.5000,25.4102,7,"","","-8.400:0.000:-6.028|-4.200:0.000:-9.528|-22.000:0.000:-2.028|4.200:0.000:9.528|8.400:0.000:6.028","0.000:0.000:0.800|0.000:0.000:0.800|0.000:0.000:0.800|0.000:0.000:-0.800|0.000:0.000:-0.800","0.000:0.000:-7.046|20.000:0.000:-1.546","0.000:0.000:1.300|0.000:0.000:1.300",False,False,Moving,60.00,40.00,3.00,SensorDegradation
5.0688,9,9,50,-16.7685,0.0500,-15.7127,103.3238,1.5554,0.0019,8.4000,0.0000,-13.5000,25.2656,7,"","","-8.400:0.000:-5.947|-4.200:0.000:-9.447|-22.000:0.000:-1.947|4.200:0.000:9.447|8.400:0.000:5.947","0.000:0.000:0.800|0.000:0.000:0.800|0.000:0.000:0.800|0.000:0.000:-0.800|0.000:0.000:-0.800","0.000:0.000:-6.914|20.000:0.000:-1.414","0.000:0.000:1.300|0.000:0.000:1.300",False,False,Moving,60.00,40.00,3.00,SensorDegradation
5.1715,9,9,51,-16.6186,0.0500,-15.7482,103.3238,1.4732,0.0004,8.4000,0.0000,-13.5000,25.1195,7,"","","-8.400:0.000:-5.865|-4.200:0.000:-9.365|-22.000:0.000:-1.865|4.200:0.000:9.365|8.400:0.000:5.865","0.000:0.000:0.800|0.000:0.000:0.800|0.000:0.000:0.800|0.000:0.000:-0.800|0.000:0.000:-0.800","0.000:0.000:-6.780|20.000:0.000:-1.280","0.000:0.000:1.300|0.000:0.000:1.300",False,False,Moving,60.00,40.00,3.00,SensorDegradation
5.2722,9,9,52,-16.4716,0.0500,-15.7831,103.3238,1.5233,0.0004,8.4000,0.0000,-13.5000,24.9762,7,"","","-8.400:0.000:-5.784|-4.200:0.000:-9.284|-22.000:0.000:-1.784|4.200:0.000:9.284|8.400:0.000:5.784","0.000:0.000:0.800|0.000:0.000:0.800|0.000:0.000:0.800|0.000:0.000:-0.800|0.000:0.000:-0.800","0.000:0.000:-6.649|20.000:0.000:-1.149","0.000:0.000:1.300|0.000:0.000:1.300",False,False,Moving,60.00,40.00,3.00,SensorDegradation
5.3725,9,9,53,-16.3253,0.0500,-15.8177,103.3239,1.4864,0.0004,8.4000,0.0000,-13.5000,24.8337,7,"","","-8.400:0.000:-5.704|-4.200:0.000:-9.204|-22.000:0.000:-1.704|4.200:0.000:9.204|8.400:0.000:5.704","0.000:0.000:0.800|0.000:0.000:0.800|0.000:0.000:0.800|0.000:0.000:-0.800|0.000:0.000:-0.800","0.000:0.000:-6.519|20.000:0.000:-1.019","0.000:0.000:1.300|0.000:0.000:1.300",False,False,Moving,60.00,40.00,3.00,SensorDegradation
5.4732,9,9,54,-16.1783,0.0500,-15.8525,103.3239,1.4665,0.0000,8.4000,0.0000,-13.5000,24.6907,7,"","","-8.400:0.000:-5.624|-4.200:0.000:-9.124|-22.000:0.000:-1.624|4.200:0.000:9.124|8.400:0.000:5.624","0.000:0.000:0.800|0.000:0.000:0.800|0.000:0.000:0.800|0.000:0.000:-0.800|0.000:0.000:-0.800","0.000:0.000:-6.388|20.000:0.000:-0.888","0.000:0.000:1.300|0.000:0.000:1.300",False,False,Moving,60.00,40.00,3.00,SensorDegradation
5.5739,9,9,55,-16.0313,0.0500,-15.8874,103.3239,1.4589,0.0000,8.4000,0.0000,-13.5000,24.5477,7,"","","-8.400:0.000:-5.543|-4.200:0.000:-9.043|-22.000:0.000:-1.543|4.200:0.000:9.043|8.400:0.000:5.543","0.000:0.000:0.800|0.000:0.000:0.800|0.000:0.000:0.800|0.000:0.000:-0.800|0.000:0.000:-0.800","0.000:0.000:-6.257|20.000:0.000:-0.757","0.000:0.000:1.300|0.000:0.000:1.300",False,False,Moving,60.00,40.00,3.00,SensorDegradation
5.6762,9,9,56,-15.8819,0.0500,-15.9227,103.3239,1.5326,0.0004,8.4000,0.0000,-13.5000,24.4025,7,"","","-8.400:0.000:-5.461|-4.200:0.000:-8.961|-22.000:0.000:-1.461|4.200:0.000:8.961|8.400:0.000:5.461","0.000:0.000:0.800|0.000:0.000:0.800|0.000:0.000:0.800|0.000:0.000:-0.800|0.000:0.000:-0.800","0.000:0.000:-6.124|20.000:0.000:-0.624","0.000:0.000:1.300|0.000:0.000:1.300",False,False,Moving,60.00,40.00,3.00,SensorDegradation
5.7779,9,9,57,-15.7335,0.0500,-15.9579,103.3239,1.5035,0.0004,8.4000,0.0000,-13.5000,24.2584,7,"","","-8.400:0.000:-5.380|-4.200:0.000:-8.880|-22.000:0.000:-1.380|4.200:0.000:8.880|8.400:0.000:5.380","0.000:0.000:0.800|0.000:0.000:0.800|0.000:0.000:0.800|0.000:0.000:-0.800|0.000:0.000:-0.800","0.000:0.000:-5.992|20.000:0.000:-0.492","0.000:0.000:1.300|0.000:0.000:1.300",False,False,Moving,60.00,40.00,3.00,SensorDegradation
5.8793,9,9,58,-15.5855,0.0500,-15.9929,103.3239,1.5280,0.0004,8.4000,0.0000,-13.5000,24.1147,7,"","","-8.400:0.000:-5.299|-4.200:0.000:-8.799|-22.000:0.000:-1.299|4.200:0.000:8.799|8.400:0.000:5.299","0.000:0.000:0.800|0.000:0.000:0.800|0.000:0.000:0.800|0.000:0.000:-0.800|0.000:0.000:-0.800","0.000:0.000:-5.860|20.000:0.000:-0.360","0.000:0.000:1.300|0.000:0.000:1.300",False,False,Moving,60.00,40.00,3.00,SensorDegradation
5.9812,9,9,59,-15.4367,0.0500,-16.0282,103.3239,1.4918,0.0000,8.4000,0.0000,-13.5000,23.9704,7,"","","-8.400:0.000:-5.217|-4.200:0.000:-8.717|-22.000:0.000:-1.217|4.200:0.000:8.717|8.400:0.000:5.217","0.000:0.000:0.800|0.000:0.000:0.800|0.000:0.000:0.800|0.000:0.000:-0.800|0.000:0.000:-0.800","0.000:0.000:-5.728|20.000:0.000:-0.228","0.000:0.000:1.300|0.000:0.000:1.300",False,False,Moving,60.00,40.00,3.00,SensorDegradation
6.0826,9,9,60,-15.2888,0.0500,-16.0632,103.3239,1.5151,0.0008,8.4000,0.0000,-13.5000,23.8271,7,"","","-8.400:0.000:-5.136|-4.200:0.000:-8.636|-22.000:0.000:-1.136|4.200:0.000:8.636|8.400:0.000:5.136","0.000:0.000:0.800|0.000:0.000:0.800|0.000:0.000:0.800|0.000:0.000:-0.800|0.000:0.000:-0.800","0.000:0.000:-5.596|20.000:0.000:-0.096","0.000:0.000:1.300|0.000:0.000:1.300",False,False,Moving,60.00,40.00,3.00,SensorDegradation
6.1849,9,9,61,-15.1394,0.0500,-16.0986,103.3239,1.5253,0.0000,8.4000,0.0000,-13.5000,23.6824,7,"","","-8.400:0.000:-5.054|-4.200:0.000:-8.554|-22.000:0.000:-1.054|4.200:0.000:8.554|8.400:0.000:5.054","0.000:0.000:0.800|0.000:0.000:0.800|0.000:0.000:0.800|0.000:0.000:-0.800|0.000:0.000:-0.800","0.000:0.000:-5.463|20.000:0.000:0.037","0.000:0.000:1.300|0.000:0.000:1.300",False,False,Moving,60.00,40.00,3.00,SensorDegradation
6.2856,9,9,62,-14.9924,0.0500,-16.1334,103.3239,1.4610,0.0000,8.4000,0.0000,-13.5000,23.5403,7,"","","-8.400:0.000:-4.974|-4.200:0.000:-8.474|-22.000:0.000:-0.974|4.200:0.000:8.474|8.400:0.000:4.974","0.000:0.000:0.800|0.000:0.000:0.800|0.000:0.000:0.800|0.000:0.000:-0.800|0.000:0.000:-0.800","0.000:0.000:-5.332|20.000:0.000:0.168","0.000:0.000:1.300|0.000:0.000:1.300",False,False,Moving,60.00,40.00,3.00,SensorDegradation
6.3864,9,9,63,-14.8453,0.0500,-16.1682,103.3240,1.7052,0.0004,8.4000,0.0000,-13.5000,23.3980,7,"","","-8.400:0.000:-4.893|-4.200:0.000:-8.393|-22.000:0.000:-0.893|4.200:0.000:8.393|8.400:0.000:4.893","0.000:0.000:0.800|0.000:0.000:0.800|0.000:0.000:0.800|0.000:0.000:-0.800|0.000:0.000:-0.800","0.000:0.000:-5.201|20.000:0.000:0.299","0.000:0.000:1.300|0.000:0.000:1.300",False,False,Moving,60.00,40.00,3.00,SensorDegradation
6.4893,9,9,64,-14.6952,0.0500,-16.2038,103.3240,1.7540,0.0008,8.4000,0.0000,-13.5000,23.2529,7,"","","-8.400:0.000:-4.811|-4.200:0.000:-8.311|-22.000:0.000:-0.811|4.200:0.000:8.311|8.400:0.000:4.811","0.000:0.000:0.800|0.000:0.000:0.800|0.000:0.000:0.800|0.000:0.000:-0.800|0.000:0.000:-0.800","0.000:0.000:-5.067|20.000:0.000:0.433","0.000:0.000:1.300|0.000:0.000:1.300",False,False,Moving,60.00,40.00,3.00,SensorDegradation
6.5901,9,9,65,-14.5480,0.0500,-16.2386,103.3240,1.6616,0.0000,8.4000,0.0000,-13.5000,23.1109,7,"","","-8.400:0.000:-4.730|-4.200:0.000:-8.230|-22.000:0.000:-0.730|4.200:0.000:8.230|8.400:0.000:4.730","0.000:0.000:0.800|0.000:0.000:0.800|0.000:0.000:0.800|0.000:0.000:-0.800|0.000:0.000:-0.800","0.000:0.000:-4.936|20.000:0.000:0.564","0.000:0.000:1.300|0.000:0.000:1.300",False,False,Moving,60.00,40.00,3.00,SensorDegradation
6.6925,9,9,66,-14.3986,0.0500,-16.2740,103.3240,1.5803,0.0000,8.4000,0.0000,-13.5000,22.9668,7,"","","-8.400:0.000:-4.648|-4.200:0.000:-8.148|-22.000:0.000:-0.648|4.200:0.000:8.148|8.400:0.000:4.648","0.000:0.000:0.800|0.000:0.000:0.800|0.000:0.000:0.800|0.000:0.000:-0.800|0.000:0.000:-0.800","0.000:0.000:-4.803|20.000:0.000:0.697","0.000:0.000:1.300|0.000:0.000:1.300",False,False,Moving,60.00,40.00,3.00,SensorDegradation
6.7953,9,9,67,-14.2484,0.0500,-16.3096,103.3240,1.4632,0.0000,8.4000,0.0000,-13.5000,22.8221,7,"","","-8.400:0.000:-4.728|-4.200:0.000:-8.066|-22.000:0.000:-0.566|4.200:0.000:8.066|8.400:0.000:4.566","0.000:0.000:-0.800|0.000:0.000:0.800|0.000:0.000:0.800|0.000:0.000:-0.800|0.000:0.000:-0.800","0.000:0.000:-4.669|20.000:0.000:0.831","0.000:0.000:1.300|0.000:0.000:1.300",False,False,Moving,60.00,40.00,3.00,SensorDegradation
6.8968,9,9,68,-14.1003,0.0500,-16.3447,103.3240,1.5410,0.0000,8.4000,0.0000,-13.5000,22.6795,7,"","","-8.400:0.000:-4.809|-4.200:0.000:-7.985|-22.000:0.000:-0.485|4.200:0.000:7.985|8.400:0.000:4.485","0.000:0.000:-0.800|0.000:0.000:0.800|0.000:0.000:0.800|0.000:0.000:-0.800|0.000:0.000:-0.800","0.000:0.000:-4.537|20.000:0.000:0.963","0.000:0.000:1.300|0.000:0.000:1.300",False,False,Moving,60.00,40.00,3.00,SensorDegradation
6.9984,9,9,69,-13.9519,0.0500,-16.3798,103.3240,1.3869,0.0000,8.4000,0.0000,-13.5000,22.5368,7,"","","-8.400:0.000:-4.890|-4.200:0.000:-7.903|-22.000:0.000:-0.403|4.200:0.000:7.903|8.400:0.000:4.403","0.000:0.000:-0.800|0.000:0.000:0.800|0.000:0.000:0.800|0.000:0.000:-0.800|0.000:0.000:-0.800","0.000:0.000:-4.405|20.000:0.000:1.095","0.000:0.000:1.300|0.000:0.000:1.300",False,False,Moving,60.00,40.00,3.00,SensorDegradation
7.0990,9,9,70,-13.8052,0.0500,-16.4146,103.3240,1.7222,0.0000,8.4000,0.0000,-13.5000,22.3957,7,"","","-8.400:0.000:-4.970|-4.200:0.000:-7.823|-22.000:0.000:-0.323|4.200:0.000:7.823|8.400:0.000:4.323","0.000:0.000:-0.800|0.000:0.000:0.800|0.000:0.000:0.800|0.000:0.000:-0.800|0.000:0.000:-0.800","0.000:0.000:-4.275|20.000:0.000:1.225","0.000:0.000:1.300|0.000:0.000:1.300",False,False,Moving,60.00,40.00,3.00,SensorDegradation
7.1993,9,9,71,-13.6588,0.0500,-16.4493,103.3240,1.5481,0.0000,8.4000,0.0000,-13.5000,22.2551,7,"","","-8.400:0.000:-5.051|-4.200:0.000:-7.743|-22.000:0.000:-0.243|4.200:0.000:7.743|8.400:0.000:4.243","0.000:0.000:-0.800|0.000:0.000:0.800|0.000:0.000:0.800|0.000:0.000:-0.800|0.000:0.000:-0.800","0.000:0.000:-4.144|20.000:0.000:1.356","0.000:0.000:1.300|0.000:0.000:1.300",False,False,Moving,60.00,40.00,3.00,SensorDegradation
7.3007,9,9,72,-13.5107,0.0500,-16.4843,103.3240,1.5128,0.0000,8.4000,0.0000,-13.5000,22.1131,7,"","","-8.400:0.000:-5.132|-4.200:0.000:-7.661|-22.000:0.000:-0.161|4.200:0.000:7.661|8.400:0.000:4.161","0.000:0.000:-0.800|0.000:0.000:0.800|0.000:0.000:0.800|0.000:0.000:-0.800|0.000:0.000:-0.800","0.000:0.000:-4.012|20.000:0.000:1.488","0.000:0.000:1.300|0.000:0.000:1.300",False,False,Moving,60.00,40.00,3.00,SensorDegradation
7.4008,9,9,73,-13.3646,0.0500,-16.5189,103.3240,1.3344,0.0000,8.4000,0.0000,-13.5000,21.9730,7,"","","-8.400:0.000:-5.212|-4.200:0.000:-7.581|-22.000:0.000:-0.081|4.200:0.000:7.581|8.400:0.000:4.081","0.000:0.000:-0.800|0.000:0.000:0.800|0.000:0.000:0.800|0.000:0.000:-0.800|0.000:0.000:-0.800","0.000:0.000:-3.882|20.000:0.000:1.618","0.000:0.000:1.300|0.000:0.000:1.300",False,False,Moving,60.00,40.00,3.00,SensorDegradation
7.5020,9,9,74,-13.2169,0.0500,-16.5539,103.3240,1.5384,0.0000,8.4000,0.0000,-13.5000,21.8316,7,"","","-8.400:0.000:-5.293|-4.200:0.000:-7.500|-22.000:0.000:0.000|4.200:0.000:7.500|8.400:0.000:4.000","0.000:0.000:-0.800|0.000:0.000:0.800|0.000:0.000:0.800|0.000:0.000:-0.800|0.000:0.000:-0.800","0.000:0.000:-3.751|20.000:0.000:1.749","0.000:0.000:1.300|0.000:0.000:1.300",False,False,Moving,60.00,40.00,3.00,SensorDegradation
7.6045,9,9,75,-13.0673,0.0500,-16.5893,103.3240,1.5286,0.0000,8.4000,0.0000,-13.5000,21.6885,7,"","","-8.400:0.000:-5.375|-4.200:0.000:-7.418|-22.000:0.000:0.082|4.200:0.000:7.418|8.400:0.000:3.918","0.000:0.000:-0.800|0.000:0.000:0.800|0.000:0.000:0.800|0.000:0.000:-0.800|0.000:0.000:-0.800","0.000:0.000:-3.617|20.000:0.000:1.883","0.000:0.000:1.300|0.000:0.000:1.300",False,False,Moving,60.00,40.00,3.00,SensorDegradation
7.7053,9,9,76,-12.9202,0.0500,-16.6242,103.3240,1.5494,0.0000,8.4000,0.0000,-13.5000,21.5479,7,"","","-8.400:0.000:-5.456|-4.200:0.000:-7.338|-22.000:0.000:0.162|4.200:0.000:7.338|8.400:0.000:3.838","0.000:0.000:-0.800|0.000:0.000:0.800|0.000:0.000:0.800|0.000:0.000:-0.800|0.000:0.000:-0.800","0.000:0.000:-3.486|20.000:0.000:2.014","0.000:0.000:1.300|0.000:0.000:1.300",False,False,Moving,60.00,40.00,3.00,SensorDegradation
7.8054,9,9,77,-12.7741,0.0500,-16.6588,103.3263,1.5640,0.1167,8.4000,0.0000,-13.5000,21.4085,7,"","","-8.400:0.000:-5.536|-4.200:0.000:-7.258|-22.000:0.000:0.242|4.200:0.000:7.258|8.400:0.000:3.758","0.000:0.000:-0.800|0.000:0.000:0.800|0.000:0.000:0.800|0.000:0.000:-0.800|0.000:0.000:-0.800","0.000:0.000:-3.356|20.000:0.000:2.144","0.000:0.000:1.300|0.000:0.000:1.300",False,False,Moving,60.00,40.00,3.00,SensorDegradation
7.9059,9,9,78,-12.6287,0.0500,-16.6949,103.4650,1.5934,0.4868,8.4000,0.0000,-13.5000,21.2701,7,"","","-8.400:0.000:-5.616|-4.200:0.000:-7.177|-22.000:0.000:0.323|4.200:0.000:7.177|8.400:0.000:3.677","0.000:0.000:-0.800|0.000:0.000:0.800|0.000:0.000:0.800|0.000:0.000:-0.800|0.000:0.000:-0.800","0.000:0.000:-3.226|20.000:0.000:2.274","0.000:0.000:1.300|0.000:0.000:1.300",False,False,Moving,60.00,40.00,3.00,SensorDegradation
8.0080,9,9,79,-12.4800,0.0500,-16.7309,103.4892,1.4234,-0.1221,8.4000,0.0000,-13.5000,21.1285,7,"","","-8.400:0.000:-5.698|-4.200:0.000:-7.096|-22.000:0.000:0.404|4.200:0.000:7.096|8.400:0.000:3.596","0.000:0.000:-0.800|0.000:0.000:0.800|0.000:0.000:0.800|0.000:0.000:-0.800|0.000:0.000:-0.800","0.000:0.000:-3.093|20.000:0.000:2.407","0.000:0.000:1.300|0.000:0.000:1.300",False,False,Moving,60.00,40.00,3.00,SensorDegradation
8.1098,9,9,80,-12.3316,0.0500,-16.7666,103.4955,1.6943,-0.1572,8.4000,0.0000,-13.5000,20.9874,7,"","","-8.400:0.000:-5.779|-4.200:0.000:-7.014|-22.000:0.000:0.486|4.200:0.000:7.014|8.400:0.000:3.514","0.000:0.000:-0.800|0.000:0.000:0.800|0.000:0.000:0.800|0.000:0.000:-0.800|0.000:0.000:-0.800","0.000:0.000:-2.961|20.000:0.000:2.539","0.000:0.000:1.300|0.000:0.000:1.300",False,False,Moving,60.00,40.00,3.00,SensorDegradation
8.2112,9,9,81,-12.1840,0.0500,-16.8022,103.5178,1.4651,0.1297,8.4000,0.0000,-13.5000,20.8473,7,"","","-8.400:0.000:-5.860|-4.200:0.000:-6.933|-22.000:0.000:0.567|4.200:0.000:6.933|8.400:0.000:3.433","0.000:0.000:-0.800|0.000:0.000:0.800|0.000:0.000:0.800|0.000:0.000:-0.800|0.000:0.000:-0.800","0.000:0.000:-2.829|20.000:0.000:2.671","0.000:0.000:1.300|0.000:0.000:1.300",False,False,Moving,60.00,40.00,3.00,SensorDegradation
8.3122,9,9,82,-12.0369,0.0500,-16.8377,103.5213,1.3146,-0.1450,8.4000,0.0000,-13.5000,20.7077,7,"","","-8.400:0.000:-5.941|-4.200:0.000:-6.852|-22.000:0.000:0.648|4.200:0.000:6.852|8.400:0.000:3.352","0.000:0.000:-0.800|0.000:0.000:0.800|0.000:0.000:0.800|0.000:0.000:-0.800|0.000:0.000:-0.800","0.000:0.000:-2.697|20.000:0.000:2.802","0.000:0.000:1.300|0.000:0.000:1.300",False,False,Moving,60.00,40.00,3.00,SensorDegradation
8.4150,9,9,83,-11.8871,0.0500,-16.8735,103.5014,1.4905,-0.1633,8.4000,0.0000,-13.5000,20.5658,7,"","","-8.400:0.000:-6.023|-4.200:0.000:-6.770|-22.000:0.000:0.730|4.200:0.000:6.770|8.400:0.000:3.270","0.000:0.000:-0.800|0.000:0.000:0.800|0.000:0.000:0.800|0.000:0.000:-0.800|0.000:0.000:-0.800","0.000:0.000:-2.564|20.000:0.000:2.936","0.000:0.000:1.300|0.000:0.000:1.300",False,False,Moving,60.00,40.00,3.00,SensorDegradation
8.5152,9,9,84,-11.7409,0.0500,-16.9079,103.4451,1.5775,-1.0132,8.4000,0.0000,-13.5000,20.4272,7,"","","-8.400:0.000:-6.104|-4.200:0.000:-6.690|-22.000:0.000:0.810|4.200:0.000:6.690|8.400:0.000:3.190","0.000:0.000:-0.800|0.000:0.000:0.800|0.000:0.000:0.800|0.000:0.000:-0.800|0.000:0.000:-0.800","0.000:0.000:-2.434|20.000:0.000:3.066","0.000:0.000:1.300|0.000:0.000:1.300",False,False,Moving,60.00,40.00,3.00,SensorDegradation
8.6162,9,9,85,-11.5936,0.0500,-16.9423,103.3753,1.5145,-0.6927,8.4000,0.0000,-13.5000,20.2878,7,"","","-8.400:0.000:-6.184|-4.200:0.000:-6.609|-22.000:0.000:0.891|4.200:0.000:6.609|8.400:0.000:3.109","0.000:0.000:-0.800|0.000:0.000:0.800|0.000:0.000:0.800|0.000:0.000:-0.800|0.000:0.000:-0.800","0.000:0.000:-2.302|20.000:0.000:3.198","0.000:0.000:1.300|0.000:0.000:1.300",False,False,Moving,60.00,40.00,3.00,SensorDegradation
8.7184,9,9,86,-11.4443,0.0500,-16.9763,103.2515,1.4345,-1.2589,8.4000,0.0000,-13.5000,20.1466,7,"","","-8.400:0.000:-6.266|-4.200:0.000:-6.527|-22.000:0.000:0.973|4.200:0.000:6.527|8.400:0.000:3.027","0.000:0.000:-0.800|0.000:0.000:0.800|0.000:0.000:0.800|0.000:0.000:-0.800|0.000:0.000:-0.800","0.000:0.000:-2.169|20.000:0.000:3.331","0.000:0.000:1.300|0.000:0.000:1.300",False,False,Moving,60.00,40.00,3.00,SensorDegradation
8.8194,9,9,87,-11.2958,0.0500,-17.0043,102.5730,1.6408,-8.5495,8.4000,0.0000,-13.5000,20.0051,7,"","","-8.400:0.000:-6.347|-4.200:0.000:-6.447|-22.000:0.000:1.053|4.200:0.000:6.447|8.400:0.000:2.947","0.000:0.000:-0.800|0.000:0.000:0.800|0.000:0.000:0.800|0.000:0.000:-0.800|0.000:0.000:-0.800","0.000:0.000:-2.038|20.000:0.000:3.462","0.000:0.000:1.300|0.000:0.000:1.300",False,False,Moving,60.00,40.00,3.00,SensorDegradation
8.9217,9,9,88,-11.1424,0.0500,-17.0046,99.7363,1.6636,-29.2145,8.4000,0.0000,-13.5000,19.8542,7,"","","-8.400:0.000:-6.429|-4.200:0.000:-6.365|-22.000:0.000:1.135|4.200:0.000:6.365|8.400:0.000:2.865","0.000:0.000:-0.800|0.000:0.000:0.800|0.000:0.000:0.800|0.000:0.000:-0.800|0.000:0.000:-0.800","0.000:0.000:-1.905|20.000:0.000:3.595","0.000:0.000:1.300|0.000:0.000:1.300",False,False,Moving,60.00,40.00,3.00,SensorDegradation
9.0231,9,9,89,-10.9903,0.0500,-17.0045,97.5464,1.4865,-20.2469,8.4000,0.0000,-13.5000,19.7045,7,"","","-8.400:0.000:-6.510|-4.200:0.000:-6.284|-22.000:0.000:1.216|4.200:0.000:6.284|8.400:0.000:2.784","0.000:0.000:-0.800|0.000:0.000:0.800|0.000:0.000:0.800|0.000:0.000:-0.800|0.000:0.000:-0.800","0.000:0.000:-1.773|20.000:0.000:3.727","0.000:0.000:1.300|0.000:0.000:1.300",False,False,Moving,60.00,40.00,3.00,SensorDegradation
9.1256,9,9,90,-10.8365,0.0500,-17.0045,95.8308,1.3987,-14.1556,8.4000,0.0000,-13.5000,19.5532,7,"","","-8.400:0.000:-6.592|-4.200:0.000:-6.202|-22.000:0.000:1.298|4.200:0.000:6.202|8.400:0.000:2.702","0.000:0.000:-0.800|0.000:0.000:0.800|0.000:0.000:0.800|0.000:0.000:-0.800|0.000:0.000:-0.800","0.000:0.000:-1.640|20.000:0.000:3.860","0.000:0.000:1.300|0.000:0.000:1.300",False,False,Moving,60.00,40.00,3.00,SensorDegradation
9.2258,9,9,91,-10.6862,0.0500,-17.0044,94.5292,1.5498,-12.2803,8.4000,0.0000,-13.5000,19.4053,7,"","","-8.400:0.000:-6.672|-4.200:0.000:-6.121|-22.000:0.000:1.379|4.200:0.000:6.121|8.400:0.000:2.621","0.000:0.000:-0.800|0.000:0.000:0.800|0.000:0.000:0.800|0.000:0.000:-0.800|0.000:0.000:-0.800","0.000:0.000:-1.510|20.000:0.000:3.990","0.000:0.000:1.300|0.000:0.000:1.300",False,False,Moving,60.00,40.00,3.00,SensorDegradation
9.3297,9,9,92,-10.5304,0.0500,-17.0044,93.4854,1.5346,-9.4421,8.4000,0.0000,-13.5000,19.2521,7,"","","-8.400:0.000:-6.755|-4.200:0.000:-6.038|-22.000:0.000:1.462|4.200:0.000:6.038|8.400:0.000:2.538","0.000:0.000:-0.800|0.000:0.000:0.800|0.000:0.000:0.800|0.000:0.000:-0.800|0.000:0.000:-0.800","0.000:0.000:-1.375|20.000:0.000:4.125","0.000:0.000:1.300|0.000:0.000:1.300",False,False,Moving,60.00,40.00,3.00,SensorDegradation
9.4321,9,9,93,-10.3767,0.0500,-17.0043,92.6914,1.5553,-7.4051,8.4000,0.0000,-13.5000,19.1010,7,"","","-8.400:0.000:-6.837|-4.200:0.000:-5.956|-22.000:0.000:1.544|4.200:0.000:5.956|8.400:0.000:2.456","0.000:0.000:-0.800|0.000:0.000:0.800|0.000:0.000:0.800|0.000:0.000:-0.800|0.000:0.000:-0.800","0.000:0.000:-1.242|20.000:0.000:4.258","0.000:0.000:1.300|0.000:0.000:1.300",False,False,Moving,60.00,40.00,3.00,SensorDegradation
9.5343,9,9,94,-10.2234,0.0500,-17.0043,92.0796,1.6358,-6.0608,8.4000,0.0000,-13.5000,18.9503,7,"","","-8.400:0.000:-6.919|-4.200:0.000:-5.875|-22.000:0.000:1.625|4.200:0.000:5.875|8.400:0.000:2.375","0.000:0.000:-0.800|0.000:0.000:0.800|0.000:0.000:0.800|0.000:0.000:-0.800|0.000:0.000:-0.800","0.000:0.000:-1.109|20.000:0.000:4.391","0.000:0.000:1.300|0.000:0.000:1.300",False,False,Moving,60.00,40.00,3.00,SensorDegradation
9.6370,9,9,95,-10.0694,0.0500,-17.0042,91.6039,1.5069,-4.3274,8.4000,0.0000,-13.5000,18.7989,7,"","","-8.400:0.000:-7.001|-4.200:0.000:-5.792|-22.000:0.000:1.708|4.200:0.000:5.792|8.400:0.000:2.292","0.000:0.000:-0.800|0.000:0.000:0.800|0.000:0.000:0.800|0.000:0.000:-0.800|0.000:0.000:-0.800","0.000:0.000:-0.975|20.000:0.000:4.525","0.000:0.000:1.300|0.000:0.000:1.300",False,False,Moving,60.00,40.00,3.00,SensorDegradation
9.7391,9,9,96,-9.9163,0.0500,-17.0042,91.2383,1.3948,-3.1296,8.4000,0.0000,-13.5000,18.6485,7,"","","-8.400:0.000:-7.083|-4.200:0.000:-5.711|-22.000:0.000:1.789|4.200:0.000:5.711|8.400:0.000:2.211","0.000:0.000:-0.800|0.000:0.000:0.800|0.000:0.000:0.800|0.000:0.000:-0.800|0.000:0.000:-0.800","0.000:0.000:-0.843|20.000:0.000:4.657","0.000:0.000:1.300|0.000:0.000:1.300",False,False,Moving,60.00,40.00,3.00,SensorDegradation
9.8415,9,9,97,-9.7626,0.0500,-17.0041,90.9546,1.5477,-2.7023,8.4000,0.0000,-13.5000,18.4976,7,"","","-8.400:0.000:-7.165|-4.200:0.000:-5.629|-22.000:0.000:1.871|4.200:0.000:5.629|8.400:0.000:2.129","0.000:0.000:-0.800|0.000:0.000:0.800|0.000:0.000:0.800|0.000:0.000:-0.800|0.000:0.000:-0.800","0.000:0.000:-0.709|20.000:0.000:4.791","0.000:0.000:1.300|0.000:0.000:1.300",False,False,Moving,60.00,40.00,3.00,SensorDegradation
9.9426,9,9,98,-9.6110,0.0500,-17.0040,90.7376,1.5250,-2.0660,8.4000,0.0000,-13.5000,18.3487,7,"","","-8.400:0.000:-7.245|-4.200:0.000:-5.548|-22.000:0.000:1.952|4.200:0.000:5.548|8.400:0.000:2.048","0.000:0.000:-0.800|0.000:0.000:0.800|0.000:0.000:0.800|0.000:0.000:-0.800|0.000:0.000:-0.800","0.000:0.000:-0.578|20.000:0.000:4.922","0.000:0.000:1.300|0.000:0.000:1.300",False,False,Moving,60.00,40.00,3.00,SensorDegradation
10.0447,9,9,99,-9.4579,0.0500,-17.0040,90.5678,1.4874,-1.4938,8.4000,0.0000,-13.5000,18.1985,7,"","","-8.400:0.000:-7.327|-4.200:0.000:-5.466|-22.000:0.000:2.034|4.200:0.000:5.466|8.400:0.000:1.966","0.000:0.000:-0.800|0.000:0.000:0.800|0.000:0.000:0.800|0.000:0.000:-0.800|0.000:0.000:-0.800","0.000:0.000:-0.445|20.000:0.000:5.055","0.000:0.000:1.300|0.000:0.000:1.300",False,False,Moving,60.00,40.00,3.00,SensorDegradation
10.1450,9,9,100,-9.3074,0.0500,-17.0039,90.4384,1.5343,-1.1993,8.4000,0.0000,-13.5000,18.0508,7,"","","-8.400:0.000:-7.407|-4.200:0.000:-5.386|-22.000:0.000:2.114|4.200:0.000:5.386|8.400:0.000:1.886","0.000:0.000:-0.800|0.000:0.000:0.800|0.000:0.000:0.800|0.000:0.000:-0.800|0.000:0.000:-0.800","0.000:0.000:-0.315|20.000:0.000:5.185","0.000:0.000:1.300|0.000:0.000:1.300",False,False,Moving,60.00,40.00,3.00,SensorDegradation
10.2464,9,9,101,-9.1553,0.0500,-17.0039,90.3369,1.6877,-1.0254,8.4000,0.0000,-13.5000,17.9016,7,"","","-8.400:0.000:-7.488|-4.200:0.000:-5.305|-22.000:0.000:2.195|4.200:0.000:5.305|8.400:0.000:1.805","0.000:0.000:-0.800|0.000:0.000:0.800|0.000:0.000:0.800|0.000:0.000:-0.800|0.000:0.000:-0.800","0.000:0.000:-0.183|20.000:0.000:5.317","0.000:0.000:1.300|0.000:0.000:1.300",False,False,Moving,60.00,40.00,3.00,SensorDegradation
10.3478,9,9,102,-9.0032,0.0500,-17.0038,90.2581,1.4656,-0.6927,8.4000,0.0000,-13.5000,17.7525,7,"","","-8.400:0.000:-7.570|-4.200:0.000:-5.224|-22.000:0.000:2.276|4.200:0.000:5.224|8.400:0.000:1.724","0.000:0.000:-0.800|0.000:0.000:0.800|0.000:0.000:0.800|0.000:0.000:-0.800|0.000:0.000:-0.800","0.000:0.000:-0.051|20.000:0.000:5.449","0.000:0.000:1.300|0.000:0.000:1.300",False,False,Moving,60.00,40.00,3.00,SensorDegradation
10.4499,9,9,103,-8.8500,0.0500,-17.0038,90.1967,1.4659,-0.5402,8.4000,0.0000,-13.5000,17.6023,7,"","","-8.400:0.000:-7.651|-4.200:0.000:-5.142|-22.000:0.000:2.358|4.200:0.000:5.142|8.400:0.000:1.642","0.000:0.000:-0.800|0.000:0.000:0.800|0.000:0.000:0.800|0.000:0.000:-0.800|0.000:0.000:-0.800","0.000:0.000:0.082|20.000:0.000:5.582","0.000:0.000:1.300|0.000:0.000:1.300",False,False,Moving,60.00,40.00,3.00,SensorDegradation
10.5512,9,9,104,-8.6981,0.0500,-17.0038,90.1495,1.4174,-0.4044,8.4000,0.0000,-13.5000,17.4534,7,"","","-8.400:0.000:-7.732|-4.200:0.000:-5.061|-22.000:0.000:2.439|4.200:0.000:5.061|8.400:0.000:1.561","0.000:0.000:-0.800|0.000:0.000:0.800|0.000:0.000:0.800|0.000:0.000:-0.800|0.000:0.000:-0.800","0.000:0.000:0.213|20.000:0.000:5.713","0.000:0.000:1.300|0.000:0.000:1.300",False,False,Moving,60.00,40.00,3.00,SensorDegradation
10.6514,9,9,105,-8.5479,0.0500,-17.0037,90.1133,1.6607,-0.3693,8.4000,0.0000,-13.5000,17.3063,7,"","","-8.400:0.000:-7.812|-4.200:0.000:-4.981|-22.000:0.000:2.519|4.200:0.000:4.981|8.400:0.000:1.481","0.000:0.000:-0.800|0.000:0.000:0.800|0.000:0.000:0.800|0.000:0.000:-0.800|0.000:0.000:-0.800","0.000:0.000:0.343|20.000:0.000:5.843","0.000:0.000:1.300|0.000:0.000:1.300",False,False,Moving,60.00,40.00,3.00,SensorDegradation
10.7534,9,9,106,-8.3948,0.0500,-17.0037,90.0846,1.5767,-0.2747,8.4000,0.0000,-13.5000,17.1565,7,"","","-8.400:0.000:-7.894|-4.200:0.000:-4.899|-22.000:0.000:2.601|4.200:0.000:4.899|8.400:0.000:1.399","0.000:0.000:-0.800|0.000:0.000:0.800|0.000:0.000:0.800|0.000:0.000:-0.800|0.000:0.000:-0.800","0.000:0.000:0.476|20.000:0.000:5.976","0.000:0.000:1.300|0.000:0.000:1.300",False,False,Moving,60.00,40.00,3.00,SensorDegradation
10.8561,9,9,107,-8.2408,0.0500,-17.0036,90.0623,1.5429,-0.2090,8.4000,0.0000,-13.5000,17.0057,7,"","","-8.400:0.000:-7.976|-4.200:0.000:-4.817|-22.000:0.000:2.683|4.200:0.000:4.817|8.400:0.000:1.317","0.000:0.000:-0.800|0.000:0.000:0.800|0.000:0.000:0.800|0.000:0.000:-0.800|0.000:0.000:-0.800","0.000:0.000:0.610|20.000:0.000:6.110","0.000:0.000:1.300|0.000:0.000:1.300",False,False,Moving,60.00,40.00,3.00,SensorDegradation
10.9579,9,9,108,-8.0881,0.0500,-17.0036,90.0453,1.4660,-0.1541,8.4000,0.0000,-13.5000,16.8563,7,"","","-8.400:0.000:-8.058|-4.200:0.000:-4.736|-22.000:0.000:2.764|4.200:0.000:4.736|8.400:0.000:1.236","0.000:0.000:-0.800|0.000:0.000:0.800|0.000:0.000:0.800|0.000:0.000:-0.800|0.000:0.000:-0.800","0.000:0.000:0.742|20.000:0.000:6.242","0.000:0.000:1.300|0.000:0.000:1.300",False,False,Moving,60.00,40.00,3.00,SensorDegradation
11.0597,9,9,109,-7.9354,0.0500,-17.0035,90.0320,1.5611,-0.1282,8.4000,0.0000,-13.5000,16.7070,7,"","","-8.400:0.000:-8.139|-4.200:0.000:-4.654|-22.000:0.000:2.846|4.200:0.000:4.654|8.400:0.000:1.154","0.000:0.000:-0.800|0.000:0.000:0.800|0.000:0.000:0.800|0.000:0.000:-0.800|0.000:0.000:-0.800","0.000:0.000:0.874|20.000:0.000:6.374","0.000:0.000:1.300|0.000:0.000:1.300",False,False,Moving,60.00,40.00,3.00,SensorDegradation
11.1620,9,9,110,-7.7819,0.0500,-17.0035,90.0218,1.5521,-0.0977,8.4000,0.0000,-13.5000,16.5569,7,"","","-8.400:0.000:-8.221|-4.200:0.000:-4.572|-22.000:0.000:2.928|4.200:0.000:4.572|8.400:0.000:1.072","0.000:0.000:-0.800|0.000:0.000:0.800|0.000:0.000:0.800|0.000:0.000:-0.800|0.000:0.000:-0.800","0.000:0.000:1.007|20.000:0.000:6.507","0.000:0.000:1.300|0.000:0.000:1.300",False,False,Moving,60.00,40.00,3.00,SensorDegradation
11.2638,9,9,111,-7.6292,0.0500,-17.0034,90.0139,1.4452,-0.0671,8.4000,0.0000,-13.5000,16.4077,7,"","","-8.400:0.000:-8.302|-4.200:0.000:-4.491|-22.000:0.000:3.009|4.200:0.000:4.491|8.400:0.000:0.991","0.000:0.000:-0.800|0.000:0.000:0.800|0.000:0.000:0.800|0.000:0.000:-0.800|0.000:0.000:-0.800","0.000:0.000:1.140|20.000:0.000:6.640","0.000:0.000:1.300|0.000:0.000:1.300",False,False,Moving,60.00,40.00,3.00,SensorDegradation
11.3668,9,9,112,-7.4748,0.0500,-17.0034,90.0078,1.6573,-0.0595,8.4000,0.0000,-13.5000,16.2569,7,"","","-8.400:0.000:-8.385|-4.200:0.000:-4.409|-22.000:0.000:3.091|4.200:0.000:4.409|8.400:0.000:0.909","0.000:0.000:-0.800|0.000:0.000:0.800|0.000:0.000:0.800|0.000:0.000:-0.800|0.000:0.000:-0.800","0.000:0.000:1.273|20.000:0.000:6.773","0.000:0.000:1.300|0.000:0.000:1.300",False,False,Moving,60.00,40.00,3.00,SensorDegradation
11.4673,9,9,113,-7.3239,0.0500,-17.0034,90.0031,1.3662,-0.0397,8.4000,0.0000,-13.5000,16.1095,7,"","","-8.400:0.000:-8.465|-4.200:0.000:-4.328|-22.000:0.000:3.172|4.200:0.000:4.328|8.400:0.000:0.828","0.000:0.000:-0.800|0.000:0.000:0.800|0.000:0.000:0.800|0.000:0.000:-0.800|0.000:0.000:-0.800","0.000:0.000:1.404|20.000:0.000:6.904","0.000:0.000:1.300|0.000:0.000:1.300",False,False,Moving,60.00,40.00,3.00,SensorDegradation
11.5693,9,9,114,-7.1711,0.0500,-17.0033,89.9994,1.5845,-0.0366,8.4000,0.0000,-13.5000,15.9604,7,"","","-8.400:0.000:-8.547|-4.200:0.000:-4.247|-22.000:0.000:3.253|4.200:0.000:4.247|8.400:0.000:0.747","0.000:0.000:-0.800|0.000:0.000:0.800|0.000:0.000:0.800|0.000:0.000:-0.800|0.000:0.000:-0.800","0.000:0.000:1.537|20.000:0.000:7.037","0.000:0.000:1.300|0.000:0.000:1.300",False,False,Moving,60.00,40.00,3.00,SensorDegradation
11.6717,9,9,115,-7.0174,0.0500,-17.0033,89.9965,1.4975,-0.0259,8.4000,0.0000,-13.5000,15.8105,7,"","","-8.400:0.000:-8.629|-4.200:0.000:-4.165|-22.000:0.000:3.335|4.200:0.000:4.165|8.400:0.000:0.665","0.000:0.000:-0.800|0.000:0.000:0.800|0.000:0.000:0.800|0.000:0.000:-0.800|0.000:0.000:-0.800","0.000:0.000:1.670|20.000:0.000:7.170","0.000:0.000:1.300|0.000:0.000:1.300",False,False,Moving,60.00,40.00,3.00,SensorDegradation
11.7721,9,9,116,-6.8667,0.0500,-17.0033,89.9943,1.3451,-0.0183,8.4000,0.0000,-13.5000,15.6636,7,"","","-8.400:0.000:-8.709|-4.200:0.000:-4.084|-22.000:0.000:3.416|4.200:0.000:4.084|8.400:0.000:0.584","0.000:0.000:-0.800|0.000:0.000:0.800|0.000:0.000:0.800|0.000:0.000:-0.800|0.000:0.000:-0.800","0.000:0.000:1.800|20.000:0.000:7.300","0.000:0.000:1.300|0.000:0.000:1.300",False,False,Moving,60.00,40.00,3.00,SensorDegradation
11.8723,9,9,117,-6.7166,0.0500,-17.0032,89.9926,1.5443,-0.0153,8.4000,0.0000,-13.5000,15.5173,7,"","","-8.400:0.000:-8.789|-4.200:0.000:-4.004|-22.000:0.000:3.496|4.200:0.000:4.004|8.400:0.000:0.504","0.000:0.000:-0.800|0.000:0.000:0.800|0.000:0.000:0.800|0.000:0.000:-0.800|0.000:0.000:-0.800","0.000:0.000:1.931|20.000:0.000:7.431","0.000:0.000:1.300|0.000:0.000:1.300",False,False,Moving,60.00,40.00,3.00,SensorDegradation
11.9732,9,9,118,-6.5652,0.0500,-17.0032,89.9913,1.4348,-0.0122,8.4000,0.0000,-13.5000,15.3698,7,"","","-8.400:0.000:-8.870|-4.200:0.000:-3.924|-22.000:0.000:3.576|4.200:0.000:3.924|8.400:0.000:0.424","0.000:0.000:-0.800|0.000:0.000:0.800|0.000:0.000:0.800|0.000:0.000:-0.800|0.000:0.000:-0.800","0.000:0.000:2.062|20.000:0.000:7.562","0.000:0.000:1.300|0.000:0.000:1.300",False,False,Moving,60.00,40.00,3.00,SensorDegradation
12.0757,9,9,119,-6.4114,0.0500,-17.0031,89.9903,1.3626,-0.0076,8.4000,0.0000,-13.5000,15.2201,7,"","","-8.400:0.000:-8.952|-4.200:0.000:-3.841|-22.000:0.000:3.659|4.200:0.000:3.841|8.400:0.000:0.342","0.000:0.000:-0.800|0.000:0.000:0.800|0.000:0.000:0.800|0.000:0.000:-0.800|0.000:0.000:-0.800","0.000:0.000:2.195|20.000:0.000:7.695","0.000:0.000:1.300|0.000:0.000:1.300",False,False,Moving,60.00,40.00,3.00,SensorDegradation
12.1780,9,9,120,-6.2579,0.0500,-17.0031,89.9895,1.5448,-0.0076,8.4000,0.0000,-13.5000,15.0708,7,"","","-8.400:0.000:-9.034|-4.200:0.000:-3.760|-22.000:0.000:3.740|4.200:0.000:3.760|8.400:0.000:0.260","0.000:0.000:-0.800|0.000:0.000:0.800|0.000:0.000:0.800|0.000:0.000:-0.800|0.000:0.000:-0.800","0.000:0.000:2.328|20.000:0.000:7.828","0.000:0.000:1.300|0.000:0.000:1.300",False,False,Moving,60.00,40.00,3.00,SensorDegradation
12.2820,9,9,121,-6.1020,0.0500,-17.0030,89.9889,1.6316,-0.0061,8.4000,0.0000,-13.5000,14.9191,7,"","","-8.400:0.000:-9.117|-4.200:0.000:-3.676|-22.000:0.000:3.824|4.200:0.000:3.676|8.400:0.000:0.176","0.000:0.000:-0.800|0.000:0.000:0.800|0.000:0.000:0.800|0.000:0.000:-0.800|0.000:0.000:-0.800","0.000:0.000:2.463|20.000:0.000:7.749","0.000:0.000:1.300|0.000:0.000:-1.300",False,False,Moving,60.00,40.00,3.00,SensorDegradation
12.3850,9,9,122,-5.9475,0.0500,-17.0030,89.9885,1.4887,-0.0031,8.4000,0.0000,-13.5000,14.7690,7,"","","-8.400:0.000:-9.199|-4.200:0.000:-3.594|-22.000:0.000:3.906|4.200:0.000:3.594|8.400:0.000:0.094","0.000:0.000:-0.800|0.000:0.000:0.800|0.000:0.000:0.800|0.000:0.000:-0.800|0.000:0.000:-0.800","0.000:0.000:2.597|20.000:0.000:7.615","0.000:0.000:1.300|0.000:0.000:-1.300",False,False,Moving,60.00,40.00,3.00,SensorDegradation
12.4880,9,9,123,-5.7930,0.0500,-17.0029,89.9882,1.4330,-0.0031,8.4000,0.0000,-13.5000,14.6189,7,"","","-8.400:0.000:-9.282|-4.200:0.000:-3.512|-22.000:0.000:3.988|4.200:0.000:3.512|8.400:0.000:0.012","0.000:0.000:-0.800|0.000:0.000:0.800|0.000:0.000:0.800|0.000:0.000:-0.800|0.000:0.000:-0.800","0.000:0.000:2.731|20.000:0.000:7.481","0.000:0.000:1.300|0.000:0.000:-1.300",False,False,Moving,60.00,40.00,3.00,SensorDegradation
12.5906,9,9,124,-5.6390,0.0500,-17.0029,89.9879,1.5028,-0.0031,8.4000,0.0000,-13.5000,14.4695,7,"","","-8.400:0.000:-9.364|-4.200:0.000:-3.430|-22.000:0.000:4.070|4.200:0.000:3.430|8.400:0.000:-0.070","0.000:0.000:-0.800|0.000:0.000:0.800|0.000:0.000:0.800|0.000:0.000:-0.800|0.000:0.000:-0.800","0.000:0.000:2.864|20.000:0.000:7.348","0.000:0.000:1.300|0.000:0.000:-1.300",False,False,Moving,60.00,40.00,3.00,SensorDegradation
12.6915,9,9,125,-5.4877,0.0500,-17.0028,89.9879,1.4279,0.0000,8.4000,0.0000,-13.5000,14.3227,7,"","","-8.400:0.000:-9.444|-4.200:0.000:-3.349|-22.000:0.000:4.151|4.200:0.000:3.349|8.400:0.000:-0.151","0.000:0.000:-0.800|0.000:0.000:0.800|0.000:0.000:0.800|0.000:0.000:-0.800|0.000:0.000:-0.800","0.000:0.000:2.996|20.000:0.000:7.217","0.000:0.000:1.300|0.000:0.000:-1.300",False,False,Moving,60.00,40.00,3.00,SensorDegradation
12.7935,9,9,126,-5.3346,0.0500,-17.0027,89.9879,1.4850,0.0000,8.4000,0.0000,-13.5000,14.1743,7,"","","-8.400:0.000:-9.526|-4.200:0.000:-3.267|-22.000:0.000:4.233|4.200:0.000:3.267|8.400:0.000:-0.233","0.000:0.000:-0.800|0.000:0.000:0.800|0.000:0.000:0.800|0.000:0.000:-0.800|0.000:0.000:-0.800","0.000:0.000:3.128|20.000:0.000:7.084","0.000:0.000:1.300|0.000:0.000:-1.300",False,False,Moving,60.00,40.00,3.00,SensorDegradation
12.8948,9,9,127,-5.1827,0.0500,-17.0027,89.9879,1.4415,0.0000,8.4000,0.0000,-13.5000,14.0271,7,"","","-8.400:0.000:-9.607|-4.200:0.000:-3.186|-22.000:0.000:4.314|4.200:0.000:3.186|8.400:0.000:-0.314","0.000:0.000:-0.800|0.000:0.000:0.800|0.000:0.000:0.800|0.000:0.000:-0.800|0.000:0.000:-0.800","0.000:0.000:3.260|20.000:0.000:6.952","0.000:0.000:1.300|0.000:0.000:-1.300",False,False,Moving,60.00,40.00,3.00,SensorDegradation
12.9978,9,9,128,-5.0282,0.0500,-17.0026,89.9879,1.5187,0.0000,8.4000,0.0000,-13.5000,13.8776,7,"","","-8.400:0.000:-9.690|-4.200:0.000:-3.104|-22.000:0.000:4.396|4.200:0.000:3.104|8.400:0.000:-0.396","0.000:0.000:-0.800|0.000:0.000:0.800|0.000:0.000:0.800|0.000:0.000:-0.800|0.000:0.000:-0.800","0.000:0.000:3.394|20.000:0.000:6.818","0.000:0.000:1.300|0.000:0.000:-1.300",False,False,Moving,60.00,40.00,3.00,SensorDegradation
13.0988,9,9,129,-4.8767,0.0500,-17.0026,89.9879,1.4844,0.0000,8.4000,0.0000,-13.5000,13.7310,7,"","","-8.400:0.000:-9.770|-4.200:0.000:-3.023|-22.000:0.000:4.477|4.200:0.000:3.023|8.400:0.000:-0.477","0.000:0.000:-0.800|0.000:0.000:0.800|0.000:0.000:0.800|0.000:0.000:-0.800|0.000:0.000:-0.800","0.000:0.000:3.525|20.000:0.000:6.687","0.000:0.000:1.300|0.000:0.000:-1.300",False,False,Moving,60.00,40.00,3.00,SensorDegradation
13.2005,9,9,130,-4.7242,0.0500,-17.0025,89.9879,1.5896,0.0000,8.4000,0.0000,-13.5000,13.5837,7,"","","-8.400:0.000:-9.852|-4.200:0.000:-2.942|-22.000:0.000:4.558|4.200:0.000:2.942|8.400:0.000:-0.558","0.000:0.000:-0.800|0.000:0.000:0.800|0.000:0.000:0.800|0.000:0.000:-0.800|0.000:0.000:-0.800","0.000:0.000:3.657|20.000:0.000:6.555","0.000:0.000:1.300|0.000:0.000:-1.300",False,False,Moving,60.00,40.00,3.00,SensorDegradation
13.3031,9,9,131,-4.5703,0.0500,-17.0025,89.9879,1.4236,0.0000,8.4000,0.0000,-13.5000,13.4350,7,"","","-8.400:0.000:-9.773|-4.200:0.000:-2.860|-22.000:0.000:4.640|4.200:0.000:2.860|8.400:0.000:-0.640","0.000:0.000:0.800|0.000:0.000:0.800|0.000:0.000:0.800|0.000:0.000:-0.800|0.000:0.000:-0.800","0.000:0.000:3.791|20.000:0.000:6.422","0.000:0.000:1.300|0.000:0.000:-1.300",False,False,Moving,60.00,40.00,3.00,SensorDegradation
13.4048,9,9,132,-4.4178,0.0500,-17.0024,89.9879,1.3925,0.0000,8.4000,0.0000,-13.5000,13.2878,7,"","","-8.400:0.000:-9.692|-4.200:0.000:-2.778|-22.000:0.000:4.722|4.200:0.000:2.778|8.400:0.000:-0.722","0.000:0.000:0.800|0.000:0.000:0.800|0.000:0.000:0.800|0.000:0.000:-0.800|0.000:0.000:-0.800","0.000:0.000:3.923|20.000:0.000:6.289","0.000:0.000:1.300|0.000:0.000:-1.300",False,False,Moving,60.00,40.00,3.00,SensorDegradation
13.5052,9,9,133,-4.2672,0.0500,-17.0024,89.9879,1.3692,0.0000,8.4000,0.0000,-13.5000,13.1426,7,"","","-8.400:0.000:-9.612|-4.200:0.000:-2.698|-22.000:0.000:4.802|4.200:0.000:2.698|8.400:0.000:-0.802","0.000:0.000:0.800|0.000:0.000:0.800|0.000:0.000:0.800|0.000:0.000:-0.800|0.000:0.000:-0.800","0.000:0.000:4.053|20.000:0.000:6.159","0.000:0.000:1.300|0.000:0.000:-1.300",False,False,Moving,60.00,40.00,3.00,SensorDegradation
13.6063,9,9,134,-4.1155,0.0500,-17.0024,89.9879,1.5837,0.0000,8.4000,0.0000,-13.5000,12.9964,7,"","","-8.400:0.000:-9.531|-4.200:0.000:-2.617|-22.000:0.000:4.883|4.200:0.000:2.617|8.400:0.000:-0.883","0.000:0.000:0.800|0.000:0.000:0.800|0.000:0.000:0.800|0.000:0.000:-0.800|0.000:0.000:-0.800","0.000:0.000:4.185|20.000:0.000:6.027","0.000:0.000:1.300|0.000:0.000:-1.300",False,False,Moving,60.00,40.00,3.00,SensorDegradation
13.7084,9,9,135,-3.9623,0.0500,-17.0024,89.9879,1.5552,0.0000,8.4000,0.0000,-13.5000,12.8490,7,"","","-8.400:0.000:-9.449|-4.200:0.000:-2.535|-22.000:0.000:4.965|4.200:0.000:2.535|8.400:0.000:-0.965","0.000:0.000:0.800|0.000:0.000:0.800|0.000:0.000:0.800|0.000:0.000:-0.800|0.000:0.000:-0.800","0.000:0.000:4.318|20.000:0.000:5.895","0.000:0.000:1.300|0.000:0.000:-1.300",False,False,Moving,60.00,40.00,3.00,SensorDegradation
13.8095,9,9,136,-3.8107,0.0500,-17.0023,89.9879,1.4726,0.0000,8.4000,0.0000,-13.5000,12.7031,7,"","","-8.400:0.000:-9.368|-4.200:0.000:-2.454|-22.000:0.000:5.046|4.200:0.000:2.454|8.400:0.000:-1.046","0.000:0.000:0.800|0.000:0.000:0.800|0.000:0.000:0.800|0.000:0.000:-0.800|0.000:0.000:-0.800","0.000:0.000:4.449|20.000:0.000:5.763","0.000:0.000:1.300|0.000:0.000:-1.300",False,False,Moving,60.00,40.00,3.00,SensorDegradation
13.9111,9,9,137,-3.6582,0.0500,-17.0023,89.9879,1.5520,0.0000,8.4000,0.0000,-13.5000,12.5567,7,"","","-8.400:0.000:-9.287|-4.200:0.000:-2.373|-22.000:0.000:5.127|4.200:0.000:2.373|8.400:0.000:-1.127","0.000:0.000:0.800|0.000:0.000:0.800|0.000:0.000:0.800|0.000:0.000:-0.800|0.000:0.000:-0.800","0.000:0.000:4.581|20.000:0.000:5.631","0.000:0.000:1.300|0.000:0.000:-1.300",False,False,Moving,60.00,40.00,3.00,SensorDegradation
14.0127,9,9,138,-3.5058,0.0500,-17.0023,89.9879,1.6031,0.0000,8.4000,0.0000,-13.5000,12.4104,7,"","","-8.400:0.000:-9.206|-4.200:0.000:-2.292|-22.000:0.000:5.208|4.200:0.000:2.292|8.400:0.000:-1.208","0.000:0.000:0.800|0.000:0.000:0.800|0.000:0.000:0.800|0.000:0.000:-0.800|0.000:0.000:-0.800","0.000:0.000:4.713|20.000:0.000:5.499","0.000:0.000:1.300|0.000:0.000:-1.300",False,False,Moving,60.00,40.00,3.00,SensorDegradation
14.1143,9,9,139,-3.3535,0.0500,-17.0023,89.9879,1.5120,0.0000,8.4000,0.0000,-13.5000,12.2643,7,"","","-8.400:0.000:-9.124|-4.200:0.000:-2.211|-22.000:0.000:5.289|4.200:0.000:2.211|8.400:0.000:-1.289","0.000:0.000:0.800|0.000:0.000:0.800|0.000:0.000:0.800|0.000:0.000:-0.800|0.000:0.000:-0.800","0.000:0.000:4.845|20.000:0.000:5.367","0.000:0.000:1.300|0.000:0.000:-1.300",False,False,Moving,60.00,40.00,3.00,SensorDegradation
14.2163,9,9,140,-3.2005,0.0500,-17.0023,89.9879,1.5456,0.0000,8.4000,0.0000,-13.5000,12.1178,7,"","","-8.400:0.000:-9.043|-4.200:0.000:-2.129|-22.000:0.000:5.371|4.200:0.000:2.129|8.400:0.000:-1.371","0.000:0.000:0.800|0.000:0.000:0.800|0.000:0.000:0.800|0.000:0.000:-0.800|0.000:0.000:-0.800","0.000:0.000:4.978|20.000:0.000:5.234","0.000:0.000:1.300|0.000:0.000:-1.300",False,False,Moving,60.00,40.00,3.00,SensorDegradation
14.3172,9,9,141,-3.0492,0.0500,-17.0023,89.9879,1.4925,0.0000,8.4000,0.0000,-13.5000,11.9730,7,"","","-8.400:0.000:-8.962|-4.200:0.000:-2.048|-22.000:0.000:5.452|4.200:0.000:2.048|8.400:0.000:-1.452","0.000:0.000:0.800|0.000:0.000:0.800|0.000:0.000:0.800|0.000:0.000:-0.800|0.000:0.000:-0.800","0.000:0.000:5.109|20.000:0.000:5.103","0.000:0.000:1.300|0.000:0.000:-1.300",False,False,Moving,60.00,40.00,3.00,SensorDegradation
14.4198,9,9,142,-2.8953,0.0500,-17.0023,89.9878,1.3726,0.0000,8.4000,0.0000,-13.5000,11.8259,7,"","","-8.400:0.000:-8.880|-4.200:0.000:-1.966|-22.000:0.000:5.534|4.200:0.000:1.966|8.400:0.000:-1.534","0.000:0.000:0.800|0.000:0.000:0.800|0.000:0.000:0.800|0.000:0.000:-0.800|0.000:0.000:-0.800","0.000:0.000:5.242|20.000:0.000:4.970","0.000:0.000:1.300|0.000:0.000:-1.300",False,False,Moving,60.00,40.00,3.00,SensorDegradation
14.5215,9,9,143,-2.7426,0.0500,-17.0022,89.9877,1.3743,0.0000,8.4000,0.0000,-13.5000,11.6802,7,"","","-8.400:0.000:-8.799|-4.200:0.000:-1.885|-22.000:0.000:5.615|4.200:0.000:1.885|8.400:0.000:-1.615","0.000:0.000:0.800|0.000:0.000:0.800|0.000:0.000:0.800|0.000:0.000:-0.800|0.000:0.000:-0.800","0.000:0.000:5.375|20.000:0.000:4.838","0.000:0.000:1.300|0.000:0.000:-1.300",False,False,Moving,60.00,40.00,3.00,SensorDegradation
14.6239,9,9,144,-2.5891,0.0500,-17.0022,89.9877,1.4886,0.0000,8.4000,0.0000,-13.5000,11.5338,7,"","","-8.400:0.000:-8.717|-4.200:0.000:-1.803|-22.000:0.000:5.697|4.200:0.000:1.803|8.400:0.000:-1.697","0.000:0.000:0.800|0.000:0.000:0.800|0.000:0.000:0.800|0.000:0.000:-0.800|0.000:0.000:-0.800","0.000:0.000:5.508|20.000:0.000:4.705","0.000:0.000:1.300|0.000:0.000:-1.300",False,False,Moving,60.00,40.00,3.00,SensorDegradation
14.7258,9,9,145,-2.4362,0.0500,-17.0022,89.9876,1.5168,0.0000,8.4000,0.0000,-13.5000,11.3882,7,"","","-8.400:0.000:-8.635|-4.200:0.000:-1.721|-22.000:0.000:5.779|4.200:0.000:1.721|8.400:0.000:-1.779","0.000:0.000:0.800|0.000:0.000:0.800|0.000:0.000:0.800|0.000:0.000:-0.800|0.000:0.000:-0.800","0.000:0.000:5.640|20.000:0.000:4.572","0.000:0.000:1.300|0.000:0.000:-1.300",False,False,Moving,60.00,40.00,3.00,SensorDegradation
14.8273,9,9,146,-2.2840,0.0500,-17.0022,89.9874,1.4806,-0.0015,8.4000,0.0000,-13.5000,11.2435,7,"","","-8.400:0.000:-8.554|-4.200:0.000:-1.640|-22.000:0.000:5.845|4.200:0.000:1.640|8.400:0.000:-1.860","0.000:0.000:0.800|0.000:0.000:0.800|0.000:0.000:-0.800|0.000:0.000:-0.800|0.000:0.000:-0.800","0.000:0.000:5.772|20.000:0.000:4.440","0.000:0.000:1.300|0.000:0.000:-1.300",False,False,Moving,60.00,40.00,3.00,SensorDegradation
14.9289,9,9,147,-2.1315,0.0500,-17.0022,89.9873,1.3424,-0.0015,8.4000,0.0000,-13.5000,11.0987,7,"","","-8.400:0.000:-8.473|-4.200:0.000:-1.559|-22.000:0.000:5.764|4.200:0.000:1.559|8.400:0.000:-1.941","0.000:0.000:0.800|0.000:0.000:0.800|0.000:0.000:-0.800|0.000:0.000:-0.800|0.000:0.000:-0.800","0.000:0.000:5.904|20.000:0.000:4.308","0.000:0.000:1.300|0.000:0.000:-1.300",False,False,Moving,60.00,40.00,3.00,SensorDegradation
15.0291,9,9,148,-1.9813,0.0500,-17.0022,89.9872,1.3744,0.0000,8.4000,0.0000,-13.5000,10.9563,7,"","","-8.400:0.000:-8.393|-4.200:0.000:-1.479|-22.000:0.000:5.683|4.200:0.000:1.479|8.400:0.000:-2.021","0.000:0.000:0.800|0.000:0.000:0.800|0.000:0.000:-0.800|0.000:0.000:-0.800|0.000:0.000:-0.800","0.000:0.000:6.034|20.000:0.000:4.178","0.000:0.000:1.300|0.000:0.000:-1.300",False,False,Moving,60.00,40.00,3.00,SensorDegradation
15.1301,9,9,149,-1.8298,0.0500,-17.0021,89.9871,1.4050,0.0000,8.4000,0.0000,-13.5000,10.8128,7,"","","-8.400:0.000:-8.312|-4.200:0.000:-1.398|-22.000:0.000:5.603|4.200:0.000:1.398|8.400:0.000:-2.102","0.000:0.000:0.800|0.000:0.000:0.800|0.000:0.000:-0.800|0.000:0.000:-0.800|0.000:0.000:-0.800","0.000:0.000:6.166|20.000:0.000:4.046","0.000:0.000:1.300|0.000:0.000:-1.300",False,False,Moving,60.00,40.00,3.00,SensorDegradation
15.2321,9,9,150,-1.6767,0.0500,-17.0021,89.9871,1.6750,0.0000,8.4000,0.0000,-13.5000,10.6681,7,"","","-8.400:0.000:-8.230|-4.200:0.000:-1.316|-22.000:0.000:5.521|4.200:0.000:1.316|8.400:0.000:-2.184","0.000:0.000:0.800|0.000:0.000:0.800|0.000:0.000:-0.800|0.000:0.000:-0.800|0.000:0.000:-0.800","0.000:0.000:6.298|20.000:0.000:3.914","0.000:0.000:1.300|0.000:0.000:-1.300",False,False,Moving,60.00,40.00,3.00,SensorDegradation
15.3332,9,9,151,-1.5251,0.0500,-17.0020,89.9871,1.6330,0.0000,8.4000,0.0000,-13.5000,10.5249,7,"","","-8.400:0.000:-8.149|-4.200:0.000:-1.235|-22.000:0.000:5.440|4.200:0.000:1.235|8.400:0.000:-2.265","0.000:0.000:0.800|0.000:0.000:0.800|0.000:0.000:-0.800|0.000:0.000:-0.800|0.000:0.000:-0.800","0.000:0.000:6.430|20.000:0.000:3.782","0.000:0.000:1.300|0.000:0.000:-1.300",False,False,Moving,60.00,40.00,3.00,SensorDegradation
15.4362,9,9,152,-1.3706,0.0500,-17.0020,89.9871,1.5656,0.0000,8.4000,0.0000,-13.5000,10.3794,7,"","","-8.400:0.000:-8.067|-4.200:0.000:-1.153|-22.000:0.000:5.358|4.200:0.000:1.153|8.400:0.000:-2.347","0.000:0.000:0.800|0.000:0.000:0.800|0.000:0.000:-0.800|0.000:0.000:-0.800|0.000:0.000:-0.800","0.000:0.000:6.564|20.000:0.000:3.648","0.000:0.000:1.300|0.000:0.000:-1.300",False,False,Moving,60.00,40.00,3.00,SensorDegradation
15.5372,9,9,153,-1.2192,0.0500,-17.0019,89.9871,1.6121,0.0000,8.4000,0.0000,-13.5000,10.2369,7,"","","-8.400:0.000:-7.986|-4.200:0.000:-1.072|-22.000:0.000:5.277|4.200:0.000:1.072|8.400:0.000:-2.428","0.000:0.000:0.800|0.000:0.000:0.800|0.000:0.000:-0.800|0.000:0.000:-0.800|0.000:0.000:-0.800","0.000:0.000:6.695|20.000:0.000:3.517","0.000:0.000:1.300|0.000:0.000:-1.300",False,False,Moving,60.00,40.00,3.00,SensorDegradation
15.6388,9,9,154,-1.0667,0.0500,-17.0019,89.9871,1.3853,0.0000,8.4000,0.0000,-13.5000,10.0938,7,"","","-8.400:0.000:-7.905|-4.200:0.000:-0.991|-22.000:0.000:5.196|4.200:0.000:0.991|8.400:0.000:-2.509","0.000:0.000:0.800|0.000:0.000:0.800|0.000:0.000:-0.800|0.000:0.000:-0.800|0.000:0.000:-0.800","0.000:0.000:6.827|20.000:0.000:3.385","0.000:0.000:1.300|0.000:0.000:-1.300",False,False,Moving,60.00,40.00,3.00,SensorDegradation
15.7394,9,9,155,-0.9158,0.0500,-17.0019,89.9871,1.6279,0.0000,8.4000,0.0000,-13.5000,9.9524,7,"","","-8.400:0.000:-7.824|-4.200:0.000:-0.911|-22.000:0.000:5.115|4.200:0.000:0.911|8.400:0.000:-2.589","0.000:0.000:0.800|0.000:0.000:0.800|0.000:0.000:-0.800|0.000:0.000:-0.800|0.000:0.000:-0.800","0.000:0.000:6.958|20.000:0.000:3.254","0.000:0.000:1.300|0.000:0.000:-1.300",False,False,Moving,60.00,40.00,3.00,SensorDegradation
15.8417,9,9,156,-0.7624,0.0500,-17.0018,89.9871,1.5374,0.0000,8.4000,0.0000,-13.5000,9.8090,7,"","","-8.400:0.000:-7.742|-4.200:0.000:-0.829|-22.000:0.000:5.033|4.200:0.000:0.829|8.400:0.000:-2.671","0.000:0.000:0.800|0.000:0.000:0.800|0.000:0.000:-0.800|0.000:0.000:-0.800|0.000:0.000:-0.800","0.000:0.000:7.091|20.000:0.000:3.121","0.000:0.000:1.300|0.000:0.000:-1.300",False,False,Moving,60.00,40.00,3.00,SensorDegradation
15.9418,9,9,157,-0.6122,0.0500,-17.0018,89.9871,1.5427,0.0000,8.4000,0.0000,-13.5000,9.6687,7,"","","-8.400:0.000:-7.662|-4.200:0.000:-0.749|-22.000:0.000:4.953|4.200:0.000:0.749|8.400:0.000:-2.751","0.000:0.000:0.800|0.000:0.000:0.800|0.000:0.000:-0.800|0.000:0.000:-0.800|0.000:0.000:-0.800","0.000:0.000:7.221|20.000:0.000:2.991","0.000:0.000:1.300|0.000:0.000:-1.300",False,False,Moving,60.00,40.00,3.00,SensorDegradation
16.0441,9,9,158,-0.4589,0.0500,-17.0018,89.9871,1.3928,0.0000,8.4000,0.0000,-13.5000,9.5260,7,"","","-8.400:0.000:-7.581|-4.200:0.000:-0.667|-22.000:0.000:4.872|4.200:0.000:0.667|8.400:0.000:-2.833","0.000:0.000:0.800|0.000:0.000:0.800|0.000:0.000:-0.800|0.000:0.000:-0.800|0.000:0.000:-0.800","0.000:0.000:7.354|20.000:0.000:2.858","0.000:0.000:1.300|0.000:0.000:-1.300",False,False,Moving,60.00,40.00,3.00,SensorDegradation
16.1458,9,9,159,-0.3063,0.0500,-17.0018,89.9871,1.5626,0.0000,8.4000,0.0000,-13.5000,9.3842,7,"","","-8.400:0.000:-7.499|-4.200:0.000:-0.585|-22.000:0.000:4.790|4.200:0.000:0.585|8.400:0.000:-2.915","0.000:0.000:0.800|0.000:0.000:0.800|0.000:0.000:-0.800|0.000:0.000:-0.800|0.000:0.000:-0.800","0.000:0.000:7.486|20.000:0.000:2.726","0.000:0.000:1.300|0.000:0.000:-1.300",False,False,Moving,60.00,40.00,3.00,SensorDegradation
16.2481,9,9,160,-0.1528,0.0500,-17.0017,89.9870,1.5595,0.0000,8.4000,0.0000,-13.5000,9.2421,7,"","","-8.400:0.000:-7.417|-4.200:0.000:-0.504|-22.000:0.000:4.708|4.200:0.000:0.504|8.400:0.000:-2.996","0.000:0.000:0.800|0.000:0.000:0.800|0.000:0.000:-0.800|0.000:0.000:-0.800|0.000:0.000:-0.800","0.000:0.000:7.619|20.000:0.000:2.593","0.000:0.000:1.300|0.000:0.000:-1.300",False,False,Moving,60.00,40.00,3.00,SensorDegradation
16.3495,9,9,161,-0.0007,0.0500,-17.0017,89.9870,1.3926,0.0000,8.4000,0.0000,-13.5000,9.1015,7,"","","-8.400:0.000:-7.336|-4.200:0.000:-0.422|-22.000:0.000:4.627|4.200:0.000:0.422|8.400:0.000:-3.078","0.000:0.000:0.800|0.000:0.000:0.800|0.000:0.000:-0.800|0.000:0.000:-0.800|0.000:0.000:-0.800","0.000:0.000:7.751|20.000:0.000:2.461","0.000:0.000:1.300|0.000:0.000:-1.300",False,False,Moving,60.00,40.00,3.00,SensorDegradation
16.4511,9,9,162,0.1517,0.0500,-17.0017,89.9870,1.5600,-0.0015,8.4000,0.0000,-13.5000,8.9610,7,"","","-8.400:0.000:-7.255|-4.200:0.000:-0.341|-22.000:0.000:4.546|4.200:0.000:0.341|8.400:0.000:-3.159","0.000:0.000:0.800|0.000:0.000:0.800|0.000:0.000:-0.800|0.000:0.000:-0.800|0.000:0.000:-0.800","0.000:0.000:7.883|20.000:0.000:2.329","0.000:0.000:1.300|0.000:0.000:-1.300",False,False,Moving,60.00,40.00,3.00,SensorDegradation
16.5571,9,9,163,0.3107,0.0500,-17.0016,89.9869,1.3745,-0.0015,8.4000,0.0000,-13.5000,8.8148,7,"","","-8.400:0.000:-7.170|-4.200:0.000:-0.256|-22.000:0.000:4.461|4.200:0.000:0.256|8.400:0.000:-3.244","0.000:0.000:0.800|0.000:0.000:0.800|0.000:0.000:-0.800|0.000:0.000:-0.800|0.000:0.000:-0.800","0.000:0.000:8.021|20.000:0.000:2.191","0.000:0.000:1.300|0.000:0.000:-1.300",False,False,Moving,60.00,40.00,3.00,SensorDegradation
16.6598,9,9,164,0.4648,0.0500,-17.0016,89.9867,0.0000,0.0000,8.4000,0.0000,-13.5000,8.6736,7,"","","-8.400:0.000:-7.088|-4.200:0.000:-0.174|-22.000:0.000:4.379|4.200:0.000:0.174|8.400:0.000:-3.326","0.000:0.000:0.800|0.000:0.000:0.800|0.000:0.000:-0.800|0.000:0.000:-0.800|0.000:0.000:-0.800","0.000:0.000:8.154|20.000:0.000:2.058","0.000:0.000:1.300|0.000:0.000:-1.300",False,False,Moving,60.00,40.00,3.00,SensorDegradation
16.7607,9,9,165,0.6160,0.0500,-17.0016,89.9867,1.4141,0.0000,8.4000,0.0000,-13.5000,8.5354,7,"","","-8.400:0.000:-7.007|-4.200:0.000:-0.094|-22.000:0.000:4.298|4.200:0.000:0.094|8.400:0.000:-3.406","0.000:0.000:0.800|0.000:0.000:0.800|0.000:0.000:-0.800|0.000:0.000:-0.800|0.000:0.000:-0.800","0.000:0.000:8.286|20.000:0.000:1.927","0.000:0.000:1.300|0.000:0.000:-1.300",False,False,Moving,60.00,40.00,3.00,SensorDegradation
16.8617,9,9,166,0.7675,0.0500,-17.0015,89.9867,1.6371,0.0000,8.4000,0.0000,-13.5000,8.3975,7,"","","-8.400:0.000:-6.926|-4.200:0.000:-0.013|-22.000:0.000:4.217|4.200:0.000:0.013|8.400:0.000:-3.487","0.000:0.000:0.800|0.000:0.000:0.800|0.000:0.000:-0.800|0.000:0.000:-0.800|0.000:0.000:-0.800","0.000:0.000:8.417|20.000:0.000:1.795","0.000:0.000:1.300|0.000:0.000:-1.300",False,False,Moving,60.00,40.00,3.00,SensorDegradation
16.9629,9,9,167,0.9194,0.0500,-17.0015,89.9867,1.4051,0.0000,8.4000,0.0000,-13.5000,8.2596,7,"","","-8.400:0.000:-6.845|-4.200:0.000:0.068|-22.000:0.000:4.136|4.200:0.000:-0.068|8.400:0.000:-3.568","0.000:0.000:0.800|0.000:0.000:0.800|0.000:0.000:-0.800|0.000:0.000:-0.800|0.000:0.000:-0.800","0.000:0.000:8.548|20.000:0.000:1.664","0.000:0.000:1.300|0.000:0.000:-1.300",False,False,Moving,60.00,40.00,3.00,SensorDegradation
17.0640,9,9,168,1.0711,0.0500,-17.0015,89.9867,1.4259,0.0000,8.4000,0.0000,-13.5000,8.1226,7,"","","-8.400:0.000:-6.765|-4.200:0.000:0.149|-22.000:0.000:4.056|4.200:0.000:-0.149|8.400:0.000:-3.649","0.000:0.000:0.800|0.000:0.000:0.800|0.000:0.000:-0.800|0.000:0.000:-0.800|0.000:0.000:-0.800","0.000:0.000:8.680|20.000:0.000:1.532","0.000:0.000:1.300|0.000:0.000:-1.300",False,False,Moving,60.00,40.00,3.00,SensorDegradation
17.1663,9,9,169,1.2245,0.0500,-17.0014,89.9867,1.5933,0.0000,8.4000,0.0000,-13.5000,7.9843,7,"","","-8.400:0.000:-6.683|-4.200:0.000:0.231|-22.000:0.000:3.974|4.200:0.000:-0.231|8.400:0.000:-3.731","0.000:0.000:0.800|0.000:0.000:0.800|0.000:0.000:-0.800|0.000:0.000:-0.800|0.000:0.000:-0.800","0.000:0.000:8.813|20.000:0.000:1.399","0.000:0.000:1.300|0.000:0.000:-1.300",False,False,Moving,60.00,40.00,3.00,SensorDegradation
17.2686,9,9,170,1.3780,0.0500,-17.0014,89.9867,1.6404,0.0000,8.4000,0.0000,-13.5000,7.8467,7,"","","-8.400:0.000:-6.601|-4.200:0.000:0.313|-22.000:0.000:3.892|4.200:0.000:-0.313|8.400:0.000:-3.813","0.000:0.000:0.800|0.000:0.000:0.800|0.000:0.000:-0.800|0.000:0.000:-0.800|0.000:0.000:-0.800","0.000:0.000:8.946|20.000:0.000:1.266","0.000:0.000:1.300|0.000:0.000:-1.300",False,False,Moving,60.00,40.00,3.00,SensorDegradation
17.3691,9,9,171,1.5287,0.0500,-17.0013,89.9867,1.6439,0.0000,8.4000,0.0000,-13.5000,7.7121,7,"","","-8.400:0.000:-6.521|-4.200:0.000:0.393|-22.000:0.000:3.811|4.200:0.000:-0.393|8.400:0.000:-3.893","0.000:0.000:0.800|0.000:0.000:0.800|0.000:0.000:-0.800|0.000:0.000:-0.800|0.000:0.000:-0.800","0.000:0.000:9.076|20.000:0.000:1.136","0.000:0.000:1.300|0.000:0.000:-1.300",False,False,Moving,60.00,40.00,3.00,SensorDegradation
17.4708,9,9,172,1.6812,0.0500,-17.0013,89.9867,1.5439,0.0000,8.4000,0.0000,-13.5000,7.5765,7,"","","-8.400:0.000:-6.439|-4.200:0.000:0.475|-22.000:0.000:3.730|4.200:0.000:-0.475|8.400:0.000:-3.975","0.000:0.000:0.800|0.000:0.000:0.800|0.000:0.000:-0.800|0.000:0.000:-0.800|0.000:0.000:-0.800","0.000:0.000:9.209|20.000:0.000:1.004","0.000:0.000:1.300|0.000:0.000:-1.300",False,False,Moving,60.00,40.00,3.00,SensorDegradation
17.5719,9,9,173,1.8329,0.0500,-17.0013,89.9867,1.3542,0.0000,8.4000,0.0000,-13.5000,7.4423,7,"","","-8.400:0.000:-6.358|-4.200:0.000:0.555|-22.000:0.000:3.649|4.200:0.000:-0.555|8.400:0.000:-4.055","0.000:0.000:0.800|0.000:0.000:0.800|0.000:0.000:-0.800|0.000:0.000:-0.800|0.000:0.000:-0.800","0.000:0.000:9.340|20.000:0.000:0.872","0.000:0.000:1.300|0.000:0.000:-1.300",False,False,Moving,60.00,40.00,3.00,SensorDegradation
17.6792,9,9,174,1.9939,0.0500,-17.0013,89.9867,1.4157,0.0000,8.4000,0.0000,-13.5000,7.3006,7,"","","-8.400:0.000:-6.272|-4.200:0.000:0.641|-22.000:0.000:3.563|4.200:0.000:-0.641|8.400:0.000:-4.141","0.000:0.000:0.800|0.000:0.000:0.800|0.000:0.000:-0.800|0.000:0.000:-0.800|0.000:0.000:-0.800","0.000:0.000:9.480|20.000:0.000:0.733","0.000:0.000:1.300|0.000:0.000:-1.300",False,False,Moving,60.00,40.00,3.00,SensorDegradation
17.7809,9,9,175,2.1464,0.0500,-17.0012,89.9867,1.5044,0.0000,8.4000,0.0000,-13.5000,7.1672,7,"","","-8.400:0.000:-6.191|-4.200:0.000:0.723|-22.000:0.000:3.482|4.200:0.000:-0.723|8.400:0.000:-4.223","0.000:0.000:0.800|0.000:0.000:0.800|0.000:0.000:-0.800|0.000:0.000:-0.800|0.000:0.000:-0.800","0.000:0.000:9.612|20.000:0.000:0.600","0.000:0.000:1.300|0.000:0.000:-1.300",False,False,Moving,60.00,40.00,3.00,SensorDegradation
17.8832,9,9,176,2.2999,0.0500,-17.0012,89.9867,1.6056,0.0000,8.4000,0.0000,-13.5000,7.0337,7,"","","-8.400:0.000:-6.109|-4.200:0.000:0.804|-22.000:0.000:3.400|4.200:0.000:-0.804|8.400:0.000:-4.304","0.000:0.000:0.800|0.000:0.000:0.800|0.000:0.000:-0.800|0.000:0.000:-0.800|0.000:0.000:-0.800","0.000:0.000:9.745|20.000:0.000:0.467","0.000:0.000:1.300|0.000:0.000:-1.300",False,False,Moving,60.00,40.00,3.00,SensorDegradation
17.9840,9,9,177,2.4510,0.0500,-17.0012,89.9867,1.3395,0.0000,8.4000,0.0000,-13.5000,6.9030,7,"","","-8.400:0.000:-6.029|-4.200:0.000:0.885|-22.000:0.000:3.320|4.200:0.000:-0.885|8.400:0.000:-4.317","0.000:0.000:0.800|0.000:0.000:0.800|0.000:0.000:-0.800|0.000:0.000:-0.800|0.000:0.000:0.800","0.000:0.000:9.876|20.000:0.000:0.336","0.000:0.000:1.300|0.000:0.000:-1.300",False,False,Moving,60.00,40.00,3.00,SensorDegradation
18.0859,9,9,178,2.6039,0.0500,-17.0011,89.9866,1.6043,0.0000,8.4000,0.0000,-13.5000,6.7716,7,"","","-8.400:0.000:-5.947|-4.200:0.000:0.967|-22.000:0.000:3.238|4.200:0.000:-0.967|8.400:0.000:-4.236","0.000:0.000:0.800|0.000:0.000:0.800|0.000:0.000:-0.800|0.000:0.000:-0.800|0.000:0.000:0.800","0.000:0.000:10.008|20.000:0.000:0.204","0.000:0.000:1.300|0.000:0.000:-1.300",False,False,Moving,60.00,40.00,3.00,SensorDegradation
18.1865,9,9,179,2.7548,0.0500,-17.0011,89.9866,1.6149,0.0000,8.4000,0.0000,-13.5000,6.6429,7,"","","-8.400:0.000:-5.867|-4.200:0.000:1.047|-22.000:0.000:3.158|4.200:0.000:-1.047|8.400:0.000:-4.155","0.000:0.000:0.800|0.000:0.000:0.800|0.000:0.000:-0.800|0.000:0.000:-0.800|0.000:0.000:0.800","0.000:0.000:10.139|20.000:0.000:0.073","0.000:0.000:1.300|0.000:0.000:-1.300",False,False,Moving,60.00,40.00,3.00,SensorDegradation
18.2874,9,9,180,2.9062,0.0500,-17.0010,89.9866,1.4359,0.0000,8.4000,0.0000,-13.5000,6.5148,7,"","","-8.400:0.000:-5.786|-4.200:0.000:1.128|-22.000:0.000:3.077|4.200:0.000:-1.128|8.400:0.000:-4.074","0.000:0.000:0.800|0.000:0.000:0.800|0.000:0.000:-0.800|0.000:0.000:-0.800|0.000:0.000:0.800","0.000:0.000:10.270|20.000:0.000:-0.058","0.000:0.000:1.300|0.000:0.000:-1.300",False,False,Moving,60.00,40.00,3.00,SensorDegradation
18.3894,9,9,181,3.0592,0.0500,-17.0010,89.9866,1.4786,0.0000,8.4000,0.0000,-13.5000,6.3862,7,"","","-8.400:0.000:-5.704|-4.200:0.000:1.209|-22.000:0.000:2.995|4.200:0.000:-1.209|8.400:0.000:-3.993","0.000:0.000:0.800|0.000:0.000:0.800|0.000:0.000:-0.800|0.000:0.000:-0.800|0.000:0.000:0.800","0.000:0.000:10.403|20.000:0.000:-0.191","0.000:0.000:1.300|0.000:0.000:-1.300",False,False,Moving,60.00,40.00,3.00,SensorDegradation
18.4895,9,9,182,3.2094,0.0500,-17.0010,89.9866,1.6147,0.0000,8.4000,0.0000,-13.5000,6.2612,7,"","","-8.400:0.000:-5.624|-4.200:0.000:1.290|-22.000:0.000:2.915|4.200:0.000:-1.290|8.400:0.000:-3.913","0.000:0.000:0.800|0.000:0.000:0.800|0.000:0.000:-0.800|0.000:0.000:-0.800|0.000:0.000:0.800","0.000:0.000:10.533|20.000:0.000:-0.321","0.000:0.000:1.300|0.000:0.000:-1.300",False,False,Moving,60.00,40.00,3.00,SensorDegradation
18.5903,9,9,183,3.3605,0.0500,-17.0009,89.9866,1.4157,0.0000,8.4000,0.0000,-13.5000,6.1364,7,"","","-8.400:0.000:-5.544|-4.200:0.000:1.370|-22.000:0.000:2.835|4.200:0.000:-1.370|8.400:0.000:-3.832","0.000:0.000:0.800|0.000:0.000:0.800|0.000:0.000:-0.800|0.000:0.000:-0.800|0.000:0.000:0.800","0.000:0.000:10.664|20.000:0.000:-0.452","0.000:0.000:1.300|0.000:0.000:-1.300",False,False,Moving,60.00,40.00,3.00,SensorDegradation
18.6911,9,9,184,3.5118,0.0500,-17.0009,89.9866,1.5814,0.0000,8.4000,0.0000,-13.5000,6.0128,7,"","","-8.400:0.000:-5.463|-4.200:0.000:1.451|-22.000:0.000:2.754|4.200:0.000:-1.451|8.400:0.000:-3.751","0.000:0.000:0.800|0.000:0.000:0.800|0.000:0.000:-0.800|0.000:0.000:-0.800|0.000:0.000:0.800","0.000:0.000:10.795|20.000:0.000:-0.583","0.000:0.000:1.300|0.000:0.000:-1.300",False,False,Moving,60.00,40.00,3.00,SensorDegradation
18.7919,9,9,185,3.6629,0.0500,-17.0009,89.9866,1.5176,0.0000,8.4000,0.0000,-13.5000,5.8905,7,"","","-8.400:0.000:-5.382|-4.200:0.000:1.531|-22.000:0.000:2.673|4.200:0.000:-1.531|8.400:0.000:-3.671","0.000:0.000:0.800|0.000:0.000:0.800|0.000:0.000:-0.800|0.000:0.000:-0.800|0.000:0.000:0.800","0.000:0.000:10.926|20.000:0.000:-0.714","0.000:0.000:1.300|0.000:0.000:-1.300",False,False,Moving,60.00,40.00,3.00,SensorDegradation
18.8925,9,9,186,3.8139,0.0500,-17.0008,89.9866,1.4285,0.0000,8.4000,0.0000,-13.5000,5.7698,7,"","","-8.400:0.000:-5.302|-4.200:0.000:1.612|-22.000:0.000:2.593|4.200:0.000:-1.612|8.400:0.000:-3.590","0.000:0.000:0.800|0.000:0.000:0.800|0.000:0.000:-0.800|0.000:0.000:-0.800|0.000:0.000:0.800","0.000:0.000:11.057|20.000:0.000:-0.845","0.000:0.000:1.300|0.000:0.000:-1.300",False,False,Moving,60.00,40.00,3.00,SensorDegradation
18.9953,9,9,187,3.9681,0.0500,-17.0008,89.9866,1.4293,0.0000,8.4000,0.0000,-13.5000,5.6480,7,"","","-8.400:0.000:-5.220|-4.200:0.000:1.694|-22.000:0.000:2.510|4.200:0.000:-1.694|8.400:0.000:-3.508","0.000:0.000:0.800|0.000:0.000:0.800|0.000:0.000:-0.800|0.000:0.000:-0.800|0.000:0.000:0.800","0.000:0.000:11.191|20.000:0.000:-0.978","0.000:0.000:1.300|0.000:0.000:-1.300",False,False,Moving,60.00,40.00,3.00,SensorDegradation
19.0954,9,9,188,4.1182,0.0500,-17.0007,89.9866,1.3324,0.0000,8.4000,0.0000,-13.5000,5.5310,7,"","","-8.400:0.000:-5.139|-4.200:0.000:1.774|-22.000:0.000:2.430|4.200:0.000:-1.774|8.400:0.000:-3.428","0.000:0.000:0.800|0.000:0.000:0.800|0.000:0.000:-0.800|0.000:0.000:-0.800|0.000:0.000:0.800","0.000:0.000:11.321|20.000:0.000:-1.108","0.000:0.000:1.300|0.000:0.000:-1.300",False,False,Moving,60.00,40.00,3.00,SensorDegradation
19.1980,9,9,189,4.2720,0.0500,-17.0007,89.9866,1.3657,0.0000,8.4000,0.0000,-13.5000,5.4127,7,"","","-8.400:0.000:-5.057|-4.200:0.000:1.856|-22.000:0.000:2.348|4.200:0.000:-1.856|8.400:0.000:-3.346","0.000:0.000:0.800|0.000:0.000:0.800|0.000:0.000:-0.800|0.000:0.000:-0.800|0.000:0.000:0.800","0.000:0.000:11.454|20.000:0.000:-1.242","0.000:0.000:1.300|0.000:0.000:-1.300",False,False,Moving,60.00,40.00,3.00,SensorDegradation
19.3002,9,9,190,4.4254,0.0500,-17.0007,89.9866,1.3780,0.0000,8.4000,0.0000,-13.5000,5.2967,7,"","","-8.400:0.000:-4.976|-4.200:0.000:1.938|-22.000:0.000:2.267|4.200:0.000:-1.938|8.400:0.000:-3.264","0.000:0.000:0.800|0.000:0.000:0.800|0.000:0.000:-0.800|0.000:0.000:-0.800|0.000:0.000:0.800","0.000:0.000:11.587|20.000:0.000:-1.375","0.000:0.000:1.300|0.000:0.000:-1.300",False,False,Moving,60.00,40.00,3.00,SensorDegradation
19.4008,9,9,191,4.5762,0.0500,-17.0006,89.9866,1.5329,0.0000,8.4000,0.0000,-13.5000,5.1845,7,"","","-8.400:0.000:-4.895|-4.200:0.000:2.019|-22.000:0.000:2.186|4.200:0.000:-2.019|8.400:0.000:-3.184","0.000:0.000:0.800|0.000:0.000:0.800|0.000:0.000:-0.800|0.000:0.000:-0.800|0.000:0.000:0.800","0.000:0.000:11.718|20.000:0.000:-1.505","0.000:0.000:1.300|0.000:0.000:-1.300",False,False,Moving,60.00,40.00,3.00,SensorDegradation
19.5017,9,9,192,4.7275,0.0500,-17.0006,89.9865,1.4452,-0.0015,8.4000,0.0000,-13.5000,5.0738,7,"","","-8.400:0.000:-4.815|-4.200:0.000:2.099|-22.000:0.000:2.105|4.200:0.000:-2.099|8.400:0.000:-3.103","0.000:0.000:0.800|0.000:0.000:0.800|0.000:0.000:-0.800|0.000:0.000:-0.800|0.000:0.000:0.800","0.000:0.000:11.849|20.000:0.000:-1.637","0.000:0.000:1.300|0.000:0.000:-1.300",False,False,Moving,60.00,40.00,3.00,SensorDegradation
19.6020,9,9,193,4.8780,0.0500,-17.0006,89.9865,1.5007,0.0000,8.4000,0.0000,-13.5000,4.9660,7,"","","-8.400:0.000:-4.734|-4.200:0.000:2.179|-22.000:0.000:2.025|4.200:0.000:-2.179|8.400:0.000:-3.023","0.000:0.000:0.800|0.000:0.000:0.800|0.000:0.000:-0.800|0.000:0.000:-0.800|0.000:0.000:0.800","0.000:0.000:11.979|20.000:0.000:-1.767","0.000:0.000:1.300|0.000:0.000:-1.300",False,False,Moving,60.00,40.00,3.00,SensorDegradation
19.7049,9,9,194,5.0324,0.0500,-17.0005,89.9865,1.4291,0.0000,8.4000,0.0000,-13.5000,4.8577,7,"","","-8.400:0.000:-4.652|-4.200:0.000:2.262|-22.000:0.000:1.943|4.200:0.000:-2.262|8.400:0.000:-2.940","0.000:0.000:0.800|0.000:0.000:0.800|0.000:0.000:-0.800|0.000:0.000:-0.800|0.000:0.000:0.800","0.000:0.000:12.113|20.000:0.000:-1.901","0.000:0.000:1.300|0.000:0.000:-1.300",False,False,Moving,60.00,40.00,3.00,SensorDegradation
19.8053,9,9,195,5.1830,0.0500,-17.0005,89.9865,1.3473,0.0000,8.4000,0.0000,-13.5000,4.7545,7,"","","-8.400:0.000:-4.724|-4.200:0.000:2.342|-22.000:0.000:1.863|4.200:0.000:-2.342|8.400:0.000:-2.860","0.000:0.000:-0.800|0.000:0.000:0.800|0.000:0.000:-0.800|0.000:0.000:-0.800|0.000:0.000:0.800","0.000:0.000:12.243|20.000:0.000:-2.031","0.000:0.000:1.300|0.000:0.000:-1.300",False,False,Moving,60.00,40.00,3.00,SensorDegradation
19.9075,9,9,196,5.3363,0.0500,-17.0004,89.9865,1.3962,0.0000,8.4000,0.0000,-13.5000,4.6521,7,"","","-8.400:0.000:-4.805|-4.200:0.000:2.424|-22.000:0.000:1.781|4.200:0.000:-2.424|8.400:0.000:-2.778","0.000:0.000:-0.800|0.000:0.000:0.800|0.000:0.000:-0.800|0.000:0.000:-0.800|0.000:0.000:0.800","0.000:0.000:12.376|20.000:0.000:-2.164","0.000:0.000:1.300|0.000:0.000:-1.300",False,False,Moving,60.00,40.00,3.00,SensorDegradation
20.0091,9,9,197,5.4887,0.0500,-17.0004,89.9865,1.6592,0.0000,8.4000,0.0000,-13.5000,4.5532,7,"","","-8.400:0.000:-4.887|-4.200:0.000:2.505|-22.000:0.000:1.699|4.200:0.000:-2.505|8.400:0.000:-2.697","0.000:0.000:-0.800|0.000:0.000:0.800|0.000:0.000:-0.800|0.000:0.000:-0.800|0.000:0.000:0.800","0.000:0.000:12.508|20.000:0.000:-2.296","0.000:0.000:1.300|0.000:0.000:-1.300",False,False,Moving,60.00,40.00,3.00,SensorDegradation
20.1097,9,9,198,5.6395,0.0500,-17.0004,89.9864,1.5073,-0.0031,8.4000,0.0000,-13.5000,4.4582,7,"","","-8.400:0.000:-4.967|-4.200:0.000:2.586|-22.000:0.000:1.619|4.200:0.000:-2.586|8.400:0.000:-2.617","0.000:0.000:-0.800|0.000:0.000:0.800|0.000:0.000:-0.800|0.000:0.000:-0.800|0.000:0.000:0.800","0.000:0.000:12.639|20.000:0.000:-2.427","0.000:0.000:1.300|0.000:0.000:-1.300",False,False,Moving,60.00,40.00,3.00,SensorDegradation
20.2103,9,9,199,5.7905,0.0500,-17.0003,89.9863,1.4068,0.0000,8.4000,0.0000,-13.5000,4.3663,7,"","","-8.400:0.000:-5.048|-4.200:0.000:2.666|-22.000:0.000:1.539|4.200:0.000:-2.666|8.400:0.000:-2.536","0.000:0.000:-0.800|0.000:0.000:0.800|0.000:0.000:-0.800|0.000:0.000:-0.800|0.000:0.000:0.800","0.000:0.000:12.770|20.000:0.000:-2.558","0.000:0.000:1.300|0.000:0.000:-1.300",False,False,Moving,60.00,40.00,3.00,SensorDegradation
20.3128,9,9,200,5.9442,0.0500,-17.0003,89.9863,1.5442,0.0000,8.4000,0.0000,-13.5000,4.2762,7,"","","-8.400:0.000:-5.130|-4.200:0.000:2.748|-22.000:0.000:1.457|4.200:0.000:-2.748|8.400:0.000:-2.454","0.000:0.000:-0.800|0.000:0.000:0.800|0.000:0.000:-0.800|0.000:0.000:-0.800|0.000:0.000:0.800","0.000:0.000:12.903|20.000:0.000:-2.691","0.000:0.000:1.300|0.000:0.000:-1.300",False,False,Moving,60.00,40.00,3.00,SensorDegradation
20.4131,9,9,201,6.0946,0.0500,-17.0003,89.9863,1.5208,-0.0015,8.4000,0.0000,-13.5000,4.1916,7,"","","-8.400:0.000:-5.210|-4.200:0.000:2.828|-22.000:0.000:1.376|4.200:0.000:-2.828|8.400:0.000:-2.374","0.000:0.000:-0.800|0.000:0.000:0.800|0.000:0.000:-0.800|0.000:0.000:-0.800|0.000:0.000:0.800","0.000:0.000:13.034|20.000:0.000:-2.821","0.000:0.000:1.300|0.000:0.000:-1.300",False,False,Moving,60.00,40.00,3.00,SensorDegradation
20.5152,9,9,202,6.2478,0.0500,-17.0002,89.9861,1.5171,-0.0031,8.4000,0.0000,-13.5000,4.1093,7,"","","-8.400:0.000:-5.292|-4.200:0.000:2.910|-22.000:0.000:1.295|4.200:0.000:-2.910|8.400:0.000:-2.292","0.000:0.000:-0.800|0.000:0.000:0.800|0.000:0.000:-0.800|0.000:0.000:-0.800|0.000:0.000:0.800","0.000:0.000:13.166|20.000:0.000:-2.954","0.000:0.000:1.300|0.000:0.000:-1.300",False,False,Moving,60.00,40.00,3.00,SensorDegradation
20.6152,9,9,203,6.3978,0.0500,-17.0002,89.9861,1.5107,0.0000,8.4000,0.0000,-13.5000,4.0327,7,"","","-8.400:0.000:-5.372|-4.200:0.000:2.990|-22.000:0.000:1.215|4.200:0.000:-2.990|8.400:0.000:-2.212","0.000:0.000:-0.800|0.000:0.000:0.800|0.000:0.000:-0.800|0.000:0.000:-0.800|0.000:0.000:0.800","0.000:0.000:13.296|20.000:0.000:-3.084","0.000:0.000:1.300|0.000:0.000:-1.300",False,False,Moving,60.00,40.00,3.00,SensorDegradation
20.7175,9,9,204,6.5513,0.0500,-17.0002,89.9860,1.6734,0.0000,8.4000,0.0000,-13.5000,3.9587,7,"","","-8.400:0.000:-5.453|-4.200:0.000:3.072|-22.000:0.000:1.133|4.200:0.000:-3.072|8.400:0.000:-2.130","0.000:0.000:-0.800|0.000:0.000:0.800|0.000:0.000:-0.800|0.000:0.000:-0.800|0.000:0.000:0.800","0.000:0.000:13.275|20.000:0.000:-3.217","0.000:0.000:-1.300|0.000:0.000:-1.300",False,False,Moving,60.00,40.00,3.00,SensorDegradation
20.8199,9,9,205,6.7048,0.0500,-17.0001,89.9859,1.5172,-0.0015,8.4000,0.0000,-13.5000,3.8893,7,"","","-8.400:0.000:-5.535|-4.200:0.000:3.154|-22.000:0.000:1.051|4.200:0.000:-3.154|8.400:0.000:-2.048","0.000:0.000:-0.800|0.000:0.000:0.800|0.000:0.000:-0.800|0.000:0.000:-0.800|0.000:0.000:0.800","0.000:0.000:13.142|20.000:0.000:-3.350","0.000:0.000:-1.300|0.000:0.000:-1.300",False,False,Moving,60.00,40.00,3.00,SensorDegradation
20.9200,9,9,206,6.8550,0.0500,-17.0001,89.9859,1.4459,0.0000,8.4000,0.0000,-13.5000,3.8262,7,"","","-8.400:0.000:-5.615|-4.200:0.000:3.234|-22.000:0.000:0.971|4.200:0.000:-3.234|8.400:0.000:-1.968","0.000:0.000:-0.800|0.000:0.000:0.800|0.000:0.000:-0.800|0.000:0.000:-0.800|0.000:0.000:0.800","0.000:0.000:13.011|20.000:0.000:-3.480","0.000:0.000:-1.300|0.000:0.000:-1.300",False,False,Moving,60.00,40.00,3.00,SensorDegradation
21.0206,9,9,207,7.0060,0.0500,-17.0000,89.9858,1.4638,0.0000,8.4000,0.0000,-13.5000,3.7678,7,"","","-8.400:0.000:-5.696|-4.200:0.000:3.314|-22.000:0.000:0.890|4.200:0.000:-3.314|8.400:0.000:-1.888","0.000:0.000:-0.800|0.000:0.000:0.800|0.000:0.000:-0.800|0.000:0.000:-0.800|0.000:0.000:0.800","0.000:0.000:12.880|20.000:0.000:-3.611","0.000:0.000:-1.300|0.000:0.000:-1.300",False,False,Moving,60.00,40.00,3.00,SensorDegradation
21.1220,9,9,208,7.1581,0.0500,-17.0000,89.9860,1.5011,0.0038,8.4000,0.0000,-13.5000,3.7141,7,"","","-8.400:0.000:-5.777|-4.200:0.000:3.396|-22.000:0.000:0.809|4.200:0.000:-3.396|8.400:0.000:-1.807","0.000:0.000:-0.800|0.000:0.000:0.800|0.000:0.000:-0.800|0.000:0.000:-0.800|0.000:0.000:0.800","0.000:0.000:12.749|20.000:0.000:-3.743","0.000:0.000:-1.300|0.000:0.000:-1.300",False,False,Moving,60.00,40.00,3.00,SensorDegradation
21.2238,9,9,209,7.2942,0.0500,-16.9634,86.3294,1.2083,-55.3421,8.4000,0.0000,-13.5000,3.6360,7,"","","-8.400:0.000:-5.858|-4.200:0.000:3.477|-22.000:0.000:0.728|4.200:0.000:-3.477|8.400:0.000:-1.725","0.000:0.000:-0.800|0.000:0.000:0.800|0.000:0.000:-0.800|0.000:0.000:-0.800|0.000:0.000:0.800","0.000:0.000:12.616|20.000:0.000:-3.875","0.000:0.000:-1.300|0.000:0.000:-1.300",False,False,Moving,60.00,40.00,3.00,SensorDegradation
21.3264,9,9,210,7.3901,0.0500,-16.8551,77.4211,1.6065,-96.7072,8.4000,0.0000,-13.5000,3.5041,7,"","","-8.400:0.000:-5.941|-4.200:0.000:3.559|-22.000:0.000:0.646|4.200:0.000:-3.559|8.400:0.000:-1.643","0.000:0.000:-0.800|0.000:0.000:0.800|0.000:0.000:-0.800|0.000:0.000:-0.800|0.000:0.000:0.800","0.000:0.000:12.483|20.000:0.000:-4.009","0.000:0.000:-1.300|0.000:0.000:-1.300",False,False,Moving,60.00,40.00,3.00,SensorDegradation
21.4272,9,9,211,7.4666,0.0500,-16.7248,68.3447,1.3801,-82.8202,8.4000,0.0000,-13.5000,3.3575,7,"","","-8.400:0.000:-6.021|-4.200:0.000:3.640|-22.000:0.000:0.565|4.200:0.000:-3.640|8.400:0.000:-1.562","0.000:0.000:-0.800|0.000:0.000:0.800|0.000:0.000:-0.800|0.000:0.000:-0.800|0.000:0.000:0.800","0.000:0.000:12.352|20.000:0.000:-4.140","0.000:0.000:-1.300|0.000:0.000:-1.300",False,False,Moving,60.00,40.00,3.00,SensorDegradation
21.5277,9,9,212,7.5291,0.0500,-16.5887,59.3094,1.5528,-93.3655,8.4000,0.0000,-13.5000,3.2095,7,"","","-8.400:0.000:-6.102|-4.200:0.000:3.720|-22.000:0.000:0.485|4.200:0.000:-3.720|8.400:0.000:-1.482","0.000:0.000:-0.800|0.000:0.000:0.800|0.000:0.000:-0.800|0.000:0.000:-0.800|0.000:0.000:0.800","0.000:0.000:12.221|20.000:0.000:-4.270","0.000:0.000:-1.300|0.000:0.000:-1.300",False,False,Moving,60.00,40.00,3.00,SensorDegradation
21.6293,9,9,213,7.5705,0.0500,-16.4420,50.1931,1.5799,-94.2719,8.4000,0.0000,-13.5000,3.0571,7,"","","-8.400:0.000:-6.183|-4.200:0.000:3.801|-22.000:0.000:0.403|4.200:0.000:-3.801|8.400:0.000:-1.401","0.000:0.000:-0.800|0.000:0.000:0.800|0.000:0.000:-0.800|0.000:0.000:-0.800|0.000:0.000:0.800","0.000:0.000:12.089|20.000:0.000:-4.403","0.000:0.000:-1.300|0.000:0.000:-1.300",False,False,Moving,60.00,40.00,3.00,SensorDegradation
21.7298,9,9,214,7.6114,0.0500,-16.2970,42.5163,1.5306,-71.6645,8.4000,0.0000,-13.5000,2.9065,7,"","","-8.400:0.000:-6.263|-4.200:0.000:3.882|-22.000:0.000:0.323|4.200:0.000:-3.882|8.400:0.000:-1.320","0.000:0.000:-0.800|0.000:0.000:0.800|0.000:0.000:-0.800|0.000:0.000:-0.800|0.000:0.000:0.800","0.000:0.000:11.959|20.000:0.000:-4.533","0.000:0.000:-1.300|0.000:0.000:-1.300",False,False,Moving,60.00,40.00,3.00,SensorDegradation
21.8320,9,9,215,7.6530,0.0500,-16.1494,36.4558,1.4084,-51.3275,8.4000,0.0000,-13.5000,2.7531,7,"","","-8.400:0.000:-6.345|-4.200:0.000:3.964|-22.000:0.000:0.241|4.200:0.000:-3.964|8.400:0.000:-1.239","0.000:0.000:-0.800|0.000:0.000:0.800|0.000:0.000:-0.800|0.000:0.000:-0.800|0.000:0.000:0.800","0.000:0.000:11.826|20.000:0.000:-4.666","0.000:0.000:-1.300|0.000:0.000:-1.300",False,False,Moving,60.00,40.00,3.00,SensorDegradation
21.9331,9,9,216,7.6942,0.0500,-16.0034,31.8129,1.4708,-41.5558,8.4000,0.0000,-13.5000,2.6015,7,"","","-8.400:0.000:-6.426|-4.200:0.000:4.044|-22.000:0.000:0.160|4.200:0.000:-4.044|8.400:0.000:-1.158","0.000:0.000:-0.800|0.000:0.000:0.800|0.000:0.000:-0.800|0.000:0.000:-0.800|0.000:0.000:0.800","0.000:0.000:11.694|20.000:0.000:-4.798","0.000:0.000:-1.300|0.000:0.000:-1.300",False,False,Moving,60.00,40.00,3.00,SensorDegradation
22.0338,9,9,217,7.7351,0.0500,-15.8581,28.2263,1.6259,-35.8032,8.4000,0.0000,-13.5000,2.4505,7,"","","-8.400:0.000:-6.506|-4.200:0.000:4.125|-22.000:0.000:0.080|4.200:0.000:-4.125|8.400:0.000:-1.077","0.000:0.000:-0.800|0.000:0.000:0.800|0.000:0.000:-0.800|0.000:0.000:-0.800|0.000:0.000:0.800","0.000:0.000:11.563|20.000:0.000:-4.928","0.000:0.000:-1.300|0.000:0.000:-1.300",False,False,Moving,60.00,40.00,3.00,SensorDegradation
22.1362,9,9,218,7.7768,0.0500,-15.7102,25.3972,1.3778,-23.6466,8.4000,0.0000,-13.5000,2.2969,7,"","","-8.400:0.000:-6.588|-4.200:0.000:4.207|-22.000:0.000:-0.002|4.200:0.000:-4.207|8.400:0.000:-0.995","0.000:0.000:-0.800|0.000:0.000:0.800|0.000:0.000:-0.800|0.000:0.000:-0.800|0.000:0.000:0.800","0.000:0.000:11.430|20.000:0.000:-5.062","0.000:0.000:-1.300|0.000:0.000:-1.300",False,False,Moving,60.00,40.00,3.00,SensorDegradation
22.2380,9,9,219,7.8182,0.0500,-15.5633,23.2208,1.5100,-20.2011,8.4000,0.0000,-13.5000,2.1443,7,"","","-8.400:0.000:-6.670|-4.200:0.000:4.288|-22.000:0.000:-0.084|4.200:0.000:-4.288|8.400:0.000:-0.914","0.000:0.000:-0.800|0.000:0.000:0.800|0.000:0.000:-0.800|0.000:0.000:-0.800|0.000:0.000:0.800","0.000:0.000:11.298|20.000:0.000:-5.194","0.000:0.000:-1.300|0.000:0.000:-1.300",False,False,Moving,60.00,40.00,3.00,SensorDegradation
22.3388,9,9,220,7.8593,0.0500,-15.4177,21.5495,1.6185,-16.7984,8.4000,0.0000,-13.5000,1.9931,7,"","","-8.400:0.000:-6.751|-4.200:0.000:4.369|-22.000:0.000:-0.164|4.200:0.000:-4.337|8.400:0.000:-0.833","0.000:0.000:-0.800|0.000:0.000:0.800|0.000:0.000:-0.800|0.000:0.000:0.800|0.000:0.000:0.800","0.000:0.000:11.167|20.000:0.000:-5.325","0.000:0.000:-1.300|0.000:0.000:-1.300",False,False,Moving,60.00,40.00,3.00,SensorDegradation
22.4401,9,9,221,7.9005,0.0500,-15.2714,20.2466,1.4221,-11.5006,8.4000,0.0000,-13.5000,1.8412,7,"","","-8.400:0.000:-6.832|-4.200:0.000:4.450|-22.000:0.000:-0.245|4.200:0.000:-4.256|8.400:0.000:-0.752","0.000:0.000:-0.800|0.000:0.000:0.800|0.000:0.000:-0.800|0.000:0.000:0.800|0.000:0.000:0.800","0.000:0.000:11.035|20.000:0.000:-5.457","0.000:0.000:-1.300|0.000:0.000:-1.300",False,False,Moving,60.00,40.00,3.00,SensorDegradation
22.5410,9,9,222,7.9416,0.0500,-15.1259,19.2402,1.4576,-9.1522,8.4000,0.0000,-13.5000,1.6900,7,"","","-8.400:0.000:-6.912|-4.200:0.000:4.531|-22.000:0.000:-0.326|4.200:0.000:-4.175|8.400:0.000:-0.671","0.000:0.000:-0.800|0.000:0.000:0.800|0.000:0.000:-0.800|0.000:0.000:0.800|0.000:0.000:0.800","0.000:0.000:10.904|20.000:0.000:-5.588","0.000:0.000:-1.300|0.000:0.000:-1.300",False,False,Moving,60.00,40.00,3.00,SensorDegradation
22.6415,9,9,223,7.9825,0.0500,-14.9807,18.4612,1.4608,-7.1548,8.4000,0.0000,-13.5000,1.5393,7,"","","-8.400:0.000:-6.993|-4.200:0.000:4.611|-22.000:0.000:-0.406|4.200:0.000:-4.095|8.400:0.000:-0.591","0.000:0.000:-0.800|0.000:0.000:0.800|0.000:0.000:-0.800|0.000:0.000:0.800|0.000:0.000:0.800","0.000:0.000:10.773|20.000:0.000:-5.718","0.000:0.000:-1.300|0.000:0.000:-1.300",False,False,Moving,60.00,40.00,3.00,SensorDegradation
22.7437,9,9,224,8.0241,0.0500,-14.8332,17.8472,1.5084,-5.7190,8.4000,0.0000,-13.5000,1.3861,7,"","","-8.400:0.000:-7.074|-4.200:0.000:4.693|-22.000:0.000:-0.488|4.200:0.000:-4.013|8.400:0.000:-0.509","0.000:0.000:-0.800|0.000:0.000:0.800|0.000:0.000:-0.800|0.000:0.000:0.800|0.000:0.000:0.800","0.000:0.000:10.641|20.000:0.000:-5.851","0.000:0.000:-1.300|0.000:0.000:-1.300",False,False,Moving,60.00,40.00,3.00,SensorDegradation
22.8441,9,9,225,8.0650,0.0500,-14.6882,17.3791,1.4288,-4.0268,8.4000,0.0000,-13.5000,1.2355,7,"","","-8.400:0.000:-7.155|-4.200:0.000:4.773|-22.000:0.000:-0.569|4.200:0.000:-3.932|8.400:0.000:-0.429","0.000:0.000:-0.800|0.000:0.000:0.800|0.000:0.000:-0.800|0.000:0.000:0.800|0.000:0.000:0.800","0.000:0.000:10.510|20.000:0.000:-5.982","0.000:0.000:-1.300|0.000:0.000:-1.300",False,False,Moving,60.00,40.00,3.00,SensorDegradation
22.9442,9,9,226,8.1057,0.0500,-14.5438,17.0167,1.3376,-2.9282,8.4000,0.0000,-13.5000,1.0856,7,"","","-8.400:0.000:-7.235|-4.200:0.000:4.853|-22.000:0.000:-0.649|4.200:0.000:-3.852|8.400:0.000:-0.349","0.000:0.000:-0.800|0.000:0.000:0.800|0.000:0.000:-0.800|0.000:0.000:0.800|0.000:0.000:0.800","0.000:0.000:10.380|20.000:0.000:-6.112","0.000:0.000:-1.300|0.000:0.000:-1.300",False,False,Moving,60.00,40.00,3.00,SensorDegradation
23.0473,9,9,227,8.1477,0.0500,-14.3948,16.7270,1.3787,-2.3529,8.4000,0.0000,-13.5000,0.9311,7,"","","-8.400:0.000:-7.317|-4.200:0.000:4.936|-22.000:0.000:-0.731|4.200:0.000:-3.770|8.400:0.000:-0.266","0.000:0.000:-0.800|0.000:0.000:0.800|0.000:0.000:-0.800|0.000:0.000:0.800|0.000:0.000:0.800","0.000:0.000:10.246|20.000:0.000:-6.246","0.000:0.000:-1.300|0.000:0.000:-1.300",False,False,Moving,60.00,40.00,3.00,SensorDegradation
23.1477,9,9,228,8.1886,0.0500,-14.2499,16.5086,1.4652,-1.9409,8.4000,0.0000,-13.5000,0.7808,7,"","","-8.400:0.000:-7.398|-4.200:0.000:5.016|-22.000:0.000:-0.811|4.200:0.000:-3.690|8.400:0.000:-0.186","0.000:0.000:-0.800|0.000:0.000:0.800|0.000:0.000:-0.800|0.000:0.000:0.800|0.000:0.000:0.800","0.000:0.000:10.115|20.000:0.000:-6.376","0.000:0.000:-1.300|0.000:0.000:-1.300",False,False,Moving,60.00,40.00,3.00,SensorDegradation
23.2483,9,9,229,8.2291,0.0500,-14.1063,16.3396,1.4176,-1.4786,8.4000,0.0000,-13.5000,0.6319,7,"","","-8.400:0.000:-7.478|-4.200:0.000:5.097|-22.000:0.000:-0.892|4.200:0.000:-3.609|8.400:0.000:-0.106","0.000:0.000:-0.800|0.000:0.000:0.800|0.000:0.000:-0.800|0.000:0.000:0.800|0.000:0.000:0.800","0.000:0.000:9.985|20.000:0.000:-6.507","0.000:0.000:-1.300|0.000:0.000:-1.300",False,False,Moving,60.00,40.00,3.00,SensorDegradation
23.3493,9,9,230,8.2660,0.0500,-13.9753,16.2141,1.4246,-1.2299,8.4000,0.0000,-13.5000,0.4963,7,"","","-8.400:0.000:-7.559|-4.200:0.000:5.177|-22.000:0.000:-0.973|4.200:0.000:-3.528|8.400:0.000:-0.025","0.000:0.000:-0.800|0.000:0.000:0.800|0.000:0.000:-0.800|0.000:0.000:0.800|0.000:0.000:0.800","0.000:0.000:9.853|20.000:0.000:-6.639","0.000:0.000:-1.300|0.000:0.000:-1.300",False,False,Moving,60.00,40.00,3.00,SensorDegradation
23.4516,9,9,231,8.2988,0.0500,-13.8589,16.0725,1.0851,-2.3895,8.4000,0.0000,-13.5000,0.3762,7,"","","-8.400:0.000:-7.641|-4.200:0.000:5.259|-22.000:0.000:-1.055|4.200:0.000:-3.447|8.400:0.000:0.057","0.000:0.000:-0.800|0.000:0.000:0.800|0.000:0.000:-0.800|0.000:0.000:0.800|0.000:0.000:0.800","0.000:0.000:9.720|20.000:0.000:-6.771","0.000:0.000:-1.300|0.000:0.000:-1.300",False,True,GoalReached,60.00,40.00,3.00,SensorDegradation
23.5526,9,9,232,8.3267,0.0500,-13.7598,15.8632,0.9539,-1.4084,8.4000,0.0000,-13.5000,0.2746,7,"","","-8.400:0.000:-7.722|-4.200:0.000:5.340|-22.000:0.000:-1.135|4.200:0.000:-3.366|8.400:0.000:0.138","0.000:0.000:-0.800|0.000:0.000:0.800|0.000:0.000:-0.800|0.000:0.000:0.800|0.000:0.000:0.800","0.000:0.000:9.589|20.000:0.000:-6.903","0.000:0.000:-1.300|0.000:0.000:-1.300",False,True,GoalReached,60.00,40.00,3.00,SensorDegradation
23.6527,9,9,233,8.3500,0.0500,-13.6774,15.7895,0.9030,-0.5722,8.4000,0.0000,-13.5000,0.1910,7,"","","-8.400:0.000:-7.802|-4.200:0.000:5.420|-22.000:0.000:-1.215|4.200:0.000:-3.286|8.400:0.000:0.218","0.000:0.000:-0.800|0.000:0.000:0.800|0.000:0.000:-0.800|0.000:0.000:0.800|0.000:0.000:0.800","0.000:0.000:9.459|20.000:0.000:-7.033","0.000:0.000:-1.300|0.000:0.000:-1.300",False,True,GoalReached,60.00,40.00,3.00,SensorDegradation
23.7540,9,9,234,8.3690,0.0500,-13.6099,15.7622,0.6533,-0.1907,8.4000,0.0000,-13.5000,0.1246,7,"","","-8.400:0.000:-7.883|-4.200:0.000:5.501|-22.000:0.000:-1.296|4.200:0.000:-3.205|8.400:0.000:0.299","0.000:0.000:-0.800|0.000:0.000:0.800|0.000:0.000:-0.800|0.000:0.000:0.800|0.000:0.000:0.800","0.000:0.000:9.327|20.000:0.000:-7.165","0.000:0.000:-1.300|0.000:0.000:-1.300",False,True,GoalReached,60.00,40.00,3.00,SensorDegradation
23.8570,9,9,235,8.3838,0.0500,-13.5575,15.7574,0.4657,-0.0168,8.4000,0.0000,-13.5000,0.0779,7,"","","-8.400:0.000:-7.965|-4.200:0.000:5.584|-22.000:0.000:-1.379|4.200:0.000:-3.122|8.400:0.000:0.381","0.000:0.000:-0.800|0.000:0.000:0.800|0.000:0.000:-0.800|0.000:0.000:0.800|0.000:0.000:0.800","0.000:0.000:9.193|20.000:0.000:-7.299","0.000:0.000:-1.300|0.000:0.000:-1.300",False,True,GoalReached,60.00,40.00,3.00,SensorDegradation
23.9585,9,9,236,8.3937,0.0500,-13.5223,15.7560,0.3484,-0.0137,8.4000,0.0000,-13.5000,0.0551,7,"","","-8.400:0.000:-8.046|-4.200:0.000:5.665|-22.000:0.000:-1.460|4.200:0.000:-3.041|8.400:0.000:0.463","0.000:0.000:-0.800|0.000:0.000:0.800|0.000:0.000:-0.800|0.000:0.000:0.800|0.000:0.000:0.800","0.000:0.000:9.061|20.000:0.000:-7.430","0.000:0.000:-1.300|0.000:0.000:-1.300",False,True,GoalReached,60.00,40.00,3.00,SensorDegradation
24.0608,9,9,237,8.3991,0.0500,-13.5032,15.7549,0.1590,-0.0061,8.4000,0.0000,-13.5000,0.0501,7,"","","-8.400:0.000:-8.128|-4.200:0.000:5.747|-22.000:0.000:-1.542|4.200:0.000:-2.959|8.400:0.000:0.544","0.000:0.000:-0.800|0.000:0.000:0.800|0.000:0.000:-0.800|0.000:0.000:0.800|0.000:0.000:0.800","0.000:0.000:8.928|20.000:0.000:-7.563","0.000:0.000:-1.300|0.000:0.000:-1.300",False,True,GoalReached,60.00,40.00,3.00,SensorDegradation
24.1628,9,9,238,8.4000,0.0500,-13.5000,15.7542,0.0000,0.0000,8.4000,0.0000,-13.5000,0.0500,7,"","","-8.400:0.000:-8.210|-4.200:0.000:5.828|-22.000:0.000:-1.623|4.200:0.000:-2.878|8.400:0.000:0.626","0.000:0.000:-0.800|0.000:0.000:0.800|0.000:0.000:-0.800|0.000:0.000:0.800|0.000:0.000:0.800","0.000:0.000:8.796|20.000:0.000:-7.696","0.000:0.000:-1.300|0.000:0.000:-1.300",False,True,GoalReached,60.00,40.00,3.00,SensorDegradation
24.2646,9,9,239,8.4000,0.0500,-13.5000,15.7542,0.0000,0.0000,8.4000,0.0000,-13.5000,0.0500,7,"","","-8.400:0.000:-8.291|-4.200:0.000:5.910|-22.000:0.000:-1.705|4.200:0.000:-2.796|8.400:0.000:0.707","0.000:0.000:-0.800|0.000:0.000:0.800|0.000:0.000:-0.800|0.000:0.000:0.800|0.000:0.000:0.800","0.000:0.000:8.663|20.000:0.000:-7.828","0.000:0.000:-1.300|0.000:0.000:-1.300",False,True,GoalReached,60.00,40.00,3.00,SensorDegradation
24.3650,9,9,240,8.4000,0.0500,-13.5000,15.7542,0.0000,0.0000,8.4000,0.0000,-13.5000,0.0500,7,"","","-8.400:0.000:-8.371|-4.200:0.000:5.990|-22.000:0.000:-1.785|4.200:0.000:-2.716|8.400:0.000:0.788","0.000:0.000:-0.800|0.000:0.000:0.800|0.000:0.000:-0.800|0.000:0.000:0.800|0.000:0.000:0.800","0.000:0.000:8.533|20.000:0.000:-7.748","0.000:0.000:-1.300|0.000:0.000:1.300",False,True,GoalReached,60.00,40.00,3.00,SensorDegradation
24.4674,9,9,241,8.4000,0.0500,-13.5000,15.7542,0.0000,0.0000,8.4000,0.0000,-13.5000,0.0500,7,"","","-8.400:0.000:-8.453|-4.200:0.000:6.072|-22.000:0.000:-1.867|4.200:0.000:-2.634|8.400:0.000:0.870","0.000:0.000:-0.800|0.000:0.000:0.800|0.000:0.000:-0.800|0.000:0.000:0.800|0.000:0.000:0.800","0.000:0.000:8.400|20.000:0.000:-7.615","0.000:0.000:-1.300|0.000:0.000:1.300",False,True,GoalReached,60.00,40.00,3.00,SensorDegradation
24.5690,9,9,242,8.4000,0.0500,-13.5000,15.7542,0.0000,0.0000,8.4000,0.0000,-13.5000,0.0500,7,"","","-8.400:0.000:-8.535|-4.200:0.000:6.153|-22.000:0.000:-1.948|4.200:0.000:-2.553|8.400:0.000:0.951","0.000:0.000:-0.800|0.000:0.000:0.800|0.000:0.000:-0.800|0.000:0.000:0.800|0.000:0.000:0.800","0.000:0.000:8.268|20.000:0.000:-7.482","0.000:0.000:-1.300|0.000:0.000:1.300",False,True,GoalReached,60.00,40.00,3.00,SensorDegradation
24.6703,9,9,243,8.4000,0.0500,-13.5000,15.7542,0.0000,0.0000,8.4000,0.0000,-13.5000,0.0500,7,"","","-8.400:0.000:-8.616|-4.200:0.000:6.234|-22.000:0.000:-2.030|4.200:0.000:-2.472|8.400:0.000:1.032","0.000:0.000:-0.800|0.000:0.000:0.800|0.000:0.000:-0.800|0.000:0.000:0.800|0.000:0.000:0.800","0.000:0.000:8.136|20.000:0.000:-7.351","0.000:0.000:-1.300|0.000:0.000:1.300",False,True,GoalReached,60.00,40.00,3.00,SensorDegradation
24.7707,9,9,244,8.4076,0.0500,-13.4727,15.7423,0.5263,-0.1602,22.0000,0.0000,12.0000,28.8724,7,"","","-8.400:0.000:-8.696|-4.200:0.000:6.314|-22.000:0.000:-2.110|4.200:0.000:-2.391|8.400:0.000:1.112","0.000:0.000:-0.800|0.000:0.000:0.800|0.000:0.000:-0.800|0.000:0.000:0.800|0.000:0.000:0.800","0.000:0.000:8.005|20.000:0.000:-7.220","0.000:0.000:-1.300|0.000:0.000:1.300",False,False,Moving,60.00,40.00,3.00,SensorDegradation
24.8712,9,9,245,8.4367,0.0500,-13.3688,15.7232,1.2159,-0.1831,22.0000,0.0000,12.0000,28.7670,7,"","","-8.400:0.000:-8.776|-4.200:0.000:6.395|-22.000:0.000:-2.190|4.200:0.000:-2.311|8.400:0.000:1.193","0.000:0.000:-0.800|0.000:0.000:0.800|0.000:0.000:-0.800|0.000:0.000:0.800|0.000:0.000:0.800","0.000:0.000:7.875|20.000:0.000:-7.090","0.000:0.000:-1.300|0.000:0.000:1.300",False,False,Moving,60.00,40.00,3.00,SensorDegradation
24.9714,9,9,246,8.4773,0.0500,-13.2241,15.7052,1.4856,-0.1633,22.0000,0.0000,12.0000,28.6203,7,"","","-8.400:0.000:-8.857|-4.200:0.000:6.475|-22.000:0.000:-2.270|4.200:0.000:-2.231|8.400:0.000:1.273","0.000:0.000:-0.800|0.000:0.000:0.800|0.000:0.000:-0.800|0.000:0.000:0.800|0.000:0.000:0.800","0.000:0.000:7.745|20.000:0.000:-6.959","0.000:0.000:-1.300|0.000:0.000:1.300",False,False,Moving,60.00,40.00,3.00,SensorDegradation
25.0732,9,9,247,8.5184,0.0500,-13.0771,15.6911,1.4355,-0.1236,22.0000,0.0000,12.0000,28.4713,7,"","","-8.400:0.000:-8.938|-4.200:0.000:6.556|-22.000:0.000:-2.352|4.200:0.000:-2.149|8.400:0.000:1.354","0.000:0.000:-0.800|0.000:0.000:0.800|0.000:0.000:-0.800|0.000:0.000:0.800|0.000:0.000:0.800","0.000:0.000:7.612|20.000:0.000:-6.827","0.000:0.000:-1.300|0.000:0.000:1.300",False,False,Moving,60.00,40.00,3.00,SensorDegradation
25.1747,9,9,248,8.5595,0.0500,-12.9304,15.6801,1.5287,-0.1022,22.0000,0.0000,12.0000,28.3227,7,"","","-8.400:0.000:-9.019|-4.200:0.000:6.638|-22.000:0.000:-2.433|4.200:0.000:-2.068|8.400:0.000:1.436","0.000:0.000:-0.800|0.000:0.000:0.800|0.000:0.000:-0.800|0.000:0.000:0.800|0.000:0.000:0.800","0.000:0.000:7.480|20.000:0.000:-6.695","0.000:0.000:-1.300|0.000:0.000:1.300",False,False,Moving,60.00,40.00,3.00,SensorDegradation
25.2763,9,9,249,8.6006,0.0500,-12.7837,15.6716,1.4450,-0.0748,22.0000,0.0000,12.0000,28.1741,7,"","","-8.400:0.000:-9.100|-4.200:0.000:6.719|-22.000:0.000:-2.514|4.200:0.000:-1.987|8.400:0.000:1.517","0.000:0.000:-0.800|0.000:0.000:0.800|0.000:0.000:-0.800|0.000:0.000:0.800|0.000:0.000:0.800","0.000:0.000:7.348|20.000:0.000:-6.563","0.000:0.000:-1.300|0.000:0.000:1.300",False,False,Moving,60.00,40.00,3.00,SensorDegradation
25.3772,9,9,250,8.6414,0.0500,-12.6379,15.6650,1.4912,-0.0595,22.0000,0.0000,12.0000,28.0264,7,"","","-8.400:0.000:-9.181|-4.200:0.000:6.800|-22.000:0.000:-2.595|4.200:0.000:-1.906|8.400:0.000:1.598","0.000:0.000:-0.800|0.000:0.000:0.800|0.000:0.000:-0.800|0.000:0.000:0.800|0.000:0.000:0.800","0.000:0.000:7.217|20.000:0.000:-6.432","0.000:0.000:-1.300|0.000:0.000:1.300",False,False,Moving,60.00,40.00,3.00,SensorDegradation
25.4772,9,9,251,8.6818,0.0500,-12.4934,15.6600,1.4744,-0.0458,22.0000,0.0000,12.0000,27.8802,7,"","","-8.400:0.000:-9.261|-4.200:0.000:6.880|-22.000:0.000:-2.675|4.200:0.000:-1.826|8.400:0.000:1.678","0.000:0.000:-0.800|0.000:0.000:0.800|0.000:0.000:-0.800|0.000:0.000:0.800|0.000:0.000:0.800","0.000:0.000:7.087|20.000:0.000:-6.302","0.000:0.000:-1.300|0.000:0.000:1.300",False,False,Moving,60.00,40.00,3.00,SensorDegradation
25.5780,9,9,252,8.7226,0.0500,-12.3479,15.6561,1.6076,-0.0397,22.0000,0.0000,12.0000,27.7328,7,"","","-8.400:0.000:-9.342|-4.200:0.000:6.960|-22.000:0.000:-2.756|4.200:0.000:-1.745|8.400:0.000:1.758","0.000:0.000:-0.800|0.000:0.000:0.800|0.000:0.000:-0.800|0.000:0.000:0.800|0.000:0.000:0.800","0.000:0.000:6.956|20.000:0.000:-6.171","0.000:0.000:-1.300|0.000:0.000:1.300",False,False,Moving,60.00,40.00,3.00,SensorDegradation
25.6800,9,9,253,8.7638,0.0500,-12.2006,15.6530,1.5960,-0.0305,22.0000,0.0000,12.0000,27.5838,7,"","","-8.400:0.000:-9.423|-4.200:0.000:7.042|-22.000:0.000:-2.837|4.200:0.000:-1.664|8.400:0.000:1.840","0.000:0.000:-0.800|0.000:0.000:0.800|0.000:0.000:-0.800|0.000:0.000:0.800|0.000:0.000:0.800","0.000:0.000:6.823|20.000:0.000:-6.038","0.000:0.000:-1.300|0.000:0.000:1.300",False,False,Moving,60.00,40.00,3.00,SensorDegradation
25.7820,9,9,254,8.8051,0.0500,-12.0532,15.6506,1.4527,-0.0214,22.0000,0.0000,12.0000,27.4347,7,"","","-8.400:0.000:-9.505|-4.200:0.000:7.124|-22.000:0.000:-2.919|4.200:0.000:-1.582|8.400:0.000:1.921","0.000:0.000:-0.800|0.000:0.000:0.800|0.000:0.000:-0.800|0.000:0.000:0.800|0.000:0.000:0.800","0.000:0.000:6.691|20.000:0.000:-5.906","0.000:0.000:-1.300|0.000:0.000:1.300",False,False,Moving,60.00,40.00,3.00,SensorDegradation
25.8836,9,9,255,8.8462,0.0500,-11.9065,15.6488,1.4783,-0.0168,22.0000,0.0000,12.0000,27.2864,7,"","","-8.400:0.000:-9.586|-4.200:0.000:7.205|-22.000:0.000:-3.000|4.200:0.000:-1.501|8.400:0.000:2.003","0.000:0.000:-0.800|0.000:0.000:0.800|0.000:0.000:-0.800|0.000:0.000:0.800|0.000:0.000:0.800","0.000:0.000:6.559|20.000:0.000:-5.774","0.000:0.000:-1.300|0.000:0.000:1.300",False,False,Moving,60.00,40.00,3.00,SensorDegradation
25.9856,9,9,256,8.8874,0.0500,-11.7591,15.6473,1.6404,-0.0137,22.0000,0.0000,12.0000,27.1374,7,"","","-8.400:0.000:-9.668|-4.200:0.000:7.286|-22.000:0.000:-3.082|4.200:0.000:-1.419|8.400:0.000:2.084","0.000:0.000:-0.800|0.000:0.000:0.800|0.000:0.000:-0.800|0.000:0.000:0.800|0.000:0.000:0.800","0.000:0.000:6.426|20.000:0.000:-5.641","0.000:0.000:-1.300|0.000:0.000:1.300",False,False,Moving,60.00,40.00,3.00,SensorDegradation
26.0861,9,9,257,8.9281,0.0500,-11.6140,15.6462,1.4828,-0.0107,22.0000,0.0000,12.0000,26.9907,7,"","","-8.400:0.000:-9.748|-4.200:0.000:7.367|-22.000:0.000:-3.162|4.200:0.000:-1.339|8.400:0.000:2.165","0.000:0.000:-0.800|0.000:0.000:0.800|0.000:0.000:-0.800|0.000:0.000:0.800|0.000:0.000:0.800","0.000:0.000:6.295|20.000:0.000:-5.510","0.000:0.000:-1.300|0.000:0.000:1.300",False,False,Moving,60.00,40.00,3.00,SensorDegradation
26.1888,9,9,258,8.9689,0.0500,-11.4661,15.5981,1.4824,-0.1984,22.0000,0.0000,12.0000,26.8415,7,"","","-8.400:0.000:-9.830|-4.200:0.000:7.449|-22.000:0.000:-3.244|4.200:0.000:-1.257|8.400:0.000:2.247","0.000:0.000:-0.800|0.000:0.000:0.800|0.000:0.000:-0.800|0.000:0.000:0.800|0.000:0.000:0.800","0.000:0.000:6.162|20.000:0.000:-5.377","0.000:0.000:-1.300|0.000:0.000:1.300",False,False,Moving,60.00,40.00,3.00,SensorDegradation
26.2905,9,9,259,9.0097,0.0500,-11.3196,15.5865,1.4692,-0.2640,22.0000,0.0000,12.0000,26.6937,7,"","","-8.400:0.000:-9.794|-4.200:0.000:7.530|-22.000:0.000:-3.326|4.200:0.000:-1.175|8.400:0.000:2.328","0.000:0.000:0.800|0.000:0.000:0.800|0.000:0.000:-0.800|0.000:0.000:0.800|0.000:0.000:0.800","0.000:0.000:6.030|20.000:0.000:-5.245","0.000:0.000:-1.300|0.000:0.000:1.300",False,False,Moving,60.00,40.00,3.00,SensorDegradation
26.3906,9,9,260,9.0498,0.0500,-11.1754,15.5813,1.4338,-0.0534,22.0000,0.0000,12.0000,26.5483,7,"","","-8.400:0.000:-9.713|-4.200:0.000:7.610|-22.000:0.000:-3.406|4.200:0.000:-1.095|8.400:0.000:2.408","0.000:0.000:0.800|0.000:0.000:0.800|0.000:0.000:-0.800|0.000:0.000:0.800|0.000:0.000:0.800","0.000:0.000:5.900|20.000:0.000:-5.115","0.000:0.000:-1.300|0.000:0.000:1.300",False,False,Moving,60.00,40.00,3.00,SensorDegradation
26.4931,9,9,261,9.0909,0.0500,-11.0277,15.5763,1.5095,-0.0168,22.0000,0.0000,12.0000,26.3993,7,"","","-8.400:0.000:-9.631|-4.200:0.000:7.692|-22.000:0.000:-3.488|4.200:0.000:-1.013|8.400:0.000:2.490","0.000:0.000:0.800|0.000:0.000:0.800|0.000:0.000:-0.800|0.000:0.000:0.800|0.000:0.000:0.800","0.000:0.000:5.766|20.000:0.000:-4.981","0.000:0.000:-1.300|0.000:0.000:1.300",False,False,Moving,60.00,40.00,3.00,SensorDegradation
26.5946,9,9,262,9.1316,0.0500,-10.8817,15.5761,1.4712,0.0755,22.0000,0.0000,12.0000,26.2520,7,"","","-8.400:0.000:-9.550|-4.200:0.000:7.774|-22.000:0.000:-3.569|4.200:0.000:-0.932|8.400:0.000:2.571","0.000:0.000:0.800|0.000:0.000:0.800|0.000:0.000:-0.800|0.000:0.000:0.800|0.000:0.000:0.800","0.000:0.000:5.634|20.000:0.000:-4.849","0.000:0.000:-1.300|0.000:0.000:1.300",False,False,Moving,60.00,40.00,3.00,SensorDegradation
26.6964,9,9,263,9.1726,0.0500,-10.7352,15.5858,1.4820,0.0901,22.0000,0.0000,12.0000,26.1043,7,"","","-8.400:0.000:-9.469|-4.200:0.000:7.855|-22.000:0.000:-3.650|4.200:0.000:-0.851|8.400:0.000:2.653","0.000:0.000:0.800|0.000:0.000:0.800|0.000:0.000:-0.800|0.000:0.000:0.800|0.000:0.000:0.800","0.000:0.000:5.502|20.000:0.000:-4.717","0.000:0.000:-1.300|0.000:0.000:1.300",False,False,Moving,60.00,40.00,3.00,SensorDegradation
26.7982,9,9,264,9.2137,0.0500,-10.5885,15.6074,1.5646,0.3041,22.0000,0.0000,12.0000,25.9564,7,"","","-8.400:0.000:-9.387|-4.200:0.000:7.937|-22.000:0.000:-3.732|4.200:0.000:-0.769|8.400:0.000:2.734","0.000:0.000:0.800|0.000:0.000:0.800|0.000:0.000:-0.800|0.000:0.000:0.800|0.000:0.000:0.800","0.000:0.000:5.370|20.000:0.000:-4.585","0.000:0.000:-1.300|0.000:0.000:1.300",False,False,Moving,60.00,40.00,3.00,SensorDegradation
26.9010,9,9,265,9.2553,0.0500,-10.4407,15.6268,1.4316,0.1372,22.0000,0.0000,12.0000,25.8073,7,"","","-8.400:0.000:-9.305|-4.200:0.000:8.019|-22.000:0.000:-3.814|4.200:0.000:-0.687|8.400:0.000:2.817","0.000:0.000:0.800|0.000:0.000:0.800|0.000:0.000:-0.800|0.000:0.000:0.800|0.000:0.000:0.800","0.000:0.000:5.236|20.000:0.000:-4.451","0.000:0.000:-1.300|0.000:0.000:1.300",False,False,Moving,60.00,40.00,3.00,SensorDegradation
27.0023,9,9,266,9.2965,0.0500,-10.2950,15.6647,1.5017,0.3935,22.0000,0.0000,12.0000,25.6603,7,"","","-8.400:0.000:-9.224|-4.200:0.000:8.100|-22.000:0.000:-3.895|4.200:0.000:-0.606|8.400:0.000:2.898","0.000:0.000:0.800|0.000:0.000:0.800|0.000:0.000:-0.800|0.000:0.000:0.800|0.000:0.000:0.800","0.000:0.000:5.104|20.000:0.000:-4.319","0.000:0.000:-1.300|0.000:0.000:1.300",False,False,Moving,60.00,40.00,3.00,SensorDegradation
27.1051,9,9,267,9.3401,0.0500,-10.1477,15.9061,1.4420,6.4464,22.0000,0.0000,12.0000,25.5107,7,"","","-8.400:0.000:-9.142|-4.200:0.000:8.182|-22.000:0.000:-3.977|4.200:0.000:-0.524|8.400:0.000:2.980","0.000:0.000:0.800|0.000:0.000:0.800|0.000:0.000:-0.800|0.000:0.000:0.800|0.000:0.000:0.800","0.000:0.000:4.971|20.000:0.000:-4.186","0.000:0.000:-1.300|0.000:0.000:1.300",False,False,Moving,60.00,40.00,3.00,SensorDegradation
27.2066,9,9,268,9.4273,0.0500,-10.0271,20.6052,1.4114,56.0872,22.0000,0.0000,12.0000,25.3627,7,"","","-8.400:0.000:-9.061|-4.200:0.000:8.263|-22.000:0.000:-4.059|4.200:0.000:-0.443|8.400:0.000:3.061","0.000:0.000:0.800|0.000:0.000:0.800|0.000:0.000:-0.800|0.000:0.000:0.800|0.000:0.000:0.800","0.000:0.000:4.839|20.000:0.000:-4.054","0.000:0.000:-1.300|0.000:0.000:1.300",False,False,Moving,60.00,40.00,3.00,SensorDegradation
27.3066,9,9,269,9.5306,0.0500,-9.9183,25.6861,1.5996,49.3847,22.0000,0.0000,12.0000,25.2170,7,"","","-8.400:0.000:-8.981|-4.200:0.000:8.343|-22.000:0.000:-4.139|4.200:0.000:-0.363|8.400:0.000:3.141","0.000:0.000:0.800|0.000:0.000:0.800|0.000:0.000:-0.800|0.000:0.000:0.800|0.000:0.000:0.800","0.000:0.000:4.709|20.000:0.000:-3.924","0.000:0.000:-1.300|0.000:0.000:1.300",False,False,Moving,60.00,40.00,3.00,SensorDegradation
27.4090,9,9,270,9.6363,0.0500,-9.8069,29.7176,1.6389,39.3375,22.0000,0.0000,12.0000,25.0680,7,"","","-8.400:0.000:-8.899|-4.200:0.000:8.425|-22.000:0.000:-4.220|4.200:0.000:-0.281|8.400:0.000:3.223","0.000:0.000:0.800|0.000:0.000:0.800|0.000:0.000:-0.800|0.000:0.000:0.800|0.000:0.000:0.800","0.000:0.000:4.576|20.000:0.000:-3.791","0.000:0.000:-1.300|0.000:0.000:1.300",False,False,Moving,60.00,40.00,3.00,SensorDegradation
27.5107,9,9,271,9.7413,0.0500,-9.6962,32.8205,1.4457,26.9770,22.0000,0.0000,12.0000,24.9199,7,"","","-8.400:0.000:-8.817|-4.200:0.000:8.506|-22.000:0.000:-4.302|4.200:0.000:-0.199|8.400:0.000:3.304","0.000:0.000:0.800|0.000:0.000:0.800|0.000:0.000:-0.800|0.000:0.000:0.800|0.000:0.000:0.800","0.000:0.000:4.443|20.000:0.000:-3.658","0.000:0.000:-1.300|0.000:0.000:1.300",False,False,Moving,60.00,40.00,3.00,SensorDegradation
27.6109,9,9,272,9.8447,0.0500,-9.5872,35.1907,1.6369,23.8049,22.0000,0.0000,12.0000,24.7742,7,"","","-8.400:0.000:-8.737|-4.200:0.000:8.587|-22.000:0.000:-4.382|4.200:0.000:-0.119|8.400:0.000:3.384","0.000:0.000:0.800|0.000:0.000:0.800|0.000:0.000:-0.800|0.000:0.000:0.800|0.000:0.000:0.800","0.000:0.000:4.313|20.000:0.000:-3.528","0.000:0.000:-1.300|0.000:0.000:1.300",False,False,Moving,60.00,40.00,3.00,SensorDegradation
27.7127,9,9,273,9.9498,0.0500,-9.4764,37.0614,1.5923,18.0519,22.0000,0.0000,12.0000,24.6262,7,"","","-8.400:0.000:-8.656|-4.200:0.000:8.668|-22.000:0.000:-4.463|4.200:0.000:-0.038|8.400:0.000:3.466","0.000:0.000:0.800|0.000:0.000:0.800|0.000:0.000:-0.800|0.000:0.000:0.800|0.000:0.000:0.800","0.000:0.000:4.181|20.000:0.000:-3.396","0.000:0.000:-1.300|0.000:0.000:1.300",False,False,Moving,60.00,40.00,3.00,SensorDegradation
27.8137,9,9,274,10.0541,0.0500,-9.3664,38.5021,1.6415,14.4514,22.0000,0.0000,12.0000,24.4792,7,"","","-8.400:0.000:-8.575|-4.200:0.000:8.749|-22.000:0.000:-4.544|4.200:0.000:0.043|8.400:0.000:3.547","0.000:0.000:0.800|0.000:0.000:0.800|0.000:0.000:-0.800|0.000:0.000:0.800|0.000:0.000:0.800","0.000:0.000:4.049|20.000:0.000:-3.264","0.000:0.000:-1.300|0.000:0.000:1.300",False,False,Moving,60.00,40.00,3.00,SensorDegradation
27.9149,9,9,275,10.1585,0.0500,-9.2564,39.6200,1.6236,11.1242,22.0000,0.0000,12.0000,24.3322,7,"","","-8.400:0.000:-8.494|-4.200:0.000:8.830|-22.000:0.000:-4.625|4.200:0.000:0.124|8.400:0.000:3.628","0.000:0.000:0.800|0.000:0.000:0.800|0.000:0.000:-0.800|0.000:0.000:0.800|0.000:0.000:0.800","0.000:0.000:3.918|20.000:0.000:-3.133","0.000:0.000:-1.300|0.000:0.000:1.300",False,False,Moving,60.00,40.00,3.00,SensorDegradation
28.0153,9,9,276,10.2622,0.0500,-9.1471,40.4821,1.3260,7.0686,22.0000,0.0000,12.0000,24.1864,7,"","","-8.400:0.000:-8.414|-4.200:0.000:8.910|-22.000:0.000:-4.705|4.200:0.000:0.204|8.400:0.000:3.708","0.000:0.000:0.800|0.000:0.000:0.800|0.000:0.000:-0.800|0.000:0.000:0.800|0.000:0.000:0.800","0.000:0.000:3.787|20.000:0.000:-3.002","0.000:0.000:-1.300|0.000:0.000:1.300",False,False,Moving,60.00,40.00,3.00,SensorDegradation
28.1154,9,9,277,10.3655,0.0500,-9.0382,41.1505,1.5561,6.4503,22.0000,0.0000,12.0000,24.0410,7,"","","-8.400:0.000:-8.334|-4.200:0.000:8.990|-22.000:0.000:-4.786|4.200:0.000:0.284|8.400:0.000:3.788","0.000:0.000:0.800|0.000:0.000:0.800|0.000:0.000:-0.800|0.000:0.000:0.800|0.000:0.000:0.800","0.000:0.000:3.657|20.000:0.000:-2.872","0.000:0.000:-1.300|0.000:0.000:1.300",False,False,Moving,60.00,40.00,3.00,SensorDegradation
28.2206,9,9,278,10.4741,0.0500,-8.9237,41.6939,1.3789,4.4476,22.0000,0.0000,12.0000,23.8883,7,"","","-8.400:0.000:-8.249|-4.200:0.000:9.074|-22.000:0.000:-4.870|4.200:0.000:0.369|8.400:0.000:3.872","0.000:0.000:0.800|0.000:0.000:0.800|0.000:0.000:-0.800|0.000:0.000:0.800|0.000:0.000:0.800","0.000:0.000:3.521|20.000:0.000:-2.735","0.000:0.000:-1.300|0.000:0.000:1.300",False,False,Moving,60.00,40.00,3.00,SensorDegradation
28.3224,9,9,279,10.5793,0.0500,-8.8129,42.0993,1.4408,3.6093,22.0000,0.0000,12.0000,23.7405,7,"","","-8.400:0.000:-8.168|-4.200:0.000:9.156|-22.000:0.000:-4.951|4.200:0.000:0.450|8.400:0.000:3.954","0.000:0.000:0.800|0.000:0.000:0.800|0.000:0.000:-0.800|0.000:0.000:0.800|0.000:0.000:0.800","0.000:0.000:3.388|20.000:0.000:-2.603","0.000:0.000:-1.300|0.000:0.000:1.300",False,False,Moving,60.00,40.00,3.00,SensorDegradation
28.4231,9,9,280,10.6834,0.0500,-8.7039,42.4603,1.6919,5.1573,22.0000,0.0000,12.0000,23.5949,7,"","","-8.400:0.000:-8.087|-4.200:0.000:9.236|-22.000:0.000:-5.032|4.200:0.000:0.531|8.400:0.000:4.034","0.000:0.000:0.800|0.000:0.000:0.800|0.000:0.000:-0.800|0.000:0.000:0.800|0.000:0.000:0.800","0.000:0.000:3.257|20.000:0.000:-2.472","0.000:0.000:-1.300|0.000:0.000:1.300",False,False,Moving,60.00,40.00,3.00,SensorDegradation
28.5254,9,9,281,10.7895,0.0500,-8.5932,42.7571,1.5676,2.9076,22.0000,0.0000,12.0000,23.4469,7,"","","-8.400:0.000:-8.006|-4.200:0.000:9.318|-22.000:0.000:-5.114|4.200:0.000:0.613|8.400:0.000:4.116","0.000:0.000:0.800|0.000:0.000:0.800|0.000:0.000:-0.800|0.000:0.000:0.800|0.000:0.000:0.800","0.000:0.000:3.124|20.000:0.000:-2.339","0.000:0.000:-1.300|0.000:0.000:1.300",False,False,Moving,60.00,40.00,3.00,SensorDegradation
28.6259,9,9,282,10.8935,0.0500,-8.4843,42.9674,1.6271,2.1362,22.0000,0.0000,12.0000,23.3016,7,"","","-8.400:0.000:-7.925|-4.200:0.000:9.399|-22.000:0.000:-5.194|4.200:0.000:0.693|8.400:0.000:4.196","0.000:0.000:0.800|0.000:0.000:0.800|0.000:0.000:-0.800|0.000:0.000:0.800|0.000:0.000:0.800","0.000:0.000:2.994|20.000:0.000:-2.209","0.000:0.000:-1.300|0.000:0.000:1.300",False,False,Moving,60.00,40.00,3.00,SensorDegradation
28.7282,9,9,283,10.9995,0.0500,-8.3735,43.1466,1.4540,1.0962,22.0000,0.0000,12.0000,23.1537,7,"","","-8.400:0.000:-7.843|-4.200:0.000:9.481|-22.000:0.000:-5.276|4.200:0.000:0.775|8.400:0.000:4.278","0.000:0.000:0.800|0.000:0.000:0.800|0.000:0.000:-0.800|0.000:0.000:0.800|0.000:0.000:0.800","0.000:0.000:2.861|20.000:0.000:-2.076","0.000:0.000:-1.300|0.000:0.000:1.300",False,False,Moving,60.00,40.00,3.00,SensorDegradation
28.8288,9,9,284,11.1036,0.0500,-8.2644,43.2558,1.6145,0.8987,22.0000,0.0000,12.0000,23.0083,7,"","","-8.400:0.000:-7.763|-4.200:0.000:9.561|-22.000:0.000:-5.356|4.200:0.000:0.855|8.400:0.000:4.359","0.000:0.000:0.800|0.000:0.000:0.800|0.000:0.000:-0.800|0.000:0.000:0.800|0.000:0.000:0.800","0.000:0.000:2.730|20.000:0.000:-1.945","0.000:0.000:-1.300|0.000:0.000:1.300",False,False,Moving,60.00,40.00,3.00,SensorDegradation
28.9304,9,9,285,11.2086,0.0500,-8.1541,43.3334,1.4702,0.5671,22.0000,0.0000,12.0000,22.8614,7,"","","-8.400:0.000:-7.682|-4.200:0.000:9.642|-22.000:0.000:-5.438|4.200:0.000:0.937|8.400:0.000:4.440","0.000:0.000:0.800|0.000:0.000:0.800|0.000:0.000:-0.800|0.000:0.000:0.800|0.000:0.000:0.800","0.000:0.000:2.598|20.000:0.000:-1.813","0.000:0.000:-1.300|0.000:0.000:1.300",False,False,Moving,60.00,40.00,3.00,SensorDegradation
29.0308,9,9,286,11.3122,0.0500,-8.0450,43.3728,1.6192,0.1486,22.0000,0.0000,12.0000,22.7164,7,"","","-8.400:0.000:-7.601|-4.200:0.000:9.723|-22.000:0.000:-5.518|4.200:0.000:1.017|8.400:0.000:4.520","0.000:0.000:0.800|0.000:0.000:0.800|0.000:0.000:-0.800|0.000:0.000:0.800|0.000:0.000:0.800","0.000:0.000:2.467|20.000:0.000:-1.682","0.000:0.000:-1.300|0.000:0.000:1.300",False,False,Moving,60.00,40.00,3.00,SensorDegradation
29.1313,9,9,287,11.4153,0.0500,-7.9351,43.3173,1.4717,-0.4990,22.0000,0.0000,12.0000,22.5709,7,"","","-8.400:0.000:-7.521|-4.200:0.000:9.803|-22.000:0.000:-5.598|4.200:0.000:1.097|8.400:0.000:4.601","0.000:0.000:0.800|0.000:0.000:0.800|0.000:0.000:-0.800|0.000:0.000:0.800|0.000:0.000:0.800","0.000:0.000:2.337|20.000:0.000:-1.552","0.000:0.000:-1.300|0.000:0.000:1.300",False,False,Moving,60.00,40.00,3.00,SensorDegradation
29.2340,9,9,288,11.5206,0.0500,-7.8226,43.2733,1.5389,-0.4059,22.0000,0.0000,12.0000,22.4222,7,"","","-8.400:0.000:-7.439|-4.200:0.000:9.885|-22.000:0.000:-5.680|4.200:0.000:1.179|8.400:0.000:4.683","0.000:0.000:0.800|0.000:0.000:0.800|0.000:0.000:-0.800|0.000:0.000:0.800|0.000:0.000:0.800","0.000:0.000:2.203|20.000:0.000:-1.418","0.000:0.000:-1.300|0.000:0.000:1.300",False,False,Moving,60.00,40.00,3.00,SensorDegradation
29.3341,9,9,289,11.6232,0.0500,-7.7131,43.2402,1.5793,-0.3235,22.0000,0.0000,12.0000,22.2774,7,"","","-8.400:0.000:-7.359|-4.200:0.000:9.965|-22.000:0.000:-5.761|4.200:0.000:1.259|8.400:0.000:4.763","0.000:0.000:0.800|0.000:0.000:0.800|0.000:0.000:-0.800|0.000:0.000:0.800|0.000:0.000:0.800","0.000:0.000:2.073|20.000:0.000:-1.288","0.000:0.000:-1.300|0.000:0.000:1.300",False,False,Moving,60.00,40.00,3.00,SensorDegradation
29.4362,9,9,290,11.7154,0.0500,-7.5923,41.7177,1.6100,-32.9392,22.0000,0.0000,12.0000,22.1277,7,"","","-8.400:0.000:-7.277|-4.200:0.000:10.047|-22.000:0.000:-5.842|4.200:0.000:1.341|8.400:0.000:4.845","0.000:0.000:0.800|0.000:0.000:0.800|0.000:0.000:-0.800|0.000:0.000:0.800|0.000:0.000:0.800","0.000:0.000:1.940|20.000:0.000:-1.155","0.000:0.000:-1.300|0.000:0.000:1.300",False,False,Moving,60.00,40.00,3.00,SensorDegradation
29.5370,9,9,291,11.7857,0.0500,-7.4584,38.5840,1.6412,-31.7703,22.0000,0.0000,12.0000,21.9764,7,"","","-8.400:0.000:-7.196|-4.200:0.000:10.128|-22.000:0.000:-5.782|4.200:0.000:1.422|8.400:0.000:4.925","0.000:0.000:0.800|0.000:0.000:0.800|0.000:0.000:0.800|0.000:0.000:0.800|0.000:0.000:0.800","0.000:0.000:1.809|20.000:0.000:-1.024","0.000:0.000:-1.300|0.000:0.000:1.300",False,False,Moving,60.00,40.00,3.00,SensorDegradation
29.6392,9,9,292,11.8569,0.0500,-7.3226,36.1222,1.6823,-25.3647,22.0000,0.0000,12.0000,21.8231,7,"","","-8.400:0.000:-7.115|-4.200:0.000:10.209|-22.000:0.000:-5.700|4.200:0.000:1.504|8.400:0.000:5.007","0.000:0.000:0.800|0.000:0.000:0.800|0.000:0.000:0.800|0.000:0.000:0.800|0.000:0.000:0.800","0.000:0.000:1.676|20.000:0.000:-0.891","0.000:0.000:-1.300|0.000:0.000:1.300",False,False,Moving,60.00,40.00,3.00,SensorDegradation
29.7395,9,9,293,11.9268,0.0500,-7.1895,34.2489,1.5955,-18.7302,22.0000,0.0000,12.0000,21.6728,7,"","","-8.400:0.000:-7.034|-4.200:0.000:10.290|-22.000:0.000:-5.620|4.200:0.000:1.584|8.400:0.000:5.087","0.000:0.000:0.800|0.000:0.000:0.800|0.000:0.000:0.800|0.000:0.000:0.800|0.000:0.000:0.800","0.000:0.000:1.546|20.000:0.000:-0.761","0.000:0.000:-1.300|0.000:0.000:1.300",False,False,Moving,60.00,40.00,3.00,SensorDegradation
29.8415,9,9,294,11.9979,0.0500,-7.0540,32.7690,1.4341,-13.0676,22.0000,0.0000,12.0000,21.5198,7,"","","-8.400:0.000:-6.953|-4.200:0.000:10.371|-22.000:0.000:-5.538|4.200:0.000:1.665|8.400:0.000:5.169","0.000:0.000:0.800|0.000:0.000:0.800|0.000:0.000:0.800|0.000:0.000:0.800|0.000:0.000:0.800","0.000:0.000:1.413|20.000:0.000:-0.628","0.000:0.000:-1.300|0.000:0.000:1.300",False,False,Moving,60.00,40.00,3.00,SensorDegradation
29.9446,9,9,295,12.0698,0.0500,-6.9171,31.6125,1.3973,-9.4620,22.0000,0.0000,12.0000,21.3651,7,"","","-8.400:0.000:-6.870|-4.200:0.000:10.454|-22.000:0.000:-5.455|4.200:0.000:1.748|8.400:0.000:5.251","0.000:0.000:0.800|0.000:0.000:0.800|0.000:0.000:0.800|0.000:0.000:0.800|0.000:0.000:0.800","0.000:0.000:1.279|20.000:0.000:-0.494","0.000:0.000:-1.300|0.000:0.000:1.300",False,False,Moving,60.00,40.00,3.00,SensorDegradation
30.0461,9,9,296,12.1406,0.0500,-6.7822,30.7312,1.5131,-7.9651,22.0000,0.0000,12.0000,21.2127,7,"","","-8.400:0.000:-6.789|-4.200:0.000:10.535|-22.000:0.000:-5.374|4.200:0.000:1.829|8.400:0.000:5.333","0.000:0.000:0.800|0.000:0.000:0.800|0.000:0.000:0.800|0.000:0.000:0.800|0.000:0.000:0.800","0.000:0.000:1.147|20.000:0.000:-0.362","0.000:0.000:-1.300|0.000:0.000:1.300",False,False,Moving,60.00,40.00,3.00,SensorDegradation
30.1473,9,9,297,12.2112,0.0500,-6.6478,30.0506,1.3600,-5.5664,22.0000,0.0000,12.0000,21.0610,7,"","","-8.400:0.000:-6.708|-4.200:0.000:10.616|-22.000:0.000:-5.293|4.200:0.000:1.910|8.400:0.000:5.414","0.000:0.000:0.800|0.000:0.000:0.800|0.000:0.000:0.800|0.000:0.000:0.800|0.000:0.000:0.800","0.000:0.000:1.016|20.000:0.000:-0.231","0.000:0.000:-1.300|0.000:0.000:1.300",False,False,Moving,60.00,40.00,3.00,SensorDegradation
30.2493,9,9,298,12.2823,0.0500,-6.5124,29.5188,1.6395,-5.2277,22.0000,0.0000,12.0000,20.9080,7,"","","-8.400:0.000:-6.626|-4.200:0.000:10.697|-22.000:0.000:-5.212|4.200:0.000:1.992|8.400:0.000:5.495","0.000:0.000:0.800|0.000:0.000:0.800|0.000:0.000:0.800|0.000:0.000:0.800|0.000:0.000:0.800","0.000:0.000:0.883|20.000:0.000:-0.098","0.000:0.000:-1.300|0.000:0.000:1.300",False,False,Moving,60.00,40.00,3.00,SensorDegradation
30.3513,9,9,299,12.3533,0.0500,-6.3770,29.1074,1.3928,-3.4454,22.0000,0.0000,12.0000,20.7551,7,"","","-8.400:0.000:-6.545|-4.200:0.000:10.779|-22.000:0.000:-5.130|4.200:0.000:2.073|8.400:0.000:5.577","0.000:0.000:0.800|0.000:0.000:0.800|0.000:0.000:0.800|0.000:0.000:0.800|0.000:0.000:0.800","0.000:0.000:0.751|20.000:0.000:0.034","0.000:0.000:-1.300|0.000:0.000:1.300",False,False,Moving,60.00,40.00,3.00,SensorDegradation
30.4514,9,9,300,12.4232,0.0500,-6.2439,28.7938,1.3573,-2.6123,22.0000,0.0000,12.0000,20.6049,7,"","","-8.400:0.000:-6.465|-4.200:0.000:10.859|-22.000:0.000:-5.050|4.200:0.000:2.153|8.400:0.000:5.657","0.000:0.000:0.800|0.000:0.000:0.800|0.000:0.000:0.800|0.000:0.000:0.800|0.000:0.000:0.800","0.000:0.000:0.620|20.000:0.000:0.165","0.000:0.000:-1.300|0.000:0.000:1.300",False,False,Moving,60.00,40.00,3.00,SensorDegradation
30.5520,9,9,301,12.4933,0.0500,-6.1103,28.5489,1.6230,-2.4384,22.0000,0.0000,12.0000,20.4539,7,"","","-8.400:0.000:-6.384|-4.200:0.000:10.940|-22.000:0.000:-4.970|4.200:0.000:2.234|8.400:0.000:5.737","0.000:0.000:0.800|0.000:0.000:0.800|0.000:0.000:0.800|0.000:0.000:0.800|0.000:0.000:0.800","0.000:0.000:0.490|20.000:0.000:0.295","0.000:0.000:-1.300|0.000:0.000:1.300",False,False,Moving,60.00,40.00,3.00,SensorDegradation
30.6522,9,9,302,12.5632,0.0500,-5.9772,28.3593,1.5781,-1.8417,22.0000,0.0000,12.0000,20.3036,7,"","","-8.400:0.000:-6.304|-4.200:0.000:11.020|-22.000:0.000:-4.889|4.200:0.000:2.314|8.400:0.000:5.818","0.000:0.000:0.800|0.000:0.000:0.800|0.000:0.000:0.800|0.000:0.000:0.800|0.000:0.000:0.800","0.000:0.000:0.359|20.000:0.000:0.426","0.000:0.000:-1.300|0.000:0.000:1.300",False,False,Moving,60.00,40.00,3.00,SensorDegradation
30.7549,9,9,303,12.6347,0.0500,-5.8409,28.2087,1.4505,-1.3153,22.0000,0.0000,12.0000,20.1497,7,"","","-8.400:0.000:-6.222|-4.200:0.000:11.102|-22.000:0.000:-4.807|4.200:0.000:2.396|8.400:0.000:5.900","0.000:0.000:0.800|0.000:0.000:0.800|0.000:0.000:0.800|0.000:0.000:0.800|0.000:0.000:0.800","0.000:0.000:0.226|20.000:0.000:0.559","0.000:0.000:-1.300|0.000:0.000:1.300",False,False,Moving,60.00,40.00,3.00,SensorDegradation
30.8573,9,9,304,12.7062,0.0500,-5.7048,28.0926,1.4662,-1.0361,22.0000,0.0000,12.0000,19.9960,7,"","","-8.400:0.000:-6.140|-4.200:0.000:11.184|-22.000:0.000:-4.725|4.200:0.000:2.478|8.400:0.000:5.982","0.000:0.000:0.800|0.000:0.000:0.800|0.000:0.000:0.800|0.000:0.000:0.800|0.000:0.000:0.800","0.000:0.000:0.093|20.000:0.000:0.692","0.000:0.000:-1.300|0.000:0.000:1.300",False,False,Moving,60.00,40.00,3.00,SensorDegradation
30.9590,9,9,305,12.7771,0.0500,-5.5698,28.0033,1.5987,-0.8774,22.0000,0.0000,12.0000,19.8435,7,"","","-8.400:0.000:-6.059|-4.200:0.000:11.265|-22.000:0.000:-4.644|4.200:0.000:2.559|8.400:0.000:6.063","0.000:0.000:0.800|0.000:0.000:0.800|0.000:0.000:0.800|0.000:0.000:0.800|0.000:0.000:0.800","0.000:0.000:-0.039|20.000:0.000:0.825","0.000:0.000:-1.300|0.000:0.000:1.300",False,False,Moving,60.00,40.00,3.00,SensorDegradation
31.0599,9,9,306,12.8474,0.0500,-5.4358,27.9347,1.4081,-0.6027,22.0000,0.0000,12.0000,19.6921,7,"","","-8.400:0.000:-5.978|-4.200:0.000:11.346|-22.000:0.000:-4.563|4.200:0.000:2.640|8.400:0.000:6.144","0.000:0.000:0.800|0.000:0.000:0.800|0.000:0.000:0.800|0.000:0.000:0.800|0.000:0.000:0.800","0.000:0.000:-0.171|20.000:0.000:0.956","0.000:0.000:-1.300|0.000:0.000:1.300",False,False,Moving,60.00,40.00,3.00,SensorDegradation
31.1601,9,9,307,12.9173,0.0500,-5.3027,27.8817,1.4135,-0.4700,22.0000,0.0000,12.0000,19.5418,7,"","","-8.400:0.000:-5.898|-4.200:0.000:11.426|-22.000:0.000:-4.483|4.200:0.000:2.720|8.400:0.000:6.224","0.000:0.000:0.800|0.000:0.000:0.800|0.000:0.000:0.800|0.000:0.000:0.800|0.000:0.000:0.800","0.000:0.000:-0.301|20.000:0.000:1.086","0.000:0.000:-1.300|0.000:0.000:1.300",False,False,Moving,60.00,40.00,3.00,SensorDegradation
31.2605,9,9,308,12.9872,0.0500,-5.1694,27.8404,1.3879,-0.3586,22.0000,0.0000,12.0000,19.3913,7,"","","-8.400:0.000:-5.818|-4.200:0.000:11.506|-22.000:0.000:-4.403|4.200:0.000:2.801|8.400:0.000:6.304","0.000:0.000:0.800|0.000:0.000:0.800|0.000:0.000:0.800|0.000:0.000:0.800|0.000:0.000:0.800","0.000:0.000:-0.431|20.000:0.000:1.216","0.000:0.000:-1.300|0.000:0.000:1.300",False,False,Moving,60.00,40.00,3.00,SensorDegradation
31.3619,9,9,309,13.0580,0.0500,-5.0347,27.8080,1.6509,-0.3326,22.0000,0.0000,12.0000,19.2391,7,"","","-8.400:0.000:-5.736|-4.200:0.000:11.587|-22.000:0.000:-4.322|4.200:0.000:2.882|8.400:0.000:6.385","0.000:0.000:0.800|0.000:0.000:0.800|0.000:0.000:0.800|0.000:0.000:0.800|0.000:0.000:0.800","0.000:0.000:-0.563|20.000:0.000:1.348","0.000:0.000:-1.300|0.000:0.000:1.300",False,False,Moving,60.00,40.00,3.00,SensorDegradation
31.4629,9,9,310,13.1284,0.0500,-4.9005,27.7830,1.4473,-0.2274,22.0000,0.0000,12.0000,19.0876,7,"","","-8.400:0.000:-5.656|-4.200:0.000:11.668|-22.000:0.000:-4.241|4.200:0.000:2.963|8.400:0.000:6.466","0.000:0.000:0.800|0.000:0.000:0.800|0.000:0.000:0.800|0.000:0.000:0.800|0.000:0.000:0.800","0.000:0.000:-0.694|20.000:0.000:1.480","0.000:0.000:-1.300|0.000:0.000:1.300",False,False,Moving,60.00,40.00,3.00,SensorDegradation
31.5645,9,9,311,13.1992,0.0500,-4.7657,27.7636,1.3625,-0.1572,22.0000,0.0000,12.0000,18.9353,7,"","","-8.400:0.000:-5.574|-4.200:0.000:11.750|-22.000:0.000:-4.160|4.200:0.000:3.044|8.400:0.000:6.547","0.000:0.000:0.800|0.000:0.000:0.800|0.000:0.000:0.800|0.000:0.000:0.800|0.000:0.000:0.800","0.000:0.000:-0.826|20.000:0.000:1.612","0.000:0.000:-1.300|0.000:0.000:1.300",False,False,Moving,60.00,40.00,3.00,SensorDegradation
31.6663,9,9,312,13.2701,0.0500,-4.6305,27.7484,1.5808,-0.1419,22.0000,0.0000,12.0000,18.7826,7,"","","-8.400:0.000:-5.493|-4.200:0.000:11.831|-22.000:0.000:-4.078|4.200:0.000:3.125|8.400:0.000:6.629","0.000:0.000:0.800|0.000:0.000:0.800|0.000:0.000:0.800|0.000:0.000:0.800|0.000:0.000:0.800","0.000:0.000:-0.959|20.000:0.000:1.744","0.000:0.000:-1.300|0.000:0.000:1.300",False,False,Moving,60.00,40.00,3.00,SensorDegradation
31.7667,9,9,313,13.3401,0.0500,-4.4971,27.7368,1.4847,-0.1038,22.0000,0.0000,12.0000,18.6320,7,"","","-8.400:0.000:-5.413|-4.200:0.000:11.911|-22.000:0.000:-3.998|4.200:0.000:3.206|8.400:0.000:6.709","0.000:0.000:0.800|0.000:0.000:0.800|0.000:0.000:0.800|0.000:0.000:0.800|0.000:0.000:0.800","0.000:0.000:-1.089|20.000:0.000:1.875","0.000:0.000:-1.300|0.000:0.000:1.300",False,False,Moving,60.00,40.00,3.00,SensorDegradation
31.8676,9,9,314,13.4105,0.0500,-4.3631,27.7278,1.4991,-0.0824,22.0000,0.0000,12.0000,18.4806,7,"","","-8.400:0.000:-5.332|-4.200:0.000:11.992|-22.000:0.000:-3.917|4.200:0.000:3.286|8.400:0.000:6.790","0.000:0.000:0.800|0.000:0.000:0.800|0.000:0.000:0.800|0.000:0.000:0.800|0.000:0.000:0.800","0.000:0.000:-1.221|20.000:0.000:2.006","0.000:0.000:-1.300|0.000:0.000:1.300",False,False,Moving,60.00,40.00,3.00,SensorDegradation
31.9677,9,9,315,13.4803,0.0500,-4.2302,27.7208,1.4438,-0.0610,22.0000,0.0000,12.0000,18.3305,7,"","","-8.400:0.000:-5.252|-4.200:0.000:12.072|-22.000:0.000:-3.837|4.200:0.000:3.366|8.400:0.000:6.870","0.000:0.000:0.800|0.000:0.000:0.800|0.000:0.000:0.800|0.000:0.000:0.800|0.000:0.000:0.800","0.000:0.000:-1.351|20.000:0.000:2.136","0.000:0.000:-1.300|0.000:0.000:1.300",False,False,Moving,60.00,40.00,3.00,SensorDegradation
32.0683,9,9,316,13.5504,0.0500,-4.0965,27.7154,1.5631,-0.0519,22.0000,0.0000,12.0000,18.1795,7,"","","-8.400:0.000:-5.171|-4.200:0.000:12.153|-22.000:0.000:-3.756|4.200:0.000:3.447|8.400:0.000:6.950","0.000:0.000:0.800|0.000:0.000:0.800|0.000:0.000:0.800|0.000:0.000:0.800|0.000:0.000:0.800","0.000:0.000:-1.482|20.000:0.000:2.267","0.000:0.000:-1.300|0.000:0.000:1.300",False,False,Moving,60.00,40.00,3.00,SensorDegradation
32.1688,9,9,317,13.6205,0.0500,-3.9631,27.7112,1.6457,-0.0427,22.0000,0.0000,12.0000,18.0288,7,"","","-8.400:0.000:-5.091|-4.200:0.000:12.233|-22.000:0.000:-3.676|4.200:0.000:3.527|8.400:0.000:7.031","0.000:0.000:0.800|0.000:0.000:0.800|0.000:0.000:0.800|0.000:0.000:0.800|0.000:0.000:0.800","0.000:0.000:-1.612|20.000:0.000:2.397","0.000:0.000:-1.300|0.000:0.000:1.300",False,False,Moving,60.00,40.00,3.00,SensorDegradation
32.2715,9,9,318,13.6921,0.0500,-3.8267,27.7078,1.6072,-0.0320,22.0000,0.0000,12.0000,17.8748,7,"","","-8.400:0.000:-5.009|-4.200:0.000:12.315|-22.000:0.000:-3.594|4.200:0.000:3.609|8.400:0.000:7.113","0.000:0.000:0.800|0.000:0.000:0.800|0.000:0.000:0.800|0.000:0.000:0.800|0.000:0.000:0.800","0.000:0.000:-1.746|20.000:0.000:2.531","0.000:0.000:-1.300|0.000:0.000:1.300",False,False,Moving,60.00,40.00,3.00,SensorDegradation
32.3717,9,9,319,13.7619,0.0500,-3.6936,27.7053,1.4357,-0.0229,22.0000,0.0000,12.0000,17.7245,7,"","","-8.400:0.000:-4.929|-4.200:0.000:12.395|-22.000:0.000:-3.514|4.200:0.000:3.690|8.400:0.000:7.193","0.000:0.000:0.800|0.000:0.000:0.800|0.000:0.000:0.800|0.000:0.000:0.800|0.000:0.000:0.800","0.000:0.000:-1.876|20.000:0.000:2.661","0.000:0.000:-1.300|0.000:0.000:1.300",False,False,Moving,60.00,40.00,3.00,SensorDegradation
32.4732,9,9,320,13.8327,0.0500,-3.5587,27.7033,1.3503,-0.0168,22.0000,0.0000,12.0000,17.5722,7,"","","-8.400:0.000:-4.847|-4.200:0.000:12.477|-22.000:0.000:-3.433|4.200:0.000:3.771|8.400:0.000:7.274","0.000:0.000:0.800|0.000:0.000:0.800|0.000:0.000:0.800|0.000:0.000:0.800|0.000:0.000:0.800","0.000:0.000:-2.008|20.000:0.000:2.793","0.000:0.000:-1.300|0.000:0.000:1.300",False,False,Moving,60.00,40.00,3.00,SensorDegradation
32.5758,9,9,321,13.9042,0.0500,-3.4225,27.7017,1.3833,-0.0137,22.0000,0.0000,12.0000,17.4184,7,"","","-8.400:0.000:-4.765|-4.200:0.000:12.559|-22.000:0.000:-3.350|4.200:0.000:3.853|8.400:0.000:7.356","0.000:0.000:0.800|0.000:0.000:0.800|0.000:0.000:0.800|0.000:0.000:0.800|0.000:0.000:0.800","0.000:0.000:-2.141|20.000:0.000:2.926","0.000:0.000:-1.300|0.000:0.000:1.300",False,False,Moving,60.00,40.00,3.00,SensorDegradation
32.6763,9,9,322,13.9743,0.0500,-3.2890,27.7005,1.4471,-0.0107,22.0000,0.0000,12.0000,17.2675,7,"","","-8.400:0.000:-4.685|-4.200:0.000:12.639|-22.000:0.000:-3.270|4.200:0.000:3.933|8.400:0.000:7.437","0.000:0.000:0.800|0.000:0.000:0.800|0.000:0.000:0.800|0.000:0.000:0.800|0.000:0.000:0.800","0.000:0.000:-2.272|20.000:0.000:3.057","0.000:0.000:-1.300|0.000:0.000:1.300",False,False,Moving,60.00,40.00,3.00,SensorDegradation
32.7787,9,9,323,14.0457,0.0500,-3.1531,27.6996,1.5061,-0.0092,22.0000,0.0000,12.0000,17.1140,7,"","","-8.400:0.000:-4.695|-4.200:0.000:12.721|-22.000:0.000:-3.188|4.200:0.000:4.015|8.400:0.000:7.519","0.000:0.000:-0.800|0.000:0.000:0.800|0.000:0.000:0.800|0.000:0.000:0.800|0.000:0.000:0.800","0.000:0.000:-2.405|20.000:0.000:3.190","0.000:0.000:-1.300|0.000:0.000:1.300",False,False,Moving,60.00,40.00,3.00,SensorDegradation
32.8800,9,9,324,14.1163,0.0500,-3.0185,27.6989,1.6477,-0.0076,22.0000,0.0000,12.0000,16.9621,7,"","","-8.400:0.000:-4.776|-4.200:0.000:12.802|-22.000:0.000:-3.107|4.200:0.000:4.096|8.400:0.000:7.600","0.000:0.000:-0.800|0.000:0.000:0.800|0.000:0.000:0.800|0.000:0.000:0.800|0.000:0.000:0.800","0.000:0.000:-2.537|20.000:0.000:3.322","0.000:0.000:-1.300|0.000:0.000:1.300",False,False,Moving,60.00,40.00,3.00,SensorDegradation
32.9823,9,9,325,14.1877,0.0500,-2.8826,27.6983,1.5188,-0.0061,22.0000,0.0000,12.0000,16.8085,7,"","","-8.400:0.000:-4.858|-4.200:0.000:12.884|-22.000:0.000:-3.025|4.200:0.000:4.178|8.400:0.000:7.682","0.000:0.000:-0.800|0.000:0.000:0.800|0.000:0.000:0.800|0.000:0.000:0.800|0.000:0.000:0.800","0.000:0.000:-2.670|20.000:0.000:3.455","0.000:0.000:-1.300|0.000:0.000:1.300",False,False,Moving,60.00,40.00,3.00,SensorDegradation
33.0829,9,9,326,14.2577,0.0500,-2.7491,27.6979,1.5765,-0.0046,22.0000,0.0000,12.0000,16.6578,7,"","","-8.400:0.000:-4.938|-4.200:0.000:12.964|-22.000:0.000:-2.945|4.200:0.000:4.258|8.400:0.000:7.762","0.000:0.000:-0.800|0.000:0.000:0.800|0.000:0.000:0.800|0.000:0.000:0.800|0.000:0.000:0.800","0.000:0.000:-2.800|20.000:0.000:3.586","0.000:0.000:-1.300|0.000:0.000:1.300",False,False,Moving,60.00,40.00,3.00,SensorDegradation
33.1832,9,9,327,14.3277,0.0500,-2.6158,27.6976,1.4891,-0.0031,22.0000,0.0000,12.0000,16.5072,7,"","","-8.400:0.000:-5.018|-4.200:0.000:13.045|-22.000:0.000:-2.865|4.200:0.000:4.339|8.400:0.000:7.842","0.000:0.000:-0.800|0.000:0.000:0.800|0.000:0.000:0.800|0.000:0.000:0.800|0.000:0.000:0.800","0.000:0.000:-2.931|20.000:0.000:3.716","0.000:0.000:-1.300|0.000:0.000:1.300",False,False,Moving,60.00,40.00,3.00,SensorDegradation
33.2845,9,9,328,14.3984,0.0500,-2.4812,27.6973,1.4529,-0.0015,22.0000,0.0000,12.0000,16.3552,7,"","","-8.400:0.000:-5.099|-4.200:0.000:13.126|-22.000:0.000:-2.783|4.200:0.000:4.420|8.400:0.000:7.923","0.000:0.000:-0.800|0.000:0.000:0.800|0.000:0.000:0.800|0.000:0.000:0.800|0.000:0.000:0.800","0.000:0.000:-3.063|20.000:0.000:3.848","0.000:0.000:-1.300|0.000:0.000:1.300",False,False,Moving,60.00,40.00,3.00,SensorDegradation
33.3850,9,9,329,14.4684,0.0500,-2.3479,27.6971,1.4455,-0.0015,22.0000,0.0000,12.0000,16.2046,7,"","","-8.400:0.000:-5.180|-4.200:0.000:13.206|-22.000:0.000:-2.703|4.200:0.000:4.500|8.400:0.000:8.004","0.000:0.000:-0.800|0.000:0.000:0.800|0.000:0.000:0.800|0.000:0.000:0.800|0.000:0.000:0.800","0.000:0.000:-3.193|20.000:0.000:3.978","0.000:0.000:-1.300|0.000:0.000:1.300",False,False,Moving,60.00,40.00,3.00,SensorDegradation
33.4872,9,9,330,14.5396,0.0500,-2.2121,27.6970,1.4394,-0.0015,22.0000,0.0000,12.0000,16.0513,7,"","","-8.400:0.000:-5.261|-4.200:0.000:13.288|-22.000:0.000:-2.621|4.200:0.000:4.582|8.400:0.000:8.085","0.000:0.000:-0.800|0.000:0.000:0.800|0.000:0.000:0.800|0.000:0.000:0.800|0.000:0.000:0.800","0.000:0.000:-3.326|20.000:0.000:4.111","0.000:0.000:-1.300|0.000:0.000:1.300",False,False,Moving,60.00,40.00,3.00,SensorDegradation
33.5877,9,9,331,14.6097,0.0500,-2.0787,27.6968,1.4615,-0.0015,22.0000,0.0000,12.0000,15.9006,7,"","","-8.400:0.000:-5.342|-4.200:0.000:13.339|-22.000:0.000:-2.541|4.200:0.000:4.662|8.400:0.000:8.166","0.000:0.000:-0.800|0.000:0.000:-0.800|0.000:0.000:0.800|0.000:0.000:0.800|0.000:0.000:0.800","0.000:0.000:-3.457|20.000:0.000:4.242","0.000:0.000:-1.300|0.000:0.000:1.300",False,False,Moving,60.00,40.00,3.00,SensorDegradation
33.6898,9,9,332,14.6809,0.0500,-1.9430,27.6967,1.4419,-0.0015,22.0000,0.0000,12.0000,15.7474,7,"","","-8.400:0.000:-5.424|-4.200:0.000:13.257|-22.000:0.000:-2.459|4.200:0.000:4.744|8.400:0.000:8.248","0.000:0.000:-0.800|0.000:0.000:-0.800|0.000:0.000:0.800|0.000:0.000:0.800|0.000:0.000:0.800","0.000:0.000:-3.589|20.000:0.000:4.375","0.000:0.000:-1.300|0.000:0.000:1.300",False,False,Moving,60.00,40.00,3.00,SensorDegradation
33.7927,9,9,333,14.7526,0.0500,-1.8064,27.6967,1.4915,0.0000,22.0000,0.0000,12.0000,15.5930,7,"","","-8.400:0.000:-5.506|-4.200:0.000:13.175|-22.000:0.000:-2.377|4.200:0.000:4.826|8.400:0.000:8.330","0.000:0.000:-0.800|0.000:0.000:-0.800|0.000:0.000:0.800|0.000:0.000:0.800|0.000:0.000:0.800","0.000:0.000:-3.723|20.000:0.000:4.508","0.000:0.000:-1.300|0.000:0.000:1.300",False,False,Moving,60.00,40.00,3.00,SensorDegradation
33.8947,9,9,334,14.8237,0.0500,-1.6709,27.6966,1.4779,0.0000,22.0000,0.0000,12.0000,15.4400,7,"","","-8.400:0.000:-5.588|-4.200:0.000:13.093|-22.000:0.000:-2.295|4.200:0.000:4.908|8.400:0.000:8.412","0.000:0.000:-0.800|0.000:0.000:-0.800|0.000:0.000:0.800|0.000:0.000:0.800|0.000:0.000:0.800","0.000:0.000:-3.856|20.000:0.000:4.641","0.000:0.000:-1.300|0.000:0.000:1.300",False,False,Moving,60.00,40.00,3.00,SensorDegradation
33.9969,9,9,335,14.8950,0.0500,-1.5352,27.6966,1.4906,0.0000,22.0000,0.0000,12.0000,15.2868,7,"","","-8.400:0.000:-5.669|-4.200:0.000:13.012|-22.000:0.000:-2.214|4.200:0.000:4.990|8.400:0.000:8.493","0.000:0.000:-0.800|0.000:0.000:-0.800|0.000:0.000:0.800|0.000:0.000:0.800|0.000:0.000:0.800","0.000:0.000:-3.989|20.000:0.000:4.774","0.000:0.000:-1.300|0.000:0.000:1.300",False,False,Moving,60.00,40.00,3.00,SensorDegradation
34.0982,9,9,336,14.9656,0.0500,-1.4007,27.6965,1.5043,0.0000,22.0000,0.0000,12.0000,15.1349,7,"","","-8.400:0.000:-5.750|-4.200:0.000:12.931|-22.000:0.000:-2.133|4.200:0.000:5.071|8.400:0.000:8.574","0.000:0.000:-0.800|0.000:0.000:-0.800|0.000:0.000:0.800|0.000:0.000:0.800|0.000:0.000:0.800","0.000:0.000:-4.120|20.000:0.000:4.905","0.000:0.000:-1.300|0.000:0.000:1.300",False,False,Moving,60.00,40.00,3.00,SensorDegradation
34.1995,9,9,337,15.0362,0.0500,-1.2660,27.6965,1.4833,0.0000,22.0000,0.0000,12.0000,14.9828,7,"","","-8.400:0.000:-5.831|-4.200:0.000:12.850|-22.000:0.000:-2.052|4.200:0.000:5.152|8.400:0.000:8.655","0.000:0.000:-0.800|0.000:0.000:-0.800|0.000:0.000:0.800|0.000:0.000:0.800|0.000:0.000:0.800","0.000:0.000:-4.252|20.000:0.000:5.037","0.000:0.000:-1.300|0.000:0.000:1.300",False,False,Moving,60.00,40.00,3.00,SensorDegradation
34.3019,9,9,338,15.1076,0.0500,-1.1301,27.6965,1.4253,0.0000,22.0000,0.0000,12.0000,14.8292,7,"","","-8.400:0.000:-5.913|-4.200:0.000:12.768|-22.000:0.000:-1.970|4.200:0.000:5.234|8.400:0.000:8.737","0.000:0.000:-0.800|0.000:0.000:-0.800|0.000:0.000:0.800|0.000:0.000:0.800|0.000:0.000:0.800","0.000:0.000:-4.385|20.000:0.000:5.170","0.000:0.000:-1.300|0.000:0.000:1.300",False,False,Moving,60.00,40.00,3.00,SensorDegradation
34.4041,9,9,339,15.1788,0.0500,-0.9944,27.6965,1.4378,0.0000,22.0000,0.0000,12.0000,14.6760,7,"","","-8.400:0.000:-5.995|-4.200:0.000:12.686|-22.000:0.000:-1.888|4.200:0.000:5.315|8.400:0.000:8.819","0.000:0.000:-0.800|0.000:0.000:-0.800|0.000:0.000:0.800|0.000:0.000:0.800|0.000:0.000:0.800","0.000:0.000:-4.518|20.000:0.000:5.303","0.000:0.000:-1.300|0.000:0.000:1.300",False,False,Moving,60.00,40.00,3.00,SensorDegradation
34.5045,9,9,340,15.2489,0.0500,-0.8610,27.6965,1.4184,0.0000,22.0000,0.0000,12.0000,14.5253,7,"","","-8.400:0.000:-6.075|-4.200:0.000:12.606|-22.000:0.000:-1.808|4.200:0.000:5.396|8.400:0.000:8.899","0.000:0.000:-0.800|0.000:0.000:-0.800|0.000:0.000:0.800|0.000:0.000:0.800|0.000:0.000:0.800","0.000:0.000:-4.649|20.000:0.000:5.434","0.000:0.000:-1.300|0.000:0.000:1.300",False,False,Moving,60.00,40.00,3.00,SensorDegradation
34.6069,9,9,341,15.3203,0.0500,-0.7250,27.6965,1.4357,0.0000,22.0000,0.0000,12.0000,14.3717,7,"","","-8.400:0.000:-6.157|-4.200:0.000:12.524|-22.000:0.000:-1.726|4.200:0.000:5.478|8.400:0.000:8.981","0.000:0.000:-0.800|0.000:0.000:-0.800|0.000:0.000:0.800|0.000:0.000:0.800|0.000:0.000:0.800","0.000:0.000:-4.782|20.000:0.000:5.567","0.000:0.000:-1.300|0.000:0.000:1.300",False,False,Moving,60.00,40.00,3.00,SensorDegradation
34.7083,9,9,342,15.3909,0.0500,-0.5904,27.6965,1.5023,0.0000,22.0000,0.0000,12.0000,14.2197,7,"","","-8.400:0.000:-6.238|-4.200:0.000:12.443|-22.000:0.000:-1.645|4.200:0.000:5.559|8.400:0.000:9.062","0.000:0.000:-0.800|0.000:0.000:-0.800|0.000:0.000:0.800|0.000:0.000:0.800|0.000:0.000:0.800","0.000:0.000:-4.913|20.000:0.000:5.699","0.000:0.000:-1.300|0.000:0.000:1.300",False,False,Moving,60.00,40.00,3.00,SensorDegradation
34.8086,9,9,343,15.4609,0.0500,-0.4571,27.6965,1.5860,0.0000,22.0000,0.0000,12.0000,14.0692,7,"","","-8.400:0.000:-6.319|-4.200:0.000:12.362|-22.000:0.000:-1.564|4.200:0.000:5.639|8.400:0.000:9.143","0.000:0.000:-0.800|0.000:0.000:-0.800|0.000:0.000:0.800|0.000:0.000:0.800|0.000:0.000:0.800","0.000:0.000:-5.044|20.000:0.000:5.829","0.000:0.000:-1.300|0.000:0.000:1.300",False,False,Moving,60.00,40.00,3.00,SensorDegradation
34.9105,9,9,344,15.5319,0.0500,-0.3219,27.6965,1.5503,0.0000,22.0000,0.0000,12.0000,13.9164,7,"","","-8.400:0.000:-6.400|-4.200:0.000:12.281|-22.000:0.000:-1.483|4.200:0.000:5.721|8.400:0.000:9.224","0.000:0.000:-0.800|0.000:0.000:-0.800|0.000:0.000:0.800|0.000:0.000:0.800|0.000:0.000:0.800","0.000:0.000:-5.176|20.000:0.000:5.961","0.000:0.000:-1.300|0.000:0.000:1.300",False,False,Moving,60.00,40.00,3.00,SensorDegradation
35.0112,9,9,345,15.6021,0.0500,-0.1881,27.6965,1.6225,0.0000,22.0000,0.0000,12.0000,13.7654,7,"","","-8.400:0.000:-6.481|-4.200:0.000:12.200|-22.000:0.000:-1.402|4.200:0.000:5.801|8.400:0.000:9.305","0.000:0.000:-0.800|0.000:0.000:-0.800|0.000:0.000:0.800|0.000:0.000:0.800|0.000:0.000:0.800","0.000:0.000:-5.307|20.000:0.000:6.092","0.000:0.000:-1.300|0.000:0.000:1.300",False,False,Moving,60.00,40.00,3.00,SensorDegradation
35.1117,9,9,346,15.6722,0.0500,-0.0546,27.6965,1.6821,0.0000,22.0000,0.0000,12.0000,13.6146,7,"","","-8.400:0.000:-6.561|-4.200:0.000:12.120|-22.000:0.000:-1.322|4.200:0.000:5.882|8.400:0.000:9.385","0.000:0.000:-0.800|0.000:0.000:-0.800|0.000:0.000:0.800|0.000:0.000:0.800|0.000:0.000:0.800","0.000:0.000:-5.438|20.000:0.000:6.223","0.000:0.000:-1.300|0.000:0.000:1.300",False,False,Moving,60.00,40.00,3.00,SensorDegradation
35.2134,9,9,347,15.7431,0.0500,0.0805,27.6965,1.6042,0.0000,22.0000,0.0000,12.0000,13.4620,7,"","","-8.400:0.000:-6.643|-4.200:0.000:12.038|-22.000:0.000:-1.240|4.200:0.000:5.963|8.400:0.000:9.466","0.000:0.000:-0.800|0.000:0.000:-0.800|0.000:0.000:0.800|0.000:0.000:0.800|0.000:0.000:0.800","0.000:0.000:-5.570|20.000:0.000:6.355","0.000:0.000:-1.300|0.000:0.000:1.300",False,False,Moving,60.00,40.00,3.00,SensorDegradation
35.3160,9,9,348,15.8146,0.0500,0.2167,27.6965,1.4268,0.0000,22.0000,0.0000,12.0000,13.3082,7,"","","-8.400:0.000:-6.725|-4.200:0.000:11.956|-22.000:0.000:-1.158|4.200:0.000:6.045|8.400:0.000:9.548","0.000:0.000:-0.800|0.000:0.000:-0.800|0.000:0.000:0.800|0.000:0.000:0.800|0.000:0.000:0.800","0.000:0.000:-5.703|20.000:0.000:6.489","0.000:0.000:-1.300|0.000:0.000:1.300",False,False,Moving,60.00,40.00,3.00,SensorDegradation
35.4176,9,9,349,15.8854,0.0500,0.3516,27.6965,1.6130,0.0000,22.0000,0.0000,12.0000,13.1558,7,"","","-8.400:0.000:-6.806|-4.200:0.000:11.875|-22.000:0.000:-1.077|4.200:0.000:6.126|8.400:0.000:9.630","0.000:0.000:-0.800|0.000:0.000:-0.800|0.000:0.000:0.800|0.000:0.000:0.800|0.000:0.000:0.800","0.000:0.000:-5.836|20.000:0.000:6.621","0.000:0.000:-1.300|0.000:0.000:1.300",False,False,Moving,60.00,40.00,3.00,SensorDegradation
35.5182,9,9,350,15.9555,0.0500,0.4852,27.6965,1.4293,0.0000,22.0000,0.0000,12.0000,13.0049,7,"","","-8.400:0.000:-6.886|-4.200:0.000:11.795|-22.000:0.000:-0.997|4.200:0.000:6.207|8.400:0.000:9.710","0.000:0.000:-0.800|0.000:0.000:-0.800|0.000:0.000:0.800|0.000:0.000:0.800|0.000:0.000:0.800","0.000:0.000:-5.966|20.000:0.000:6.751","0.000:0.000:-1.300|0.000:0.000:1.300",False,False,Moving,60.00,40.00,3.00,SensorDegradation
35.6195,9,9,351,16.0262,0.0500,0.6197,27.6965,1.4279,0.0000,22.0000,0.0000,12.0000,12.8530,7,"","","-8.400:0.000:-6.967|-4.200:0.000:11.714|-22.000:0.000:-0.916|4.200:0.000:6.288|8.400:0.000:9.791","0.000:0.000:-0.800|0.000:0.000:-0.800|0.000:0.000:0.800|0.000:0.000:0.800|0.000:0.000:0.800","0.000:0.000:-6.098|20.000:0.000:6.883","0.000:0.000:-1.300|0.000:0.000:1.300",False,False,Moving,60.00,40.00,3.00,SensorDegradation
35.7202,9,9,352,16.0964,0.0500,0.7536,27.6964,1.4192,0.0000,22.0000,0.0000,12.0000,12.7019,7,"","","-8.400:0.000:-7.048|-4.200:0.000:11.633|-22.000:0.000:-0.835|4.200:0.000:6.368|8.400:0.000:9.831","0.000:0.000:-0.800|0.000:0.000:-0.800|0.000:0.000:0.800|0.000:0.000:0.800|0.000:0.000:-0.800","0.000:0.000:-6.229|20.000:0.000:7.014","0.000:0.000:-1.300|0.000:0.000:1.300",False,False,Moving,60.00,40.00,3.00,SensorDegradation
35.8203,9,9,353,16.1662,0.0500,0.8864,27.6964,1.6140,0.0000,22.0000,0.0000,12.0000,12.5518,7,"","","-8.400:0.000:-7.128|-4.200:0.000:11.553|-22.000:0.000:-0.755|4.200:0.000:6.448|8.400:0.000:9.751","0.000:0.000:-0.800|0.000:0.000:-0.800|0.000:0.000:0.800|0.000:0.000:0.800|0.000:0.000:-0.800","0.000:0.000:-6.359|20.000:0.000:7.144","0.000:0.000:-1.300|0.000:0.000:1.300",False,False,Moving,60.00,40.00,3.00,SensorDegradation
35.9215,9,9,354,16.2367,0.0500,1.0209,27.6964,1.6163,0.0000,22.0000,0.0000,12.0000,12.4000,7,"","","-8.400:0.000:-7.209|-4.200:0.000:11.472|-22.000:0.000:-0.674|4.200:0.000:6.529|8.400:0.000:9.670","0.000:0.000:-0.800|0.000:0.000:-0.800|0.000:0.000:0.800|0.000:0.000:0.800|0.000:0.000:-0.800","0.000:0.000:-6.491|20.000:0.000:7.276","0.000:0.000:-1.300|0.000:0.000:1.300",False,False,Moving,60.00,40.00,3.00,SensorDegradation
36.0225,9,9,355,16.3071,0.0500,1.1549,27.6964,1.4391,0.0000,22.0000,0.0000,12.0000,12.2486,7,"","","-8.400:0.000:-7.290|-4.200:0.000:11.391|-22.000:0.000:-0.593|4.200:0.000:6.610|8.400:0.000:9.590","0.000:0.000:-0.800|0.000:0.000:-0.800|0.000:0.000:0.800|0.000:0.000:0.800|0.000:0.000:-0.800","0.000:0.000:-6.622|20.000:0.000:7.407","0.000:0.000:-1.300|0.000:0.000:1.300",False,False,Moving,60.00,40.00,3.00,SensorDegradation
36.1229,9,9,356,16.3771,0.0500,1.2883,27.6964,1.3066,0.0000,22.0000,0.0000,12.0000,12.0979,7,"","","-8.400:0.000:-7.370|-4.200:0.000:11.311|-22.000:0.000:-0.513|4.200:0.000:6.690|8.400:0.000:9.509","0.000:0.000:-0.800|0.000:0.000:-0.800|0.000:0.000:0.800|0.000:0.000:0.800|0.000:0.000:-0.800","0.000:0.000:-6.752|20.000:0.000:7.538","0.000:0.000:-1.300|0.000:0.000:1.300",False,False,Moving,60.00,40.00,3.00,SensorDegradation
36.2244,9,9,357,16.4479,0.0500,1.4231,27.6964,1.3536,0.0000,22.0000,0.0000,12.0000,11.9457,7,"","","-8.400:0.000:-7.451|-4.200:0.000:11.230|-22.000:0.000:-0.432|4.200:0.000:6.772|8.400:0.000:9.428","0.000:0.000:-0.800|0.000:0.000:-0.800|0.000:0.000:0.800|0.000:0.000:0.800|0.000:0.000:-0.800","0.000:0.000:-6.884|20.000:0.000:7.669","0.000:0.000:-1.300|0.000:0.000:1.300",False,False,Moving,60.00,40.00,3.00,SensorDegradation
36.3261,9,9,358,16.5188,0.0500,1.5583,27.6964,1.6083,0.0000,22.0000,0.0000,12.0000,11.7931,7,"","","-8.400:0.000:-7.533|-4.200:0.000:11.148|-22.000:0.000:-0.350|4.200:0.000:6.853|8.400:0.000:9.347","0.000:0.000:-0.800|0.000:0.000:-0.800|0.000:0.000:0.800|0.000:0.000:0.800|0.000:0.000:-0.800","0.000:0.000:-7.017|20.000:0.000:7.802","0.000:0.000:-1.300|0.000:0.000:1.300",False,False,Moving,60.00,40.00,3.00,SensorDegradation
36.4284,9,9,359,16.5901,0.0500,1.6940,27.6964,1.5779,0.0000,22.0000,0.0000,12.0000,11.6397,7,"","","-8.400:0.000:-7.614|-4.200:0.000:11.067|-22.000:0.000:-0.268|4.200:0.000:6.935|8.400:0.000:9.265","0.000:0.000:-0.800|0.000:0.000:-0.800|0.000:0.000:0.800|0.000:0.000:0.800|0.000:0.000:-0.800","0.000:0.000:-7.150|20.000:0.000:7.769","0.000:0.000:-1.300|0.000:0.000:-1.300",False,False,Moving,60.00,40.00,3.00,SensorDegradation
36.5288,9,9,360,16.6601,0.0500,1.8274,27.6964,1.5051,0.0000,22.0000,0.0000,12.0000,11.4890,7,"","","-8.400:0.000:-7.695|-4.200:0.000:10.986|-22.000:0.000:-0.188|4.200:0.000:7.015|8.400:0.000:9.185","0.000:0.000:-0.800|0.000:0.000:-0.800|0.000:0.000:0.800|0.000:0.000:0.800|0.000:0.000:-0.800","0.000:0.000:-7.280|20.000:0.000:7.639","0.000:0.000:-1.300|0.000:0.000:-1.300",False,False,Moving,60.00,40.00,3.00,SensorDegradation
36.6303,9,9,361,16.7309,0.0500,1.9622,27.6964,1.3542,0.0000,22.0000,0.0000,12.0000,11.3368,7,"","","-8.400:0.000:-7.776|-4.200:0.000:10.905|-22.000:0.000:-0.107|4.200:0.000:7.096|8.400:0.000:9.103","0.000:0.000:-0.800|0.000:0.000:-0.800|0.000:0.000:0.800|0.000:0.000:0.800|0.000:0.000:-0.800","0.000:0.000:-7.412|20.000:0.000:7.507","0.000:0.000:-1.300|0.000:0.000:-1.300",False,False,Moving,60.00,40.00,3.00,SensorDegradation
36.7314,9,9,362,16.8013,0.0500,2.0964,27.6964,1.5213,0.0000,22.0000,0.0000,12.0000,11.1853,7,"","","-8.400:0.000:-7.857|-4.200:0.000:10.824|-22.000:0.000:-0.026|4.200:0.000:7.177|8.400:0.000:9.023","0.000:0.000:-0.800|0.000:0.000:-0.800|0.000:0.000:0.800|0.000:0.000:0.800|0.000:0.000:-0.800","0.000:0.000:-7.543|20.000:0.000:7.376","0.000:0.000:-1.300|0.000:0.000:-1.300",False,False,Moving,60.00,40.00,3.00,SensorDegradation
36.8326,9,9,363,16.8719,0.0500,2.2308,27.6964,1.5931,0.0000,22.0000,0.0000,12.0000,11.0334,7,"","","-8.400:0.000:-7.938|-4.200:0.000:10.743|-22.000:0.000:0.055|4.200:0.000:7.258|8.400:0.000:8.942","0.000:0.000:-0.800|0.000:0.000:-0.800|0.000:0.000:0.800|0.000:0.000:0.800|0.000:0.000:-0.800","0.000:0.000:-7.675|20.000:0.000:7.244","0.000:0.000:-1.300|0.000:0.000:-1.300",False,False,Moving,60.00,40.00,3.00,SensorDegradation
36.9328,9,9,364,16.9417,0.0500,2.3639,27.6964,1.5374,0.0000,22.0000,0.0000,12.0000,10.8831,7,"","","-8.400:0.000:-8.018|-4.200:0.000:10.663|-22.000:0.000:0.135|4.200:0.000:7.338|8.400:0.000:8.861","0.000:0.000:-0.800|0.000:0.000:-0.800|0.000:0.000:0.800|0.000:0.000:0.800|0.000:0.000:-0.800","0.000:0.000:-7.805|20.000:0.000:7.114","0.000:0.000:-1.300|0.000:0.000:-1.300",False,False,Moving,60.00,40.00,3.00,SensorDegradation
37.0353,9,9,365,17.0132,0.0500,2.5000,27.6964,1.6436,0.0000,22.0000,0.0000,12.0000,10.7295,7,"","","-8.400:0.000:-8.100|-4.200:0.000:10.581|-22.000:0.000:0.217|4.200:0.000:7.420|8.400:0.000:8.779","0.000:0.000:-0.800|0.000:0.000:-0.800|0.000:0.000:0.800|0.000:0.000:0.800|0.000:0.000:-0.800","0.000:0.000:-7.938|20.000:0.000:6.980","0.000:0.000:-1.300|0.000:0.000:-1.300",False,False,Moving,60.00,40.00,3.00,SensorDegradation
37.1374,9,9,366,17.0844,0.0500,2.6356,27.6964,1.4326,0.0000,22.0000,0.0000,12.0000,10.5763,7,"","","-8.400:0.000:-8.182|-4.200:0.000:10.499|-22.000:0.000:0.299|4.200:0.000:7.502|8.400:0.000:8.698","0.000:0.000:-0.800|0.000:0.000:-0.800|0.000:0.000:0.800|0.000:0.000:0.800|0.000:0.000:-0.800","0.000:0.000:-8.071|20.000:0.000:6.848","0.000:0.000:-1.300|0.000:0.000:-1.300",False,False,Moving,60.00,40.00,3.00,SensorDegradation
37.2387,9,9,367,17.1550,0.0500,2.7701,27.6964,1.5884,0.0000,22.0000,0.0000,12.0000,10.4244,7,"","","-8.400:0.000:-8.263|-4.200:0.000:10.418|-22.000:0.000:0.380|4.200:0.000:7.583|8.400:0.000:8.617","0.000:0.000:-0.800|0.000:0.000:-0.800|0.000:0.000:0.800|0.000:0.000:0.800|0.000:0.000:-0.800","0.000:0.000:-8.203|20.000:0.000:6.716","0.000:0.000:-1.300|0.000:0.000:-1.300",False,False,Moving,60.00,40.00,3.00,SensorDegradation
37.3410,9,9,368,17.2263,0.0500,2.9061,27.6964,1.4650,0.0000,22.0000,0.0000,12.0000,10.2708,7,"","","-8.400:0.000:-8.345|-4.200:0.000:10.336|-22.000:0.000:0.462|4.200:0.000:7.665|8.400:0.000:8.535","0.000:0.000:-0.800|0.000:0.000:-0.800|0.000:0.000:0.800|0.000:0.000:0.800|0.000:0.000:-0.800","0.000:0.000:-8.336|20.000:0.000:6.583","0.000:0.000:-1.300|0.000:0.000:-1.300",False,False,Moving,60.00,40.00,3.00,SensorDegradation
37.4434,9,9,369,17.2977,0.0500,3.0421,27.6964,1.6106,0.0000,22.0000,0.0000,12.0000,10.1173,7,"","","-8.400:0.000:-8.426|-4.200:0.000:10.254|-22.000:0.000:0.544|4.200:0.000:7.747|8.400:0.000:8.453","0.000:0.000:-0.800|0.000:0.000:-0.800|0.000:0.000:0.800|0.000:0.000:0.800|0.000:0.000:-0.800","0.000:0.000:-8.469|20.000:0.000:6.450","0.000:0.000:-1.300|0.000:0.000:-1.300",False,False,Moving,60.00,40.00,3.00,SensorDegradation
37.5457,9,9,370,17.3690,0.0500,3.1779,27.6964,1.5152,0.0000,22.0000,0.0000,12.0000,9.9638,7,"","","-8.400:0.000:-8.508|-4.200:0.000:10.173|-22.000:0.000:0.625|4.200:0.000:7.829|8.400:0.000:8.371","0.000:0.000:-0.800|0.000:0.000:-0.800|0.000:0.000:0.800|0.000:0.000:0.800|0.000:0.000:-0.800","0.000:0.000:-8.602|20.000:0.000:6.317","0.000:0.000:-1.300|0.000:0.000:-1.300",False,False,Moving,60.00,40.00,3.00,SensorDegradation
37.6477,9,9,371,17.4401,0.0500,3.3134,27.6964,1.6023,0.0000,22.0000,0.0000,12.0000,9.8108,7,"","","-8.400:0.000:-8.590|-4.200:0.000:10.091|-22.000:0.000:0.707|4.200:0.000:7.910|8.400:0.000:8.289","0.000:0.000:-0.800|0.000:0.000:-0.800|0.000:0.000:0.800|0.000:0.000:0.800|0.000:0.000:-0.800","0.000:0.000:-8.735|20.000:0.000:6.184","0.000:0.000:-1.300|0.000:0.000:-1.300",False,False,Moving,60.00,40.00,3.00,SensorDegradation
37.7495,9,9,372,17.5111,0.0500,3.4486,27.6964,1.5656,0.0000,22.0000,0.0000,12.0000,9.6581,7,"","","-8.400:0.000:-8.671|-4.200:0.000:10.010|-22.000:0.000:0.788|4.200:0.000:7.992|8.400:0.000:8.208","0.000:0.000:-0.800|0.000:0.000:-0.800|0.000:0.000:0.800|0.000:0.000:0.800|0.000:0.000:-0.800","0.000:0.000:-8.867|20.000:0.000:6.052","0.000:0.000:-1.300|0.000:0.000:-1.300",False,False,Moving,60.00,40.00,3.00,SensorDegradation
37.8513,9,9,373,17.5820,0.0500,3.5837,27.6964,1.5718,0.0000,22.0000,0.0000,12.0000,9.5055,7,"","","-8.400:0.000:-8.753|-4.200:0.000:9.928|-22.000:0.000:0.870|4.200:0.000:8.073|8.400:0.000:8.127","0.000:0.000:-0.800|0.000:0.000:-0.800|0.000:0.000:0.800|0.000:0.000:0.800|0.000:0.000:-0.800","0.000:0.000:-8.999|20.000:0.000:5.920","0.000:0.000:-1.300|0.000:0.000:-1.300",False,False,Moving,60.00,40.00,3.00,SensorDegradation
37.9531,9,9,374,17.6530,0.0500,3.7189,27.6964,1.4982,0.0000,22.0000,0.0000,12.0000,9.3528,7,"","","-8.400:0.000:-8.834|-4.200:0.000:9.847|-22.000:0.000:0.951|4.200:0.000:8.155|8.400:0.000:8.045","0.000:0.000:-0.800|0.000:0.000:-0.800|0.000:0.000:0.800|0.000:0.000:0.800|0.000:0.000:-0.800","0.000:0.000:-9.132|20.000:0.000:5.787","0.000:0.000:-1.300|0.000:0.000:-1.300",False,False,Moving,60.00,40.00,3.00,SensorDegradation
38.0540,9,9,375,17.7234,0.0500,3.8530,27.6964,1.5327,0.0000,22.0000,0.0000,12.0000,9.2014,7,"","","-8.400:0.000:-8.915|-4.200:0.000:9.766|-22.000:0.000:1.032|4.200:0.000:8.235|8.400:0.000:7.964","0.000:0.000:-0.800|0.000:0.000:-0.800|0.000:0.000:0.800|0.000:0.000:0.800|0.000:0.000:-0.800","0.000:0.000:-9.263|20.000:0.000:5.656","0.000:0.000:-1.300|0.000:0.000:-1.300",False,False,Moving,60.00,40.00,3.00,SensorDegradation
38.1562,9,9,376,17.7946,0.0500,3.9887,27.6964,1.4185,0.0000,22.0000,0.0000,12.0000,9.0481,7,"","","-8.400:0.000:-8.997|-4.200:0.000:9.684|-22.000:0.000:1.114|4.200:0.000:8.317|8.400:0.000:7.883","0.000:0.000:-0.800|0.000:0.000:-0.800|0.000:0.000:0.800|0.000:0.000:0.800|0.000:0.000:-0.800","0.000:0.000:-9.396|20.000:0.000:5.523","0.000:0.000:-1.300|0.000:0.000:-1.300",False,False,Moving,60.00,40.00,3.00,SensorDegradation
38.2583,9,9,377,17.8658,0.0500,4.1242,27.6964,1.6236,0.0000,22.0000,0.0000,12.0000,8.8951,7,"","","-8.400:0.000:-9.078|-4.200:0.000:9.603|-22.000:0.000:1.195|4.200:0.000:8.399|8.400:0.000:7.801","0.000:0.000:-0.800|0.000:0.000:-0.800|0.000:0.000:0.800|0.000:0.000:0.800|0.000:0.000:-0.800","0.000:0.000:-9.528|20.000:0.000:5.391","0.000:0.000:-1.300|0.000:0.000:-1.300",False,False,Moving,60.00,40.00,3.00,SensorDegradation
38.3595,9,9,378,17.9363,0.0500,4.2586,27.6963,1.5232,0.0000,22.0000,0.0000,12.0000,8.7433,7,"","","-8.400:0.000:-9.159|-4.200:0.000:9.522|-22.000:0.000:1.276|4.200:0.000:8.480|8.400:0.000:7.720","0.000:0.000:-0.800|0.000:0.000:-0.800|0.000:0.000:0.800|0.000:0.000:0.800|0.000:0.000:-0.800","0.000:0.000:-9.660|20.000:0.000:5.259","0.000:0.000:-1.300|0.000:0.000:-1.300",False,False,Moving,60.00,40.00,3.00,SensorDegradation
38.4597,9,9,379,18.0062,0.0500,4.3918,27.6963,1.5307,0.0000,22.0000,0.0000,12.0000,8.5929,7,"","","-8.400:0.000:-9.240|-4.200:0.000:9.441|-22.000:0.000:1.357|4.200:0.000:8.560|8.400:0.000:7.640","0.000:0.000:-0.800|0.000:0.000:-0.800|0.000:0.000:0.800|0.000:0.000:0.800|0.000:0.000:-0.800","0.000:0.000:-9.790|20.000:0.000:5.129","0.000:0.000:-1.300|0.000:0.000:-1.300",False,False,Moving,60.00,40.00,3.00,SensorDegradation
38.5623,9,9,380,18.0778,0.0500,4.5281,27.6963,1.3893,0.0000,22.0000,0.0000,12.0000,8.4390,7,"","","-8.400:0.000:-9.322|-4.200:0.000:9.359|-22.000:0.000:1.439|4.200:0.000:8.642|8.400:0.000:7.558","0.000:0.000:-0.800|0.000:0.000:-0.800|0.000:0.000:0.800|0.000:0.000:0.800|0.000:0.000:-0.800","0.000:0.000:-9.924|20.000:0.000:4.995","0.000:0.000:-1.300|0.000:0.000:-1.300",False,False,Moving,60.00,40.00,3.00,SensorDegradation
38.6633,9,9,381,18.1482,0.0500,4.6622,27.6963,1.5417,0.0000,22.0000,0.0000,12.0000,8.2875,7,"","","-8.400:0.000:-9.402|-4.200:0.000:9.279|-22.000:0.000:1.520|4.200:0.000:8.723|8.400:0.000:7.477","0.000:0.000:-0.800|0.000:0.000:-0.800|0.000:0.000:0.800|0.000:0.000:0.800|0.000:0.000:-0.800","0.000:0.000:-10.055|20.000:0.000:4.864","0.000:0.000:-1.300|0.000:0.000:-1.300",False,False,Moving,60.00,40.00,3.00,SensorDegradation
38.7657,9,9,382,18.2196,0.0500,4.7982,27.6963,1.6009,0.0000,22.0000,0.0000,12.0000,8.1339,7,"","","-8.400:0.000:-9.484|-4.200:0.000:9.197|-22.000:0.000:1.601|4.200:0.000:8.805|8.400:0.000:7.395","0.000:0.000:-0.800|0.000:0.000:-0.800|0.000:0.000:0.800|0.000:0.000:0.800|0.000:0.000:-0.800","0.000:0.000:-10.188|20.000:0.000:4.731","0.000:0.000:-1.300|0.000:0.000:-1.300",False,False,Moving,60.00,40.00,3.00,SensorDegradation
38.8675,9,9,383,18.2905,0.0500,4.9334,27.6963,1.5143,0.0000,22.0000,0.0000,12.0000,7.9812,7,"","","-8.400:0.000:-9.566|-4.200:0.000:9.115|-22.000:0.000:1.683|4.200:0.000:8.886|8.400:0.000:7.314","0.000:0.000:-0.800|0.000:0.000:-0.800|0.000:0.000:0.800|0.000:0.000:0.800|0.000:0.000:-0.800","0.000:0.000:-10.320|20.000:0.000:4.598","0.000:0.000:-1.300|0.000:0.000:-1.300",False,False,Moving,60.00,40.00,3.00,SensorDegradation
38.9686,9,9,384,18.3610,0.0500,5.0676,27.6963,1.6527,0.0000,22.0000,0.0000,12.0000,7.8296,7,"","","-8.400:0.000:-9.647|-4.200:0.000:9.034|-22.000:0.000:1.764|4.200:0.000:8.967|8.400:0.000:7.233","0.000:0.000:-0.800|0.000:0.000:-0.800|0.000:0.000:0.800|0.000:0.000:0.800|0.000:0.000:-0.800","0.000:0.000:-10.452|20.000:0.000:4.467","0.000:0.000:-1.300|0.000:0.000:-1.300",False,False,Moving,60.00,40.00,3.00,SensorDegradation
39.0709,9,9,385,18.4323,0.0500,5.2034,27.6963,1.5536,0.0000,22.0000,0.0000,12.0000,7.6763,7,"","","-8.400:0.000:-9.728|-4.200:0.000:8.953|-22.000:0.000:1.846|4.200:0.000:9.049|8.400:0.000:7.151","0.000:0.000:-0.800|0.000:0.000:-0.800|0.000:0.000:0.800|0.000:0.000:0.800|0.000:0.000:-0.800","0.000:0.000:-10.585|20.000:0.000:4.334","0.000:0.000:-1.300|0.000:0.000:-1.300",False,False,Moving,60.00,40.00,3.00,SensorDegradation
39.1716,9,9,386,18.5025,0.0500,5.3372,27.6963,1.4949,0.0000,22.0000,0.0000,12.0000,7.5251,7,"","","-8.400:0.000:-9.809|-4.200:0.000:8.872|-22.000:0.000:1.926|4.200:0.000:9.129|8.400:0.000:7.070","0.000:0.000:-0.800|0.000:0.000:-0.800|0.000:0.000:0.800|0.000:0.000:0.800|0.000:0.000:-0.800","0.000:0.000:-10.716|20.000:0.000:4.203","0.000:0.000:-1.300|0.000:0.000:-1.300",False,False,Moving,60.00,40.00,3.00,SensorDegradation
39.2731,9,9,387,18.5733,0.0500,5.4720,27.6963,1.4963,0.0000,22.0000,0.0000,12.0000,7.3729,7,"","","-8.400:0.000:-9.816|-4.200:0.000:8.791|-22.000:0.000:2.007|4.200:0.000:9.211|8.400:0.000:6.989","0.000:0.000:0.800|0.000:0.000:-0.800|0.000:0.000:0.800|0.000:0.000:0.800|0.000:0.000:-0.800","0.000:0.000:-10.848|20.000:0.000:4.071","0.000:0.000:-1.300|0.000:0.000:-1.300",False,False,Moving,60.00,40.00,3.00,SensorDegradation
39.3745,9,9,388,18.6439,0.0500,5.6066,27.6963,1.4732,0.0000,22.0000,0.0000,12.0000,7.2209,7,"","","-8.400:0.000:-9.735|-4.200:0.000:8.710|-22.000:0.000:2.088|4.200:0.000:9.292|8.400:0.000:6.908","0.000:0.000:0.800|0.000:0.000:-0.800|0.000:0.000:0.800|0.000:0.000:0.800|0.000:0.000:-0.800","0.000:0.000:-10.979|20.000:0.000:3.939","0.000:0.000:-1.300|0.000:0.000:-1.300",False,False,Moving,60.00,40.00,3.00,SensorDegradation
39.4749,9,9,389,18.7139,0.0500,5.7399,27.6963,1.6422,0.0000,22.0000,0.0000,12.0000,7.0703,7,"","","-8.400:0.000:-9.654|-4.200:0.000:8.629|-22.000:0.000:2.169|4.200:0.000:9.372|8.400:0.000:6.828","0.000:0.000:0.800|0.000:0.000:-0.800|0.000:0.000:0.800|0.000:0.000:0.800|0.000:0.000:-0.800","0.000:0.000:-11.110|20.000:0.000:3.809","0.000:0.000:-1.300|0.000:0.000:-1.300",False,False,Moving,60.00,40.00,3.00,SensorDegradation
39.5757,9,9,390,18.7842,0.0500,5.8737,27.6963,1.4332,0.0000,22.0000,0.0000,12.0000,6.9192,7,"","","-8.400:0.000:-9.574|-4.200:0.000:8.549|-22.000:0.000:2.249|4.200:0.000:9.453|8.400:0.000:6.747","0.000:0.000:0.800|0.000:0.000:-0.800|0.000:0.000:0.800|0.000:0.000:0.800|0.000:0.000:-0.800","0.000:0.000:-11.241|20.000:0.000:3.678","0.000:0.000:-1.300|0.000:0.000:-1.300",False,False,Moving,60.00,40.00,3.00,SensorDegradation
39.6770,9,9,391,18.8548,0.0500,6.0084,27.6963,1.4538,0.0000,22.0000,0.0000,12.0000,6.7671,7,"","","-8.400:0.000:-9.493|-4.200:0.000:8.468|-22.000:0.000:2.330|4.200:0.000:9.534|8.400:0.000:6.666","0.000:0.000:0.800|0.000:0.000:-0.800|0.000:0.000:0.800|0.000:0.000:0.800|0.000:0.000:-0.800","0.000:0.000:-11.373|20.000:0.000:3.546","0.000:0.000:-1.300|0.000:0.000:-1.300",False,False,Moving,60.00,40.00,3.00,SensorDegradation
39.7790,9,9,392,18.9259,0.0500,6.1438,27.6963,1.4221,0.0000,22.0000,0.0000,12.0000,6.6142,7,"","","-8.400:0.000:-9.411|-4.200:0.000:8.386|-22.000:0.000:2.412|4.200:0.000:9.615|8.400:0.000:6.584","0.000:0.000:0.800|0.000:0.000:-0.800|0.000:0.000:0.800|0.000:0.000:0.800|0.000:0.000:-0.800","0.000:0.000:-11.505|20.000:0.000:3.414","0.000:0.000:-1.300|0.000:0.000:-1.300",False,False,Moving,60.00,40.00,3.00,SensorDegradation
39.8816,9,9,393,18.9975,0.0500,6.2801,27.6963,1.5954,0.0000,22.0000,0.0000,12.0000,6.4603,7,"","","-8.400:0.000:-9.329|-4.200:0.000:8.304|-22.000:0.000:2.494|4.200:0.000:9.697|8.400:0.000:6.502","0.000:0.000:0.800|0.000:0.000:-0.800|0.000:0.000:0.800|0.000:0.000:0.800|0.000:0.000:-0.800","0.000:0.000:-11.639|20.000:0.000:3.280","0.000:0.000:-1.300|0.000:0.000:-1.300",False,False,Moving,60.00,40.00,3.00,SensorDegradation
39.9831,9,9,394,19.0682,0.0500,6.4148,27.6963,1.4843,0.0000,22.0000,0.0000,12.0000,6.3082,7,"","","-8.400:0.000:-9.248|-4.200:0.000:8.223|-22.000:0.000:2.575|4.200:0.000:9.779|8.400:0.000:6.421","0.000:0.000:0.800|0.000:0.000:-0.800|0.000:0.000:0.800|0.000:0.000:0.800|0.000:0.000:-0.800","0.000:0.000:-11.771|20.000:0.000:3.148","0.000:0.000:-1.300|0.000:0.000:-1.300",False,False,Moving,60.00,40.00,3.00,SensorDegradation
40.0839,9,9,395,19.1385,0.0500,6.5487,27.6963,1.4643,0.0000,22.0000,0.0000,12.0000,6.1569,7,"","","-8.400:0.000:-9.167|-4.200:0.000:8.142|-22.000:0.000:2.656|4.200:0.000:9.859|8.400:0.000:6.341","0.000:0.000:0.800|0.000:0.000:-0.800|0.000:0.000:0.800|0.000:0.000:0.800|0.000:0.000:-0.800","0.000:0.000:-11.902|20.000:0.000:3.017","0.000:0.000:-1.300|0.000:0.000:-1.300",False,False,Moving,60.00,40.00,3.00,SensorDegradation
40.1849,9,9,396,19.2089,0.0500,6.6828,27.6963,1.3973,0.0000,22.0000,0.0000,12.0000,6.0055,7,"","","-8.400:0.000:-9.086|-4.200:0.000:8.061|-22.000:0.000:2.737|4.200:0.000:9.940|8.400:0.000:6.260","0.000:0.000:0.800|0.000:0.000:-0.800|0.000:0.000:0.800|0.000:0.000:0.800|0.000:0.000:-0.800","0.000:0.000:-12.033|20.000:0.000:2.886","0.000:0.000:-1.300|0.000:0.000:-1.300",False,False,Moving,60.00,40.00,3.00,SensorDegradation
40.2852,9,9,397,19.2788,0.0500,6.8159,27.6963,1.5149,0.0000,22.0000,0.0000,12.0000,5.8551,7,"","","-8.400:0.000:-9.006|-4.200:0.000:7.981|-22.000:0.000:2.817|4.200:0.000:10.020|8.400:0.000:6.179","0.000:0.000:0.800|0.000:0.000:-0.800|0.000:0.000:0.800|0.000:0.000:0.800|0.000:0.000:-0.800","0.000:0.000:-12.163|20.000:0.000:2.756","0.000:0.000:-1.300|0.000:0.000:-1.300",False,False,Moving,60.00,40.00,3.00,SensorDegradation
40.3857,9,9,398,19.3488,0.0500,6.9495,27.6963,1.4845,0.0000,22.0000,0.0000,12.0000,5.7043,7,"","","-8.400:0.000:-8.926|-4.200:0.000:7.901|-22.000:0.000:2.897|4.200:0.000:10.101|8.400:0.000:6.099","0.000:0.000:0.800|0.000:0.000:-0.800|0.000:0.000:0.800|0.000:0.000:0.800|0.000:0.000:-0.800","0.000:0.000:-12.294|20.000:0.000:2.625","0.000:0.000:-1.300|0.000:0.000:-1.300",False,False,Moving,60.00,40.00,3.00,SensorDegradation
40.4884,9,9,399,19.4204,0.0500,7.0858,27.6963,1.5336,0.0000,22.0000,0.0000,12.0000,5.5503,7,"","","-8.400:0.000:-8.844|-4.200:0.000:7.819|-22.000:0.000:2.980|4.200:0.000:10.183|8.400:0.000:6.017","0.000:0.000:0.800|0.000:0.000:-0.800|0.000:0.000:0.800|0.000:0.000:0.800|0.000:0.000:-0.800","0.000:0.000:-12.428|20.000:0.000:2.491","0.000:0.000:-1.300|0.000:0.000:-1.300",False,False,Moving,60.00,40.00,3.00,SensorDegradation
40.5905,9,9,400,19.4916,0.0500,7.2214,27.6963,1.4694,0.0000,22.0000,0.0000,12.0000,5.3972,7,"","","-8.400:0.000:-8.762|-4.200:0.000:7.737|-22.000:0.000:3.061|4.200:0.000:10.265|8.400:0.000:5.935","0.000:0.000:0.800|0.000:0.000:-0.800|0.000:0.000:0.800|0.000:0.000:0.800|0.000:0.000:-0.800","0.000:0.000:-12.560|20.000:0.000:2.359","0.000:0.000:-1.300|0.000:0.000:-1.300",False,False,Moving,60.00,40.00,3.00,SensorDegradation
40.6913,9,9,401,19.5618,0.0500,7.3552,27.6963,1.5857,0.0000,22.0000,0.0000,12.0000,5.2461,7,"","","-8.400:0.000:-8.681|-4.200:0.000:7.656|-22.000:0.000:3.142|4.200:0.000:10.345|8.400:0.000:5.855","0.000:0.000:0.800|0.000:0.000:-0.800|0.000:0.000:0.800|0.000:0.000:0.800|0.000:0.000:-0.800","0.000:0.000:-12.691|20.000:0.000:2.228","0.000:0.000:-1.300|0.000:0.000:-1.300",False,False,Moving,60.00,40.00,3.00,SensorDegradation
40.7923,9,9,402,19.6323,0.0500,7.4894,27.6963,1.4922,0.0000,22.0000,0.0000,12.0000,5.0945,7,"","","-8.400:0.000:-8.600|-4.200:0.000:7.575|-22.000:0.000:3.223|4.200:0.000:10.426|8.400:0.000:5.774","0.000:0.000:0.800|0.000:0.000:-0.800|0.000:0.000:0.800|0.000:0.000:0.800|0.000:0.000:-0.800","0.000:0.000:-12.823|20.000:0.000:2.096","0.000:0.000:-1.300|0.000:0.000:-1.300",False,False,Moving,60.00,40.00,3.00,SensorDegradation
40.8936,9,9,403,19.7029,0.0500,7.6239,27.6963,1.3994,0.0000,22.0000,0.0000,12.0000,4.9426,7,"","","-8.400:0.000:-8.519|-4.200:0.000:7.494|-22.000:0.000:3.304|4.200:0.000:10.507|8.400:0.000:5.693","0.000:0.000:0.800|0.000:0.000:-0.800|0.000:0.000:0.800|0.000:0.000:0.800|0.000:0.000:-0.800","0.000:0.000:-12.954|20.000:0.000:1.965","0.000:0.000:-1.300|0.000:0.000:-1.300",False,False,Moving,60.00,40.00,3.00,SensorDegradation
40.9958,9,9,404,19.7741,0.0500,7.7596,27.6963,1.5299,0.0000,22.0000,0.0000,12.0000,4.7893,7,"","","-8.400:0.000:-8.438|-4.200:0.000:7.413|-22.000:0.000:3.386|4.200:0.000:10.589|8.400:0.000:5.611","0.000:0.000:0.800|0.000:0.000:-0.800|0.000:0.000:0.800|0.000:0.000:0.800|0.000:0.000:-0.800","0.000:0.000:-13.087|20.000:0.000:1.832","0.000:0.000:-1.300|0.000:0.000:-1.300",False,False,Moving,60.00,40.00,3.00,SensorDegradation
41.0972,9,9,405,19.8447,0.0500,7.8942,27.6963,1.5681,0.0000,22.0000,0.0000,12.0000,4.6374,7,"","","-8.400:0.000:-8.357|-4.200:0.000:7.331|-22.000:0.000:3.467|4.200:0.000:10.670|8.400:0.000:5.530","0.000:0.000:0.800|0.000:0.000:-0.800|0.000:0.000:0.800|0.000:0.000:0.800|0.000:0.000:-0.800","0.000:0.000:-13.219|20.000:0.000:1.700","0.000:0.000:-1.300|0.000:0.000:-1.300",False,False,Moving,60.00,40.00,3.00,SensorDegradation
41.1979,9,9,406,19.9149,0.0500,8.0279,27.6963,1.5469,0.0000,22.0000,0.0000,12.0000,4.4864,7,"","","-8.400:0.000:-8.276|-4.200:0.000:7.251|-22.000:0.000:3.547|4.200:0.000:10.750|8.400:0.000:5.449","0.000:0.000:0.800|0.000:0.000:-0.800|0.000:0.000:0.800|0.000:0.000:0.800|0.000:0.000:-0.800","0.000:0.000:-13.350|20.000:0.000:1.569","0.000:0.000:-1.300|0.000:0.000:-1.300",False,False,Moving,60.00,40.00,3.00,SensorDegradation
41.2996,9,9,407,19.9858,0.0500,8.1630,27.6963,1.5257,0.0001,22.0000,0.0000,12.0000,4.3338,7,"","","-8.400:0.000:-8.195|-4.200:0.000:7.170|-22.000:0.000:3.629|4.200:0.000:10.832|8.400:0.000:5.368","0.000:0.000:0.800|0.000:0.000:-0.800|0.000:0.000:0.800|0.000:0.000:0.800|0.000:0.000:-0.800","0.000:0.000:-13.230|20.000:0.000:1.437","0.000:0.000:1.300|0.000:0.000:-1.300",False,False,Moving,60.00,40.00,3.00,SensorDegradation
41.3998,9,9,408,20.0556,0.0500,8.2960,27.6963,1.5272,0.0003,22.0000,0.0000,12.0000,4.1836,7,"","","-8.400:0.000:-8.114|-4.200:0.000:7.089|-22.000:0.000:3.709|4.200:0.000:10.912|8.400:0.000:5.288","0.000:0.000:0.800|0.000:0.000:-0.800|0.000:0.000:0.800|0.000:0.000:0.800|0.000:0.000:-0.800","0.000:0.000:-13.100|20.000:0.000:1.307","0.000:0.000:1.300|0.000:0.000:-1.300",False,False,Moving,60.00,40.00,3.00,SensorDegradation
41.5017,9,9,409,20.1267,0.0500,8.4313,27.6963,1.4737,0.0004,22.0000,0.0000,12.0000,4.0308,7,"","","-8.400:0.000:-8.033|-4.200:0.000:7.008|-22.000:0.000:3.790|4.200:0.000:10.994|8.400:0.000:5.206","0.000:0.000:0.800|0.000:0.000:-0.800|0.000:0.000:0.800|0.000:0.000:0.800|0.000:0.000:-0.800","0.000:0.000:-12.967|20.000:0.000:1.174","0.000:0.000:1.300|0.000:0.000:-1.300",False,False,Moving,60.00,40.00,3.00,SensorDegradation
41.6021,9,9,410,20.1967,0.0500,8.5647,27.6964,1.4945,0.0007,22.0000,0.0000,12.0000,3.8802,7,"","","-8.400:0.000:-7.953|-4.200:0.000:6.927|-22.000:0.000:3.871|4.200:0.000:11.074|8.400:0.000:5.126","0.000:0.000:0.800|0.000:0.000:-0.800|0.000:0.000:0.800|0.000:0.000:0.800|0.000:0.000:-0.800","0.000:0.000:-12.836|20.000:0.000:1.043","0.000:0.000:1.300|0.000:0.000:-1.300",False,False,Moving,60.00,40.00,3.00,SensorDegradation
41.7034,9,9,411,20.2672,0.0500,8.6991,27.6964,1.4822,0.0007,22.0000,0.0000,12.0000,3.7284,7,"","","-8.400:0.000:-7.872|-4.200:0.000:6.846|-22.000:0.000:3.952|4.200:0.000:11.155|8.400:0.000:5.045","0.000:0.000:0.800|0.000:0.000:-0.800|0.000:0.000:0.800|0.000:0.000:0.800|0.000:0.000:-0.800","0.000:0.000:-12.705|20.000:0.000:0.912","0.000:0.000:1.300|0.000:0.000:-1.300",False,False,Moving,60.00,40.00,3.00,SensorDegradation
41.8045,9,9,412,20.3377,0.0500,8.8333,27.6965,1.4738,0.0004,22.0000,0.0000,12.0000,3.5768,7,"","","-8.400:0.000:-7.791|-4.200:0.000:6.766|-22.000:0.000:4.032|4.200:0.000:11.236|8.400:0.000:4.964","0.000:0.000:0.800|0.000:0.000:-0.800|0.000:0.000:0.800|0.000:0.000:0.800|0.000:0.000:-0.800","0.000:0.000:-12.573|20.000:0.000:0.780","0.000:0.000:1.300|0.000:0.000:-1.300",False,False,Moving,60.00,40.00,3.00,SensorDegradation
41.9049,9,9,413,20.4077,0.0500,8.9666,27.6965,1.5057,0.0001,22.0000,0.0000,12.0000,3.4263,7,"","","-8.400:0.000:-7.710|-4.200:0.000:6.685|-22.000:0.000:4.113|4.200:0.000:11.316|8.400:0.000:4.884","0.000:0.000:0.800|0.000:0.000:-0.800|0.000:0.000:0.800|0.000:0.000:0.800|0.000:0.000:-0.800","0.000:0.000:-12.443|20.000:0.000:0.650","0.000:0.000:1.300|0.000:0.000:-1.300",False,False,Moving,60.00,40.00,3.00,SensorDegradation
42.0067,9,9,414,20.4786,0.0500,9.1017,27.6965,1.5748,0.0000,22.0000,0.0000,12.0000,3.2737,7,"","","-8.400:0.000:-7.629|-4.200:0.000:6.604|-22.000:0.000:4.194|4.200:0.000:11.398|8.400:0.000:4.802","0.000:0.000:0.800|0.000:0.000:-0.800|0.000:0.000:0.800|0.000:0.000:0.800|0.000:0.000:-0.800","0.000:0.000:-12.311|20.000:0.000:0.517","0.000:0.000:1.300|0.000:0.000:-1.300",False,False,Moving,60.00,40.00,3.00,SensorDegradation
42.1090,9,9,415,20.5499,0.0500,9.2375,27.6965,1.5034,0.0000,22.0000,0.0000,12.0000,3.1204,7,"","","-8.400:0.000:-7.547|-4.200:0.000:6.522|-22.000:0.000:4.276|4.200:0.000:11.479|8.400:0.000:4.720","0.000:0.000:0.800|0.000:0.000:-0.800|0.000:0.000:0.800|0.000:0.000:0.800|0.000:0.000:-0.800","0.000:0.000:-12.178|20.000:0.000:0.385","0.000:0.000:1.300|0.000:0.000:-1.300",False,False,Moving,60.00,40.00,3.00,SensorDegradation
42.2092,9,9,416,20.6197,0.0500,9.3704,27.6965,1.4565,0.0000,22.0000,0.0000,12.0000,2.9703,7,"","","-8.400:0.000:-7.467|-4.200:0.000:6.442|-22.000:0.000:4.356|4.200:0.000:11.560|8.400:0.000:4.640","0.000:0.000:0.800|0.000:0.000:-0.800|0.000:0.000:0.800|0.000:0.000:0.800|0.000:0.000:-0.800","0.000:0.000:-12.047|20.000:0.000:0.254","0.000:0.000:1.300|0.000:0.000:-1.300",False,False,Moving,60.00,40.00,3.00,SensorDegradation
42.3105,9,9,417,20.6903,0.0500,9.5049,27.6965,1.5682,0.0000,22.0000,0.0000,12.0000,2.8184,7,"","","-8.400:0.000:-7.386|-4.200:0.000:6.361|-22.000:0.000:4.437|4.200:0.000:11.641|8.400:0.000:4.559","0.000:0.000:0.800|0.000:0.000:-0.800|0.000:0.000:0.800|0.000:0.000:0.800|0.000:0.000:-0.800","0.000:0.000:-11.916|20.000:0.000:0.123","0.000:0.000:1.300|0.000:0.000:-1.300",False,False,Moving,60.00,40.00,3.00,SensorDegradation
42.4124,9,9,418,20.7612,0.0500,9.6401,27.6965,1.5357,0.0006,22.0000,0.0000,12.0000,2.6657,7,"","","-8.400:0.000:-7.304|-4.200:0.000:6.279|-22.000:0.000:4.519|4.200:0.000:11.722|8.400:0.000:4.478","0.000:0.000:0.800|0.000:0.000:-0.800|0.000:0.000:0.800|0.000:0.000:0.800|0.000:0.000:-0.800","0.000:0.000:-11.783|20.000:0.000:-0.010","0.000:0.000:1.300|0.000:0.000:-1.300",False,False,Moving,60.00,40.00,3.00,SensorDegradation
42.5147,9,9,419,20.8325,0.0500,9.7759,27.6966,1.5178,0.0004,22.0000,0.0000,12.0000,2.5125,7,"","","-8.400:0.000:-7.223|-4.200:0.000:6.197|-22.000:0.000:4.601|4.200:0.000:11.804|8.400:0.000:4.396","0.000:0.000:0.800|0.000:0.000:-0.800|0.000:0.000:0.800|0.000:0.000:0.800|0.000:0.000:-0.800","0.000:0.000:-11.650|20.000:0.000:-0.143","0.000:0.000:1.300|0.000:0.000:-1.300",False,False,Moving,60.00,40.00,3.00,SensorDegradation
42.6147,9,9,420,20.9021,0.0500,9.9085,27.6966,1.3662,0.0005,22.0000,0.0000,12.0000,2.3626,7,"","","-8.400:0.000:-7.143|-4.200:0.000:6.117|-22.000:0.000:4.681|4.200:0.000:11.884|8.400:0.000:4.316","0.000:0.000:0.800|0.000:0.000:-0.800|0.000:0.000:0.800|0.000:0.000:0.800|0.000:0.000:-0.800","0.000:0.000:-11.520|20.000:0.000:-0.273","0.000:0.000:1.300|0.000:0.000:-1.300",False,False,Moving,60.00,40.00,3.00,SensorDegradation
42.7172,9,9,421,20.9735,0.0500,10.0446,27.6966,1.4568,0.0001,22.0000,0.0000,12.0000,2.2090,7,"","","-8.400:0.000:-7.060|-4.200:0.000:6.035|-22.000:0.000:4.763|4.200:0.000:11.966|8.400:0.000:4.234","0.000:0.000:0.800|0.000:0.000:-0.800|0.000:0.000:0.800|0.000:0.000:0.800|0.000:0.000:-0.800","0.000:0.000:-11.387|20.000:0.000:-0.406","0.000:0.000:1.300|0.000:0.000:-1.300",False,False,Moving,60.00,40.00,3.00,SensorDegradation
42.8180,9,9,422,21.0437,0.0513,10.1783,27.6966,1.5944,0.0000,22.0000,0.0000,12.0000,2.0581,7,"","","-8.400:0.000:-6.980|-4.200:0.000:5.955|-22.000:0.000:4.843|4.200:0.000:12.047|8.400:0.000:4.153","0.000:0.000:0.800|0.000:0.000:-0.800|0.000:0.000:0.800|0.000:0.000:0.800|0.000:0.000:-0.800","0.000:0.000:-11.256|20.000:0.000:-0.537","0.000:0.000:1.300|0.000:0.000:-1.300",False,False,Moving,60.00,40.00,3.00,SensorDegradation
42.9185,9,9,423,21.1137,0.0592,10.3115,27.6966,1.4054,0.0000,22.0000,0.0000,12.0000,1.9079,7,"","","-8.400:0.000:-6.899|-4.200:0.000:5.874|-22.000:0.000:4.924|4.200:0.000:12.127|8.400:0.000:4.073","0.000:0.000:0.800|0.000:0.000:-0.800|0.000:0.000:0.800|0.000:0.000:0.800|0.000:0.000:-0.800","0.000:0.000:-11.125|20.000:0.000:-0.668","0.000:0.000:1.300|0.000:0.000:-1.300",False,False,Moving,60.00,40.00,3.00,SensorDegradation
43.0215,9,9,424,21.1854,0.0672,10.4482,27.6966,1.5055,0.0000,22.0000,0.0000,12.0000,1.7539,7,"","","-8.400:0.000:-6.817|-4.200:0.000:5.792|-22.000:0.000:5.006|4.200:0.000:12.209|8.400:0.000:3.990","0.000:0.000:0.800|0.000:0.000:-0.800|0.000:0.000:0.800|0.000:0.000:0.800|0.000:0.000:-0.800","0.000:0.000:-10.991|20.000:0.000:-0.802","0.000:0.000:1.300|0.000:0.000:-1.300",False,False,Moving,60.00,40.00,3.00,SensorDegradation
43.1258,9,9,425,21.2580,0.0754,10.5864,27.6965,1.3891,0.0000,22.0000,0.0000,12.0000,1.5983,7,"","","-8.400:0.000:-6.734|-4.200:0.000:5.709|-22.000:0.000:5.089|4.200:0.000:12.293|8.400:0.000:3.907","0.000:0.000:0.800|0.000:0.000:-0.800|0.000:0.000:0.800|0.000:0.000:0.800|0.000:0.000:-0.800","0.000:0.000:-10.856|20.000:0.000:-0.937","0.000:0.000:1.300|0.000:0.000:-1.300",False,False,Moving,60.00,40.00,3.00,SensorDegradation
43.2279,9,9,426,21.3291,0.0834,10.7219,27.6965,1.3604,0.0000,22.0000,0.0000,12.0000,1.4459,7,"","","-8.400:0.000:-6.652|-4.200:0.000:5.627|-22.000:0.000:5.171|4.200:0.000:12.374|8.400:0.000:3.825","0.000:0.000:0.800|0.000:0.000:-0.800|0.000:0.000:0.800|0.000:0.000:0.800|0.000:0.000:-0.800","0.000:0.000:-10.723|20.000:0.000:-1.070","0.000:0.000:1.300|0.000:0.000:-1.300",False,False,Moving,60.00,40.00,3.00,SensorDegradation
43.3315,9,9,427,21.4012,0.0916,10.8594,27.6965,1.4834,0.0000,22.0000,0.0000,12.0000,1.2915,7,"","","-8.400:0.000:-6.569|-4.200:0.000:5.544|-22.000:0.000:5.254|4.200:0.000:12.457|8.400:0.000:3.742","0.000:0.000:0.800|0.000:0.000:-0.800|0.000:0.000:0.800|0.000:0.000:0.800|0.000:0.000:-0.800","0.000:0.000:-10.588|20.000:0.000:-1.205","0.000:0.000:1.300|0.000:0.000:-1.300",False,False,Moving,60.00,40.00,3.00,SensorDegradation
43.4327,9,9,428,21.4717,0.0995,10.9935,27.6965,1.5153,0.0003,22.0000,0.0000,12.0000,1.1411,7,"","","-8.400:0.000:-6.488|-4.200:0.000:5.463|-22.000:0.000:5.335|4.200:0.000:12.538|8.400:0.000:3.661","0.000:0.000:0.800|0.000:0.000:-0.800|0.000:0.000:0.800|0.000:0.000:0.800|0.000:0.000:-0.800","0.000:0.000:-10.457|20.000:0.000:-1.336","0.000:0.000:1.300|0.000:0.000:-1.300",False,False,Moving,60.00,40.00,3.00,SensorDegradation
43.5329,9,9,429,21.5414,0.1074,11.1264,27.6965,1.4516,0.0000,22.0000,0.0000,12.0000,0.9925,7,"","","-8.400:0.000:-6.408|-4.200:0.000:5.383|-22.000:0.000:5.415|4.200:0.000:12.618|8.400:0.000:3.581","0.000:0.000:0.800|0.000:0.000:-0.800|0.000:0.000:0.800|0.000:0.000:0.800|0.000:0.000:-0.800","0.000:0.000:-10.327|20.000:0.000:-1.466","0.000:0.000:1.300|0.000:0.000:-1.300",False,False,Moving,60.00,40.00,3.00,SensorDegradation
43.6339,9,9,430,21.6118,0.1153,11.2605,27.6965,1.5045,0.0003,22.0000,0.0000,12.0000,0.8432,7,"","","-8.400:0.000:-6.327|-4.200:0.000:5.302|-22.000:0.000:5.496|4.200:0.000:12.699|8.400:0.000:3.500","0.000:0.000:0.800|0.000:0.000:-0.800|0.000:0.000:0.800|0.000:0.000:0.800|0.000:0.000:-0.800","0.000:0.000:-10.195|20.000:0.000:-1.598","0.000:0.000:1.300|0.000:0.000:-1.300",False,False,Moving,60.00,40.00,3.00,SensorDegradation
43.7357,9,9,431,21.6827,0.1233,11.3955,27.6966,1.4782,0.0002,22.0000,0.0000,12.0000,0.6938,7,"","","-8.400:0.000:-6.246|-4.200:0.000:5.221|-22.000:0.000:5.577|4.200:0.000:12.781|8.400:0.000:3.419","0.000:0.000:0.800|0.000:0.000:-0.800|0.000:0.000:0.800|0.000:0.000:0.800|0.000:0.000:-0.800","0.000:0.000:-10.063|20.000:0.000:-1.730","0.000:0.000:1.300|0.000:0.000:-1.300",False,False,Moving,60.00,40.00,3.00,SensorDegradation
43.8373,9,9,432,21.7489,0.1308,11.5217,27.6966,1.3967,0.0000,22.0000,0.0000,12.0000,0.5558,7,"","","-8.400:0.000:-6.164|-4.200:0.000:5.139|-22.000:0.000:5.659|4.200:0.000:12.862|8.400:0.000:3.338","0.000:0.000:0.800|0.000:0.000:-0.800|0.000:0.000:0.800|0.000:0.000:0.800|0.000:0.000:-0.800","0.000:0.000:-9.931|20.000:0.000:-1.862","0.000:0.000:1.300|0.000:0.000:-1.300",False,False,Moving,60.00,40.00,3.00,SensorDegradation
43.9375,9,9,433,21.8067,0.1373,11.6318,27.6967,1.2461,0.0011,22.0000,0.0000,12.0000,0.4379,7,"","","-8.400:0.000:-6.084|-4.200:0.000:5.059|-22.000:0.000:5.739|4.200:0.000:12.942|8.400:0.000:3.258","0.000:0.000:0.800|0.000:0.000:-0.800|0.000:0.000:0.800|0.000:0.000:0.800|0.000:0.000:-0.800","0.000:0.000:-9.800|20.000:0.000:-1.993","0.000:0.000:1.300|0.000:0.000:-1.300",False,False,Moving,60.00,40.00,3.00,SensorDegradation
44.0398,9,9,434,21.8580,0.1431,11.7295,27.6968,0.9199,0.0017,22.0000,0.0000,12.0000,0.3374,7,"","","-8.400:0.000:-6.002|-4.200:0.000:4.977|-22.000:0.000:5.821|4.200:0.000:13.024|8.400:0.000:3.176","0.000:0.000:0.800|0.000:0.000:-0.800|0.000:0.000:0.800|0.000:0.000:0.800|0.000:0.000:-0.800","0.000:0.000:-9.667|20.000:0.000:-2.126","0.000:0.000:1.300|0.000:0.000:-1.300",False,True,GoalReached,60.00,40.00,3.00,SensorDegradation
44.1418,9,9,435,21.9013,0.1479,11.8119,27.6970,0.9140,0.0015,22.0000,0.0000,12.0000,0.2588,7,"","","-8.400:0.000:-5.921|-4.200:0.000:4.896|-22.000:0.000:5.804|4.200:0.000:13.106|8.400:0.000:3.094","0.000:0.000:0.800|0.000:0.000:-0.800|0.000:0.000:-0.800|0.000:0.000:0.800|0.000:0.000:-0.800","0.000:0.000:-9.535|20.000:0.000:-2.258","0.000:0.000:1.300|0.000:0.000:-1.300",False,True,GoalReached,60.00,40.00,3.00,SensorDegradation
44.2433,9,9,436,21.9366,0.1519,11.8792,27.6971,0.7367,0.0010,22.0000,0.0000,12.0000,0.2042,7,"","","-8.400:0.000:-5.840|-4.200:0.000:4.815|-22.000:0.000:5.723|4.200:0.000:13.187|8.400:0.000:3.013","0.000:0.000:0.800|0.000:0.000:-0.800|0.000:0.000:-0.800|0.000:0.000:0.800|0.000:0.000:-0.800","0.000:0.000:-9.403|20.000:0.000:-2.390","0.000:0.000:1.300|0.000:0.000:-1.300",False,True,GoalReached,60.00,40.00,3.00,SensorDegradation
44.3454,9,9,437,21.9643,0.1550,11.9320,27.6971,0.5460,0.0000,22.0000,0.0000,12.0000,0.1730,7,"","","-8.400:0.000:-5.758|-4.200:0.000:4.733|-22.000:0.000:5.641|4.200:0.000:13.269|8.400:0.000:2.931","0.000:0.000:0.800|0.000:0.000:-0.800|0.000:0.000:-0.800|0.000:0.000:0.800|0.000:0.000:-0.800","0.000:0.000:-9.270|20.000:0.000:-2.523","0.000:0.000:1.300|0.000:0.000:-1.300",False,True,GoalReached,60.00,40.00,3.00,SensorDegradation
44.4476,9,9,438,21.9842,0.1573,11.9699,27.6969,0.3488,-0.0015,22.0000,0.0000,12.0000,0.1609,7,"","","-8.400:0.000:-5.676|-4.200:0.000:4.651|-22.000:0.000:5.559|4.200:0.000:13.350|8.400:0.000:2.849","0.000:0.000:0.800|0.000:0.000:-0.800|0.000:0.000:-0.800|0.000:0.000:0.800|0.000:0.000:-0.800","0.000:0.000:-9.137|20.000:0.000:-2.656","0.000:0.000:1.300|0.000:0.000:-1.300",False,True,GoalReached,60.00,40.00,3.00,SensorDegradation
44.5489,9,9,439,21.9961,0.1586,11.9925,27.6973,0.2013,0.0107,22.0000,0.0000,12.0000,0.1588,7,"","","-8.400:0.000:-5.595|-4.200:0.000:4.570|-22.000:0.000:5.478|4.200:0.000:13.271|8.400:0.000:2.768","0.000:0.000:0.800|0.000:0.000:-0.800|0.000:0.000:-0.800|0.000:0.000:-0.800|0.000:0.000:-0.800","0.000:0.000:-9.006|20.000:0.000:-2.787","0.000:0.000:1.300|0.000:0.000:-1.300",False,True,GoalReached,60.00,40.00,3.00,SensorDegradation
44.6499,9,9,440,22.0000,0.1591,12.0000,27.6995,0.0245,0.0620,22.0000,0.0000,12.0000,0.1591,7,"","","-8.400:0.000:-5.514|-4.200:0.000:4.489|-22.000:0.000:5.397|4.200:0.000:13.191|8.400:0.000:2.688","0.000:0.000:0.800|0.000:0.000:-0.800|0.000:0.000:-0.800|0.000:0.000:-0.800|0.000:0.000:-0.800","0.000:0.000:-8.874|20.000:0.000:-2.919","0.000:0.000:1.300|0.000:0.000:-1.300",False,True,GoalReached,60.00,40.00,3.00,SensorDegradation
44.7507,9,9,441,22.0000,0.1591,12.0000,27.6995,0.0000,0.0000,22.0000,0.0000,12.0000,0.1591,7,"","","-8.400:0.000:-5.434|-4.200:0.000:4.409|-22.000:0.000:5.317|4.200:0.000:13.110|8.400:0.000:2.607","0.000:0.000:0.800|0.000:0.000:-0.800|0.000:0.000:-0.800|0.000:0.000:-0.800|0.000:0.000:-0.800","0.000:0.000:-8.743|20.000:0.000:-3.050","0.000:0.000:1.300|0.000:0.000:-1.300",False,True,GoalReached,60.00,40.00,3.00,SensorDegradation
44.8513,9,9,442,21.9861,0.1582,11.9856,21.4971,0.4089,-87.0774,-8.4000,0.0000,-13.5000,39.6593,7,"","","-8.400:0.000:-5.353|-4.200:0.000:4.328|-22.000:0.000:5.236|4.200:0.000:13.030|8.400:0.000:2.527","0.000:0.000:0.800|0.000:0.000:-0.800|0.000:0.000:-0.800|0.000:0.000:-0.800|0.000:0.000:-0.800","0.000:0.000:-8.613|20.000:0.000:-3.180","0.000:0.000:1.300|0.000:0.000:-1.300",False,False,Moving,60.00,40.00,3.00,SensorDegradation
44.9518,9,9,443,21.9184,0.1540,11.9158,12.4568,1.3125,-97.0276,-8.4000,0.0000,-13.5000,39.5625,7,"","","-8.400:0.000:-5.273|-4.200:0.000:4.248|-22.000:0.000:5.156|4.200:0.000:12.949|8.400:0.000:2.446","0.000:0.000:0.800|0.000:0.000:-0.800|0.000:0.000:-0.800|0.000:0.000:-0.800|0.000:0.000:-0.800","0.000:0.000:-8.482|20.000:0.000:-3.311","0.000:0.000:1.300|0.000:0.000:-1.300",False,False,Moving,60.00,40.00,3.00,SensorDegradation
45.0534,9,9,444,21.8131,0.1475,11.8071,3.3098,1.3696,-82.1061,-8.4000,0.0000,-13.5000,39.4119,7,"","","-8.400:0.000:-5.192|-4.200:0.000:4.166|-22.000:0.000:5.075|4.200:0.000:12.868|8.400:0.000:2.365","0.000:0.000:0.800|0.000:0.000:-0.800|0.000:0.000:-0.800|0.000:0.000:-0.800|0.000:0.000:-0.800","0.000:0.000:-8.350|20.000:0.000:-3.443","0.000:0.000:1.300|0.000:0.000:-1.300",False,False,Moving,60.00,40.00,3.00,SensorDegradation
45.1559,9,9,445,21.7061,0.1410,11.6966,354.0865,1.2585,-75.4441,-8.4000,0.0000,-13.5000,39.2590,7,"","","-8.400:0.000:-5.110|-4.200:0.000:4.085|-22.000:0.000:4.993|4.200:0.000:12.786|8.400:0.000:2.283","0.000:0.000:0.800|0.000:0.000:-0.800|0.000:0.000:-0.800|0.000:0.000:-0.800|0.000:0.000:-0.800","0.000:0.000:-8.217|20.000:0.000:-3.576","0.000:0.000:1.300|0.000:0.000:-1.300",False,False,Moving,60.00,40.00,3.00,SensorDegradation
45.2572,9,9,446,21.6004,0.1345,11.5875,344.9657,1.5531,-93.0954,-8.4000,0.0000,-13.5000,39.1078,7,"","","-8.400:0.000:-5.028|-4.200:0.000:4.003|-22.000:0.000:4.912|4.200:0.000:12.705|8.400:0.000:2.202","0.000:0.000:0.800|0.000:0.000:-0.800|0.000:0.000:-0.800|0.000:0.000:-0.800|0.000:0.000:-0.800","0.000:0.000:-8.085|20.000:0.000:-3.708","0.000:0.000:1.300|0.000:0.000:-1.300",False,False,Moving,60.00,40.00,3.00,SensorDegradation
45.3576,9,9,447,21.4956,0.1280,11.4793,335.9292,1.5779,-94.5939,-8.4000,0.0000,-13.5000,38.9580,7,"","","-8.400:0.000:-4.948|-4.200:0.000:3.923|-22.000:0.000:4.831|4.200:0.000:12.624|8.400:0.000:2.122","0.000:0.000:0.800|0.000:0.000:-0.800|0.000:0.000:-0.800|0.000:0.000:-0.800|0.000:0.000:-0.800","0.000:0.000:-7.954|20.000:0.000:-3.839","0.000:0.000:1.300|0.000:0.000:-1.300",False,False,Moving,60.00,40.00,3.00,SensorDegradation
45.4581,9,9,448,21.3907,0.1215,11.3710,326.8830,1.4674,-87.9685,-8.4000,0.0000,-13.5000,38.8081,7,"","","-8.400:0.000:-4.868|-4.200:0.000:3.843|-22.000:0.000:4.751|4.200:0.000:12.544|8.400:0.000:2.041","0.000:0.000:0.800|0.000:0.000:-0.800|0.000:0.000:-0.800|0.000:0.000:-0.800|0.000:0.000:-0.800","0.000:0.000:-7.824|20.000:0.000:-3.969","0.000:0.000:1.300|0.000:0.000:-1.300",False,False,Moving,60.00,40.00,3.00,SensorDegradation
45.5584,9,9,449,21.2861,0.1151,11.2630,317.8638,1.4331,-85.9055,-8.4000,0.0000,-13.5000,38.6586,7,"","","-8.400:0.000:-4.788|-4.200:0.000:3.763|-22.000:0.000:4.671|4.200:0.000:12.464|8.400:0.000:1.961","0.000:0.000:0.800|0.000:0.000:-0.800|0.000:0.000:-0.800|0.000:0.000:-0.800|0.000:0.000:-0.800","0.000:0.000:-7.693|20.000:0.000:-4.100","0.000:0.000:1.300|0.000:0.000:-1.300",False,False,Moving,60.00,40.00,3.00,SensorDegradation
45.6601,9,9,450,21.1799,0.1086,11.1534,308.7074,1.4224,-85.2646,-8.4000,0.0000,-13.5000,38.5068,7,"","","-8.400:0.000:-4.706|-4.200:0.000:3.681|-22.000:0.000:4.589|4.200:0.000:12.382|8.400:0.000:1.880","0.000:0.000:0.800|0.000:0.000:-0.800|0.000:0.000:-0.800|0.000:0.000:-0.800|0.000:0.000:-0.800","0.000:0.000:-7.561|20.000:0.000:-4.232","0.000:0.000:1.300|0.000:0.000:-1.300",False,False,Moving,60.00,40.00,3.00,SensorDegradation
45.7621,9,9,451,21.0735,0.1020,11.0436,299.5308,1.4889,-89.2518,-8.4000,0.0000,-13.5000,38.3547,7,"","","-8.400:0.000:-4.671|-4.200:0.000:3.600|-22.000:0.000:4.508|4.200:0.000:12.301|8.400:0.000:1.798","0.000:0.000:-0.800|0.000:0.000:-0.800|0.000:0.000:-0.800|0.000:0.000:-0.800|0.000:0.000:-0.800","0.000:0.000:-7.429|20.000:0.000:-4.364","0.000:0.000:1.300|0.000:0.000:-1.300",False,False,Moving,60.00,40.00,3.00,SensorDegradation
45.8633,9,9,452,20.9678,0.0955,10.9345,290.4198,1.6690,-100.0519,-8.4000,0.0000,-13.5000,38.2037,7,"","","-8.400:0.000:-4.752|-4.200:0.000:3.519|-22.000:0.000:4.427|4.200:0.000:12.220|8.400:0.000:1.717","0.000:0.000:-0.800|0.000:0.000:-0.800|0.000:0.000:-0.800|0.000:0.000:-0.800|0.000:0.000:-0.800","0.000:0.000:-7.297|20.000:0.000:-4.496","0.000:0.000:1.300|0.000:0.000:-1.300",False,False,Moving,60.00,40.00,3.00,SensorDegradation
45.9647,9,9,453,20.8619,0.0890,10.8252,281.2881,1.5167,-90.9256,-8.4000,0.0000,-13.5000,38.0524,7,"","","-8.400:0.000:-4.833|-4.200:0.000:3.437|-22.000:0.000:4.346|4.200:0.000:12.139|8.400:0.000:1.636","0.000:0.000:-0.800|0.000:0.000:-0.800|0.000:0.000:-0.800|0.000:0.000:-0.800|0.000:0.000:-0.800","0.000:0.000:-7.165|20.000:0.000:-4.628","0.000:0.000:1.300|0.000:0.000:-1.300",False,False,Moving,60.00,40.00,3.00,SensorDegradation
46.0671,9,9,454,20.7551,0.0824,10.7150,272.0786,1.4900,-89.3189,-8.4000,0.0000,-13.5000,37.8998,7,"","","-8.400:0.000:-4.915|-4.200:0.000:3.356|-22.000:0.000:4.264|4.200:0.000:12.057|8.400:0.000:1.554","0.000:0.000:-0.800|0.000:0.000:-0.800|0.000:0.000:-0.800|0.000:0.000:-0.800|0.000:0.000:-0.800","0.000:0.000:-7.032|20.000:0.000:-4.761","0.000:0.000:1.300|0.000:0.000:-1.300",False,False,Moving,60.00,40.00,3.00,SensorDegradation
46.1704,9,9,455,20.6473,0.0758,10.6036,262.7762,1.5763,-94.4886,-8.4000,0.0000,-13.5000,37.7456,7,"","","-8.400:0.000:-4.998|-4.200:0.000:3.273|-22.000:0.000:4.181|4.200:0.000:11.974|8.400:0.000:1.471","0.000:0.000:-0.800|0.000:0.000:-0.800|0.000:0.000:-0.800|0.000:0.000:-0.800|0.000:0.000:-0.800","0.000:0.000:-6.898|20.000:0.000:-4.895","0.000:0.000:1.300|0.000:0.000:-1.300",False,False,Moving,60.00,40.00,3.00,SensorDegradation
46.2707,9,9,456,20.5426,0.0693,10.4956,254.2618,1.4756,-77.9847,-8.4000,0.0000,-13.5000,37.5961,7,"","","-8.400:0.000:-5.078|-4.200:0.000:3.193|-22.000:0.000:4.101|4.200:0.000:11.894|8.400:0.000:1.391","0.000:0.000:-0.800|0.000:0.000:-0.800|0.000:0.000:-0.800|0.000:0.000:-0.800|0.000:0.000:-0.800","0.000:0.000:-6.767|20.000:0.000:-5.026","0.000:0.000:1.300|0.000:0.000:-1.300",False,False,Moving,60.00,40.00,3.00,SensorDegradation
46.3726,9,9,457,20.4362,0.0628,10.3858,247.4503,1.5406,-63.1592,-8.4000,0.0000,-13.5000,37.4441,7,"","","-8.400:0.000:-5.159|-4.200:0.000:3.111|-22.000:0.000:4.019|4.200:0.000:11.812|8.400:0.000:1.309","0.000:0.000:-0.800|0.000:0.000:-0.800|0.000:0.000:-0.800|0.000:0.000:-0.800|0.000:0.000:-0.800","0.000:0.000:-6.635|20.000:0.000:-5.158","0.000:0.000:1.300|0.000:0.000:-1.300",False,False,Moving,60.00,40.00,3.00,SensorDegradation
46.4734,9,9,458,20.3311,0.0563,10.2772,242.2328,1.5274,-48.9426,-8.4000,0.0000,-13.5000,37.2939,7,"","","-8.400:0.000:-5.240|-4.200:0.000:3.031|-22.000:0.000:3.939|4.200:0.000:11.732|8.400:0.000:1.229","0.000:0.000:-0.800|0.000:0.000:-0.800|0.000:0.000:-0.800|0.000:0.000:-0.800|0.000:0.000:-0.800","0.000:0.000:-6.504|20.000:0.000:-5.289","0.000:0.000:1.300|0.000:0.000:-1.300",False,False,Moving,60.00,40.00,3.00,SensorDegradation
46.5755,9,9,459,20.2245,0.0500,10.1672,238.1320,1.5246,-37.8418,-8.4000,0.0000,-13.5000,37.1417,7,"","","-8.400:0.000:-5.322|-4.200:0.000:2.949|-22.000:0.000:3.857|4.200:0.000:11.650|8.400:0.000:1.147","0.000:0.000:-0.800|0.000:0.000:-0.800|0.000:0.000:-0.800|0.000:0.000:-0.800|0.000:0.000:-0.800","0.000:0.000:-6.371|20.000:0.000:-5.422","0.000:0.000:1.300|0.000:0.000:-1.300",False,False,Moving,60.00,40.00,3.00,SensorDegradation
46.6761,9,9,460,20.1195,0.0500,10.0588,234.9989,1.3258,-25.6928,-8.4000,0.0000,-13.5000,36.9917,7,"","","-8.400:0.000:-5.402|-4.200:0.000:2.868|-22.000:0.000:3.777|4.200:0.000:11.570|8.400:0.000:1.067","0.000:0.000:-0.800|0.000:0.000:-0.800|0.000:0.000:-0.800|0.000:0.000:-0.800|0.000:0.000:-0.800","0.000:0.000:-6.240|20.000:0.000:-5.553","0.000:0.000:1.300|0.000:0.000:-1.300",False,False,Moving,60.00,40.00,3.00,SensorDegradation
46.7787,9,9,461,20.0124,0.0500,9.9483,232.5233,1.3404,-20.2011,-8.4000,0.0000,-13.5000,36.8387,7,"","","-8.400:0.000:-5.484|-4.200:0.000:2.786|-22.000:0.000:3.694|4.200:0.000:11.488|8.400:0.000:0.985","0.000:0.000:-0.800|0.000:0.000:-0.800|0.000:0.000:-0.800|0.000:0.000:-0.800|0.000:0.000:-0.800","0.000:0.000:-6.107|20.000:0.000:-5.686","0.000:0.000:1.300|0.000:0.000:-1.300",False,False,Moving,60.00,40.00,3.00,SensorDegradation
46.8789,9,9,462,19.9079,0.0500,9.8403,230.6484,1.5065,-17.7231,-8.4000,0.0000,-13.5000,36.6894,7,"","","-8.400:0.000:-5.564|-4.200:0.000:2.706|-22.000:0.000:3.614|4.200:0.000:11.407|8.400:0.000:0.904","0.000:0.000:-0.800|0.000:0.000:-0.800|0.000:0.000:-0.800|0.000:0.000:-0.800|0.000:0.000:-0.800","0.000:0.000:-5.977|20.000:0.000:-5.816","0.000:0.000:1.300|0.000:0.000:-1.300",False,False,Moving,60.00,40.00,3.00,SensorDegradation
46.9797,9,9,463,19.8026,0.0500,9.7317,229.1823,1.3593,-12.4115,-8.4000,0.0000,-13.5000,36.5390,7,"","","-8.400:0.000:-5.645|-4.200:0.000:2.625|-22.000:0.000:3.534|4.200:0.000:11.327|8.400:0.000:0.824","0.000:0.000:-0.800|0.000:0.000:-0.800|0.000:0.000:-0.800|0.000:0.000:-0.800|0.000:0.000:-0.800","0.000:0.000:-5.846|20.000:0.000:-5.947","0.000:0.000:1.300|0.000:0.000:-1.300",False,False,Moving,60.00,40.00,3.00,SensorDegradation
47.0802,9,9,464,19.6977,0.0500,9.6234,228.0475,1.5374,-10.9284,-8.4000,0.0000,-13.5000,36.3893,7,"","","-8.400:0.000:-5.726|-4.200:0.000:2.545|-22.000:0.000:3.453|4.200:0.000:11.246|8.400:0.000:0.743","0.000:0.000:-0.800|0.000:0.000:-0.800|0.000:0.000:-0.800|0.000:0.000:-0.800|0.000:0.000:-0.800","0.000:0.000:-5.715|20.000:0.000:-6.078","0.000:0.000:1.300|0.000:0.000:-1.300",False,False,Moving,60.00,40.00,3.00,SensorDegradation
47.1818,9,9,465,19.5917,0.0500,9.5140,227.1570,1.5550,-8.5968,-8.4000,0.0000,-13.5000,36.2378,7,"","","-8.400:0.000:-5.807|-4.200:0.000:2.464|-22.000:0.000:3.372|4.200:0.000:11.165|8.400:0.000:0.662","0.000:0.000:-0.800|0.000:0.000:-0.800|0.000:0.000:-0.800|0.000:0.000:-0.800|0.000:0.000:-0.800","0.000:0.000:-5.583|20.000:0.000:-6.210","0.000:0.000:1.300|0.000:0.000:-1.300",False,False,Moving,60.00,40.00,3.00,SensorDegradation
47.2830,9,9,466,19.4861,0.0500,9.4050,226.4692,1.5528,-6.6772,-8.4000,0.0000,-13.5000,36.0870,7,"","","-8.400:0.000:-5.888|-4.200:0.000:2.383|-22.000:0.000:3.291|4.200:0.000:11.084|8.400:0.000:0.581","0.000:0.000:-0.800|0.000:0.000:-0.800|0.000:0.000:-0.800|0.000:0.000:-0.800|0.000:0.000:-0.800","0.000:0.000:-5.451|20.000:0.000:-6.342","0.000:0.000:1.300|0.000:0.000:-1.300",False,False,Moving,60.00,40.00,3.00,SensorDegradation
47.3856,9,9,467,19.3790,0.0500,9.2945,225.9295,1.3817,-4.3915,-8.4000,0.0000,-13.5000,35.9342,7,"","","-8.400:0.000:-5.970|-4.200:0.000:2.301|-22.000:0.000:3.209|4.200:0.000:11.002|8.400:0.000:0.499","0.000:0.000:-0.800|0.000:0.000:-0.800|0.000:0.000:-0.800|0.000:0.000:-0.800|0.000:0.000:-0.800","0.000:0.000:-5.318|20.000:0.000:-6.475","0.000:0.000:1.300|0.000:0.000:-1.300",False,False,Moving,60.00,40.00,3.00,SensorDegradation
47.4860,9,9,468,19.2742,0.0500,9.1862,225.5198,1.5315,-3.7872,-8.4000,0.0000,-13.5000,35.7845,7,"","","-8.400:0.000:-6.050|-4.200:0.000:2.220|-22.000:0.000:3.129|4.200:0.000:10.922|8.400:0.000:0.419","0.000:0.000:-0.800|0.000:0.000:-0.800|0.000:0.000:-0.800|0.000:0.000:-0.800|0.000:0.000:-0.800","0.000:0.000:-5.187|20.000:0.000:-6.606","0.000:0.000:1.300|0.000:0.000:-1.300",False,False,Moving,60.00,40.00,3.00,SensorDegradation
47.5889,9,9,469,19.1668,0.0500,9.0754,225.1945,1.5419,-2.9694,-8.4000,0.0000,-13.5000,35.6312,7,"","","-8.400:0.000:-6.132|-4.200:0.000:2.138|-22.000:0.000:3.046|4.200:0.000:10.839|8.400:0.000:0.336","0.000:0.000:-0.800|0.000:0.000:-0.800|0.000:0.000:-0.800|0.000:0.000:-0.800|0.000:0.000:-0.800","0.000:0.000:-5.054|20.000:0.000:-6.739","0.000:0.000:1.300|0.000:0.000:-1.300",False,False,Moving,60.00,40.00,3.00,SensorDegradation
47.6914,9,9,470,19.0598,0.0500,8.9649,224.9441,1.5404,-2.3132,-8.4000,0.0000,-13.5000,35.4784,7,"","","-8.400:0.000:-6.214|-4.200:0.000:2.056|-22.000:0.000:2.964|4.200:0.000:10.757|8.400:0.000:0.254","0.000:0.000:-0.800|0.000:0.000:-0.800|0.000:0.000:-0.800|0.000:0.000:-0.800|0.000:0.000:-0.800","0.000:0.000:-4.920|20.000:0.000:-6.873","0.000:0.000:1.300|0.000:0.000:-1.300",False,False,Moving,60.00,40.00,3.00,SensorDegradation
47.7938,9,9,471,18.9529,0.0500,8.8546,224.7506,1.3712,-1.6006,-8.4000,0.0000,-13.5000,35.3258,7,"","","-8.400:0.000:-6.296|-4.200:0.000:1.974|-22.000:0.000:2.882|4.200:0.000:10.675|8.400:0.000:0.173","0.000:0.000:-0.800|0.000:0.000:-0.800|0.000:0.000:-0.800|0.000:0.000:-0.800|0.000:0.000:-0.800","0.000:0.000:-4.787|20.000:0.000:-7.006","0.000:0.000:1.300|0.000:0.000:-1.300",False,False,Moving,60.00,40.00,3.00,SensorDegradation
47.8939,9,9,472,18.8485,0.0500,8.7468,224.6041,1.5637,-1.4221,-8.4000,0.0000,-13.5000,35.1767,7,"","","-8.400:0.000:-6.376|-4.200:0.000:1.894|-22.000:0.000:2.802|4.200:0.000:10.595|8.400:0.000:0.092","0.000:0.000:-0.800|0.000:0.000:-0.800|0.000:0.000:-0.800|0.000:0.000:-0.800|0.000:0.000:-0.800","0.000:0.000:-4.657|20.000:0.000:-7.136","0.000:0.000:1.300|0.000:0.000:-1.300",False,False,Moving,60.00,40.00,3.00,SensorDegradation
47.9958,9,9,473,18.7422,0.0500,8.6370,224.4883,1.5365,-1.0834,-8.4000,0.0000,-13.5000,35.0250,7,"","","-8.400:0.000:-6.458|-4.200:0.000:1.813|-22.000:0.000:2.721|4.200:0.000:10.514|8.400:0.000:0.011","0.000:0.000:-0.800|0.000:0.000:-0.800|0.000:0.000:-0.800|0.000:0.000:-0.800|0.000:0.000:-0.800","0.000:0.000:-4.525|20.000:0.000:-7.268","0.000:0.000:1.300|0.000:0.000:-1.300",False,False,Moving,60.00,40.00,3.00,SensorDegradation
48.0984,9,9,474,18.6350,0.0500,8.5264,224.3980,1.5345,-0.8423,-8.4000,0.0000,-13.5000,34.8720,7,"","","-8.400:0.000:-6.540|-4.200:0.000:1.730|-22.000:0.000:2.639|4.200:0.000:10.432|8.400:0.000:-0.071","0.000:0.000:-0.800|0.000:0.000:-0.800|0.000:0.000:-0.800|0.000:0.000:-0.800|0.000:0.000:-0.800","0.000:0.000:-4.391|20.000:0.000:-7.402","0.000:0.000:1.300|0.000:0.000:-1.300",False,False,Moving,60.00,40.00,3.00,SensorDegradation
48.1987,9,9,475,18.5304,0.0500,8.4184,224.3296,1.8558,-0.7965,-8.4000,0.0000,-13.5000,34.7227,7,"","","-8.400:0.000:-6.620|-4.200:0.000:1.650|-22.000:0.000:2.558|4.200:0.000:10.352|8.400:0.000:-0.151","0.000:0.000:-0.800|0.000:0.000:-0.800|0.000:0.000:-0.800|0.000:0.000:-0.800|0.000:0.000:-0.800","0.000:0.000:-4.261|20.000:0.000:-7.532","0.000:0.000:1.300|0.000:0.000:-1.300",False,False,Moving,60.00,40.00,3.00,SensorDegradation
48.3013,9,9,476,18.4233,0.0500,8.3079,224.2754,1.5499,-0.5157,-8.4000,0.0000,-13.5000,34.5698,7,"","","-8.400:0.000:-6.702|-4.200:0.000:1.568|-22.000:0.000:2.476|4.200:0.000:10.269|8.400:0.000:-0.233","0.000:0.000:-0.800|0.000:0.000:-0.800|0.000:0.000:-0.800|0.000:0.000:-0.800|0.000:0.000:-0.800","0.000:0.000:-4.128|20.000:0.000:-7.665","0.000:0.000:1.300|0.000:0.000:-1.300",False,False,Moving,60.00,40.00,3.00,SensorDegradation
48.4029,9,9,477,18.3172,0.0500,8.1984,224.2338,1.4656,-0.3784,-8.4000,0.0000,-13.5000,34.4185,7,"","","-8.400:0.000:-6.784|-4.200:0.000:1.487|-22.000:0.000:2.395|4.200:0.000:10.188|8.400:0.000:-0.315","0.000:0.000:-0.800|0.000:0.000:-0.800|0.000:0.000:-0.800|0.000:0.000:-0.800|0.000:0.000:-0.800","0.000:0.000:-3.995|20.000:0.000:-7.798","0.000:0.000:1.300|0.000:0.000:-1.300",False,False,Moving,60.00,40.00,3.00,SensorDegradation
48.5037,9,9,478,18.2120,0.0500,8.0898,224.2018,1.4157,-0.2716,-8.4000,0.0000,-13.5000,34.2684,7,"","","-8.400:0.000:-6.864|-4.200:0.000:1.406|-22.000:0.000:2.314|4.200:0.000:10.108|8.400:0.000:-0.395","0.000:0.000:-0.800|0.000:0.000:-0.800|0.000:0.000:-0.800|0.000:0.000:-0.800|0.000:0.000:-0.800","0.000:0.000:-3.864|20.000:0.000:-7.782","0.000:0.000:1.300|0.000:0.000:1.300",False,False,Moving,60.00,40.00,3.00,SensorDegradation
48.6069,9,9,479,18.1043,0.0500,7.9786,224.1765,1.5820,-0.2350,-8.4000,0.0000,-13.5000,34.1147,7,"","","-8.400:0.000:-6.947|-4.200:0.000:1.324|-22.000:0.000:2.232|4.200:0.000:10.025|8.400:0.000:-0.478","0.000:0.000:-0.800|0.000:0.000:-0.800|0.000:0.000:-0.800|0.000:0.000:-0.800|0.000:0.000:-0.800","0.000:0.000:-3.730|20.000:0.000:-7.648","0.000:0.000:1.300|0.000:0.000:1.300",False,False,Moving,60.00,40.00,3.00,SensorDegradation
48.7084,9,9,480,17.9984,0.0500,7.8692,224.1572,1.5675,-0.1831,-8.4000,0.0000,-13.5000,33.9635,7,"","","-8.400:0.000:-7.028|-4.200:0.000:1.242|-22.000:0.000:2.151|4.200:0.000:9.944|8.400:0.000:-0.559","0.000:0.000:-0.800|0.000:0.000:-0.800|0.000:0.000:-0.800|0.000:0.000:-0.800|0.000:0.000:-0.800","0.000:0.000:-3.598|20.000:0.000:-7.516","0.000:0.000:1.300|0.000:0.000:1.300",False,False,Moving,60.00,40.00,3.00,SensorDegradation
48.8107,9,9,481,17.8916,0.0500,7.7591,224.1421,1.3594,-0.1221,-8.4000,0.0000,-13.5000,33.8112,7,"","","-8.400:0.000:-7.110|-4.200:0.000:1.161|-22.000:0.000:2.069|4.200:0.000:9.862|8.400:0.000:-0.641","0.000:0.000:-0.800|0.000:0.000:-0.800|0.000:0.000:-0.800|0.000:0.000:-0.800|0.000:0.000:-0.800","0.000:0.000:-3.465|20.000:0.000:-7.383","0.000:0.000:1.300|0.000:0.000:1.300",False,False,Moving,60.00,40.00,3.00,SensorDegradation
48.9124,9,9,482,17.7854,0.0500,7.6495,224.1305,1.6456,-0.1160,-8.4000,0.0000,-13.5000,33.6598,7,"","","-8.400:0.000:-7.191|-4.200:0.000:1.079|-22.000:0.000:1.987|4.200:0.000:9.781|8.400:0.000:-0.722","0.000:0.000:-0.800|0.000:0.000:-0.800|0.000:0.000:-0.800|0.000:0.000:-0.800|0.000:0.000:-0.800","0.000:0.000:-3.333|20.000:0.000:-7.251","0.000:0.000:1.300|0.000:0.000:1.300",False,False,Moving,60.00,40.00,3.00,SensorDegradation
49.0169,9,9,483,17.6763,0.0500,7.5368,224.1213,1.6153,-0.0885,-8.4000,0.0000,-13.5000,33.5041,7,"","","-8.400:0.000:-7.275|-4.200:0.000:0.996|-22.000:0.000:1.904|4.200:0.000:9.697|8.400:0.000:-0.806","0.000:0.000:-0.800|0.000:0.000:-0.800|0.000:0.000:-0.800|0.000:0.000:-0.800|0.000:0.000:-0.800","0.000:0.000:-3.197|20.000:0.000:-7.115","0.000:0.000:1.300|0.000:0.000:1.300",False,False,Moving,60.00,40.00,3.00,SensorDegradation
49.1195,9,9,484,17.5693,0.0500,7.4263,224.1143,1.3753,-0.0580,-8.4000,0.0000,-13.5000,33.3514,7,"","","-8.400:0.000:-7.357|-4.200:0.000:0.914|-22.000:0.000:1.822|4.200:0.000:9.615|8.400:0.000:-0.888","0.000:0.000:-0.800|0.000:0.000:-0.800|0.000:0.000:-0.800|0.000:0.000:-0.800|0.000:0.000:-0.800","0.000:0.000:-3.064|20.000:0.000:-6.982","0.000:0.000:1.300|0.000:0.000:1.300",False,False,Moving,60.00,40.00,3.00,SensorDegradation
49.2215,9,9,485,17.4629,0.0500,7.3165,224.1090,1.3510,-0.0443,-8.4000,0.0000,-13.5000,33.1996,7,"","","-8.400:0.000:-7.439|-4.200:0.000:0.832|-22.000:0.000:1.740|4.200:0.000:9.533|8.400:0.000:-0.970","0.000:0.000:-0.800|0.000:0.000:-0.800|0.000:0.000:-0.800|0.000:0.000:-0.800|0.000:0.000:-0.800","0.000:0.000:-2.931|20.000:0.000:-6.849","0.000:0.000:1.300|0.000:0.000:1.300",False,False,Moving,60.00,40.00,3.00,SensorDegradation
49.3219,9,9,486,17.3580,0.0500,7.2083,224.1049,1.6308,-0.0427,-8.4000,0.0000,-13.5000,33.0501,7,"","","-8.400:0.000:-7.519|-4.200:0.000:0.752|-22.000:0.000:1.660|4.200:0.000:9.453|8.400:0.000:-1.050","0.000:0.000:-0.800|0.000:0.000:-0.800|0.000:0.000:-0.800|0.000:0.000:-0.800|0.000:0.000:-0.800","0.000:0.000:-2.801|20.000:0.000:-6.718","0.000:0.000:1.300|0.000:0.000:1.300",False,False,Moving,60.00,40.00,3.00,SensorDegradation
49.4245,9,9,487,17.2509,0.0500,7.0977,224.1017,1.3906,-0.0259,-8.4000,0.0000,-13.5000,32.8974,7,"","","-8.400:0.000:-7.601|-4.200:0.000:0.670|-22.000:0.000:1.578|4.200:0.000:9.371|8.400:0.000:-1.132","0.000:0.000:-0.800|0.000:0.000:-0.800|0.000:0.000:-0.800|0.000:0.000:-0.800|0.000:0.000:-0.800","0.000:0.000:-2.667|20.000:0.000:-6.585","0.000:0.000:1.300|0.000:0.000:1.300",False,False,Moving,60.00,40.00,3.00,SensorDegradation
49.5260,9,9,488,17.1451,0.0500,6.9884,224.0992,1.5770,-0.0214,-8.4000,0.0000,-13.5000,32.7464,7,"","","-8.400:0.000:-7.682|-4.200:0.000:0.588|-22.000:0.000:1.497|4.200:0.000:9.290|8.400:0.000:-1.213","0.000:0.000:-0.800|0.000:0.000:-0.800|0.000:0.000:-0.800|0.000:0.000:-0.800|0.000:0.000:-0.800","0.000:0.000:-2.535|20.000:0.000:-6.453","0.000:0.000:1.300|0.000:0.000:1.300",False,False,Moving,60.00,40.00,3.00,SensorDegradation
49.6276,9,9,489,17.0390,0.0500,6.8789,224.0973,1.3962,-0.0168,-8.4000,0.0000,-13.5000,32.5952,7,"","","-8.400:0.000:-7.763|-4.200:0.000:0.507|-22.000:0.000:1.415|4.200:0.000:9.208|8.400:0.000:-1.295","0.000:0.000:-0.800|0.000:0.000:-0.800|0.000:0.000:-0.800|0.000:0.000:-0.800|0.000:0.000:-0.800","0.000:0.000:-2.403|20.000:0.000:-6.321","0.000:0.000:1.300|0.000:0.000:1.300",False,False,Moving,60.00,40.00,3.00,SensorDegradation
49.7282,9,9,490,16.9340,0.0500,6.7706,224.0958,1.5123,-0.0137,-8.4000,0.0000,-13.5000,32.4455,7,"","","-8.400:0.000:-7.844|-4.200:0.000:0.427|-22.000:0.000:1.335|4.200:0.000:9.128|8.400:0.000:-1.375","0.000:0.000:-0.800|0.000:0.000:-0.800|0.000:0.000:-0.800|0.000:0.000:-0.800|0.000:0.000:-0.800","0.000:0.000:-2.273|20.000:0.000:-6.190","0.000:0.000:1.300|0.000:0.000:1.300",False,False,Moving,60.00,40.00,3.00,SensorDegradation
49.8284,9,9,491,16.8294,0.0500,6.6626,224.0947,1.5096,-0.0107,-8.4000,0.0000,-13.5000,32.2964,7,"","","-8.400:0.000:-7.924|-4.200:0.000:0.346|-22.000:0.000:1.255|4.200:0.000:9.048|8.400:0.000:-1.455","0.000:0.000:-0.800|0.000:0.000:-0.800|0.000:0.000:-0.800|0.000:0.000:-0.800|0.000:0.000:-0.800","0.000:0.000:-2.142|20.000:0.000:-6.060","0.000:0.000:1.300|0.000:0.000:1.300",False,False,Moving,60.00,40.00,3.00,SensorDegradation
49.9294,9,9,492,16.7240,0.0500,6.5537,224.0938,1.6213,-0.0092,-8.4000,0.0000,-13.5000,32.1461,7,"","","-8.400:0.000:-8.005|-4.200:0.000:0.266|-22.000:0.000:1.174|4.200:0.000:8.967|8.400:0.000:-1.536","0.000:0.000:-0.800|0.000:0.000:-0.800|0.000:0.000:-0.800|0.000:0.000:-0.800|0.000:0.000:-0.800","0.000:0.000:-2.011|20.000:0.000:-5.929","0.000:0.000:1.300|0.000:0.000:1.300",False,False,Moving,60.00,40.00,3.00,SensorDegradation
50.0301,9,9,493,16.6189,0.0500,6.4452,224.0932,1.4014,-0.0061,-8.4000,0.0000,-13.5000,31.9962,7,"","","-8.400:0.000:-8.086|-4.200:0.000:0.185|-22.000:0.000:1.093|4.200:0.000:8.886|8.400:0.000:-1.617","0.000:0.000:-0.800|0.000:0.000:-0.800|0.000:0.000:-0.800|0.000:0.000:-0.800|0.000:0.000:-0.800","0.000:0.000:-1.880|20.000:0.000:-5.798","0.000:0.000:1.300|0.000:0.000:1.300",False,False,Moving,60.00,40.00,3.00,SensorDegradation
50.1308,9,9,494,16.5138,0.0500,6.3368,224.0926,1.6137,-0.0046,-8.4000,0.0000,-13.5000,31.8465,7,"","","-8.400:0.000:-8.166|-4.200:0.000:0.105|-22.000:0.000:1.013|4.200:0.000:8.806|8.400:0.000:-1.697","0.000:0.000:-0.800|0.000:0.000:-0.800|0.000:0.000:-0.800|0.000:0.000:-0.800|0.000:0.000:-0.800","0.000:0.000:-1.749|20.000:0.000:-5.667","0.000:0.000:1.300|0.000:0.000:1.300",False,False,Moving,60.00,40.00,3.00,SensorDegradation
50.2317,9,9,495,16.4084,0.0500,6.2280,224.0922,1.5664,-0.0061,-8.4000,0.0000,-13.5000,31.6963,7,"","","-8.400:0.000:-8.247|-4.200:0.000:0.024|-22.000:0.000:0.932|4.200:0.000:8.725|8.400:0.000:-1.778","0.000:0.000:-0.800|0.000:0.000:-0.800|0.000:0.000:-0.800|0.000:0.000:-0.800|0.000:0.000:-0.800","0.000:0.000:-1.618|20.000:0.000:-5.536","0.000:0.000:1.300|0.000:0.000:1.300",False,False,Moving,60.00,40.00,3.00,SensorDegradation
50.3336,9,9,496,16.3021,0.0500,6.1183,224.0919,1.3653,-0.0015,-8.4000,0.0000,-13.5000,31.5448,7,"","","-8.400:0.000:-8.328|-4.200:0.000:-0.058|-22.000:0.000:0.850|4.200:0.000:8.644|8.400:0.000:-1.859","0.000:0.000:-0.800|0.000:0.000:-0.800|0.000:0.000:-0.800|0.000:0.000:-0.800|0.000:0.000:-0.800","0.000:0.000:-1.485|20.000:0.000:-5.403","0.000:0.000:1.300|0.000:0.000:1.300",False,False,Moving,60.00,40.00,3.00,SensorDegradation
50.4355,9,9,497,16.1957,0.0500,6.0085,224.0916,1.6414,-0.0031,-8.4000,0.0000,-13.5000,31.3932,7,"","","-8.400:0.000:-8.410|-4.200:0.000:-0.139|-22.000:0.000:0.769|4.200:0.000:8.562|8.400:0.000:-1.941","0.000:0.000:-0.800|0.000:0.000:-0.800|0.000:0.000:-0.800|0.000:0.000:-0.800|0.000:0.000:-0.800","0.000:0.000:-1.353|20.000:0.000:-5.271","0.000:0.000:1.300|0.000:0.000:1.300",False,False,Moving,60.00,40.00,3.00,SensorDegradation
50.5378,9,9,498,16.0890,0.0500,5.8983,224.0915,1.4277,-0.0015,-8.4000,0.0000,-13.5000,31.2412,7,"","","-8.400:0.000:-8.492|-4.200:0.000:-0.221|-22.000:0.000:0.687|4.200:0.000:8.480|8.400:0.000:-2.023","0.000:0.000:-0.800|0.000:0.000:-0.800|0.000:0.000:-0.800|0.000:0.000:-0.800|0.000:0.000:-0.800","0.000:0.000:-1.220|20.000:0.000:-5.138","0.000:0.000:1.300|0.000:0.000:1.300",False,False,Moving,60.00,40.00,3.00,SensorDegradation
50.6388,9,9,499,15.9836,0.0500,5.7895,224.0914,1.3297,0.0000,-8.4000,0.0000,-13.5000,31.0909,7,"","","-8.400:0.000:-8.572|-4.200:0.000:-0.302|-22.000:0.000:0.606|4.200:0.000:8.399|8.400:0.000:-2.104","0.000:0.000:-0.800|0.000:0.000:-0.800|0.000:0.000:-0.800|0.000:0.000:-0.800|0.000:0.000:-0.800","0.000:0.000:-1.089|20.000:0.000:-5.006","0.000:0.000:1.300|0.000:0.000:1.300",False,False,Moving,60.00,40.00,3.00,SensorDegradation
50.7411,9,9,500,15.8768,0.0500,5.6793,224.0912,1.3985,0.0000,-8.4000,0.0000,-13.5000,30.9388,7,"","","-8.400:0.000:-8.654|-4.200:0.000:-0.384|-22.000:0.000:0.524|4.200:0.000:8.318|8.400:0.000:-2.185","0.000:0.000:-0.800|0.000:0.000:-0.800|0.000:0.000:-0.800|0.000:0.000:-0.800|0.000:0.000:-0.800","0.000:0.000:-0.956|20.000:0.000:-4.873","0.000:0.000:1.300|0.000:0.000:1.300",False,False,Moving,60.00,40.00,3.00,SensorDegradation
50.8422,9,9,501,15.7713,0.0500,5.5703,224.0911,1.6141,0.0000,-8.4000,0.0000,-13.5000,30.7885,7,"","","-8.400:0.000:-8.735|-4.200:0.000:-0.465|-22.000:0.000:0.444|4.200:0.000:8.237|8.400:0.000:-2.266","0.000:0.000:-0.800|0.000:0.000:-0.800|0.000:0.000:-0.800|0.000:0.000:-0.800|0.000:0.000:-0.800","0.000:0.000:-0.824|20.000:0.000:-4.742","0.000:0.000:1.300|0.000:0.000:1.300",False,False,Moving,60.00,40.00,3.00,SensorDegradation
50.9439,9,9,502,15.6652,0.0500,5.4608,224.0910,1.3840,0.0000,-8.4000,0.0000,-13.5000,30.6374,7,"","","-8.400:0.000:-8.816|-4.200:0.000:-0.546|-22.000:0.000:0.362|4.200:0.000:8.155|8.400:0.000:-2.348","0.000:0.000:-0.800|0.000:0.000:-0.800|0.000:0.000:-0.800|0.000:0.000:-0.800|0.000:0.000:-0.800","0.000:0.000:-0.692|20.000:0.000:-4.610","0.000:0.000:1.300|0.000:0.000:1.300",False,False,Moving,60.00,40.00,3.00,SensorDegradation
51.0452,9,9,503,15.5594,0.0500,5.3517,224.0909,1.5837,0.0000,-8.4000,0.0000,-13.5000,30.4867,7,"","","-8.400:0.000:-8.898|-4.200:0.000:-0.627|-22.000:0.000:0.281|4.200:0.000:8.074|8.400:0.000:-2.429","0.000:0.000:-0.800|0.000:0.000:-0.800|0.000:0.000:-0.800|0.000:0.000:-0.800|0.000:0.000:-0.800","0.000:0.000:-0.560|20.000:0.000:-4.478","0.000:0.000:1.300|0.000:0.000:1.300",False,False,Moving,60.00,40.00,3.00,SensorDegradation
51.1455,9,9,504,15.4548,0.0500,5.2436,224.0909,1.6042,0.0000,-8.4000,0.0000,-13.5000,30.3377,7,"","","-8.400:0.000:-8.978|-4.200:0.000:-0.707|-22.000:0.000:0.201|4.200:0.000:7.994|8.400:0.000:-2.509","0.000:0.000:-0.800|0.000:0.000:-0.800|0.000:0.000:-0.800|0.000:0.000:-0.800|0.000:0.000:-0.800","0.000:0.000:-0.430|20.000:0.000:-4.348","0.000:0.000:1.300|0.000:0.000:1.300",False,False,Moving,60.00,40.00,3.00,SensorDegradation
51.2485,9,9,505,15.3472,0.0500,5.1326,224.0909,1.5779,0.0000,-8.4000,0.0000,-13.5000,30.1845,7,"","","-8.400:0.000:-9.060|-4.200:0.000:-0.790|-22.000:0.000:0.118|4.200:0.000:7.912|8.400:0.000:-2.591","0.000:0.000:-0.800|0.000:0.000:-0.800|0.000:0.000:-0.800|0.000:0.000:-0.800|0.000:0.000:-0.800","0.000:0.000:-0.296|20.000:0.000:-4.214","0.000:0.000:1.300|0.000:0.000:1.300",False,False,Moving,60.00,40.00,3.00,SensorDegradation
51.3503,9,9,506,15.2410,0.0500,5.0229,224.0909,1.5352,0.0000,-8.4000,0.0000,-13.5000,30.0333,7,"","","-8.400:0.000:-9.142|-4.200:0.000:-0.871|-22.000:0.000:0.037|4.200:0.000:7.830|8.400:0.000:-2.673","0.000:0.000:-0.800|0.000:0.000:-0.800|0.000:0.000:-0.800|0.000:0.000:-0.800|0.000:0.000:-0.800","0.000:0.000:-0.164|20.000:0.000:-4.081","0.000:0.000:1.300|0.000:0.000:1.300",False,False,Moving,60.00,40.00,3.00,SensorDegradation
51.4525,9,9,507,15.1344,0.0500,4.9129,224.0909,1.6045,0.0000,-8.4000,0.0000,-13.5000,29.8815,7,"","","-8.400:0.000:-9.223|-4.200:0.000:-0.953|-22.000:0.000:-0.045|4.200:0.000:7.749|8.400:0.000:-2.754","0.000:0.000:-0.800|0.000:0.000:-0.800|0.000:0.000:-0.800|0.000:0.000:-0.800|0.000:0.000:-0.800","0.000:0.000:-0.031|20.000:0.000:-3.949","0.000:0.000:1.300|0.000:0.000:1.300",False,False,Moving,60.00,40.00,3.00,SensorDegradation
51.5583,9,9,508,15.0239,0.0500,4.7989,224.0909,1.5290,0.0000,-8.4000,0.0000,-13.5000,29.7243,7,"","","-8.400:0.000:-9.308|-4.200:0.000:-1.037|-22.000:0.000:-0.129|4.200:0.000:7.664|8.400:0.000:-2.839","0.000:0.000:-0.800|0.000:0.000:-0.800|0.000:0.000:-0.800|0.000:0.000:-0.800|0.000:0.000:-0.800","0.000:0.000:0.107|20.000:0.000:-3.811","0.000:0.000:1.300|0.000:0.000:1.300",False,False,Moving,60.00,40.00,3.00,SensorDegradation
51.6599,9,9,509,14.9179,0.0500,4.6894,224.0908,3.7123,0.0000,-8.4000,0.0000,-13.5000,29.5733,7,"","","-8.400:0.000:-9.389|-4.200:0.000:-1.119|-22.000:0.000:-0.211|4.200:0.000:7.583|8.400:0.000:-2.920","0.000:0.000:-0.800|0.000:0.000:-0.800|0.000:0.000:-0.800|0.000:0.000:-0.800|0.000:0.000:-0.800","0.000:0.000:0.239|20.000:0.000:-3.679","0.000:0.000:1.300|0.000:0.000:1.300",False,False,Moving,60.00,40.00,3.00,SensorDegradation
51.7623,9,9,510,14.8110,0.0500,4.5791,224.0908,1.7300,0.0000,-8.4000,0.0000,-13.5000,29.4212,7,"","","-8.400:0.000:-9.471|-4.200:0.000:-1.201|-22.000:0.000:-0.292|4.200:0.000:7.501|8.400:0.000:-3.002","0.000:0.000:-0.800|0.000:0.000:-0.800|0.000:0.000:-0.800|0.000:0.000:-0.800|0.000:0.000:-0.800","0.000:0.000:0.372|20.000:0.000:-3.546","0.000:0.000:1.300|0.000:0.000:1.300",False,False,Moving,60.00,40.00,3.00,SensorDegradation
51.8637,9,9,511,14.7052,0.0500,4.4698,224.0908,1.3661,0.0000,-8.4000,0.0000,-13.5000,29.2705,7,"","","-8.400:0.000:-9.552|-4.200:0.000:-1.282|-22.000:0.000:-0.374|4.200:0.000:7.420|8.400:0.000:-3.083","0.000:0.000:-0.800|0.000:0.000:-0.800|0.000:0.000:-0.800|0.000:0.000:-0.800|0.000:0.000:-0.800","0.000:0.000:0.504|20.000:0.000:-3.414","0.000:0.000:1.300|0.000:0.000:1.300",False,False,Moving,60.00,40.00,3.00,SensorDegradation
51.9658,9,9,512,14.5986,0.0500,4.3599,224.0908,1.5872,0.0000,-8.4000,0.0000,-13.5000,29.1190,7,"","","-8.400:0.000:-9.634|-4.200:0.000:-1.363|-22.000:0.000:-0.455|4.200:0.000:7.338|8.400:0.000:-3.165","0.000:0.000:-0.800|0.000:0.000:-0.800|0.000:0.000:-0.800|0.000:0.000:-0.800|0.000:0.000:-0.800","0.000:0.000:0.636|20.000:0.000:-3.281","0.000:0.000:1.300|0.000:0.000:1.300",False,False,Moving,60.00,40.00,3.00,SensorDegradation
52.0684,9,9,513,14.4916,0.0500,4.2493,224.0908,1.4942,0.0000,-8.4000,0.0000,-13.5000,28.9666,7,"","","-8.400:0.000:-9.716|-4.200:0.000:-1.446|-22.000:0.000:-0.537|4.200:0.000:7.256|8.400:0.000:-3.247","0.000:0.000:-0.800|0.000:0.000:-0.800|0.000:0.000:-0.800|0.000:0.000:-0.800|0.000:0.000:-0.800","0.000:0.000:0.770|20.000:0.000:-3.148","0.000:0.000:1.300|0.000:0.000:1.300",False,False,Moving,60.00,40.00,3.00,SensorDegradation
52.1714,9,9,514,14.3840,0.0500,4.1384,224.0908,1.4886,0.0000,-8.4000,0.0000,-13.5000,28.8137,7,"","","-8.400:0.000:-9.798|-4.200:0.000:-1.528|-22.000:0.000:-0.620|4.200:0.000:7.173|8.400:0.000:-3.330","0.000:0.000:-0.800|0.000:0.000:-0.800|0.000:0.000:-0.800|0.000:0.000:-0.800|0.000:0.000:-0.800","0.000:0.000:0.904|20.000:0.000:-3.014","0.000:0.000:1.300|0.000:0.000:1.300",False,False,Moving,60.00,40.00,3.00,SensorDegradation
52.2723,9,9,515,14.2788,0.0500,4.0297,224.0908,1.5573,0.0000,-8.4000,0.0000,-13.5000,28.6639,7,"","","-8.400:0.000:-9.828|-4.200:0.000:-1.609|-22.000:0.000:-0.700|4.200:0.000:7.093|8.400:0.000:-3.410","0.000:0.000:0.800|0.000:0.000:-0.800|0.000:0.000:-0.800|0.000:0.000:-0.800|0.000:0.000:-0.800","0.000:0.000:1.035|20.000:0.000:-2.883","0.000:0.000:1.300|0.000:0.000:1.300",False,False,Moving,60.00,40.00,3.00,SensorDegradation
52.3747,9,9,516,14.1719,0.0500,3.9194,224.0908,1.4439,0.0000,-8.4000,0.0000,-13.5000,28.5119,7,"","","-8.400:0.000:-9.746|-4.200:0.000:-1.691|-22.000:0.000:-0.782|4.200:0.000:7.011|8.400:0.000:-3.492","0.000:0.000:0.800|0.000:0.000:-0.800|0.000:0.000:-0.800|0.000:0.000:-0.800|0.000:0.000:-0.800","0.000:0.000:1.168|20.000:0.000:-2.750","0.000:0.000:1.300|0.000:0.000:1.300",False,False,Moving,60.00,40.00,3.00,SensorDegradation
52.4768,9,9,517,14.0652,0.0500,3.8093,224.0908,1.6185,0.0000,-8.4000,0.0000,-13.5000,28.3602,7,"","","-8.400:0.000:-9.664|-4.200:0.000:-1.772|-22.000:0.000:-0.864|4.200:0.000:6.929|8.400:0.000:-3.574","0.000:0.000:0.800|0.000:0.000:-0.800|0.000:0.000:-0.800|0.000:0.000:-0.800|0.000:0.000:-0.800","0.000:0.000:1.301|20.000:0.000:-2.617","0.000:0.000:1.300|0.000:0.000:1.300",False,False,Moving,60.00,40.00,3.00,SensorDegradation
52.5783,9,9,518,13.9594,0.0500,3.7000,224.0908,1.4686,0.0000,-8.4000,0.0000,-13.5000,28.2097,7,"","","-8.400:0.000:-9.583|-4.200:0.000:-1.853|-22.000:0.000:-0.945|4.200:0.000:6.848|8.400:0.000:-3.655","0.000:0.000:0.800|0.000:0.000:-0.800|0.000:0.000:-0.800|0.000:0.000:-0.800|0.000:0.000:-0.800","0.000:0.000:1.433|20.000:0.000:-2.485","0.000:0.000:1.300|0.000:0.000:1.300",False,False,Moving,60.00,40.00,3.00,SensorDegradation
52.6793,9,9,519,13.8539,0.0500,3.5911,224.0908,1.5059,0.0000,-8.4000,0.0000,-13.5000,28.0597,7,"","","-8.400:0.000:-9.502|-4.200:0.000:-1.934|-22.000:0.000:-1.026|4.200:0.000:6.767|8.400:0.000:-3.736","0.000:0.000:0.800|0.000:0.000:-0.800|0.000:0.000:-0.800|0.000:0.000:-0.800|0.000:0.000:-0.800","0.000:0.000:1.564|20.000:0.000:-2.354","0.000:0.000:1.300|0.000:0.000:1.300",False,False,Moving,60.00,40.00,3.00,SensorDegradation
52.7817,9,9,520,13.7470,0.0500,3.4808,224.0908,1.5173,0.0000,-8.4000,0.0000,-13.5000,27.9077,7,"","","-8.400:0.000:-9.420|-4.200:0.000:-2.016|-22.000:0.000:-1.108|4.200:0.000:6.685|8.400:0.000:-3.818","0.000:0.000:0.800|0.000:0.000:-0.800|0.000:0.000:-0.800|0.000:0.000:-0.800|0.000:0.000:-0.800","0.000:0.000:1.697|20.000:0.000:-2.221","0.000:0.000:1.300|0.000:0.000:1.300",False,False,Moving,60.00,40.00,3.00,SensorDegradation
52.8843,9,9,521,13.6399,0.0500,3.3702,224.0908,1.4663,0.0000,-8.4000,0.0000,-13.5000,27.7555,7,"","","-8.400:0.000:-9.338|-4.200:0.000:-2.098|-22.000:0.000:-1.190|4.200:0.000:6.603|8.400:0.000:-3.900","0.000:0.000:0.800|0.000:0.000:-0.800|0.000:0.000:-0.800|0.000:0.000:-0.800|0.000:0.000:-0.800","0.000:0.000:1.830|20.000:0.000:-2.087","0.000:0.000:1.300|0.000:0.000:1.300",False,False,Moving,60.00,40.00,3.00,SensorDegradation
52.9874,9,9,522,13.5323,0.0500,3.2592,224.0908,1.4615,0.0000,-8.4000,0.0000,-13.5000,27.6025,7,"","","-8.400:0.000:-9.256|-4.200:0.000:-2.181|-22.000:0.000:-1.273|4.200:0.000:6.521|8.400:0.000:-3.982","0.000:0.000:0.800|0.000:0.000:-0.800|0.000:0.000:-0.800|0.000:0.000:-0.800|0.000:0.000:-0.800","0.000:0.000:1.965|20.000:0.000:-1.953","0.000:0.000:1.300|0.000:0.000:1.300",False,False,Moving,60.00,40.00,3.00,SensorDegradation
53.0898,9,9,523,13.4255,0.0500,3.1488,224.0908,1.4926,0.0000,-8.4000,0.0000,-13.5000,27.4506,7,"","","-8.400:0.000:-9.174|-4.200:0.000:-2.263|-22.000:0.000:-1.355|4.200:0.000:6.439|8.400:0.000:-4.064","0.000:0.000:0.800|0.000:0.000:-0.800|0.000:0.000:-0.800|0.000:0.000:-0.800|0.000:0.000:-0.800","0.000:0.000:2.098|20.000:0.000:-1.820","0.000:0.000:1.300|0.000:0.000:1.300",False,False,Moving,60.00,40.00,3.00,SensorDegradation
53.1911,9,9,524,13.3197,0.0500,3.0397,224.0908,1.5329,0.0000,-8.4000,0.0000,-13.5000,27.3004,7,"","","-8.400:0.000:-9.093|-4.200:0.000:-2.344|-22.000:0.000:-1.436|4.200:0.000:6.358|8.400:0.000:-4.145","0.000:0.000:0.800|0.000:0.000:-0.800|0.000:0.000:-0.800|0.000:0.000:-0.800|0.000:0.000:-0.800","0.000:0.000:2.229|20.000:0.000:-1.688","0.000:0.000:1.300|0.000:0.000:1.300",False,False,Moving,60.00,40.00,3.00,SensorDegradation
53.2941,9,9,525,13.2123,0.0500,2.9288,224.0908,1.4992,0.0000,-8.4000,0.0000,-13.5000,27.1477,7,"","","-8.400:0.000:-9.010|-4.200:0.000:-2.426|-22.000:0.000:-1.518|4.200:0.000:6.275|8.400:0.000:-4.228","0.000:0.000:0.800|0.000:0.000:-0.800|0.000:0.000:-0.800|0.000:0.000:-0.800|0.000:0.000:-0.800","0.000:0.000:2.363|20.000:0.000:-1.555","0.000:0.000:1.300|0.000:0.000:1.300",False,False,Moving,60.00,40.00,3.00,SensorDegradation
53.3971,9,9,526,13.1048,0.0500,2.8179,224.0908,1.7064,0.0000,-8.4000,0.0000,-13.5000,26.9950,7,"","","-8.400:0.000:-8.928|-4.200:0.000:-2.508|-22.000:0.000:-1.600|4.200:0.000:6.193|8.400:0.000:-4.310","0.000:0.000:0.800|0.000:0.000:-0.800|0.000:0.000:-0.800|0.000:0.000:-0.800|0.000:0.000:-0.800","0.000:0.000:2.497|20.000:0.000:-1.421","0.000:0.000:1.300|0.000:0.000:1.300",False,False,Moving,60.00,40.00,3.00,SensorDegradation
53.5001,9,9,527,12.9973,0.0500,2.7068,224.0908,1.4746,0.0000,-8.4000,0.0000,-13.5000,26.8423,7,"","","-8.400:0.000:-8.845|-4.200:0.000:-2.591|-22.000:0.000:-1.683|4.200:0.000:6.110|8.400:0.000:-4.311","0.000:0.000:0.800|0.000:0.000:-0.800|0.000:0.000:-0.800|0.000:0.000:-0.800|0.000:0.000:0.800","0.000:0.000:2.631|20.000:0.000:-1.287","0.000:0.000:1.300|0.000:0.000:1.300",False,False,Moving,60.00,40.00,3.00,SensorDegradation
53.6035,9,9,528,12.8893,0.0500,2.5954,224.0908,1.6849,0.0000,-8.4000,0.0000,-13.5000,26.6890,7,"","","-8.400:0.000:-8.763|-4.200:0.000:-2.674|-22.000:0.000:-1.765|4.200:0.000:6.028|8.400:0.000:-4.229","0.000:0.000:0.800|0.000:0.000:-0.800|0.000:0.000:-0.800|0.000:0.000:-0.800|0.000:0.000:0.800","0.000:0.000:2.765|20.000:0.000:-1.152","0.000:0.000:1.300|0.000:0.000:1.300",False,False,Moving,60.00,40.00,3.00,SensorDegradation
53.7064,9,9,529,12.7820,0.0500,2.4846,224.0908,1.6153,0.0000,-8.4000,0.0000,-13.5000,26.5365,7,"","","-8.400:0.000:-8.680|-4.200:0.000:-2.756|-22.000:0.000:-1.848|4.200:0.000:5.945|8.400:0.000:-4.146","0.000:0.000:0.800|0.000:0.000:-0.800|0.000:0.000:-0.800|0.000:0.000:-0.800|0.000:0.000:0.800","0.000:0.000:2.899|20.000:0.000:-1.019","0.000:0.000:1.300|0.000:0.000:1.300",False,False,Moving,60.00,40.00,3.00,SensorDegradation
53.8079,9,9,530,12.6767,0.0500,2.3752,224.0415,1.3598,-2.2781,-8.4000,0.0000,-13.5000,26.3866,7,"","","-8.400:0.000:-8.599|-4.200:0.000:-2.837|-22.000:0.000:-1.929|4.200:0.000:5.864|8.400:0.000:-4.065","0.000:0.000:0.800|0.000:0.000:-0.800|0.000:0.000:-0.800|0.000:0.000:-0.800|0.000:0.000:0.800","0.000:0.000:3.031|20.000:0.000:-0.887","0.000:0.000:1.300|0.000:0.000:1.300",False,False,Moving,60.00,40.00,3.00,SensorDegradation
53.9144,9,9,531,12.5663,0.0500,2.2607,224.0253,1.6211,-0.1099,-8.4000,0.0000,-13.5000,26.2295,7,"","","-8.400:0.000:-8.514|-4.200:0.000:-2.922|-22.000:0.000:-2.014|4.200:0.000:5.779|8.400:0.000:-3.980","0.000:0.000:0.800|0.000:0.000:-0.800|0.000:0.000:-0.800|0.000:0.000:-0.800|0.000:0.000:0.800","0.000:0.000:3.170|20.000:0.000:-0.748","0.000:0.000:1.300|0.000:0.000:1.300",False,False,Moving,60.00,40.00,3.00,SensorDegradation
54.0203,9,9,532,12.4562,0.0500,2.1467,224.0201,1.4746,-0.0244,-8.4000,0.0000,-13.5000,26.0730,7,"","","-8.400:0.000:-8.429|-4.200:0.000:-3.007|-22.000:0.000:-2.099|4.200:0.000:5.694|8.400:0.000:-3.895","0.000:0.000:0.800|0.000:0.000:-0.800|0.000:0.000:-0.800|0.000:0.000:-0.800|0.000:0.000:0.800","0.000:0.000:3.307|20.000:0.000:-0.610","0.000:0.000:1.300|0.000:0.000:1.300",False,False,Moving,60.00,40.00,3.00,SensorDegradation
54.1209,9,9,533,12.3517,0.0500,2.0386,224.0148,1.5554,-0.1373,-8.4000,0.0000,-13.5000,25.9246,7,"","","-8.400:0.000:-8.349|-4.200:0.000:-3.088|-22.000:0.000:-2.179|4.200:0.000:5.614|8.400:0.000:-3.815","0.000:0.000:0.800|0.000:0.000:-0.800|0.000:0.000:-0.800|0.000:0.000:-0.800|0.000:0.000:0.800","0.000:0.000:3.438|20.000:0.000:-0.480","0.000:0.000:1.300|0.000:0.000:1.300",False,False,Moving,60.00,40.00,3.00,SensorDegradation
54.2210,9,9,534,12.2478,0.0500,1.9311,224.0219,1.6158,0.0755,-8.4000,0.0000,-13.5000,25.7770,7,"","","-8.400:0.000:-8.269|-4.200:0.000:-3.168|-22.000:0.000:-2.259|4.200:0.000:5.534|8.400:0.000:-3.735","0.000:0.000:0.800|0.000:0.000:-0.800|0.000:0.000:-0.800|0.000:0.000:-0.800|0.000:0.000:0.800","0.000:0.000:3.568|20.000:0.000:-0.350","0.000:0.000:1.300|0.000:0.000:1.300",False,False,Moving,60.00,40.00,3.00,SensorDegradation
54.3210,9,9,535,12.1438,0.0500,1.8236,224.0294,1.5795,0.0427,-8.4000,0.0000,-13.5000,25.6293,7,"","","-8.400:0.000:-8.189|-4.200:0.000:-3.248|-22.000:0.000:-2.340|4.200:0.000:5.454|8.400:0.000:-3.655","0.000:0.000:0.800|0.000:0.000:-0.800|0.000:0.000:-0.800|0.000:0.000:-0.800|0.000:0.000:0.800","0.000:0.000:3.698|20.000:0.000:-0.220","0.000:0.000:1.300|0.000:0.000:1.300",False,False,Moving,60.00,40.00,3.00,SensorDegradation
54.4222,9,9,536,12.0386,0.0500,1.7150,224.0387,1.3883,0.2831,-8.4000,0.0000,-13.5000,25.4801,7,"","","-8.400:0.000:-8.108|-4.200:0.000:-3.329|-22.000:0.000:-2.420|4.200:0.000:5.373|8.400:0.000:-3.574","0.000:0.000:0.800|0.000:0.000:-0.800|0.000:0.000:-0.800|0.000:0.000:-0.800|0.000:0.000:0.800","0.000:0.000:3.830|20.000:0.000:-0.088","0.000:0.000:1.300|0.000:0.000:1.300",False,False,Moving,60.00,40.00,3.00,SensorDegradation
54.5234,9,9,537,11.9333,0.0500,1.6064,224.0609,1.5173,0.2846,-8.4000,0.0000,-13.5000,25.3308,7,"","","-8.400:0.000:-8.027|-4.200:0.000:-3.410|-22.000:0.000:-2.501|4.200:0.000:5.292|8.400:0.000:-3.493","0.000:0.000:0.800|0.000:0.000:-0.800|0.000:0.000:-0.800|0.000:0.000:-0.800|0.000:0.000:0.800","0.000:0.000:3.961|20.000:0.000:0.044","0.000:0.000:1.300|0.000:0.000:1.300",False,False,Moving,60.00,40.00,3.00,SensorDegradation
54.6252,9,9,538,11.8273,0.0500,1.4974,224.0892,1.5580,0.4181,-8.4000,0.0000,-13.5000,25.1808,7,"","","-8.400:0.000:-7.945|-4.200:0.000:-3.491|-22.000:0.000:-2.583|4.200:0.000:5.210|8.400:0.000:-3.411","0.000:0.000:0.800|0.000:0.000:-0.800|0.000:0.000:-0.800|0.000:0.000:-0.800|0.000:0.000:0.800","0.000:0.000:4.094|20.000:0.000:0.176","0.000:0.000:1.300|0.000:0.000:1.300",False,False,Moving,60.00,40.00,3.00,SensorDegradation
54.7263,9,9,539,11.7219,0.0500,1.3893,224.1380,1.5546,0.6187,-8.4000,0.0000,-13.5000,25.0317,7,"","","-8.400:0.000:-7.864|-4.200:0.000:-3.572|-22.000:0.000:-2.664|4.200:0.000:5.129|8.400:0.000:-3.331","0.000:0.000:0.800|0.000:0.000:-0.800|0.000:0.000:-0.800|0.000:0.000:-0.800|0.000:0.000:0.800","0.000:0.000:4.225|20.000:0.000:0.307","0.000:0.000:1.300|0.000:0.000:1.300",False,False,Moving,60.00,40.00,3.00,SensorDegradation
54.8277,9,9,540,11.6148,0.0500,1.2815,224.2912,1.5432,1.9073,-8.4000,0.0000,-13.5000,24.8815,7,"","","-8.400:0.000:-7.783|-4.200:0.000:-3.653|-22.000:0.000:-2.745|4.200:0.000:5.048|8.400:0.000:-3.249","0.000:0.000:0.800|0.000:0.000:-0.800|0.000:0.000:-0.800|0.000:0.000:-0.800|0.000:0.000:0.800","0.000:0.000:4.357|20.000:0.000:0.439","0.000:0.000:1.300|0.000:0.000:1.300",False,False,Moving,60.00,40.00,3.00,SensorDegradation
54.9283,9,9,541,11.5082,0.0500,1.1748,224.4494,1.5034,1.4450,-8.4000,0.0000,-13.5000,24.7323,7,"","","-8.400:0.000:-7.703|-4.200:0.000:-3.733|-22.000:0.000:-2.825|4.200:0.000:4.968|8.400:0.000:-3.169","0.000:0.000:0.800|0.000:0.000:-0.800|0.000:0.000:-0.800|0.000:0.000:-0.800|0.000:0.000:0.800","0.000:0.000:4.488|20.000:0.000:0.570","0.000:0.000:1.300|0.000:0.000:1.300",False,False,Moving,60.00,40.00,3.00,SensorDegradation
55.0285,9,9,542,11.4018,0.0500,1.0685,224.5720,1.4775,1.1040,-8.4000,0.0000,-13.5000,24.5836,7,"","","-8.400:0.000:-7.623|-4.200:0.000:-3.814|-22.000:0.000:-2.905|4.200:0.000:4.888|8.400:0.000:-3.089","0.000:0.000:0.800|0.000:0.000:-0.800|0.000:0.000:-0.800|0.000:0.000:-0.800|0.000:0.000:0.800","0.000:0.000:4.618|20.000:0.000:0.700","0.000:0.000:1.300|0.000:0.000:1.300",False,False,Moving,60.00,40.00,3.00,SensorDegradation
55.1310,9,9,543,11.2898,0.0500,0.9661,225.4131,1.4488,18.9591,-8.4000,0.0000,-13.5000,24.4327,7,"","","-8.400:0.000:-7.541|-4.200:0.000:-3.896|-22.000:0.000:-2.987|4.200:0.000:4.806|8.400:0.000:-3.007","0.000:0.000:0.800|0.000:0.000:-0.800|0.000:0.000:-0.800|0.000:0.000:-0.800|0.000:0.000:0.800","0.000:0.000:4.751|20.000:0.000:0.833","0.000:0.000:1.300|0.000:0.000:1.300",False,False,Moving,60.00,40.00,3.00,SensorDegradation
55.2329,9,9,544,11.1485,0.0500,0.9217,231.7258,1.4686,72.8394,-8.4000,0.0000,-13.5000,24.2926,7,"","","-8.400:0.000:-7.459|-4.200:0.000:-3.977|-22.000:0.000:-3.069|4.200:0.000:4.724|8.400:0.000:-2.925","0.000:0.000:0.800|0.000:0.000:-0.800|0.000:0.000:-0.800|0.000:0.000:-0.800|0.000:0.000:0.800","0.000:0.000:4.884|20.000:0.000:0.966","0.000:0.000:1.300|0.000:0.000:1.300",False,False,Moving,60.00,40.00,3.00,SensorDegradation
55.3334,9,9,545,11.0000,0.0500,0.8951,238.0038,1.6787,64.8346,-8.4000,0.0000,-13.5000,24.1574,7,"","","-8.400:0.000:-7.379|-4.200:0.000:-4.058|-22.000:0.000:-3.149|4.200:0.000:4.644|8.400:0.000:-2.845","0.000:0.000:0.800|0.000:0.000:-0.800|0.000:0.000:-0.800|0.000:0.000:-0.800|0.000:0.000:0.800","0.000:0.000:5.014|20.000:0.000:1.097","0.000:0.000:1.300|0.000:0.000:1.300",False,False,Moving,60.00,40.00,3.00,SensorDegradation
55.4365,9,9,546,10.8479,0.0500,0.8679,242.9854,1.5390,46.1724,-8.4000,0.0000,-13.5000,24.0192,7,"","","-8.400:0.000:-7.296|-4.200:0.000:-4.140|-22.000:0.000:-3.232|4.200:0.000:4.561|8.400:0.000:-2.762","0.000:0.000:0.800|0.000:0.000:-0.800|0.000:0.000:-0.800|0.000:0.000:-0.800|0.000:0.000:0.800","0.000:0.000:5.148|20.000:0.000:1.230","0.000:0.000:1.300|0.000:0.000:1.300",False,False,Moving,60.00,40.00,3.00,SensorDegradation
55.5379,9,9,547,10.6981,0.0500,0.8411,246.7808,1.4389,33.6838,-8.4000,0.0000,-13.5000,23.8832,7,"","","-8.400:0.000:-7.215|-4.200:0.000:-4.221|-22.000:0.000:-3.313|4.200:0.000:4.480|8.400:0.000:-2.681","0.000:0.000:0.800|0.000:0.000:-0.800|0.000:0.000:-0.800|0.000:0.000:-0.800|0.000:0.000:0.800","0.000:0.000:5.280|20.000:0.000:1.362","0.000:0.000:1.300|0.000:0.000:1.300",False,False,Moving,60.00,40.00,3.00,SensorDegradation
55.6380,9,9,548,10.5502,0.0500,0.8147,249.6887,1.5358,28.0388,-8.4000,0.0000,-13.5000,23.7492,7,"","","-8.400:0.000:-7.135|-4.200:0.000:-4.301|-22.000:0.000:-3.393|4.200:0.000:4.400|8.400:0.000:-2.601","0.000:0.000:0.800|0.000:0.000:-0.800|0.000:0.000:-0.800|0.000:0.000:-0.800|0.000:0.000:0.800","0.000:0.000:5.410|20.000:0.000:1.493","0.000:0.000:1.300|0.000:0.000:1.300",False,False,Moving,60.00,40.00,3.00,SensorDegradation
55.7400,9,9,549,10.3997,0.0500,0.7878,251.9867,1.2700,17.9840,-8.4000,0.0000,-13.5000,23.6129,7,"","","-8.400:0.000:-7.053|-4.200:0.000:-4.383|-22.000:0.000:-3.475|4.200:0.000:4.319|8.400:0.000:-2.520","0.000:0.000:0.800|0.000:0.000:-0.800|0.000:0.000:-0.800|0.000:0.000:-0.800|0.000:0.000:0.800","0.000:0.000:5.543|20.000:0.000:1.625","0.000:0.000:1.300|0.000:0.000:1.300",False,False,Moving,60.00,40.00,3.00,SensorDegradation
55.8420,9,9,550,10.2490,0.0500,0.7608,253.7664,1.4766,16.2552,-8.4000,0.0000,-13.5000,23.4768,7,"","","-8.400:0.000:-6.972|-4.200:0.000:-4.464|-22.000:0.000:-3.556|4.200:0.000:4.237|8.400:0.000:-2.438","0.000:0.000:0.800|0.000:0.000:-0.800|0.000:0.000:-0.800|0.000:0.000:-0.800|0.000:0.000:0.800","0.000:0.000:5.675|20.000:0.000:1.758","0.000:0.000:1.300|0.000:0.000:1.300",False,False,Moving,60.00,40.00,3.00,SensorDegradation
55.9444,9,9,551,10.0980,0.0500,0.7338,255.1480,1.8758,15.4396,-8.4000,0.0000,-13.5000,23.3405,7,"","","-8.400:0.000:-6.890|-4.200:0.000:-4.546|-22.000:0.000:-3.638|4.200:0.000:4.155|8.400:0.000:-2.356","0.000:0.000:0.800|0.000:0.000:-0.800|0.000:0.000:-0.800|0.000:0.000:-0.800|0.000:0.000:0.800","0.000:0.000:5.808|20.000:0.000:1.891","0.000:0.000:1.300|0.000:0.000:1.300",False,False,Moving,60.00,40.00,3.00,SensorDegradation
56.0467,9,9,552,9.9469,0.0500,0.7068,256.2158,1.5035,9.4917,-8.4000,0.0000,-13.5000,23.2044,7,"","","-8.400:0.000:-6.808|-4.200:0.000:-4.628|-22.000:0.000:-3.720|4.200:0.000:4.073|8.400:0.000:-2.274","0.000:0.000:0.800|0.000:0.000:-0.800|0.000:0.000:-0.800|0.000:0.000:-0.800|0.000:0.000:0.800","0.000:0.000:5.941|20.000:0.000:2.024","0.000:0.000:1.300|0.000:0.000:1.300",False,False,Moving,60.00,40.00,3.00,SensorDegradation
56.1480,9,9,553,9.7972,0.0500,0.6801,257.0352,1.4592,7.2006,-8.4000,0.0000,-13.5000,23.0698,7,"","","-8.400:0.000:-6.727|-4.200:0.000:-4.709|-22.000:0.000:-3.801|4.200:0.000:3.992|8.400:0.000:-2.193","0.000:0.000:0.800|0.000:0.000:-0.800|0.000:0.000:-0.800|0.000:0.000:-0.800|0.000:0.000:0.800","0.000:0.000:6.073|20.000:0.000:2.155","0.000:0.000:1.300|0.000:0.000:1.300",False,False,Moving,60.00,40.00,3.00,SensorDegradation
56.2509,9,9,554,9.6454,0.0500,0.6529,257.6786,1.5276,5.8456,-8.4000,0.0000,-13.5000,22.9334,7,"","","-8.400:0.000:-6.645|-4.200:0.000:-4.792|-22.000:0.000:-3.883|4.200:0.000:3.910|8.400:0.000:-2.111","0.000:0.000:0.800|0.000:0.000:-0.800|0.000:0.000:-0.800|0.000:0.000:-0.800|0.000:0.000:0.800","0.000:0.000:6.207|20.000:0.000:2.289","0.000:0.000:1.300|0.000:0.000:1.300",False,False,Moving,60.00,40.00,3.00,SensorDegradation
56.3535,9,9,555,9.4939,0.0500,0.6258,258.1745,1.4967,4.4495,-8.4000,0.0000,-13.5000,22.7976,7,"","","-8.400:0.000:-6.563|-4.200:0.000:-4.874|-22.000:0.000:-3.965|4.200:0.000:3.828|8.400:0.000:-2.029","0.000:0.000:0.800|0.000:0.000:-0.800|0.000:0.000:-0.800|0.000:0.000:-0.800|0.000:0.000:0.800","0.000:0.000:6.340|20.000:0.000:2.423","0.000:0.000:1.300|0.000:0.000:1.300",False,False,Moving,60.00,40.00,3.00,SensorDegradation
56.4544,9,9,556,9.3448,0.0500,0.5992,258.5525,1.5425,3.5843,-8.4000,0.0000,-13.5000,22.6642,7,"","","-8.400:0.000:-6.482|-4.200:0.000:-4.954|-22.000:0.000:-4.046|4.200:0.000:3.747|8.400:0.000:-1.948","0.000:0.000:0.800|0.000:0.000:-0.800|0.000:0.000:-0.800|0.000:0.000:-0.800|0.000:0.000:0.800","0.000:0.000:6.472|20.000:0.000:2.554","0.000:0.000:1.300|0.000:0.000:1.300",False,False,Moving,60.00,40.00,3.00,SensorDegradation
56.5555,9,9,557,9.1956,0.0500,0.5725,258.8459,1.4605,2.6291,-8.4000,0.0000,-13.5000,22.5309,7,"","","-8.400:0.000:-6.401|-4.200:0.000:-5.035|-22.000:0.000:-4.127|4.200:0.000:3.666|8.400:0.000:-1.867","0.000:0.000:0.800|0.000:0.000:-0.800|0.000:0.000:-0.800|0.000:0.000:-0.800|0.000:0.000:0.800","0.000:0.000:6.603|20.000:0.000:2.685","0.000:0.000:1.300|0.000:0.000:1.300",False,False,Moving,60.00,40.00,3.00,SensorDegradation
56.6572,9,9,558,9.0454,0.0500,0.5456,259.0750,1.3784,1.9363,-8.4000,0.0000,-13.5000,22.3970,7,"","","-8.400:0.000:-6.320|-4.200:0.000:-5.117|-22.000:0.000:-4.208|4.200:0.000:3.585|8.400:0.000:-1.786","0.000:0.000:0.800|0.000:0.000:-0.800|0.000:0.000:-0.800|0.000:0.000:-0.800|0.000:0.000:0.800","0.000:0.000:6.735|20.000:0.000:2.817","0.000:0.000:1.300|0.000:0.000:1.300",False,False,Moving,60.00,40.00,3.00,SensorDegradation
56.7584,9,9,559,8.8960,0.0500,0.5189,259.2516,1.4309,1.5610,-8.4000,0.0000,-13.5000,22.2639,7,"","","-8.400:0.000:-6.239|-4.200:0.000:-5.198|-22.000:0.000:-4.289|4.200:0.000:3.504|8.400:0.000:-1.705","0.000:0.000:0.800|0.000:0.000:-0.800|0.000:0.000:-0.800|0.000:0.000:-0.800|0.000:0.000:0.800","0.000:0.000:6.867|20.000:0.000:2.949","0.000:0.000:1.300|0.000:0.000:1.300",False,False,Moving,60.00,40.00,3.00,SensorDegradation
56.8593,9,9,560,8.7470,0.0500,0.4923,259.3882,1.3628,1.1597,-8.4000,0.0000,-13.5000,22.1316,7,"","","-8.400:0.000:-6.158|-4.200:0.000:-5.278|-22.000:0.000:-4.370|4.200:0.000:3.423|8.400:0.000:-1.624","0.000:0.000:0.800|0.000:0.000:-0.800|0.000:0.000:-0.800|0.000:0.000:-0.800|0.000:0.000:0.800","0.000:0.000:6.998|20.000:0.000:3.080","0.000:0.000:1.300|0.000:0.000:1.300",False,False,Moving,60.00,40.00,3.00,SensorDegradation
56.9617,9,9,561,8.5958,0.0500,0.4652,259.4957,1.5989,1.0544,-8.4000,0.0000,-13.5000,21.9974,7,"","","-8.400:0.000:-6.076|-4.200:0.000:-5.360|-22.000:0.000:-4.452|4.200:0.000:3.341|8.400:0.000:-1.542","0.000:0.000:0.800|0.000:0.000:-0.800|0.000:0.000:-0.800|0.000:0.000:-0.800|0.000:0.000:0.800","0.000:0.000:7.131|20.000:0.000:3.213","0.000:0.000:1.300|0.000:0.000:1.300",False,False,Moving,60.00,40.00,3.00,SensorDegradation
57.0647,9,9,562,8.4437,0.0500,0.4381,259.5792,1.4414,0.7050,-8.4000,0.0000,-13.5000,21.8628,7,"","","-8.400:0.000:-5.994|-4.200:0.000:-5.443|-22.000:0.000:-4.534|4.200:0.000:3.259|8.400:0.000:-1.460","0.000:0.000:0.800|0.000:0.000:-0.800|0.000:0.000:-0.800|0.000:0.000:-0.800|0.000:0.000:0.800","0.000:0.000:7.265|20.000:0.000:3.347","0.000:0.000:1.300|0.000:0.000:1.300",False,False,Moving,60.00,40.00,3.00,SensorDegradation
57.1656,9,9,563,8.2947,0.0500,0.4114,259.6425,1.4463,0.5493,-8.4000,0.0000,-13.5000,21.7311,7,"","","-8.400:0.000:-5.913|-4.200:0.000:-5.523|-22.000:0.000:-4.615|4.200:0.000:3.178|8.400:0.000:-1.379","0.000:0.000:0.800|0.000:0.000:-0.800|0.000:0.000:-0.800|0.000:0.000:-0.800|0.000:0.000:0.800","0.000:0.000:7.396|20.000:0.000:3.478","0.000:0.000:1.300|0.000:0.000:1.300",False,False,Moving,60.00,40.00,3.00,SensorDegradation
57.2677,9,9,564,8.1439,0.0500,0.3844,259.6922,1.4508,0.4303,-8.4000,0.0000,-13.5000,21.5982,7,"","","-8.400:0.000:-5.831|-4.200:0.000:-5.605|-22.000:0.000:-4.697|4.200:0.000:3.096|8.400:0.000:-1.297","0.000:0.000:0.800|0.000:0.000:-0.800|0.000:0.000:-0.800|0.000:0.000:-0.800|0.000:0.000:0.800","0.000:0.000:7.529|20.000:0.000:3.611","0.000:0.000:1.300|0.000:0.000:1.300",False,False,Moving,60.00,40.00,3.00,SensorDegradation
57.3688,9,9,565,7.9947,0.0500,0.3578,259.7303,1.5909,0.3662,-8.4000,0.0000,-13.5000,21.4668,7,"","","-8.400:0.000:-5.750|-4.200:0.000:-5.686|-22.000:0.000:-4.778|4.200:0.000:3.016|8.400:0.000:-1.217","0.000:0.000:0.800|0.000:0.000:-0.800|0.000:0.000:-0.800|0.000:0.000:-0.800|0.000:0.000:0.800","0.000:0.000:7.660|20.000:0.000:3.742","0.000:0.000:1.300|0.000:0.000:1.300",False,False,Moving,60.00,40.00,3.00,SensorDegradation
57.4692,9,9,566,7.8464,0.0500,0.3313,259.7597,1.6038,0.2884,-8.4000,0.0000,-13.5000,21.3367,7,"","","-8.400:0.000:-5.670|-4.200:0.000:-5.766|-22.000:0.000:-4.858|4.200:0.000:2.935|8.400:0.000:-1.136","0.000:0.000:0.800|0.000:0.000:-0.800|0.000:0.000:-0.800|0.000:0.000:-0.800|0.000:0.000:0.800","0.000:0.000:7.791|20.000:0.000:3.873","0.000:0.000:1.300|0.000:0.000:1.300",False,False,Moving,60.00,40.00,3.00,SensorDegradation
57.5703,9,9,567,7.6970,0.0500,0.3045,259.7827,1.3847,0.1938,-8.4000,0.0000,-13.5000,21.2057,7,"","","-8.400:0.000:-5.589|-4.200:0.000:-5.847|-22.000:0.000:-4.939|4.200:0.000:2.854|8.400:0.000:-1.055","0.000:0.000:0.800|0.000:0.000:-0.800|0.000:0.000:-0.800|0.000:0.000:-0.800|0.000:0.000:0.800","0.000:0.000:7.922|20.000:0.000:4.004","0.000:0.000:1.300|0.000:0.000:1.300",False,False,Moving,60.00,40.00,3.00,SensorDegradation
57.6729,9,9,568,7.5456,0.0500,0.2775,259.8008,1.5798,0.1694,-8.4000,0.0000,-13.5000,21.0733,7,"","","-8.400:0.000:-5.507|-4.200:0.000:-5.929|-22.000:0.000:-5.021|4.200:0.000:2.772|8.400:0.000:-0.973","0.000:0.000:0.800|0.000:0.000:-0.800|0.000:0.000:-0.800|0.000:0.000:-0.800|0.000:0.000:0.800","0.000:0.000:8.056|20.000:0.000:4.138","0.000:0.000:1.300|0.000:0.000:1.300",False,False,Moving,60.00,40.00,3.00,SensorDegradation
57.7732,9,9,569,7.3975,0.0500,0.2510,259.8145,1.4290,0.1205,-8.4000,0.0000,-13.5000,20.9441,7,"","","-8.400:0.000:-5.427|-4.200:0.000:-6.009|-22.000:0.000:-5.101|4.200:0.000:2.692|8.400:0.000:-0.893","0.000:0.000:0.800|0.000:0.000:-0.800|0.000:0.000:-0.800|0.000:0.000:-0.800|0.000:0.000:0.800","0.000:0.000:8.186|20.000:0.000:4.268","0.000:0.000:1.300|0.000:0.000:1.300",False,False,Moving,60.00,40.00,3.00,SensorDegradation
57.8763,9,9,570,7.2453,0.0500,0.2238,259.8254,1.6276,0.1068,-8.4000,0.0000,-13.5000,20.8115,7,"","","-8.400:0.000:-5.344|-4.200:0.000:-6.092|-22.000:0.000:-5.184|4.200:0.000:2.610|8.400:0.000:-0.811","0.000:0.000:0.800|0.000:0.000:-0.800|0.000:0.000:-0.800|0.000:0.000:-0.800|0.000:0.000:0.800","0.000:0.000:8.320|20.000:0.000:4.402","0.000:0.000:1.300|0.000:0.000:1.300",False,False,Moving,60.00,40.00,3.00,SensorDegradation
57.9795,9,9,571,7.0928,0.0500,0.1965,259.8338,1.6175,0.0824,-8.4000,0.0000,-13.5000,20.6791,7,"","","-8.400:0.000:-5.262|-4.200:0.000:-6.174|-22.000:0.000:-5.266|4.200:0.000:2.527|8.400:0.000:-0.728","0.000:0.000:0.800|0.000:0.000:-0.800|0.000:0.000:-0.800|0.000:0.000:-0.800|0.000:0.000:0.800","0.000:0.000:8.454|20.000:0.000:4.536","0.000:0.000:1.300|0.000:0.000:1.300",False,False,Moving,60.00,40.00,3.00,SensorDegradation
58.0799,9,9,572,6.9446,0.0500,0.1700,259.8401,1.3651,0.0534,-8.4000,0.0000,-13.5000,20.5507,7,"","","-8.400:0.000:-5.182|-4.200:0.000:-6.255|-22.000:0.000:-5.347|4.200:0.000:2.447|8.400:0.000:-0.648","0.000:0.000:0.800|0.000:0.000:-0.800|0.000:0.000:-0.800|0.000:0.000:-0.800|0.000:0.000:0.800","0.000:0.000:8.585|20.000:0.000:4.667","0.000:0.000:1.300|0.000:0.000:1.300",False,False,Moving,60.00,40.00,3.00,SensorDegradation
58.1825,9,9,573,6.7932,0.0500,0.1429,259.8452,1.4492,0.0458,-8.4000,0.0000,-13.5000,20.4198,7,"","","-8.400:0.000:-5.100|-4.200:0.000:-6.337|-22.000:0.000:-5.429|4.200:0.000:2.365|8.400:0.000:-0.566","0.000:0.000:0.800|0.000:0.000:-0.800|0.000:0.000:-0.800|0.000:0.000:-0.800|0.000:0.000:0.800","0.000:0.000:8.718|20.000:0.000:4.800","0.000:0.000:1.300|0.000:0.000:1.300",False,False,Moving,60.00,40.00,3.00,SensorDegradation
58.2839,9,9,574,6.6435,0.0500,0.1162,259.8490,1.3415,0.0320,-8.4000,0.0000,-13.5000,20.2906,7,"","","-8.400:0.000:-5.018|-4.200:0.000:-6.418|-22.000:0.000:-5.510|4.200:0.000:2.283|8.400:0.000:-0.485","0.000:0.000:0.800|0.000:0.000:-0.800|0.000:0.000:-0.800|0.000:0.000:-0.800|0.000:0.000:0.800","0.000:0.000:8.850|20.000:0.000:4.932","0.000:0.000:1.300|0.000:0.000:1.300",False,False,Moving,60.00,40.00,3.00,SensorDegradation
58.3845,9,9,575,6.4949,0.0500,0.0896,259.8520,1.4420,0.0259,-8.4000,0.0000,-13.5000,20.1628,7,"","","-8.400:0.000:-4.938|-4.200:0.000:-6.498|-22.000:0.000:-5.590|4.200:0.000:2.203|8.400:0.000:-0.404","0.000:0.000:0.800|0.000:0.000:-0.800|0.000:0.000:-0.800|0.000:0.000:-0.800|0.000:0.000:0.800","0.000:0.000:8.981|20.000:0.000:5.063","0.000:0.000:1.300|0.000:0.000:1.300",False,False,Moving,60.00,40.00,3.00,SensorDegradation
58.4874,9,9,576,6.3430,0.0500,0.0624,259.8543,1.3594,0.0183,-8.4000,0.0000,-13.5000,20.0324,7,"","","-8.400:0.000:-4.856|-4.200:0.000:-6.581|-22.000:0.000:-5.673|4.200:0.000:2.121|8.400:0.000:-0.322","0.000:0.000:0.800|0.000:0.000:-0.800|0.000:0.000:-0.800|0.000:0.000:-0.800|0.000:0.000:0.800","0.000:0.000:9.114|20.000:0.000:5.197","0.000:0.000:1.300|0.000:0.000:1.300",False,False,Moving,60.00,40.00,3.00,SensorDegradation
58.5909,9,9,577,6.1902,0.0500,0.0351,259.8561,1.6608,0.0183,-8.4000,0.0000,-13.5000,19.9016,7,"","","-8.400:0.000:-4.773|-4.200:0.000:-6.664|-22.000:0.000:-5.755|4.200:0.000:2.038|8.400:0.000:-0.239","0.000:0.000:0.800|0.000:0.000:-0.800|0.000:0.000:-0.800|0.000:0.000:-0.800|0.000:0.000:0.800","0.000:0.000:9.249|20.000:0.000:5.331","0.000:0.000:1.300|0.000:0.000:1.300",False,False,Moving,60.00,40.00,3.00,SensorDegradation
58.6933,9,9,578,6.0389,0.0500,0.0080,259.8575,1.5753,0.0137,-8.4000,0.0000,-13.5000,19.7725,7,"","","-8.400:0.000:-4.691|-4.200:0.000:-6.745|-22.000:0.000:-5.837|4.200:0.000:1.956|8.400:0.000:-0.157","0.000:0.000:0.800|0.000:0.000:-0.800|0.000:0.000:-0.800|0.000:0.000:-0.800|0.000:0.000:0.800","0.000:0.000:9.382|20.000:0.000:5.464","0.000:0.000:1.300|0.000:0.000:1.300",False,False,Moving,60.00,40.00,3.00,SensorDegradation
58.7934,9,9,579,5.8911,0.0500,-0.0184,259.8586,1.3624,0.0092,-8.4000,0.0000,-13.5000,19.6467,7,"","","-8.400:0.000:-4.686|-4.200:0.000:-6.826|-22.000:0.000:-5.785|4.200:0.000:1.876|8.400:0.000:-0.077","0.000:0.000:-0.800|0.000:0.000:-0.800|0.000:0.000:0.800|0.000:0.000:-0.800|0.000:0.000:0.800","0.000:0.000:9.512|20.000:0.000:5.594","0.000:0.000:1.300|0.000:0.000:1.300",False,False,Moving,60.00,40.00,3.00,SensorDegradation
58.8953,9,9,580,5.7407,0.0500,-0.0453,259.8595,1.5774,0.0092,-8.4000,0.0000,-13.5000,19.5190,7,"","","-8.400:0.000:-4.767|-4.200:0.000:-6.907|-22.000:0.000:-5.704|4.200:0.000:1.794|8.400:0.000:0.005","0.000:0.000:-0.800|0.000:0.000:-0.800|0.000:0.000:0.800|0.000:0.000:-0.800|0.000:0.000:0.800","0.000:0.000:9.645|20.000:0.000:5.727","0.000:0.000:1.300|0.000:0.000:1.300",False,False,Moving,60.00,40.00,3.00,SensorDegradation
58.9965,9,9,581,5.5913,0.0500,-0.0720,259.8601,1.5559,0.0076,-8.4000,0.0000,-13.5000,19.3925,7,"","","-8.400:0.000:-4.848|-4.200:0.000:-6.988|-22.000:0.000:-5.623|4.200:0.000:1.713|8.400:0.000:0.086","0.000:0.000:-0.800|0.000:0.000:-0.800|0.000:0.000:0.800|0.000:0.000:-0.800|0.000:0.000:0.800","0.000:0.000:9.776|20.000:0.000:5.858","0.000:0.000:1.300|0.000:0.000:1.300",False,False,Moving,60.00,40.00,3.00,SensorDegradation
59.0969,9,9,582,5.4429,0.0500,-0.0985,259.8606,1.4174,0.0046,-8.4000,0.0000,-13.5000,19.2673,7,"","","-8.400:0.000:-4.929|-4.200:0.000:-7.068|-22.000:0.000:-5.542|4.200:0.000:1.633|8.400:0.000:0.166","0.000:0.000:-0.800|0.000:0.000:-0.800|0.000:0.000:0.800|0.000:0.000:-0.800|0.000:0.000:0.800","0.000:0.000:9.907|20.000:0.000:5.989","0.000:0.000:1.300|0.000:0.000:1.300",False,False,Moving,60.00,40.00,3.00,SensorDegradation
59.2001,9,9,583,5.2906,0.0500,-0.1258,259.8610,1.6263,0.0031,-8.4000,0.0000,-13.5000,19.1391,7,"","","-8.400:0.000:-5.011|-4.200:0.000:-7.151|-22.000:0.000:-5.460|4.200:0.000:1.550|8.400:0.000:0.248","0.000:0.000:-0.800|0.000:0.000:-0.800|0.000:0.000:0.800|0.000:0.000:-0.800|0.000:0.000:0.800","0.000:0.000:10.041|20.000:0.000:6.123","0.000:0.000:1.300|0.000:0.000:1.300",False,False,Moving,60.00,40.00,3.00,SensorDegradation
59.3028,9,9,584,5.1389,0.0500,-0.1529,259.8613,1.5800,0.0031,-8.4000,0.0000,-13.5000,19.0119,7,"","","-8.400:0.000:-5.093|-4.200:0.000:-7.233|-22.000:0.000:-5.377|4.200:0.000:1.468|8.400:0.000:0.331","0.000:0.000:-0.800|0.000:0.000:-0.800|0.000:0.000:0.800|0.000:0.000:-0.800|0.000:0.000:0.800","0.000:0.000:10.174|20.000:0.000:6.257","0.000:0.000:1.300|0.000:0.000:1.300",False,False,Moving,60.00,40.00,3.00,SensorDegradation
59.4050,9,9,585,4.9881,0.0500,-0.1798,259.8616,1.5363,0.0046,-8.4000,0.0000,-13.5000,18.8857,7,"","","-8.400:0.000:-5.175|-4.200:0.000:-7.315|-22.000:0.000:-5.296|4.200:0.000:1.387|8.400:0.000:0.412","0.000:0.000:-0.800|0.000:0.000:-0.800|0.000:0.000:0.800|0.000:0.000:-0.800|0.000:0.000:0.800","0.000:0.000:10.307|20.000:0.000:6.390","0.000:0.000:1.300|0.000:0.000:1.300",False,False,Moving,60.00,40.00,3.00,SensorDegradation
59.5070,9,9,586,4.8374,0.0500,-0.2068,259.8617,1.3516,0.0000,-8.4000,0.0000,-13.5000,18.7601,7,"","","-8.400:0.000:-5.257|-4.200:0.000:-7.396|-22.000:0.000:-5.214|4.200:0.000:1.305|8.400:0.000:0.494","0.000:0.000:-0.800|0.000:0.000:-0.800|0.000:0.000:0.800|0.000:0.000:-0.800|0.000:0.000:0.800","0.000:0.000:10.440|20.000:0.000:6.522","0.000:0.000:1.300|0.000:0.000:1.300",False,False,Moving,60.00,40.00,3.00,SensorDegradation
59.6094,9,9,587,4.6862,0.0500,-0.2338,259.8618,1.6240,0.0000,-8.4000,0.0000,-13.5000,18.6344,7,"","","-8.400:0.000:-5.339|-4.200:0.000:-7.478|-22.000:0.000:-5.132|4.200:0.000:1.223|8.400:0.000:0.576","0.000:0.000:-0.800|0.000:0.000:-0.800|0.000:0.000:0.800|0.000:0.000:-0.800|0.000:0.000:0.800","0.000:0.000:10.573|20.000:0.000:6.655","0.000:0.000:1.300|0.000:0.000:1.300",False,False,Moving,60.00,40.00,3.00,SensorDegradation
59.7111,9,9,588,4.5361,0.0500,-0.2607,259.8618,1.5758,0.0000,-8.4000,0.0000,-13.5000,18.5101,7,"","","-8.400:0.000:-5.420|-4.200:0.000:-7.560|-22.000:0.000:-5.051|4.200:0.000:1.142|8.400:0.000:0.657","0.000:0.000:-0.800|0.000:0.000:-0.800|0.000:0.000:0.800|0.000:0.000:-0.800|0.000:0.000:0.800","0.000:0.000:10.705|20.000:0.000:6.787","0.000:0.000:1.300|0.000:0.000:1.300",False,False,Moving,60.00,40.00,3.00,SensorDegradation
59.8132,9,9,589,4.3852,0.0500,-0.2876,259.8618,1.3973,0.0000,-8.4000,0.0000,-13.5000,18.3856,7,"","","-8.400:0.000:-5.502|-4.200:0.000:-7.641|-22.000:0.000:-4.969|4.200:0.000:1.060|8.400:0.000:0.739","0.000:0.000:-0.800|0.000:0.000:-0.800|0.000:0.000:0.800|0.000:0.000:-0.800|0.000:0.000:0.800","0.000:0.000:10.838|20.000:0.000:6.920","0.000:0.000:1.300|0.000:0.000:1.300",False,False,Moving,60.00,40.00,3.00,SensorDegradation
59.9143,9,9,590,4.2360,0.0500,-0.3143,259.8618,1.6047,0.0000,-8.4000,0.0000,-13.5000,18.2629,7,"","","-8.400:0.000:-5.583|-4.200:0.000:-7.722|-22.000:0.000:-4.888|4.200:0.000:0.979|8.400:0.000:0.820","0.000:0.000:-0.800|0.000:0.000:-0.800|0.000:0.000:0.800|0.000:0.000:-0.800|0.000:0.000:0.800","0.000:0.000:10.969|20.000:0.000:7.052","0.000:0.000:1.300|0.000:0.000:1.300",False,False,Moving,60.00,40.00,3.00,SensorDegradation
60.0160,9,9,591,4.0858,0.0500,-0.3412,259.8618,1.3207,0.0000,-8.4000,0.0000,-13.5000,18.1398,7,"","","-8.400:0.000:-5.664|-4.200:0.000:-7.804|-22.000:0.000:-4.807|4.200:0.000:0.898|8.400:0.000:0.901","0.000:0.000:-0.800|0.000:0.000:-0.800|0.000:0.000:0.800|0.000:0.000:-0.800|0.000:0.000:0.800","0.000:0.000:11.102|20.000:0.000:7.184","0.000:0.000:1.300|0.000:0.000:1.300",False,False,Moving,60.00,40.00,3.00,SensorDegradation
60.1187,9,9,592,3.9341,0.0500,-0.3683,259.8618,1.3345,0.0000,-8.4000,0.0000,-13.5000,18.0160,7,"","","-8.400:0.000:-5.746|-4.200:0.000:-7.886|-22.000:0.000:-4.725|4.200:0.000:0.816|8.400:0.000:0.983","0.000:0.000:-0.800|0.000:0.000:-0.800|0.000:0.000:0.800|0.000:0.000:-0.800|0.000:0.000:0.800","0.000:0.000:11.235|20.000:0.000:7.317","0.000:0.000:1.300|0.000:0.000:1.300",False,False,Moving,60.00,40.00,3.00,SensorDegradation
60.2191,9,9,593,3.7859,0.0500,-0.3948,259.8618,1.3218,0.0000,-8.4000,0.0000,-13.5000,17.8954,7,"","","-8.400:0.000:-5.826|-4.200:0.000:-7.966|-22.000:0.000:-4.644|4.200:0.000:0.735|8.400:0.000:1.064","0.000:0.000:-0.800|0.000:0.000:-0.800|0.000:0.000:0.800|0.000:0.000:-0.800|0.000:0.000:0.800","0.000:0.000:11.366|20.000:0.000:7.448","0.000:0.000:1.300|0.000:0.000:1.300",False,False,Moving,60.00,40.00,3.00,SensorDegradation
60.3191,9,9,594,3.6382,0.0500,-0.4212,259.8618,1.5083,0.0000,-8.4000,0.0000,-13.5000,17.7757,7,"","","-8.400:0.000:-5.906|-4.200:0.000:-8.046|-22.000:0.000:-4.564|4.200:0.000:0.655|8.400:0.000:1.144","0.000:0.000:-0.800|0.000:0.000:-0.800|0.000:0.000:0.800|0.000:0.000:-0.800|0.000:0.000:0.800","0.000:0.000:11.496|20.000:0.000:7.578","0.000:0.000:1.300|0.000:0.000:1.300",False,False,Moving,60.00,40.00,3.00,SensorDegradation
60.4205,9,9,595,3.4886,0.0500,-0.4480,259.8618,1.3761,0.0000,-8.4000,0.0000,-13.5000,17.6549,7,"","","-8.400:0.000:-5.987|-4.200:0.000:-8.127|-22.000:0.000:-4.483|4.200:0.000:0.574|8.400:0.000:1.225","0.000:0.000:-0.800|0.000:0.000:-0.800|0.000:0.000:0.800|0.000:0.000:-0.800|0.000:0.000:0.800","0.000:0.000:11.627|20.000:0.000:7.710","0.000:0.000:1.300|0.000:0.000:1.300",False,False,Moving,60.00,40.00,3.00,SensorDegradation
60.5217,9,9,596,3.3391,0.0500,-0.4747,259.8618,1.4944,0.0000,-8.4000,0.0000,-13.5000,17.5347,7,"","","-8.400:0.000:-6.068|-4.200:0.000:-8.208|-22.000:0.000:-4.402|4.200:0.000:0.493|8.400:0.000:1.306","0.000:0.000:-0.800|0.000:0.000:-0.800|0.000:0.000:0.800|0.000:0.000:-0.800|0.000:0.000:0.800","0.000:0.000:11.759|20.000:0.000:7.841","0.000:0.000:1.300|0.000:0.000:1.300",False,False,Moving,60.00,40.00,3.00,SensorDegradation
60.6223,9,9,597,3.1905,0.0500,-0.5013,259.8618,1.5700,0.0000,-8.4000,0.0000,-13.5000,17.4158,7,"","","-8.400:0.000:-6.149|-4.200:0.000:-8.289|-22.000:0.000:-4.322|4.200:0.000:0.413|8.400:0.000:1.386","0.000:0.000:-0.800|0.000:0.000:-0.800|0.000:0.000:0.800|0.000:0.000:-0.800|0.000:0.000:0.800","0.000:0.000:11.890|20.000:0.000:7.737","0.000:0.000:1.300|0.000:0.000:-1.300",False,False,Moving,60.00,40.00,3.00,SensorDegradation
60.7247,9,9,598,3.0393,0.0500,-0.5283,259.8618,1.6037,0.0000,-8.4000,0.0000,-13.5000,17.2953,7,"","","-8.400:0.000:-6.231|-4.200:0.000:-8.371|-22.000:0.000:-4.240|4.200:0.000:0.331|8.400:0.000:1.468","0.000:0.000:-0.800|0.000:0.000:-0.800|0.000:0.000:0.800|0.000:0.000:-0.800|0.000:0.000:0.800","0.000:0.000:12.023|20.000:0.000:7.604","0.000:0.000:1.300|0.000:0.000:-1.300",False,False,Moving,60.00,40.00,3.00,SensorDegradation
60.8263,9,9,599,2.8893,0.0500,-0.5551,259.8618,1.5001,0.0000,-8.4000,0.0000,-13.5000,17.1762,7,"","","-8.400:0.000:-6.312|-4.200:0.000:-8.452|-22.000:0.000:-4.159|4.200:0.000:0.249|8.400:0.000:1.549","0.000:0.000:-0.800|0.000:0.000:-0.800|0.000:0.000:0.800|0.000:0.000:-0.800|0.000:0.000:0.800","0.000:0.000:12.155|20.000:0.000:7.472","0.000:0.000:1.300|0.000:0.000:-1.300",False,False,Moving,60.00,40.00,3.00,SensorDegradation
60.9280,9,9,600,2.7396,0.0500,-0.5812,259.9262,1.4042,1.6830,-8.4000,0.0000,-13.5000,17.0584,7,"","","-8.400:0.000:-6.393|-4.200:0.000:-8.533|-22.000:0.000:-4.077|4.200:0.000:0.168|8.400:0.000:1.631","0.000:0.000:-0.800|0.000:0.000:-0.800|0.000:0.000:0.800|0.000:0.000:-0.800|0.000:0.000:0.800","0.000:0.000:12.287|20.000:0.000:7.340","0.000:0.000:1.300|0.000:0.000:-1.300",False,False,Moving,60.00,40.00,3.00,SensorDegradation
61.0298,9,9,601,2.5892,0.0500,-0.6069,260.0090,1.6636,0.7660,-8.4000,0.0000,-13.5000,16.9410,7,"","","-8.400:0.000:-6.475|-4.200:0.000:-8.615|-22.000:0.000:-3.996|4.200:0.000:0.087|8.400:0.000:1.712","0.000:0.000:-0.800|0.000:0.000:-0.800|0.000:0.000:0.800|0.000:0.000:-0.800|0.000:0.000:0.800","0.000:0.000:12.420|20.000:0.000:7.208","0.000:0.000:1.300|0.000:0.000:-1.300",False,False,Moving,60.00,40.00,3.00,SensorDegradation
61.1312,9,9,602,2.4396,0.0500,-0.6326,260.0623,1.5596,0.5844,-8.4000,0.0000,-13.5000,16.8246,7,"","","-8.400:0.000:-6.556|-4.200:0.000:-8.696|-22.000:0.000:-3.915|4.200:0.000:0.006|8.400:0.000:1.793","0.000:0.000:-0.800|0.000:0.000:-0.800|0.000:0.000:0.800|0.000:0.000:-0.800|0.000:0.000:0.800","0.000:0.000:12.551|20.000:0.000:7.076","0.000:0.000:1.300|0.000:0.000:-1.300",False,False,Moving,60.00,40.00,3.00,SensorDegradation
61.2332,9,9,603,2.2889,0.0500,-0.6587,260.0919,1.5111,0.3006,-8.4000,0.0000,-13.5000,16.7079,7,"","","-8.400:0.000:-6.638|-4.200:0.000:-8.777|-22.000:0.000:-3.833|4.200:0.000:-0.076|8.400:0.000:1.875","0.000:0.000:-0.800|0.000:0.000:-0.800|0.000:0.000:0.800|0.000:0.000:-0.800|0.000:0.000:0.800","0.000:0.000:12.684|20.000:0.000:6.943","0.000:0.000:1.300|0.000:0.000:-1.300",False,False,Moving,60.00,40.00,3.00,SensorDegradation
61.3353,9,9,604,2.1381,0.0500,-0.6849,260.0993,1.5261,-0.1480,-8.4000,0.0000,-13.5000,16.5916,7,"","","-8.400:0.000:-6.719|-4.200:0.000:-8.859|-22.000:0.000:-3.751|4.200:0.000:-0.158|8.400:0.000:1.957","0.000:0.000:-0.800|0.000:0.000:-0.800|0.000:0.000:0.800|0.000:0.000:-0.800|0.000:0.000:0.800","0.000:0.000:12.817|20.000:0.000:6.810","0.000:0.000:1.300|0.000:0.000:-1.300",False,False,Moving,60.00,40.00,3.00,SensorDegradation
61.4386,9,9,605,1.9858,0.0500,-0.7118,260.0734,1.4846,-0.1434,-8.4000,0.0000,-13.5000,16.4744,7,"","","-8.400:0.000:-6.802|-4.200:0.000:-8.942|-22.000:0.000:-3.669|4.200:0.000:-0.240|8.400:0.000:2.039","0.000:0.000:-0.800|0.000:0.000:-0.800|0.000:0.000:0.800|0.000:0.000:-0.800|0.000:0.000:0.800","0.000:0.000:12.951|20.000:0.000:6.676","0.000:0.000:1.300|0.000:0.000:-1.300",False,False,Moving,60.00,40.00,3.00,SensorDegradation
61.5406,9,9,606,1.8353,0.0500,-0.7387,260.0287,1.4783,-0.3235,-8.4000,0.0000,-13.5000,16.3590,7,"","","-8.400:0.000:-6.884|-4.200:0.000:-9.023|-22.000:0.000:-3.587|4.200:0.000:-0.322|8.400:0.000:2.121","0.000:0.000:-0.800|0.000:0.000:-0.800|0.000:0.000:0.800|0.000:0.000:-0.800|0.000:0.000:0.800","0.000:0.000:13.084|20.000:0.000:6.544","0.000:0.000:1.300|0.000:0.000:-1.300",False,False,Moving,60.00,40.00,3.00,SensorDegradation
61.6434,9,9,607,1.6838,0.0500,-0.7660,259.9636,1.5516,-0.8804,-8.4000,0.0000,-13.5000,16.2431,7,"","","-8.400:0.000:-6.966|-4.200:0.000:-9.106|-22.000:0.000:-3.505|4.200:0.000:-0.404|8.400:0.000:2.203","0.000:0.000:-0.800|0.000:0.000:-0.800|0.000:0.000:0.800|0.000:0.000:-0.800|0.000:0.000:0.800","0.000:0.000:13.217|20.000:0.000:6.410","0.000:0.000:1.300|0.000:0.000:-1.300",False,False,Moving,60.00,40.00,3.00,SensorDegradation
61.7447,9,9,608,1.5344,0.0500,-0.7936,259.8651,1.4461,-1.0971,-8.4000,0.0000,-13.5000,16.1291,7,"","","-8.400:0.000:-7.047|-4.200:0.000:-9.187|-22.000:0.000:-3.424|4.200:0.000:-0.485|8.400:0.000:2.284","0.000:0.000:-0.800|0.000:0.000:-0.800|0.000:0.000:0.800|0.000:0.000:-0.800|0.000:0.000:0.800","0.000:0.000:13.349|20.000:0.000:6.278","0.000:0.000:1.300|0.000:0.000:-1.300",False,False,Moving,60.00,40.00,3.00,SensorDegradation
61.8471,9,9,609,1.3838,0.0500,-0.8231,259.6412,1.4514,-2.7832,-8.4000,0.0000,-13.5000,16.0134,7,"","","-8.400:0.000:-7.129|-4.200:0.000:-9.269|-22.000:0.000:-3.342|4.200:0.000:-0.567|8.400:0.000:2.366","0.000:0.000:-0.800|0.000:0.000:-0.800|0.000:0.000:0.800|0.000:0.000:-0.800|0.000:0.000:0.800","0.000:0.000:13.230|20.000:0.000:6.145","0.000:0.000:-1.300|0.000:0.000:-1.300",False,False,Moving,60.00,40.00,3.00,SensorDegradation
61.9503,9,9,610,1.2427,0.0500,-0.8728,257.3202,1.5373,-47.1207,-8.4000,0.0000,-13.5000,15.8881,7,"","","-8.400:0.000:-7.211|-4.200:0.000:-9.351|-22.000:0.000:-3.259|4.200:0.000:-0.650|8.400:0.000:2.449","0.000:0.000:-0.800|0.000:0.000:-0.800|0.000:0.000:0.800|0.000:0.000:-0.800|0.000:0.000:0.800","0.000:0.000:13.095|20.000:0.000:6.011","0.000:0.000:-1.300|0.000:0.000:-1.300",False,False,Moving,60.00,40.00,3.00,SensorDegradation
62.0519,9,9,611,1.1417,0.0500,-0.9825,249.4037,1.4194,-78.8636,-8.4000,0.0000,-13.5000,15.7396,7,"","","-8.400:0.000:-7.293|-4.200:0.000:-9.432|-22.000:0.000:-3.178|4.200:0.000:-0.731|8.400:0.000:2.530","0.000:0.000:-0.800|0.000:0.000:-0.800|0.000:0.000:0.800|0.000:0.000:-0.800|0.000:0.000:0.800","0.000:0.000:12.963|20.000:0.000:5.879","0.000:0.000:-1.300|0.000:0.000:-1.300",False,False,Moving,60.00,40.00,3.00,SensorDegradation
62.1543,9,9,612,1.0480,0.0500,-1.1040,242.2053,1.4768,-64.4104,-8.4000,0.0000,-13.5000,15.5861,7,"","","-8.400:0.000:-7.375|-4.200:0.000:-9.514|-22.000:0.000:-3.096|4.200:0.000:-0.813|8.400:0.000:2.612","0.000:0.000:-0.800|0.000:0.000:-0.800|0.000:0.000:0.800|0.000:0.000:-0.800|0.000:0.000:0.800","0.000:0.000:12.830|20.000:0.000:5.746","0.000:0.000:-1.300|0.000:0.000:-1.300",False,False,Moving,60.00,40.00,3.00,SensorDegradation
62.2556,9,9,613,0.9655,0.0500,-1.2297,235.5317,1.4652,-73.5733,-8.4000,0.0000,-13.5000,15.4362,7,"","","-8.400:0.000:-7.456|-4.200:0.000:-9.595|-22.000:0.000:-3.015|4.200:0.000:-0.894|8.400:0.000:2.693","0.000:0.000:-0.800|0.000:0.000:-0.800|0.000:0.000:0.800|0.000:0.000:-0.800|0.000:0.000:0.800","0.000:0.000:12.699|20.000:0.000:5.614","0.000:0.000:-1.300|0.000:0.000:-1.300",False,False,Moving,60.00,40.00,3.00,SensorDegradation
62.3561,9,9,614,0.9238,0.0500,-1.3742,226.8269,1.4270,-79.0711,-8.4000,0.0000,-13.5000,15.2961,7,"","","-8.400:0.000:-7.536|-4.200:0.000:-9.676|-22.000:0.000:-2.935|4.200:0.000:-0.974|8.400:0.000:2.773","0.000:0.000:-0.800|0.000:0.000:-0.800|0.000:0.000:0.800|0.000:0.000:-0.800|0.000:0.000:0.800","0.000:0.000:12.568|20.000:0.000:5.484","0.000:0.000:-1.300|0.000:0.000:-1.300",False,False,Moving,60.00,40.00,3.00,SensorDegradation
62.4574,9,9,615,0.8829,0.0500,-1.5207,219.8132,1.5599,-67.3294,-8.4000,0.0000,-13.5000,15.1552,7,"","","-8.400:0.000:-7.617|-4.200:0.000:-9.757|-22.000:0.000:-2.854|4.200:0.000:-1.055|8.400:0.000:2.854","0.000:0.000:-0.800|0.000:0.000:-0.800|0.000:0.000:0.800|0.000:0.000:-0.800|0.000:0.000:0.800","0.000:0.000:12.436|20.000:0.000:5.352","0.000:0.000:-1.300|0.000:0.000:-1.300",False,False,Moving,60.00,40.00,3.00,SensorDegradation
62.5574,9,9,616,0.8425,0.0500,-1.6652,214.4381,1.3898,-46.6126,-8.4000,0.0000,-13.5000,15.0163,7,"","","-8.400:0.000:-7.697|-4.200:0.000:-9.837|-22.000:0.000:-2.774|4.200:0.000:-1.135|8.400:0.000:2.934","0.000:0.000:-0.800|0.000:0.000:-0.800|0.000:0.000:0.800|0.000:0.000:-0.800|0.000:0.000:0.800","0.000:0.000:12.306|20.000:0.000:5.222","0.000:0.000:-1.300|0.000:0.000:-1.300",False,False,Moving,60.00,40.00,3.00,SensorDegradation
62.6593,9,9,617,0.8015,0.0500,-1.8123,210.1899,1.5510,-40.5091,-8.4000,0.0000,-13.5000,14.8752,7,"","","-8.400:0.000:-7.779|-4.200:0.000:-9.918|-22.000:0.000:-2.692|4.200:0.000:-1.217|8.400:0.000:3.016","0.000:0.000:-0.800|0.000:0.000:-0.800|0.000:0.000:0.800|0.000:0.000:-0.800|0.000:0.000:0.800","0.000:0.000:12.174|20.000:0.000:5.089","0.000:0.000:-1.300|0.000:0.000:-1.300",False,False,Moving,60.00,40.00,3.00,SensorDegradation
62.7600,9,9,618,0.7608,0.0500,-1.9578,206.9301,1.4073,-28.7171,-8.4000,0.0000,-13.5000,14.7358,7,"","","-8.400:0.000:-7.859|-4.200:0.000:-9.999|-22.000:0.000:-2.612|4.200:0.000:-1.298|8.400:0.000:3.096","0.000:0.000:-0.800|0.000:0.000:-0.800|0.000:0.000:0.800|0.000:0.000:-0.800|0.000:0.000:0.800","0.000:0.000:12.043|20.000:0.000:4.958","0.000:0.000:-1.300|0.000:0.000:-1.300",False,False,Moving,60.00,40.00,3.00,SensorDegradation
62.8621,9,9,619,0.7196,0.0500,-2.1054,204.3686,1.6734,-26.4603,-8.4000,0.0000,-13.5000,14.5948,7,"","","-8.400:0.000:-7.941|-4.200:0.000:-10.081|-22.000:0.000:-2.530|4.200:0.000:-1.379|8.400:0.000:3.178","0.000:0.000:-0.800|0.000:0.000:-0.800|0.000:0.000:0.800|0.000:0.000:-0.800|0.000:0.000:0.800","0.000:0.000:11.910|20.000:0.000:4.826","0.000:0.000:-1.300|0.000:0.000:-1.300",False,False,Moving,60.00,40.00,3.00,SensorDegradation
62.9637,9,9,620,0.6786,0.0500,-2.2522,202.3956,1.2546,-14.6973,-8.4000,0.0000,-13.5000,14.4547,7,"","","-8.400:0.000:-8.022|-4.200:0.000:-10.162|-22.000:0.000:-2.449|4.200:0.000:-1.460|8.400:0.000:3.259","0.000:0.000:-0.800|0.000:0.000:-0.800|0.000:0.000:0.800|0.000:0.000:-0.800|0.000:0.000:0.800","0.000:0.000:11.778|20.000:0.000:4.694","0.000:0.000:-1.300|0.000:0.000:-1.300",False,False,Moving,60.00,40.00,3.00,SensorDegradation
63.0644,9,9,621,0.6380,0.0500,-2.3977,200.8783,1.4037,-12.7808,-8.4000,0.0000,-13.5000,14.3161,7,"","","-8.400:0.000:-8.103|-4.200:0.000:-10.242|-22.000:0.000:-2.368|4.200:0.000:-1.541|8.400:0.000:3.340","0.000:0.000:-0.800|0.000:0.000:-0.800|0.000:0.000:0.800|0.000:0.000:-0.800|0.000:0.000:0.800","0.000:0.000:11.647|20.000:0.000:4.563","0.000:0.000:-1.300|0.000:0.000:-1.300",False,False,Moving,60.00,40.00,3.00,SensorDegradation
63.1668,9,9,622,0.5967,0.0500,-2.5456,199.6827,1.3971,-9.9213,-8.4000,0.0000,-13.5000,14.1754,7,"","","-8.400:0.000:-8.185|-4.200:0.000:-10.324|-22.000:0.000:-2.286|4.200:0.000:-1.623|8.400:0.000:3.422","0.000:0.000:-0.800|0.000:0.000:-0.800|0.000:0.000:0.800|0.000:0.000:-0.800|0.000:0.000:0.800","0.000:0.000:11.514|20.000:0.000:4.429","0.000:0.000:-1.300|0.000:0.000:-1.300",False,False,Moving,60.00,40.00,3.00,SensorDegradation
63.2672,9,9,623,0.5562,0.0500,-2.6907,198.7736,1.3733,-7.5684,-8.4000,0.0000,-13.5000,14.0377,7,"","","-8.400:0.000:-8.265|-4.200:0.000:-10.405|-22.000:0.000:-2.206|4.200:0.000:-1.703|8.400:0.000:3.502","0.000:0.000:-0.800|0.000:0.000:-0.800|0.000:0.000:0.800|0.000:0.000:-0.800|0.000:0.000:0.800","0.000:0.000:11.383|20.000:0.000:4.299","0.000:0.000:-1.300|0.000:0.000:-1.300",False,False,Moving,60.00,40.00,3.00,SensorDegradation
63.3681,9,9,624,0.5155,0.0500,-2.8364,198.0642,1.5532,-6.6696,-8.4000,0.0000,-13.5000,13.8997,7,"","","-8.400:0.000:-8.346|-4.200:0.000:-10.485|-22.000:0.000:-2.125|4.200:0.000:-1.784|8.400:0.000:3.583","0.000:0.000:-0.800|0.000:0.000:-0.800|0.000:0.000:0.800|0.000:0.000:-0.800|0.000:0.000:0.800","0.000:0.000:11.252|20.000:0.000:4.168","0.000:0.000:-1.300|0.000:0.000:-1.300",False,False,Moving,60.00,40.00,3.00,SensorDegradation
63.4694,9,9,625,0.4746,0.0500,-2.9827,197.5117,1.6682,-5.5649,-8.4000,0.0000,-13.5000,13.7614,7,"","","-8.400:0.000:-8.427|-4.200:0.000:-10.566|-22.000:0.000:-2.044|4.200:0.000:-1.865|8.400:0.000:3.664","0.000:0.000:-0.800|0.000:0.000:-0.800|0.000:0.000:0.800|0.000:0.000:-0.800|0.000:0.000:0.800","0.000:0.000:11.121|20.000:0.000:4.036","0.000:0.000:-1.300|0.000:0.000:-1.300",False,False,Moving,60.00,40.00,3.00,SensorDegradation
63.5723,9,9,626,0.4331,0.0500,-3.1315,197.0768,1.5709,-4.0772,-8.4000,0.0000,-13.5000,13.6211,7,"","","-8.400:0.000:-8.509|-4.200:0.000:-10.649|-22.000:0.000:-1.962|4.200:0.000:-1.947|8.400:0.000:3.746","0.000:0.000:-0.800|0.000:0.000:-0.800|0.000:0.000:0.800|0.000:0.000:-0.800|0.000:0.000:0.800","0.000:0.000:10.987|20.000:0.000:3.902","0.000:0.000:-1.300|0.000:0.000:-1.300",False,False,Moving,60.00,40.00,3.00,SensorDegradation
63.6742,9,9,627,0.3920,0.0500,-3.2786,196.7442,1.6501,-3.3417,-8.4000,0.0000,-13.5000,13.4826,7,"","","-8.400:0.000:-8.590|-4.200:0.000:-10.730|-22.000:0.000:-1.880|4.200:0.000:-2.029|8.400:0.000:3.828","0.000:0.000:-0.800|0.000:0.000:-0.800|0.000:0.000:0.800|0.000:0.000:-0.800|0.000:0.000:0.800","0.000:0.000:10.854|20.000:0.000:3.770","0.000:0.000:-1.300|0.000:0.000:-1.300",False,False,Moving,60.00,40.00,3.00,SensorDegradation
63.7765,9,9,628,0.3507,0.0500,-3.4264,196.4855,1.4343,-2.2553,-8.4000,0.0000,-13.5000,13.3437,7,"","","-8.400:0.000:-8.672|-4.200:0.000:-10.812|-22.000:0.000:-1.798|4.200:0.000:-2.111|8.400:0.000:3.910","0.000:0.000:-0.800|0.000:0.000:-0.800|0.000:0.000:0.800|0.000:0.000:-0.800|0.000:0.000:0.800","0.000:0.000:10.721|20.000:0.000:3.637","0.000:0.000:-1.300|0.000:0.000:-1.300",False,False,Moving,60.00,40.00,3.00,SensorDegradation
63.8766,9,9,629,0.3104,0.0500,-3.5710,196.2893,1.4424,-1.7639,-8.4000,0.0000,-13.5000,13.2083,7,"","","-8.400:0.000:-8.752|-4.200:0.000:-10.892|-22.000:0.000:-1.718|4.200:0.000:-2.191|8.400:0.000:3.990","0.000:0.000:-0.800|0.000:0.000:-0.800|0.000:0.000:0.800|0.000:0.000:-0.800|0.000:0.000:0.800","0.000:0.000:10.591|20.000:0.000:3.507","0.000:0.000:-1.300|0.000:0.000:-1.300",False,False,Moving,60.00,40.00,3.00,SensorDegradation
63.9776,9,9,630,0.2696,0.0500,-3.7169,196.1354,1.5130,-1.4420,-8.4000,0.0000,-13.5000,13.0719,7,"","","-8.400:0.000:-8.833|-4.200:0.000:-10.973|-22.000:0.000:-1.638|4.200:0.000:-2.272|8.400:0.000:4.070","0.000:0.000:-0.800|0.000:0.000:-0.800|0.000:0.000:0.800|0.000:0.000:-0.800|0.000:0.000:0.800","0.000:0.000:10.460|20.000:0.000:3.376","0.000:0.000:-1.300|0.000:0.000:-1.300",False,False,Moving,60.00,40.00,3.00,SensorDegradation
64.0805,9,9,631,0.2281,0.0500,-3.8656,196.0140,1.4633,-1.0834,-8.4000,0.0000,-13.5000,12.9333,7,"","","-8.400:0.000:-8.915|-4.200:0.000:-11.055|-22.000:0.000:-1.555|4.200:0.000:-2.354|8.400:0.000:4.153","0.000:0.000:-0.800|0.000:0.000:-0.800|0.000:0.000:0.800|0.000:0.000:-0.800|0.000:0.000:0.800","0.000:0.000:10.326|20.000:0.000:3.242","0.000:0.000:-1.300|0.000:0.000:-1.300",False,False,Moving,60.00,40.00,3.00,SensorDegradation
64.1835,9,9,632,0.1866,0.0500,-4.0144,195.9202,1.4269,-0.8209,-8.4000,0.0000,-13.5000,12.7949,7,"","","-8.400:0.000:-8.998|-4.200:0.000:-11.138|-22.000:0.000:-1.473|4.200:0.000:-2.436|8.400:0.000:4.235","0.000:0.000:-0.800|0.000:0.000:-0.800|0.000:0.000:0.800|0.000:0.000:-0.800|0.000:0.000:0.800","0.000:0.000:10.192|20.000:0.000:3.108","0.000:0.000:-1.300|0.000:0.000:-1.300",False,False,Moving,60.00,40.00,3.00,SensorDegradation
64.2882,9,9,633,0.1443,0.0500,-4.1657,195.8466,1.4581,-0.6195,-8.4000,0.0000,-13.5000,12.6545,7,"","","-8.400:0.000:-9.082|-4.200:0.000:-11.221|-22.000:0.000:-1.389|4.200:0.000:-2.520|8.400:0.000:4.319","0.000:0.000:-0.800|0.000:0.000:-0.800|0.000:0.000:0.800|0.000:0.000:-0.800|0.000:0.000:0.800","0.000:0.000:10.056|20.000:0.000:2.972","0.000:0.000:-1.300|0.000:0.000:-1.300",False,False,Moving,60.00,40.00,3.00,SensorDegradation
64.3900,9,9,634,0.1032,0.0500,-4.3128,195.7915,1.4308,-0.4730,-8.4000,0.0000,-13.5000,12.5185,7,"","","-8.400:0.000:-9.163|-4.200:0.000:-11.303|-22.000:0.000:-1.308|4.200:0.000:-2.602|8.400:0.000:4.400","0.000:0.000:-0.800|0.000:0.000:-0.800|0.000:0.000:0.800|0.000:0.000:-0.800|0.000:0.000:0.800","0.000:0.000:9.924|20.000:0.000:2.839","0.000:0.000:-1.300|0.000:0.000:-1.300",False,False,Moving,60.00,40.00,3.00,SensorDegradation
64.4909,9,9,635,0.0625,0.0500,-4.4585,195.7491,1.5720,-0.4059,-8.4000,0.0000,-13.5000,12.3841,7,"","","-8.400:0.000:-9.244|-4.200:0.000:-11.384|-22.000:0.000:-1.227|4.200:0.000:-2.682|8.400:0.000:4.481","0.000:0.000:-0.800|0.000:0.000:-0.800|0.000:0.000:0.800|0.000:0.000:-0.800|0.000:0.000:0.800","0.000:0.000:9.793|20.000:0.000:2.708","0.000:0.000:-1.300|0.000:0.000:-1.300",False,False,Moving,60.00,40.00,3.00,SensorDegradation
64.5917,9,9,636,0.0219,0.0500,-4.6041,195.7163,1.5028,-0.3021,-8.4000,0.0000,-13.5000,12.2502,7,"","","-8.400:0.000:-9.324|-4.200:0.000:-11.464|-22.000:0.000:-1.146|4.200:0.000:-2.763|8.400:0.000:4.562","0.000:0.000:-0.800|0.000:0.000:-0.800|0.000:0.000:0.800|0.000:0.000:-0.800|0.000:0.000:0.800","0.000:0.000:9.662|20.000:0.000:2.577","0.000:0.000:-1.300|0.000:0.000:-1.300",False,False,Moving,60.00,40.00,3.00,SensorDegradation
64.6923,9,9,637,-0.0188,0.0500,-4.7496,195.6908,1.3264,-0.2075,-8.4000,0.0000,-13.5000,12.1168,7,"","","-8.400:0.000:-9.405|-4.200:0.000:-11.545|-22.000:0.000:-1.066|4.200:0.000:-2.843|8.400:0.000:4.642","0.000:0.000:-0.800|0.000:0.000:-0.800|0.000:0.000:0.800|0.000:0.000:-0.800|0.000:0.000:0.800","0.000:0.000:9.531|20.000:0.000:2.446","0.000:0.000:-1.300|0.000:0.000:-1.300",False,False,Moving,60.00,40.00,3.00,SensorDegradation
64.7930,9,9,638,-0.0594,0.0500,-4.8950,195.6710,1.6182,-0.1968,-8.4000,0.0000,-13.5000,11.9839,7,"","","-8.400:0.000:-9.486|-4.200:0.000:-11.625|-22.000:0.000:-0.985|4.200:0.000:-2.924|8.400:0.000:4.723","0.000:0.000:-0.800|0.000:0.000:-0.800|0.000:0.000:0.800|0.000:0.000:-0.800|0.000:0.000:0.800","0.000:0.000:9.400|20.000:0.000:2.315","0.000:0.000:-1.300|0.000:0.000:-1.300",False,False,Moving,60.00,40.00,3.00,SensorDegradation
64.8947,9,9,639,-0.1004,0.0500,-5.0420,195.6555,1.4286,-0.1343,-8.4000,0.0000,-13.5000,11.8501,7,"","","-8.400:0.000:-9.567|-4.200:0.000:-11.707|-22.000:0.000:-0.904|4.200:0.000:-3.005|8.400:0.000:4.804","0.000:0.000:-0.800|0.000:0.000:-0.800|0.000:0.000:0.800|0.000:0.000:-0.800|0.000:0.000:0.800","0.000:0.000:9.268|20.000:0.000:2.183","0.000:0.000:-1.300|0.000:0.000:-1.300",False,False,Moving,60.00,40.00,3.00,SensorDegradation
64.9961,9,9,640,-0.1413,0.0500,-5.1885,195.6435,1.6130,-0.1190,-8.4000,0.0000,-13.5000,11.7171,7,"","","-8.400:0.000:-9.648|-4.200:0.000:-11.788|-22.000:0.000:-0.823|4.200:0.000:-3.086|8.400:0.000:4.885","0.000:0.000:-0.800|0.000:0.000:-0.800|0.000:0.000:0.800|0.000:0.000:-0.800|0.000:0.000:0.800","0.000:0.000:9.136|20.000:0.000:2.051","0.000:0.000:-1.300|0.000:0.000:-1.300",False,False,Moving,60.00,40.00,3.00,SensorDegradation
65.0974,9,9,641,-0.1822,0.0500,-5.3348,195.6342,1.4384,-0.0824,-8.4000,0.0000,-13.5000,11.5847,7,"","","-8.400:0.000:-9.729|-4.200:0.000:-11.869|-22.000:0.000:-0.742|4.200:0.000:-3.167|8.400:0.000:4.966","0.000:0.000:-0.800|0.000:0.000:-0.800|0.000:0.000:0.800|0.000:0.000:-0.800|0.000:0.000:0.800","0.000:0.000:9.004|20.000:0.000:1.920","0.000:0.000:-1.300|0.000:0.000:-1.300",False,False,Moving,60.00,40.00,3.00,SensorDegradation
65.1992,9,9,642,-0.2232,0.0500,-5.4818,195.6270,1.4659,-0.0641,-8.4000,0.0000,-13.5000,11.4522,7,"","","-8.400:0.000:-9.810|-4.200:0.000:-11.950|-22.000:0.000:-0.660|4.200:0.000:-3.249|8.400:0.000:5.048","0.000:0.000:-0.800|0.000:0.000:-0.800|0.000:0.000:0.800|0.000:0.000:-0.800|0.000:0.000:0.800","0.000:0.000:8.872|20.000:0.000:1.787","0.000:0.000:-1.300|0.000:0.000:-1.300",False,False,Moving,60.00,40.00,3.00,SensorDegradation
65.2993,9,9,643,-0.2636,0.0500,-5.6265,195.6214,1.6311,-0.0565,-8.4000,0.0000,-13.5000,11.3224,7,"","","-8.400:0.000:-9.815|-4.200:0.000:-12.030|-22.000:0.000:-0.580|4.200:0.000:-3.329|8.400:0.000:5.128","0.000:0.000:0.800|0.000:0.000:-0.800|0.000:0.000:0.800|0.000:0.000:-0.800|0.000:0.000:0.800","0.000:0.000:8.742|20.000:0.000:1.657","0.000:0.000:-1.300|0.000:0.000:-1.300",False,False,Moving,60.00,40.00,3.00,SensorDegradation
65.3998,9,9,644,-0.3042,0.0500,-5.7716,195.6171,1.4572,-0.0397,-8.4000,0.0000,-13.5000,11.1925,7,"","","-8.400:0.000:-9.734|-4.200:0.000:-12.111|-22.000:0.000:-0.500|4.200:0.000:-3.409|8.400:0.000:5.208","0.000:0.000:0.800|0.000:0.000:-0.800|0.000:0.000:0.800|0.000:0.000:-0.800|0.000:0.000:0.800","0.000:0.000:8.611|20.000:0.000:1.527","0.000:0.000:-1.300|0.000:0.000:-1.300",False,False,Moving,60.00,40.00,3.00,SensorDegradation
65.5003,9,9,645,-0.3447,0.0500,-5.9169,195.6138,1.4021,-0.0305,-8.4000,0.0000,-13.5000,11.0632,7,"","","-8.400:0.000:-9.654|-4.200:0.000:-12.191|-22.000:0.000:-0.419|4.200:0.000:-3.490|8.400:0.000:5.289","0.000:0.000:0.800|0.000:0.000:-0.800|0.000:0.000:0.800|0.000:0.000:-0.800|0.000:0.000:0.800","0.000:0.000:8.480|20.000:0.000:1.396","0.000:0.000:-1.300|0.000:0.000:-1.300",False,False,Moving,60.00,40.00,3.00,SensorDegradation
65.6016,9,9,646,-0.3856,0.0500,-6.0632,195.6111,1.6078,-0.0259,-8.4000,0.0000,-13.5000,10.9334,7,"","","-8.400:0.000:-9.573|-4.200:0.000:-12.272|-22.000:0.000:-0.338|4.200:0.000:-3.571|8.400:0.000:5.370","0.000:0.000:0.800|0.000:0.000:-0.800|0.000:0.000:0.800|0.000:0.000:-0.800|0.000:0.000:0.800","0.000:0.000:8.349|20.000:0.000:1.264","0.000:0.000:-1.300|0.000:0.000:-1.300",False,False,Moving,60.00,40.00,3.00,SensorDegradation
65.7017,9,9,647,-0.4260,0.0500,-6.2078,195.6091,1.7027,-0.0214,-8.4000,0.0000,-13.5000,10.8057,7,"","","-8.400:0.000:-9.493|-4.200:0.000:-12.352|-22.000:0.000:-0.258|4.200:0.000:-3.651|8.400:0.000:5.450","0.000:0.000:0.800|0.000:0.000:-0.800|0.000:0.000:0.800|0.000:0.000:-0.800|0.000:0.000:0.800","0.000:0.000:8.219|20.000:0.000:1.134","0.000:0.000:-1.300|0.000:0.000:-1.300",False,False,Moving,60.00,40.00,3.00,SensorDegradation
65.8048,9,9,648,-0.4668,0.0500,-6.3563,195.5563,1.5079,-0.0671,-8.4000,0.0000,-13.5000,10.6757,7,"","","-8.400:0.000:-9.410|-4.200:0.000:-12.435|-22.000:0.000:-0.176|4.200:0.000:-3.733|8.400:0.000:5.532","0.000:0.000:0.800|0.000:0.000:-0.800|0.000:0.000:0.800|0.000:0.000:-0.800|0.000:0.000:0.800","0.000:0.000:8.085|20.000:0.000:1.000","0.000:0.000:-1.300|0.000:0.000:-1.300",False,False,Moving,60.00,40.00,3.00,SensorDegradation
65.9078,9,9,649,-0.5079,0.0500,-6.5046,195.5405,1.4118,-0.0671,-8.4000,0.0000,-13.5000,10.5463,7,"","","-8.400:0.000:-9.328|-4.200:0.000:-12.517|-22.000:0.000:-0.093|4.200:0.000:-3.816|8.400:0.000:5.615","0.000:0.000:0.800|0.000:0.000:-0.800|0.000:0.000:0.800|0.000:0.000:-0.800|0.000:0.000:0.800","0.000:0.000:7.951|20.000:0.000:0.866","0.000:0.000:-1.300|0.000:0.000:-1.300",False,False,Moving,60.00,40.00,3.00,SensorDegradation
66.0098,9,9,650,-0.5486,0.0500,-6.6515,195.5323,1.3618,-0.1572,-8.4000,0.0000,-13.5000,10.4187,7,"","","-8.400:0.000:-9.246|-4.200:0.000:-12.599|-22.000:0.000:-0.012|4.200:0.000:-3.897|8.400:0.000:5.696","0.000:0.000:0.800|0.000:0.000:-0.800|0.000:0.000:0.800|0.000:0.000:-0.800|0.000:0.000:0.800","0.000:0.000:7.818|20.000:0.000:0.734","0.000:0.000:-1.300|0.000:0.000:-1.300",False,False,Moving,60.00,40.00,3.00,SensorDegradation
66.1120,9,9,651,-0.5895,0.0500,-6.7986,195.5306,1.5108,0.0420,-8.4000,0.0000,-13.5000,10.2915,7,"","","-8.400:0.000:-9.164|-4.200:0.000:-12.680|-22.000:0.000:0.070|4.200:0.000:-3.979|8.400:0.000:5.778","0.000:0.000:0.800|0.000:0.000:-0.800|0.000:0.000:0.800|0.000:0.000:-0.800|0.000:0.000:0.800","0.000:0.000:7.685|20.000:0.000:0.601","0.000:0.000:-1.300|0.000:0.000:-1.300",False,False,Moving,60.00,40.00,3.00,SensorDegradation
66.2150,9,9,652,-0.6308,0.0500,-6.9470,195.5399,1.6101,0.2441,-8.4000,0.0000,-13.5000,10.1639,7,"","","-8.400:0.000:-9.082|-4.200:0.000:-12.763|-22.000:0.000:0.152|4.200:0.000:-4.061|8.400:0.000:5.860","0.000:0.000:0.800|0.000:0.000:-0.800|0.000:0.000:0.800|0.000:0.000:-0.800|0.000:0.000:0.800","0.000:0.000:7.551|20.000:0.000:0.467","0.000:0.000:-1.300|0.000:0.000:-1.300",False,False,Moving,60.00,40.00,3.00,SensorDegradation
66.3159,9,9,653,-0.6713,0.0500,-7.0923,195.5499,1.5555,0.2327,-8.4000,0.0000,-13.5000,10.0397,7,"","","-8.400:0.000:-9.001|-4.200:0.000:-12.844|-22.000:0.000:0.233|4.200:0.000:-4.142|8.400:0.000:5.941","0.000:0.000:0.800|0.000:0.000:-0.800|0.000:0.000:0.800|0.000:0.000:-0.800|0.000:0.000:0.800","0.000:0.000:7.420|20.000:0.000:0.336","0.000:0.000:-1.300|0.000:0.000:-1.300",False,False,Moving,60.00,40.00,3.00,SensorDegradation
66.4169,9,9,654,-0.7120,0.0500,-7.2377,195.5677,1.4730,0.0549,-8.4000,0.0000,-13.5000,9.9159,7,"","","-8.400:0.000:-8.921|-4.200:0.000:-12.924|-22.000:0.000:0.314|4.200:0.000:-4.223|8.400:0.000:6.022","0.000:0.000:0.800|0.000:0.000:-0.800|0.000:0.000:0.800|0.000:0.000:-0.800|0.000:0.000:0.800","0.000:0.000:7.289|20.000:0.000:0.204","0.000:0.000:-1.300|0.000:0.000:-1.300",False,False,Moving,60.00,40.00,3.00,SensorDegradation
66.5191,9,9,655,-0.7532,0.0500,-7.3847,195.5933,1.6632,0.2502,-8.4000,0.0000,-13.5000,9.7915,7,"","","-8.400:0.000:-8.839|-4.200:0.000:-13.006|-22.000:0.000:0.396|4.200:0.000:-4.305|8.400:0.000:6.104","0.000:0.000:0.800|0.000:0.000:-0.800|0.000:0.000:0.800|0.000:0.000:-0.800|0.000:0.000:0.800","0.000:0.000:7.156|20.000:0.000:0.072","0.000:0.000:-1.300|0.000:0.000:-1.300",False,False,Moving,60.00,40.00,3.00,SensorDegradation
66.6213,9,9,656,-0.7947,0.0500,-7.5318,195.6272,1.6157,0.3006,-8.4000,0.0000,-13.5000,9.6676,7,"","","-8.400:0.000:-8.757|-4.200:0.000:-13.088|-22.000:0.000:0.477|4.200:0.000:-4.317|8.400:0.000:6.185","0.000:0.000:0.800|0.000:0.000:-0.800|0.000:0.000:0.800|0.000:0.000:0.800|0.000:0.000:0.800","0.000:0.000:7.023|20.000:0.000:-0.061","0.000:0.000:-1.300|0.000:0.000:-1.300",False,False,Moving,60.00,40.00,3.00,SensorDegradation
66.7233,9,9,657,-0.8373,0.0500,-7.6783,195.8024,1.4792,0.9895,-8.4000,0.0000,-13.5000,9.5441,7,"","","-8.400:0.000:-8.675|-4.200:0.000:-13.170|-22.000:0.000:0.559|4.200:0.000:-4.235|8.400:0.000:6.267","0.000:0.000:0.800|0.000:0.000:-0.800|0.000:0.000:0.800|0.000:0.000:0.800|0.000:0.000:0.800","0.000:0.000:6.891|20.000:0.000:-0.194","0.000:0.000:-1.300|0.000:0.000:-1.300",False,False,Moving,60.00,40.00,3.00,SensorDegradation
66.8247,9,9,658,-0.9225,0.0500,-7.7972,200.5649,1.3997,67.8330,-8.4000,0.0000,-13.5000,9.4041,7,"","","-8.400:0.000:-8.594|-4.200:0.000:-13.251|-22.000:0.000:0.640|4.200:0.000:-4.154|8.400:0.000:6.348","0.000:0.000:0.800|0.000:0.000:-0.800|0.000:0.000:0.800|0.000:0.000:0.800|0.000:0.000:0.800","0.000:0.000:6.759|20.000:0.000:-0.326","0.000:0.000:-1.300|0.000:0.000:-1.300",False,False,Moving,60.00,40.00,3.00,SensorDegradation
66.9263,9,9,659,-1.0396,0.0500,-7.8945,207.2527,1.6270,64.9552,-8.4000,0.0000,-13.5000,9.2520,7,"","","-8.400:0.000:-8.513|-4.200:0.000:-13.332|-22.000:0.000:0.721|4.200:0.000:-4.073|8.400:0.000:6.430","0.000:0.000:0.800|0.000:0.000:-0.800|0.000:0.000:0.800|0.000:0.000:0.800|0.000:0.000:0.800","0.000:0.000:6.627|20.000:0.000:-0.458","0.000:0.000:-1.300|0.000:0.000:-1.300",False,False,Moving,60.00,40.00,3.00,SensorDegradation
67.0266,9,9,660,-1.1554,0.0500,-7.9907,212.3835,1.5773,48.9479,-8.4000,0.0000,-13.5000,9.1016,7,"","","-8.400:0.000:-8.433|-4.200:0.000:-13.294|-22.000:0.000:0.802|4.200:0.000:-3.992|8.400:0.000:6.510","0.000:0.000:0.800|0.000:0.000:0.800|0.000:0.000:0.800|0.000:0.000:0.800|0.000:0.000:0.800","0.000:0.000:6.496|20.000:0.000:-0.588","0.000:0.000:-1.300|0.000:0.000:-1.300",False,False,Moving,60.00,40.00,3.00,SensorDegradation
67.1287,9,9,661,-1.2902,0.0500,-8.0571,219.7191,1.5401,89.9292,-8.4000,0.0000,-13.5000,8.9542,7,"","","-8.400:0.000:-8.351|-4.200:0.000:-13.212|-22.000:0.000:0.883|4.200:0.000:-3.911|8.400:0.000:6.591","0.000:0.000:0.800|0.000:0.000:0.800|0.000:0.000:0.800|0.000:0.000:0.800|0.000:0.000:0.800","0.000:0.000:6.363|20.000:0.000:-0.721","0.000:0.000:-1.300|0.000:0.000:-1.300",False,False,Moving,60.00,40.00,3.00,SensorDegradation
67.2303,9,9,662,-1.4360,0.0500,-8.1011,227.2488,1.4154,64.3669,-8.4000,0.0000,-13.5000,8.8118,7,"","","-8.400:0.000:-8.270|-4.200:0.000:-13.131|-22.000:0.000:0.965|4.200:0.000:-3.829|8.400:0.000:6.673","0.000:0.000:0.800|0.000:0.000:0.800|0.000:0.000:0.800|0.000:0.000:0.800|0.000:0.000:0.800","0.000:0.000:6.231|20.000:0.000:-0.853","0.000:0.000:-1.300|0.000:0.000:-1.300",False,False,Moving,60.00,40.00,3.00,SensorDegradation
67.3320,9,9,663,-1.5821,0.0500,-8.1453,233.0942,1.6143,57.0092,-8.4000,0.0000,-13.5000,8.6694,7,"","","-8.400:0.000:-8.188|-4.200:0.000:-13.050|-22.000:0.000:1.046|4.200:0.000:-3.748|8.400:0.000:6.754","0.000:0.000:0.800|0.000:0.000:0.800|0.000:0.000:0.800|0.000:0.000:0.800|0.000:0.000:0.800","0.000:0.000:6.099|20.000:0.000:-0.985","0.000:0.000:-1.300|0.000:0.000:-1.300",False,False,Moving,60.00,40.00,3.00,SensorDegradation
67.4337,9,9,664,-1.7281,0.0500,-8.1894,237.6166,1.4151,38.8535,-8.4000,0.0000,-13.5000,8.5276,7,"","","-8.400:0.000:-8.107|-4.200:0.000:-12.968|-22.000:0.000:1.127|4.200:0.000:-3.667|8.400:0.000:6.835","0.000:0.000:0.800|0.000:0.000:0.800|0.000:0.000:0.800|0.000:0.000:0.800|0.000:0.000:0.800","0.000:0.000:5.967|20.000:0.000:-1.117","0.000:0.000:-1.300|0.000:0.000:-1.300",False,False,Moving,60.00,40.00,3.00,SensorDegradation
67.5347,9,9,665,-1.8731,0.0500,-8.2333,241.1013,1.5945,34.1774,-8.4000,0.0000,-13.5000,8.3870,7,"","","-8.400:0.000:-8.026|-4.200:0.000:-12.887|-22.000:0.000:1.208|4.200:0.000:-3.586|8.400:0.000:6.916","0.000:0.000:0.800|0.000:0.000:0.800|0.000:0.000:0.800|0.000:0.000:0.800|0.000:0.000:0.800","0.000:0.000:5.836|20.000:0.000:-1.249","0.000:0.000:-1.300|0.000:0.000:-1.300",False,False,Moving,60.00,40.00,3.00,SensorDegradation
67.6367,9,9,666,-2.0195,0.0500,-8.2775,243.8293,1.5638,26.0803,-8.4000,0.0000,-13.5000,8.2454,7,"","","-8.400:0.000:-7.945|-4.200:0.000:-12.806|-22.000:0.000:1.290|4.200:0.000:-3.504|8.400:0.000:6.998","0.000:0.000:0.800|0.000:0.000:0.800|0.000:0.000:0.800|0.000:0.000:0.800|0.000:0.000:0.800","0.000:0.000:5.703|20.000:0.000:-1.381","0.000:0.000:-1.300|0.000:0.000:-1.300",False,False,Moving,60.00,40.00,3.00,SensorDegradation
67.7369,9,9,667,-2.1635,0.0500,-8.3210,245.9099,1.3564,17.5438,-8.4000,0.0000,-13.5000,8.1067,7,"","","-8.400:0.000:-7.864|-4.200:0.000:-12.726|-22.000:0.000:1.370|4.200:0.000:-3.424|8.400:0.000:7.078","0.000:0.000:0.800|0.000:0.000:0.800|0.000:0.000:0.800|0.000:0.000:0.800|0.000:0.000:0.800","0.000:0.000:5.573|20.000:0.000:-1.512","0.000:0.000:-1.300|0.000:0.000:-1.300",False,False,Moving,60.00,40.00,3.00,SensorDegradation
67.8392,9,9,668,-2.3104,0.0500,-8.3654,247.5577,1.5739,15.8821,-8.4000,0.0000,-13.5000,7.9655,7,"","","-8.400:0.000:-7.783|-4.200:0.000:-12.644|-22.000:0.000:1.452|4.200:0.000:-3.342|8.400:0.000:7.160","0.000:0.000:0.800|0.000:0.000:0.800|0.000:0.000:0.800|0.000:0.000:0.800|0.000:0.000:0.800","0.000:0.000:5.440|20.000:0.000:-1.645","0.000:0.000:-1.300|0.000:0.000:-1.300",False,False,Moving,60.00,40.00,3.00,SensorDegradation
67.9412,9,9,669,-2.4569,0.0500,-8.4097,248.8283,1.5488,12.1521,-8.4000,0.0000,-13.5000,7.8252,7,"","","-8.400:0.000:-7.701|-4.200:0.000:-12.562|-22.000:0.000:1.533|4.200:0.000:-3.261|8.400:0.000:7.241","0.000:0.000:0.800|0.000:0.000:0.800|0.000:0.000:0.800|0.000:0.000:0.800|0.000:0.000:0.800","0.000:0.000:5.307|20.000:0.000:-1.777","0.000:0.000:-1.300|0.000:0.000:-1.300",False,False,Moving,60.00,40.00,3.00,SensorDegradation
68.0431,9,9,670,-2.6031,0.0500,-8.4539,249.8105,1.5989,9.7473,-8.4000,0.0000,-13.5000,7.6857,7,"","","-8.400:0.000:-7.620|-4.200:0.000:-12.481|-22.000:0.000:1.615|4.200:0.000:-3.179|8.400:0.000:7.323","0.000:0.000:0.800|0.000:0.000:0.800|0.000:0.000:0.800|0.000:0.000:0.800|0.000:0.000:0.800","0.000:0.000:5.175|20.000:0.000:-1.910","0.000:0.000:-1.300|0.000:0.000:-1.300",False,False,Moving,60.00,40.00,3.00,SensorDegradation
68.1431,9,9,671,-2.7467,0.0500,-8.4973,250.5591,1.3912,6.5979,-8.4000,0.0000,-13.5000,7.5491,7,"","","-8.400:0.000:-7.539|-4.200:0.000:-12.401|-22.000:0.000:1.695|4.200:0.000:-3.099|8.400:0.000:7.403","0.000:0.000:0.800|0.000:0.000:0.800|0.000:0.000:0.800|0.000:0.000:0.800|0.000:0.000:0.800","0.000:0.000:5.045|20.000:0.000:-2.040","0.000:0.000:-1.300|0.000:0.000:-1.300",False,False,Moving,60.00,40.00,3.00,SensorDegradation
68.2455,9,9,672,-2.8937,0.0500,-8.5417,251.1532,1.5598,5.4756,-8.4000,0.0000,-13.5000,7.4099,7,"","","-8.400:0.000:-7.458|-4.200:0.000:-12.319|-22.000:0.000:1.777|4.200:0.000:-3.017|8.400:0.000:7.485","0.000:0.000:0.800|0.000:0.000:0.800|0.000:0.000:0.800|0.000:0.000:0.800|0.000:0.000:0.800","0.000:0.000:4.912|20.000:0.000:-2.173","0.000:0.000:-1.300|0.000:0.000:-1.300",False,False,Moving,60.00,40.00,3.00,SensorDegradation
68.3483,9,9,673,-3.0413,0.0500,-8.5864,251.6147,1.5688,4.2847,-8.4000,0.0000,-13.5000,7.2706,7,"","","-8.400:0.000:-7.375|-4.200:0.000:-12.237|-22.000:0.000:1.859|4.200:0.000:-2.935|8.400:0.000:7.567","0.000:0.000:0.800|0.000:0.000:0.800|0.000:0.000:0.800|0.000:0.000:0.800|0.000:0.000:0.800","0.000:0.000:4.778|20.000:0.000:-2.307","0.000:0.000:-1.300|0.000:0.000:-1.300",False,False,Moving,60.00,40.00,3.00,SensorDegradation
68.4484,9,9,674,-3.1851,0.0500,-8.6298,251.9628,1.5240,3.2379,-8.4000,0.0000,-13.5000,7.1355,7,"","","-8.400:0.000:-7.295|-4.200:0.000:-12.156|-22.000:0.000:1.939|4.200:0.000:-2.855|8.400:0.000:7.647","0.000:0.000:0.800|0.000:0.000:0.800|0.000:0.000:0.800|0.000:0.000:0.800|0.000:0.000:0.800","0.000:0.000:4.648|20.000:0.000:-2.437","0.000:0.000:-1.300|0.000:0.000:-1.300",False,False,Moving,60.00,40.00,3.00,SensorDegradation
68.5498,9,9,675,-3.3307,0.0500,-8.6738,252.2366,1.4632,2.4239,-8.4000,0.0000,-13.5000,6.9994,7,"","","-8.400:0.000:-7.214|-4.200:0.000:-12.075|-22.000:0.000:2.020|4.200:0.000:-2.774|8.400:0.000:7.728","0.000:0.000:0.800|0.000:0.000:0.800|0.000:0.000:0.800|0.000:0.000:0.800|0.000:0.000:0.800","0.000:0.000:4.516|20.000:0.000:-2.568","0.000:0.000:-1.300|0.000:0.000:-1.300",False,False,Moving,60.00,40.00,3.00,SensorDegradation
68.6506,9,9,676,-3.4754,0.0500,-8.7176,252.4478,1.4310,1.8440,-8.4000,0.0000,-13.5000,6.8649,7,"","","-8.400:0.000:-7.134|-4.200:0.000:-11.995|-22.000:0.000:2.101|4.200:0.000:-2.693|8.400:0.000:7.809","0.000:0.000:0.800|0.000:0.000:0.800|0.000:0.000:0.800|0.000:0.000:0.800|0.000:0.000:0.800","0.000:0.000:4.385|20.000:0.000:-2.699","0.000:0.000:-1.300|0.000:0.000:-1.300",False,False,Moving,60.00,40.00,3.00,SensorDegradation
68.7534,9,9,677,-3.6230,0.0500,-8.7622,252.6147,1.3924,1.3962,-8.4000,0.0000,-13.5000,6.7282,7,"","","-8.400:0.000:-7.051|-4.200:0.000:-11.912|-22.000:0.000:2.183|4.200:0.000:-2.611|8.400:0.000:7.891","0.000:0.000:0.800|0.000:0.000:0.800|0.000:0.000:0.800|0.000:0.000:0.800|0.000:0.000:0.800","0.000:0.000:4.251|20.000:0.000:-2.833","0.000:0.000:-1.300|0.000:0.000:-1.300",False,False,Moving,60.00,40.00,3.00,SensorDegradation
68.8567,9,9,678,-3.7713,0.0500,-8.8070,252.7442,1.4288,1.1162,-8.4000,0.0000,-13.5000,6.5918,7,"","","-8.400:0.000:-6.969|-4.200:0.000:-11.830|-22.000:0.000:2.266|4.200:0.000:-2.528|8.400:0.000:7.974","0.000:0.000:0.800|0.000:0.000:0.800|0.000:0.000:0.800|0.000:0.000:0.800|0.000:0.000:0.800","0.000:0.000:4.117|20.000:0.000:-2.967","0.000:0.000:-1.300|0.000:0.000:-1.300",False,False,Moving,60.00,40.00,3.00,SensorDegradation
68.9583,9,9,679,-3.9172,0.0500,-8.8511,252.8427,1.5785,0.9537,-8.4000,0.0000,-13.5000,6.4583,7,"","","-8.400:0.000:-6.887|-4.200:0.000:-11.748|-22.000:0.000:2.347|4.200:0.000:-2.447|8.400:0.000:8.055","0.000:0.000:0.800|0.000:0.000:0.800|0.000:0.000:0.800|0.000:0.000:0.800|0.000:0.000:0.800","0.000:0.000:3.985|20.000:0.000:-3.100","0.000:0.000:-1.300|0.000:0.000:-1.300",False,False,Moving,60.00,40.00,3.00,SensorDegradation
69.0595,9,9,680,-4.0625,0.0500,-8.8950,252.9187,1.5175,0.7164,-8.4000,0.0000,-13.5000,6.3263,7,"","","-8.400:0.000:-6.806|-4.200:0.000:-11.668|-22.000:0.000:2.428|4.200:0.000:-2.366|8.400:0.000:8.136","0.000:0.000:0.800|0.000:0.000:0.800|0.000:0.000:0.800|0.000:0.000:0.800|0.000:0.000:0.800","0.000:0.000:3.853|20.000:0.000:-3.231","0.000:0.000:-1.300|0.000:0.000:-1.300",False,False,Moving,60.00,40.00,3.00,SensorDegradation
69.1622,9,9,681,-4.2099,0.0500,-8.9396,252.9784,1.7715,0.6516,-8.4000,0.0000,-13.5000,6.1933,7,"","","-8.400:0.000:-6.724|-4.200:0.000:-11.585|-22.000:0.000:2.510|4.200:0.000:-2.284|8.400:0.000:8.218","0.000:0.000:0.800|0.000:0.000:0.800|0.000:0.000:0.800|0.000:0.000:0.800|0.000:0.000:0.800","0.000:0.000:3.720|20.000:0.000:-3.365","0.000:0.000:-1.300|0.000:0.000:-1.300",False,False,Moving,60.00,40.00,3.00,SensorDegradation
69.2643,9,9,682,-4.3565,0.0500,-8.9839,253.0243,1.4196,0.3860,-8.4000,0.0000,-13.5000,6.0620,7,"","","-8.400:0.000:-6.643|-4.200:0.000:-11.504|-22.000:0.000:2.592|4.200:0.000:-2.202|8.400:0.000:8.300","0.000:0.000:0.800|0.000:0.000:0.800|0.000:0.000:0.800|0.000:0.000:0.800|0.000:0.000:0.800","0.000:0.000:3.587|20.000:0.000:-3.497","0.000:0.000:-1.300|0.000:0.000:-1.300",False,False,Moving,60.00,40.00,3.00,SensorDegradation
69.3654,9,9,683,-4.5016,0.0500,-9.0278,253.0596,1.5259,0.3220,-8.4000,0.0000,-13.5000,5.9330,7,"","","-8.400:0.000:-6.562|-4.200:0.000:-11.423|-22.000:0.000:2.673|4.200:0.000:-2.121|8.400:0.000:8.381","0.000:0.000:0.800|0.000:0.000:0.800|0.000:0.000:0.800|0.000:0.000:0.800|0.000:0.000:0.800","0.000:0.000:3.456|20.000:0.000:-3.629","0.000:0.000:-1.300|0.000:0.000:-1.300",False,False,Moving,60.00,40.00,3.00,SensorDegradation
69.4678,9,9,684,-4.6487,0.0500,-9.0722,253.0873,1.5284,0.2518,-8.4000,0.0000,-13.5000,5.8034,7,"","","-8.400:0.000:-6.480|-4.200:0.000:-11.341|-22.000:0.000:2.755|4.200:0.000:-2.039|8.400:0.000:8.463","0.000:0.000:0.800|0.000:0.000:0.800|0.000:0.000:0.800|0.000:0.000:0.800|0.000:0.000:0.800","0.000:0.000:3.323|20.000:0.000:-3.762","0.000:0.000:-1.300|0.000:0.000:-1.300",False,False,Moving,60.00,40.00,3.00,SensorDegradation
69.5696,9,9,685,-4.7949,0.0500,-9.1164,253.1086,1.3170,0.1678,-8.4000,0.0000,-13.5000,5.6758,7,"","","-8.400:0.000:-6.398|-4.200:0.000:-11.259|-22.000:0.000:2.836|4.200:0.000:-1.958|8.400:0.000:8.544","0.000:0.000:0.800|0.000:0.000:0.800|0.000:0.000:0.800|0.000:0.000:0.800|0.000:0.000:0.800","0.000:0.000:3.190|20.000:0.000:-3.894","0.000:0.000:-1.300|0.000:0.000:-1.300",False,False,Moving,60.00,40.00,3.00,SensorDegradation
69.6721,9,9,686,-4.9421,0.0500,-9.1609,253.1252,1.7168,0.1709,-8.4000,0.0000,-13.5000,5.5486,7,"","","-8.400:0.000:-6.316|-4.200:0.000:-11.177|-22.000:0.000:2.918|4.200:0.000:-1.876|8.400:0.000:8.626","0.000:0.000:0.800|0.000:0.000:0.800|0.000:0.000:0.800|0.000:0.000:0.800|0.000:0.000:0.800","0.000:0.000:3.057|20.000:0.000:-4.027","0.000:0.000:-1.300|0.000:0.000:-1.300",False,False,Moving,60.00,40.00,3.00,SensorDegradation
69.7725,9,9,687,-5.0861,0.0500,-9.2045,253.1378,1.3417,0.1038,-8.4000,0.0000,-13.5000,5.4255,7,"","","-8.400:0.000:-6.236|-4.200:0.000:-11.097|-22.000:0.000:2.998|4.200:0.000:-1.796|8.400:0.000:8.706","0.000:0.000:0.800|0.000:0.000:0.800|0.000:0.000:0.800|0.000:0.000:0.800|0.000:0.000:0.800","0.000:0.000:2.927|20.000:0.000:-4.158","0.000:0.000:-1.300|0.000:0.000:-1.300",False,False,Moving,60.00,40.00,3.00,SensorDegradation
69.8745,9,9,688,-5.2327,0.0500,-9.2488,253.1477,1.5617,0.0938,-8.4000,0.0000,-13.5000,5.3016,7,"","","-8.400:0.000:-6.154|-4.200:0.000:-11.016|-22.000:0.000:3.080|4.200:0.000:-1.714|8.400:0.000:8.788","0.000:0.000:0.800|0.000:0.000:0.800|0.000:0.000:0.800|0.000:0.000:0.800|0.000:0.000:0.800","0.000:0.000:2.794|20.000:0.000:-4.291","0.000:0.000:-1.300|0.000:0.000:-1.300",False,False,Moving,60.00,40.00,3.00,SensorDegradation
69.9756,9,9,689,-5.3778,0.0500,-9.2926,253.1554,1.6933,0.0793,-8.4000,0.0000,-13.5000,5.1805,7,"","","-8.400:0.000:-6.074|-4.200:0.000:-10.935|-22.000:0.000:3.161|4.200:0.000:-1.633|8.400:0.000:8.869","0.000:0.000:0.800|0.000:0.000:0.800|0.000:0.000:0.800|0.000:0.000:0.800|0.000:0.000:0.800","0.000:0.000:2.662|20.000:0.000:-4.422","0.000:0.000:-1.300|0.000:0.000:-1.300",False,False,Moving,60.00,40.00,3.00,SensorDegradation
70.0780,9,9,690,-5.5248,0.0500,-9.3371,253.1614,1.4926,0.0549,-8.4000,0.0000,-13.5000,5.0596,7,"","","-8.400:0.000:-5.992|-4.200:0.000:-10.853|-22.000:0.000:3.243|4.200:0.000:-1.551|8.400:0.000:8.951","0.000:0.000:0.800|0.000:0.000:0.800|0.000:0.000:0.800|0.000:0.000:0.800|0.000:0.000:0.800","0.000:0.000:2.529|20.000:0.000:-4.555","0.000:0.000:-1.300|0.000:0.000:-1.300",False,False,Moving,60.00,40.00,3.00,SensorDegradation
70.1784,9,9,691,-5.6690,0.0500,-9.3807,253.1659,1.5436,0.0435,-8.4000,0.0000,-13.5000,4.9426,7,"","","-8.400:0.000:-5.911|-4.200:0.000:-10.772|-22.000:0.000:3.323|4.200:0.000:-1.471|8.400:0.000:9.031","0.000:0.000:0.800|0.000:0.000:0.800|0.000:0.000:0.800|0.000:0.000:0.800|0.000:0.000:0.800","0.000:0.000:2.399|20.000:0.000:-4.686","0.000:0.000:-1.300|0.000:0.000:-1.300",False,False,Moving,60.00,40.00,3.00,SensorDegradation
70.2803,9,9,692,-5.8149,0.0500,-9.4239,253.2502,1.3798,1.8013,-8.4000,0.0000,-13.5000,4.8270,7,"","","-8.400:0.000:-5.830|-4.200:0.000:-10.691|-22.000:0.000:3.405|4.200:0.000:-1.389|8.400:0.000:9.113","0.000:0.000:0.800|0.000:0.000:0.800|0.000:0.000:0.800|0.000:0.000:0.800|0.000:0.000:0.800","0.000:0.000:2.266|20.000:0.000:-4.818","0.000:0.000:-1.300|0.000:0.000:-1.300",False,False,Moving,60.00,40.00,3.00,SensorDegradation
70.3811,9,9,693,-5.9600,0.0500,-9.4666,253.3266,1.5332,0.9140,-8.4000,0.0000,-13.5000,4.7143,7,"","","-8.400:0.000:-5.749|-4.200:0.000:-10.610|-22.000:0.000:3.485|4.200:0.000:-1.309|8.400:0.000:9.193","0.000:0.000:0.800|0.000:0.000:0.800|0.000:0.000:0.800|0.000:0.000:0.800|0.000:0.000:0.800","0.000:0.000:2.135|20.000:0.000:-4.949","0.000:0.000:-1.300|0.000:0.000:-1.300",False,False,Moving,60.00,40.00,3.00,SensorDegradation
70.4837,9,9,694,-6.1074,0.0500,-9.5101,253.3750,1.5084,0.5508,-8.4000,0.0000,-13.5000,4.6020,7,"","","-8.400:0.000:-5.667|-4.200:0.000:-10.528|-22.000:0.000:3.567|4.200:0.000:-1.227|8.400:0.000:9.275","0.000:0.000:0.800|0.000:0.000:0.800|0.000:0.000:0.800|0.000:0.000:0.800|0.000:0.000:0.800","0.000:0.000:2.002|20.000:0.000:-5.083","0.000:0.000:-1.300|0.000:0.000:-1.300",False,False,Moving,60.00,40.00,3.00,SensorDegradation
70.5866,9,9,695,-6.2552,0.0500,-9.5538,253.4053,1.5650,0.2861,-8.4000,0.0000,-13.5000,4.4917,7,"","","-8.400:0.000:-5.585|-4.200:0.000:-10.446|-22.000:0.000:3.650|4.200:0.000:-1.144|8.400:0.000:9.358","0.000:0.000:0.800|0.000:0.000:0.800|0.000:0.000:0.800|0.000:0.000:0.800|0.000:0.000:0.800","0.000:0.000:1.868|20.000:0.000:-5.216","0.000:0.000:-1.300|0.000:0.000:-1.300",False,False,Moving,60.00,40.00,3.00,SensorDegradation
70.6883,9,9,696,-6.4012,0.0500,-9.5975,253.3940,1.5248,-0.0824,-8.4000,0.0000,-13.5000,4.3849,7,"","","-8.400:0.000:-5.503|-4.200:0.000:-10.365|-22.000:0.000:3.731|4.200:0.000:-1.063|8.400:0.000:9.439","0.000:0.000:0.800|0.000:0.000:0.800|0.000:0.000:0.800|0.000:0.000:0.800|0.000:0.000:0.800","0.000:0.000:1.736|20.000:0.000:-5.349","0.000:0.000:-1.300|0.000:0.000:-1.300",False,False,Moving,60.00,40.00,3.00,SensorDegradation
70.7889,9,9,697,-6.5455,0.0500,-9.6407,253.3778,1.6775,-0.1129,-8.4000,0.0000,-13.5000,4.2820,7,"","","-8.400:0.000:-5.423|-4.200:0.000:-10.284|-22.000:0.000:3.811|4.200:0.000:-0.982|8.400:0.000:9.520","0.000:0.000:0.800|0.000:0.000:0.800|0.000:0.000:0.800|0.000:0.000:0.800|0.000:0.000:0.800","0.000:0.000:1.605|20.000:0.000:-5.479","0.000:0.000:-1.300|0.000:0.000:-1.300",False,False,Moving,60.00,40.00,3.00,SensorDegradation
70.8892,9,9,698,-6.6894,0.0500,-9.6841,253.3392,1.4554,-0.5249,-8.4000,0.0000,-13.5000,4.1820,7,"","","-8.400:0.000:-5.343|-4.200:0.000:-10.204|-22.000:0.000:3.892|4.200:0.000:-0.902|8.400:0.000:9.600","0.000:0.000:0.800|0.000:0.000:0.800|0.000:0.000:0.800|0.000:0.000:0.800|0.000:0.000:0.800","0.000:0.000:1.475|20.000:0.000:-5.610","0.000:0.000:-1.300|0.000:0.000:-1.300",False,False,Moving,60.00,40.00,3.00,SensorDegradation
70.9897,9,9,699,-6.8334,0.0500,-9.7280,253.2772,1.3594,-0.5585,-8.4000,0.0000,-13.5000,4.0847,7,"","","-8.400:0.000:-5.262|-4.200:0.000:-10.123|-22.000:0.000:3.972|4.200:0.000:-0.822|8.400:0.000:9.680","0.000:0.000:0.800|0.000:0.000:0.800|0.000:0.000:0.800|0.000:0.000:0.800|0.000:0.000:0.800","0.000:0.000:1.344|20.000:0.000:-5.740","0.000:0.000:-1.300|0.000:0.000:-1.300",False,False,Moving,60.00,40.00,3.00,SensorDegradation
71.0898,9,9,700,-6.9767,0.0500,-9.7723,253.1694,1.6706,-1.0605,-8.4000,0.0000,-13.5000,3.9905,7,"","","-8.400:0.000:-5.182|-4.200:0.000:-10.043|-22.000:0.000:4.052|4.200:0.000:-0.742|8.400:0.000:9.760","0.000:0.000:0.800|0.000:0.000:0.800|0.000:0.000:0.800|0.000:0.000:0.800|0.000:0.000:0.800","0.000:0.000:1.214|20.000:0.000:-5.870","0.000:0.000:-1.300|0.000:0.000:-1.300",False,False,Moving,60.00,40.00,3.00,SensorDegradation
71.1905,9,9,701,-7.1206,0.0500,-9.8180,252.9728,1.3224,-2.3315,-8.4000,0.0000,-13.5000,3.8983,7,"","","-8.400:0.000:-5.102|-4.200:0.000:-9.963|-22.000:0.000:4.133|4.200:0.000:-0.661|8.400:0.000:9.841","0.000:0.000:0.800|0.000:0.000:0.800|0.000:0.000:0.800|0.000:0.000:0.800|0.000:0.000:0.800","0.000:0.000:1.083|20.000:0.000:-6.001","0.000:0.000:-1.300|0.000:0.000:-1.300",False,False,Moving,60.00,40.00,3.00,SensorDegradation
71.2922,9,9,702,-7.2540,0.0500,-9.8840,250.6232,1.5064,-44.6503,-8.4000,0.0000,-13.5000,3.7936,7,"","","-8.400:0.000:-5.020|-4.200:0.000:-9.881|-22.000:0.000:4.214|4.200:0.000:-0.580|8.400:0.000:9.782","0.000:0.000:0.800|0.000:0.000:0.800|0.000:0.000:0.800|0.000:0.000:0.800|0.000:0.000:-0.800","0.000:0.000:0.951|20.000:0.000:-6.134","0.000:0.000:-1.300|0.000:0.000:-1.300",False,False,Moving,60.00,40.00,3.00,SensorDegradation
71.3927,9,9,703,-7.3540,0.0500,-9.9960,244.1191,1.4614,-60.7849,-8.4000,0.0000,-13.5000,3.6572,7,"","","-8.400:0.000:-4.940|-4.200:0.000:-9.801|-22.000:0.000:4.295|4.200:0.000:-0.499|8.400:0.000:9.702","0.000:0.000:0.800|0.000:0.000:0.800|0.000:0.000:0.800|0.000:0.000:0.800|0.000:0.000:-0.800","0.000:0.000:0.820|20.000:0.000:-6.264","0.000:0.000:-1.300|0.000:0.000:-1.300",False,False,Moving,60.00,40.00,3.00,SensorDegradation
71.4932,9,9,704,-7.4520,0.0500,-10.1105,238.8663,1.4564,-47.1131,-8.4000,0.0000,-13.5000,3.5199,7,"","","-8.400:0.000:-4.859|-4.200:0.000:-9.721|-22.000:0.000:4.375|4.200:0.000:-0.419|8.400:0.000:9.621","0.000:0.000:0.800|0.000:0.000:0.800|0.000:0.000:0.800|0.000:0.000:0.800|0.000:0.000:-0.800","0.000:0.000:0.690|20.000:0.000:-6.395","0.000:0.000:-1.300|0.000:0.000:-1.300",False,False,Moving,60.00,40.00,3.00,SensorDegradation
71.5957,9,9,705,-7.5400,0.0500,-10.2336,233.3961,1.4619,-63.6170,-8.4000,0.0000,-13.5000,3.3781,7,"","","-8.400:0.000:-4.777|-4.200:0.000:-9.639|-22.000:0.000:4.457|4.200:0.000:-0.337|8.400:0.000:9.539","0.000:0.000:0.800|0.000:0.000:0.800|0.000:0.000:0.800|0.000:0.000:0.800|0.000:0.000:-0.800","0.000:0.000:0.556|20.000:0.000:-6.528","0.000:0.000:-1.300|0.000:0.000:-1.300",False,False,Moving,60.00,40.00,3.00,SensorDegradation
71.6965,9,9,706,-7.5808,0.0500,-10.3787,224.9272,1.6740,-90.0788,-8.4000,0.0000,-13.5000,3.2275,7,"","","-8.400:0.000:-4.697|-4.200:0.000:-9.558|-22.000:0.000:4.538|4.200:0.000:-0.256|8.400:0.000:9.458","0.000:0.000:0.800|0.000:0.000:0.800|0.000:0.000:0.800|0.000:0.000:0.800|0.000:0.000:-0.800","0.000:0.000:0.425|20.000:0.000:-6.659","0.000:0.000:-1.300|0.000:0.000:-1.300",False,False,Moving,60.00,40.00,3.00,SensorDegradation
71.7973,9,9,707,-7.6191,0.0500,-10.5249,218.1744,1.5692,-65.6998,-8.4000,0.0000,-13.5000,3.0763,7,"","","-8.400:0.000:-4.681|-4.200:0.000:-9.477|-22.000:0.000:4.618|4.200:0.000:-0.176|8.400:0.000:9.378","0.000:0.000:-0.800|0.000:0.000:0.800|0.000:0.000:0.800|0.000:0.000:0.800|0.000:0.000:-0.800","0.000:0.000:0.294|20.000:0.000:-6.790","0.000:0.000:-1.300|0.000:0.000:-1.300",False,False,Moving,60.00,40.00,3.00,SensorDegradation
71.9000,9,9,708,-7.6582,0.0500,-10.6739,212.8441,1.4870,-48.2804,-8.4000,0.0000,-13.5000,2.9223,7,"","","-8.400:0.000:-4.763|-4.200:0.000:-9.395|-22.000:0.000:4.700|4.200:0.000:-0.093|8.400:0.000:9.296","0.000:0.000:-0.800|0.000:0.000:0.800|0.000:0.000:0.800|0.000:0.000:0.800|0.000:0.000:-0.800","0.000:0.000:0.161|20.000:0.000:-6.924","0.000:0.000:-1.300|0.000:0.000:-1.300",False,False,Moving,60.00,40.00,3.00,SensorDegradation
72.0028,9,9,709,-7.6974,0.0500,-10.8231,208.7178,1.5024,-37.9364,-8.4000,0.0000,-13.5000,2.7680,7,"","","-8.400:0.000:-4.845|-4.200:0.000:-9.313|-22.000:0.000:4.783|4.200:0.000:-0.011|8.400:0.000:9.213","0.000:0.000:-0.800|0.000:0.000:0.800|0.000:0.000:0.800|0.000:0.000:0.800|0.000:0.000:-0.800","0.000:0.000:0.027|20.000:0.000:-7.057","0.000:0.000:-1.300|0.000:0.000:-1.300",False,False,Moving,60.00,40.00,3.00,SensorDegradation
72.1068,9,9,710,-7.7370,0.0500,-10.9739,205.4981,1.6852,-31.6712,-8.4000,0.0000,-13.5000,2.6121,7,"","","-8.400:0.000:-4.929|-4.200:0.000:-9.230|-22.000:0.000:4.866|4.200:0.000:0.072|8.400:0.000:9.130","0.000:0.000:-0.800|0.000:0.000:0.800|0.000:0.000:0.800|0.000:0.000:0.800|0.000:0.000:-0.800","0.000:0.000:-0.108|20.000:0.000:-7.193","0.000:0.000:-1.300|0.000:0.000:-1.300",False,False,Moving,60.00,40.00,3.00,SensorDegradation
72.2075,9,9,711,-7.7753,0.0500,-11.1200,203.0867,1.3254,-19.3039,-8.4000,0.0000,-13.5000,2.4611,7,"","","-8.400:0.000:-5.009|-4.200:0.000:-9.149|-22.000:0.000:4.946|4.200:0.000:0.153|8.400:0.000:9.050","0.000:0.000:-0.800|0.000:0.000:0.800|0.000:0.000:0.800|0.000:0.000:0.800|0.000:0.000:-0.800","0.000:0.000:-0.239|20.000:0.000:-7.324","0.000:0.000:-1.300|0.000:0.000:-1.300",False,False,Moving,60.00,40.00,3.00,SensorDegradation
72.3095,9,9,712,-7.8142,0.0500,-11.2680,201.1938,1.5910,-18.0695,-8.4000,0.0000,-13.5000,2.3082,7,"","","-8.400:0.000:-5.091|-4.200:0.000:-9.068|-22.000:0.000:5.028|4.200:0.000:0.234|8.400:0.000:8.968","0.000:0.000:-0.800|0.000:0.000:0.800|0.000:0.000:0.800|0.000:0.000:0.800|0.000:0.000:-0.800","0.000:0.000:-0.372|20.000:0.000:-7.456","0.000:0.000:-1.300|0.000:0.000:-1.300",False,False,Moving,60.00,40.00,3.00,SensorDegradation
72.4111,9,9,713,-7.8529,0.0500,-11.4155,199.7318,1.5338,-13.5574,-8.4000,0.0000,-13.5000,2.1557,7,"","","-8.400:0.000:-5.172|-4.200:0.000:-8.986|-22.000:0.000:5.109|4.200:0.000:0.315|8.400:0.000:8.887","0.000:0.000:-0.800|0.000:0.000:0.800|0.000:0.000:0.800|0.000:0.000:0.800|0.000:0.000:-0.800","0.000:0.000:-0.504|20.000:0.000:-7.588","0.000:0.000:-1.300|0.000:0.000:-1.300",False,False,Moving,60.00,40.00,3.00,SensorDegradation
72.5144,9,9,714,-7.8922,0.0500,-11.5652,198.5847,1.2942,-8.8989,-8.4000,0.0000,-13.5000,2.0009,7,"","","-8.400:0.000:-5.255|-4.200:0.000:-8.904|-22.000:0.000:5.192|4.200:0.000:0.398|8.400:0.000:8.804","0.000:0.000:-0.800|0.000:0.000:0.800|0.000:0.000:0.800|0.000:0.000:0.800|0.000:0.000:-0.800","0.000:0.000:-0.638|20.000:0.000:-7.722","0.000:0.000:-1.300|0.000:0.000:-1.300",False,False,Moving,60.00,40.00,3.00,SensorDegradation
72.6159,9,9,715,-7.9308,0.0500,-11.7125,197.7124,1.6246,-8.6884,-8.4000,0.0000,-13.5000,1.8488,7,"","","-8.400:0.000:-5.336|-4.200:0.000:-8.822|-22.000:0.000:5.273|4.200:0.000:0.479|8.400:0.000:8.723","0.000:0.000:-0.800|0.000:0.000:0.800|0.000:0.000:0.800|0.000:0.000:0.800|0.000:0.000:-0.800","0.000:0.000:-0.770|20.000:0.000:-7.854","0.000:0.000:-1.300|0.000:0.000:-1.300",False,False,Moving,60.00,40.00,3.00,SensorDegradation
72.7160,9,9,716,-7.9690,0.0500,-11.8578,197.0441,1.4950,-6.2134,-8.4000,0.0000,-13.5000,1.6986,7,"","","-8.400:0.000:-5.416|-4.200:0.000:-8.742|-22.000:0.000:5.353|4.200:0.000:0.559|8.400:0.000:8.643","0.000:0.000:-0.800|0.000:0.000:0.800|0.000:0.000:0.800|0.000:0.000:0.800|0.000:0.000:-0.800","0.000:0.000:-0.900|20.000:0.000:-7.729","0.000:0.000:-1.300|0.000:0.000:1.300",False,False,Moving,60.00,40.00,3.00,SensorDegradation
72.8168,9,9,717,-8.0073,0.0500,-12.0039,196.5217,1.6805,-5.4321,-8.4000,0.0000,-13.5000,1.5475,7,"","","-8.400:0.000:-5.496|-4.200:0.000:-8.662|-22.000:0.000:5.434|4.200:0.000:0.640|8.400:0.000:8.562","0.000:0.000:-0.800|0.000:0.000:0.800|0.000:0.000:0.800|0.000:0.000:0.800|0.000:0.000:-0.800","0.000:0.000:-1.031|20.000:0.000:-7.598","0.000:0.000:-1.300|0.000:0.000:1.300",False,False,Moving,60.00,40.00,3.00,SensorDegradation
72.9181,9,9,718,-8.0459,0.0500,-12.1510,196.1139,1.4874,-3.7323,-8.4000,0.0000,-13.5000,1.3956,7,"","","-8.400:0.000:-5.578|-4.200:0.000:-8.581|-22.000:0.000:5.515|4.200:0.000:0.721|8.400:0.000:8.481","0.000:0.000:-0.800|0.000:0.000:0.800|0.000:0.000:0.800|0.000:0.000:0.800|0.000:0.000:-0.800","0.000:0.000:-1.163|20.000:0.000:-7.466","0.000:0.000:-1.300|0.000:0.000:1.300",False,False,Moving,60.00,40.00,3.00,SensorDegradation
73.0196,9,9,719,-8.0846,0.0500,-12.2982,195.7974,1.4033,-2.7496,-8.4000,0.0000,-13.5000,1.2435,7,"","","-8.400:0.000:-5.659|-4.200:0.000:-8.499|-22.000:0.000:5.596|4.200:0.000:0.802|8.400:0.000:8.400","0.000:0.000:-0.800|0.000:0.000:0.800|0.000:0.000:0.800|0.000:0.000:0.800|0.000:0.000:-0.800","0.000:0.000:-1.295|20.000:0.000:-7.334","0.000:0.000:-1.300|0.000:0.000:1.300",False,False,Moving,60.00,40.00,3.00,SensorDegradation
73.1200,9,9,720,-8.1228,0.0500,-12.4439,195.5543,1.4510,-2.2095,-8.4000,0.0000,-13.5000,1.0930,7,"","","-8.400:0.000:-5.739|-4.200:0.000:-8.419|-22.000:0.000:5.676|4.200:0.000:0.882|8.400:0.000:8.320","0.000:0.000:-0.800|0.000:0.000:0.800|0.000:0.000:0.800|0.000:0.000:0.800|0.000:0.000:-0.800","0.000:0.000:-1.425|20.000:0.000:-7.204","0.000:0.000:-1.300|0.000:0.000:1.300",False,False,Moving,60.00,40.00,3.00,SensorDegradation
73.2215,9,9,721,-8.1615,0.0500,-12.5913,195.3635,1.3527,-1.6052,-8.4000,0.0000,-13.5000,0.9408,7,"","","-8.400:0.000:-5.820|-4.200:0.000:-8.338|-22.000:0.000:5.758|4.200:0.000:0.964|8.400:0.000:8.238","0.000:0.000:-0.800|0.000:0.000:0.800|0.000:0.000:0.800|0.000:0.000:0.800|0.000:0.000:-0.800","0.000:0.000:-1.557|20.000:0.000:-7.072","0.000:0.000:-1.300|0.000:0.000:1.300",False,False,Moving,60.00,40.00,3.00,SensorDegradation
73.3252,9,9,722,-8.2010,0.0500,-12.7416,195.2130,1.3235,-1.1597,-8.4000,0.0000,-13.5000,0.7857,7,"","","-8.400:0.000:-5.903|-4.200:0.000:-8.255|-22.000:0.000:5.841|4.200:0.000:1.047|8.400:0.000:8.156","0.000:0.000:-0.800|0.000:0.000:0.800|0.000:0.000:0.800|0.000:0.000:0.800|0.000:0.000:-0.800","0.000:0.000:-1.692|20.000:0.000:-6.937","0.000:0.000:-1.300|0.000:0.000:1.300",False,False,Moving,60.00,40.00,3.00,SensorDegradation
73.4271,9,9,723,-8.2393,0.0500,-12.8879,195.0995,1.4822,-1.0223,-8.4000,0.0000,-13.5000,0.6348,7,"","","-8.400:0.000:-5.985|-4.200:0.000:-8.173|-22.000:0.000:5.782|4.200:0.000:1.128|8.400:0.000:8.074","0.000:0.000:-0.800|0.000:0.000:0.800|0.000:0.000:-0.800|0.000:0.000:0.800|0.000:0.000:-0.800","0.000:0.000:-1.824|20.000:0.000:-6.805","0.000:0.000:-1.300|0.000:0.000:1.300",False,False,Moving,60.00,40.00,3.00,SensorDegradation
73.5285,9,9,724,-8.2740,0.0500,-13.0200,195.0161,1.3101,-0.7477,-8.4000,0.0000,-13.5000,0.4988,7,"","","-8.400:0.000:-6.066|-4.200:0.000:-8.092|-22.000:0.000:5.701|4.200:0.000:1.209|8.400:0.000:7.993","0.000:0.000:-0.800|0.000:0.000:0.800|0.000:0.000:-0.800|0.000:0.000:0.800|0.000:0.000:-0.800","0.000:0.000:-1.956|20.000:0.000:-6.673","0.000:0.000:-1.300|0.000:0.000:1.300",False,False,Moving,60.00,40.00,3.00,SensorDegradation
73.6303,9,9,725,-8.3046,0.0500,-13.1366,194.9245,1.1777,-1.5900,-8.4000,0.0000,-13.5000,0.3791,7,"","","-8.400:0.000:-6.147|-4.200:0.000:-8.011|-22.000:0.000:5.620|4.200:0.000:1.291|8.400:0.000:7.912","0.000:0.000:-0.800|0.000:0.000:0.800|0.000:0.000:-0.800|0.000:0.000:0.800|0.000:0.000:-0.800","0.000:0.000:-2.089|20.000:0.000:-6.541","0.000:0.000:-1.300|0.000:0.000:1.300",False,True,GoalReached,60.00,40.00,3.00,SensorDegradation
73.7322,9,9,726,-8.3310,0.0500,-13.2371,194.7841,0.9759,-0.9430,-8.4000,0.0000,-13.5000,0.2764,7,"","","-8.400:0.000:-6.229|-4.200:0.000:-7.929|-22.000:0.000:5.538|4.200:0.000:1.372|8.400:0.000:7.830","0.000:0.000:-0.800|0.000:0.000:0.800|0.000:0.000:-0.800|0.000:0.000:0.800|0.000:0.000:-0.800","0.000:0.000:-2.221|20.000:0.000:-6.408","0.000:0.000:-1.300|0.000:0.000:1.300",False,True,GoalReached,60.00,40.00,3.00,SensorDegradation
73.8324,9,9,727,-8.3528,0.0500,-13.3202,194.7349,0.7900,-0.3342,-8.4000,0.0000,-13.5000,0.1925,7,"","","-8.400:0.000:-6.309|-4.200:0.000:-7.849|-22.000:0.000:5.458|4.200:0.000:1.452|8.400:0.000:7.750","0.000:0.000:-0.800|0.000:0.000:0.800|0.000:0.000:-0.800|0.000:0.000:0.800|0.000:0.000:-0.800","0.000:0.000:-2.351|20.000:0.000:-6.278","0.000:0.000:-1.300|0.000:0.000:1.300",False,True,GoalReached,60.00,40.00,3.00,SensorDegradation
73.9334,9,9,728,-8.3706,0.0500,-13.3881,194.7166,0.7176,-0.1434,-8.4000,0.0000,-13.5000,0.1261,7,"","","-8.400:0.000:-6.390|-4.200:0.000:-7.768|-22.000:0.000:5.377|4.200:0.000:1.533|8.400:0.000:7.669","0.000:0.000:-0.800|0.000:0.000:0.800|0.000:0.000:-0.800|0.000:0.000:0.800|0.000:0.000:-0.800","0.000:0.000:-2.483|20.000:0.000:-6.146","0.000:0.000:-1.300|0.000:0.000:1.300",False,True,GoalReached,60.00,40.00,3.00,SensorDegradation
74.0349,9,9,729,-8.3843,0.0500,-13.4403,194.7130,0.4798,-0.0122,-8.4000,0.0000,-13.5000,0.0795,7,"","","-8.400:0.000:-6.471|-4.200:0.000:-7.687|-22.000:0.000:5.296|4.200:0.000:1.614|8.400:0.000:7.588","0.000:0.000:-0.800|0.000:0.000:0.800|0.000:0.000:-0.800|0.000:0.000:0.800|0.000:0.000:-0.800","0.000:0.000:-2.615|20.000:0.000:-6.014","0.000:0.000:-1.300|0.000:0.000:1.300",False,True,GoalReached,60.00,40.00,3.00,SensorDegradation
74.1374,9,9,730,-8.3938,0.0500,-13.4766,194.7119,0.3307,-0.0107,-8.4000,0.0000,-13.5000,0.0556,7,"","","-8.400:0.000:-6.553|-4.200:0.000:-7.605|-22.000:0.000:5.214|4.200:0.000:1.696|8.400:0.000:7.506","0.000:0.000:-0.800|0.000:0.000:0.800|0.000:0.000:-0.800|0.000:0.000:0.800|0.000:0.000:-0.800","0.000:0.000:-2.748|20.000:0.000:-5.881","0.000:0.000:-1.300|0.000:0.000:1.300",False,True,GoalReached,60.00,40.00,3.00,SensorDegradation
74.2383,9,9,731,-8.3990,0.0500,-13.4962,194.7115,0.1595,-0.0015,-8.4000,0.0000,-13.5000,0.0502,7,"","","-8.400:0.000:-6.634|-4.200:0.000:-7.524|-22.000:0.000:5.133|4.200:0.000:1.777|8.400:0.000:7.425","0.000:0.000:-0.800|0.000:0.000:0.800|0.000:0.000:-0.800|0.000:0.000:0.800|0.000:0.000:-0.800","0.000:0.000:-2.879|20.000:0.000:-5.750","0.000:0.000:-1.300|0.000:0.000:1.300",False,True,GoalReached,60.00,40.00,3.00,SensorDegradation
74.3407,9,9,732,-8.4000,0.0500,-13.5000,194.7125,0.0000,0.0000,-8.4000,0.0000,-13.5000,0.0500,7,"","","-8.400:0.000:-6.716|-4.200:0.000:-7.443|-22.000:0.000:5.051|4.200:0.000:1.859|8.400:0.000:7.343","0.000:0.000:-0.800|0.000:0.000:0.800|0.000:0.000:-0.800|0.000:0.000:0.800|0.000:0.000:-0.800","0.000:0.000:-3.012|20.000:0.000:-5.617","0.000:0.000:-1.300|0.000:0.000:1.300",False,True,GoalReached,60.00,40.00,3.00,SensorDegradation
74.4414,9,9,733,-8.4000,0.0500,-13.5000,194.7125,0.0000,0.0000,-8.4000,0.0000,-13.5000,0.0500,7,"","","-8.400:0.000:-6.796|-4.200:0.000:-7.362|-22.000:0.000:4.971|4.200:0.000:1.940|8.400:0.000:7.263","0.000:0.000:-0.800|0.000:0.000:0.800|0.000:0.000:-0.800|0.000:0.000:0.800|0.000:0.000:-0.800","0.000:0.000:-3.143|20.000:0.000:-5.486","0.000:0.000:-1.300|0.000:0.000:1.300",False,True,GoalReached,60.00,40.00,3.00,SensorDegradation
74.5417,9,9,734,-8.4000,0.0500,-13.5000,194.7125,0.0000,0.0000,-8.4000,0.0000,-13.5000,0.0500,7,"","","-8.400:0.000:-6.876|-4.200:0.000:-7.282|-22.000:0.000:4.890|4.200:0.000:2.020|8.400:0.000:7.182","0.000:0.000:-0.800|0.000:0.000:0.800|0.000:0.000:-0.800|0.000:0.000:0.800|0.000:0.000:-0.800","0.000:0.000:-3.274|20.000:0.000:-5.356","0.000:0.000:-1.300|0.000:0.000:1.300",False,True,GoalReached,60.00,40.00,3.00,SensorDegradation
74.6429,9,9,735,-8.4000,0.0500,-13.5000,194.7125,0.0000,0.0000,-8.4000,0.0000,-13.5000,0.0500,7,"","","-8.400:0.000:-6.957|-4.200:0.000:-7.201|-22.000:0.000:4.809|4.200:0.000:2.101|8.400:0.000:7.101","0.000:0.000:-0.800|0.000:0.000:0.800|0.000:0.000:-0.800|0.000:0.000:0.800|0.000:0.000:-0.800","0.000:0.000:-3.405|20.000:0.000:-5.224","0.000:0.000:-1.300|0.000:0.000:1.300",False,True,GoalReached,60.00,40.00,3.00,SensorDegradation
74.7451,9,9,736,-8.4000,0.0500,-13.5000,194.7125,0.0000,0.0000,-8.4000,0.0000,-13.5000,0.0500,7,"","","-8.400:0.000:-7.039|-4.200:0.000:-7.119|-22.000:0.000:4.728|4.200:0.000:2.183|8.400:0.000:7.020","0.000:0.000:-0.800|0.000:0.000:0.800|0.000:0.000:-0.800|0.000:0.000:0.800|0.000:0.000:-0.800","0.000:0.000:-3.538|20.000:0.000:-5.091","0.000:0.000:-1.300|0.000:0.000:1.300",False,True,GoalReached,60.00,40.00,3.00,SensorDegradation
74.8480,9,9,737,-8.4000,0.0500,-13.5000,194.7125,0.0000,0.0000,-8.4000,0.0000,-13.5000,0.0500,7,"","","-8.400:0.000:-7.122|-4.200:0.000:-7.037|-22.000:0.000:4.645|4.200:0.000:2.265|8.400:0.000:6.937","0.000:0.000:-0.800|0.000:0.000:0.800|0.000:0.000:-0.800|0.000:0.000:0.800|0.000:0.000:-0.800","0.000:0.000:-3.672|20.000:0.000:-4.957","0.000:0.000:-1.300|0.000:0.000:1.300",False,True,GoalReached,60.00,40.00,3.00,SensorDegradation
74.9481,9,9,738,-8.4072,0.0500,-13.4745,201.9046,0.5522,94.1407,-22.0000,0.0000,-10.0000,14.0300,7,"","","-8.400:0.000:-7.202|-4.200:0.000:-6.957|-22.000:0.000:4.565|4.200:0.000:2.345|8.400:0.000:6.857","0.000:0.000:-0.800|0.000:0.000:0.800|0.000:0.000:-0.800|0.000:0.000:0.800|0.000:0.000:-0.800","0.000:0.000:-3.802|20.000:0.000:-4.827","0.000:0.000:-1.300|0.000:0.000:1.300",False,False,Moving,60.00,40.00,3.00,SensorDegradation
75.0503,9,9,739,-8.4364,0.0500,-13.3700,211.1056,1.3079,88.3973,-22.0000,0.0000,-10.0000,13.9761,7,"","","-8.400:0.000:-7.283|-4.200:0.000:-6.875|-22.000:0.000:4.484|4.200:0.000:2.427|8.400:0.000:6.775","0.000:0.000:-0.800|0.000:0.000:0.800|0.000:0.000:-0.800|0.000:0.000:0.800|0.000:0.000:-0.800","0.000:0.000:-3.935|20.000:0.000:-4.694","0.000:0.000:-1.300|0.000:0.000:1.300",False,False,Moving,60.00,40.00,3.00,SensorDegradation
75.1522,9,9,740,-8.4776,0.0500,-13.2229,220.2754,1.3957,83.7426,-22.0000,0.0000,-10.0000,13.9013,7,"","","-8.400:0.000:-7.365|-4.200:0.000:-6.793|-22.000:0.000:4.402|4.200:0.000:2.508|8.400:0.000:6.694","0.000:0.000:-0.800|0.000:0.000:0.800|0.000:0.000:-0.800|0.000:0.000:0.800|0.000:0.000:-0.800","0.000:0.000:-4.067|20.000:0.000:-4.562","0.000:0.000:-1.300|0.000:0.000:1.300",False,False,Moving,60.00,40.00,3.00,SensorDegradation
75.2535,9,9,741,-8.5186,0.0500,-13.0766,229.3925,1.6031,96.1823,-22.0000,0.0000,-10.0000,13.8281,7,"","","-8.400:0.000:-7.446|-4.200:0.000:-6.712|-22.000:0.000:4.321|4.200:0.000:2.589|8.400:0.000:6.613","0.000:0.000:-0.800|0.000:0.000:0.800|0.000:0.000:-0.800|0.000:0.000:0.800|0.000:0.000:-0.800","0.000:0.000:-4.199|20.000:0.000:-4.430","0.000:0.000:-1.300|0.000:0.000:1.300",False,False,Moving,60.00,40.00,3.00,SensorDegradation
75.3540,9,9,742,-8.5592,0.0500,-12.9315,238.4347,1.6157,96.9414,-22.0000,0.0000,-10.0000,13.7569,7,"","","-8.400:0.000:-7.526|-4.200:0.000:-6.632|-22.000:0.000:4.241|4.200:0.000:2.670|8.400:0.000:6.533","0.000:0.000:-0.800|0.000:0.000:0.800|0.000:0.000:-0.800|0.000:0.000:0.800|0.000:0.000:-0.800","0.000:0.000:-4.329|20.000:0.000:-4.300","0.000:0.000:-1.300|0.000:0.000:1.300",False,False,Moving,60.00,40.00,3.00,SensorDegradation
75.4558,9,9,743,-8.6003,0.0500,-12.7845,247.5927,1.6423,98.5367,-22.0000,0.0000,-10.0000,13.6860,7,"","","-8.400:0.000:-7.608|-4.200:0.000:-6.551|-22.000:0.000:4.159|4.200:0.000:2.751|8.400:0.000:6.451","0.000:0.000:-0.800|0.000:0.000:0.800|0.000:0.000:-0.800|0.000:0.000:0.800|0.000:0.000:-0.800","0.000:0.000:-4.462|20.000:0.000:-4.167","0.000:0.000:-1.300|0.000:0.000:1.300",False,False,Moving,60.00,40.00,3.00,SensorDegradation
75.5575,9,9,744,-8.6415,0.0500,-12.6376,256.7462,1.5158,90.9546,-22.0000,0.0000,-10.0000,13.6165,7,"","","-8.400:0.000:-7.689|-4.200:0.000:-6.469|-22.000:0.000:4.078|4.200:0.000:2.832|8.400:0.000:6.370","0.000:0.000:-0.800|0.000:0.000:0.800|0.000:0.000:-0.800|0.000:0.000:0.800|0.000:0.000:-0.800","0.000:0.000:-4.594|20.000:0.000:-4.035","0.000:0.000:-1.300|0.000:0.000:1.300",False,False,Moving,60.00,40.00,3.00,SensorDegradation
75.6581,9,9,745,-8.6821,0.0500,-12.4923,265.7969,1.5272,91.6336,-22.0000,0.0000,-10.0000,13.5492,7,"","","-8.400:0.000:-7.769|-4.200:0.000:-6.389|-22.000:0.000:3.997|4.200:0.000:2.913|8.400:0.000:6.289","0.000:0.000:-0.800|0.000:0.000:0.800|0.000:0.000:-0.800|0.000:0.000:0.800|0.000:0.000:-0.800","0.000:0.000:-4.725|20.000:0.000:-3.904","0.000:0.000:-1.300|0.000:0.000:1.300",False,False,Moving,60.00,40.00,3.00,SensorDegradation
75.7584,9,9,746,-8.7227,0.0500,-12.3474,274.8289,1.4807,88.8413,-22.0000,0.0000,-10.0000,13.4833,7,"","","-8.400:0.000:-7.850|-4.200:0.000:-6.308|-22.000:0.000:3.917|4.200:0.000:2.993|8.400:0.000:6.209","0.000:0.000:-0.800|0.000:0.000:0.800|0.000:0.000:-0.800|0.000:0.000:0.800|0.000:0.000:-0.800","0.000:0.000:-4.855|20.000:0.000:-3.774","0.000:0.000:-1.300|0.000:0.000:1.300",False,False,Moving,60.00,40.00,3.00,SensorDegradation
75.8587,9,9,747,-8.7633,0.0500,-12.2025,283.8542,1.4729,88.3774,-22.0000,0.0000,-10.0000,13.4188,7,"","","-8.400:0.000:-7.930|-4.200:0.000:-6.228|-22.000:0.000:3.837|4.200:0.000:3.073|8.400:0.000:6.129","0.000:0.000:-0.800|0.000:0.000:0.800|0.000:0.000:-0.800|0.000:0.000:0.800|0.000:0.000:-0.800","0.000:0.000:-4.986|20.000:0.000:-3.644","0.000:0.000:-1.300|0.000:0.000:1.300",False,False,Moving,60.00,40.00,3.00,SensorDegradation
75.9598,9,9,748,-8.8042,0.0500,-12.0566,292.9490,1.5210,91.2644,-22.0000,0.0000,-10.0000,13.3552,7,"","","-8.400:0.000:-8.011|-4.200:0.000:-6.147|-22.000:0.000:3.756|4.200:0.000:3.154|8.400:0.000:6.048","0.000:0.000:-0.800|0.000:0.000:0.800|0.000:0.000:-0.800|0.000:0.000:0.800|0.000:0.000:-0.800","0.000:0.000:-5.117|20.000:0.000:-3.512","0.000:0.000:-1.300|0.000:0.000:1.300",False,False,Moving,60.00,40.00,3.00,SensorDegradation
76.0604,9,9,749,-8.8449,0.0500,-11.9112,302.0053,1.6111,96.6690,-22.0000,0.0000,-10.0000,13.2933,7,"","","-8.400:0.000:-8.091|-4.200:0.000:-6.067|-22.000:0.000:3.676|4.200:0.000:3.235|8.400:0.000:5.967","0.000:0.000:-0.800|0.000:0.000:0.800|0.000:0.000:-0.800|0.000:0.000:0.800|0.000:0.000:-0.800","0.000:0.000:-5.248|20.000:0.000:-3.381","0.000:0.000:-1.300|0.000:0.000:1.300",False,False,Moving,60.00,40.00,3.00,SensorDegradation
76.1612,9,9,750,-8.8856,0.0500,-11.7657,310.9841,1.4447,86.2244,-22.0000,0.0000,-10.0000,13.2328,7,"","","-8.400:0.000:-8.172|-4.200:0.000:-5.986|-22.000:0.000:3.595|4.200:0.000:3.315|8.400:0.000:5.887","0.000:0.000:-0.800|0.000:0.000:0.800|0.000:0.000:-0.800|0.000:0.000:0.800|0.000:0.000:-0.800","0.000:0.000:-5.379|20.000:0.000:-3.250","0.000:0.000:-1.300|0.000:0.000:1.300",False,False,Moving,60.00,40.00,3.00,SensorDegradation
76.2618,9,9,751,-8.9263,0.0500,-11.6204,318.4272,1.4637,68.2907,-22.0000,0.0000,-10.0000,13.1738,7,"","","-8.400:0.000:-8.252|-4.200:0.000:-5.906|-22.000:0.000:3.515|4.200:0.000:3.396|8.400:0.000:5.806","0.000:0.000:-0.800|0.000:0.000:0.800|0.000:0.000:-0.800|0.000:0.000:0.800|0.000:0.000:-0.800","0.000:0.000:-5.509|20.000:0.000:-3.120","0.000:0.000:-1.300|0.000:0.000:1.300",False,False,Moving,60.00,40.00,3.00,SensorDegradation
76.3627,9,9,752,-8.9655,0.0500,-11.4749,324.3411,1.5077,55.4856,-22.0000,0.0000,-10.0000,13.1178,7,"","","-8.400:0.000:-8.333|-4.200:0.000:-5.825|-22.000:0.000:3.434|4.200:0.000:3.477|8.400:0.000:5.726","0.000:0.000:-0.800|0.000:0.000:0.800|0.000:0.000:-0.800|0.000:0.000:0.800|0.000:0.000:-0.800","0.000:0.000:-5.641|20.000:0.000:-2.988","0.000:0.000:-1.300|0.000:0.000:1.300",False,False,Moving,60.00,40.00,3.00,SensorDegradation
76.4635,9,9,753,-9.0053,0.0500,-11.3292,328.8967,1.4712,42.4378,-22.0000,0.0000,-10.0000,13.0626,7,"","","-8.400:0.000:-8.414|-4.200:0.000:-5.744|-22.000:0.000:3.353|4.200:0.000:3.557|8.400:0.000:5.645","0.000:0.000:-0.800|0.000:0.000:0.800|0.000:0.000:-0.800|0.000:0.000:0.800|0.000:0.000:-0.800","0.000:0.000:-5.772|20.000:0.000:-2.857","0.000:0.000:-1.300|0.000:0.000:1.300",False,False,Moving,60.00,40.00,3.00,SensorDegradation
76.5656,9,9,754,-9.0456,0.0500,-11.1816,332.4678,1.4583,30.6519,-22.0000,0.0000,-10.0000,13.0083,7,"","","-8.400:0.000:-8.495|-4.200:0.000:-5.663|-22.000:0.000:3.271|4.200:0.000:3.639|8.400:0.000:5.563","0.000:0.000:-0.800|0.000:0.000:0.800|0.000:0.000:-0.800|0.000:0.000:0.800|0.000:0.000:-0.800","0.000:0.000:-5.904|20.000:0.000:-2.725","0.000:0.000:-1.300|0.000:0.000:1.300",False,False,Moving,60.00,40.00,3.00,SensorDegradation
76.6684,9,9,755,-9.0865,0.0500,-11.0330,335.2296,1.4908,24.2645,-22.0000,0.0000,-10.0000,12.9549,7,"","","-8.400:0.000:-8.578|-4.200:0.000:-5.580|-22.000:0.000:3.189|4.200:0.000:3.721|8.400:0.000:5.481","0.000:0.000:-0.800|0.000:0.000:0.800|0.000:0.000:-0.800|0.000:0.000:0.800|0.000:0.000:-0.800","0.000:0.000:-6.038|20.000:0.000:-2.591","0.000:0.000:-1.300|0.000:0.000:1.300",False,False,Moving,60.00,40.00,3.00,SensorDegradation
76.7686,9,9,756,-9.1264,0.0500,-10.8883,337.3024,1.5662,19.6091,-22.0000,0.0000,-10.0000,12.9043,7,"","","-8.400:0.000:-8.658|-4.200:0.000:-5.500|-22.000:0.000:3.109|4.200:0.000:3.801|8.400:0.000:5.401","0.000:0.000:-0.800|0.000:0.000:0.800|0.000:0.000:-0.800|0.000:0.000:0.800|0.000:0.000:-0.800","0.000:0.000:-6.168|20.000:0.000:-2.461","0.000:0.000:-1.300|0.000:0.000:1.300",False,False,Moving,60.00,40.00,3.00,SensorDegradation
76.8701,9,9,757,-9.1672,0.0500,-10.7418,338.9064,1.6033,15.3473,-22.0000,0.0000,-10.0000,12.8543,7,"","","-8.400:0.000:-8.739|-4.200:0.000:-5.419|-22.000:0.000:3.028|4.200:0.000:3.882|8.400:0.000:5.320","0.000:0.000:-0.800|0.000:0.000:0.800|0.000:0.000:-0.800|0.000:0.000:0.800|0.000:0.000:-0.800","0.000:0.000:-6.300|20.000:0.000:-2.329","0.000:0.000:-1.300|0.000:0.000:1.300",False,False,Moving,60.00,40.00,3.00,SensorDegradation
76.9719,9,9,758,-9.2085,0.0500,-10.5950,340.1199,1.5365,11.3495,-22.0000,0.0000,-10.0000,12.8055,7,"","","-8.400:0.000:-8.820|-4.200:0.000:-5.338|-22.000:0.000:2.946|4.200:0.000:3.964|8.400:0.000:5.238","0.000:0.000:-0.800|0.000:0.000:0.800|0.000:0.000:-0.800|0.000:0.000:0.800|0.000:0.000:-0.800","0.000:0.000:-6.433|20.000:0.000:-2.197","0.000:0.000:-1.300|0.000:0.000:1.300",False,False,Moving,60.00,40.00,3.00,SensorDegradation
77.0724,9,9,759,-9.2496,0.0500,-10.4501,341.0201,1.4808,7.8812,-22.0000,0.0000,-10.0000,12.7585,7,"","","-8.400:0.000:-8.901|-4.200:0.000:-5.257|-22.000:0.000:2.866|4.200:0.000:4.044|8.400:0.000:5.158","0.000:0.000:-0.800|0.000:0.000:0.800|0.000:0.000:-0.800|0.000:0.000:0.800|0.000:0.000:-0.800","0.000:0.000:-6.563|20.000:0.000:-2.066","0.000:0.000:-1.300|0.000:0.000:1.300",False,False,Moving,60.00,40.00,3.00,SensorDegradation
77.1730,9,9,760,-9.2915,0.0500,-10.3052,341.6534,1.4881,5.7129,-22.0000,0.0000,-10.0000,12.7123,7,"","","-8.400:0.000:-8.981|-4.200:0.000:-5.177|-22.000:0.000:2.785|4.200:0.000:4.125|8.400:0.000:5.077","0.000:0.000:-0.800|0.000:0.000:0.800|0.000:0.000:-0.800|0.000:0.000:0.800|0.000:0.000:-0.800","0.000:0.000:-6.694|20.000:0.000:-1.935","0.000:0.000:-1.300|0.000:0.000:1.300",False,False,Moving,60.00,40.00,3.00,SensorDegradation
77.2753,9,9,761,-9.3362,0.0500,-10.1587,341.9287,1.4823,2.4109,-22.0000,0.0000,-10.0000,12.6649,7,"","","-8.400:0.000:-9.063|-4.200:0.000:-5.095|-22.000:0.000:2.704|4.200:0.000:4.207|8.400:0.000:4.996","0.000:0.000:-0.800|0.000:0.000:0.800|0.000:0.000:-0.800|0.000:0.000:0.800|0.000:0.000:-0.800","0.000:0.000:-6.827|20.000:0.000:-1.802","0.000:0.000:-1.300|0.000:0.000:1.300",False,False,Moving,60.00,40.00,3.00,SensorDegradation
77.3779,9,9,762,-9.4235,0.0500,-10.0386,337.5727,1.5005,-61.9721,-22.0000,0.0000,-10.0000,12.5767,7,"","","-8.400:0.000:-9.145|-4.200:0.000:-5.013|-22.000:0.000:2.622|4.200:0.000:4.289|8.400:0.000:4.914","0.000:0.000:-0.800|0.000:0.000:0.800|0.000:0.000:-0.800|0.000:0.000:0.800|0.000:0.000:-0.800","0.000:0.000:-6.960|20.000:0.000:-1.669","0.000:0.000:-1.300|0.000:0.000:1.300",False,False,Moving,60.00,40.00,3.00,SensorDegradation
77.4788,9,9,763,-9.5391,0.0500,-9.9409,331.4471,1.4636,-55.8106,-22.0000,0.0000,-10.0000,12.4612,7,"","","-8.400:0.000:-9.226|-4.200:0.000:-4.932|-22.000:0.000:2.541|4.200:0.000:4.369|8.400:0.000:4.833","0.000:0.000:-0.800|0.000:0.000:0.800|0.000:0.000:-0.800|0.000:0.000:0.800|0.000:0.000:-0.800","0.000:0.000:-7.092|20.000:0.000:-1.538","0.000:0.000:-1.300|0.000:0.000:1.300",False,False,Moving,60.00,40.00,3.00,SensorDegradation
77.5811,9,9,764,-9.6564,0.0500,-9.8420,326.6212,1.4984,-44.5893,-22.0000,0.0000,-10.0000,12.3447,7,"","","-8.400:0.000:-9.308|-4.200:0.000:-4.850|-22.000:0.000:2.459|4.200:0.000:4.451|8.400:0.000:4.751","0.000:0.000:-0.800|0.000:0.000:0.800|0.000:0.000:-0.800|0.000:0.000:0.800|0.000:0.000:-0.800","0.000:0.000:-7.225|20.000:0.000:-1.405","0.000:0.000:-1.300|0.000:0.000:1.300",False,False,Moving,60.00,40.00,3.00,SensorDegradation
77.6812,9,9,765,-9.7836,0.0500,-9.7794,319.7458,1.3528,-78.6225,-22.0000,0.0000,-10.0000,12.2185,7,"","","-8.400:0.000:-9.388|-4.200:0.000:-4.770|-22.000:0.000:2.379|4.200:0.000:4.531|8.400:0.000:4.671","0.000:0.000:-0.800|0.000:0.000:0.800|0.000:0.000:-0.800|0.000:0.000:0.800|0.000:0.000:-0.800","0.000:0.000:-7.355|20.000:0.000:-1.274","0.000:0.000:-1.300|0.000:0.000:1.300",False,False,Moving,60.00,40.00,3.00,SensorDegradation
77.7842,9,9,766,-9.9362,0.0500,-9.7772,310.4817,1.4903,-89.4165,-22.0000,0.0000,-10.0000,12.0660,7,"","","-8.400:0.000:-9.470|-4.200:0.000:-4.688|-22.000:0.000:2.297|4.200:0.000:4.614|8.400:0.000:4.588","0.000:0.000:-0.800|0.000:0.000:0.800|0.000:0.000:-0.800|0.000:0.000:0.800|0.000:0.000:-0.800","0.000:0.000:-7.489|20.000:0.000:-1.141","0.000:0.000:-1.300|0.000:0.000:1.300",False,False,Moving,60.00,40.00,3.00,SensorDegradation
77.8853,9,9,767,-10.0878,0.0500,-9.7800,301.5410,1.5848,-89.3662,-22.0000,0.0000,-10.0000,11.9143,7,"","","-8.400:0.000:-9.551|-4.200:0.000:-4.607|-22.000:0.000:2.216|4.200:0.000:4.695|8.400:0.000:4.508","0.000:0.000:-0.800|0.000:0.000:0.800|0.000:0.000:-0.800|0.000:0.000:0.800|0.000:0.000:-0.800","0.000:0.000:-7.620|20.000:0.000:-1.009","0.000:0.000:-1.300|0.000:0.000:1.300",False,False,Moving,60.00,40.00,3.00,SensorDegradation
77.9869,9,9,768,-10.2403,0.0500,-9.7828,294.2048,1.3859,-60.8170,-22.0000,0.0000,-10.0000,11.7619,7,"","","-8.400:0.000:-9.633|-4.200:0.000:-4.526|-22.000:0.000:2.134|4.200:0.000:4.776|8.400:0.000:4.426","0.000:0.000:-0.800|0.000:0.000:0.800|0.000:0.000:-0.800|0.000:0.000:0.800|0.000:0.000:-0.800","0.000:0.000:-7.752|20.000:0.000:-0.877","0.000:0.000:-1.300|0.000:0.000:1.300",False,False,Moving,60.00,40.00,3.00,SensorDegradation
78.0889,9,9,769,-10.3932,0.0500,-9.7857,288.4982,1.5579,-53.0915,-22.0000,0.0000,-10.0000,11.6089,7,"","","-8.400:0.000:-9.714|-4.200:0.000:-4.444|-22.000:0.000:2.053|4.200:0.000:4.858|8.400:0.000:4.345","0.000:0.000:-0.800|0.000:0.000:0.800|0.000:0.000:-0.800|0.000:0.000:0.800|0.000:0.000:-0.800","0.000:0.000:-7.885|20.000:0.000:-0.744","0.000:0.000:-1.300|0.000:0.000:1.300",False,False,Moving,60.00,40.00,3.00,SensorDegradation
78.1895,9,9,770,-10.5441,0.0500,-9.7885,284.1366,1.5909,-42.2379,-22.0000,0.0000,-10.0000,11.4580,7,"","","-8.400:0.000:-9.795|-4.200:0.000:-4.364|-22.000:0.000:1.972|4.200:0.000:4.938|8.400:0.000:4.264","0.000:0.000:-0.800|0.000:0.000:0.800|0.000:0.000:-0.800|0.000:0.000:0.800|0.000:0.000:-0.800","0.000:0.000:-8.015|20.000:0.000:-0.614","0.000:0.000:-1.300|0.000:0.000:1.300",False,False,Moving,60.00,40.00,3.00,SensorDegradation
78.2927,9,9,771,-10.6987,0.0500,-9.7913,280.6718,1.6113,-33.3054,-22.0000,0.0000,-10.0000,11.3033,7,"","","-8.400:0.000:-9.830|-4.200:0.000:-4.281|-22.000:0.000:1.890|4.200:0.000:5.020|8.400:0.000:4.182","0.000:0.000:0.800|0.000:0.000:0.800|0.000:0.000:-0.800|0.000:0.000:0.800|0.000:0.000:-0.800","0.000:0.000:-8.150|20.000:0.000:-0.480","0.000:0.000:-1.300|0.000:0.000:1.300",False,False,Moving,60.00,40.00,3.00,SensorDegradation
78.3948,9,9,772,-10.8519,0.0500,-9.7941,278.0194,1.4126,-22.6883,-22.0000,0.0000,-10.0000,11.1501,7,"","","-8.400:0.000:-9.748|-4.200:0.000:-4.199|-22.000:0.000:1.808|4.200:0.000:5.102|8.400:0.000:4.100","0.000:0.000:0.800|0.000:0.000:0.800|0.000:0.000:-0.800|0.000:0.000:0.800|0.000:0.000:-0.800","0.000:0.000:-8.282|20.000:0.000:-0.347","0.000:0.000:-1.300|0.000:0.000:1.300",False,False,Moving,60.00,40.00,3.00,SensorDegradation
78.4971,9,9,773,-11.0053,0.0500,-9.7970,275.9638,1.4981,-18.7348,-22.0000,0.0000,-10.0000,10.9967,7,"","","-8.400:0.000:-9.666|-4.200:0.000:-4.118|-22.000:0.000:1.726|4.200:0.000:5.184|8.400:0.000:4.018","0.000:0.000:0.800|0.000:0.000:0.800|0.000:0.000:-0.800|0.000:0.000:0.800|0.000:0.000:-0.800","0.000:0.000:-8.415|20.000:0.000:-0.214","0.000:0.000:-1.300|0.000:0.000:1.300",False,False,Moving,60.00,40.00,3.00,SensorDegradation
78.5978,9,9,774,-11.1564,0.0500,-9.7998,274.3955,1.5098,-14.6652,-22.0000,0.0000,-10.0000,10.8456,7,"","","-8.400:0.000:-9.585|-4.200:0.000:-4.037|-22.000:0.000:1.646|4.200:0.000:5.265|8.400:0.000:3.938","0.000:0.000:0.800|0.000:0.000:0.800|0.000:0.000:-0.800|0.000:0.000:0.800|0.000:0.000:-0.800","0.000:0.000:-8.546|20.000:0.000:-0.083","0.000:0.000:-1.300|0.000:0.000:1.300",False,False,Moving,60.00,40.00,3.00,SensorDegradation
78.6999,9,9,775,-11.3094,0.0500,-9.8026,273.1634,1.4407,-10.9223,-22.0000,0.0000,-10.0000,10.6925,7,"","","-8.400:0.000:-9.504|-4.200:0.000:-3.955|-22.000:0.000:1.564|4.200:0.000:5.346|8.400:0.000:3.856","0.000:0.000:0.800|0.000:0.000:0.800|0.000:0.000:-0.800|0.000:0.000:0.800|0.000:0.000:-0.800","0.000:0.000:-8.679|20.000:0.000:0.050","0.000:0.000:-1.300|0.000:0.000:1.300",False,False,Moving,60.00,40.00,3.00,SensorDegradation
78.8004,9,9,776,-11.4602,0.0500,-9.8054,272.2224,1.5554,-9.1827,-22.0000,0.0000,-10.0000,10.5418,7,"","","-8.400:0.000:-9.423|-4.200:0.000:-3.875|-22.000:0.000:1.484|4.200:0.000:5.427|8.400:0.000:3.776","0.000:0.000:0.800|0.000:0.000:0.800|0.000:0.000:-0.800|0.000:0.000:0.800|0.000:0.000:-0.800","0.000:0.000:-8.810|20.000:0.000:0.180","0.000:0.000:-1.300|0.000:0.000:1.300",False,False,Moving,60.00,40.00,3.00,SensorDegradation
78.9025,9,9,777,-11.6134,0.0500,-9.8082,271.4803,1.3708,-6.2759,-22.0000,0.0000,-10.0000,10.3885,7,"","","-8.400:0.000:-9.342|-4.200:0.000:-3.793|-22.000:0.000:1.402|4.200:0.000:5.508|8.400:0.000:3.694","0.000:0.000:0.800|0.000:0.000:0.800|0.000:0.000:-0.800|0.000:0.000:0.800|0.000:0.000:-0.800","0.000:0.000:-8.942|20.000:0.000:0.313","0.000:0.000:-1.300|0.000:0.000:1.300",False,False,Moving,60.00,40.00,3.00,SensorDegradation
79.0028,9,9,778,-11.7638,0.0500,-9.8110,270.9156,1.5967,-5.7007,-22.0000,0.0000,-10.0000,10.2381,7,"","","-8.400:0.000:-9.261|-4.200:0.000:-3.713|-22.000:0.000:1.322|4.200:0.000:5.589|8.400:0.000:3.614","0.000:0.000:0.800|0.000:0.000:0.800|0.000:0.000:-0.800|0.000:0.000:0.800|0.000:0.000:-0.800","0.000:0.000:-9.073|20.000:0.000:0.444","0.000:0.000:-1.300|0.000:0.000:1.300",False,False,Moving,60.00,40.00,3.00,SensorDegradation
79.1030,9,9,779,-11.9141,0.0500,-9.8138,270.4768,1.5530,-4.3121,-22.0000,0.0000,-10.0000,10.0877,7,"","","-8.400:0.000:-9.181|-4.200:0.000:-3.633|-22.000:0.000:1.242|4.200:0.000:5.669|8.400:0.000:3.533","0.000:0.000:0.800|0.000:0.000:0.800|0.000:0.000:-0.800|0.000:0.000:0.800|0.000:0.000:-0.800","0.000:0.000:-9.203|20.000:0.000:0.574","0.000:0.000:-1.300|0.000:0.000:1.300",False,False,Moving,60.00,40.00,3.00,SensorDegradation
79.2058,9,9,780,-12.0682,0.0500,-9.8166,270.1283,1.3317,-2.7374,-22.0000,0.0000,-10.0000,9.9337,7,"","","-8.400:0.000:-9.099|-4.200:0.000:-3.551|-22.000:0.000:1.159|4.200:0.000:5.751|8.400:0.000:3.451","0.000:0.000:0.800|0.000:0.000:0.800|0.000:0.000:-0.800|0.000:0.000:0.800|0.000:0.000:-0.800","0.000:0.000:-9.337|20.000:0.000:0.707","0.000:0.000:-1.300|0.000:0.000:1.300",False,False,Moving,60.00,40.00,3.00,SensorDegradation
79.3080,9,9,781,-12.2215,0.0500,-9.8194,269.8600,1.6061,-2.5665,-22.0000,0.0000,-10.0000,9.7803,7,"","","-8.400:0.000:-9.017|-4.200:0.000:-3.469|-22.000:0.000:1.078|4.200:0.000:5.833|8.400:0.000:3.369","0.000:0.000:0.800|0.000:0.000:0.800|0.000:0.000:-0.800|0.000:0.000:0.800|0.000:0.000:-0.800","0.000:0.000:-9.469|20.000:0.000:0.840","0.000:0.000:-1.300|0.000:0.000:1.300",False,False,Moving,60.00,40.00,3.00,SensorDegradation
79.4080,9,9,782,-12.3714,0.0500,-9.8222,269.6564,1.4309,-1.7746,-22.0000,0.0000,-10.0000,9.6303,7,"","","-8.400:0.000:-8.937|-4.200:0.000:-3.389|-22.000:0.000:0.998|4.200:0.000:5.913|8.400:0.000:3.289","0.000:0.000:0.800|0.000:0.000:0.800|0.000:0.000:-0.800|0.000:0.000:0.800|0.000:0.000:-0.800","0.000:0.000:-9.599|20.000:0.000:0.970","0.000:0.000:-1.300|0.000:0.000:1.300",False,False,Moving,60.00,40.00,3.00,SensorDegradation
79.5080,9,9,783,-12.5215,0.0500,-9.8250,269.4979,1.4301,-1.3840,-22.0000,0.0000,-10.0000,9.4803,7,"","","-8.400:0.000:-8.857|-4.200:0.000:-3.309|-22.000:0.000:0.918|4.200:0.000:5.993|8.400:0.000:3.209","0.000:0.000:0.800|0.000:0.000:0.800|0.000:0.000:-0.800|0.000:0.000:0.800|0.000:0.000:-0.800","0.000:0.000:-9.730|20.000:0.000:1.100","0.000:0.000:-1.300|0.000:0.000:1.300",False,False,Moving,60.00,40.00,3.00,SensorDegradation
79.6103,9,9,784,-12.6749,0.0500,-9.8278,269.3720,1.5094,-1.1368,-22.0000,0.0000,-10.0000,9.3268,7,"","","-8.400:0.000:-8.775|-4.200:0.000:-3.227|-22.000:0.000:0.836|4.200:0.000:6.075|8.400:0.000:3.128","0.000:0.000:0.800|0.000:0.000:0.800|0.000:0.000:-0.800|0.000:0.000:0.800|0.000:0.000:-0.800","0.000:0.000:-9.863|20.000:0.000:1.233","0.000:0.000:-1.300|0.000:0.000:1.300",False,False,Moving,60.00,40.00,3.00,SensorDegradation
79.7121,9,9,785,-12.8275,0.0500,-9.8306,269.2751,1.4409,-0.8438,-22.0000,0.0000,-10.0000,9.1742,7,"","","-8.400:0.000:-8.694|-4.200:0.000:-3.146|-22.000:0.000:0.754|4.200:0.000:6.156|8.400:0.000:3.046","0.000:0.000:0.800|0.000:0.000:0.800|0.000:0.000:-0.800|0.000:0.000:0.800|0.000:0.000:-0.800","0.000:0.000:-9.995|20.000:0.000:1.366","0.000:0.000:-1.300|0.000:0.000:1.300",False,False,Moving,60.00,40.00,3.00,SensorDegradation
79.8142,9,9,786,-12.9807,0.0500,-9.8334,269.1999,1.5597,-0.7095,-22.0000,0.0000,-10.0000,9.0210,7,"","","-8.400:0.000:-8.612|-4.200:0.000:-3.064|-22.000:0.000:0.673|4.200:0.000:6.238|8.400:0.000:2.964","0.000:0.000:0.800|0.000:0.000:0.800|0.000:0.000:-0.800|0.000:0.000:0.800|0.000:0.000:-0.800","0.000:0.000:-10.128|20.000:0.000:1.498","0.000:0.000:-1.300|0.000:0.000:1.300",False,False,Moving,60.00,40.00,3.00,SensorDegradation
79.9143,9,9,787,-13.1308,0.0500,-9.8362,269.1426,1.3929,-0.4929,-22.0000,0.0000,-10.0000,8.8708,7,"","","-8.400:0.000:-8.532|-4.200:0.000:-2.984|-22.000:0.000:0.593|4.200:0.000:6.318|8.400:0.000:2.884","0.000:0.000:0.800|0.000:0.000:0.800|0.000:0.000:-0.800|0.000:0.000:0.800|0.000:0.000:-0.800","0.000:0.000:-10.258|20.000:0.000:1.629","0.000:0.000:-1.300|0.000:0.000:1.300",False,False,Moving,60.00,40.00,3.00,SensorDegradation
80.0160,9,9,788,-13.2833,0.0500,-9.8390,269.0975,1.3795,-0.3815,-22.0000,0.0000,-10.0000,8.7183,7,"","","-8.400:0.000:-8.451|-4.200:0.000:-2.902|-22.000:0.000:0.511|4.200:0.000:6.399|8.400:0.000:2.803","0.000:0.000:0.800|0.000:0.000:0.800|0.000:0.000:-0.800|0.000:0.000:0.800|0.000:0.000:-0.800","0.000:0.000:-10.390|20.000:0.000:1.761","0.000:0.000:-1.300|0.000:0.000:1.300",False,False,Moving,60.00,40.00,3.00,SensorDegradation
80.1179,9,9,789,-13.4361,0.0500,-9.8419,269.0624,1.4695,-0.3143,-22.0000,0.0000,-10.0000,8.5655,7,"","","-8.400:0.000:-8.369|-4.200:0.000:-2.821|-22.000:0.000:0.430|4.200:0.000:6.481|8.400:0.000:2.722","0.000:0.000:0.800|0.000:0.000:0.800|0.000:0.000:-0.800|0.000:0.000:0.800|0.000:0.000:-0.800","0.000:0.000:-10.522|20.000:0.000:1.893","0.000:0.000:-1.300|0.000:0.000:1.300",False,False,Moving,60.00,40.00,3.00,SensorDegradation
80.2182,9,9,790,-13.5865,0.0500,-9.8446,269.0357,1.4967,-0.2487,-22.0000,0.0000,-10.0000,8.4151,7,"","","-8.400:0.000:-8.289|-4.200:0.000:-2.741|-22.000:0.000:0.349|4.200:0.000:6.561|8.400:0.000:2.641","0.000:0.000:0.800|0.000:0.000:0.800|0.000:0.000:-0.800|0.000:0.000:0.800|0.000:0.000:-0.800","0.000:0.000:-10.653|20.000:0.000:2.024","0.000:0.000:-1.300|0.000:0.000:1.300",False,False,Moving,60.00,40.00,3.00,SensorDegradation
80.3199,9,9,791,-13.7391,0.0500,-9.8475,269.0146,1.4932,-0.1938,-22.0000,0.0000,-10.0000,8.2625,7,"","","-8.400:0.000:-8.208|-4.200:0.000:-2.659|-22.000:0.000:0.268|4.200:0.000:6.642|8.400:0.000:2.560","0.000:0.000:0.800|0.000:0.000:0.800|0.000:0.000:-0.800|0.000:0.000:0.800|0.000:0.000:-0.800","0.000:0.000:-10.785|20.000:0.000:2.156","0.000:0.000:-1.300|0.000:0.000:1.300",False,False,Moving,60.00,40.00,3.00,SensorDegradation
80.4200,9,9,792,-13.8892,0.0500,-9.8502,268.9985,1.4566,-0.1480,-22.0000,0.0000,-10.0000,8.1123,7,"","","-8.400:0.000:-8.128|-4.200:0.000:-2.579|-22.000:0.000:0.188|4.200:0.000:6.722|8.400:0.000:2.480","0.000:0.000:0.800|0.000:0.000:0.800|0.000:0.000:-0.800|0.000:0.000:0.800|0.000:0.000:-0.800","0.000:0.000:-10.915|20.000:0.000:2.286","0.000:0.000:-1.300|0.000:0.000:1.300",False,False,Moving,60.00,40.00,3.00,SensorDegradation
80.5200,9,9,793,-14.0392,0.0500,-9.8530,268.9860,1.5528,-0.1205,-22.0000,0.0000,-10.0000,7.9623,7,"","","-8.400:0.000:-8.048|-4.200:0.000:-2.499|-22.000:0.000:0.108|4.200:0.000:6.802|8.400:0.000:2.400","0.000:0.000:0.800|0.000:0.000:0.800|0.000:0.000:-0.800|0.000:0.000:0.800|0.000:0.000:-0.800","0.000:0.000:-11.045|20.000:0.000:2.416","0.000:0.000:-1.300|0.000:0.000:1.300",False,False,Moving,60.00,40.00,3.00,SensorDegradation
80.6203,9,9,794,-14.1896,0.0500,-9.8558,268.9762,1.5128,-0.0931,-22.0000,0.0000,-10.0000,7.8119,7,"","","-8.400:0.000:-7.967|-4.200:0.000:-2.419|-22.000:0.000:0.028|4.200:0.000:6.883|8.400:0.000:2.320","0.000:0.000:0.800|0.000:0.000:0.800|0.000:0.000:-0.800|0.000:0.000:0.800|0.000:0.000:-0.800","0.000:0.000:-11.175|20.000:0.000:2.546","0.000:0.000:-1.300|0.000:0.000:1.300",False,False,Moving,60.00,40.00,3.00,SensorDegradation
80.7212,9,9,795,-14.3410,0.0500,-9.8586,268.9686,1.3560,-0.0641,-22.0000,0.0000,-10.0000,7.6605,7,"","","-8.400:0.000:-7.887|-4.200:0.000:-2.338|-22.000:0.000:-0.053|4.200:0.000:6.963|8.400:0.000:2.239","0.000:0.000:0.800|0.000:0.000:0.800|0.000:0.000:-0.800|0.000:0.000:0.800|0.000:0.000:-0.800","0.000:0.000:-11.307|20.000:0.000:2.678","0.000:0.000:-1.300|0.000:0.000:1.300",False,False,Moving,60.00,40.00,3.00,SensorDegradation
80.8223,9,9,796,-14.4926,0.0500,-9.8614,268.9627,1.4681,-0.0549,-22.0000,0.0000,-10.0000,7.5088,7,"","","-8.400:0.000:-7.806|-4.200:0.000:-2.257|-22.000:0.000:-0.134|4.200:0.000:7.044|8.400:0.000:2.158","0.000:0.000:0.800|0.000:0.000:0.800|0.000:0.000:-0.800|0.000:0.000:0.800|0.000:0.000:-0.800","0.000:0.000:-11.438|20.000:0.000:2.809","0.000:0.000:-1.300|0.000:0.000:1.300",False,False,Moving,60.00,40.00,3.00,SensorDegradation
80.9253,9,9,797,-14.6470,0.0500,-9.8642,268.9580,1.4235,-0.0381,-22.0000,0.0000,-10.0000,7.3544,7,"","","-8.400:0.000:-7.723|-4.200:0.000:-2.175|-22.000:0.000:-0.216|4.200:0.000:7.127|8.400:0.000:2.076","0.000:0.000:0.800|0.000:0.000:0.800|0.000:0.000:-0.800|0.000:0.000:0.800|0.000:0.000:-0.800","0.000:0.000:-11.572|20.000:0.000:2.943","0.000:0.000:-1.300|0.000:0.000:1.300",False,False,Moving,60.00,40.00,3.00,SensorDegradation
81.0276,9,9,798,-14.8005,0.0500,-9.8671,268.9544,1.5208,-0.0336,-22.0000,0.0000,-10.0000,7.2009,7,"","","-8.400:0.000:-7.642|-4.200:0.000:-2.093|-22.000:0.000:-0.298|4.200:0.000:7.209|8.400:0.000:1.994","0.000:0.000:0.800|0.000:0.000:0.800|0.000:0.000:-0.800|0.000:0.000:0.800|0.000:0.000:-0.800","0.000:0.000:-11.705|20.000:0.000:3.076","0.000:0.000:-1.300|0.000:0.000:1.300",False,False,Moving,60.00,40.00,3.00,SensorDegradation
81.1286,9,9,799,-14.9519,0.0500,-9.8699,268.9516,1.4849,-0.0259,-22.0000,0.0000,-10.0000,7.0495,7,"","","-8.400:0.000:-7.561|-4.200:0.000:-2.012|-22.000:0.000:-0.379|4.200:0.000:7.289|8.400:0.000:1.913","0.000:0.000:0.800|0.000:0.000:0.800|0.000:0.000:-0.800|0.000:0.000:0.800|0.000:0.000:-0.800","0.000:0.000:-11.836|20.000:0.000:3.207","0.000:0.000:-1.300|0.000:0.000:1.300",False,False,Moving,60.00,40.00,3.00,SensorDegradation
81.2289,9,9,800,-15.1024,0.0500,-9.8726,268.9495,1.5010,-0.0198,-22.0000,0.0000,-10.0000,6.8990,7,"","","-8.400:0.000:-7.481|-4.200:0.000:-1.932|-22.000:0.000:-0.459|4.200:0.000:7.370|8.400:0.000:1.833","0.000:0.000:0.800|0.000:0.000:0.800|0.000:0.000:-0.800|0.000:0.000:0.800|0.000:0.000:-0.800","0.000:0.000:-11.967|20.000:0.000:3.338","0.000:0.000:-1.300|0.000:0.000:1.300",False,False,Moving,60.00,40.00,3.00,SensorDegradation
81.3297,9,9,801,-15.2535,0.0500,-9.8754,268.9479,1.3616,-0.0122,-22.0000,0.0000,-10.0000,6.7478,7,"","","-8.400:0.000:-7.400|-4.200:0.000:-1.851|-22.000:0.000:-0.540|4.200:0.000:7.450|8.400:0.000:1.752","0.000:0.000:0.800|0.000:0.000:0.800|0.000:0.000:-0.800|0.000:0.000:0.800|0.000:0.000:-0.800","0.000:0.000:-12.098|20.000:0.000:3.469","0.000:0.000:-1.300|0.000:0.000:1.300",False,False,Moving,60.00,40.00,3.00,SensorDegradation
81.4303,9,9,802,-15.4043,0.0500,-9.8782,268.9466,1.2458,-0.0107,-22.0000,0.0000,-10.0000,6.5970,7,"","","-8.400:0.000:-7.320|-4.200:0.000:-1.771|-22.000:0.000:-0.620|4.200:0.000:7.531|8.400:0.000:1.672","0.000:0.000:0.800|0.000:0.000:0.800|0.000:0.000:-0.800|0.000:0.000:0.800|0.000:0.000:-0.800","0.000:0.000:-12.228|20.000:0.000:3.599","0.000:0.000:-1.300|0.000:0.000:1.300",False,False,Moving,60.00,40.00,3.00,SensorDegradation
81.5310,9,9,803,-15.5553,0.0500,-9.8810,268.9456,1.4680,-0.0092,-22.0000,0.0000,-10.0000,6.4460,7,"","","-8.400:0.000:-7.239|-4.200:0.000:-1.690|-22.000:0.000:-0.701|4.200:0.000:7.611|8.400:0.000:1.591","0.000:0.000:0.800|0.000:0.000:0.800|0.000:0.000:-0.800|0.000:0.000:0.800|0.000:0.000:-0.800","0.000:0.000:-12.359|20.000:0.000:3.730","0.000:0.000:-1.300|0.000:0.000:1.300",False,False,Moving,60.00,40.00,3.00,SensorDegradation
81.6330,9,9,804,-15.7084,0.0500,-9.8838,268.9448,1.4510,-0.0061,-22.0000,0.0000,-10.0000,6.2928,7,"","","-8.400:0.000:-7.157|-4.200:0.000:-1.609|-22.000:0.000:-0.782|4.200:0.000:7.693|8.400:0.000:1.509","0.000:0.000:0.800|0.000:0.000:0.800|0.000:0.000:-0.800|0.000:0.000:0.800|0.000:0.000:-0.800","0.000:0.000:-12.492|20.000:0.000:3.863","0.000:0.000:-1.300|0.000:0.000:1.300",False,False,Moving,60.00,40.00,3.00,SensorDegradation
81.7345,9,9,805,-15.8605,0.0500,-9.8866,268.9442,1.6581,-0.0061,-22.0000,0.0000,-10.0000,6.1407,7,"","","-8.400:0.000:-7.076|-4.200:0.000:-1.528|-22.000:0.000:-0.864|4.200:0.000:7.774|8.400:0.000:1.428","0.000:0.000:0.800|0.000:0.000:0.800|0.000:0.000:-0.800|0.000:0.000:0.800|0.000:0.000:-0.800","0.000:0.000:-12.624|20.000:0.000:3.995","0.000:0.000:-1.300|0.000:0.000:1.300",False,False,Moving,60.00,40.00,3.00,SensorDegradation
81.8364,9,9,806,-16.0135,0.0500,-9.8895,268.9438,1.4592,-0.0046,-22.0000,0.0000,-10.0000,5.9877,7,"","","-8.400:0.000:-6.995|-4.200:0.000:-1.446|-22.000:0.000:-0.945|4.200:0.000:7.856|8.400:0.000:1.347","0.000:0.000:0.800|0.000:0.000:0.800|0.000:0.000:-0.800|0.000:0.000:0.800|0.000:0.000:-0.800","0.000:0.000:-12.756|20.000:0.000:4.127","0.000:0.000:-1.300|0.000:0.000:1.300",False,False,Moving,60.00,40.00,3.00,SensorDegradation
81.9377,9,9,807,-16.1653,0.0500,-9.8923,268.9434,1.3960,-0.0031,-22.0000,0.0000,-10.0000,5.8359,7,"","","-8.400:0.000:-6.914|-4.200:0.000:-1.365|-22.000:0.000:-1.026|4.200:0.000:7.937|8.400:0.000:1.266","0.000:0.000:0.800|0.000:0.000:0.800|0.000:0.000:-0.800|0.000:0.000:0.800|0.000:0.000:-0.800","0.000:0.000:-12.888|20.000:0.000:4.259","0.000:0.000:-1.300|0.000:0.000:1.300",False,False,Moving,60.00,40.00,3.00,SensorDegradation
82.0396,9,9,808,-16.3182,0.0500,-9.8951,268.9431,1.4683,-0.0031,-22.0000,0.0000,-10.0000,5.6830,7,"","","-8.400:0.000:-6.832|-4.200:0.000:-1.284|-22.000:0.000:-1.108|4.200:0.000:8.018|8.400:0.000:1.184","0.000:0.000:0.800|0.000:0.000:0.800|0.000:0.000:-0.800|0.000:0.000:0.800|0.000:0.000:-0.800","0.000:0.000:-13.021|20.000:0.000:4.391","0.000:0.000:-1.300|0.000:0.000:1.300",False,False,Moving,60.00,40.00,3.00,SensorDegradation
82.1422,9,9,809,-16.4720,0.0500,-9.8979,268.9428,1.4293,-0.0015,-22.0000,0.0000,-10.0000,5.5292,7,"","","-8.400:0.000:-6.750|-4.200:0.000:-1.202|-22.000:0.000:-1.190|4.200:0.000:8.100|8.400:0.000:1.102","0.000:0.000:0.800|0.000:0.000:0.800|0.000:0.000:-0.800|0.000:0.000:0.800|0.000:0.000:-0.800","0.000:0.000:-13.154|20.000:0.000:4.525","0.000:0.000:-1.300|0.000:0.000:1.300",False,False,Moving,60.00,40.00,3.00,SensorDegradation
82.2427,9,9,810,-16.6227,0.0500,-9.9007,268.9428,1.6268,0.0000,-22.0000,0.0000,-10.0000,5.3785,7,"","","-8.400:0.000:-6.670|-4.200:0.000:-1.121|-22.000:0.000:-1.270|4.200:0.000:8.180|8.400:0.000:1.022","0.000:0.000:0.800|0.000:0.000:0.800|0.000:0.000:-0.800|0.000:0.000:0.800|0.000:0.000:-0.800","0.000:0.000:-13.285|20.000:0.000:4.655","0.000:0.000:-1.300|0.000:0.000:1.300",False,False,Moving,60.00,40.00,3.00,SensorDegradation
82.3449,9,9,811,-16.7760,0.0500,-9.9035,268.9427,1.4206,-0.0015,-22.0000,0.0000,-10.0000,5.2251,7,"","","-8.400:0.000:-6.588|-4.200:0.000:-1.039|-22.000:0.000:-1.352|4.200:0.000:8.262|8.400:0.000:0.940","0.000:0.000:0.800|0.000:0.000:0.800|0.000:0.000:-0.800|0.000:0.000:0.800|0.000:0.000:-0.800","0.000:0.000:-13.293|20.000:0.000:4.788","0.000:0.000:1.300|0.000:0.000:1.300",False,False,Moving,60.00,40.00,3.00,SensorDegradation
82.4471,9,9,812,-16.9293,0.0500,-9.9064,268.9427,1.4831,0.0000,-22.0000,0.0000,-10.0000,5.0718,7,"","","-8.400:0.000:-6.506|-4.200:0.000:-0.958|-22.000:0.000:-1.434|4.200:0.000:8.344|8.400:0.000:0.858","0.000:0.000:0.800|0.000:0.000:0.800|0.000:0.000:-0.800|0.000:0.000:0.800|0.000:0.000:-0.800","0.000:0.000:-13.160|20.000:0.000:4.921","0.000:0.000:1.300|0.000:0.000:1.300",False,False,Moving,60.00,40.00,3.00,SensorDegradation
82.5496,9,9,813,-17.0830,0.0500,-9.9092,268.9427,1.4148,0.0000,-22.0000,0.0000,-10.0000,4.9181,7,"","","-8.400:0.000:-6.424|-4.200:0.000:-0.876|-22.000:0.000:-1.516|4.200:0.000:8.426|8.400:0.000:0.776","0.000:0.000:0.800|0.000:0.000:0.800|0.000:0.000:-0.800|0.000:0.000:0.800|0.000:0.000:-0.800","0.000:0.000:-13.027|20.000:0.000:5.054","0.000:0.000:1.300|0.000:0.000:1.300",False,False,Moving,60.00,40.00,3.00,SensorDegradation
82.6510,9,9,814,-17.2351,0.0500,-9.9120,268.9427,1.4749,0.0000,-22.0000,0.0000,-10.0000,4.7660,7,"","","-8.400:0.000:-6.343|-4.200:0.000:-0.794|-22.000:0.000:-1.597|4.200:0.000:8.507|8.400:0.000:0.695","0.000:0.000:0.800|0.000:0.000:0.800|0.000:0.000:-0.800|0.000:0.000:0.800|0.000:0.000:-0.800","0.000:0.000:-12.895|20.000:0.000:5.186","0.000:0.000:1.300|0.000:0.000:1.300",False,False,Moving,60.00,40.00,3.00,SensorDegradation
82.7533,9,9,815,-17.3884,0.0500,-9.9148,268.9427,1.5289,0.0000,-22.0000,0.0000,-10.0000,4.6126,7,"","","-8.400:0.000:-6.261|-4.200:0.000:-0.713|-22.000:0.000:-1.679|4.200:0.000:8.589|8.400:0.000:0.613","0.000:0.000:0.800|0.000:0.000:0.800|0.000:0.000:-0.800|0.000:0.000:0.800|0.000:0.000:-0.800","0.000:0.000:-12.762|20.000:0.000:5.319","0.000:0.000:1.300|0.000:0.000:1.300",False,False,Moving,60.00,40.00,3.00,SensorDegradation
82.8546,9,9,816,-17.5404,0.0500,-9.9176,268.9427,1.5594,0.0000,-22.0000,0.0000,-10.0000,4.4607,7,"","","-8.400:0.000:-6.180|-4.200:0.000:-0.632|-22.000:0.000:-1.760|4.200:0.000:8.670|8.400:0.000:0.532","0.000:0.000:0.800|0.000:0.000:0.800|0.000:0.000:-0.800|0.000:0.000:0.800|0.000:0.000:-0.800","0.000:0.000:-12.630|20.000:0.000:5.451","0.000:0.000:1.300|0.000:0.000:1.300",False,False,Moving,60.00,40.00,3.00,SensorDegradation
82.9562,9,9,817,-17.6928,0.0500,-9.9205,268.9427,1.4788,0.0000,-22.0000,0.0000,-10.0000,4.3083,7,"","","-8.400:0.000:-6.099|-4.200:0.000:-0.550|-22.000:0.000:-1.841|4.200:0.000:8.751|8.400:0.000:0.451","0.000:0.000:0.800|0.000:0.000:0.800|0.000:0.000:-0.800|0.000:0.000:0.800|0.000:0.000:-0.800","0.000:0.000:-12.498|20.000:0.000:5.583","0.000:0.000:1.300|0.000:0.000:1.300",False,False,Moving,60.00,40.00,3.00,SensorDegradation
83.0584,9,9,818,-17.8460,0.0500,-9.9233,268.9427,1.4777,0.0000,-22.0000,0.0000,-10.0000,4.1550,7,"","","-8.400:0.000:-6.017|-4.200:0.000:-0.469|-22.000:0.000:-1.923|4.200:0.000:8.833|8.400:0.000:0.369","0.000:0.000:0.800|0.000:0.000:0.800|0.000:0.000:-0.800|0.000:0.000:0.800|0.000:0.000:-0.800","0.000:0.000:-12.365|20.000:0.000:5.716","0.000:0.000:1.300|0.000:0.000:1.300",False,False,Moving,60.00,40.00,3.00,SensorDegradation
83.1604,9,9,819,-17.9991,0.0500,-9.9261,268.9427,1.4842,0.0000,-22.0000,0.0000,-10.0000,4.0019,7,"","","-8.400:0.000:-5.935|-4.200:0.000:-0.387|-22.000:0.000:-2.004|4.200:0.000:8.915|8.400:0.000:0.288","0.000:0.000:0.800|0.000:0.000:0.800|0.000:0.000:-0.800|0.000:0.000:0.800|0.000:0.000:-0.800","0.000:0.000:-12.233|20.000:0.000:5.848","0.000:0.000:1.300|0.000:0.000:1.300",False,False,Moving,60.00,40.00,3.00,SensorDegradation
83.2616,9,9,820,-18.1508,0.0500,-9.9289,268.9427,1.3420,0.0000,-22.0000,0.0000,-10.0000,3.8502,7,"","","-8.400:0.000:-5.854|-4.200:0.000:-0.306|-22.000:0.000:-2.085|4.200:0.000:8.996|8.400:0.000:0.207","0.000:0.000:0.800|0.000:0.000:0.800|0.000:0.000:-0.800|0.000:0.000:0.800|0.000:0.000:-0.800","0.000:0.000:-12.101|20.000:0.000:5.980","0.000:0.000:1.300|0.000:0.000:1.300",False,False,Moving,60.00,40.00,3.00,SensorDegradation
83.3630,9,9,821,-18.3029,0.0500,-9.9317,268.9427,1.5170,0.0000,-22.0000,0.0000,-10.0000,3.6981,7,"","","-8.400:0.000:-5.773|-4.200:0.000:-0.225|-22.000:0.000:-2.166|4.200:0.000:9.077|8.400:0.000:0.125","0.000:0.000:0.800|0.000:0.000:0.800|0.000:0.000:-0.800|0.000:0.000:0.800|0.000:0.000:-0.800","0.000:0.000:-11.969|20.000:0.000:6.112","0.000:0.000:1.300|0.000:0.000:1.300",False,False,Moving,60.00,40.00,3.00,SensorDegradation
83.4633,9,9,822,-18.4533,0.0500,-9.9345,268.9427,1.6121,0.0000,-22.0000,0.0000,-10.0000,3.5476,7,"","","-8.400:0.000:-5.693|-4.200:0.000:-0.145|-22.000:0.000:-2.247|4.200:0.000:9.157|8.400:0.000:0.045","0.000:0.000:0.800|0.000:0.000:0.800|0.000:0.000:-0.800|0.000:0.000:0.800|0.000:0.000:-0.800","0.000:0.000:-11.839|20.000:0.000:6.242","0.000:0.000:1.300|0.000:0.000:1.300",False,False,Moving,60.00,40.00,3.00,SensorDegradation
83.5657,9,9,823,-18.6068,0.0500,-9.9373,268.9427,1.6320,0.0000,-22.0000,0.0000,-10.0000,3.3941,7,"","","-8.400:0.000:-5.611|-4.200:0.000:-0.063|-22.000:0.000:-2.329|4.200:0.000:9.239|8.400:0.000:-0.037","0.000:0.000:0.800|0.000:0.000:0.800|0.000:0.000:-0.800|0.000:0.000:0.800|0.000:0.000:-0.800","0.000:0.000:-11.706|20.000:0.000:6.375","0.000:0.000:1.300|0.000:0.000:1.300",False,False,Moving,60.00,40.00,3.00,SensorDegradation
83.6683,9,9,824,-18.7607,0.0500,-9.9402,268.9427,1.5028,0.0000,-22.0000,0.0000,-10.0000,3.2402,7,"","","-8.400:0.000:-5.529|-4.200:0.000:0.019|-22.000:0.000:-2.411|4.200:0.000:9.321|8.400:0.000:-0.119","0.000:0.000:0.800|0.000:0.000:0.800|0.000:0.000:-0.800|0.000:0.000:0.800|0.000:0.000:-0.800","0.000:0.000:-11.572|20.000:0.000:6.509","0.000:0.000:1.300|0.000:0.000:1.300",False,False,Moving,60.00,40.00,3.00,SensorDegradation
83.7686,9,9,825,-18.9111,0.0500,-9.9430,268.9427,1.5583,0.0000,-22.0000,0.0000,-10.0000,3.0898,7,"","","-8.400:0.000:-5.449|-4.200:0.000:0.100|-22.000:0.000:-2.491|4.200:0.000:9.401|8.400:0.000:-0.199","0.000:0.000:0.800|0.000:0.000:0.800|0.000:0.000:-0.800|0.000:0.000:0.800|0.000:0.000:-0.800","0.000:0.000:-11.442|20.000:0.000:6.639","0.000:0.000:1.300|0.000:0.000:1.300",False,False,Moving,60.00,40.00,3.00,SensorDegradation
83.8702,9,9,826,-19.0636,0.0500,-9.9458,268.9427,1.4117,0.0000,-22.0000,0.0000,-10.0000,2.9374,7,"","","-8.400:0.000:-5.368|-4.200:0.000:0.181|-22.000:0.000:-2.572|4.200:0.000:9.483|8.400:0.000:-0.280","0.000:0.000:0.800|0.000:0.000:0.800|0.000:0.000:-0.800|0.000:0.000:0.800|0.000:0.000:-0.800","0.000:0.000:-11.310|20.000:0.000:6.771","0.000:0.000:1.300|0.000:0.000:1.300",False,False,Moving,60.00,40.00,3.00,SensorDegradation
83.9712,9,9,827,-19.2150,0.0500,-9.9486,268.9426,1.2987,0.0000,-22.0000,0.0000,-10.0000,2.7860,7,"","","-8.400:0.000:-5.287|-4.200:0.000:0.262|-22.000:0.000:-2.653|4.200:0.000:9.563|8.400:0.000:-0.361","0.000:0.000:0.800|0.000:0.000:0.800|0.000:0.000:-0.800|0.000:0.000:0.800|0.000:0.000:-0.800","0.000:0.000:-11.179|20.000:0.000:6.902","0.000:0.000:1.300|0.000:0.000:1.300",False,False,Moving,60.00,40.00,3.00,SensorDegradation
84.0716,9,9,828,-19.3657,0.0500,-9.9514,268.9426,1.4446,0.0000,-22.0000,0.0000,-10.0000,2.6353,7,"","","-8.400:0.000:-5.206|-4.200:0.000:0.342|-22.000:0.000:-2.733|4.200:0.000:9.644|8.400:0.000:-0.441","0.000:0.000:0.800|0.000:0.000:0.800|0.000:0.000:-0.800|0.000:0.000:0.800|0.000:0.000:-0.800","0.000:0.000:-11.048|20.000:0.000:7.033","0.000:0.000:1.300|0.000:0.000:1.300",False,False,Moving,60.00,40.00,3.00,SensorDegradation
84.1736,9,9,829,-19.5186,0.0500,-9.9542,268.9426,1.5060,0.0000,-22.0000,0.0000,-10.0000,2.4823,7,"","","-8.400:0.000:-5.125|-4.200:0.000:0.424|-22.000:0.000:-2.815|4.200:0.000:9.725|8.400:0.000:-0.523","0.000:0.000:0.800|0.000:0.000:0.800|0.000:0.000:-0.800|0.000:0.000:0.800|0.000:0.000:-0.800","0.000:0.000:-10.916|20.000:0.000:7.166","0.000:0.000:1.300|0.000:0.000:1.300",False,False,Moving,60.00,40.00,3.00,SensorDegradation
84.2751,9,9,830,-19.6708,0.0500,-9.9570,268.9426,1.4920,0.0000,-22.0000,0.0000,-10.0000,2.3302,7,"","","-8.400:0.000:-5.044|-4.200:0.000:0.505|-22.000:0.000:-2.896|4.200:0.000:9.806|8.400:0.000:-0.604","0.000:0.000:0.800|0.000:0.000:0.800|0.000:0.000:-0.800|0.000:0.000:0.800|0.000:0.000:-0.800","0.000:0.000:-10.784|20.000:0.000:7.298","0.000:0.000:1.300|0.000:0.000:1.300",False,False,Moving,60.00,40.00,3.00,SensorDegradation
84.3758,9,9,831,-19.8217,0.0500,-9.9598,268.9426,1.6280,0.0000,-22.0000,0.0000,-10.0000,2.1792,7,"","","-8.400:0.000:-4.963|-4.200:0.000:0.585|-22.000:0.000:-2.977|4.200:0.000:9.887|8.400:0.000:-0.685","0.000:0.000:0.800|0.000:0.000:0.800|0.000:0.000:-0.800|0.000:0.000:0.800|0.000:0.000:-0.800","0.000:0.000:-10.653|20.000:0.000:7.428","0.000:0.000:1.300|0.000:0.000:1.300",False,False,Moving,60.00,40.00,3.00,SensorDegradation
84.4777,9,9,832,-19.9746,0.0500,-9.9626,268.9426,1.5091,0.0000,-22.0000,0.0000,-10.0000,2.0263,7,"","","-8.400:0.000:-4.882|-4.200:0.000:0.667|-22.000:0.000:-3.058|4.200:0.000:9.968|8.400:0.000:-0.766","0.000:0.000:0.800|0.000:0.000:0.800|0.000:0.000:-0.800|0.000:0.000:0.800|0.000:0.000:-0.800","0.000:0.000:-10.520|20.000:0.000:7.561","0.000:0.000:1.300|0.000:0.000:1.300",False,False,Moving,60.00,40.00,3.00,SensorDegradation
84.5791,9,9,833,-20.1266,0.0500,-9.9654,268.9426,1.5133,0.0000,-22.0000,0.0000,-10.0000,1.8743,7,"","","-8.400:0.000:-4.801|-4.200:0.000:0.748|-22.000:0.000:-3.139|4.200:0.000:10.050|8.400:0.000:-0.847","0.000:0.000:0.800|0.000:0.000:0.800|0.000:0.000:-0.800|0.000:0.000:0.800|0.000:0.000:-0.800","0.000:0.000:-10.388|20.000:0.000:7.693","0.000:0.000:1.300|0.000:0.000:1.300",False,False,Moving,60.00,40.00,3.00,SensorDegradation
84.6815,9,9,834,-20.2803,0.0500,-9.9682,268.9426,1.5365,0.0000,-22.0000,0.0000,-10.0000,1.7207,7,"","","-8.400:0.000:-4.719|-4.200:0.000:0.830|-22.000:0.000:-3.221|4.200:0.000:10.132|8.400:0.000:-0.929","0.000:0.000:0.800|0.000:0.000:0.800|0.000:0.000:-0.800|0.000:0.000:0.800|0.000:0.000:-0.800","0.000:0.000:-10.255|20.000:0.000:7.826","0.000:0.000:1.300|0.000:0.000:1.300",False,False,Moving,60.00,40.00,3.00,SensorDegradation
84.7818,9,9,835,-20.4307,0.0500,-9.9710,268.9426,1.4734,0.0000,-22.0000,0.0000,-10.0000,1.5703,7,"","","-8.400:0.000:-4.659|-4.200:0.000:0.910|-22.000:0.000:-3.301|4.200:0.000:10.212|8.400:0.000:-1.010","0.000:0.000:-0.800|0.000:0.000:0.800|0.000:0.000:-0.800|0.000:0.000:0.800|0.000:0.000:-0.800","0.000:0.000:-10.125|20.000:0.000:7.747","0.000:0.000:1.300|0.000:0.000:-1.300",False,False,Moving,60.00,40.00,3.00,SensorDegradation
84.8825,9,9,836,-20.5818,0.0500,-9.9738,268.9426,1.5479,0.0000,-22.0000,0.0000,-10.0000,1.4194,7,"","","-8.400:0.000:-4.740|-4.200:0.000:0.991|-22.000:0.000:-3.382|4.200:0.000:10.292|8.400:0.000:-1.090","0.000:0.000:-0.800|0.000:0.000:0.800|0.000:0.000:-0.800|0.000:0.000:0.800|0.000:0.000:-0.800","0.000:0.000:-9.994|20.000:0.000:7.616","0.000:0.000:1.300|0.000:0.000:-1.300",False,False,Moving,60.00,40.00,3.00,SensorDegradation
84.9847,9,9,837,-20.7350,0.0500,-9.9766,268.9426,1.4949,0.0000,-22.0000,0.0000,-10.0000,1.2662,7,"","","-8.400:0.000:-4.822|-4.200:0.000:1.072|-22.000:0.000:-3.464|4.200:0.000:10.374|8.400:0.000:-1.172","0.000:0.000:-0.800|0.000:0.000:0.800|0.000:0.000:-0.800|0.000:0.000:0.800|0.000:0.000:-0.800","0.000:0.000:-9.861|20.000:0.000:7.483","0.000:0.000:1.300|0.000:0.000:-1.300",False,False,Moving,60.00,40.00,3.00,SensorDegradation
85.0859,9,9,838,-20.8868,0.0500,-9.9794,268.9426,1.5154,0.0000,-22.0000,0.0000,-10.0000,1.1145,7,"","","-8.400:0.000:-4.903|-4.200:0.000:1.153|-22.000:0.000:-3.545|4.200:0.000:10.455|8.400:0.000:-1.253","0.000:0.000:-0.800|0.000:0.000:0.800|0.000:0.000:-0.800|0.000:0.000:0.800|0.000:0.000:-0.800","0.000:0.000:-9.730|20.000:0.000:7.352","0.000:0.000:1.300|0.000:0.000:-1.300",False,False,Moving,60.00,40.00,3.00,SensorDegradation
85.1872,9,9,839,-21.0388,0.0500,-9.9823,268.9426,1.4529,0.0000,-22.0000,0.0000,-10.0000,0.9627,7,"","","-8.400:0.000:-4.984|-4.200:0.000:1.234|-22.000:0.000:-3.626|4.200:0.000:10.536|8.400:0.000:-1.334","0.000:0.000:-0.800|0.000:0.000:0.800|0.000:0.000:-0.800|0.000:0.000:0.800|0.000:0.000:-0.800","0.000:0.000:-9.598|20.000:0.000:7.220","0.000:0.000:1.300|0.000:0.000:-1.300",False,False,Moving,60.00,40.00,3.00,SensorDegradation
85.2880,9,9,840,-21.1898,0.0500,-9.9850,268.9426,1.5977,0.0000,-22.0000,0.0000,-10.0000,0.8119,7,"","","-8.400:0.000:-5.064|-4.200:0.000:1.315|-22.000:0.000:-3.706|4.200:0.000:10.617|8.400:0.000:-1.414","0.000:0.000:-0.800|0.000:0.000:0.800|0.000:0.000:-0.800|0.000:0.000:0.800|0.000:0.000:-0.800","0.000:0.000:-9.467|20.000:0.000:7.089","0.000:0.000:1.300|0.000:0.000:-1.300",False,False,Moving,60.00,40.00,3.00,SensorDegradation
85.3901,9,9,841,-21.3425,0.0500,-9.9879,268.9426,1.5911,0.0000,-22.0000,0.0000,-10.0000,0.6595,7,"","","-8.400:0.000:-5.146|-4.200:0.000:1.397|-22.000:0.000:-3.788|4.200:0.000:10.698|8.400:0.000:-1.496","0.000:0.000:-0.800|0.000:0.000:0.800|0.000:0.000:-0.800|0.000:0.000:0.800|0.000:0.000:-0.800","0.000:0.000:-9.334|20.000:0.000:6.956","0.000:0.000:1.300|0.000:0.000:-1.300",False,False,Moving,60.00,40.00,3.00,SensorDegradation
85.4901,9,9,842,-21.4805,0.0500,-9.9904,268.9426,1.2952,0.0000,-22.0000,0.0000,-10.0000,0.5220,7,"","","-8.400:0.000:-5.226|-4.200:0.000:1.477|-22.000:0.000:-3.868|4.200:0.000:10.778|8.400:0.000:-1.576","0.000:0.000:-0.800|0.000:0.000:0.800|0.000:0.000:-0.800|0.000:0.000:0.800|0.000:0.000:-0.800","0.000:0.000:-9.204|20.000:0.000:6.826","0.000:0.000:1.300|0.000:0.000:-1.300",False,False,Moving,60.00,40.00,3.00,SensorDegradation
85.5907,9,9,843,-21.6029,0.0500,-9.9927,268.9426,1.1627,0.0000,-22.0000,0.0000,-10.0000,0.4003,7,"","","-8.400:0.000:-5.306|-4.200:0.000:1.557|-22.000:0.000:-3.949|4.200:0.000:10.859|8.400:0.000:-1.657","0.000:0.000:-0.800|0.000:0.000:0.800|0.000:0.000:-0.800|0.000:0.000:0.800|0.000:0.000:-0.800","0.000:0.000:-9.073|20.000:0.000:6.696","0.000:0.000:1.300|0.000:0.000:-1.300",False,False,Moving,60.00,40.00,3.00,SensorDegradation
85.6908,9,9,844,-21.7084,0.0500,-9.9946,268.9426,1.0127,0.0000,-22.0000,0.0000,-10.0000,0.2959,7,"","","-8.400:0.000:-5.387|-4.200:0.000:1.637|-22.000:0.000:-4.029|4.200:0.000:10.939|8.400:0.000:-1.737","0.000:0.000:-0.800|0.000:0.000:0.800|0.000:0.000:-0.800|0.000:0.000:0.800|0.000:0.000:-0.800","0.000:0.000:-8.943|20.000:0.000:6.565","0.000:0.000:1.300|0.000:0.000:-1.300",False,True,GoalReached,60.00,40.00,3.00,SensorDegradation
85.7914,9,9,845,-21.7982,0.0500,-9.9963,268.9426,0.8464,0.0000,-22.0000,0.0000,-10.0000,0.2079,7,"","","-8.400:0.000:-5.467|-4.200:0.000:1.718|-22.000:0.000:-4.109|4.200:0.000:11.020|8.400:0.000:-1.817","0.000:0.000:-0.800|0.000:0.000:0.800|0.000:0.000:-0.800|0.000:0.000:0.800|0.000:0.000:-0.800","0.000:0.000:-8.812|20.000:0.000:6.435","0.000:0.000:1.300|0.000:0.000:-1.300",False,True,GoalReached,60.00,40.00,3.00,SensorDegradation
85.8931,9,9,846,-21.8723,0.0500,-9.9976,268.9426,0.7242,0.0000,-22.0000,0.0000,-10.0000,0.1372,7,"","","-8.400:0.000:-5.548|-4.200:0.000:1.799|-22.000:0.000:-4.191|4.200:0.000:11.101|8.400:0.000:-1.899","0.000:0.000:-0.800|0.000:0.000:0.800|0.000:0.000:-0.800|0.000:0.000:0.800|0.000:0.000:-0.800","0.000:0.000:-8.680|20.000:0.000:6.302","0.000:0.000:1.300|0.000:0.000:-1.300",False,True,GoalReached,60.00,40.00,3.00,SensorDegradation
85.9933,9,9,847,-21.9288,0.0500,-9.9987,268.9425,0.5175,-0.0015,-22.0000,0.0000,-10.0000,0.0870,7,"","","-8.400:0.000:-5.629|-4.200:0.000:1.879|-22.000:0.000:-4.271|4.200:0.000:11.181|8.400:0.000:-1.979","0.000:0.000:-0.800|0.000:0.000:0.800|0.000:0.000:-0.800|0.000:0.000:0.800|0.000:0.000:-0.800","0.000:0.000:-8.550|20.000:0.000:6.172","0.000:0.000:1.300|0.000:0.000:-1.300",False,True,GoalReached,60.00,40.00,3.00,SensorDegradation
86.0978,9,9,848,-21.9705,0.0500,-9.9995,268.9422,0.3507,-0.0031,-22.0000,0.0000,-10.0000,0.0581,7,"","","-8.400:0.000:-5.712|-4.200:0.000:1.963|-22.000:0.000:-4.354|4.200:0.000:11.265|8.400:0.000:-2.062","0.000:0.000:-0.800|0.000:0.000:0.800|0.000:0.000:-0.800|0.000:0.000:0.800|0.000:0.000:-0.800","0.000:0.000:-8.414|20.000:0.000:6.036","0.000:0.000:1.300|0.000:0.000:-1.300",False,True,GoalReached,60.00,40.00,3.00,SensorDegradation
86.1987,9,9,849,-21.9937,0.0500,-9.9999,268.9424,0.2163,0.0061,-22.0000,0.0000,-10.0000,0.0504,7,"","","-8.400:0.000:-5.793|-4.200:0.000:2.044|-22.000:0.000:-4.435|4.200:0.000:11.345|8.400:0.000:-2.143","0.000:0.000:-0.800|0.000:0.000:0.800|0.000:0.000:-0.800|0.000:0.000:0.800|0.000:0.000:-0.800","0.000:0.000:-8.283|20.000:0.000:5.905","0.000:0.000:1.300|0.000:0.000:-1.300",False,True,GoalReached,60.00,40.00,3.00,SensorDegradation
86.2997,9,9,850,-22.0000,0.0500,-10.0000,268.9451,0.0146,0.0000,-22.0000,0.0000,-10.0000,0.0500,7,"","","-8.400:0.000:-5.874|-4.200:0.000:2.124|-22.000:0.000:-4.516|4.200:0.000:11.426|8.400:0.000:-2.224","0.000:0.000:-0.800|0.000:0.000:0.800|0.000:0.000:-0.800|0.000:0.000:0.800|0.000:0.000:-0.800","0.000:0.000:-8.152|20.000:0.000:5.774","0.000:0.000:1.300|0.000:0.000:-1.300",False,True,GoalReached,60.00,40.00,3.00,SensorDegradation
86.4022,9,9,851,-22.0000,0.0500,-9.9998,269.4171,0.0000,0.0000,-22.0000,0.0000,0.0000,10.0000,7,"","","-8.400:0.000:-5.956|-4.200:0.000:2.206|-22.000:0.000:-4.598|4.200:0.000:11.508|8.400:0.000:-2.306","0.000:0.000:-0.800|0.000:0.000:0.800|0.000:0.000:-0.800|0.000:0.000:0.800|0.000:0.000:-0.800","0.000:0.000:-8.018|20.000:0.000:5.641","0.000:0.000:1.300|0.000:0.000:-1.300",False,False,Moving,60.00,40.00,3.00,SensorDegradation
86.5035,9,9,852,-22.0000,0.0500,-9.9534,278.5328,0.6857,100.3037,-22.0000,0.0000,0.0000,9.9535,7,"","","-8.400:0.000:-6.037|-4.200:0.000:2.288|-22.000:0.000:-4.679|4.200:0.000:11.589|8.400:0.000:-2.387","0.000:0.000:-0.800|0.000:0.000:0.800|0.000:0.000:-0.800|0.000:0.000:0.800|0.000:0.000:-0.800","0.000:0.000:-7.887|20.000:0.000:5.509","0.000:0.000:1.300|0.000:0.000:-1.300",False,False,Moving,60.00,40.00,3.00,SensorDegradation
86.6037,9,9,853,-22.0000,0.0500,-9.8283,287.5552,1.3412,80.4749,-22.0000,0.0000,0.0000,9.8284,7,"","","-8.400:0.000:-6.117|-4.200:0.000:2.368|-22.000:0.000:-4.759|4.200:0.000:11.669|8.400:0.000:-2.467","0.000:0.000:-0.800|0.000:0.000:0.800|0.000:0.000:-0.800|0.000:0.000:0.800|0.000:0.000:-0.800","0.000:0.000:-7.756|20.000:0.000:5.379","0.000:0.000:1.300|0.000:0.000:-1.300",False,False,Moving,60.00,40.00,3.00,SensorDegradation
86.7050,9,9,854,-22.0000,0.0500,-9.6764,296.6710,1.4776,88.6582,-22.0000,0.0000,0.0000,9.6765,7,"","","-8.400:0.000:-6.198|-4.200:0.000:2.449|-22.000:0.000:-4.840|4.200:0.000:11.750|8.400:0.000:-2.548","0.000:0.000:-0.800|0.000:0.000:0.800|0.000:0.000:-0.800|0.000:0.000:0.800|0.000:0.000:-0.800","0.000:0.000:-7.625|20.000:0.000:5.247","0.000:0.000:1.300|0.000:0.000:-1.300",False,False,Moving,60.00,40.00,3.00,SensorDegradation
86.8064,9,9,855,-22.0000,0.0500,-9.5243,305.7961,1.5184,91.1026,-22.0000,0.0000,0.0000,9.5244,7,"","","-8.400:0.000:-6.279|-4.200:0.000:2.530|-22.000:0.000:-4.921|4.200:0.000:11.831|8.400:0.000:-2.629","0.000:0.000:-0.800|0.000:0.000:0.800|0.000:0.000:-0.800|0.000:0.000:0.800|0.000:0.000:-0.800","0.000:0.000:-7.493|20.000:0.000:5.115","0.000:0.000:1.300|0.000:0.000:-1.300",False,False,Moving,60.00,40.00,3.00,SensorDegradation
86.9092,9,9,856,-22.0000,0.0500,-9.3702,315.0422,1.3896,83.3741,-22.0000,0.0000,0.0000,9.3703,7,"","","-8.400:0.000:-6.361|-4.200:0.000:2.612|-22.000:0.000:-5.003|4.200:0.000:11.914|8.400:0.000:-2.711","0.000:0.000:-0.800|0.000:0.000:0.800|0.000:0.000:-0.800|0.000:0.000:0.800|0.000:0.000:-0.800","0.000:0.000:-7.359|20.000:0.000:4.982","0.000:0.000:1.300|0.000:0.000:-1.300",False,False,Moving,60.00,40.00,3.00,SensorDegradation
87.0097,9,9,857,-22.0000,0.0500,-9.2195,324.0845,1.7180,103.0777,-22.0000,0.0000,0.0000,9.2196,7,"","","-8.400:0.000:-6.442|-4.200:0.000:2.692|-22.000:0.000:-5.084|4.200:0.000:11.994|8.400:0.000:-2.792","0.000:0.000:-0.800|0.000:0.000:0.800|0.000:0.000:-0.800|0.000:0.000:0.800|0.000:0.000:-0.800","0.000:0.000:-7.229|20.000:0.000:4.851","0.000:0.000:1.300|0.000:0.000:-1.300",False,False,Moving,60.00,40.00,3.00,SensorDegradation
87.1107,9,9,858,-22.0000,0.0500,-9.0679,332.2376,1.4962,72.6975,-22.0000,0.0000,0.0000,9.0680,7,"","","-8.400:0.000:-6.522|-4.200:0.000:2.773|-22.000:0.000:-5.165|4.200:0.000:12.075|8.400:0.000:-2.873","0.000:0.000:-0.800|0.000:0.000:0.800|0.000:0.000:-0.800|0.000:0.000:0.800|0.000:0.000:-0.800","0.000:0.000:-7.097|20.000:0.000:4.720","0.000:0.000:1.300|0.000:0.000:-1.300",False,False,Moving,60.00,40.00,3.00,SensorDegradation
87.2131,9,9,859,-22.0000,0.0500,-8.9143,338.5268,1.4009,52.9709,-22.0000,0.0000,0.0000,8.9145,7,"","","-8.400:0.000:-6.604|-4.200:0.000:2.855|-22.000:0.000:-5.246|4.200:0.000:12.157|8.400:0.000:-2.955","0.000:0.000:-0.800|0.000:0.000:0.800|0.000:0.000:-0.800|0.000:0.000:0.800|0.000:0.000:-0.800","0.000:0.000:-6.964|20.000:0.000:4.587","0.000:0.000:1.300|0.000:0.000:-1.300",False,False,Moving,60.00,40.00,3.00,SensorDegradation
87.3133,9,9,860,-22.0000,0.0500,-8.7639,343.3035,1.4264,41.9785,-22.0000,0.0000,0.0000,8.7641,7,"","","-8.400:0.000:-6.685|-4.200:0.000:2.935|-22.000:0.000:-5.327|4.200:0.000:12.237|8.400:0.000:-3.035","0.000:0.000:-0.800|0.000:0.000:0.800|0.000:0.000:-0.800|0.000:0.000:0.800|0.000:0.000:-0.800","0.000:0.000:-6.834|20.000:0.000:4.456","0.000:0.000:1.300|0.000:0.000:-1.300",False,False,Moving,60.00,40.00,3.00,SensorDegradation
87.4159,9,9,861,-22.0000,0.0500,-8.6101,347.0915,1.4534,33.2794,-22.0000,0.0000,0.0000,8.6102,7,"","","-8.400:0.000:-6.767|-4.200:0.000:3.017|-22.000:0.000:-5.409|4.200:0.000:12.319|8.400:0.000:-3.117","0.000:0.000:-0.800|0.000:0.000:0.800|0.000:0.000:-0.800|0.000:0.000:0.800|0.000:0.000:-0.800","0.000:0.000:-6.701|20.000:0.000:4.323","0.000:0.000:1.300|0.000:0.000:-1.300",False,False,Moving,60.00,40.00,3.00,SensorDegradation
87.5178,9,9,862,-22.0000,0.0500,-8.4573,350.0020,1.5115,27.0081,-22.0000,0.0000,0.0000,8.4575,7,"","","-8.400:0.000:-6.848|-4.200:0.000:3.099|-22.000:0.000:-5.490|4.200:0.000:12.401|8.400:0.000:-3.198","0.000:0.000:-0.800|0.000:0.000:0.800|0.000:0.000:-0.800|0.000:0.000:0.800|0.000:0.000:-0.800","0.000:0.000:-6.568|20.000:0.000:4.190","0.000:0.000:1.300|0.000:0.000:-1.300",False,False,Moving,60.00,40.00,3.00,SensorDegradation
87.6205,9,9,863,-22.0000,0.0500,-8.3032,352.2740,1.4153,19.6732,-22.0000,0.0000,0.0000,8.3034,7,"","","-8.400:0.000:-6.930|-4.200:0.000:3.181|-22.000:0.000:-5.572|4.200:0.000:12.483|8.400:0.000:-3.281","0.000:0.000:-0.800|0.000:0.000:0.800|0.000:0.000:-0.800|0.000:0.000:0.800|0.000:0.000:-0.800","0.000:0.000:-6.435|20.000:0.000:4.057","0.000:0.000:1.300|0.000:0.000:-1.300",False,False,Moving,60.00,40.00,3.00,SensorDegradation
87.7217,9,9,864,-22.0000,0.0500,-8.1514,354.0065,1.4590,15.7684,-22.0000,0.0000,0.0000,8.1516,7,"","","-8.400:0.000:-7.011|-4.200:0.000:3.262|-22.000:0.000:-5.653|4.200:0.000:12.564|8.400:0.000:-3.361","0.000:0.000:-0.800|0.000:0.000:0.800|0.000:0.000:-0.800|0.000:0.000:0.800|0.000:0.000:-0.800","0.000:0.000:-6.303|20.000:0.000:3.925","0.000:0.000:1.300|0.000:0.000:-1.300",False,False,Moving,60.00,40.00,3.00,SensorDegradation
87.8232,9,9,865,-22.0000,0.0500,-7.9992,355.3538,1.5273,12.8479,-22.0000,0.0000,0.0000,7.9993,7,"","","-8.400:0.000:-7.092|-4.200:0.000:3.343|-22.000:0.000:-5.735|4.200:0.000:12.645|8.400:0.000:-3.443","0.000:0.000:-0.800|0.000:0.000:0.800|0.000:0.000:-0.800|0.000:0.000:0.800|0.000:0.000:-0.800","0.000:0.000:-6.171|20.000:0.000:3.793","0.000:0.000:1.300|0.000:0.000:-1.300",False,False,Moving,60.00,40.00,3.00,SensorDegradation
87.9258,9,9,866,-22.0000,0.0500,-7.8453,356.4083,1.4972,9.2880,-22.0000,0.0000,0.0000,7.8454,7,"","","-8.400:0.000:-7.175|-4.200:0.000:3.425|-22.000:0.000:-5.817|4.200:0.000:12.727|8.400:0.000:-3.525","0.000:0.000:-0.800|0.000:0.000:0.800|0.000:0.000:-0.800|0.000:0.000:0.800|0.000:0.000:-0.800","0.000:0.000:-6.038|20.000:0.000:3.660","0.000:0.000:1.300|0.000:0.000:-1.300",False,False,Moving,60.00,40.00,3.00,SensorDegradation
88.0271,9,9,867,-22.0000,0.0500,-7.6933,357.2146,1.4348,6.9626,-22.0000,0.0000,0.0000,7.6935,7,"","","-8.400:0.000:-7.256|-4.200:0.000:3.506|-22.000:0.000:-5.805|4.200:0.000:12.808|8.400:0.000:-3.606","0.000:0.000:-0.800|0.000:0.000:0.800|0.000:0.000:0.800|0.000:0.000:0.800|0.000:0.000:-0.800","0.000:0.000:-5.906|20.000:0.000:3.528","0.000:0.000:1.300|0.000:0.000:-1.300",False,False,Moving,60.00,40.00,3.00,SensorDegradation
88.1288,9,9,868,-22.0000,0.0500,-7.5407,357.8426,1.4115,5.3131,-22.0000,0.0000,0.0000,7.5409,7,"","","-8.400:0.000:-7.337|-4.200:0.000:3.588|-22.000:0.000:-5.724|4.200:0.000:12.889|8.400:0.000:-3.687","0.000:0.000:-0.800|0.000:0.000:0.800|0.000:0.000:0.800|0.000:0.000:0.800|0.000:0.000:-0.800","0.000:0.000:-5.774|20.000:0.000:3.396","0.000:0.000:1.300|0.000:0.000:-1.300",False,False,Moving,60.00,40.00,3.00,SensorDegradation
88.2297,9,9,869,-22.0000,0.0500,-7.3895,358.3248,1.3269,3.8849,-22.0000,0.0000,0.0000,7.3897,7,"","","-8.400:0.000:-7.418|-4.200:0.000:3.668|-22.000:0.000:-5.643|4.200:0.000:12.970|8.400:0.000:-3.768","0.000:0.000:-0.800|0.000:0.000:0.800|0.000:0.000:0.800|0.000:0.000:0.800|0.000:0.000:-0.800","0.000:0.000:-5.643|20.000:0.000:3.265","0.000:0.000:1.300|0.000:0.000:-1.300",False,False,Moving,60.00,40.00,3.00,SensorDegradation
88.3299,9,9,870,-22.0000,0.0500,-7.2392,358.6974,1.5240,3.4607,-22.0000,0.0000,0.0000,7.2393,7,"","","-8.400:0.000:-7.498|-4.200:0.000:3.749|-22.000:0.000:-5.563|4.200:0.000:13.050|8.400:0.000:-3.848","0.000:0.000:-0.800|0.000:0.000:0.800|0.000:0.000:0.800|0.000:0.000:0.800|0.000:0.000:-0.800","0.000:0.000:-5.512|20.000:0.000:3.135","0.000:0.000:1.300|0.000:0.000:-1.300",False,False,Moving,60.00,40.00,3.00,SensorDegradation
88.4320,9,9,871,-22.0000,0.0500,-7.0861,358.9917,1.4916,2.6352,-22.0000,0.0000,0.0000,7.0863,7,"","","-8.400:0.000:-7.579|-4.200:0.000:3.830|-22.000:0.000:-5.482|4.200:0.000:13.132|8.400:0.000:-3.930","0.000:0.000:-0.800|0.000:0.000:0.800|0.000:0.000:0.800|0.000:0.000:0.800|0.000:0.000:-0.800","0.000:0.000:-5.380|20.000:0.000:3.002","0.000:0.000:1.300|0.000:0.000:-1.300",False,False,Moving,60.00,40.00,3.00,SensorDegradation
88.5339,9,9,872,-22.0000,0.0500,-6.9332,359.2192,1.4177,1.9531,-22.0000,0.0000,0.0000,6.9334,7,"","","-8.400:0.000:-7.661|-4.200:0.000:3.912|-22.000:0.000:-5.400|4.200:0.000:13.213|8.400:0.000:-4.011","0.000:0.000:-0.800|0.000:0.000:0.800|0.000:0.000:0.800|0.000:0.000:0.800|0.000:0.000:-0.800","0.000:0.000:-5.247|20.000:0.000:2.870","0.000:0.000:1.300|0.000:0.000:-1.300",False,False,Moving,60.00,40.00,3.00,SensorDegradation
88.6352,9,9,873,-22.0000,0.0500,-6.8167,359.3711,0.9460,1.2741,-22.0000,0.0000,0.0000,6.8169,7,"","","-8.400:0.000:-7.742|-4.200:0.000:3.993|-22.000:0.000:-5.319|4.200:0.000:13.294|8.400:0.000:-4.092","0.000:0.000:-0.800|0.000:0.000:0.800|0.000:0.000:0.800|0.000:0.000:0.800|0.000:0.000:-0.800","0.000:0.000:-5.116|20.000:0.000:2.738","0.000:0.000:1.300|0.000:0.000:-1.300",False,False,Stopped,60.00,40.00,3.00,SensorDegradation
88.7361,9,9,874,-22.0000,0.0500,-6.7817,359.4415,0.1378,0.6042,-22.0000,0.0000,0.0000,6.7819,7,"","","-8.400:0.000:-7.823|-4.200:0.000:4.074|-22.000:0.000:-5.238|4.200:0.000:13.327|8.400:0.000:-4.173","0.000:0.000:-0.800|0.000:0.000:0.800|0.000:0.000:0.800|0.000:0.000:-0.800|0.000:0.000:-0.800","0.000:0.000:-4.984|20.000:0.000:2.607","0.000:0.000:1.300|0.000:0.000:-1.300",False,False,Stopped,60.00,40.00,3.00,SensorDegradation
88.8390,9,9,875,-22.0000,0.0500,-6.7817,359.4415,0.0000,0.0000,-22.0000,0.0000,0.0000,6.7819,7,"","","-8.400:0.000:-7.905|-4.200:0.000:4.156|-22.000:0.000:-5.156|4.200:0.000:13.245|8.400:0.000:-4.255","0.000:0.000:-0.800|0.000:0.000:0.800|0.000:0.000:0.800|0.000:0.000:-0.800|0.000:0.000:-0.800","0.000:0.000:-4.851|20.000:0.000:2.473","0.000:0.000:1.300|0.000:0.000:-1.300",False,False,Stopped,60.00,40.00,3.00,SensorDegradation
88.9402,9,9,876,-22.0000,0.0500,-6.7817,359.4415,0.0000,0.0000,-22.0000,0.0000,0.0000,6.7819,7,"","","-8.400:0.000:-7.986|-4.200:0.000:4.237|-22.000:0.000:-5.075|4.200:0.000:13.164|8.400:0.000:-4.336","0.000:0.000:-0.800|0.000:0.000:0.800|0.000:0.000:0.800|0.000:0.000:-0.800|0.000:0.000:-0.800","0.000:0.000:-4.719|20.000:0.000:2.341","0.000:0.000:1.300|0.000:0.000:-1.300",False,False,Stopped,60.00,40.00,3.00,SensorDegradation
89.0421,9,9,877,-22.0000,0.0500,-6.7817,359.4415,0.0000,0.0000,-22.0000,0.0000,0.0000,6.7819,7,"","","-8.400:0.000:-8.067|-4.200:0.000:4.318|-22.000:0.000:-4.993|4.200:0.000:13.083|8.400:0.000:-4.288","0.000:0.000:-0.800|0.000:0.000:0.800|0.000:0.000:0.800|0.000:0.000:-0.800|0.000:0.000:0.800","0.000:0.000:-4.587|20.000:0.000:2.209","0.000:0.000:1.300|0.000:0.000:-1.300",False,False,Stopped,60.00,40.00,3.00,SensorDegradation
89.1443,9,9,878,-22.0000,0.0500,-6.7817,359.4415,0.0000,0.0000,-22.0000,0.0000,0.0000,6.7819,7,"","","-8.400:0.000:-8.149|-4.200:0.000:4.400|-22.000:0.000:-4.912|4.200:0.000:13.001|8.400:0.000:-4.206","0.000:0.000:-0.800|0.000:0.000:0.800|0.000:0.000:0.800|0.000:0.000:-0.800|0.000:0.000:0.800","0.000:0.000:-4.454|20.000:0.000:2.076","0.000:0.000:1.300|0.000:0.000:-1.300",False,False,Stopped,60.00,40.00,3.00,SensorDegradation
89.2449,9,9,879,-22.0000,0.0500,-6.7817,359.4415,0.0000,0.0000,-22.0000,0.0000,0.0000,6.7819,7,"","","-8.400:0.000:-8.230|-4.200:0.000:4.481|-22.000:0.000:-4.831|4.200:0.000:12.920|8.400:0.000:-4.126","0.000:0.000:-0.800|0.000:0.000:0.800|0.000:0.000:0.800|0.000:0.000:-0.800|0.000:0.000:0.800","0.000:0.000:-4.323|20.000:0.000:1.945","0.000:0.000:1.300|0.000:0.000:-1.300",False,False,Stopped,60.00,40.00,3.00,SensorDegradation
89.3466,9,9,880,-22.0000,0.0500,-6.7817,359.4415,0.0000,0.0000,-22.0000,0.0000,0.0000,6.7819,7,"","","-8.400:0.000:-8.311|-4.200:0.000:4.562|-22.000:0.000:-4.750|4.200:0.000:12.839|8.400:0.000:-4.045","0.000:0.000:-0.800|0.000:0.000:0.800|0.000:0.000:0.800|0.000:0.000:-0.800|0.000:0.000:0.800","0.000:0.000:-4.191|20.000:0.000:1.813","0.000:0.000:1.300|0.000:0.000:-1.300",False,False,Stopped,60.00,40.00,3.00,SensorDegradation
89.4499,9,9,881,-22.0000,0.0500,-6.7817,359.4415,0.0000,0.0000,-22.0000,0.0000,0.0000,6.7819,7,"","","-8.400:0.000:-8.394|-4.200:0.000:4.645|-22.000:0.000:-4.667|4.200:0.000:12.756|8.400:0.000:-3.962","0.000:0.000:-0.800|0.000:0.000:0.800|0.000:0.000:0.800|0.000:0.000:-0.800|0.000:0.000:0.800","0.000:0.000:-4.056|20.000:0.000:1.679","0.000:0.000:1.300|0.000:0.000:-1.300",False,False,Stopped,60.00,40.00,3.00,SensorDegradation
89.5517,9,9,882,-22.0000,0.0500,-6.7440,359.5125,0.6493,0.8636,-22.0000,0.0000,0.0000,6.7442,7,"","","-8.400:0.000:-8.475|-4.200:0.000:4.726|-22.000:0.000:-4.586|4.200:0.000:12.675|8.400:0.000:-3.880","0.000:0.000:-0.800|0.000:0.000:0.800|0.000:0.000:0.800|0.000:0.000:-0.800|0.000:0.000:0.800","0.000:0.000:-3.924|20.000:0.000:1.546","0.000:0.000:1.300|0.000:0.000:-1.300",False,False,Moving,60.00,40.00,3.00,SensorDegradation
89.6549,9,9,883,-22.0000,0.0500,-6.6220,359.6120,1.4424,1.0284,-22.0000,0.0000,0.0000,6.6222,7,"","","-8.400:0.000:-8.558|-4.200:0.000:4.809|-22.000:0.000:-4.503|4.200:0.000:12.592|8.400:0.000:-3.798","0.000:0.000:-0.800|0.000:0.000:0.800|0.000:0.000:0.800|0.000:0.000:-0.800|0.000:0.000:0.800","0.000:0.000:-3.790|20.000:0.000:1.412","0.000:0.000:1.300|0.000:0.000:-1.300",False,False,Moving,60.00,40.00,3.00,SensorDegradation
89.7566,9,9,884,-22.0000,0.0500,-6.4695,359.6994,1.7041,0.9110,-22.0000,0.0000,0.0000,6.4697,7,"","","-8.400:0.000:-8.639|-4.200:0.000:4.890|-22.000:0.000:-4.422|4.200:0.000:12.511|8.400:0.000:-3.717","0.000:0.000:-0.800|0.000:0.000:0.800|0.000:0.000:0.800|0.000:0.000:-0.800|0.000:0.000:0.800","0.000:0.000:-3.658|20.000:0.000:1.280","0.000:0.000:1.300|0.000:0.000:-1.300",False,False,Moving,60.00,40.00,3.00,SensorDegradation
89.8574,9,9,885,-22.0000,0.0500,-6.3183,359.7666,1.3676,0.5692,-22.0000,0.0000,0.0000,6.3185,7,"","","-8.400:0.000:-8.720|-4.200:0.000:4.971|-22.000:0.000:-4.341|4.200:0.000:12.430|8.400:0.000:-3.636","0.000:0.000:-0.800|0.000:0.000:0.800|0.000:0.000:0.800|0.000:0.000:-0.800|0.000:0.000:0.800","0.000:0.000:-3.527|20.000:0.000:1.149","0.000:0.000:1.300|0.000:0.000:-1.300",False,False,Moving,60.00,40.00,3.00,SensorDegradation
89.9602,9,9,886,-22.0000,0.0500,-6.1641,359.8197,1.4030,0.4547,-22.0000,0.0000,0.0000,6.1643,7,"","","-8.400:0.000:-8.802|-4.200:0.000:5.053|-22.000:0.000:-4.259|4.200:0.000:12.348|8.400:0.000:-3.554","0.000:0.000:-0.800|0.000:0.000:0.800|0.000:0.000:0.800|0.000:0.000:-0.800|0.000:0.000:0.800","0.000:0.000:-3.393|20.000:0.000:1.015","0.000:0.000:1.300|0.000:0.000:-1.300",False,False,Moving,60.00,40.00,3.00,SensorDegradation
90.0631,9,9,887,-22.0000,0.0500,-6.0097,359.8607,1.4643,0.3708,-22.0000,0.0000,0.0000,6.0099,7,"","","-8.400:0.000:-8.884|-4.200:0.000:5.135|-22.000:0.000:-4.177|4.200:0.000:12.266|8.400:0.000:-3.471","0.000:0.000:-0.800|0.000:0.000:0.800|0.000:0.000:0.800|0.000:0.000:-0.800|0.000:0.000:0.800","0.000:0.000:-3.259|20.000:0.000:0.882","0.000:0.000:1.300|0.000:0.000:-1.300",False,False,Moving,60.00,40.00,3.00,SensorDegradation
90.1648,9,9,888,-22.0000,0.0500,-5.8572,359.8921,1.5477,0.2884,-22.0000,0.0000,0.0000,5.8574,7,"","","-8.400:0.000:-8.966|-4.200:0.000:5.216|-22.000:0.000:-4.095|4.200:0.000:12.184|8.400:0.000:-3.390","0.000:0.000:-0.800|0.000:0.000:0.800|0.000:0.000:0.800|0.000:0.000:-0.800|0.000:0.000:0.800","0.000:0.000:-3.127|20.000:0.000:0.749","0.000:0.000:1.300|0.000:0.000:-1.300",False,False,Moving,60.00,40.00,3.00,SensorDegradation
90.2665,9,9,889,-22.0000,0.0500,-5.7046,359.9164,1.6625,0.2411,-22.0000,0.0000,0.0000,5.7048,7,"","","-8.400:0.000:-9.047|-4.200:0.000:5.298|-22.000:0.000:-4.014|4.200:0.000:12.103|8.400:0.000:-3.309","0.000:0.000:-0.800|0.000:0.000:0.800|0.000:0.000:0.800|0.000:0.000:-0.800|0.000:0.000:0.800","0.000:0.000:-2.995|20.000:0.000:0.617","0.000:0.000:1.300|0.000:0.000:-1.300",False,False,Moving,60.00,40.00,3.00,SensorDegradation
90.3696,9,9,890,-22.0000,0.0500,-5.5500,359.9355,1.6094,0.1816,-22.0000,0.0000,0.0000,5.5502,7,"","","-8.400:0.000:-9.130|-4.200:0.000:5.380|-22.000:0.000:-3.931|4.200:0.000:12.020|8.400:0.000:-3.226","0.000:0.000:-0.800|0.000:0.000:0.800|0.000:0.000:0.800|0.000:0.000:-0.800|0.000:0.000:0.800","0.000:0.000:-2.861|20.000:0.000:0.483","0.000:0.000:1.300|0.000:0.000:-1.300",False,False,Moving,60.00,40.00,3.00,SensorDegradation
90.4710,9,9,891,-22.0000,0.0500,-5.3979,359.9500,1.3416,0.1175,-22.0000,0.0000,0.0000,5.3982,7,"","","-8.400:0.000:-9.211|-4.200:0.000:5.461|-22.000:0.000:-3.850|4.200:0.000:11.939|8.400:0.000:-3.145","0.000:0.000:-0.800|0.000:0.000:0.800|0.000:0.000:0.800|0.000:0.000:-0.800|0.000:0.000:0.800","0.000:0.000:-2.729|20.000:0.000:0.351","0.000:0.000:1.300|0.000:0.000:-1.300",False,False,Moving,60.00,40.00,3.00,SensorDegradation
90.5711,9,9,892,-22.0000,0.0500,-5.2841,359.9595,1.0220,0.0900,-22.0000,0.0000,0.0000,5.2843,7,"","","-8.400:0.000:-9.291|-4.200:0.000:5.542|-22.000:0.000:-3.770|4.200:0.000:11.859|8.400:0.000:-3.065","0.000:0.000:-0.800|0.000:0.000:0.800|0.000:0.000:0.800|0.000:0.000:-0.800|0.000:0.000:0.800","0.000:0.000:-2.599|20.000:0.000:0.221","0.000:0.000:1.300|0.000:0.000:-1.300",False,False,Stopped,60.00,40.00,3.00,SensorDegradation
90.6720,9,9,893,-22.0000,0.0500,-5.2501,359.9640,0.0868,0.0259,-22.0000,0.0000,0.0000,5.2503,7,"","","-8.400:0.000:-9.371|-4.200:0.000:5.622|-22.000:0.000:-3.689|4.200:0.000:11.779|8.400:0.000:-2.984","0.000:0.000:-0.800|0.000:0.000:0.800|0.000:0.000:0.800|0.000:0.000:-0.800|0.000:0.000:0.800","0.000:0.000:-2.468|20.000:0.000:0.090","0.000:0.000:1.300|0.000:0.000:-1.300",False,False,Stopped,60.00,40.00,3.00,SensorDegradation
90.7745,9,9,894,-22.0000,0.0500,-5.2501,359.9640,0.0000,0.0000,-22.0000,0.0000,0.0000,5.2503,7,"","","-8.400:0.000:-9.453|-4.200:0.000:5.704|-22.000:0.000:-3.608|4.200:0.000:11.697|8.400:0.000:-2.902","0.000:0.000:-0.800|0.000:0.000:0.800|0.000:0.000:0.800|0.000:0.000:-0.800|0.000:0.000:0.800","0.000:0.000:-2.335|20.000:0.000:-0.043","0.000:0.000:1.300|0.000:0.000:-1.300",False,False,Stopped,60.00,40.00,3.00,SensorDegradation
90.8776,9,9,895,-22.0000,0.0500,-5.2501,359.9640,0.0000,0.0000,-22.0000,0.0000,0.0000,5.2503,7,"","","-8.400:0.000:-9.536|-4.200:0.000:5.787|-22.000:0.000:-3.525|4.200:0.000:11.614|8.400:0.000:-2.820","0.000:0.000:-0.800|0.000:0.000:0.800|0.000:0.000:0.800|0.000:0.000:-0.800|0.000:0.000:0.800","0.000:0.000:-2.200|20.000:0.000:-0.177","0.000:0.000:1.300|0.000:0.000:-1.300",False,False,Stopped,60.00,40.00,3.00,SensorDegradation
90.9778,9,9,896,-22.0000,0.0500,-5.2501,359.9640,0.0000,0.0000,-22.0000,0.0000,0.0000,5.2503,7,"","","-8.400:0.000:-9.616|-4.200:0.000:5.867|-22.000:0.000:-3.445|4.200:0.000:11.534|8.400:0.000:-2.740","0.000:0.000:-0.800|0.000:0.000:0.800|0.000:0.000:0.800|0.000:0.000:-0.800|0.000:0.000:0.800","0.000:0.000:-2.070|20.000:0.000:-0.308","0.000:0.000:1.300|0.000:0.000:-1.300",False,False,Stopped,60.00,40.00,3.00,SensorDegradation
91.0796,9,9,897,-22.0000,0.0500,-5.2501,359.9640,0.0000,0.0000,-22.0000,0.0000,0.0000,5.2503,7,"","","-8.400:0.000:-9.698|-4.200:0.000:5.948|-22.000:0.000:-3.363|4.200:0.000:11.453|8.400:0.000:-2.658","0.000:0.000:-0.800|0.000:0.000:0.800|0.000:0.000:0.800|0.000:0.000:-0.800|0.000:0.000:0.800","0.000:0.000:-1.938|20.000:0.000:-0.440","0.000:0.000:1.300|0.000:0.000:-1.300",False,False,Stopped,60.00,40.00,3.00,SensorDegradation
91.1808,9,9,898,-22.0000,0.0500,-5.2501,359.9640,0.0000,0.0000,-22.0000,0.0000,0.0000,5.2503,7,"","","-8.400:0.000:-9.778|-4.200:0.000:6.029|-22.000:0.000:-3.282|4.200:0.000:11.372|8.400:0.000:-2.577","0.000:0.000:-0.800|0.000:0.000:0.800|0.000:0.000:0.800|0.000:0.000:-0.800|0.000:0.000:0.800","0.000:0.000:-1.806|20.000:0.000:-0.571","0.000:0.000:1.300|0.000:0.000:-1.300",False,False,Stopped,60.00,40.00,3.00,SensorDegradation
91.2813,9,9,899,-22.0000,0.0500,-5.2501,359.9640,0.0000,0.0000,-22.0000,0.0000,0.0000,5.2503,7,"","","-8.400:0.000:-9.844|-4.200:0.000:6.110|-22.000:0.000:-3.202|4.200:0.000:11.291|8.400:0.000:-2.497","0.000:0.000:0.800|0.000:0.000:0.800|0.000:0.000:0.800|0.000:0.000:-0.800|0.000:0.000:0.800","0.000:0.000:-1.676|20.000:0.000:-0.702","0.000:0.000:1.300|0.000:0.000:-1.300",False,False,Stopped,60.00,40.00,3.00,SensorDegradation
91.3822,9,9,900,-22.0000,0.0500,-5.2501,359.9640,0.0000,0.0000,-22.0000,0.0000,0.0000,5.2503,7,"","","-8.400:0.000:-9.763|-4.200:0.000:6.190|-22.000:0.000:-3.121|4.200:0.000:11.210|8.400:0.000:-2.416","0.000:0.000:0.800|0.000:0.000:0.800|0.000:0.000:0.800|0.000:0.000:-0.800|0.000:0.000:0.800","0.000:0.000:-1.544|20.000:0.000:-0.833","0.000:0.000:1.300|0.000:0.000:-1.300",False,False,Stopped,60.00,40.00,3.00,SensorDegradation
91.4828,9,9,901,-22.0000,0.0500,-5.2501,359.9640,0.0000,0.0000,-22.0000,0.0000,0.0000,5.2503,7,"","","-8.400:0.000:-9.683|-4.200:0.000:6.271|-22.000:0.000:-3.041|4.200:0.000:11.130|8.400:0.000:-2.336","0.000:0.000:0.800|0.000:0.000:0.800|0.000:0.000:0.800|0.000:0.000:-0.800|0.000:0.000:0.800","0.000:0.000:-1.414|20.000:0.000:-0.964","0.000:0.000:1.300|0.000:0.000:-1.300",False,False,Stopped,60.00,40.00,3.00,SensorDegradation
91.5846,9,9,902,-22.0000,0.0500,-5.2146,359.9684,0.6232,0.0519,-22.0000,0.0000,0.0000,5.2148,7,"","","-8.400:0.000:-9.601|-4.200:0.000:6.352|-22.000:0.000:-2.959|4.200:0.000:11.049|8.400:0.000:-2.254","0.000:0.000:0.800|0.000:0.000:0.800|0.000:0.000:0.800|0.000:0.000:-0.800|0.000:0.000:0.800","0.000:0.000:-1.281|20.000:0.000:-1.096","0.000:0.000:1.300|0.000:0.000:-1.300",False,False,Moving,60.00,40.00,3.00,SensorDegradation
91.6848,9,9,903,-22.0000,0.0500,-5.0989,359.9746,1.3311,0.0595,-22.0000,0.0000,0.0000,5.0992,7,"","","-8.400:0.000:-9.521|-4.200:0.000:6.432|-22.000:0.000:-2.879|4.200:0.000:10.968|8.400:0.000:-2.174","0.000:0.000:0.800|0.000:0.000:0.800|0.000:0.000:0.800|0.000:0.000:-0.800|0.000:0.000:0.800","0.000:0.000:-1.151|20.000:0.000:-1.227","0.000:0.000:1.300|0.000:0.000:-1.300",False,False,Moving,60.00,40.00,3.00,SensorDegradation
91.7877,9,9,904,-22.0000,0.0500,-4.9447,359.9804,1.4824,0.0504,-22.0000,0.0000,0.0000,4.9449,7,"","","-8.400:0.000:-9.439|-4.200:0.000:6.515|-22.000:0.000:-2.797|4.200:0.000:10.886|8.400:0.000:-2.092","0.000:0.000:0.800|0.000:0.000:0.800|0.000:0.000:0.800|0.000:0.000:-0.800|0.000:0.000:0.800","0.000:0.000:-1.017|20.000:0.000:-1.360","0.000:0.000:1.300|0.000:0.000:-1.300",False,False,Moving,60.00,40.00,3.00,SensorDegradation
91.8887,9,9,905,-22.0000,0.0500,-4.7931,359.9848,1.6021,0.0427,-22.0000,0.0000,0.0000,4.7934,7,"","","-8.400:0.000:-9.358|-4.200:0.000:6.596|-22.000:0.000:-2.716|4.200:0.000:10.805|8.400:0.000:-2.011","0.000:0.000:0.800|0.000:0.000:0.800|0.000:0.000:0.800|0.000:0.000:-0.800|0.000:0.000:0.800","0.000:0.000:-0.886|20.000:0.000:-1.492","0.000:0.000:1.300|0.000:0.000:-1.300",False,False,Moving,60.00,40.00,3.00,SensorDegradation
91.9916,9,9,906,-22.0000,0.0500,-4.6387,359.9883,1.4850,0.0305,-22.0000,0.0000,0.0000,4.6390,7,"","","-8.400:0.000:-9.276|-4.200:0.000:6.678|-22.000:0.000:-2.634|4.200:0.000:10.723|8.400:0.000:-1.929","0.000:0.000:0.800|0.000:0.000:0.800|0.000:0.000:0.800|0.000:0.000:-0.800|0.000:0.000:0.800","0.000:0.000:-0.752|20.000:0.000:-1.625","0.000:0.000:1.300|0.000:0.000:-1.300",False,False,Moving,60.00,40.00,3.00,SensorDegradation
92.0927,9,9,907,-22.0000,0.0500,-4.4871,359.9909,1.5804,0.0259,-22.0000,0.0000,0.0000,4.4874,7,"","","-8.400:0.000:-9.195|-4.200:0.000:6.759|-22.000:0.000:-2.553|4.200:0.000:10.642|8.400:0.000:-1.848","0.000:0.000:0.800|0.000:0.000:0.800|0.000:0.000:0.800|0.000:0.000:-0.800|0.000:0.000:0.800","0.000:0.000:-0.621|20.000:0.000:-1.757","0.000:0.000:1.300|0.000:0.000:-1.300",False,False,Moving,60.00,40.00,3.00,SensorDegradation
92.1961,9,9,908,-22.0000,0.0500,-4.3320,359.9930,1.6282,0.0214,-22.0000,0.0000,0.0000,4.3323,7,"","","-8.400:0.000:-9.112|-4.200:0.000:6.842|-22.000:0.000:-2.470|4.200:0.000:10.559|8.400:0.000:-1.765","0.000:0.000:0.800|0.000:0.000:0.800|0.000:0.000:0.800|0.000:0.000:-0.800|0.000:0.000:0.800","0.000:0.000:-0.486|20.000:0.000:-1.891","0.000:0.000:1.300|0.000:0.000:-1.300",False,False,Moving,60.00,40.00,3.00,SensorDegradation
92.2994,9,9,909,-22.0000,0.0500,-4.1771,-0.0054,1.2832,0.0137,-22.0000,0.0000,0.0000,4.1774,7,"","","-8.400:0.000:-9.029|-4.200:0.000:6.924|-22.000:0.000:-2.388|4.200:0.000:10.477|8.400:0.000:-1.682","0.000:0.000:0.800|0.000:0.000:0.800|0.000:0.000:0.800|0.000:0.000:-0.800|0.000:0.000:0.800","0.000:0.000:-0.352|20.000:0.000:-2.026","0.000:0.000:1.300|0.000:0.000:-1.300",False,False,Moving,60.00,40.00,3.00,SensorDegradation
92.4007,9,9,910,-22.0000,0.0500,-4.0251,-0.0042,1.6595,0.0126,-22.0000,0.0000,0.0000,4.0254,7,"","","-8.400:0.000:-8.948|-4.200:0.000:7.005|-22.000:0.000:-2.307|4.200:0.000:10.396|8.400:0.000:-1.601","0.000:0.000:0.800|0.000:0.000:0.800|0.000:0.000:0.800|0.000:0.000:-0.800|0.000:0.000:0.800","0.000:0.000:-0.220|20.000:0.000:-2.157","0.000:0.000:1.300|0.000:0.000:-1.300",False,False,Moving,60.00,40.00,3.00,SensorDegradation
92.5038,9,9,911,-22.0000,0.0500,-3.8705,-0.0032,1.3136,0.0077,-22.0000,0.0000,0.0000,3.8709,7,"","","-8.400:0.000:-8.866|-4.200:0.000:7.088|-22.000:0.000:-2.224|4.200:0.000:10.313|8.400:0.000:-1.519","0.000:0.000:0.800|0.000:0.000:0.800|0.000:0.000:0.800|0.000:0.000:-0.800|0.000:0.000:0.800","0.000:0.000:-0.086|20.000:0.000:-2.291","0.000:0.000:1.300|0.000:0.000:-1.300",False,False,Moving,60.00,40.00,3.00,SensorDegradation
92.6057,9,9,912,-22.0000,0.0500,-3.7176,-0.0025,1.4290,0.0062,-22.0000,0.0000,0.0000,3.7180,7,"","","-8.400:0.000:-8.784|-4.200:0.000:7.169|-22.000:0.000:-2.143|4.200:0.000:10.232|8.400:0.000:-1.437","0.000:0.000:0.800|0.000:0.000:0.800|0.000:0.000:0.800|0.000:0.000:-0.800|0.000:0.000:0.800","0.000:0.000:0.046|20.000:0.000:-2.424","0.000:0.000:1.300|0.000:0.000:-1.300",False,False,Moving,60.00,40.00,3.00,SensorDegradation
92.7062,9,9,913,-22.0000,0.0500,-3.5669,-0.0020,1.5916,0.0054,-22.0000,0.0000,0.0000,3.5672,7,"","","-8.400:0.000:-8.704|-4.200:0.000:7.250|-22.000:0.000:-2.062|4.200:0.000:10.151|8.400:0.000:-1.357","0.000:0.000:0.800|0.000:0.000:0.800|0.000:0.000:0.800|0.000:0.000:-0.800|0.000:0.000:0.800","0.000:0.000:0.177|20.000:0.000:-2.554","0.000:0.000:1.300|0.000:0.000:-1.300",False,False,Moving,60.00,40.00,3.00,SensorDegradation
92.8068,9,9,914,-22.0000,0.0500,-3.4524,-0.0016,0.7804,0.0027,-22.0000,0.0000,0.0000,3.4528,7,"","","-8.400:0.000:-8.623|-4.200:0.000:7.330|-22.000:0.000:-1.982|4.200:0.000:10.071|8.400:0.000:-1.276","0.000:0.000:0.800|0.000:0.000:0.800|0.000:0.000:0.800|0.000:0.000:-0.800|0.000:0.000:0.800","0.000:0.000:0.308|20.000:0.000:-2.685","0.000:0.000:1.300|0.000:0.000:-1.300",False,False,Stopped,60.00,40.00,3.00,SensorDegradation
92.9082,9,9,915,-22.0000,0.0500,-3.4186,-0.0014,0.0487,0.0007,-22.0000,0.0000,0.0000,3.4190,7,"","","-8.400:0.000:-8.542|-4.200:0.000:7.411|-22.000:0.000:-1.901|4.200:0.000:9.990|8.400:0.000:-1.195","0.000:0.000:0.800|0.000:0.000:0.800|0.000:0.000:0.800|0.000:0.000:-0.800|0.000:0.000:0.800","0.000:0.000:0.439|20.000:0.000:-2.817","0.000:0.000:1.300|0.000:0.000:-1.300",False,False,Stopped,60.00,40.00,3.00,SensorDegradation
93.0106,9,9,916,-22.0000,0.0500,-3.4186,-0.0014,0.0000,0.0000,-22.0000,0.0000,0.0000,3.4190,7,"","","-8.400:0.000:-8.460|-4.200:0.000:7.493|-22.000:0.000:-1.819|4.200:0.000:9.908|8.400:0.000:-1.113","0.000:0.000:0.800|0.000:0.000:0.800|0.000:0.000:0.800|0.000:0.000:-0.800|0.000:0.000:0.800","0.000:0.000:0.573|20.000:0.000:-2.950","0.000:0.000:1.300|0.000:0.000:-1.300",False,False,Stopped,60.00,40.00,3.00,SensorDegradation
93.1123,9,9,917,-22.0000,0.0500,-3.4186,-0.0014,0.0000,0.0000,-22.0000,0.0000,0.0000,3.4190,7,"","","-8.400:0.000:-8.379|-4.200:0.000:7.575|-22.000:0.000:-1.737|4.200:0.000:9.826|8.400:0.000:-1.032","0.000:0.000:0.800|0.000:0.000:0.800|0.000:0.000:0.800|0.000:0.000:-0.800|0.000:0.000:0.800","0.000:0.000:0.705|20.000:0.000:-3.082","0.000:0.000:1.300|0.000:0.000:-1.300",False,False,Stopped,60.00,40.00,3.00,SensorDegradation
93.2132,9,9,918,-22.0000,0.0500,-3.4186,-0.0014,0.0000,0.0000,-22.0000,0.0000,0.0000,3.4190,7,"","","-8.400:0.000:-8.298|-4.200:0.000:7.655|-22.000:0.000:-1.657|4.200:0.000:9.746|8.400:0.000:-0.951","0.000:0.000:0.800|0.000:0.000:0.800|0.000:0.000:0.800|0.000:0.000:-0.800|0.000:0.000:0.800","0.000:0.000:0.836|20.000:0.000:-3.214","0.000:0.000:1.300|0.000:0.000:-1.300",False,False,Stopped,60.00,40.00,3.00,SensorDegradation
93.3168,9,9,919,-22.0000,0.0500,-3.4186,-0.0014,0.0000,0.0000,-22.0000,0.0000,0.0000,3.4190,7,"","","-8.400:0.000:-8.215|-4.200:0.000:7.738|-22.000:0.000:-1.574|4.200:0.000:9.663|8.400:0.000:-0.868","0.000:0.000:0.800|0.000:0.000:0.800|0.000:0.000:0.800|0.000:0.000:-0.800|0.000:0.000:0.800","0.000:0.000:0.971|20.000:0.000:-3.348","0.000:0.000:1.300|0.000:0.000:-1.300",False,False,Stopped,60.00,40.00,3.00,SensorDegradation
93.4173,9,9,920,-22.0000,0.0500,-3.4186,-0.0014,0.0000,0.0000,-22.0000,0.0000,0.0000,3.4190,7,"","","-8.400:0.000:-8.135|-4.200:0.000:7.819|-22.000:0.000:-1.493|4.200:0.000:9.582|8.400:0.000:-0.788","0.000:0.000:0.800|0.000:0.000:0.800|0.000:0.000:0.800|0.000:0.000:-0.800|0.000:0.000:0.800","0.000:0.000:1.101|20.000:0.000:-3.479","0.000:0.000:1.300|0.000:0.000:-1.300",False,False,Stopped,60.00,40.00,3.00,SensorDegradation
93.5193,9,9,921,-22.0000,0.0500,-3.4186,-0.0014,0.0000,0.0000,-22.0000,0.0000,0.0000,3.4190,7,"","","-8.400:0.000:-8.053|-4.200:0.000:7.900|-22.000:0.000:-1.412|4.200:0.000:9.501|8.400:0.000:-0.706","0.000:0.000:0.800|0.000:0.000:0.800|0.000:0.000:0.800|0.000:0.000:-0.800|0.000:0.000:0.800","0.000:0.000:1.234|20.000:0.000:-3.612","0.000:0.000:1.300|0.000:0.000:-1.300",False,False,Stopped,60.00,40.00,3.00,SensorDegradation
93.6218,9,9,922,-22.0000,0.0500,-3.4186,-0.0014,0.0000,0.0000,-22.0000,0.0000,0.0000,3.4190,7,"","","-8.400:0.000:-7.971|-4.200:0.000:7.982|-22.000:0.000:-1.330|4.200:0.000:9.419|8.400:0.000:-0.624","0.000:0.000:0.800|0.000:0.000:0.800|0.000:0.000:0.800|0.000:0.000:-0.800|0.000:0.000:0.800","0.000:0.000:1.367|20.000:0.000:-3.745","0.000:0.000:1.300|0.000:0.000:-1.300",False,False,Stopped,60.00,40.00,3.00,SensorDegradation
93.7244,9,9,923,-22.0000,0.0500,-3.4186,-0.0014,0.0000,0.0000,-22.0000,0.0000,0.0000,3.4190,7,"","","-8.400:0.000:-7.889|-4.200:0.000:8.064|-22.000:0.000:-1.248|4.200:0.000:9.337|8.400:0.000:-0.542","0.000:0.000:0.800|0.000:0.000:0.800|0.000:0.000:0.800|0.000:0.000:-0.800|0.000:0.000:0.800","0.000:0.000:1.500|20.000:0.000:-3.878","0.000:0.000:1.300|0.000:0.000:-1.300",False,False,Idle,60.00,40.00,3.00,SensorDegradation
93.8246,9,9,924,-22.0000,0.0500,-3.3796,-0.0012,0.6750,0.0021,-22.0000,0.0000,0.0000,3.3800,7,"","","-8.400:0.000:-7.809|-4.200:0.000:8.144|-22.000:0.000:-1.167|4.200:0.000:9.256|8.400:0.000:-0.462","0.000:0.000:0.800|0.000:0.000:0.800|0.000:0.000:0.800|0.000:0.000:-0.800|0.000:0.000:0.800","0.000:0.000:1.631|20.000:0.000:-4.008","0.000:0.000:1.300|0.000:0.000:-1.300",False,False,Moving,60.00,40.00,3.00,SensorDegradation
93.9250,9,9,925,-22.0000,0.0500,-3.2606,-0.0010,1.4107,0.0024,-22.0000,0.0000,0.0000,3.2610,7,"","","-8.400:0.000:-7.729|-4.200:0.000:8.225|-22.000:0.000:-1.087|4.200:0.000:9.176|8.400:0.000:-0.382","0.000:0.000:0.800|0.000:0.000:0.800|0.000:0.000:0.800|0.000:0.000:-0.800|0.000:0.000:0.800","0.000:0.000:1.761|20.000:0.000:-4.139","0.000:0.000:1.300|0.000:0.000:-1.300",False,False,Moving,60.00,40.00,3.00,SensorDegradation
94.0266,9,9,926,-22.0000,0.0500,-3.1082,-0.0008,1.7049,0.0022,-22.0000,0.0000,0.0000,3.1086,7,"","","-8.400:0.000:-7.647|-4.200:0.000:8.306|-22.000:0.000:-1.006|4.200:0.000:9.095|8.400:0.000:-0.301","0.000:0.000:0.800|0.000:0.000:0.800|0.000:0.000:0.800|0.000:0.000:-0.800|0.000:0.000:0.800","0.000:0.000:1.893|20.000:0.000:-4.271","0.000:0.000:1.300|0.000:0.000:-1.300",False,False,Moving,60.00,40.00,3.00,SensorDegradation
94.1272,9,9,927,-22.0000,0.0500,-2.9574,-0.0006,1.3920,0.0014,-22.0000,0.0000,0.0000,2.9578,7,"","","-8.400:0.000:-7.567|-4.200:0.000:8.386|-22.000:0.000:-0.925|4.200:0.000:9.014|8.400:0.000:-0.220","0.000:0.000:0.800|0.000:0.000:0.800|0.000:0.000:0.800|0.000:0.000:-0.800|0.000:0.000:0.800","0.000:0.000:2.024|20.000:0.000:-4.402","0.000:0.000:1.300|0.000:0.000:-1.300",False,False,Moving,60.00,40.00,3.00,SensorDegradation
94.2300,9,9,928,-22.0000,0.0500,-2.8031,-0.0005,1.6371,0.0013,-22.0000,0.0000,0.0000,2.8036,7,"","","-8.400:0.000:-7.485|-4.200:0.000:8.469|-22.000:0.000:-0.843|4.200:0.000:8.932|8.400:0.000:-0.138","0.000:0.000:0.800|0.000:0.000:0.800|0.000:0.000:0.800|0.000:0.000:-0.800|0.000:0.000:0.800","0.000:0.000:2.158|20.000:0.000:-4.535","0.000:0.000:1.300|0.000:0.000:-1.300",False,False,Moving,60.00,40.00,3.00,SensorDegradation
94.3316,9,9,929,-22.0000,0.0500,-2.6508,-0.0004,1.3803,0.0009,-22.0000,0.0000,0.0000,2.6513,7,"","","-8.400:0.000:-7.404|-4.200:0.000:8.550|-22.000:0.000:-0.762|4.200:0.000:8.851|8.400:0.000:-0.057","0.000:0.000:0.800|0.000:0.000:0.800|0.000:0.000:0.800|0.000:0.000:-0.800|0.000:0.000:0.800","0.000:0.000:2.290|20.000:0.000:-4.667","0.000:0.000:1.300|0.000:0.000:-1.300",False,False,Moving,60.00,40.00,3.00,SensorDegradation
94.4319,9,9,930,-22.0000,0.0500,-2.5003,-0.0003,1.4238,0.0007,-22.0000,0.0000,0.0000,2.5008,7,"","","-8.400:0.000:-7.323|-4.200:0.000:8.630|-22.066:0.000:-0.715|4.200:0.000:8.771|8.400:0.000:0.024","0.000:0.000:0.800|0.000:0.000:0.800|-0.651:0.000:0.465|0.000:0.000:-0.800|0.000:0.000:0.800","0.000:0.000:2.420|20.000:0.000:-4.798","0.000:0.000:1.300|0.000:0.000:-1.300",False,False,Moving,60.00,40.00,3.00,SensorDegradation
94.5350,9,9,931,-22.0000,0.0500,-2.3457,-0.0002,1.4633,0.0005,-22.0000,0.0000,0.0000,2.3462,7,"","","-8.400:0.000:-7.241|-4.200:0.000:8.713|-22.132:0.000:-0.667|4.200:0.000:8.688|8.400:0.000:0.106","0.000:0.000:0.800|0.000:0.000:0.800|-0.646:0.000:0.472|0.000:0.000:-0.800|0.000:0.000:0.800","0.000:0.000:2.554|20.000:0.000:-4.932","0.000:0.000:1.300|0.000:0.000:-1.300",False,False,Moving,60.00,40.00,3.00,SensorDegradation
94.6350,9,9,932,-22.0000,0.0500,-2.1956,-0.0002,1.4192,0.0004,-22.0000,0.0000,0.0000,2.1962,7,"","","-8.400:0.000:-7.161|-4.200:0.000:8.793|-22.197:0.000:-0.620|4.200:0.000:8.608|8.400:0.000:0.186","0.000:0.000:0.800|0.000:0.000:0.800|-0.642:0.000:0.478|0.000:0.000:-0.800|0.000:0.000:0.800","0.000:0.000:2.684|20.000:0.000:-5.062","0.000:0.000:1.300|0.000:0.000:-1.300",False,False,Moving,60.00,40.00,3.00,SensorDegradation
94.7380,9,9,933,-22.0000,0.0500,-2.0412,-0.0001,1.4845,0.0003,-22.0000,0.0000,0.0000,2.0418,7,"","","-8.400:0.000:-7.078|-4.200:0.000:8.875|-22.263:0.000:-0.570|4.200:0.000:8.526|8.400:0.000:0.269","0.000:0.000:0.800|0.000:0.000:0.800|-0.637:0.000:0.484|0.000:0.000:-0.800|0.000:0.000:0.800","0.000:0.000:2.818|20.000:0.000:-5.196","0.000:0.000:1.300|0.000:0.000:-1.300",False,False,Stopped,60.00,40.00,3.00,SensorDegradation
94.8398,9,9,934,-22.0000,0.0500,-1.9286,-0.0001,1.0522,0.0002,-22.0000,0.0000,0.0000,1.9292,7,"","","-8.400:0.000:-6.997|-4.200:0.000:8.956|-22.327:0.000:-0.520|4.200:0.000:8.444|8.400:0.000:0.350","0.000:0.000:0.800|0.000:0.000:0.800|-0.632:0.000:0.491|0.000:0.000:-0.800|0.000:0.000:0.800","0.000:0.000:2.950|20.000:0.000:-5.328","0.000:0.000:1.300|0.000:0.000:-1.300",False,False,Stopped,60.00,40.00,3.00,SensorDegradation
94.9416,9,9,935,-22.0000,0.0500,-1.8981,-0.0001,0.1288,0.0001,-22.0000,0.0000,0.0000,1.8987,7,"","","-8.400:0.000:-6.916|-4.200:0.000:9.038|-22.391:0.000:-0.470|4.200:0.000:8.363|8.400:0.000:0.431","0.000:0.000:0.800|0.000:0.000:0.800|-0.627:0.000:0.497|0.000:0.000:-0.800|0.000:0.000:0.800","0.000:0.000:3.083|20.000:0.000:-5.460","0.000:0.000:1.300|0.000:0.000:-1.300",False,False,Stopped,60.00,40.00,3.00,SensorDegradation
95.0418,9,9,936,-22.0000,0.0500,-1.8981,-0.0001,0.0000,0.0000,-22.0000,0.0000,0.0000,1.8987,7,"","","-8.400:0.000:-6.835|-4.200:0.000:9.118|-22.454:0.000:-0.420|4.200:0.000:8.283|8.400:0.000:0.512","0.000:0.000:0.800|0.000:0.000:0.800|-0.621:0.000:0.504|0.000:0.000:-0.800|0.000:0.000:0.800","0.000:0.000:3.213|20.000:0.000:-5.591","0.000:0.000:1.300|0.000:0.000:-1.300",False,False,Stopped,60.00,40.00,3.00,SensorDegradation
95.1430,9,9,937,-22.0000,0.0500,-1.8981,-0.0001,0.0000,0.0000,-22.0000,0.0000,0.0000,1.8987,7,"","","-8.400:0.000:-6.754|-4.200:0.000:9.199|-22.516:0.000:-0.369|4.200:0.000:8.202|8.400:0.000:0.592","0.000:0.000:0.800|0.000:0.000:0.800|-0.616:0.000:0.510|0.000:0.000:-0.800|0.000:0.000:0.800","0.000:0.000:3.344|20.000:0.000:-5.722","0.000:0.000:1.300|0.000:0.000:-1.300",False,False,Stopped,60.00,40.00,3.00,SensorDegradation
95.2448,9,9,938,-22.0000,0.0500,-1.8981,-0.0001,0.0000,0.0000,-22.0000,0.0000,0.0000,1.8987,7,"","","-8.400:0.000:-6.673|-4.200:0.000:9.280|-22.579:0.000:-0.316|4.200:0.000:8.120|8.400:0.000:0.674","0.000:0.000:0.800|0.000:0.000:0.800|-0.611:0.000:0.517|0.000:0.000:-0.800|0.000:0.000:0.800","0.000:0.000:3.477|20.000:0.000:-5.855","0.000:0.000:1.300|0.000:0.000:-1.300",False,False,Stopped,60.00,40.00,3.00,SensorDegradation
95.3458,9,9,939,-22.0000,0.0500,-1.8981,-0.0001,0.0000,0.0000,-22.0000,0.0000,0.0000,1.8987,7,"","","-8.400:0.000:-6.592|-4.200:0.000:9.361|-22.583:0.000:-0.241|4.200:0.000:8.040|8.400:0.000:0.755","0.000:0.000:0.800|0.000:0.000:0.800|0.074:0.000:0.797|0.000:0.000:-0.800|0.000:0.000:0.800","0.000:0.000:3.608|20.000:0.000:-5.986","0.000:0.000:1.300|0.000:0.000:-1.300",False,False,Stopped,60.00,40.00,3.00,SensorDegradation
95.4463,9,9,940,-22.0000,0.0500,-1.8981,-0.0001,0.0000,0.0000,-22.0000,0.0000,0.0000,1.8987,7,"","","-8.400:0.000:-6.512|-4.200:0.000:9.442|-22.582:0.000:-0.164|4.200:0.000:7.959|8.400:0.000:0.835","0.000:0.000:0.800|0.000:0.000:0.800|0.075:0.000:0.796|0.000:0.000:-0.800|0.000:0.000:0.800","0.000:0.000:3.739|20.000:0.000:-6.117","0.000:0.000:1.300|0.000:0.000:-1.300",False,False,Stopped,60.00,40.00,3.00,SensorDegradation
95.5464,9,9,941,-22.0000,0.0500,-1.8981,-0.0001,0.0000,0.0000,-22.0000,0.0000,0.0000,1.8987,7,"","","-8.400:0.000:-6.432|-4.200:0.000:9.522|-22.582:0.000:-0.087|4.200:0.000:7.879|8.400:0.000:0.915","0.000:0.000:0.800|0.000:0.000:0.800|0.076:0.000:0.796|0.000:0.000:-0.800|0.000:0.000:0.800","0.000:0.000:3.869|20.000:0.000:-6.247","0.000:0.000:1.300|0.000:0.000:-1.300",False,False,Stopped,60.00,40.00,3.00,SensorDegradation
95.6480,9,9,942,-22.0000,0.0500,-1.8981,-0.0001,0.0000,0.0000,-22.0000,0.0000,0.0000,1.8987,7,"","","-8.400:0.000:-6.350|-4.200:0.000:9.603|-22.576:0.000:-0.007|4.200:0.000:7.798|8.400:0.000:0.996","0.000:0.000:0.800|0.000:0.000:0.800|0.076:0.000:0.796|0.000:0.000:-0.800|0.000:0.000:0.800","0.000:0.000:4.001|20.000:0.000:-6.379","0.000:0.000:1.300|0.000:0.000:-1.300",False,False,Stopped,60.00,40.00,3.00,SensorDegradation
95.7492,9,9,943,-22.0000,0.0500,-1.8981,-0.0001,0.0000,0.0000,-22.0000,0.0000,0.0000,1.8987,7,"","","-8.400:0.000:-6.269|-4.200:0.000:9.684|-22.569:0.000:0.074|4.200:0.000:7.717|8.400:0.000:1.077","0.000:0.000:0.800|0.000:0.000:0.800|0.076:0.000:0.796|0.000:0.000:-0.800|0.000:0.000:0.800","0.000:0.000:4.133|20.000:0.000:-6.510","0.000:0.000:1.300|0.000:0.000:-1.300",False,False,Stopped,60.00,40.00,3.00,SensorDegradation
95.8494,9,9,944,-22.0000,0.0500,-1.8981,-0.0001,0.0000,0.0000,-22.0000,0.0000,0.0000,1.8987,7,"","","-8.400:0.000:-6.189|-4.200:0.000:9.764|-22.561:0.000:0.154|4.200:0.000:7.637|8.400:0.000:1.158","0.000:0.000:0.800|0.000:0.000:0.800|0.076:0.000:0.796|0.000:0.000:-0.800|0.000:0.000:0.800","0.000:0.000:4.263|20.000:0.000:-6.641","0.000:0.000:1.300|0.000:0.000:-1.300",False,False,Stopped,60.00,40.00,3.00,SensorDegradation
95.9495,9,9,945,-22.0000,0.0500,-1.8981,-0.0001,0.0000,0.0000,-22.0000,0.0000,0.0000,1.8987,7,"","","-8.400:0.000:-6.109|-4.200:0.000:9.844|-22.553:0.000:0.233|4.200:0.000:7.557|8.400:0.000:1.238","0.000:0.000:0.800|0.000:0.000:0.800|0.076:0.000:0.796|0.000:0.000:-0.800|0.000:0.000:0.800","0.000:0.000:4.393|20.000:0.000:-6.771","0.000:0.000:1.300|0.000:0.000:-1.300",False,False,Idle,60.00,40.00,3.00,SensorDegradation
96.0500,9,9,946,-22.0000,0.0500,-1.8587,-0.0001,0.6294,0.0001,-22.0000,0.0000,0.0000,1.8594,7,"","","-8.400:0.000:-6.029|-4.200:0.000:9.925|-22.546:0.000:0.313|4.200:0.000:7.476|8.400:0.000:1.318","0.000:0.000:0.800|0.000:0.000:0.800|0.076:0.000:0.796|0.000:0.000:-0.800|0.000:0.000:0.800","0.000:0.000:4.524|20.000:0.000:-6.901","0.000:0.000:1.300|0.000:0.000:-1.300",False,False,Moving,60.00,40.00,3.00,SensorDegradation
96.1511,9,9,947,-22.0000,0.0500,-1.7383,-0.0001,1.4855,0.0002,-22.0000,0.0000,0.0000,1.7391,7,"","","-8.400:0.000:-5.948|-4.200:0.000:10.006|-22.538:0.000:0.394|4.200:0.000:7.395|8.400:0.000:1.399","0.000:0.000:0.800|0.000:0.000:0.800|0.076:0.000:0.796|0.000:0.000:-0.800|0.000:0.000:0.800","0.000:0.000:4.655|20.000:0.000:-7.033","0.000:0.000:1.300|0.000:0.000:-1.300",False,False,Moving,60.00,40.00,3.00,SensorDegradation
96.2512,9,9,948,-22.0000,0.0500,-1.5881,0.0000,1.4567,0.0001,-22.0000,0.0000,0.0000,1.5889,7,"","","-8.400:0.000:-5.868|-4.200:0.000:10.086|-22.530:0.000:0.474|4.200:0.000:7.315|8.400:0.000:1.479","0.000:0.000:0.800|0.000:0.000:0.800|0.076:0.000:0.796|0.000:0.000:-0.800|0.000:0.000:0.800","0.000:0.000:4.785|20.000:0.000:-7.163","0.000:0.000:1.300|0.000:0.000:-1.300",False,False,Moving,60.00,40.00,3.00,SensorDegradation
96.3520,9,9,949,-22.0000,0.0500,-1.4369,0.0000,1.4882,0.0001,-22.0000,0.0000,0.0000,1.4378,7,"","","-8.400:0.000:-5.787|-4.200:0.000:10.166|-22.523:0.000:0.554|4.200:0.000:7.235|8.400:0.000:1.560","0.000:0.000:0.800|0.000:0.000:0.800|0.076:0.000:0.796|0.000:0.000:-0.800|0.000:0.000:0.800","0.000:0.000:4.916|20.000:0.000:-7.294","0.000:0.000:1.300|0.000:0.000:-1.300",False,False,Moving,60.00,40.00,3.00,SensorDegradation
96.4539,9,9,950,-22.0000,0.0500,-1.2841,0.0000,1.4607,0.0001,-22.0000,0.0000,0.0000,1.2851,7,"","","-8.400:0.000:-5.706|-4.200:0.000:10.248|-22.515:0.000:0.635|4.200:0.000:7.153|8.400:0.000:1.641","0.000:0.000:0.800|0.000:0.000:0.800|0.076:0.000:0.796|0.000:0.000:-0.800|0.000:0.000:0.800","0.000:0.000:5.049|20.000:0.000:-7.427","0.000:0.000:1.300|0.000:0.000:-1.300",False,False,Stopped,60.00,40.00,3.00,SensorDegradation
96.5572,9,9,951,-22.0000,0.0500,-1.1706,0.0000,0.8528,0.0000,-22.0000,0.0000,0.0000,1.1717,7,"","","-8.400:0.000:-5.623|-4.200:0.000:10.330|-22.507:0.000:0.717|4.200:0.000:7.070|8.400:0.000:1.724","0.000:0.000:0.800|0.000:0.000:0.800|0.076:0.000:0.796|0.000:0.000:-0.800|0.000:0.000:0.800","0.000:0.000:5.183|20.000:0.000:-7.561","0.000:0.000:1.300|0.000:0.000:-1.300",False,False,Stopped,60.00,40.00,3.00,SensorDegradation
96.6596,9,9,952,-22.0000,0.0500,-1.1412,0.0000,0.0732,0.0000,-22.0000,0.0000,0.0000,1.1423,7,"","","-8.400:0.000:-5.541|-4.200:0.000:10.412|-22.499:0.000:0.799|4.200:0.000:6.989|8.400:0.000:1.806","0.000:0.000:0.800|0.000:0.000:0.800|0.076:0.000:0.796|0.000:0.000:-0.800|0.000:0.000:0.800","0.000:0.000:5.316|20.000:0.000:-7.694","0.000:0.000:1.300|0.000:0.000:-1.300",False,False,Stopped,60.00,40.00,3.00,SensorDegradation
96.7607,9,9,953,-22.0000,0.0500,-1.1412,0.0000,0.0000,0.0000,-22.0000,0.0000,0.0000,1.1423,7,"","","-8.400:0.000:-5.460|-4.200:0.000:10.493|-22.491:0.000:0.879|4.200:0.000:6.908|8.400:0.000:1.887","0.000:0.000:0.800|0.000:0.000:0.800|0.076:0.000:0.796|0.000:0.000:-0.800|0.000:0.000:0.800","0.000:0.000:5.448|20.000:0.000:-7.825","0.000:0.000:1.300|0.000:0.000:-1.300",False,False,Stopped,60.00,40.00,3.00,SensorDegradation
96.8635,9,9,954,-22.0000,0.0500,-1.1412,0.0000,0.0000,0.0000,-22.0000,0.0000,0.0000,1.1423,7,"","","-8.400:0.000:-5.378|-4.200:0.000:10.575|-22.484:0.000:0.961|4.200:0.000:6.825|8.400:0.000:1.969","0.000:0.000:0.800|0.000:0.000:0.800|0.076:0.000:0.796|0.000:0.000:-0.800|0.000:0.000:0.800","0.000:0.000:5.581|20.000:0.000:-7.747","0.000:0.000:1.300|0.000:0.000:1.300",False,False,Stopped,60.00,40.00,3.00,SensorDegradation
96.9668,9,9,955,-22.0000,0.0500,-1.1412,0.0000,0.0000,0.0000,-22.0000,0.0000,0.0000,1.1423,7,"","","-8.400:0.000:-5.295|-4.200:0.000:10.658|-22.476:0.000:1.044|4.200:0.000:6.743|8.400:0.000:2.052","0.000:0.000:0.800|0.000:0.000:0.800|0.076:0.000:0.796|0.000:0.000:-0.800|0.000:0.000:0.800","0.000:0.000:5.716|20.000:0.000:-7.613","0.000:0.000:1.300|0.000:0.000:1.300",False,False,Stopped,60.00,40.00,3.00,SensorDegradation
97.0681,9,9,956,-22.0000,0.0500,-1.1412,0.0000,0.0000,0.0000,-22.0000,0.0000,0.0000,1.1423,7,"","","-8.400:0.000:-5.214|-4.200:0.000:10.739|-22.468:0.000:1.124|4.200:0.000:6.662|8.400:0.000:2.133","0.000:0.000:0.800|0.000:0.000:0.800|0.076:0.000:0.796|0.000:0.000:-0.800|0.000:0.000:0.800","0.000:0.000:5.847|20.000:0.000:-7.481","0.000:0.000:1.300|0.000:0.000:1.300",False,False,Stopped,60.00,40.00,3.00,SensorDegradation
97.1704,9,9,957,-22.0000,0.0500,-1.1412,0.0000,0.0000,0.0000,-22.0000,0.0000,0.0000,1.1423,7,"","","-8.400:0.000:-5.132|-4.200:0.000:10.821|-22.460:0.000:1.206|4.200:0.000:6.580|8.400:0.000:2.214","0.000:0.000:0.800|0.000:0.000:0.800|0.076:0.000:0.796|0.000:0.000:-0.800|0.000:0.000:0.800","0.000:0.000:5.980|20.000:0.000:-7.348","0.000:0.000:1.300|0.000:0.000:1.300",False,False,Stopped,60.00,40.00,3.00,SensorDegradation
97.2714,9,9,958,-22.0000,0.0500,-1.1412,0.0000,0.0000,0.0000,-22.0000,0.0000,0.0000,1.1423,7,"","","-8.400:0.000:-5.052|-4.200:0.000:10.902|-22.452:0.000:1.286|4.200:0.000:6.499|8.400:0.000:2.295","0.000:0.000:0.800|0.000:0.000:0.800|0.076:0.000:0.796|0.000:0.000:-0.800|0.000:0.000:0.800","0.000:0.000:6.112|20.000:0.000:-7.217","0.000:0.000:1.300|0.000:0.000:1.300",False,False,Stopped,60.00,40.00,3.00,SensorDegradation
97.3723,9,9,959,-22.0000,0.0500,-1.1412,0.0000,0.0000,0.0000,-22.0000,0.0000,0.0000,1.1423,7,"","","-8.400:0.000:-4.971|-4.200:0.000:10.982|-22.445:0.000:1.366|4.200:0.000:6.418|8.400:0.000:2.376","0.000:0.000:0.800|0.000:0.000:0.800|0.076:0.000:0.796|0.000:0.000:-0.800|0.000:0.000:0.800","0.000:0.000:6.243|20.000:0.000:-7.086","0.000:0.000:1.300|0.000:0.000:1.300",False,False,Stopped,60.00,40.00,3.00,SensorDegradation
97.4723,9,9,960,-22.0000,0.0500,-1.1412,0.0000,0.0000,0.0000,-22.0000,0.0000,0.0000,1.1423,7,"","","-8.400:0.000:-4.891|-4.200:0.000:11.063|-22.437:0.000:1.446|4.200:0.000:6.338|8.400:0.000:2.456","0.000:0.000:0.800|0.000:0.000:0.800|0.076:0.000:0.796|0.000:0.000:-0.800|0.000:0.000:0.800","0.000:0.000:6.373|20.000:0.000:-6.955","0.000:0.000:1.300|0.000:0.000:1.300",False,False,Stopped,60.00,40.00,3.00,SensorDegradation
97.5741,9,9,961,-22.0000,0.0500,-1.1412,0.0000,0.0000,0.0000,-22.0000,0.0000,0.0000,1.1423,7,"","","-8.400:0.000:-4.810|-4.200:0.000:11.144|-22.429:0.000:1.527|4.200:0.000:6.257|8.400:0.000:2.537","0.000:0.000:0.800|0.000:0.000:0.800|0.076:0.000:0.796|0.000:0.000:-0.800|0.000:0.000:0.800","0.000:0.000:6.505|20.000:0.000:-6.823","0.000:0.000:1.300|0.000:0.000:1.300",False,False,Stopped,60.00,40.00,3.00,SensorDegradation
97.6769,9,9,962,-22.0000,0.0500,-1.1412,0.0000,0.0000,0.0000,-22.0000,0.0000,0.0000,1.1423,7,"","","-8.400:0.000:-4.727|-4.200:0.000:11.226|-22.421:0.000:1.609|4.200:0.000:6.175|8.400:0.000:2.620","0.000:0.000:0.800|0.000:0.000:0.800|0.076:0.000:0.796|0.000:0.000:-0.800|0.000:0.000:0.800","0.000:0.000:6.639|20.000:0.000:-6.690","0.000:0.000:1.300|0.000:0.000:1.300",False,False,Stopped,60.00,40.00,3.00,SensorDegradation
97.7792,9,9,963,-22.0000,0.0500,-1.1412,0.0000,0.0000,0.0000,-22.0000,0.0000,0.0000,1.1423,7,"","","-8.400:0.000:-4.648|-4.200:0.000:11.308|-22.414:0.000:1.690|4.200:0.000:6.093|8.400:0.000:2.701","0.000:0.000:0.800|0.000:0.000:0.800|0.076:0.000:0.796|0.000:0.000:-0.800|0.000:0.000:0.800","0.000:0.000:6.772|20.000:0.000:-6.557","0.000:0.000:1.300|0.000:0.000:1.300",False,False,Stopped,60.00,40.00,3.00,SensorDegradation
97.8799,9,9,964,-22.0000,0.0500,-1.1412,0.0000,0.0000,0.0000,-22.0000,0.0000,0.0000,1.1423,7,"","","-8.400:0.000:-4.728|-4.200:0.000:11.389|-22.406:0.000:1.771|4.200:0.000:6.012|8.400:0.000:2.782","0.000:0.000:-0.800|0.000:0.000:0.800|0.076:0.000:0.796|0.000:0.000:-0.800|0.000:0.000:0.800","0.000:0.000:6.903|20.000:0.000:-6.426","0.000:0.000:1.300|0.000:0.000:1.300",False,False,Stopped,60.00,40.00,3.00,SensorDegradation
97.9809,9,9,965,-22.0000,0.0500,-1.1412,0.0000,0.0000,0.0000,-22.0000,0.0000,0.0000,1.1423,7,"","","-8.400:0.000:-4.809|-4.200:0.000:11.469|-22.398:0.000:1.851|4.200:0.000:5.931|8.400:0.000:2.863","0.000:0.000:-0.800|0.000:0.000:0.800|0.076:0.000:0.796|0.000:0.000:-0.800|0.000:0.000:0.800","0.000:0.000:7.034|20.000:0.000:-6.294","0.000:0.000:1.300|0.000:0.000:1.300",False,False,Stopped,60.00,40.00,3.00,SensorDegradation
98.0836,9,9,966,-22.0000,0.0500,-1.1412,0.0000,0.0000,0.0000,-22.0000,0.0000,0.0000,1.1423,7,"","","-8.400:0.000:-4.891|-4.200:0.000:11.552|-22.390:0.000:1.933|4.200:0.000:5.849|8.400:0.000:2.945","0.000:0.000:-0.800|0.000:0.000:0.800|0.076:0.000:0.796|0.000:0.000:-0.800|0.000:0.000:0.800","0.000:0.000:7.167|20.000:0.000:-6.161","0.000:0.000:1.300|0.000:0.000:1.300",False,False,Stopped,60.00,40.00,3.00,SensorDegradation
98.1842,9,9,967,-22.0000,0.0500,-1.1412,0.0000,0.0000,0.0000,-22.0000,0.0000,0.0000,1.1423,7,"","","-8.400:0.000:-4.972|-4.200:0.000:11.632|-22.383:0.000:2.013|4.200:0.000:5.769|8.400:0.000:3.026","0.000:0.000:-0.800|0.000:0.000:0.800|0.076:0.000:0.796|0.000:0.000:-0.800|0.000:0.000:0.800","0.000:0.000:7.298|20.000:0.000:-6.030","0.000:0.000:1.300|0.000:0.000:1.300",False,False,Stopped,60.00,40.00,3.00,SensorDegradation
98.2867,9,9,968,-22.0000,0.0500,-1.1412,0.0000,0.0000,0.0000,-22.0000,0.0000,0.0000,1.1423,7,"","","-8.400:0.000:-5.054|-4.200:0.000:11.714|-22.375:0.000:2.095|4.200:0.000:5.687|8.400:0.000:3.108","0.000:0.000:-0.800|0.000:0.000:0.800|0.076:0.000:0.796|0.000:0.000:-0.800|0.000:0.000:0.800","0.000:0.000:7.431|20.000:0.000:-5.897","0.000:0.000:1.300|0.000:0.000:1.300",False,False,Stopped,60.00,40.00,3.00,SensorDegradation
98.3870,9,9,969,-22.0000,0.0500,-1.1412,0.0000,0.0000,0.0000,-22.0000,0.0000,0.0000,1.1423,7,"","","-8.400:0.000:-5.134|-4.200:0.000:11.794|-22.367:0.000:2.175|4.200:0.000:5.607|8.400:0.000:3.188","0.000:0.000:-0.800|0.000:0.000:0.800|0.076:0.000:0.796|0.000:0.000:-0.800|0.000:0.000:0.800","0.000:0.000:7.562|20.000:0.000:-5.766","0.000:0.000:1.300|0.000:0.000:1.300",False,False,Stopped,60.00,40.00,3.00,SensorDegradation
98.4880,9,9,970,-22.0000,0.0500,-1.1412,0.0000,0.0000,0.0000,-22.0000,0.0000,0.0000,1.1423,7,"","","-8.400:0.000:-5.215|-4.200:0.000:11.875|-22.359:0.000:2.255|4.200:0.000:5.526|8.400:0.000:3.269","0.000:0.000:-0.800|0.000:0.000:0.800|0.076:0.000:0.796|0.000:0.000:-0.800|0.000:0.000:0.800","0.000:0.000:7.693|20.000:0.000:-5.635","0.000:0.000:1.300|0.000:0.000:1.300",False,False,Stopped,60.00,40.00,3.00,SensorDegradation
98.5904,9,9,971,-22.0000,0.0500,-1.1412,0.0000,0.0000,0.0000,-22.0000,0.0000,0.0000,1.1423,7,"","","-8.400:0.000:-5.297|-4.200:0.000:11.957|-22.352:0.000:2.337|4.200:0.000:5.444|8.400:0.000:3.351","0.000:0.000:-0.800|0.000:0.000:0.800|0.076:0.000:0.796|0.000:0.000:-0.800|0.000:0.000:0.800","0.000:0.000:7.826|20.000:0.000:-5.502","0.000:0.000:1.300|0.000:0.000:1.300",False,False,Stopped,60.00,40.00,3.00,SensorDegradation
98.6925,9,9,972,-22.0000,0.0500,-1.1412,0.0000,0.0000,0.0000,-22.0000,0.0000,0.0000,1.1423,7,"","","-8.400:0.000:-5.378|-4.200:0.000:12.039|-22.344:0.000:2.418|4.200:0.000:5.362|8.400:0.000:3.432","0.000:0.000:-0.800|0.000:0.000:0.800|0.076:0.000:0.796|0.000:0.000:-0.800|0.000:0.000:0.800","0.000:0.000:7.959|20.000:0.000:-5.369","0.000:0.000:1.300|0.000:0.000:1.300",False,False,Stopped,60.00,40.00,3.00,SensorDegradation
98.7931,9,9,973,-22.0000,0.0500,-1.1412,0.0000,0.0000,0.0000,-22.0000,0.0000,0.0000,1.1423,7,"","","-8.400:0.000:-5.459|-4.200:0.000:12.119|-22.336:0.000:2.498|4.200:0.000:5.282|8.400:0.000:3.513","0.000:0.000:-0.800|0.000:0.000:0.800|0.076:0.000:0.796|0.000:0.000:-0.800|0.000:0.000:0.800","0.000:0.000:8.090|20.000:0.000:-5.238","0.000:0.000:1.300|0.000:0.000:1.300",False,False,Stopped,60.00,40.00,3.00,SensorDegradation
98.8942,9,9,974,-22.0000,0.0500,-1.1412,0.0000,0.0000,0.0000,-22.0000,0.0000,0.0000,1.1423,7,"","","-8.400:0.000:-5.540|-4.200:0.000:12.200|-22.328:0.000:2.578|4.200:0.000:5.201|8.400:0.000:3.594","0.000:0.000:-0.800|0.000:0.000:0.800|0.076:0.000:0.796|0.000:0.000:-0.800|0.000:0.000:0.800","0.000:0.000:8.221|20.000:0.000:-5.107","0.000:0.000:1.300|0.000:0.000:1.300",False,False,Stopped,60.00,40.00,3.00,SensorDegradation
98.9951,9,9,975,-22.0000,0.0500,-1.1412,0.0000,0.0000,0.0000,-22.0000,0.0000,0.0000,1.1423,7,"","","-8.400:0.000:-5.621|-4.200:0.000:12.281|-22.321:0.000:2.659|4.200:0.000:5.120|8.400:0.000:3.674","0.000:0.000:-0.800|0.000:0.000:0.800|0.076:0.000:0.796|0.000:0.000:-0.800|0.000:0.000:0.800","0.000:0.000:8.352|20.000:0.000:-4.976","0.000:0.000:1.300|0.000:0.000:1.300",False,False,Stopped,60.00,40.00,3.00,SensorDegradation
99.0965,9,9,976,-22.0000,0.0500,-1.1412,0.0000,0.0000,0.0000,-22.0000,0.0000,0.0000,1.1423,7,"","","-8.400:0.000:-5.702|-4.200:0.000:12.362|-22.313:0.000:2.740|4.200:0.000:5.039|8.400:0.000:3.755","0.000:0.000:-0.800|0.000:0.000:0.800|0.076:0.000:0.796|0.000:0.000:-0.800|0.000:0.000:0.800","0.000:0.000:8.484|20.000:0.000:-4.844","0.000:0.000:1.300|0.000:0.000:1.300",False,False,Stopped,60.00,40.00,3.00,SensorDegradation
99.1976,9,9,977,-22.0000,0.0500,-1.1412,0.0000,0.0000,0.0000,-22.0000,0.0000,0.0000,1.1423,7,"","","-8.400:0.000:-5.782|-4.200:0.000:12.443|-22.305:0.000:2.820|4.200:0.000:4.958|8.400:0.000:3.836","0.000:0.000:-0.800|0.000:0.000:0.800|0.076:0.000:0.796|0.000:0.000:-0.800|0.000:0.000:0.800","0.000:0.000:8.616|20.000:0.000:-4.713","0.000:0.000:1.300|0.000:0.000:1.300",False,False,Stopped,60.00,40.00,3.00,SensorDegradation
99.3005,9,9,978,-22.0000,0.0500,-1.1412,0.0000,0.0000,0.0000,-22.0000,0.0000,0.0000,1.1423,7,"","","-8.400:0.000:-5.865|-4.200:0.000:12.525|-22.297:0.000:2.902|4.200:0.000:4.876|8.400:0.000:3.919","0.000:0.000:-0.800|0.000:0.000:0.800|0.076:0.000:0.796|0.000:0.000:-0.800|0.000:0.000:0.800","0.000:0.000:8.749|20.000:0.000:-4.579","0.000:0.000:1.300|0.000:0.000:1.300",False,False,Stopped,60.00,40.00,3.00,SensorDegradation
99.4008,9,9,979,-22.0000,0.0500,-1.1412,0.0000,0.0000,0.0000,-22.0000,0.0000,0.0000,1.1423,7,"","","-8.400:0.000:-5.945|-4.200:0.000:12.605|-22.290:0.000:2.982|4.200:0.000:4.795|8.400:0.000:3.999","0.000:0.000:-0.800|0.000:0.000:0.800|0.076:0.000:0.796|0.000:0.000:-0.800|0.000:0.000:0.800","0.000:0.000:8.880|20.000:0.000:-4.448","0.000:0.000:1.300|0.000:0.000:1.300",False,False,Stopped,60.00,40.00,3.00,SensorDegradation
99.5030,9,9,980,-22.0000,0.0500,-1.1412,0.0000,0.0000,0.0000,-22.0000,0.0000,0.0000,1.1423,7,"","","-8.400:0.000:-6.027|-4.200:0.000:12.687|-22.282:0.000:3.063|4.200:0.000:4.714|8.400:0.000:4.081","0.000:0.000:-0.800|0.000:0.000:0.800|0.076:0.000:0.796|0.000:0.000:-0.800|0.000:0.000:0.800","0.000:0.000:9.013|20.000:0.000:-4.316","0.000:0.000:1.300|0.000:0.000:1.300",False,False,Stopped,60.00,40.00,3.00,SensorDegradation
99.6045,9,9,981,-22.0000,0.0500,-1.1412,0.0000,0.0000,0.0000,-22.0000,0.0000,0.0000,1.1423,7,"","","-8.400:0.000:-6.108|-4.200:0.000:12.768|-22.274:0.000:3.144|4.200:0.000:4.633|8.400:0.000:4.162","0.000:0.000:-0.800|0.000:0.000:0.800|0.076:0.000:0.796|0.000:0.000:-0.800|0.000:0.000:0.800","0.000:0.000:9.145|20.000:0.000:-4.184","0.000:0.000:1.300|0.000:0.000:1.300",False,False,Stopped,60.00,40.00,3.00,SensorDegradation
99.7053,9,9,982,-22.0000,0.0500,-1.1412,0.0000,0.0000,0.0000,-22.0000,0.0000,0.0000,1.1423,7,"","","-8.400:0.000:-6.189|-4.200:0.000:12.849|-22.266:0.000:3.224|4.200:0.000:4.552|8.400:0.000:4.242","0.000:0.000:-0.800|0.000:0.000:0.800|0.076:0.000:0.796|0.000:0.000:-0.800|0.000:0.000:0.800","0.000:0.000:9.276|20.000:0.000:-4.053","0.000:0.000:1.300|0.000:0.000:1.300",False,False,Stopped,60.00,40.00,3.00,SensorDegradation
99.8075,9,9,983,-22.0000,0.0500,-1.1412,0.0000,0.0000,0.0000,-22.0000,0.0000,0.0000,1.1423,7,"","","-8.400:0.000:-6.270|-4.200:0.000:12.931|-22.259:0.000:3.306|4.200:0.000:4.470|8.400:0.000:4.324","0.000:0.000:-0.800|0.000:0.000:0.800|0.076:0.000:0.796|0.000:0.000:-0.800|0.000:0.000:0.800","0.000:0.000:9.408|20.000:0.000:-3.920","0.000:0.000:1.300|0.000:0.000:1.300",False,False,Stopped,60.00,40.00,3.00,SensorDegradation
99.9092,9,9,984,-22.0000,0.0500,-1.1412,0.0000,0.0000,0.0000,-22.0000,0.0000,0.0000,1.1423,7,"","","-8.400:0.000:-6.352|-4.200:0.000:13.012|-22.251:0.000:3.387|4.200:0.000:4.389|8.400:0.000:4.406","0.000:0.000:-0.800|0.000:0.000:0.800|0.076:0.000:0.796|0.000:0.000:-0.800|0.000:0.000:0.800","0.000:0.000:9.541|20.000:0.000:-3.787","0.000:0.000:1.300|0.000:0.000:1.300",False,False,Stopped,60.00,40.00,3.00,SensorDegradation
100.0098,9,9,985,-22.0000,0.0500,-1.1412,0.0000,0.0000,0.0000,-22.0000,0.0000,0.0000,1.1423,7,"","","-8.400:0.000:-6.432|-4.200:0.000:13.093|-22.243:0.000:3.467|4.200:0.000:4.308|8.400:0.000:4.486","0.000:0.000:-0.800|0.000:0.000:0.800|0.076:0.000:0.796|0.000:0.000:-0.800|0.000:0.000:0.800","0.000:0.000:9.671|20.000:0.000:-3.657","0.000:0.000:1.300|0.000:0.000:1.300",False,False,Stopped,60.00,40.00,3.00,SensorDegradation
100.1118,9,9,986,-22.0000,0.0500,-1.1412,0.0000,0.0000,0.0000,-22.0000,0.0000,0.0000,1.1423,7,"","","-8.400:0.000:-6.514|-4.200:0.000:13.174|-22.235:0.000:3.548|4.200:0.000:4.227|8.400:0.000:4.568","0.000:0.000:-0.800|0.000:0.000:0.800|0.076:0.000:0.796|0.000:0.000:-0.800|0.000:0.000:0.800","0.000:0.000:9.804|20.000:0.000:-3.524","0.000:0.000:1.300|0.000:0.000:1.300",False,False,Stopped,60.00,40.00,3.00,SensorDegradation
100.2144,9,9,987,-22.0000,0.0500,-1.1412,0.0000,0.0000,0.0000,-22.0000,0.0000,0.0000,1.1423,7,"","","-8.400:0.000:-6.596|-4.200:0.000:13.256|-22.227:0.000:3.630|4.200:0.000:4.145|8.400:0.000:4.650","0.000:0.000:-0.800|0.000:0.000:0.800|0.076:0.000:0.796|0.000:0.000:-0.800|0.000:0.000:0.800","0.000:0.000:9.938|20.000:0.000:-3.391","0.000:0.000:1.300|0.000:0.000:1.300",False,False,Stopped,60.00,40.00,3.00,SensorDegradation
100.3159,9,9,988,-22.0000,0.0500,-1.1412,0.0000,0.0000,0.0000,-22.0000,0.0000,0.0000,1.1423,7,"","","-8.400:0.000:-6.677|-4.200:0.000:13.338|-22.220:0.000:3.711|4.200:0.000:4.063|8.400:0.000:4.731","0.000:0.000:-0.800|0.000:0.000:0.800|0.076:0.000:0.796|0.000:0.000:-0.800|0.000:0.000:0.800","0.000:0.000:10.070|20.000:0.000:-3.259","0.000:0.000:1.300|0.000:0.000:1.300",False,False,Stopped,60.00,40.00,3.00,SensorDegradation
100.4183,9,9,989,-22.0000,0.0500,-1.1412,0.0000,0.0000,0.0000,-22.0000,0.0000,0.0000,1.1423,7,"","","-8.400:0.000:-6.759|-4.200:0.000:13.287|-22.212:0.000:3.792|4.200:0.000:3.981|8.400:0.000:4.813","0.000:0.000:-0.800|0.000:0.000:-0.800|0.076:0.000:0.796|0.000:0.000:-0.800|0.000:0.000:0.800","0.000:0.000:10.203|20.000:0.000:-3.126","0.000:0.000:1.300|0.000:0.000:1.300",False,False,Stopped,60.00,40.00,3.00,SensorDegradation
100.5210,9,9,990,-22.0000,0.0500,-1.1412,0.0000,0.0000,0.0000,-22.0000,0.0000,0.0000,1.1423,7,"","","-8.400:0.000:-6.841|-4.200:0.000:13.204|-22.204:0.000:3.874|4.200:0.000:3.899|8.400:0.000:4.895","0.000:0.000:-0.800|0.000:0.000:-0.800|0.076:0.000:0.796|0.000:0.000:-0.800|0.000:0.000:0.800","0.000:0.000:10.336|20.000:0.000:-2.992","0.000:0.000:1.300|0.000:0.000:1.300",False,False,Stopped,60.00,40.00,3.00,SensorDegradation
100.6237,9,9,991,-22.0000,0.0500,-1.1412,0.0000,0.0000,0.0000,-22.0000,0.0000,0.0000,1.1423,7,"","","-8.400:0.000:-6.923|-4.200:0.000:13.122|-22.196:0.000:3.956|4.200:0.000:3.817|8.400:0.000:4.977","0.000:0.000:-0.800|0.000:0.000:-0.800|0.076:0.000:0.796|0.000:0.000:-0.800|0.000:0.000:0.800","0.000:0.000:10.470|20.000:0.000:-2.858","0.000:0.000:1.300|0.000:0.000:1.300",False,False,Stopped,60.00,40.00,3.00,SensorDegradation
100.7256,9,9,992,-22.0000,0.0500,-1.1412,0.0000,0.0000,0.0000,-22.0000,0.0000,0.0000,1.1423,7,"","","-8.400:0.000:-7.005|-4.200:0.000:13.041|-22.188:0.000:4.037|4.200:0.000:3.736|8.400:0.000:5.059","0.000:0.000:-0.800|0.000:0.000:-0.800|0.076:0.000:0.796|0.000:0.000:-0.800|0.000:0.000:0.800","0.000:0.000:10.602|20.000:0.000:-2.726","0.000:0.000:1.300|0.000:0.000:1.300",False,False,Stopped,60.00,40.00,3.00,SensorDegradation
100.8272,9,9,993,-22.0000,0.0500,-1.1412,0.0000,0.0000,0.0000,-22.0000,0.0000,0.0000,1.1423,7,"","","-8.400:0.000:-7.086|-4.200:0.000:12.959|-22.181:0.000:4.118|4.200:0.000:3.654|8.400:0.000:5.140","0.000:0.000:-0.800|0.000:0.000:-0.800|0.076:0.000:0.796|0.000:0.000:-0.800|0.000:0.000:0.800","0.000:0.000:10.734|20.000:0.000:-2.594","0.000:0.000:1.300|0.000:0.000:1.300",False,False,Stopped,60.00,40.00,3.00,SensorDegradation
100.9298,9,9,994,-22.0000,0.0500,-1.1412,0.0000,0.0000,0.0000,-22.0000,0.0000,0.0000,1.1423,7,"","","-8.400:0.000:-7.168|-4.200:0.000:12.877|-22.173:0.000:4.200|4.200:0.000:3.572|8.400:0.000:5.222","0.000:0.000:-0.800|0.000:0.000:-0.800|0.076:0.000:0.796|0.000:0.000:-0.800|0.000:0.000:0.800","0.000:0.000:10.868|20.000:0.000:-2.461","0.000:0.000:1.300|0.000:0.000:1.300",False,False,Stopped,60.00,40.00,3.00,SensorDegradation
101.0300,9,9,995,-22.0000,0.0500,-1.1412,0.0000,0.0000,0.0000,-22.0000,0.0000,0.0000,1.1423,7,"","","-8.400:0.000:-7.248|-4.200:0.000:12.797|-22.165:0.000:4.279|4.200:0.000:3.492|8.400:0.000:5.302","0.000:0.000:-0.800|0.000:0.000:-0.800|0.076:0.000:0.796|0.000:0.000:-0.800|0.000:0.000:0.800","0.000:0.000:10.998|20.000:0.000:-2.330","0.000:0.000:1.300|0.000:0.000:1.300",False,False,Stopped,60.00,40.00,3.00,SensorDegradation
101.1307,9,9,996,-22.0000,0.0500,-1.1412,0.0000,0.0000,0.0000,-22.0000,0.0000,0.0000,1.1423,7,"","","-8.400:0.000:-7.329|-4.200:0.000:12.717|-22.157:0.000:4.360|4.200:0.000:3.412|8.400:0.000:5.383","0.000:0.000:-0.800|0.000:0.000:-0.800|0.076:0.000:0.796|0.000:0.000:-0.800|0.000:0.000:0.800","0.000:0.000:11.129|20.000:0.000:-2.199","0.000:0.000:1.300|0.000:0.000:1.300",False,False,Stopped,60.00,40.00,3.00,SensorDegradation
101.2318,9,9,997,-22.0000,0.0500,-1.1412,0.0000,0.0000,0.0000,-22.0000,0.0000,0.0000,1.1423,7,"","","-8.400:0.000:-7.410|-4.200:0.000:12.636|-22.150:0.000:4.440|4.200:0.000:3.331|8.400:0.000:5.464","0.000:0.000:-0.800|0.000:0.000:-0.800|0.076:0.000:0.796|0.000:0.000:-0.800|0.000:0.000:0.800","0.000:0.000:11.260|20.000:0.000:-2.068","0.000:0.000:1.300|0.000:0.000:1.300",False,False,Stopped,60.00,40.00,3.00,SensorDegradation
101.3324,9,9,998,-22.0000,0.0500,-1.1412,0.0000,0.0000,0.0000,-22.0000,0.0000,0.0000,1.1423,7,"","","-8.400:0.000:-7.490|-4.200:0.000:12.555|-22.142:0.000:4.520|4.200:0.000:3.250|8.400:0.000:5.544","0.000:0.000:-0.800|0.000:0.000:-0.800|0.076:0.000:0.796|0.000:0.000:-0.800|0.000:0.000:0.800","0.000:0.000:11.391|20.000:0.000:-1.937","0.000:0.000:1.300|0.000:0.000:1.300",False,False,Stopped,60.00,40.00,3.00,SensorDegradation
101.4329,9,9,999,-22.0000,0.0500,-1.1412,0.0000,0.0000,0.0000,-22.0000,0.0000,0.0000,1.1423,7,"","","-8.400:0.000:-7.571|-4.200:0.000:12.475|-22.134:0.000:4.600|4.200:0.000:3.170|8.400:0.000:5.625","0.000:0.000:-0.800|0.000:0.000:-0.800|0.076:0.000:0.796|0.000:0.000:-0.800|0.000:0.000:0.800","0.000:0.000:11.522|20.000:0.000:-1.806","0.000:0.000:1.300|0.000:0.000:1.300",False,False,Stopped,60.00,40.00,3.00,SensorDegradation
101.5338,9,9,1000,-22.0000,0.0500,-1.1412,0.0000,0.0000,0.0000,-22.0000,0.0000,0.0000,1.1423,7,"","","-8.400:0.000:-7.652|-4.200:0.000:12.394|-22.127:0.000:4.681|4.200:0.000:3.089|8.400:0.000:5.705","0.000:0.000:-0.800|0.000:0.000:-0.800|0.076:0.000:0.796|0.000:0.000:-0.800|0.000:0.000:0.800","0.000:0.000:11.653|20.000:0.000:-1.675","0.000:0.000:1.300|0.000:0.000:1.300",False,False,Stopped,60.00,40.00,3.00,SensorDegradation
101.6361,9,9,1001,-22.0000,0.0500,-1.1412,0.0000,0.0000,0.0000,-22.0000,0.0000,0.0000,1.1423,7,"","","-8.400:0.000:-7.733|-4.200:0.000:12.312|-22.119:0.000:4.762|4.200:0.000:3.007|8.400:0.000:5.787","0.000:0.000:-0.800|0.000:0.000:-0.800|0.076:0.000:0.796|0.000:0.000:-0.800|0.000:0.000:0.800","0.000:0.000:11.786|20.000:0.000:-1.542","0.000:0.000:1.300|0.000:0.000:1.300",False,False,Stopped,60.00,40.00,3.00,SensorDegradation
101.7374,9,9,1002,-22.0000,0.0500,-1.1412,0.0000,0.0000,0.0000,-22.0000,0.0000,0.0000,1.1423,7,"","","-8.400:0.000:-7.814|-4.200:0.000:12.231|-22.111:0.000:4.843|4.200:0.000:2.926|8.400:0.000:5.868","0.000:0.000:-0.800|0.000:0.000:-0.800|0.076:0.000:0.796|0.000:0.000:-0.800|0.000:0.000:0.800","0.000:0.000:11.918|20.000:0.000:-1.411","0.000:0.000:1.300|0.000:0.000:1.300",False,False,Stopped,60.00,40.00,3.00,SensorDegradation
101.8394,9,9,1003,-22.0000,0.0500,-1.1412,0.0000,0.0000,0.0000,-22.0000,0.0000,0.0000,1.1423,7,"","","-8.400:0.000:-7.896|-4.200:0.000:12.150|-22.103:0.000:4.924|4.200:0.000:2.844|8.400:0.000:5.950","0.000:0.000:-0.800|0.000:0.000:-0.800|0.076:0.000:0.796|0.000:0.000:-0.800|0.000:0.000:0.800","0.000:0.000:12.050|20.000:0.000:-1.278","0.000:0.000:1.300|0.000:0.000:1.300",False,False,Stopped,60.00,40.00,3.00,SensorDegradation
101.9421,9,9,1004,-22.0000,0.0500,-1.1412,0.0000,0.0000,0.0000,-22.0000,0.0000,0.0000,1.1423,7,"","","-8.400:0.000:-7.978|-4.200:0.000:12.067|-22.095:0.000:5.006|4.200:0.000:2.762|8.400:0.000:6.032","0.000:0.000:-0.800|0.000:0.000:-0.800|0.076:0.000:0.796|0.000:0.000:-0.800|0.000:0.000:0.800","0.000:0.000:12.184|20.000:0.000:-1.145","0.000:0.000:1.300|0.000:0.000:1.300",False,False,Stopped,60.00,40.00,3.00,SensorDegradation
102.0431,9,9,1005,-22.0000,0.0500,-1.1412,0.0000,0.0000,0.0000,-22.0000,0.0000,0.0000,1.1423,7,"","","-8.400:0.000:-8.059|-4.200:0.000:11.987|-22.088:0.000:5.086|4.200:0.000:2.682|8.400:0.000:6.113","0.000:0.000:-0.800|0.000:0.000:-0.800|0.076:0.000:0.796|0.000:0.000:-0.800|0.000:0.000:0.800","0.000:0.000:12.315|20.000:0.000:-1.013","0.000:0.000:1.300|0.000:0.000:1.300",False,False,Stopped,60.00,40.00,3.00,SensorDegradation
102.1454,9,9,1006,-22.0000,0.0500,-1.1412,0.0000,0.0000,0.0000,-22.0000,0.0000,0.0000,1.1423,7,"","","-8.400:0.000:-8.141|-4.200:0.000:11.905|-22.080:0.000:5.168|4.200:0.000:2.600|8.400:0.000:6.195","0.000:0.000:-0.800|0.000:0.000:-0.800|0.076:0.000:0.796|0.000:0.000:-0.800|0.000:0.000:0.800","0.000:0.000:12.448|20.000:0.000:-0.880","0.000:0.000:1.300|0.000:0.000:1.300",False,False,Stopped,60.00,40.00,3.00,SensorDegradation
102.2474,9,9,1007,-22.0000,0.0500,-1.1412,0.0000,0.0000,0.0000,-22.0000,0.0000,0.0000,1.1423,7,"","","-8.400:0.000:-8.222|-4.200:0.000:11.823|-22.072:0.000:5.249|4.200:0.000:2.518|8.400:0.000:6.276","0.000:0.000:-0.800|0.000:0.000:-0.800|0.076:0.000:0.796|0.000:0.000:-0.800|0.000:0.000:0.800","0.000:0.000:12.580|20.000:0.000:-0.748","0.000:0.000:1.300|0.000:0.000:1.300",False,False,Stopped,60.00,40.00,3.00,SensorDegradation
102.3503,9,9,1008,-22.0000,0.0500,-1.1412,0.0000,0.0000,0.0000,-22.0000,0.0000,0.0000,1.1423,7,"","","-8.400:0.000:-8.305|-4.200:0.000:11.741|-22.064:0.000:5.331|4.200:0.000:2.436|8.400:0.000:6.358","0.000:0.000:-0.800|0.000:0.000:-0.800|0.076:0.000:0.796|0.000:0.000:-0.800|0.000:0.000:0.800","0.000:0.000:12.714|20.000:0.000:-0.614","0.000:0.000:1.300|0.000:0.000:1.300",False,False,Stopped,60.00,40.00,3.00,SensorDegradation
102.4505,9,9,1009,-22.0000,0.0500,-1.1412,0.0000,0.0000,0.0000,-22.0000,0.0000,0.0000,1.1423,7,"","","-8.400:0.000:-8.385|-4.200:0.000:11.661|-22.057:0.000:5.410|4.200:0.000:2.356|8.400:0.000:6.439","0.000:0.000:-0.800|0.000:0.000:-0.800|0.076:0.000:0.796|0.000:0.000:-0.800|0.000:0.000:0.800","0.000:0.000:12.844|20.000:0.000:-0.484","0.000:0.000:1.300|0.000:0.000:1.300",False,False,Stopped,60.00,40.00,3.00,SensorDegradation
102.5517,9,9,1010,-22.0000,0.0500,-1.1412,0.0000,0.0000,0.0000,-22.0000,0.0000,0.0000,1.1423,7,"","","-8.400:0.000:-8.466|-4.200:0.000:11.580|-22.049:0.000:5.491|4.200:0.000:2.275|8.400:0.000:6.520","0.000:0.000:-0.800|0.000:0.000:-0.800|0.076:0.000:0.796|0.000:0.000:-0.800|0.000:0.000:0.800","0.000:0.000:12.976|20.000:0.000:-0.352","0.000:0.000:1.300|0.000:0.000:1.300",False,False,Stopped,60.00,40.00,3.00,SensorDegradation
102.6550,9,9,1011,-22.0000,0.0500,-1.1412,0.0000,0.0000,0.0000,-22.0000,0.0000,0.0000,1.1423,7,"","","-8.400:0.000:-8.548|-4.200:0.000:11.497|-22.041:0.000:5.573|4.200:0.000:2.192|8.400:0.000:6.602","0.000:0.000:-0.800|0.000:0.000:-0.800|0.076:0.000:0.796|0.000:0.000:-0.800|0.000:0.000:0.800","0.000:0.000:13.110|20.000:0.000:-0.218","0.000:0.000:1.300|0.000:0.000:1.300",False,False,Stopped,60.00,40.00,3.00,SensorDegradation
102.7563,9,9,1012,-22.0000,0.0500,-1.1412,0.0000,0.0000,0.0000,-22.0000,0.0000,0.0000,1.1423,7,"","","-8.400:0.000:-8.629|-4.200:0.000:11.416|-22.033:0.000:5.654|4.200:0.000:2.111|8.400:0.000:6.683","0.000:0.000:-0.800|0.000:0.000:-0.800|0.076:0.000:0.796|0.000:0.000:-0.800|0.000:0.000:0.800","0.000:0.000:13.242|20.000:0.000:-0.086","0.000:0.000:1.300|0.000:0.000:1.300",False,False,Stopped,60.00,40.00,3.00,SensorDegradation
102.8576,9,9,1013,-22.0000,0.0500,-1.1412,0.0000,0.0000,0.0000,-22.0000,0.0000,0.0000,1.1423,7,"","","-8.400:0.000:-8.711|-4.200:0.000:11.335|-22.025:0.000:5.735|4.200:0.000:2.030|8.400:0.000:6.764","0.000:0.000:-0.800|0.000:0.000:-0.800|0.076:0.000:0.796|0.000:0.000:-0.800|0.000:0.000:0.800","0.000:0.000:13.336|20.000:0.000:0.046","0.000:0.000:-1.300|0.000:0.000:1.300",False,False,Stopped,60.00,40.00,3.00,SensorDegradation
102.9597,9,9,1014,-22.0000,0.0500,-1.1412,0.0000,0.0000,0.0000,-22.0000,0.0000,0.0000,1.1423,7,"","","-8.400:0.000:-8.792|-4.200:0.000:11.253|-22.018:0.000:5.816|4.200:0.000:1.948|8.400:0.000:6.846","0.000:0.000:-0.800|0.000:0.000:-0.800|0.076:0.000:0.796|0.000:0.000:-0.800|0.000:0.000:0.800","0.000:0.000:13.204|20.000:0.000:0.178","0.000:0.000:-1.300|0.000:0.000:1.300",False,False,Stopped,60.00,40.00,3.00,SensorDegradation
103.0613,9,9,1015,-22.0000,0.0500,-1.1412,0.0000,0.0000,0.0000,-22.0000,0.0000,0.0000,1.1423,7,"","","-8.400:0.000:-8.874|-4.200:0.000:11.172|-22.014:0.000:5.810|4.200:0.000:1.867|8.400:0.000:6.927","0.000:0.000:-0.800|0.000:0.000:-0.800|0.001:0.000:-0.800|0.000:0.000:-0.800|0.000:0.000:0.800","0.000:0.000:13.072|20.000:0.000:0.310","0.000:0.000:-1.300|0.000:0.000:1.300",False,False,Stopped,60.00,40.00,3.00,SensorDegradation
103.1620,9,9,1016,-22.0000,0.0500,-1.1412,0.0000,0.0000,0.0000,-22.0000,0.0000,0.0000,1.1423,7,"","","-8.400:0.000:-8.954|-4.200:0.000:11.092|-22.014:0.000:5.730|4.200:0.000:1.786|8.400:0.000:7.008","0.000:0.000:-0.800|0.000:0.000:-0.800|0.001:0.000:-0.800|0.000:0.000:-0.800|0.000:0.000:0.800","0.000:0.000:12.941|20.000:0.000:0.441","0.000:0.000:-1.300|0.000:0.000:1.300",False,False,Stopped,60.00,40.00,3.00,SensorDegradation
103.2635,9,9,1017,-22.0000,0.0500,-1.1412,0.0000,0.0000,0.0000,-22.0000,0.0000,0.0000,1.1423,7,"","","-8.400:0.000:-9.035|-4.200:0.000:11.010|-22.014:0.000:5.649|4.200:0.000:1.705|8.400:0.000:7.089","0.000:0.000:-0.800|0.000:0.000:-0.800|0.001:0.000:-0.800|0.000:0.000:-0.800|0.000:0.000:0.800","0.000:0.000:12.809|20.000:0.000:0.573","0.000:0.000:-1.300|0.000:0.000:1.300",False,False,Stopped,60.00,40.00,3.00,SensorDegradation
103.3646,9,9,1018,-22.0000,0.0500,-1.1412,0.0000,0.0000,0.0000,-22.0000,0.0000,0.0000,1.1423,7,"","","-8.400:0.000:-9.116|-4.200:0.000:10.929|-22.014:0.000:5.568|4.200:0.000:1.624|8.400:0.000:7.170","0.000:0.000:-0.800|0.000:0.000:-0.800|0.001:0.000:-0.800|0.000:0.000:-0.800|0.000:0.000:0.800","0.000:0.000:12.677|20.000:0.000:0.705","0.000:0.000:-1.300|0.000:0.000:1.300",False,False,Stopped,60.00,40.00,3.00,SensorDegradation
103.4666,9,9,1019,-22.0000,0.0500,-1.1412,0.0000,0.0000,0.0000,-22.0000,0.0000,0.0000,1.1423,7,"","","-8.400:0.000:-9.198|-4.200:0.000:10.848|-22.014:0.000:5.486|4.200:0.000:1.543|8.400:0.000:7.252","0.000:0.000:-0.800|0.000:0.000:-0.800|0.001:0.000:-0.800|0.000:0.000:-0.800|0.000:0.000:0.800","0.000:0.000:12.545|20.000:0.000:0.837","0.000:0.000:-1.300|0.000:0.000:1.300",False,False,Stopped,60.00,40.00,3.00,SensorDegradation
103.5688,9,9,1020,-22.0000,0.0500,-1.1412,0.0000,0.0000,0.0000,-22.0000,0.0000,0.0000,1.1423,7,"","","-8.400:0.000:-9.280|-4.200:0.000:10.766|-22.014:0.000:5.404|4.200:0.000:1.461|8.400:0.000:7.333","0.000:0.000:-0.800|0.000:0.000:-0.800|0.001:0.000:-0.800|0.000:0.000:-0.800|0.000:0.000:0.800","0.000:0.000:12.412|20.000:0.000:0.970","0.000:0.000:-1.300|0.000:0.000:1.300",False,False,Stopped,60.00,40.00,3.00,SensorDegradation
103.6698,9,9,1021,-22.0000,0.0500,-1.1412,0.0000,0.0000,0.0000,-22.0000,0.0000,0.0000,1.1423,7,"","","-8.400:0.000:-9.360|-4.200:0.000:10.685|-22.013:0.000:5.323|4.200:0.000:1.380|8.400:0.000:7.414","0.000:0.000:-0.800|0.000:0.000:-0.800|0.001:0.000:-0.800|0.000:0.000:-0.800|0.000:0.000:0.800","0.000:0.000:12.280|20.000:0.000:1.102","0.000:0.000:-1.300|0.000:0.000:1.300",False,False,Stopped,60.00,40.00,3.00,SensorDegradation
103.7719,9,9,1022,-22.0000,0.0500,-1.1412,0.0000,0.0000,0.0000,-22.0000,0.0000,0.0000,1.1423,7,"","","-8.400:0.000:-9.442|-4.200:0.000:10.604|-22.013:0.000:5.242|4.200:0.000:1.298|8.400:0.000:7.496","0.000:0.000:-0.800|0.000:0.000:-0.800|0.001:0.000:-0.800|0.000:0.000:-0.800|0.000:0.000:0.800","0.000:0.000:12.148|20.000:0.000:1.234","0.000:0.000:-1.300|0.000:0.000:1.300",False,False,Stopped,60.00,40.00,3.00,SensorDegradation
103.8728,9,9,1023,-22.0000,0.0500,-1.1412,0.0000,0.0000,0.0000,-22.0000,0.0000,0.0000,1.1423,7,"","","-8.400:0.000:-9.523|-4.200:0.000:10.523|-22.013:0.000:5.161|4.200:0.000:1.218|8.400:0.000:7.577","0.000:0.000:-0.800|0.000:0.000:-0.800|0.001:0.000:-0.800|0.000:0.000:-0.800|0.000:0.000:0.800","0.000:0.000:12.017|20.000:0.000:1.365","0.000:0.000:-1.300|0.000:0.000:1.300",False,False,Stopped,60.00,40.00,3.00,SensorDegradation
103.9748,9,9,1024,-22.0000,0.0500,-1.1412,0.0000,0.0000,0.0000,-22.0000,0.0000,0.0000,1.1423,7,"","","-8.400:0.000:-9.604|-4.200:0.000:10.441|-22.013:0.000:5.079|4.200:0.000:1.136|8.400:0.000:7.658","0.000:0.000:-0.800|0.000:0.000:-0.800|0.001:0.000:-0.800|0.000:0.000:-0.800|0.000:0.000:0.800","0.000:0.000:11.884|20.000:0.000:1.498","0.000:0.000:-1.300|0.000:0.000:1.300",False,False,Stopped,60.00,40.00,3.00,SensorDegradation
104.0769,9,9,1025,-22.0000,0.0500,-1.1412,0.0000,0.0000,0.0000,-22.0000,0.0000,0.0000,1.1423,7,"","","-8.400:0.000:-9.686|-4.200:0.000:10.360|-22.013:0.000:4.998|4.200:0.000:1.054|8.400:0.000:7.740","0.000:0.000:-0.800|0.000:0.000:-0.800|0.001:0.000:-0.800|0.000:0.000:-0.800|0.000:0.000:0.800","0.000:0.000:11.751|20.000:0.000:1.631","0.000:0.000:-1.300|0.000:0.000:1.300",False,False,Stopped,60.00,40.00,3.00,SensorDegradation
104.1782,9,9,1026,-22.0000,0.0500,-1.1412,0.0000,0.0000,0.0000,-22.0000,0.0000,0.0000,1.1423,7,"","","-8.400:0.000:-9.767|-4.200:0.000:10.279|-22.013:0.000:4.917|4.200:0.000:0.973|8.400:0.000:7.821","0.000:0.000:-0.800|0.000:0.000:-0.800|0.001:0.000:-0.800|0.000:0.000:-0.800|0.000:0.000:0.800","0.000:0.000:11.619|20.000:0.000:1.762","0.000:0.000:-1.300|0.000:0.000:1.300",False,False,Stopped,60.00,40.00,3.00,SensorDegradation
104.2795,9,9,1027,-22.0000,0.0500,-1.1412,0.0000,0.0000,0.0000,-22.0000,0.0000,0.0000,1.1423,7,"","","-8.400:0.000:-9.848|-4.200:0.000:10.197|-22.013:0.000:4.836|4.200:0.000:0.892|8.400:0.000:7.902","0.000:0.000:-0.800|0.000:0.000:-0.800|0.001:0.000:-0.800|0.000:0.000:-0.800|0.000:0.000:0.800","0.000:0.000:11.488|20.000:0.000:1.894","0.000:0.000:-1.300|0.000:0.000:1.300",False,False,Stopped,60.00,40.00,3.00,SensorDegradation
104.3822,9,9,1028,-22.0000,0.0500,-1.1412,0.0000,0.0000,0.0000,-22.0000,0.0000,0.0000,1.1423,7,"","","-8.400:0.000:-9.774|-4.200:0.000:10.115|-22.013:0.000:4.753|4.200:0.000:0.810|8.400:0.000:7.984","0.000:0.000:0.800|0.000:0.000:-0.800|0.001:0.000:-0.800|0.000:0.000:-0.800|0.000:0.000:0.800","0.000:0.000:11.354|20.000:0.000:2.028","0.000:0.000:-1.300|0.000:0.000:1.300",False,False,Stopped,60.00,40.00,3.00,SensorDegradation
104.4845,9,9,1029,-22.0000,0.0500,-1.1412,0.0000,0.0000,0.0000,-22.0000,0.0000,0.0000,1.1423,7,"","","-8.400:0.000:-9.692|-4.200:0.000:10.034|-22.013:0.000:4.672|4.200:0.000:0.728|8.400:0.000:8.066","0.000:0.000:0.800|0.000:0.000:-0.800|0.001:0.000:-0.800|0.000:0.000:-0.800|0.000:0.000:0.800","0.000:0.000:11.221|20.000:0.000:2.161","0.000:0.000:-1.300|0.000:0.000:1.300",False,False,Stopped,60.00,40.00,3.00,SensorDegradation
104.5868,9,9,1030,-22.0000,0.0500,-1.1412,0.0000,0.0000,0.0000,-22.0000,0.0000,0.0000,1.1423,7,"","","-8.400:0.000:-9.611|-4.200:0.000:9.952|-22.013:0.000:4.590|4.200:0.000:0.647|8.400:0.000:8.148","0.000:0.000:0.800|0.000:0.000:-0.800|0.001:0.000:-0.800|0.000:0.000:-0.800|0.000:0.000:0.800","0.000:0.000:11.088|20.000:0.000:2.294","0.000:0.000:-1.300|0.000:0.000:1.300",False,False,Stopped,60.00,40.00,3.00,SensorDegradation
104.6869,9,9,1031,-22.0000,0.0500,-1.1412,0.0000,0.0000,0.0000,-22.0000,0.0000,0.0000,1.1423,7,"","","-8.400:0.000:-9.530|-4.200:0.000:9.872|-22.012:0.000:4.510|4.200:0.000:0.566|8.400:0.000:8.228","0.000:0.000:0.800|0.000:0.000:-0.800|0.001:0.000:-0.800|0.000:0.000:-0.800|0.000:0.000:0.800","0.000:0.000:10.958|20.000:0.000:2.424","0.000:0.000:-1.300|0.000:0.000:1.300",False,False,Stopped,60.00,40.00,3.00,SensorDegradation
104.7888,9,9,1032,-22.0000,0.0500,-1.1412,0.0000,0.0000,0.0000,-22.0000,0.0000,0.0000,1.1423,7,"","","-8.400:0.000:-9.449|-4.200:0.000:9.790|-22.012:0.000:4.428|4.200:0.000:0.485|8.400:0.000:8.309","0.000:0.000:0.800|0.000:0.000:-0.800|0.001:0.000:-0.800|0.000:0.000:-0.800|0.000:0.000:0.800","0.000:0.000:10.826|20.000:0.000:2.556","0.000:0.000:-1.300|0.000:0.000:1.300",False,False,Stopped,60.00,40.00,3.00,SensorDegradation
104.8912,9,9,1033,-22.0000,0.0500,-1.1412,0.0000,0.0000,0.0000,-22.0000,0.0000,0.0000,1.1423,7,"","","-8.400:0.000:-9.367|-4.200:0.000:9.708|-22.012:0.000:4.346|4.200:0.000:0.403|8.400:0.000:8.391","0.000:0.000:0.800|0.000:0.000:-0.800|0.001:0.000:-0.800|0.000:0.000:-0.800|0.000:0.000:0.800","0.000:0.000:10.692|20.000:0.000:2.689","0.000:0.000:-1.300|0.000:0.000:1.300",False,False,Stopped,60.00,40.00,3.00,SensorDegradation
104.9937,9,9,1034,-22.0000,0.0500,-1.1412,0.0000,0.0000,0.0000,-22.0000,0.0000,0.0000,1.1423,7,"","","-8.400:0.000:-9.285|-4.200:0.000:9.626|-22.012:0.000:4.264|4.200:0.000:0.321|8.400:0.000:8.473","0.000:0.000:0.800|0.000:0.000:-0.800|0.001:0.000:-0.800|0.000:0.000:-0.800|0.000:0.000:0.800","0.000:0.000:10.559|20.000:0.000:2.823","0.000:0.000:-1.300|0.000:0.000:1.300",False,False,Stopped,60.00,40.00,3.00,SensorDegradation
105.0944,9,9,1035,-22.0000,0.0500,-1.1412,0.0000,0.0000,0.0000,-22.0000,0.0000,0.0000,1.1423,7,"","","-8.400:0.000:-9.204|-4.200:0.000:9.546|-22.012:0.000:4.184|4.200:0.000:0.240|8.400:0.000:8.554","0.000:0.000:0.800|0.000:0.000:-0.800|0.001:0.000:-0.800|0.000:0.000:-0.800|0.000:0.000:0.800","0.000:0.000:10.428|20.000:0.000:2.954","0.000:0.000:-1.300|0.000:0.000:1.300",False,False,Stopped,60.00,40.00,3.00,SensorDegradation
105.1956,9,9,1036,-22.0000,0.0500,-1.1412,0.0000,0.0000,0.0000,-22.0000,0.0000,0.0000,1.1423,7,"","","-8.400:0.000:-9.124|-4.200:0.000:9.465|-22.012:0.000:4.103|4.200:0.000:0.160|8.400:0.000:8.635","0.000:0.000:0.800|0.000:0.000:-0.800|0.001:0.000:-0.800|0.000:0.000:-0.800|0.000:0.000:0.800","0.000:0.000:10.297|20.000:0.000:3.085","0.000:0.000:-1.300|0.000:0.000:1.300",False,False,Stopped,60.00,40.00,3.00,SensorDegradation
105.2971,9,9,1037,-22.0000,0.0500,-1.1412,0.0000,0.0000,0.0000,-22.0000,0.0000,0.0000,1.1423,7,"","","-8.400:0.000:-9.042|-4.200:0.000:9.383|-22.012:0.000:4.022|4.200:0.000:0.078|8.400:0.000:8.716","0.000:0.000:0.800|0.000:0.000:-0.800|0.001:0.000:-0.800|0.000:0.000:-0.800|0.000:0.000:0.800","0.000:0.000:10.165|20.000:0.000:3.217","0.000:0.000:-1.300|0.000:0.000:1.300",False,False,Stopped,60.00,40.00,3.00,SensorDegradation
105.3988,9,9,1038,-22.0000,0.0500,-1.1412,0.0000,0.0000,0.0000,-22.0000,0.0000,0.0000,1.1423,7,"","","-8.400:0.000:-8.961|-4.200:0.000:9.302|-22.012:0.000:3.940|4.200:0.000:-0.003|8.400:0.000:8.797","0.000:0.000:0.800|0.000:0.000:-0.800|0.001:0.000:-0.800|0.000:0.000:-0.800|0.000:0.000:0.800","0.000:0.000:10.033|20.000:0.000:3.349","0.000:0.000:-1.300|0.000:0.000:1.300",False,False,Stopped,60.00,40.00,3.00,SensorDegradation
105.5017,9,9,1039,-22.0000,0.0500,-1.1412,0.0000,0.0000,0.0000,-22.0000,0.0000,0.0000,1.1423,7,"","","-8.400:0.000:-8.879|-4.200:0.000:9.220|-22.012:0.000:3.858|4.200:0.000:-0.085|8.400:0.000:8.880","0.000:0.000:0.800|0.000:0.000:-0.800|0.001:0.000:-0.800|0.000:0.000:-0.800|0.000:0.000:0.800","0.000:0.000:9.899|20.000:0.000:3.483","0.000:0.000:-1.300|0.000:0.000:1.300",False,False,Stopped,60.00,40.00,3.00,SensorDegradation
105.6044,9,9,1040,-22.0000,0.0500,-1.1412,0.0000,0.0000,0.0000,-22.0000,0.0000,0.0000,1.1423,7,"","","-8.400:0.000:-8.796|-4.200:0.000:9.138|-22.012:0.000:3.776|4.200:0.000:-0.168|8.400:0.000:8.962","0.000:0.000:0.800|0.000:0.000:-0.800|0.001:0.000:-0.800|0.000:0.000:-0.800|0.000:0.000:0.800","0.000:0.000:9.765|20.000:0.000:3.617","0.000:0.000:-1.300|0.000:0.000:1.300",False,False,Stopped,60.00,40.00,3.00,SensorDegradation
105.7072,9,9,1041,-22.0000,0.0500,-1.1412,0.0000,0.0000,0.0000,-22.0000,0.0000,0.0000,1.1423,7,"","","-8.400:0.000:-8.714|-4.200:0.000:9.055|-22.012:0.000:3.693|4.200:0.000:-0.250|8.400:0.000:9.044","0.000:0.000:0.800|0.000:0.000:-0.800|0.001:0.000:-0.800|0.000:0.000:-0.800|0.000:0.000:0.800","0.000:0.000:9.632|20.000:0.000:3.750","0.000:0.000:-1.300|0.000:0.000:1.300",False,False,Stopped,60.00,40.00,3.00,SensorDegradation
105.8075,9,9,1042,-22.0000,0.0500,-1.1412,0.0000,0.0000,0.0000,-22.0000,0.0000,0.0000,1.1423,7,"","","-8.400:0.000:-8.634|-4.200:0.000:8.975|-22.011:0.000:3.613|4.200:0.000:-0.330|8.400:0.000:9.124","0.000:0.000:0.800|0.000:0.000:-0.800|0.001:0.000:-0.800|0.000:0.000:-0.800|0.000:0.000:0.800","0.000:0.000:9.501|20.000:0.000:3.881","0.000:0.000:-1.300|0.000:0.000:1.300",False,False,Stopped,60.00,40.00,3.00,SensorDegradation
105.9090,9,9,1043,-22.0000,0.0500,-1.1412,0.0000,0.0000,0.0000,-22.0000,0.0000,0.0000,1.1423,7,"","","-8.400:0.000:-8.553|-4.200:0.000:8.894|-22.011:0.000:3.532|4.200:0.000:-0.411|8.400:0.000:9.206","0.000:0.000:0.800|0.000:0.000:-0.800|0.001:0.000:-0.800|0.000:0.000:-0.800|0.000:0.000:0.800","0.000:0.000:9.369|20.000:0.000:4.013","0.000:0.000:-1.300|0.000:0.000:1.300",False,False,Stopped,60.00,40.00,3.00,SensorDegradation
106.0110,9,9,1044,-22.0000,0.0500,-1.1412,0.0000,0.0000,0.0000,-22.0000,0.0000,0.0000,1.1423,7,"","","-8.400:0.000:-8.471|-4.200:0.000:8.812|-22.011:0.000:3.450|4.200:0.000:-0.493|8.400:0.000:9.287","0.000:0.000:0.800|0.000:0.000:-0.800|0.001:0.000:-0.800|0.000:0.000:-0.800|0.000:0.000:0.800","0.000:0.000:9.237|20.000:0.000:4.145","0.000:0.000:-1.300|0.000:0.000:1.300",False,False,Stopped,60.00,40.00,3.00,SensorDegradation
106.1120,9,9,1045,-22.0000,0.0500,-1.1412,0.0000,0.0000,0.0000,-22.0000,0.0000,0.0000,1.1423,7,"","","-8.400:0.000:-8.390|-4.200:0.000:8.731|-22.011:0.000:3.370|4.200:0.000:-0.574|8.400:0.000:9.368","0.000:0.000:0.800|0.000:0.000:-0.800|0.001:0.000:-0.800|0.000:0.000:-0.800|0.000:0.000:0.800","0.000:0.000:9.105|20.000:0.000:4.277","0.000:0.000:-1.300|0.000:0.000:1.300",False,False,Stopped,60.00,40.00,3.00,SensorDegradation
106.2125,9,9,1046,-22.0000,0.0500,-1.1412,0.0000,0.0000,0.0000,-22.0000,0.0000,0.0000,1.1423,7,"","","-8.400:0.000:-8.310|-4.200:0.000:8.651|-22.011:0.000:3.289|4.200:0.000:-0.654|8.400:0.000:9.448","0.000:0.000:0.800|0.000:0.000:-0.800|0.001:0.000:-0.800|0.000:0.000:-0.800|0.000:0.000:0.800","0.000:0.000:8.975|20.000:0.000:4.407","0.000:0.000:-1.300|0.000:0.000:1.300",False,False,Stopped,60.00,40.00,3.00,SensorDegradation
106.3149,9,9,1047,-22.0000,0.0500,-1.1412,0.0000,0.0000,0.0000,-22.0000,0.0000,0.0000,1.1423,7,"","","-8.400:0.000:-8.228|-4.200:0.000:8.569|-22.011:0.000:3.207|4.200:0.000:-0.736|8.400:0.000:9.530","0.000:0.000:0.800|0.000:0.000:-0.800|0.001:0.000:-0.800|0.000:0.000:-0.800|0.000:0.000:0.800","0.000:0.000:8.842|20.000:0.000:4.540","0.000:0.000:-1.300|0.000:0.000:1.300",False,False,Stopped,60.00,40.00,3.00,SensorDegradation
106.4177,9,9,1048,-22.0000,0.0500,-1.1412,0.0000,0.0000,0.0000,-22.0000,0.0000,0.0000,1.1423,7,"","","-8.400:0.000:-8.146|-4.200:0.000:8.487|-22.011:0.000:3.125|4.200:0.000:-0.818|8.400:0.000:9.613","0.000:0.000:0.800|0.000:0.000:-0.800|0.001:0.000:-0.800|0.000:0.000:-0.800|0.000:0.000:0.800","0.000:0.000:8.708|20.000:0.000:4.674","0.000:0.000:-1.300|0.000:0.000:1.300",False,False,Stopped,60.00,40.00,3.00,SensorDegradation
106.5181,9,9,1049,-22.0000,0.0500,-1.1412,0.0000,0.0000,0.0000,-22.0000,0.0000,0.0000,1.1423,7,"","","-8.400:0.000:-8.065|-4.200:0.000:8.407|-22.011:0.000:3.045|4.200:0.000:-0.899|8.400:0.000:9.693","0.000:0.000:0.800|0.000:0.000:-0.800|0.001:0.000:-0.800|0.000:0.000:-0.800|0.000:0.000:0.800","0.000:0.000:8.577|20.000:0.000:4.805","0.000:0.000:-1.300|0.000:0.000:1.300",False,False,Stopped,60.00,40.00,3.00,SensorDegradation
106.6198,9,9,1050,-22.0000,0.0500,-1.1412,0.0000,0.0000,0.0000,-22.0000,0.0000,0.0000,1.1423,7,"","","-8.400:0.000:-7.984|-4.200:0.000:8.325|-22.011:0.000:2.963|4.200:0.000:-0.980|8.400:0.000:9.774","0.000:0.000:0.800|0.000:0.000:-0.800|0.001:0.000:-0.800|0.000:0.000:-0.800|0.000:0.000:0.800","0.000:0.000:8.445|20.000:0.000:4.937","0.000:0.000:-1.300|0.000:0.000:1.300",False,False,Stopped,60.00,40.00,3.00,SensorDegradation
106.7219,9,9,1051,-22.0000,0.0500,-1.1412,0.0000,0.0000,0.0000,-22.0000,0.0000,0.0000,1.1423,7,"","","-8.400:0.000:-7.902|-4.200:0.000:8.243|-22.011:0.000:2.882|4.200:0.000:-1.062|8.400:0.000:9.850","0.000:0.000:0.800|0.000:0.000:-0.800|0.001:0.000:-0.800|0.000:0.000:-0.800|0.000:0.000:-0.800","0.000:0.000:8.312|20.000:0.000:5.069","0.000:0.000:-1.300|0.000:0.000:1.300",False,False,Stopped,60.00,40.00,3.00,SensorDegradation
106.8223,9,9,1052,-22.0000,0.0500,-1.1412,0.0000,0.0000,0.0000,-22.0000,0.0000,0.0000,1.1423,7,"","","-8.400:0.000:-7.822|-4.200:0.000:8.163|-22.011:0.000:2.801|4.200:0.000:-1.142|8.400:0.000:9.769","0.000:0.000:0.800|0.000:0.000:-0.800|0.001:0.000:-0.800|0.000:0.000:-0.800|0.000:0.000:-0.800","0.000:0.000:8.182|20.000:0.000:5.200","0.000:0.000:-1.300|0.000:0.000:1.300",False,False,Stopped,60.00,40.00,3.00,SensorDegradation
106.9250,9,9,1053,-22.0000,0.0500,-1.1412,0.0000,0.0000,0.0000,-22.0000,0.0000,0.0000,1.1423,7,"","","-8.400:0.000:-7.740|-4.200:0.000:8.081|-22.011:0.000:2.719|4.200:0.000:-1.224|8.400:0.000:9.687","0.000:0.000:0.800|0.000:0.000:-0.800|0.001:0.000:-0.800|0.000:0.000:-0.800|0.000:0.000:-0.800","0.000:0.000:8.048|20.000:0.000:5.333","0.000:0.000:-1.300|0.000:0.000:1.300",False,False,Stopped,60.00,40.00,3.00,SensorDegradation
107.0264,9,9,1054,-22.0000,0.0500,-1.1412,0.0000,0.0000,0.0000,-22.0000,0.0000,0.0000,1.1423,7,"","","-8.400:0.000:-7.659|-4.200:0.000:8.000|-22.010:0.000:2.638|4.200:0.000:-1.305|8.400:0.000:9.606","0.000:0.000:0.800|0.000:0.000:-0.800|0.001:0.000:-0.800|0.000:0.000:-0.800|0.000:0.000:-0.800","0.000:0.000:7.917|20.000:0.000:5.465","0.000:0.000:-1.300|0.000:0.000:1.300",False,False,Stopped,60.00,40.00,3.00,SensorDegradation
107.1277,9,9,1055,-22.0000,0.0500,-1.1412,0.0000,0.0000,0.0000,-22.0000,0.0000,0.0000,1.1423,7,"","","-8.400:0.000:-7.578|-4.200:0.000:7.919|-22.010:0.000:2.557|4.200:0.000:-1.386|8.400:0.000:9.525","0.000:0.000:0.800|0.000:0.000:-0.800|0.001:0.000:-0.800|0.000:0.000:-0.800|0.000:0.000:-0.800","0.000:0.000:7.785|20.000:0.000:5.597","0.000:0.000:-1.300|0.000:0.000:1.300",False,False,Stopped,60.00,40.00,3.00,SensorDegradation
107.2279,9,9,1056,-22.0000,0.0500,-1.1412,0.0000,0.0000,0.0000,-22.0000,0.0000,0.0000,1.1423,7,"","","-8.400:0.000:-7.498|-4.200:0.000:7.839|-22.010:0.000:2.477|4.200:0.000:-1.466|8.400:0.000:9.445","0.000:0.000:0.800|0.000:0.000:-0.800|0.001:0.000:-0.800|0.000:0.000:-0.800|0.000:0.000:-0.800","0.000:0.000:7.655|20.000:0.000:5.727","0.000:0.000:-1.300|0.000:0.000:1.300",False,False,Stopped,60.00,40.00,3.00,SensorDegradation
107.3291,9,9,1057,-22.0000,0.0500,-1.1412,0.0000,0.0000,0.0000,-22.0000,0.0000,0.0000,1.1423,7,"","","-8.400:0.000:-7.417|-4.200:0.000:7.758|-22.010:0.000:2.396|4.200:0.000:-1.547|8.400:0.000:9.364","0.000:0.000:0.800|0.000:0.000:-0.800|0.001:0.000:-0.800|0.000:0.000:-0.800|0.000:0.000:-0.800","0.000:0.000:7.523|20.000:0.000:5.859","0.000:0.000:-1.300|0.000:0.000:1.300",False,False,Stopped,60.00,40.00,3.00,SensorDegradation
107.4297,9,9,1058,-22.0000,0.0500,-1.1412,0.0000,0.0000,0.0000,-22.0000,0.0000,0.0000,1.1423,7,"","","-8.400:0.000:-7.336|-4.200:0.000:7.677|-22.010:0.000:2.315|4.200:0.000:-1.628|8.400:0.000:9.284","0.000:0.000:0.800|0.000:0.000:-0.800|0.001:0.000:-0.800|0.000:0.000:-0.800|0.000:0.000:-0.800","0.000:0.000:7.392|20.000:0.000:5.990","0.000:0.000:-1.300|0.000:0.000:1.300",False,False,Stopped,60.00,40.00,3.00,SensorDegradation
107.5304,9,9,1059,-22.0000,0.0500,-1.1412,0.0000,0.0000,0.0000,-22.0000,0.0000,0.0000,1.1423,7,"","","-8.400:0.000:-7.256|-4.200:0.000:7.597|-22.010:0.000:2.235|4.200:0.000:-1.708|8.400:0.000:9.203","0.000:0.000:0.800|0.000:0.000:-0.800|0.001:0.000:-0.800|0.000:0.000:-0.800|0.000:0.000:-0.800","0.000:0.000:7.261|20.000:0.000:6.120","0.000:0.000:-1.300|0.000:0.000:1.300",False,False,Stopped,60.00,40.00,3.00,SensorDegradation
107.6312,9,9,1060,-22.0000,0.0500,-1.1412,0.0000,0.0000,0.0000,-22.0000,0.0000,0.0000,1.1423,7,"","","-8.400:0.000:-7.175|-4.200:0.000:7.516|-22.010:0.000:2.154|4.200:0.000:-1.789|8.400:0.000:9.122","0.000:0.000:0.800|0.000:0.000:-0.800|0.001:0.000:-0.800|0.000:0.000:-0.800|0.000:0.000:-0.800","0.000:0.000:7.130|20.000:0.000:6.251","0.000:0.000:-1.300|0.000:0.000:1.300",False,False,Stopped,60.00,40.00,3.00,SensorDegradation
107.7332,9,9,1061,-22.0000,0.0500,-1.1412,0.0000,0.0000,0.0000,-22.0000,0.0000,0.0000,1.1423,7,"","","-8.400:0.000:-7.093|-4.200:0.000:7.434|-22.010:0.000:2.073|4.200:0.000:-1.871|8.400:0.000:9.041","0.000:0.000:0.800|0.000:0.000:-0.800|0.001:0.000:-0.800|0.000:0.000:-0.800|0.000:0.000:-0.800","0.000:0.000:6.998|20.000:0.000:6.384","0.000:0.000:-1.300|0.000:0.000:1.300",False,False,Stopped,60.00,40.00,3.00,SensorDegradation
107.8347,9,9,1062,-22.0000,0.0500,-1.1412,0.0000,0.0000,0.0000,-22.0000,0.0000,0.0000,1.1423,7,"","","-8.400:0.000:-7.012|-4.200:0.000:7.353|-22.010:0.000:1.991|4.200:0.000:-1.952|8.400:0.000:8.960","0.000:0.000:0.800|0.000:0.000:-0.800|0.001:0.000:-0.800|0.000:0.000:-0.800|0.000:0.000:-0.800","0.000:0.000:6.866|20.000:0.000:6.516","0.000:0.000:-1.300|0.000:0.000:1.300",False,False,Stopped,60.00,40.00,3.00,SensorDegradation
107.9363,9,9,1063,-22.0000,0.0500,-1.1412,0.0000,0.0000,0.0000,-22.0000,0.0000,0.0000,1.1423,7,"","","-8.400:0.000:-6.931|-4.200:0.000:7.272|-22.010:0.000:1.910|4.200:0.000:-2.033|8.400:0.000:8.878","0.000:0.000:0.800|0.000:0.000:-0.800|0.001:0.000:-0.800|0.000:0.000:-0.800|0.000:0.000:-0.800","0.000:0.000:6.734|20.000:0.000:6.648","0.000:0.000:-1.300|0.000:0.000:1.300",False,False,Stopped,60.00,40.00,3.00,SensorDegradation
108.0387,9,9,1064,-22.0000,0.0500,-1.1412,0.0000,0.0000,0.0000,-22.0000,0.0000,0.0000,1.1423,7,"","","-8.400:0.000:-6.849|-4.200:0.000:7.190|-22.010:0.000:1.828|4.200:0.000:-2.115|8.400:0.000:8.796","0.000:0.000:0.800|0.000:0.000:-0.800|0.001:0.000:-0.800|0.000:0.000:-0.800|0.000:0.000:-0.800","0.000:0.000:6.601|20.000:0.000:6.781","0.000:0.000:-1.300|0.000:0.000:1.300",False,False,Stopped,60.00,40.00,3.00,SensorDegradation
108.1399,9,9,1065,-22.0000,0.0500,-1.1412,0.0000,0.0000,0.0000,-22.0000,0.0000,0.0000,1.1423,7,"","","-8.400:0.000:-6.768|-4.200:0.000:7.109|-22.009:0.000:1.747|4.200:0.000:-2.196|8.400:0.000:8.715","0.000:0.000:0.800|0.000:0.000:-0.800|0.001:0.000:-0.800|0.000:0.000:-0.800|0.000:0.000:-0.800","0.000:0.000:6.469|20.000:0.000:6.913","0.000:0.000:-1.300|0.000:0.000:1.300",False,False,Stopped,60.00,40.00,3.00,SensorDegradation
108.2404,9,9,1066,-22.0000,0.0500,-1.1412,0.0000,0.0000,0.0000,-22.0000,0.0000,0.0000,1.1423,7,"","","-8.400:0.000:-6.688|-4.200:0.000:7.029|-22.009:0.000:1.667|4.200:0.000:-2.276|8.400:0.000:8.635","0.000:0.000:0.800|0.000:0.000:-0.800|0.001:0.000:-0.800|0.000:0.000:-0.800|0.000:0.000:-0.800","0.000:0.000:6.338|20.000:0.000:7.043","0.000:0.000:-1.300|0.000:0.000:1.300",False,False,Stopped,60.00,40.00,3.00,SensorDegradation
108.3423,9,9,1067,-22.0000,0.0500,-1.1412,0.0000,0.0000,0.0000,-22.0000,0.0000,0.0000,1.1423,7,"","","-8.400:0.000:-6.606|-4.200:0.000:6.947|-22.009:0.000:1.585|4.200:0.000:-2.358|8.400:0.000:8.553","0.000:0.000:0.800|0.000:0.000:-0.800|0.001:0.000:-0.800|0.000:0.000:-0.800|0.000:0.000:-0.800","0.000:0.000:6.206|20.000:0.000:7.176","0.000:0.000:-1.300|0.000:0.000:1.300",False,False,Stopped,60.00,40.00,3.00,SensorDegradation
108.4429,9,9,1068,-22.0000,0.0500,-1.1412,0.0000,0.0000,0.0000,-22.0000,0.0000,0.0000,1.1423,7,"","","-8.400:0.000:-6.526|-4.200:0.000:6.867|-22.009:0.000:1.505|4.200:0.000:-2.438|8.400:0.000:8.473","0.000:0.000:0.800|0.000:0.000:-0.800|0.001:0.000:-0.800|0.000:0.000:-0.800|0.000:0.000:-0.800","0.000:0.000:6.075|20.000:0.000:7.307","0.000:0.000:-1.300|0.000:0.000:1.300",False,False,Stopped,60.00,40.00,3.00,SensorDegradation
108.5431,9,9,1069,-22.0000,0.0500,-1.1412,0.0000,0.0000,0.0000,-22.0000,0.0000,0.0000,1.1423,7,"","","-8.400:0.000:-6.445|-4.200:0.000:6.787|-22.009:0.000:1.425|4.200:0.000:-2.519|8.400:0.000:8.393","0.000:0.000:0.800|0.000:0.000:-0.800|0.001:0.000:-0.800|0.000:0.000:-0.800|0.000:0.000:-0.800","0.000:0.000:5.945|20.000:0.000:7.437","0.000:0.000:-1.300|0.000:0.000:1.300",False,False,Stopped,60.00,40.00,3.00,SensorDegradation
108.6441,9,9,1070,-22.0000,0.0500,-1.1412,0.0000,0.0000,0.0000,-22.0000,0.0000,0.0000,1.1423,7,"","","-8.400:0.000:-6.365|-4.200:0.000:6.706|-22.009:0.000:1.344|4.200:0.000:-2.599|8.400:0.000:8.312","0.000:0.000:0.800|0.000:0.000:-0.800|0.001:0.000:-0.800|0.000:0.000:-0.800|0.000:0.000:-0.800","0.000:0.000:5.814|20.000:0.000:7.568","0.000:0.000:-1.300|0.000:0.000:1.300",False,False,Stopped,60.00,40.00,3.00,SensorDegradation
108.7450,9,9,1071,-22.0000,0.0500,-1.1412,0.0000,0.0000,0.0000,-22.0000,0.0000,0.0000,1.1423,7,"","","-8.400:0.000:-6.284|-4.200:0.000:6.625|-22.009:0.000:1.263|4.200:0.000:-2.680|8.400:0.000:8.231","0.000:0.000:0.800|0.000:0.000:-0.800|0.001:0.000:-0.800|0.000:0.000:-0.800|0.000:0.000:-0.800","0.000:0.000:5.682|20.000:0.000:7.699","0.000:0.000:-1.300|0.000:0.000:1.300",False,False,Stopped,60.00,40.00,3.00,SensorDegradation
108.8453,9,9,1072,-22.0000,0.0500,-1.1412,0.0000,0.0000,0.0000,-22.0000,0.0000,0.0000,1.1423,7,"","","-8.400:0.000:-6.204|-4.200:0.000:6.545|-22.009:0.000:1.183|4.200:0.000:-2.760|8.400:0.000:8.151","0.000:0.000:0.800|0.000:0.000:-0.800|0.001:0.000:-0.800|0.000:0.000:-0.800|0.000:0.000:-0.800","0.000:0.000:5.552|20.000:0.000:7.830","0.000:0.000:-1.300|0.000:0.000:1.300",False,False,Stopped,60.00,40.00,3.00,SensorDegradation
108.9478,9,9,1073,-22.0000,0.0500,-1.1412,0.0000,0.0000,0.0000,-22.0000,0.0000,0.0000,1.1423,7,"","","-8.400:0.000:-6.122|-4.200:0.000:6.463|-22.009:0.000:1.101|4.200:0.000:-2.842|8.400:0.000:8.069","0.000:0.000:0.800|0.000:0.000:-0.800|0.001:0.000:-0.800|0.000:0.000:-0.800|0.000:0.000:-0.800","0.000:0.000:5.419|20.000:0.000:7.745","0.000:0.000:-1.300|0.000:0.000:-1.300",False,False,Stopped,60.00,40.00,3.00,SensorDegradation
109.0493,9,9,1074,-22.0000,0.0500,-1.1412,0.0000,0.0000,0.0000,-22.0000,0.0000,0.0000,1.1423,7,"","","-8.400:0.000:-6.040|-4.200:0.000:6.382|-22.009:0.000:1.020|4.200:0.000:-2.924|8.400:0.000:7.988","0.000:0.000:0.800|0.000:0.000:-0.800|0.001:0.000:-0.800|0.000:0.000:-0.800|0.000:0.000:-0.800","0.000:0.000:5.287|20.000:0.000:7.613","0.000:0.000:-1.300|0.000:0.000:-1.300",False,False,Stopped,60.00,40.00,3.00,SensorDegradation
109.1500,9,9,1075,-22.0000,0.0500,-1.1412,0.0000,0.0000,0.0000,-22.0000,0.0000,0.0000,1.1423,7,"","","-8.400:0.000:-5.960|-4.200:0.000:6.301|-22.009:0.000:0.939|4.200:0.000:-3.004|8.400:0.000:7.907","0.000:0.000:0.800|0.000:0.000:-0.800|0.001:0.000:-0.800|0.000:0.000:-0.800|0.000:0.000:-0.800","0.000:0.000:5.156|20.000:0.000:7.482","0.000:0.000:-1.300|0.000:0.000:-1.300",False,False,Stopped,60.00,40.00,3.00,SensorDegradation
109.2525,9,9,1076,-22.0000,0.0500,-1.1412,0.0000,0.0000,0.0000,-22.0000,0.0000,0.0000,1.1423,7,"","","-8.400:0.000:-5.878|-4.200:0.000:6.219|-22.008:0.000:0.857|4.200:0.000:-3.086|8.400:0.000:7.825","0.000:0.000:0.800|0.000:0.000:-0.800|0.001:0.000:-0.800|0.000:0.000:-0.800|0.000:0.000:-0.800","0.000:0.000:5.023|20.000:0.000:7.349","0.000:0.000:-1.300|0.000:0.000:-1.300",False,False,Stopped,60.00,40.00,3.00,SensorDegradation
109.3540,9,9,1077,-22.0000,0.0500,-1.1412,0.0000,0.0000,0.0000,-22.0000,0.0000,0.0000,1.1423,7,"","","-8.400:0.000:-5.797|-4.200:0.000:6.138|-22.008:0.000:0.776|4.200:0.000:-3.167|8.400:0.000:7.744","0.000:0.000:0.800|0.000:0.000:-0.800|0.001:0.000:-0.800|0.000:0.000:-0.800|0.000:0.000:-0.800","0.000:0.000:4.891|20.000:0.000:7.217","0.000:0.000:-1.300|0.000:0.000:-1.300",False,False,Stopped,60.00,40.00,3.00,SensorDegradation
109.4546,9,9,1078,-22.0000,0.0500,-1.1412,0.0000,0.0000,0.0000,-22.0000,0.0000,0.0000,1.1423,7,"","","-8.400:0.000:-5.716|-4.200:0.000:6.057|-21.955:0.000:0.723|4.200:0.000:-3.248|8.400:0.000:7.664","0.000:0.000:0.800|0.000:0.000:-0.800|0.652:0.000:-0.463|0.000:0.000:-0.800|0.000:0.000:-0.800","0.000:0.000:4.760|20.000:0.000:7.086","0.000:0.000:-1.300|0.000:0.000:-1.300",False,False,Stopped,60.00,40.00,3.00,SensorDegradation
109.5572,9,9,1079,-22.0000,0.0500,-1.1412,0.0000,0.0000,0.0000,-22.0000,0.0000,0.0000,1.1423,7,"","","-8.400:0.000:-5.634|-4.200:0.000:5.975|-21.889:0.000:0.675|4.200:0.000:-3.330|8.400:0.000:7.582","0.000:0.000:0.800|0.000:0.000:-0.800|0.648:0.000:-0.469|0.000:0.000:-0.800|0.000:0.000:-0.800","0.000:0.000:4.627|20.000:0.000:6.953","0.000:0.000:-1.300|0.000:0.000:-1.300",False,False,Stopped,60.00,40.00,3.00,SensorDegradation
109.6589,9,9,1080,-22.0000,0.0500,-1.1412,0.0000,0.0000,0.0000,-22.0000,0.0000,0.0000,1.1423,7,"","","-8.400:0.000:-5.553|-4.200:0.000:5.894|-21.823:0.000:0.627|4.200:0.000:-3.411|8.400:0.000:7.500","0.000:0.000:0.800|0.000:0.000:-0.800|0.643:0.000:-0.476|0.000:0.000:-0.800|0.000:0.000:-0.800","0.000:0.000:4.494|20.000:0.000:6.821","0.000:0.000:-1.300|0.000:0.000:-1.300",False,False,Stopped,60.00,40.00,3.00,SensorDegradation
109.7590,9,9,1081,-22.0000,0.0500,-1.1412,0.0000,0.0000,0.0000,-22.0000,0.0000,0.0000,1.1423,7,"","","-8.400:0.000:-5.473|-4.200:0.000:5.814|-21.759:0.000:0.579|4.200:0.000:-3.491|8.400:0.000:7.420","0.000:0.000:0.800|0.000:0.000:-0.800|0.638:0.000:-0.482|0.000:0.000:-0.800|0.000:0.000:-0.800","0.000:0.000:4.364|20.000:0.000:6.690","0.000:0.000:-1.300|0.000:0.000:-1.300",False,False,Stopped,60.00,40.00,3.00,SensorDegradation
109.8591,9,9,1082,-22.0000,0.0500,-1.1412,0.0000,0.0000,0.0000,-22.0000,0.0000,0.0000,1.1423,7,"","","-8.400:0.000:-5.393|-4.200:0.000:5.734|-21.706:0.000:0.539|4.200:0.000:-3.571|8.400:0.000:7.340","0.000:0.000:0.800|0.000:0.000:-0.800|0.000:0.000:0.000|0.000:0.000:-0.800|0.000:0.000:-0.800","0.000:0.000:4.234|20.000:0.000:6.560","0.000:0.000:-1.300|0.000:0.000:-1.300",False,False,Stopped,60.00,40.00,3.00,SensorDegradation
109.9615,9,9,1083,-22.0000,0.0500,-1.1412,0.0000,0.0000,0.0000,-22.0000,0.0000,0.0000,1.1423,7,"","","-8.400:0.000:-5.311|-4.200:0.000:5.652|-21.706:0.000:0.539|4.200:0.000:-3.653|8.400:0.000:7.258","0.000:0.000:0.800|0.000:0.000:-0.800|0.000:0.000:0.000|0.000:0.000:-0.800|0.000:0.000:-0.800","0.000:0.000:4.101|20.000:0.000:6.427","0.000:0.000:-1.300|0.000:0.000:-1.300",False,False,Stopped,60.00,40.00,3.00,SensorDegradation
110.0620,9,9,1084,-22.0000,0.0500,-1.1412,0.0000,0.0000,0.0000,-22.0000,0.0000,0.0000,1.1423,7,"","","-8.400:0.000:-5.230|-4.200:0.000:5.571|-21.706:0.000:0.539|4.200:0.000:-3.734|8.400:0.000:7.178","0.000:0.000:0.800|0.000:0.000:-0.800|0.000:0.000:0.000|0.000:0.000:-0.800|0.000:0.000:-0.800","0.000:0.000:3.970|20.000:0.000:6.297","0.000:0.000:-1.300|0.000:0.000:-1.300",False,False,Stopped,60.00,40.00,3.00,SensorDegradation
110.1625,9,9,1085,-22.0000,0.0500,-1.1412,0.0000,0.0000,0.0000,-22.0000,0.0000,0.0000,1.1423,7,"","","-8.400:0.000:-5.150|-4.200:0.000:5.491|-21.706:0.000:0.539|4.200:0.000:-3.814|8.400:0.000:7.097","0.000:0.000:0.800|0.000:0.000:-0.800|0.000:0.000:0.000|0.000:0.000:-0.800|0.000:0.000:-0.800","0.000:0.000:3.840|20.000:0.000:6.166","0.000:0.000:-1.300|0.000:0.000:-1.300",False,False,Stopped,60.00,40.00,3.00,SensorDegradation
110.2641,9,9,1086,-22.0000,0.0500,-1.1412,0.0000,0.0000,0.0000,-22.0000,0.0000,0.0000,1.1423,7,"","","-8.400:0.000:-5.069|-4.200:0.000:5.410|-21.706:0.000:0.539|4.200:0.000:-3.895|8.400:0.000:7.016","0.000:0.000:0.800|0.000:0.000:-0.800|0.000:0.000:0.000|0.000:0.000:-0.800|0.000:0.000:-0.800","0.000:0.000:3.708|20.000:0.000:6.034","0.000:0.000:-1.300|0.000:0.000:-1.300",False,False,Stopped,60.00,40.00,3.00,SensorDegradation
110.3660,9,9,1087,-22.0000,0.0500,-1.1412,0.0000,0.0000,0.0000,-22.0000,0.0000,0.0000,1.1423,7,"","","-8.400:0.000:-4.987|-4.200:0.000:5.328|-21.706:0.000:0.539|4.200:0.000:-3.977|8.400:0.000:6.934","0.000:0.000:0.800|0.000:0.000:-0.800|0.000:0.000:0.000|0.000:0.000:-0.800|0.000:0.000:-0.800","0.000:0.000:3.575|20.000:0.000:5.901","0.000:0.000:-1.300|0.000:0.000:-1.300",False,False,Stopped,60.00,40.00,3.00,SensorDegradation
110.4684,9,9,1088,-22.0000,0.0500,-1.1412,0.0000,0.0000,0.0000,-22.0000,0.0000,0.0000,1.1423,7,"","","-8.400:0.000:-4.905|-4.200:0.000:5.246|-21.706:0.000:0.539|4.200:0.000:-4.059|8.400:0.000:6.852","0.000:0.000:0.800|0.000:0.000:-0.800|0.000:0.000:0.000|0.000:0.000:-0.800|0.000:0.000:-0.800","0.000:0.000:3.442|20.000:0.000:5.768","0.000:0.000:-1.300|0.000:0.000:-1.300",False,False,Stopped,60.00,40.00,3.00,SensorDegradation
110.5696,9,9,1089,-22.0000,0.0500,-1.1412,0.0000,0.0000,0.0000,-22.0000,0.0000,0.0000,1.1423,7,"","","-8.400:0.000:-4.824|-4.200:0.000:5.165|-21.706:0.000:0.539|4.200:0.000:-4.140|8.400:0.000:6.771","0.000:0.000:0.800|0.000:0.000:-0.800|0.000:0.000:0.000|0.000:0.000:-0.800|0.000:0.000:-0.800","0.000:0.000:3.310|20.000:0.000:5.637","0.000:0.000:-1.300|0.000:0.000:-1.300",False,False,Stopped,60.00,40.00,3.00,SensorDegradation
110.6714,9,9,1090,-22.0000,0.0500,-1.1412,0.0000,0.0000,0.0000,-22.0000,0.0000,0.0000,1.1423,7,"","","-8.400:0.000:-4.743|-4.200:0.000:5.084|-21.706:0.000:0.539|4.200:0.000:-4.221|8.400:0.000:6.690","0.000:0.000:0.800|0.000:0.000:-0.800|0.000:0.000:0.000|0.000:0.000:-0.800|0.000:0.000:-0.800","0.000:0.000:3.178|20.000:0.000:5.504","0.000:0.000:-1.300|0.000:0.000:-1.300",False,False,Stopped,60.00,40.00,3.00,SensorDegradation
110.7716,9,9,1091,-22.0000,0.0500,-1.1412,0.0000,0.0000,0.0000,-22.0000,0.0000,0.0000,1.1423,7,"","","-8.400:0.000:-4.662|-4.200:0.000:5.004|-21.706:0.000:0.539|4.200:0.000:-4.302|8.400:0.000:6.610","0.000:0.000:0.800|0.000:0.000:-0.800|0.000:0.000:0.000|0.000:0.000:-0.800|0.000:0.000:-0.800","0.000:0.000:3.048|20.000:0.000:5.374","0.000:0.000:-1.300|0.000:0.000:-1.300",False,False,Stopped,60.00,40.00,3.00,SensorDegradation
110.8725,9,9,1092,-22.0000,0.0500,-1.1412,0.0000,0.0000,0.0000,-22.0000,0.0000,0.0000,1.1423,7,"","","-8.400:0.000:-4.712|-4.200:0.000:4.923|-21.706:0.000:0.539|4.200:0.000:-4.323|8.400:0.000:6.529","0.000:0.000:-0.800|0.000:0.000:-0.800|0.000:0.000:0.000|0.000:0.000:0.800|0.000:0.000:-0.800","0.000:0.000:2.917|20.000:0.000:5.243","0.000:0.000:-1.300|0.000:0.000:-1.300",False,False,Stopped,60.00,40.00,3.00,SensorDegradation
110.9735,9,9,1093,-22.0000,0.0500,-1.1412,0.0000,0.0000,0.0000,-22.0000,0.0000,0.0000,1.1423,7,"","","-8.400:0.000:-4.793|-4.200:0.000:4.842|-21.706:0.000:0.539|4.200:0.000:-4.242|8.400:0.000:6.448","0.000:0.000:-0.800|0.000:0.000:-0.800|0.000:0.000:0.000|0.000:0.000:0.800|0.000:0.000:-0.800","0.000:0.000:2.785|20.000:0.000:5.112","0.000:0.000:-1.300|0.000:0.000:-1.300",False,False,Stopped,60.00,40.00,3.00,SensorDegradation
111.0760,9,9,1094,-22.0000,0.0500,-1.1412,0.0000,0.0000,0.0000,-22.0000,0.0000,0.0000,1.1423,7,"","","-8.400:0.000:-4.875|-4.200:0.000:4.760|-21.706:0.000:0.539|4.200:0.000:-4.160|8.400:0.000:6.366","0.000:0.000:-0.800|0.000:0.000:-0.800|0.000:0.000:0.000|0.000:0.000:0.800|0.000:0.000:-0.800","0.000:0.000:2.652|20.000:0.000:4.978","0.000:0.000:-1.300|0.000:0.000:-1.300",False,False,Stopped,60.00,40.00,3.00,SensorDegradation
111.1769,9,9,1095,-22.0000,0.0500,-1.1412,0.0000,0.0000,0.0000,-22.0000,0.0000,0.0000,1.1423,7,"","","-8.400:0.000:-4.956|-4.200:0.000:4.679|-21.706:0.000:0.539|4.200:0.000:-4.079|8.400:0.000:6.286","0.000:0.000:-0.800|0.000:0.000:-0.800|0.000:0.000:0.000|0.000:0.000:0.800|0.000:0.000:-0.800","0.000:0.000:2.521|20.000:0.000:4.847","0.000:0.000:-1.300|0.000:0.000:-1.300",False,False,Stopped,60.00,40.00,3.00,SensorDegradation
111.2778,9,9,1096,-22.0000,0.0500,-1.1412,0.0000,0.0000,0.0000,-22.0000,0.0000,0.0000,1.1423,7,"","","-8.400:0.000:-5.037|-4.200:0.000:4.599|-21.706:0.000:0.539|4.200:0.000:-3.999|8.400:0.000:6.205","0.000:0.000:-0.800|0.000:0.000:-0.800|0.000:0.000:0.000|0.000:0.000:0.800|0.000:0.000:-0.800","0.000:0.000:2.390|20.000:0.000:4.716","0.000:0.000:-1.300|0.000:0.000:-1.300",False,False,Stopped,60.00,40.00,3.00,SensorDegradation
111.3799,9,9,1097,-22.0000,0.0500,-1.1412,0.0000,0.0000,0.0000,-22.0000,0.0000,0.0000,1.1423,7,"","","-8.400:0.000:-5.118|-4.200:0.000:4.517|-21.706:0.000:0.539|4.200:0.000:-3.917|8.400:0.000:6.123","0.000:0.000:-0.800|0.000:0.000:-0.800|0.000:0.000:0.000|0.000:0.000:0.800|0.000:0.000:-0.800","0.000:0.000:2.257|20.000:0.000:4.583","0.000:0.000:-1.300|0.000:0.000:-1.300",False,False,Stopped,60.00,40.00,3.00,SensorDegradation
111.4825,9,9,1098,-22.0000,0.0500,-1.1412,0.0000,0.0000,0.0000,-22.0000,0.0000,0.0000,1.1423,7,"","","-8.400:0.000:-5.200|-4.200:0.000:4.435|-21.706:0.000:0.539|4.200:0.000:-3.835|8.400:0.000:6.041","0.000:0.000:-0.800|0.000:0.000:-0.800|0.000:0.000:0.000|0.000:0.000:0.800|0.000:0.000:-0.800","0.000:0.000:2.123|20.000:0.000:4.450","0.000:0.000:-1.300|0.000:0.000:-1.300",False,False,Stopped,60.00,40.00,3.00,SensorDegradation
111.5835,9,9,1099,-22.0000,0.0500,-1.1412,0.0000,0.0000,0.0000,-22.0000,0.0000,0.0000,1.1423,7,"","","-8.400:0.000:-5.281|-4.200:0.000:4.354|-21.706:0.000:0.539|4.200:0.000:-3.754|8.400:0.000:5.960","0.000:0.000:-0.800|0.000:0.000:-0.800|0.000:0.000:0.000|0.000:0.000:0.800|0.000:0.000:-0.800","0.000:0.000:1.992|20.000:0.000:4.318","0.000:0.000:-1.300|0.000:0.000:-1.300",False,False,Stopped,60.00,40.00,3.00,SensorDegradation
111.6836,9,9,1100,-22.0000,0.0500,-1.1412,0.0000,0.0000,0.0000,-22.0000,0.0000,0.0000,1.1423,7,"","","-8.400:0.000:-5.361|-4.200:0.000:4.274|-21.706:0.000:0.539|4.200:0.000:-3.674|8.400:0.000:5.880","0.000:0.000:-0.800|0.000:0.000:-0.800|0.000:0.000:0.000|0.000:0.000:0.800|0.000:0.000:-0.800","0.000:0.000:1.862|20.000:0.000:4.188","0.000:0.000:-1.300|0.000:0.000:-1.300",False,False,Stopped,60.00,40.00,3.00,SensorDegradation
111.7868,9,9,1101,-22.0000,0.0500,-1.1412,0.0000,0.0000,0.0000,-22.0000,0.0000,0.0000,1.1423,7,"","","-8.400:0.000:-5.444|-4.200:0.000:4.191|-21.706:0.000:0.539|4.200:0.000:-3.591|8.400:0.000:5.798","0.000:0.000:-0.800|0.000:0.000:-0.800|0.000:0.000:0.000|0.000:0.000:0.800|0.000:0.000:-0.800","0.000:0.000:1.728|20.000:0.000:4.054","0.000:0.000:-1.300|0.000:0.000:-1.300",False,False,Stopped,60.00,40.00,3.00,SensorDegradation
111.8871,9,9,1102,-22.0000,0.0500,-1.1412,0.0000,0.0000,0.0000,-22.0000,0.0000,0.0000,1.1423,7,"","","-8.400:0.000:-5.524|-4.200:0.000:4.111|-21.706:0.000:0.539|4.200:0.000:-3.511|8.400:0.000:5.717","0.000:0.000:-0.800|0.000:0.000:-0.800|0.000:0.000:0.000|0.000:0.000:0.800|0.000:0.000:-0.800","0.000:0.000:1.598|20.000:0.000:3.924","0.000:0.000:-1.300|0.000:0.000:-1.300",False,False,Stopped,60.00,40.00,3.00,SensorDegradation
111.9875,9,9,1103,-22.0000,0.0500,-1.1412,0.0000,0.0000,0.0000,-22.0000,0.0000,0.0000,1.1423,7,"","","-8.400:0.000:-5.604|-4.200:0.000:4.031|-21.706:0.000:0.539|4.200:0.000:-3.431|8.400:0.000:5.637","0.000:0.000:-0.800|0.000:0.000:-0.800|0.000:0.000:0.000|0.000:0.000:0.800|0.000:0.000:-0.800","0.000:0.000:1.467|20.000:0.000:3.793","0.000:0.000:-1.300|0.000:0.000:-1.300",False,False,Stopped,60.00,40.00,3.00,SensorDegradation
112.0899,9,9,1104,-22.0000,0.0500,-1.1412,0.0000,0.0000,0.0000,-22.0000,0.0000,0.0000,1.1423,7,"","","-8.400:0.000:-5.686|-4.200:0.000:3.949|-21.706:0.000:0.539|4.200:0.000:-3.349|8.400:0.000:5.555","0.000:0.000:-0.800|0.000:0.000:-0.800|0.000:0.000:0.000|0.000:0.000:0.800|0.000:0.000:-0.800","0.000:0.000:1.334|20.000:0.000:3.660","0.000:0.000:-1.300|0.000:0.000:-1.300",False,False,Stopped,60.00,40.00,3.00,SensorDegradation
112.1923,9,9,1105,-22.0000,0.0500,-1.1412,0.0000,0.0000,0.0000,-22.0000,0.0000,0.0000,1.1423,7,"","","-8.400:0.000:-5.768|-4.200:0.000:3.867|-21.706:0.000:0.539|4.200:0.000:-3.267|8.400:0.000:5.473","0.000:0.000:-0.800|0.000:0.000:-0.800|0.000:0.000:0.000|0.000:0.000:0.800|0.000:0.000:-0.800","0.000:0.000:1.201|20.000:0.000:3.527","0.000:0.000:-1.300|0.000:0.000:-1.300",False,False,Stopped,60.00,40.00,3.00,SensorDegradation
112.2934,9,9,1106,-22.0000,0.0500,-1.1412,0.0000,0.0000,0.0000,-22.0000,0.0000,0.0000,1.1423,7,"","","-8.400:0.000:-5.849|-4.200:0.000:3.786|-21.706:0.000:0.539|4.200:0.000:-3.186|8.400:0.000:5.392","0.000:0.000:-0.800|0.000:0.000:-0.800|0.000:0.000:0.000|0.000:0.000:0.800|0.000:0.000:-0.800","0.000:0.000:1.069|20.000:0.000:3.396","0.000:0.000:-1.300|0.000:0.000:-1.300",False,False,Stopped,60.00,40.00,3.00,SensorDegradation
112.3957,9,9,1107,-22.0000,0.0500,-1.1412,0.0000,0.0000,0.0000,-22.0000,0.0000,0.0000,1.1423,7,"","","-8.400:0.000:-5.931|-4.200:0.000:3.704|-21.706:0.000:0.539|4.200:0.000:-3.104|8.400:0.000:5.311","0.000:0.000:-0.800|0.000:0.000:-0.800|0.000:0.000:0.000|0.000:0.000:0.800|0.000:0.000:-0.800","0.000:0.000:0.936|20.000:0.000:3.263","0.000:0.000:-1.300|0.000:0.000:-1.300",False,False,Stopped,60.00,40.00,3.00,SensorDegradation
112.4968,9,9,1108,-22.0000,0.0500,-1.1412,0.0000,0.0000,0.0000,-22.0000,0.0000,0.0000,1.1423,7,"","","-8.400:0.000:-6.012|-4.200:0.000:3.624|-21.706:0.000:0.539|4.200:0.000:-3.023|8.400:0.000:5.230","0.000:0.000:-0.800|0.000:0.000:-0.800|0.000:0.000:0.000|0.000:0.000:0.800|0.000:0.000:-0.800","0.000:0.000:0.805|20.000:0.000:3.131","0.000:0.000:-1.300|0.000:0.000:-1.300",False,False,Stopped,60.00,40.00,3.00,SensorDegradation
112.5978,9,9,1109,-22.0000,0.0500,-1.1412,0.0000,0.0000,0.0000,-22.0000,0.0000,0.0000,1.1423,7,"","","-8.400:0.000:-6.092|-4.200:0.000:3.543|-21.706:0.000:0.539|4.200:0.000:-2.943|8.400:0.000:5.149","0.000:0.000:-0.800|0.000:0.000:-0.800|0.000:0.000:0.000|0.000:0.000:0.800|0.000:0.000:-0.800","0.000:0.000:0.674|20.000:0.000:3.000","0.000:0.000:-1.300|0.000:0.000:-1.300",False,False,Stopped,60.00,40.00,3.00,SensorDegradation
112.6981,9,9,1110,-22.0000,0.0500,-1.1412,0.0000,0.0000,0.0000,-22.0000,0.0000,0.0000,1.1423,7,"","","-8.400:0.000:-6.173|-4.200:0.000:3.462|-21.706:0.000:0.539|4.200:0.000:-2.862|8.400:0.000:5.069","0.000:0.000:-0.800|0.000:0.000:-0.800|0.000:0.000:0.000|0.000:0.000:0.800|0.000:0.000:-0.800","0.000:0.000:0.543|20.000:0.000:2.870","0.000:0.000:-1.300|0.000:0.000:-1.300",False,False,Stopped,60.00,40.00,3.00,SensorDegradation
112.7995,9,9,1111,-22.0000,0.0500,-1.1412,0.0000,0.0000,0.0000,-22.0000,0.0000,0.0000,1.1423,7,"","","-8.400:0.000:-6.254|-4.200:0.000:3.381|-21.706:0.000:0.539|4.200:0.000:-2.781|8.400:0.000:4.988","0.000:0.000:-0.800|0.000:0.000:-0.800|0.000:0.000:0.000|0.000:0.000:0.800|0.000:0.000:-0.800","0.000:0.000:0.411|20.000:0.000:2.738","0.000:0.000:-1.300|0.000:0.000:-1.300",False,False,Stopped,60.00,40.00,3.00,SensorDegradation
112.9018,9,9,1112,-22.0000,0.0500,-1.1412,0.0000,0.0000,0.0000,-22.0000,0.0000,0.0000,1.1423,7,"","","-8.400:0.000:-6.336|-4.200:0.000:3.299|-21.706:0.000:0.539|4.200:0.000:-2.699|8.400:0.000:4.906","0.000:0.000:-0.800|0.000:0.000:-0.800|0.000:0.000:0.000|0.000:0.000:0.800|0.000:0.000:-0.800","0.000:0.000:0.278|20.000:0.000:2.605","0.000:0.000:-1.300|0.000:0.000:-1.300",False,False,Stopped,60.00,40.00,3.00,SensorDegradation
113.0042,9,9,1113,-22.0000,0.0500,-1.1412,0.0000,0.0000,0.0000,-22.0000,0.0000,0.0000,1.1423,7,"","","-8.400:0.000:-6.418|-4.200:0.000:3.218|-21.706:0.000:0.539|4.200:0.000:-2.618|8.400:0.000:4.824","0.000:0.000:-0.800|0.000:0.000:-0.800|0.000:0.000:0.000|0.000:0.000:0.800|0.000:0.000:-0.800","0.000:0.000:0.145|20.000:0.000:2.472","0.000:0.000:-1.300|0.000:0.000:-1.300",False,False,Stopped,60.00,40.00,3.00,SensorDegradation
113.1071,9,9,1114,-22.0000,0.0500,-1.1412,0.0000,0.0000,0.0000,-22.0000,0.0000,0.0000,1.1423,7,"","","-8.400:0.000:-6.500|-4.200:0.000:3.135|-21.706:0.000:0.539|4.200:0.000:-2.535|8.400:0.000:4.742","0.000:0.000:-0.800|0.000:0.000:-0.800|0.000:0.000:0.000|0.000:0.000:0.800|0.000:0.000:-0.800","0.000:0.000:0.012|20.000:0.000:2.338","0.000:0.000:-1.300|0.000:0.000:-1.300",False,False,Stopped,60.00,40.00,3.00,SensorDegradation
113.2100,9,9,1115,-22.0000,0.0500,-1.1412,0.0000,0.0000,0.0000,-22.0000,0.0000,0.0000,1.1423,7,"","","-8.400:0.000:-6.582|-4.200:0.000:3.053|-21.706:0.000:0.539|4.200:0.000:-2.453|8.400:0.000:4.659","0.000:0.000:-0.800|0.000:0.000:-0.800|0.000:0.000:0.000|0.000:0.000:0.800|0.000:0.000:-0.800","0.000:0.000:-0.122|20.000:0.000:2.204","0.000:0.000:-1.300|0.000:0.000:-1.300",False,False,Stopped,60.00,40.00,3.00,SensorDegradation
113.3107,9,9,1116,-22.0000,0.0500,-1.1412,0.0000,0.0000,0.0000,-22.0000,0.0000,0.0000,1.1423,7,"","","-8.400:0.000:-6.663|-4.200:0.000:2.972|-21.706:0.000:0.539|4.200:0.000:-2.372|8.400:0.000:4.579","0.000:0.000:-0.800|0.000:0.000:-0.800|0.000:0.000:0.000|0.000:0.000:0.800|0.000:0.000:-0.800","0.000:0.000:-0.253|20.000:0.000:2.073","0.000:0.000:-1.300|0.000:0.000:-1.300",False,False,Stopped,60.00,40.00,3.00,SensorDegradation
113.4119,9,9,1117,-22.0000,0.0500,-1.1412,0.0000,0.0000,0.0000,-22.0000,0.0000,0.0000,1.1423,7,"","","-8.400:0.000:-6.744|-4.200:0.000:2.891|-21.706:0.000:0.539|4.200:0.000:-2.291|8.400:0.000:4.498","0.000:0.000:-0.800|0.000:0.000:-0.800|0.000:0.000:0.000|0.000:0.000:0.800|0.000:0.000:-0.800","0.000:0.000:-0.385|20.000:0.000:1.942","0.000:0.000:-1.300|0.000:0.000:-1.300",False,False,Stopped,60.00,40.00,3.00,SensorDegradation
113.5138,9,9,1118,-22.0000,0.0500,-1.1412,0.0000,0.0000,0.0000,-22.0000,0.0000,0.0000,1.1423,7,"","","-8.400:0.000:-6.825|-4.200:0.000:2.810|-21.706:0.000:0.539|4.200:0.000:-2.210|8.400:0.000:4.416","0.000:0.000:-0.800|0.000:0.000:-0.800|0.000:0.000:0.000|0.000:0.000:0.800|0.000:0.000:-0.800","0.000:0.000:-0.517|20.000:0.000:1.809","0.000:0.000:-1.300|0.000:0.000:-1.300",False,False,Stopped,60.00,40.00,3.00,SensorDegradation
113.6147,9,9,1119,-22.0000,0.0500,-1.1412,0.0000,0.0000,0.0000,-22.0000,0.0000,0.0000,1.1423,7,"","","-8.400:0.000:-6.906|-4.200:0.000:2.729|-21.706:0.000:0.539|4.200:0.000:-2.129|8.400:0.000:4.336","0.000:0.000:-0.800|0.000:0.000:-0.800|0.000:0.000:0.000|0.000:0.000:0.800|0.000:0.000:-0.800","0.000:0.000:-0.648|20.000:0.000:1.678","0.000:0.000:-1.300|0.000:0.000:-1.300",False,False,Stopped,60.00,40.00,3.00,SensorDegradation
113.7154,9,9,1120,-22.0000,0.0500,-1.1412,0.0000,0.0000,0.0000,-22.0000,0.0000,0.0000,1.1423,7,"","","-8.400:0.000:-6.987|-4.200:0.000:2.649|-21.706:0.000:0.539|4.200:0.000:-2.049|8.400:0.000:4.255","0.000:0.000:-0.800|0.000:0.000:-0.800|0.000:0.000:0.000|0.000:0.000:0.800|0.000:0.000:-0.800","0.000:0.000:-0.779|20.000:0.000:1.547","0.000:0.000:-1.300|0.000:0.000:-1.300",False,False,Stopped,60.00,40.00,3.00,SensorDegradation
113.8163,9,9,1121,-22.0000,0.0500,-1.1412,0.0000,0.0000,0.0000,-22.0000,0.0000,0.0000,1.1423,7,"","","-8.400:0.000:-7.067|-4.200:0.000:2.568|-21.706:0.000:0.539|4.200:0.000:-1.968|8.400:0.000:4.174","0.000:0.000:-0.800|0.000:0.000:-0.800|0.000:0.000:0.000|0.000:0.000:0.800|0.000:0.000:-0.800","0.000:0.000:-0.910|20.000:0.000:1.416","0.000:0.000:-1.300|0.000:0.000:-1.300",False,False,Stopped,60.00,40.00,3.00,SensorDegradation
113.9192,9,9,1122,-22.0000,0.0500,-1.1412,0.0000,0.0000,0.0000,-22.0000,0.0000,0.0000,1.1423,7,"","","-8.400:0.000:-7.150|-4.200:0.000:2.486|-21.706:0.000:0.539|4.200:0.000:-1.885|8.400:0.000:4.092","0.000:0.000:-0.800|0.000:0.000:-0.800|0.000:0.000:0.000|0.000:0.000:0.800|0.000:0.000:-0.800","0.000:0.000:-1.044|20.000:0.000:1.282","0.000:0.000:-1.300|0.000:0.000:-1.300",False,False,Stopped,60.00,40.00,3.00,SensorDegradation
114.0223,9,9,1123,-22.0000,0.0500,-1.1412,0.0000,0.0000,0.0000,-22.0000,0.0000,0.0000,1.1423,7,"","","-8.400:0.000:-7.232|-4.200:0.000:2.403|-21.706:0.000:0.539|4.200:0.000:-1.803|8.400:0.000:4.009","0.000:0.000:-0.800|0.000:0.000:-0.800|0.000:0.000:0.000|0.000:0.000:0.800|0.000:0.000:-0.800","0.000:0.000:-1.178|20.000:0.000:1.148","0.000:0.000:-1.300|0.000:0.000:-1.300",False,False,Stopped,60.00,40.00,3.00,SensorDegradation
114.1232,9,9,1124,-22.0000,0.0500,-1.1412,0.0000,0.0000,0.0000,-22.0000,0.0000,0.0000,1.1423,7,"","","-8.400:0.000:-7.313|-4.200:0.000:2.322|-21.706:0.000:0.539|4.200:0.000:-1.722|8.400:0.000:3.929","0.000:0.000:-0.800|0.000:0.000:-0.800|0.000:0.000:0.000|0.000:0.000:0.800|0.000:0.000:-0.800","0.000:0.000:-1.309|20.000:0.000:1.017","0.000:0.000:-1.300|0.000:0.000:-1.300",False,False,Stopped,60.00,40.00,3.00,SensorDegradation
114.2240,9,9,1125,-22.0000,0.0500,-1.1412,0.0000,0.0000,0.0000,-22.0000,0.0000,0.0000,1.1423,7,"","","-8.400:0.000:-7.393|-4.200:0.000:2.242|-21.706:0.000:0.539|4.200:0.000:-1.642|8.400:0.000:3.848","0.000:0.000:-0.800|0.000:0.000:-0.800|0.000:0.000:0.000|0.000:0.000:0.800|0.000:0.000:-0.800","0.000:0.000:-1.440|20.000:0.000:0.886","0.000:0.000:-1.300|0.000:0.000:-1.300",False,False,Stopped,60.00,40.00,3.00,SensorDegradation
114.3245,9,9,1126,-22.0000,0.0500,-1.1412,0.0000,0.0000,0.0000,-22.0000,0.0000,0.0000,1.1423,7,"","","-8.400:0.000:-7.474|-4.200:0.000:2.161|-21.706:0.000:0.539|4.200:0.000:-1.561|8.400:0.000:3.768","0.000:0.000:-0.800|0.000:0.000:-0.800|0.000:0.000:0.000|0.000:0.000:0.800|0.000:0.000:-0.800","0.000:0.000:-1.571|20.000:0.000:0.755","0.000:0.000:-1.300|0.000:0.000:-1.300",False,False,Stopped,60.00,40.00,3.00,SensorDegradation
114.4265,9,9,1127,-22.0000,0.0500,-1.1412,0.0000,0.0000,0.0000,-22.0000,0.0000,0.0000,1.1423,7,"","","-8.400:0.000:-7.555|-4.200:0.000:2.080|-21.706:0.000:0.539|4.200:0.000:-1.480|8.400:0.000:3.686","0.000:0.000:-0.800|0.000:0.000:-0.800|0.000:0.000:0.000|0.000:0.000:0.800|0.000:0.000:-0.800","0.000:0.000:-1.704|20.000:0.000:0.623","0.000:0.000:-1.300|0.000:0.000:-1.300",False,False,Stopped,60.00,40.00,3.00,SensorDegradation
114.5287,9,9,1128,-22.0000,0.0500,-1.1412,0.0000,0.0000,0.0000,-22.0000,0.0000,0.0000,1.1423,7,"","","-8.400:0.000:-7.637|-4.200:0.000:1.998|-21.706:0.000:0.539|4.200:0.000:-1.398|8.400:0.000:3.604","0.000:0.000:-0.800|0.000:0.000:-0.800|0.000:0.000:0.000|0.000:0.000:0.800|0.000:0.000:-0.800","0.000:0.000:-1.836|20.000:0.000:0.490","0.000:0.000:-1.300|0.000:0.000:-1.300",False,False,Stopped,60.00,40.00,3.00,SensorDegradation
114.6309,9,9,1129,-22.0000,0.0500,-1.1412,0.0000,0.0000,0.0000,-22.0000,0.0000,0.0000,1.1423,7,"","","-8.400:0.000:-7.719|-4.200:0.000:1.916|-21.706:0.000:0.539|4.200:0.000:-1.316|8.400:0.000:3.522","0.000:0.000:-0.800|0.000:0.000:-0.800|0.000:0.000:0.000|0.000:0.000:0.800|0.000:0.000:-0.800","0.000:0.000:-1.969|20.000:0.000:0.357","0.000:0.000:-1.300|0.000:0.000:-1.300",False,False,Stopped,60.00,40.00,3.00,SensorDegradation
114.7312,9,9,1130,-22.0000,0.0500,-1.1412,0.0000,0.0000,0.0000,-22.0000,0.0000,0.0000,1.1423,7,"","","-8.400:0.000:-7.799|-4.200:0.000:1.836|-21.706:0.000:0.539|4.200:0.000:-1.236|8.400:0.000:3.442","0.000:0.000:-0.800|0.000:0.000:-0.800|0.000:0.000:0.000|0.000:0.000:0.800|0.000:0.000:-0.800","0.000:0.000:-2.100|20.000:0.000:0.227","0.000:0.000:-1.300|0.000:0.000:-1.300",False,False,Stopped,60.00,40.00,3.00,SensorDegradation
114.8330,9,9,1131,-22.0000,0.0500,-1.1412,0.0000,0.0000,0.0000,-22.0000,0.0000,0.0000,1.1423,7,"","","-8.400:0.000:-7.881|-4.200:0.000:1.755|-21.706:0.000:0.539|4.200:0.000:-1.154|8.400:0.000:3.361","0.000:0.000:-0.800|0.000:0.000:-0.800|0.000:0.000:0.000|0.000:0.000:0.800|0.000:0.000:-0.800","0.000:0.000:-2.232|20.000:0.000:0.094","0.000:0.000:-1.300|0.000:0.000:-1.300",False,False,Stopped,60.00,40.00,3.00,SensorDegradation
114.9357,9,9,1132,-22.0000,0.0500,-1.1412,0.0000,0.0000,0.0000,-22.0000,0.0000,0.0000,1.1423,7,"","","-8.400:0.000:-7.963|-4.200:0.000:1.672|-21.706:0.000:0.539|4.200:0.000:-1.072|8.400:0.000:3.279","0.000:0.000:-0.800|0.000:0.000:-0.800|0.000:0.000:0.000|0.000:0.000:0.800|0.000:0.000:-0.800","0.000:0.000:-2.366|20.000:0.000:-0.039","0.000:0.000:-1.300|0.000:0.000:-1.300",False,False,Stopped,60.00,40.00,3.00,SensorDegradation
115.0365,9,9,1133,-22.0000,0.0500,-1.1412,0.0000,0.0000,0.0000,-22.0000,0.0000,0.0000,1.1423,7,"","","-8.400:0.000:-8.043|-4.200:0.000:1.592|-21.706:0.000:0.539|4.200:0.000:-0.992|8.400:0.000:3.198","0.000:0.000:-0.800|0.000:0.000:-0.800|0.000:0.000:0.000|0.000:0.000:0.800|0.000:0.000:-0.800","0.000:0.000:-2.497|20.000:0.000:-0.170","0.000:0.000:-1.300|0.000:0.000:-1.300",False,False,Stopped,60.00,40.00,3.00,SensorDegradation
115.1371,9,9,1134,-22.0000,0.0500,-1.1412,0.0000,0.0000,0.0000,-22.0000,0.0000,0.0000,1.1423,7,"","","-8.400:0.000:-8.124|-4.200:0.000:1.511|-21.706:0.000:0.539|4.200:0.000:-0.911|8.400:0.000:3.118","0.000:0.000:-0.800|0.000:0.000:-0.800|0.000:0.000:0.000|0.000:0.000:0.800|0.000:0.000:-0.800","0.000:0.000:-2.627|20.000:0.000:-0.301","0.000:0.000:-1.300|0.000:0.000:-1.300",False,False,Stopped,60.00,40.00,3.00,SensorDegradation
115.2387,9,9,1135,-22.0000,0.0500,-1.1412,0.0000,0.0000,0.0000,-22.0000,0.0000,0.0000,1.1423,7,"","","-8.400:0.000:-8.205|-4.200:0.000:1.430|-21.706:0.000:0.539|4.200:0.000:-0.830|8.400:0.000:3.036","0.000:0.000:-0.800|0.000:0.000:-0.800|0.000:0.000:0.000|0.000:0.000:0.800|0.000:0.000:-0.800","0.000:0.000:-2.759|20.000:0.000:-0.433","0.000:0.000:-1.300|0.000:0.000:-1.300",False,False,Stopped,60.00,40.00,3.00,SensorDegradation
115.3405,9,9,1136,-22.0000,0.0500,-1.1412,0.0000,0.0000,0.0000,-22.0000,0.0000,0.0000,1.1423,7,"","","-8.400:0.000:-8.287|-4.200:0.000:1.349|-21.706:0.000:0.539|4.200:0.000:-0.748|8.400:0.000:2.955","0.000:0.000:-0.800|0.000:0.000:-0.800|0.000:0.000:0.000|0.000:0.000:0.800|0.000:0.000:-0.800","0.000:0.000:-2.892|20.000:0.000:-0.566","0.000:0.000:-1.300|0.000:0.000:-1.300",False,False,Stopped,60.00,40.00,3.00,SensorDegradation
115.4434,9,9,1137,-22.0000,0.0500,-1.1412,0.0000,0.0000,0.0000,-22.0000,0.0000,0.0000,1.1423,7,"","","-8.400:0.000:-8.369|-4.200:0.000:1.266|-21.706:0.000:0.539|4.200:0.000:-0.666|8.400:0.000:2.872","0.000:0.000:-0.800|0.000:0.000:-0.800|0.000:0.000:0.000|0.000:0.000:0.800|0.000:0.000:-0.800","0.000:0.000:-3.026|20.000:0.000:-0.699","0.000:0.000:-1.300|0.000:0.000:-1.300",False,False,Stopped,60.00,40.00,3.00,SensorDegradation
115.5457,9,9,1138,-22.0000,0.0500,-1.1412,0.0000,0.0000,0.0000,-22.0000,0.0000,0.0000,1.1423,7,"","","-8.400:0.000:-8.451|-4.200:0.000:1.184|-21.706:0.000:0.539|4.200:0.000:-0.584|8.400:0.000:2.791","0.000:0.000:-0.800|0.000:0.000:-0.800|0.000:0.000:0.000|0.000:0.000:0.800|0.000:0.000:-0.800","0.000:0.000:-3.159|20.000:0.000:-0.832","0.000:0.000:-1.300|0.000:0.000:-1.300",False,False,Stopped,60.00,40.00,3.00,SensorDegradation
115.6484,9,9,1139,-22.0000,0.0500,-1.1412,0.0000,0.0000,0.0000,-22.0000,0.0000,0.0000,1.1423,7,"","","-8.400:0.000:-8.533|-4.200:0.000:1.102|-21.706:0.000:0.539|4.200:0.000:-0.502|8.400:0.000:2.708","0.000:0.000:-0.800|0.000:0.000:-0.800|0.000:0.000:0.000|0.000:0.000:0.800|0.000:0.000:-0.800","0.000:0.000:-3.292|20.000:0.000:-0.966","0.000:0.000:-1.300|0.000:0.000:-1.300",False,False,Stopped,60.00,40.00,3.00,SensorDegradation
115.7501,9,9,1140,-22.0000,0.0500,-1.1412,0.0000,0.0000,0.0000,-22.0000,0.0000,0.0000,1.1423,7,"","","-8.400:0.000:-8.614|-4.200:0.000:1.021|-21.706:0.000:0.539|4.200:0.000:-0.421|8.400:0.000:2.627","0.000:0.000:-0.800|0.000:0.000:-0.800|0.000:0.000:0.000|0.000:0.000:0.800|0.000:0.000:-0.800","0.000:0.000:-3.424|20.000:0.000:-1.098","0.000:0.000:-1.300|0.000:0.000:-1.300",False,False,Stopped,60.00,40.00,3.00,SensorDegradation
115.8504,9,9,1141,-22.0000,0.0500,-1.1412,0.0000,0.0000,0.0000,-22.0000,0.0000,0.0000,1.1423,7,"","","-8.400:0.000:-8.695|-4.200:0.000:0.941|-21.706:0.000:0.539|4.200:0.000:-0.341|8.400:0.000:2.547","0.000:0.000:-0.800|0.000:0.000:-0.800|0.000:0.000:0.000|0.000:0.000:0.800|0.000:0.000:-0.800","0.000:0.000:-3.555|20.000:0.000:-1.228","0.000:0.000:-1.300|0.000:0.000:-1.300",False,False,Stopped,60.00,40.00,3.00,SensorDegradation
115.9514,9,9,1142,-22.0000,0.0500,-1.1412,0.0000,0.0000,0.0000,-22.0000,0.0000,0.0000,1.1423,7,"","","-8.400:0.000:-8.775|-4.200:0.000:0.860|-21.706:0.000:0.539|4.200:0.000:-0.260|8.400:0.000:2.466","0.000:0.000:-0.800|0.000:0.000:-0.800|0.000:0.000:0.000|0.000:0.000:0.800|0.000:0.000:-0.800","0.000:0.000:-3.686|20.000:0.000:-1.360","0.000:0.000:-1.300|0.000:0.000:-1.300",False,False,Stopped,60.00,40.00,3.00,SensorDegradation
116.0517,9,9,1143,-22.0000,0.0500,-1.1412,0.0000,0.0000,0.0000,-22.0000,0.0000,0.0000,1.1423,7,"","","-8.400:0.000:-8.856|-4.200:0.000:0.780|-21.706:0.000:0.539|4.200:0.000:-0.179|8.400:0.000:2.386","0.000:0.000:-0.800|0.000:0.000:-0.800|0.000:0.000:0.000|0.000:0.000:0.800|0.000:0.000:-0.800","0.000:0.000:-3.816|20.000:0.000:-1.490","0.000:0.000:-1.300|0.000:0.000:-1.300",False,False,Stopped,60.00,40.00,3.00,SensorDegradation
116.1531,9,9,1144,-22.0000,0.0500,-1.1412,0.0000,0.0000,0.0000,-22.0000,0.0000,0.0000,1.1423,7,"","","-8.400:0.000:-8.937|-4.200:0.000:0.698|-21.706:0.000:0.539|4.200:0.000:-0.098|8.400:0.000:2.305","0.000:0.000:-0.800|0.000:0.000:-0.800|0.000:0.000:0.000|0.000:0.000:0.800|0.000:0.000:-0.800","0.000:0.000:-3.948|20.000:0.000:-1.622","0.000:0.000:-1.300|0.000:0.000:-1.300",False,False,Stopped,60.00,40.00,3.00,SensorDegradation
116.2540,9,9,1145,-22.0000,0.0500,-1.1412,0.0000,0.0000,0.0000,-22.0000,0.0000,0.0000,1.1423,7,"","","-8.400:0.000:-9.017|-4.200:0.000:0.618|-21.706:0.000:0.539|4.200:0.000:-0.018|8.400:0.000:2.224","0.000:0.000:-0.800|0.000:0.000:-0.800|0.000:0.000:0.000|0.000:0.000:0.800|0.000:0.000:-0.800","0.000:0.000:-4.079|20.000:0.000:-1.753","0.000:0.000:-1.300|0.000:0.000:-1.300",False,False,Stopped,60.00,40.00,3.00,SensorDegradation
116.3565,9,9,1146,-22.0000,0.0500,-1.1412,0.0000,0.0000,0.0000,-22.0000,0.0000,0.0000,1.1423,7,"","","-8.400:0.000:-9.100|-4.200:0.000:0.536|-21.706:0.000:0.539|4.200:0.000:0.064|8.400:0.000:2.142","0.000:0.000:-0.800|0.000:0.000:-0.800|0.000:0.000:0.000|0.000:0.000:0.800|0.000:0.000:-0.800","0.000:0.000:-4.213|20.000:0.000:-1.886","0.000:0.000:-1.300|0.000:0.000:-1.300",False,False,Stopped,60.00,40.00,3.00,SensorDegradation
116.4694,9,9,1147,-22.0000,0.0500,-1.1412,0.0000,0.0000,0.0000,-22.0000,0.0000,0.0000,1.1423,7,"","","-8.400:0.000:-9.190|-4.200:0.000:0.445|-21.706:0.000:0.539|4.200:0.000:0.155|8.400:0.000:2.052","0.000:0.000:-0.800|0.000:0.000:-0.800|0.000:0.000:0.000|0.000:0.000:0.800|0.000:0.000:-0.800","0.000:0.000:-4.359|20.000:0.000:-2.033","0.000:0.000:-1.300|0.000:0.000:-1.300",False,False,Stopped,60.00,40.00,3.00,SensorDegradation
116.5709,9,9,1148,-22.0000,0.0500,-1.1412,0.0000,0.0000,0.0000,-22.0000,0.0000,0.0000,1.1423,7,"","","-8.400:0.000:-9.271|-4.200:0.000:0.364|-21.706:0.000:0.539|4.200:0.000:0.236|8.400:0.000:1.970","0.000:0.000:-0.800|0.000:0.000:-0.800|0.000:0.000:0.000|0.000:0.000:0.800|0.000:0.000:-0.800","0.000:0.000:-4.491|20.000:0.000:-2.165","0.000:0.000:-1.300|0.000:0.000:-1.300",False,False,Stopped,60.00,40.00,3.00,SensorDegradation
116.6735,9,9,1149,-22.0000,0.0500,-1.1412,0.0000,0.0000,0.0000,-22.0000,0.0000,0.0000,1.1423,7,"","","-8.400:0.000:-9.353|-4.200:0.000:0.282|-21.706:0.000:0.539|4.200:0.000:0.318|8.400:0.000:1.888","0.000:0.000:-0.800|0.000:0.000:-0.800|0.000:0.000:0.000|0.000:0.000:0.800|0.000:0.000:-0.800","0.000:0.000:-4.625|20.000:0.000:-2.298","0.000:0.000:-1.300|0.000:0.000:-1.300",False,False,Stopped,60.00,40.00,3.00,SensorDegradation
116.7737,9,9,1150,-22.0000,0.0500,-1.1412,0.0000,0.0000,0.0000,-22.0000,0.0000,0.0000,1.1423,7,"","","-8.400:0.000:-9.433|-4.200:0.000:0.202|-21.706:0.000:0.539|4.200:0.000:0.398|8.400:0.000:1.808","0.000:0.000:-0.800|0.000:0.000:-0.800|0.000:0.000:0.000|0.000:0.000:0.800|0.000:0.000:-0.800","0.000:0.000:-4.755|20.000:0.000:-2.429","0.000:0.000:-1.300|0.000:0.000:-1.300",False,False,Stopped,60.00,40.00,3.00,SensorDegradation
116.8759,9,9,1151,-22.0000,0.0500,-1.1412,0.0000,0.0000,0.0000,-22.0000,0.0000,0.0000,1.1423,7,"","","-8.400:0.000:-9.515|-4.200:0.000:0.120|-21.706:0.000:0.539|4.200:0.000:0.480|8.400:0.000:1.726","0.000:0.000:-0.800|0.000:0.000:-0.800|0.000:0.000:0.000|0.000:0.000:0.800|0.000:0.000:-0.800","0.000:0.000:-4.888|20.000:0.000:-2.562","0.000:0.000:-1.300|0.000:0.000:-1.300",False,False,Stopped,60.00,40.00,3.00,SensorDegradation
116.9773,9,9,1152,-22.0000,0.0500,-1.1412,0.0000,0.0000,0.0000,-22.0000,0.0000,0.0000,1.1423,7,"","","-8.400:0.000:-9.596|-4.200:0.000:0.039|-21.706:0.000:0.539|4.200:0.000:0.561|8.400:0.000:1.645","0.000:0.000:-0.800|0.000:0.000:-0.800|0.000:0.000:0.000|0.000:0.000:0.800|0.000:0.000:-0.800","0.000:0.000:-5.020|20.000:0.000:-2.693","0.000:0.000:-1.300|0.000:0.000:-1.300",False,False,Stopped,60.00,40.00,3.00,SensorDegradation
117.0782,9,9,1153,-22.0000,0.0500,-1.1412,0.0000,0.0000,0.0000,-22.0000,0.0000,0.0000,1.1423,7,"","","-8.400:0.000:-9.677|-4.200:0.000:-0.042|-21.706:0.000:0.539|4.200:0.000:0.642|8.400:0.000:1.565","0.000:0.000:-0.800|0.000:0.000:-0.800|0.000:0.000:0.000|0.000:0.000:0.800|0.000:0.000:-0.800","0.000:0.000:-5.151|20.000:0.000:-2.825","0.000:0.000:-1.300|0.000:0.000:-1.300",False,False,Stopped,60.00,40.00,3.00,SensorDegradation
117.1807,9,9,1154,-22.0000,0.0500,-1.1412,0.0000,0.0000,0.0000,-22.0000,0.0000,0.0000,1.1423,7,"","","-8.400:0.000:-9.759|-4.200:0.000:-0.124|-21.706:0.000:0.539|4.200:0.000:0.724|8.400:0.000:1.483","0.000:0.000:-0.800|0.000:0.000:-0.800|0.000:0.000:0.000|0.000:0.000:0.800|0.000:0.000:-0.800","0.000:0.000:-5.284|20.000:0.000:-2.958","0.000:0.000:-1.300|0.000:0.000:-1.300",False,False,Stopped,60.00,40.00,3.00,SensorDegradation
117.2825,9,9,1155,-22.0000,0.0500,-1.1412,0.0000,0.0000,0.0000,-22.0000,0.0000,0.0000,1.1423,7,"","","-8.400:0.000:-9.840|-4.200:0.000:-0.205|-21.706:0.000:0.539|4.200:0.000:0.805|8.400:0.000:1.401","0.000:0.000:-0.800|0.000:0.000:-0.800|0.000:0.000:0.000|0.000:0.000:0.800|0.000:0.000:-0.800","0.000:0.000:-5.416|20.000:0.000:-3.090","0.000:0.000:-1.300|0.000:0.000:-1.300",False,False,Stopped,60.00,40.00,3.00,SensorDegradation
117.3831,9,9,1156,-22.0000,0.0500,-1.1412,0.0000,0.0000,0.0000,-22.0000,0.0000,0.0000,1.1423,7,"","","-8.400:0.000:-9.786|-4.200:0.000:-0.286|-21.706:0.000:0.539|4.200:0.000:0.886|8.400:0.000:1.321","0.000:0.000:0.800|0.000:0.000:-0.800|0.000:0.000:0.000|0.000:0.000:0.800|0.000:0.000:-0.800","0.000:0.000:-5.547|20.000:0.000:-3.221","0.000:0.000:-1.300|0.000:0.000:-1.300",False,False,Stopped,60.00,40.00,3.00,SensorDegradation
117.4837,9,9,1157,-22.0000,0.0500,-1.1412,0.0000,0.0000,0.0000,-22.0000,0.0000,0.0000,1.1423,7,"","","-8.400:0.000:-9.705|-4.200:0.000:-0.366|-21.706:0.000:0.539|4.200:0.000:0.966|8.400:0.000:1.240","0.000:0.000:0.800|0.000:0.000:-0.800|0.000:0.000:0.000|0.000:0.000:0.800|0.000:0.000:-0.800","0.000:0.000:-5.678|20.000:0.000:-3.352","0.000:0.000:-1.300|0.000:0.000:-1.300",False,False,Stopped,60.00,40.00,3.00,SensorDegradation
117.5864,9,9,1158,-22.0000,0.0500,-1.1412,0.0000,0.0000,0.0000,-22.0000,0.0000,0.0000,1.1423,7,"","","-8.400:0.000:-9.623|-4.200:0.000:-0.448|-21.706:0.000:0.539|4.200:0.000:1.048|8.400:0.000:1.158","0.000:0.000:0.800|0.000:0.000:-0.800|0.000:0.000:0.000|0.000:0.000:0.800|0.000:0.000:-0.800","0.000:0.000:-5.811|20.000:0.000:-3.485","0.000:0.000:-1.300|0.000:0.000:-1.300",False,False,Stopped,60.00,40.00,3.00,SensorDegradation
117.6884,9,9,1159,-22.0000,0.0500,-1.1412,0.0000,0.0000,0.0000,-22.0000,0.0000,0.0000,1.1423,7,"","","-8.400:0.000:-9.542|-4.200:0.000:-0.530|-21.706:0.000:0.539|4.200:0.000:1.130|8.400:0.000:1.077","0.000:0.000:0.800|0.000:0.000:-0.800|0.000:0.000:0.000|0.000:0.000:0.800|0.000:0.000:-0.800","0.000:0.000:-5.944|20.000:0.000:-3.618","0.000:0.000:-1.300|0.000:0.000:-1.300",False,False,Stopped,60.00,40.00,3.00,SensorDegradation
117.7901,9,9,1160,-22.0000,0.0500,-1.1412,0.0000,0.0000,0.0000,-22.0000,0.0000,0.0000,1.1423,7,"","","-8.400:0.000:-9.460|-4.200:0.000:-0.611|-21.706:0.000:0.539|4.200:0.000:1.211|8.400:0.000:0.995","0.000:0.000:0.800|0.000:0.000:-0.800|0.000:0.000:0.000|0.000:0.000:0.800|0.000:0.000:-0.800","0.000:0.000:-6.076|20.000:0.000:-3.750","0.000:0.000:-1.300|0.000:0.000:-1.300",False,False,Stopped,60.00,40.00,3.00,SensorDegradation
117.8916,9,9,1161,-22.0000,0.0500,-1.1412,0.0000,0.0000,0.0000,-22.0000,0.0000,0.0000,1.1423,7,"","","-8.400:0.000:-9.379|-4.200:0.000:-0.692|-21.706:0.000:0.539|4.200:0.000:1.292|8.400:0.000:0.914","0.000:0.000:0.800|0.000:0.000:-0.800|0.000:0.000:0.000|0.000:0.000:0.800|0.000:0.000:-0.800","0.000:0.000:-6.208|20.000:0.000:-3.882","0.000:0.000:-1.300|0.000:0.000:-1.300",False,False,Stopped,60.00,40.00,3.00,SensorDegradation
117.9933,9,9,1162,-22.0000,0.0500,-1.1412,0.0000,0.0000,0.0000,-22.0000,0.0000,0.0000,1.1423,7,"","","-8.400:0.000:-9.298|-4.200:0.000:-0.774|-21.706:0.000:0.539|4.200:0.000:1.374|8.400:0.000:0.833","0.000:0.000:0.800|0.000:0.000:-0.800|0.000:0.000:0.000|0.000:0.000:0.800|0.000:0.000:-0.800","0.000:0.000:-6.340|20.000:0.000:-4.014","0.000:0.000:-1.300|0.000:0.000:-1.300",False,False,Stopped,60.00,40.00,3.00,SensorDegradation
118.0955,9,9,1163,-22.0000,0.0500,-1.1412,0.0000,0.0000,0.0000,-22.0000,0.0000,0.0000,1.1423,7,"","","-8.400:0.000:-9.216|-4.200:0.000:-0.855|-21.706:0.000:0.539|4.200:0.000:1.456|8.400:0.000:0.751","0.000:0.000:0.800|0.000:0.000:-0.800|0.000:0.000:0.000|0.000:0.000:0.800|0.000:0.000:-0.800","0.000:0.000:-6.473|20.000:0.000:-4.147","0.000:0.000:-1.300|0.000:0.000:-1.300",False,False,Stopped,60.00,40.00,3.00,SensorDegradation
118.1964,9,9,1164,-22.0000,0.0500,-1.1412,0.0000,0.0000,0.0000,-22.0000,0.0000,0.0000,1.1423,7,"","","-8.400:0.000:-9.135|-4.200:0.000:-0.936|-21.706:0.000:0.539|4.200:0.000:1.536|8.400:0.000:0.670","0.000:0.000:0.800|0.000:0.000:-0.800|0.000:0.000:0.000|0.000:0.000:0.800|0.000:0.000:-0.800","0.000:0.000:-6.604|20.000:0.000:-4.278","0.000:0.000:-1.300|0.000:0.000:-1.300",False,False,Stopped,60.00,40.00,3.00,SensorDegradation
118.2971,9,9,1165,-22.0000,0.0500,-1.1412,0.0000,0.0000,0.0000,-22.0000,0.0000,0.0000,1.1423,7,"","","-8.400:0.000:-9.055|-4.200:0.000:-1.017|-21.706:0.000:0.539|4.200:0.000:1.617|8.400:0.000:0.590","0.000:0.000:0.800|0.000:0.000:-0.800|0.000:0.000:0.000|0.000:0.000:0.800|0.000:0.000:-0.800","0.000:0.000:-6.735|20.000:0.000:-4.409","0.000:0.000:-1.300|0.000:0.000:-1.300",False,False,Stopped,60.00,40.00,3.00,SensorDegradation
118.3974,9,9,1166,-22.0000,0.0500,-1.1412,0.0000,0.0000,0.0000,-22.0000,0.0000,0.0000,1.1423,7,"","","-8.400:0.000:-8.974|-4.200:0.000:-1.097|-21.706:0.000:0.539|4.200:0.000:1.697|8.400:0.000:0.509","0.000:0.000:0.800|0.000:0.000:-0.800|0.000:0.000:0.000|0.000:0.000:0.800|0.000:0.000:-0.800","0.000:0.000:-6.866|20.000:0.000:-4.539","0.000:0.000:-1.300|0.000:0.000:-1.300",False,False,Stopped,60.00,40.00,3.00,SensorDegradation
118.4975,9,9,1167,-22.0000,0.0500,-1.1412,0.0000,0.0000,0.0000,-22.0000,0.0000,0.0000,1.1423,7,"","","-8.400:0.000:-8.894|-4.200:0.000:-1.177|-21.706:0.000:0.539|4.200:0.000:1.777|8.400:0.000:0.429","0.000:0.000:0.800|0.000:0.000:-0.800|0.000:0.000:0.000|0.000:0.000:0.800|0.000:0.000:-0.800","0.000:0.000:-6.996|20.000:0.000:-4.670","0.000:0.000:-1.300|0.000:0.000:-1.300",False,False,Stopped,60.00,40.00,3.00,SensorDegradation
118.5983,9,9,1168,-22.0000,0.0500,-1.1412,0.0000,0.0000,0.0000,-22.0000,0.0000,0.0000,1.1423,7,"","","-8.400:0.000:-8.814|-4.200:0.000:-1.258|-21.706:0.000:0.539|4.200:0.000:1.858|8.400:0.000:0.349","0.000:0.000:0.800|0.000:0.000:-0.800|0.000:0.000:0.000|0.000:0.000:0.800|0.000:0.000:-0.800","0.000:0.000:-7.127|20.000:0.000:-4.801","0.000:0.000:-1.300|0.000:0.000:-1.300",False,False,Stopped,60.00,40.00,3.00,SensorDegradation
118.6995,9,9,1169,-22.0000,0.0500,-1.1412,0.0000,0.0000,0.0000,-22.0000,0.0000,0.0000,1.1423,7,"","","-8.400:0.000:-8.733|-4.200:0.000:-1.339|-21.706:0.000:0.539|4.200:0.000:1.939|8.400:0.000:0.268","0.000:0.000:0.800|0.000:0.000:-0.800|0.000:0.000:0.000|0.000:0.000:0.800|0.000:0.000:-0.800","0.000:0.000:-7.258|20.000:0.000:-4.932","0.000:0.000:-1.300|0.000:0.000:-1.300",False,False,Stopped,60.00,40.00,3.00,SensorDegradation
118.7999,9,9,1170,-22.0000,0.0500,-1.1412,0.0000,0.0000,0.0000,-22.0000,0.0000,0.0000,1.1423,7,"","","-8.400:0.000:-8.652|-4.200:0.000:-1.419|-21.706:0.000:0.539|4.200:0.000:2.019|8.400:0.000:0.187","0.000:0.000:0.800|0.000:0.000:-0.800|0.000:0.000:0.000|0.000:0.000:0.800|0.000:0.000:-0.800","0.000:0.000:-7.389|20.000:0.000:-5.063","0.000:0.000:-1.300|0.000:0.000:-1.300",False,False,Stopped,60.00,40.00,3.00,SensorDegradation
118.9017,9,9,1171,-22.0000,0.0500,-1.1412,0.0000,0.0000,0.0000,-22.0000,0.0000,0.0000,1.1423,7,"","","-8.400:0.000:-8.571|-4.200:0.000:-1.500|-21.706:0.000:0.539|4.200:0.000:2.100|8.400:0.000:0.106","0.000:0.000:0.800|0.000:0.000:-0.800|0.000:0.000:0.000|0.000:0.000:0.800|0.000:0.000:-0.800","0.000:0.000:-7.521|20.000:0.000:-5.195","0.000:0.000:-1.300|0.000:0.000:-1.300",False,False,Stopped,60.00,40.00,3.00,SensorDegradation
119.0026,9,9,1172,-22.0000,0.0500,-1.1412,0.0000,0.0000,0.0000,-22.0000,0.0000,0.0000,1.1423,7,"","","-8.400:0.000:-8.490|-4.200:0.000:-1.581|-21.706:0.000:0.539|4.200:0.000:2.181|8.400:0.000:0.025","0.000:0.000:0.800|0.000:0.000:-0.800|0.000:0.000:0.000|0.000:0.000:0.800|0.000:0.000:-0.800","0.000:0.000:-7.652|20.000:0.000:-5.326","0.000:0.000:-1.300|0.000:0.000:-1.300",False,False,Stopped,60.00,40.00,3.00,SensorDegradation
119.1033,9,9,1173,-22.0000,0.0500,-1.1412,0.0000,0.0000,0.0000,-22.0000,0.0000,0.0000,1.1423,7,"","","-8.400:0.000:-8.410|-4.200:0.000:-1.662|-21.706:0.000:0.539|4.200:0.000:2.262|8.400:0.000:-0.055","0.000:0.000:0.800|0.000:0.000:-0.800|0.000:0.000:0.000|0.000:0.000:0.800|0.000:0.000:-0.800","0.000:0.000:-7.783|20.000:0.000:-5.457","0.000:0.000:-1.300|0.000:0.000:-1.300",False,False,Stopped,60.00,40.00,3.00,SensorDegradation
119.2063,9,9,1174,-22.0000,0.0500,-1.1412,0.0000,0.0000,0.0000,-22.0000,0.0000,0.0000,1.1423,7,"","","-8.400:0.000:-8.327|-4.200:0.000:-1.744|-21.706:0.000:0.539|4.200:0.000:2.344|8.400:0.000:-0.138","0.000:0.000:0.800|0.000:0.000:-0.800|0.000:0.000:0.000|0.000:0.000:0.800|0.000:0.000:-0.800","0.000:0.000:-7.917|20.000:0.000:-5.591","0.000:0.000:-1.300|0.000:0.000:-1.300",False,False,Stopped,60.00,40.00,3.00,SensorDegradation
119.3070,9,9,1175,-22.0000,0.0500,-1.1412,0.0000,0.0000,0.0000,-22.0000,0.0000,0.0000,1.1423,7,"","","-8.400:0.000:-8.247|-4.200:0.000:-1.825|-21.706:0.000:0.539|4.200:0.000:2.425|8.400:0.000:-0.218","0.000:0.000:0.800|0.000:0.000:-0.800|0.000:0.000:0.000|0.000:0.000:0.800|0.000:0.000:-0.800","0.000:0.000:-8.048|20.000:0.000:-5.722","0.000:0.000:-1.300|0.000:0.000:-1.300",False,False,Stopped,60.00,40.00,3.00,SensorDegradation
119.4075,9,9,1176,-22.0000,0.0500,-1.1412,0.0000,0.0000,0.0000,-22.0000,0.0000,0.0000,1.1423,7,"","","-8.400:0.000:-8.166|-4.200:0.000:-1.905|-21.706:0.000:0.539|4.200:0.000:2.505|8.400:0.000:-0.299","0.000:0.000:0.800|0.000:0.000:-0.800|0.000:0.000:0.000|0.000:0.000:0.800|0.000:0.000:-0.800","0.000:0.000:-8.179|20.000:0.000:-5.853","0.000:0.000:-1.300|0.000:0.000:-1.300",False,False,Stopped,60.00,40.00,3.00,SensorDegradation
119.5088,9,9,1177,-22.0000,0.0500,-1.1412,0.0000,0.0000,0.0000,-22.0000,0.0000,0.0000,1.1423,7,"","","-8.400:0.000:-8.085|-4.200:0.000:-1.986|-21.706:0.000:0.539|4.200:0.000:2.586|8.400:0.000:-0.380","0.000:0.000:0.800|0.000:0.000:-0.800|0.000:0.000:0.000|0.000:0.000:0.800|0.000:0.000:-0.800","0.000:0.000:-8.310|20.000:0.000:-5.984","0.000:0.000:-1.300|0.000:0.000:-1.300",False,False,Stopped,60.00,40.00,3.00,SensorDegradation
119.6089,9,9,1178,-22.0000,0.0500,-1.1412,0.0000,0.0000,0.0000,-22.0000,0.0000,0.0000,1.1423,7,"","","-8.400:0.000:-8.005|-4.200:0.000:-2.066|-21.706:0.000:0.539|4.200:0.000:2.666|8.400:0.000:-0.460","0.000:0.000:0.800|0.000:0.000:-0.800|0.000:0.000:0.000|0.000:0.000:0.800|0.000:0.000:-0.800","0.000:0.000:-8.441|20.000:0.000:-6.114","0.000:0.000:-1.300|0.000:0.000:-1.300",False,False,Stopped,60.00,40.00,3.00,SensorDegradation
119.7096,9,9,1179,-22.0000,0.0500,-1.1412,0.0000,0.0000,0.0000,-22.0000,0.0000,0.0000,1.1423,7,"","","-8.400:0.000:-7.925|-4.200:0.000:-2.147|-21.706:0.000:0.539|4.200:0.000:2.747|8.400:0.000:-0.540","0.000:0.000:0.800|0.000:0.000:-0.800|0.000:0.000:0.000|0.000:0.000:0.800|0.000:0.000:-0.800","0.000:0.000:-8.572|20.000:0.000:-6.245","0.000:0.000:-1.300|0.000:0.000:-1.300",False,False,Stopped,60.00,40.00,3.00,SensorDegradation
119.8120,9,9,1180,-22.0000,0.0500,-1.1412,0.0000,0.0000,0.0000,-22.0000,0.0000,0.0000,1.1423,7,"","","-8.400:0.000:-7.843|-4.200:0.000:-2.229|-21.706:0.000:0.539|4.200:0.000:2.829|8.400:0.000:-0.622","0.000:0.000:0.800|0.000:0.000:-0.800|0.000:0.000:0.000|0.000:0.000:0.800|0.000:0.000:-0.800","0.000:0.000:-8.705|20.000:0.000:-6.379","0.000:0.000:-1.300|0.000:0.000:-1.300",False,False,Stopped,60.00,40.00,3.00,SensorDegradation
119.9126,9,9,1181,-22.0000,0.0500,-1.1412,0.0000,0.0000,0.0000,-22.0000,0.0000,0.0000,1.1423,7,"","","-8.400:0.000:-7.762|-4.200:0.000:-2.309|-21.706:0.000:0.539|4.200:0.000:2.909|8.400:0.000:-0.703","0.000:0.000:0.800|0.000:0.000:-0.800|0.000:0.000:0.000|0.000:0.000:0.800|0.000:0.000:-0.800","0.000:0.000:-8.836|20.000:0.000:-6.509","0.000:0.000:-1.300|0.000:0.000:-1.300",False,False,Stopped,60.00,40.00,3.00,SensorDegradation
120.0146,9,9,1182,-22.0000,0.0500,-1.1412,0.0000,0.0000,0.0000,-22.0000,0.0000,0.0000,1.1423,7,"","","-8.400:0.000:-7.681|-4.200:0.000:-2.391|-21.706:0.000:0.539|4.200:0.000:2.991|8.400:0.000:-0.784","0.000:0.000:0.800|0.000:0.000:-0.800|0.000:0.000:0.000|0.000:0.000:0.800|0.000:0.000:-0.800","0.000:0.000:-8.968|20.000:0.000:-6.642","0.000:0.000:-1.300|0.000:0.000:-1.300",False,False,Stopped,60.00,40.00,3.00,SensorDegradation
120.1154,9,9,1183,-22.0000,0.0500,-1.1412,0.0000,0.0000,0.0000,-22.0000,0.0000,0.0000,1.1423,7,"","","-8.400:0.000:-7.600|-4.200:0.000:-2.471|-21.706:0.000:0.539|4.200:0.000:3.071|8.400:0.000:-0.865","0.000:0.000:0.800|0.000:0.000:-0.800|0.000:0.000:0.000|0.000:0.000:0.800|0.000:0.000:-0.800","0.000:0.000:-9.099|20.000:0.000:-6.773","0.000:0.000:-1.300|0.000:0.000:-1.300",False,False,Stopped,60.00,40.00,3.00,SensorDegradation
120.2185,9,9,1184,-22.0000,0.0500,-1.1412,0.0000,0.0000,0.0000,-22.0000,0.0000,0.0000,1.1423,7,"","","-8.400:0.000:-7.518|-4.200:0.000:-2.554|-21.706:0.000:0.539|4.200:0.000:3.154|8.400:0.000:-0.948","0.000:0.000:0.800|0.000:0.000:-0.800|0.000:0.000:0.000|0.000:0.000:0.800|0.000:0.000:-0.800","0.000:0.000:-9.233|20.000:0.000:-6.907","0.000:0.000:-1.300|0.000:0.000:-1.300",False,False,Stopped,60.00,40.00,3.00,SensorDegradation
120.3196,9,9,1185,-22.0000,0.0500,-1.1412,0.0000,0.0000,0.0000,-22.0000,0.0000,0.0000,1.1423,7,"","","-8.400:0.000:-7.437|-4.200:0.000:-2.635|-21.706:0.000:0.539|4.200:0.000:3.235|8.400:0.000:-1.028","0.000:0.000:0.800|0.000:0.000:-0.800|0.000:0.000:0.000|0.000:0.000:0.800|0.000:0.000:-0.800","0.000:0.000:-9.365|20.000:0.000:-7.038","0.000:0.000:-1.300|0.000:0.000:-1.300",False,False,Stopped,60.00,40.00,3.00,SensorDegradation
120.4209,9,9,1186,-22.0000,0.0500,-1.1412,0.0000,0.0000,0.0000,-22.0000,0.0000,0.0000,1.1423,7,"","","-8.400:0.000:-7.356|-4.200:0.000:-2.716|-21.706:0.000:0.539|4.200:0.000:3.316|8.400:0.000:-1.109","0.000:0.000:0.800|0.000:0.000:-0.800|0.000:0.000:0.000|0.000:0.000:0.800|0.000:0.000:-0.800","0.000:0.000:-9.496|20.000:0.000:-7.170","0.000:0.000:-1.300|0.000:0.000:-1.300",False,False,Stopped,60.00,40.00,3.00,SensorDegradation
120.5211,9,9,1187,-22.0000,0.0500,-1.1412,0.0000,0.0000,0.0000,-22.0000,0.0000,0.0000,1.1423,7,"","","-8.400:0.000:-7.275|-4.200:0.000:-2.796|-21.706:0.000:0.539|4.200:0.000:3.396|8.400:0.000:-1.190","0.000:0.000:0.800|0.000:0.000:-0.800|0.000:0.000:0.000|0.000:0.000:0.800|0.000:0.000:-0.800","0.000:0.000:-9.627|20.000:0.000:-7.300","0.000:0.000:-1.300|0.000:0.000:-1.300",False,False,Stopped,60.00,40.00,3.00,SensorDegradation
120.6220,9,9,1188,-22.0000,0.0500,-1.1412,0.0000,0.0000,0.0000,-22.0000,0.0000,0.0000,1.1423,7,"","","-8.400:0.000:-7.195|-4.200:0.000:-2.877|-21.706:0.000:0.539|4.200:0.000:3.477|8.400:0.000:-1.270","0.000:0.000:0.800|0.000:0.000:-0.800|0.000:0.000:0.000|0.000:0.000:0.800|0.000:0.000:-0.800","0.000:0.000:-9.758|20.000:0.000:-7.432","0.000:0.000:-1.300|0.000:0.000:-1.300",False,False,Stopped,60.00,40.00,3.00,SensorDegradation
120.7236,9,9,1189,-22.0000,0.0500,-1.1412,0.0000,0.0000,0.0000,-22.0000,0.0000,0.0000,1.1423,7,"","","-8.400:0.000:-7.113|-4.200:0.000:-2.958|-21.706:0.000:0.539|4.200:0.000:3.558|8.400:0.000:-1.352","0.000:0.000:0.800|0.000:0.000:-0.800|0.000:0.000:0.000|0.000:0.000:0.800|0.000:0.000:-0.800","0.000:0.000:-9.890|20.000:0.000:-7.564","0.000:0.000:-1.300|0.000:0.000:-1.300",False,False,Stopped,60.00,40.00,3.00,SensorDegradation
120.8240,9,9,1190,-22.0000,0.0500,-1.1412,0.0000,0.0000,0.0000,-22.0000,0.0000,0.0000,1.1423,7,"","","-8.400:0.000:-7.033|-4.200:0.000:-3.038|-21.706:0.000:0.539|4.200:0.000:3.638|8.400:0.000:-1.432","0.000:0.000:0.800|0.000:0.000:-0.800|0.000:0.000:0.000|0.000:0.000:0.800|0.000:0.000:-0.800","0.000:0.000:-10.020|20.000:0.000:-7.694","0.000:0.000:-1.300|0.000:0.000:-1.300",False,False,Stopped,60.00,40.00,3.00,SensorDegradation
120.9267,9,9,1191,-22.0000,0.0500,-1.1412,0.0000,0.0000,0.0000,-22.0000,0.0000,0.0000,1.1423,7,"","","-8.400:0.000:-6.951|-4.200:0.000:-3.120|-21.706:0.000:0.539|4.200:0.000:3.720|8.400:0.000:-1.514","0.000:0.000:0.800|0.000:0.000:-0.800|0.000:0.000:0.000|0.000:0.000:0.800|0.000:0.000:-0.800","0.000:0.000:-10.154|20.000:0.000:-7.828","0.000:0.000:-1.300|0.000:0.000:-1.300",False,False,Stopped,60.00,40.00,3.00,SensorDegradation
121.0285,9,9,1192,-22.0000,0.0500,-1.1412,0.0000,0.0000,0.0000,-22.0000,0.0000,0.0000,1.1423,7,"","","-8.400:0.000:-6.870|-4.200:0.000:-3.202|-21.706:0.000:0.539|4.200:0.000:3.802|8.400:0.000:-1.596","0.000:0.000:0.800|0.000:0.000:-0.800|0.000:0.000:0.000|0.000:0.000:0.800|0.000:0.000:-0.800","0.000:0.000:-10.286|20.000:0.000:-7.744","0.000:0.000:-1.300|0.000:0.000:1.300",False,False,Stopped,60.00,40.00,3.00,SensorDegradation
121.1296,9,9,1193,-22.0000,0.0500,-1.1412,0.0000,0.0000,0.0000,-22.0000,0.0000,0.0000,1.1423,7,"","","-8.400:0.000:-6.789|-4.200:0.000:-3.283|-21.706:0.000:0.539|4.200:0.000:3.883|8.400:0.000:-1.676","0.000:0.000:0.800|0.000:0.000:-0.800|0.000:0.000:0.000|0.000:0.000:0.800|0.000:0.000:-0.800","0.000:0.000:-10.418|20.000:0.000:-7.613","0.000:0.000:-1.300|0.000:0.000:1.300",False,False,Stopped,60.00,40.00,3.00,SensorDegradation
121.2313,9,9,1194,-22.0000,0.0500,-1.1412,0.0000,0.0000,0.0000,-22.0000,0.0000,0.0000,1.1423,7,"","","-8.400:0.000:-6.707|-4.200:0.000:-3.364|-21.706:0.000:0.539|4.200:0.000:3.964|8.400:0.000:-1.758","0.000:0.000:0.800|0.000:0.000:-0.800|0.000:0.000:0.000|0.000:0.000:0.800|0.000:0.000:-0.800","0.000:0.000:-10.550|20.000:0.000:-7.481","0.000:0.000:-1.300|0.000:0.000:1.300",False,False,Stopped,60.00,40.00,3.00,SensorDegradation
121.3330,9,9,1195,-22.0000,0.0500,-1.1412,0.0000,0.0000,0.0000,-22.0000,0.0000,0.0000,1.1423,7,"","","-8.400:0.000:-6.626|-4.200:0.000:-3.445|-21.706:0.000:0.539|4.200:0.000:4.045|8.400:0.000:-1.839","0.000:0.000:0.800|0.000:0.000:-0.800|0.000:0.000:0.000|0.000:0.000:0.800|0.000:0.000:-0.800","0.000:0.000:-10.682|20.000:0.000:-7.349","0.000:0.000:-1.300|0.000:0.000:1.300",False,False,Stopped,60.00,40.00,3.00,SensorDegradation
121.4341,9,9,1196,-22.0000,0.0500,-1.1412,0.0000,0.0000,0.0000,-22.0000,0.0000,0.0000,1.1423,7,"","","-8.400:0.000:-6.545|-4.200:0.000:-3.526|-21.706:0.000:0.539|4.200:0.000:4.126|8.400:0.000:-1.920","0.000:0.000:0.800|0.000:0.000:-0.800|0.000:0.000:0.000|0.000:0.000:0.800|0.000:0.000:-0.800","0.000:0.000:-10.813|20.000:0.000:-7.217","0.000:0.000:-1.300|0.000:0.000:1.300",False,False,Stopped,60.00,40.00,3.00,SensorDegradation
121.5352,9,9,1197,-22.0000,0.0500,-1.1412,0.0000,0.0000,0.0000,-22.0000,0.0000,0.0000,1.1423,7,"","","-8.400:0.000:-6.464|-4.200:0.000:-3.607|-21.706:0.000:0.539|4.200:0.000:4.207|8.400:0.000:-2.001","0.000:0.000:0.800|0.000:0.000:-0.800|0.000:0.000:0.000|0.000:0.000:0.800|0.000:0.000:-0.800","0.000:0.000:-10.945|20.000:0.000:-7.086","0.000:0.000:-1.300|0.000:0.000:1.300",False,False,Stopped,60.00,40.00,3.00,SensorDegradation
121.6361,9,9,1198,-22.0000,0.0500,-1.1412,0.0000,0.0000,0.0000,-22.0000,0.0000,0.0000,1.1423,7,"","","-8.400:0.000:-6.384|-4.200:0.000:-3.688|-21.706:0.000:0.539|4.200:0.000:4.288|8.400:0.000:-2.082","0.000:0.000:0.800|0.000:0.000:-0.800|0.000:0.000:0.000|0.000:0.000:0.800|0.000:0.000:-0.800","0.000:0.000:-11.076|20.000:0.000:-6.955","0.000:0.000:-1.300|0.000:0.000:1.300",False,False,Stopped,60.00,40.00,3.00,SensorDegradation
121.7381,9,9,1199,-22.0000,0.0500,-1.1412,0.0000,0.0000,0.0000,-22.0000,0.0000,0.0000,1.1423,7,"","","-8.400:0.000:-6.302|-4.200:0.000:-3.770|-21.706:0.000:0.539|4.200:0.000:4.370|8.400:0.000:-2.163","0.000:0.000:0.800|0.000:0.000:-0.800|0.000:0.000:0.000|0.000:0.000:0.800|0.000:0.000:-0.800","0.000:0.000:-11.209|20.000:0.000:-6.822","0.000:0.000:-1.300|0.000:0.000:1.300",False,False,Stopped,60.00,40.00,3.00,SensorDegradation
121.8387,9,9,1200,-22.0000,0.0500,-1.1412,0.0000,0.0000,0.0000,-22.0000,0.0000,0.0000,1.1423,7,"","","-8.400:0.000:-6.221|-4.200:0.000:-3.850|-21.706:0.000:0.539|4.200:0.000:4.450|8.400:0.000:-2.244","0.000:0.000:0.800|0.000:0.000:-0.800|0.000:0.000:0.000|0.000:0.000:0.800|0.000:0.000:-0.800","0.000:0.000:-11.340|20.000:0.000:-6.691","0.000:0.000:-1.300|0.000:0.000:1.300",False,False,Stopped,60.00,40.00,3.00,SensorDegradation
121.9403,9,9,1201,-22.0000,0.0500,-1.1412,0.0000,0.0000,0.0000,-22.0000,0.0000,0.0000,1.1423,7,"","","-8.400:0.000:-6.140|-4.200:0.000:-3.931|-21.706:0.000:0.539|4.200:0.000:4.531|8.400:0.000:-2.325","0.000:0.000:0.800|0.000:0.000:-0.800|0.000:0.000:0.000|0.000:0.000:0.800|0.000:0.000:-0.800","0.000:0.000:-11.471|20.000:0.000:-6.559","0.000:0.000:-1.300|0.000:0.000:1.300",False,False,Stopped,60.00,40.00,3.00,SensorDegradation
122.0433,9,9,1202,-22.0000,0.0500,-1.1412,0.0000,0.0000,0.0000,-22.0000,0.0000,0.0000,1.1423,7,"","","-8.400:0.000:-6.058|-4.200:0.000:-4.014|-21.706:0.000:0.539|4.200:0.000:4.614|8.400:0.000:-2.407","0.000:0.000:0.800|0.000:0.000:-0.800|0.000:0.000:0.000|0.000:0.000:0.800|0.000:0.000:-0.800","0.000:0.000:-11.605|20.000:0.000:-6.425","0.000:0.000:-1.300|0.000:0.000:1.300",False,False,Stopped,60.00,40.00,3.00,SensorDegradation
122.1452,9,9,1203,-22.0000,0.0500,-1.1412,0.0000,0.0000,0.0000,-22.0000,0.0000,0.0000,1.1423,7,"","","-8.400:0.000:-5.976|-4.200:0.000:-4.095|-21.706:0.000:0.539|4.200:0.000:4.695|8.400:0.000:-2.489","0.000:0.000:0.800|0.000:0.000:-0.800|0.000:0.000:0.000|0.000:0.000:0.800|0.000:0.000:-0.800","0.000:0.000:-11.738|20.000:0.000:-6.293","0.000:0.000:-1.300|0.000:0.000:1.300",False,False,Stopped,60.00,40.00,3.00,SensorDegradation
122.2484,9,9,1204,-22.0000,0.0500,-1.1412,0.0000,0.0000,0.0000,-22.0000,0.0000,0.0000,1.1423,7,"","","-8.400:0.000:-5.894|-4.200:0.000:-4.178|-21.706:0.000:0.539|4.200:0.000:4.778|8.400:0.000:-2.571","0.000:0.000:0.800|0.000:0.000:-0.800|0.000:0.000:0.000|0.000:0.000:0.800|0.000:0.000:-0.800","0.000:0.000:-11.872|20.000:0.000:-6.159","0.000:0.000:-1.300|0.000:0.000:1.300",False,False,Stopped,60.00,40.00,3.00,SensorDegradation
122.3495,9,9,1205,-22.0000,0.0500,-1.1412,0.0000,0.0000,0.0000,-22.0000,0.0000,0.0000,1.1423,7,"","","-8.400:0.000:-5.813|-4.200:0.000:-4.259|-21.706:0.000:0.539|4.200:0.000:4.859|8.400:0.000:-2.652","0.000:0.000:0.800|0.000:0.000:-0.800|0.000:0.000:0.000|0.000:0.000:0.800|0.000:0.000:-0.800","0.000:0.000:-12.004|20.000:0.000:-6.027","0.000:0.000:-1.300|0.000:0.000:1.300",False,False,Stopped,60.00,40.00,3.00,SensorDegradation
122.4519,9,9,1206,-22.0000,0.0500,-1.1412,0.0000,0.0000,0.0000,-22.0000,0.0000,0.0000,1.1423,7,"","","-8.400:0.000:-5.731|-4.200:0.000:-4.340|-21.706:0.000:0.539|4.200:0.000:4.941|8.400:0.000:-2.734","0.000:0.000:0.800|0.000:0.000:-0.800|0.000:0.000:0.000|0.000:0.000:0.800|0.000:0.000:-0.800","0.000:0.000:-12.137|20.000:0.000:-5.894","0.000:0.000:-1.300|0.000:0.000:1.300",False,False,Stopped,60.00,40.00,3.00,SensorDegradation
122.5520,9,9,1207,-22.0000,0.0500,-1.1412,0.0000,0.0000,0.0000,-22.0000,0.0000,0.0000,1.1423,7,"","","-8.400:0.000:-5.651|-4.200:0.000:-4.421|-21.706:0.000:0.539|4.200:0.000:5.021|8.400:0.000:-2.814","0.000:0.000:0.800|0.000:0.000:-0.800|0.000:0.000:0.000|0.000:0.000:0.800|0.000:0.000:-0.800","0.000:0.000:-12.267|20.000:0.000:-5.764","0.000:0.000:-1.300|0.000:0.000:1.300",False,False,Stopped,60.00,40.00,3.00,SensorDegradation
122.6536,9,9,1208,-22.0000,0.0500,-1.1412,0.0000,0.0000,0.0000,-22.0000,0.0000,0.0000,1.1423,7,"","","-8.400:0.000:-5.570|-4.200:0.000:-4.502|-21.706:0.000:0.539|4.200:0.000:5.102|8.400:0.000:-2.896","0.000:0.000:0.800|0.000:0.000:-0.800|0.000:0.000:0.000|0.000:0.000:0.800|0.000:0.000:-0.800","0.000:0.000:-12.399|20.000:0.000:-5.632","0.000:0.000:-1.300|0.000:0.000:1.300",False,False,Stopped,60.00,40.00,3.00,SensorDegradation
122.7546,9,9,1209,-22.0000,0.0500,-1.1412,0.0000,0.0000,0.0000,-22.0000,0.0000,0.0000,1.1423,7,"","","-8.400:0.000:-5.489|-4.200:0.000:-4.583|-21.706:0.000:0.539|4.200:0.000:5.183|8.400:0.000:-2.976","0.000:0.000:0.800|0.000:0.000:-0.800|0.000:0.000:0.000|0.000:0.000:0.800|0.000:0.000:-0.800","0.000:0.000:-12.530|20.000:0.000:-5.501","0.000:0.000:-1.300|0.000:0.000:1.300",False,False,Stopped,60.00,40.00,3.00,SensorDegradation
122.8555,9,9,1210,-22.0000,0.0500,-1.1412,0.0000,0.0000,0.0000,-22.0000,0.0000,0.0000,1.1423,7,"","","-8.400:0.000:-5.408|-4.200:0.000:-4.663|-21.706:0.000:0.539|4.200:0.000:5.263|8.400:0.000:-3.057","0.000:0.000:0.800|0.000:0.000:-0.800|0.000:0.000:0.000|0.000:0.000:0.800|0.000:0.000:-0.800","0.000:0.000:-12.661|20.000:0.000:-5.369","0.000:0.000:-1.300|0.000:0.000:1.300",False,False,Stopped,60.00,40.00,3.00,SensorDegradation
122.9564,9,9,1211,-22.0000,0.0500,-1.1412,0.0000,0.0000,0.0000,-22.0000,0.0000,0.0000,1.1423,7,"","","-8.400:0.000:-5.327|-4.200:0.000:-4.744|-21.706:0.000:0.539|4.200:0.000:5.344|8.400:0.000:-3.138","0.000:0.000:0.800|0.000:0.000:-0.800|0.000:0.000:0.000|0.000:0.000:0.800|0.000:0.000:-0.800","0.000:0.000:-12.792|20.000:0.000:-5.238","0.000:0.000:-1.300|0.000:0.000:1.300",False,False,Stopped,60.00,40.00,3.00,SensorDegradation
123.0579,9,9,1212,-22.0000,0.0500,-1.1412,0.0000,0.0000,0.0000,-22.0000,0.0000,0.0000,1.1423,7,"","","-8.400:0.000:-5.246|-4.200:0.000:-4.825|-21.706:0.000:0.539|4.200:0.000:5.425|8.400:0.000:-3.219","0.000:0.000:0.800|0.000:0.000:-0.800|0.000:0.000:0.000|0.000:0.000:0.800|0.000:0.000:-0.800","0.000:0.000:-12.924|20.000:0.000:-5.106","0.000:0.000:-1.300|0.000:0.000:1.300",False,False,Stopped,60.00,40.00,3.00,SensorDegradation
123.1593,9,9,1213,-22.0000,0.0500,-1.1412,0.0000,0.0000,0.0000,-22.0000,0.0000,0.0000,1.1423,7,"","","-8.400:0.000:-5.165|-4.200:0.000:-4.906|-21.706:0.000:0.539|4.200:0.000:5.506|8.400:0.000:-3.300","0.000:0.000:0.800|0.000:0.000:-0.800|0.000:0.000:0.000|0.000:0.000:0.800|0.000:0.000:-0.800","0.000:0.000:-13.056|20.000:0.000:-4.974","0.000:0.000:-1.300|0.000:0.000:1.300",False,False,Stopped,60.00,40.00,3.00,SensorDegradation
123.2604,9,9,1214,-22.0000,0.0500,-1.1412,0.0000,0.0000,0.0000,-22.0000,0.0000,0.0000,1.1423,7,"","","-8.400:0.000:-5.084|-4.200:0.000:-4.987|-21.706:0.000:0.539|4.200:0.000:5.587|8.400:0.000:-3.381","0.000:0.000:0.800|0.000:0.000:-0.800|0.000:0.000:0.000|0.000:0.000:0.800|0.000:0.000:-0.800","0.000:0.000:-13.188|20.000:0.000:-4.843","0.000:0.000:-1.300|0.000:0.000:1.300",False,False,Stopped,60.00,40.00,3.00,SensorDegradation
123.3610,9,9,1215,-22.0000,0.0500,-1.1412,0.0000,0.0000,0.0000,-22.0000,0.0000,0.0000,1.1423,7,"","","-8.400:0.000:-5.004|-4.200:0.000:-5.068|-21.706:0.000:0.539|4.200:0.000:5.668|8.400:0.000:-3.461","0.000:0.000:0.800|0.000:0.000:-0.800|0.000:0.000:0.000|0.000:0.000:0.800|0.000:0.000:-0.800","0.000:0.000:-13.318|20.000:0.000:-4.712","0.000:0.000:-1.300|0.000:0.000:1.300",False,False,Stopped,60.00,40.00,3.00,SensorDegradation
123.4629,9,9,1216,-22.0000,0.0500,-1.1412,0.0000,0.0000,0.0000,-22.0000,0.0000,0.0000,1.1423,7,"","","-8.400:0.000:-4.922|-4.200:0.000:-5.149|-21.706:0.000:0.539|4.200:0.000:5.749|8.400:0.000:-3.543","0.000:0.000:0.800|0.000:0.000:-0.800|0.000:0.000:0.000|0.000:0.000:0.800|0.000:0.000:-0.800","0.000:0.000:-13.256|20.000:0.000:-4.580","0.000:0.000:1.300|0.000:0.000:1.300",False,False,Stopped,60.00,40.00,3.00,SensorDegradation
123.5657,9,9,1217,-22.0000,0.0500,-1.1412,0.0000,0.0000,0.0000,-22.0000,0.0000,0.0000,1.1423,7,"","","-8.400:0.000:-4.840|-4.200:0.000:-5.232|-21.706:0.000:0.539|4.200:0.000:5.832|8.400:0.000:-3.625","0.000:0.000:0.800|0.000:0.000:-0.800|0.000:0.000:0.000|0.000:0.000:0.800|0.000:0.000:-0.800","0.000:0.000:-13.123|20.000:0.000:-4.446","0.000:0.000:1.300|0.000:0.000:1.300",False,False,Stopped,60.00,40.00,3.00,SensorDegradation
123.6673,9,9,1218,-22.0000,0.0500,-1.1412,0.0000,0.0000,0.0000,-22.0000,0.0000,0.0000,1.1423,7,"","","-8.400:0.000:-4.759|-4.200:0.000:-5.313|-21.706:0.000:0.539|4.200:0.000:5.913|8.400:0.000:-3.706","0.000:0.000:0.800|0.000:0.000:-0.800|0.000:0.000:0.000|0.000:0.000:0.800|0.000:0.000:-0.800","0.000:0.000:-12.991|20.000:0.000:-4.314","0.000:0.000:1.300|0.000:0.000:1.300",False,False,Stopped,60.00,40.00,3.00,SensorDegradation
123.7685,9,9,1219,-22.0000,0.0500,-1.1412,0.0000,0.0000,0.0000,-22.0000,0.0000,0.0000,1.1423,7,"","","-8.400:0.000:-4.678|-4.200:0.000:-5.394|-21.706:0.000:0.539|4.200:0.000:5.994|8.400:0.000:-3.787","0.000:0.000:0.800|0.000:0.000:-0.800|0.000:0.000:0.000|0.000:0.000:0.800|0.000:0.000:-0.800","0.000:0.000:-12.859|20.000:0.000:-4.183","0.000:0.000:1.300|0.000:0.000:1.300",False,False,Stopped,60.00,40.00,3.00,SensorDegradation
123.8710,9,9,1220,-22.0000,0.0500,-1.1412,0.0000,0.0000,0.0000,-22.0000,0.0000,0.0000,1.1423,7,"","","-8.400:0.000:-4.701|-4.200:0.000:-5.476|-21.706:0.000:0.539|4.200:0.000:6.076|8.400:0.000:-3.869","0.000:0.000:-0.800|0.000:0.000:-0.800|0.000:0.000:0.000|0.000:0.000:0.800|0.000:0.000:-0.800","0.000:0.000:-12.726|20.000:0.000:-4.049","0.000:0.000:1.300|0.000:0.000:1.300",False,False,Stopped,60.00,40.00,3.00,SensorDegradation
123.9732,9,9,1221,-22.0000,0.0500,-1.1412,0.0000,0.0000,0.0000,-22.0000,0.0000,0.0000,1.1423,7,"","","-8.400:0.000:-4.783|-4.200:0.000:-5.557|-21.706:0.000:0.539|4.200:0.000:6.158|8.400:0.000:-3.951","0.000:0.000:-0.800|0.000:0.000:-0.800|0.000:0.000:0.000|0.000:0.000:0.800|0.000:0.000:-0.800","0.000:0.000:-12.593|20.000:0.000:-3.916","0.000:0.000:1.300|0.000:0.000:1.300",False,False,Stopped,60.00,40.00,3.00,SensorDegradation
124.0745,9,9,1222,-22.0000,0.0500,-1.1412,0.0000,0.0000,0.0000,-22.0000,0.0000,0.0000,1.1423,7,"","","-8.400:0.000:-4.864|-4.200:0.000:-5.639|-21.706:0.000:0.539|4.200:0.000:6.239|8.400:0.000:-4.032","0.000:0.000:-0.800|0.000:0.000:-0.800|0.000:0.000:0.000|0.000:0.000:0.800|0.000:0.000:-0.800","0.000:0.000:-12.461|20.000:0.000:-3.785","0.000:0.000:1.300|0.000:0.000:1.300",False,False,Stopped,60.00,40.00,3.00,SensorDegradation
124.1756,9,9,1223,-22.0000,0.0500,-1.1412,0.0000,0.0000,0.0000,-22.0000,0.0000,0.0000,1.1423,7,"","","-8.400:0.000:-4.945|-4.200:0.000:-5.719|-21.706:0.000:0.539|4.200:0.000:6.319|8.400:0.000:-4.113","0.000:0.000:-0.800|0.000:0.000:-0.800|0.000:0.000:0.000|0.000:0.000:0.800|0.000:0.000:-0.800","0.000:0.000:-12.330|20.000:0.000:-3.653","0.000:0.000:1.300|0.000:0.000:1.300",False,False,Stopped,60.00,40.00,3.00,SensorDegradation
124.2765,9,9,1224,-22.0000,0.0500,-1.1412,0.0000,0.0000,0.0000,-22.0000,0.0000,0.0000,1.1423,7,"","","-8.400:0.000:-5.025|-4.200:0.000:-5.800|-21.706:0.000:0.539|4.200:0.000:6.400|8.400:0.000:-4.194","0.000:0.000:-0.800|0.000:0.000:-0.800|0.000:0.000:0.000|0.000:0.000:0.800|0.000:0.000:-0.800","0.000:0.000:-12.199|20.000:0.000:-3.522","0.000:0.000:1.300|0.000:0.000:1.300",False,False,Stopped,60.00,40.00,3.00,SensorDegradation
124.3788,9,9,1225,-22.0000,0.0500,-1.1412,0.0000,0.0000,0.0000,-22.0000,0.0000,0.0000,1.1423,7,"","","-8.400:0.000:-5.107|-4.200:0.000:-5.882|-21.706:0.000:0.539|4.200:0.000:6.482|8.400:0.000:-4.276","0.000:0.000:-0.800|0.000:0.000:-0.800|0.000:0.000:0.000|0.000:0.000:0.800|0.000:0.000:-0.800","0.000:0.000:-12.066|20.000:0.000:-3.389","0.000:0.000:1.300|0.000:0.000:1.300",False,False,Stopped,60.00,40.00,3.00,SensorDegradation
124.4798,9,9,1226,-22.0000,0.0500,-1.1412,0.0000,0.0000,0.0000,-22.0000,0.0000,0.0000,1.1423,7,"","","-8.400:0.000:-5.188|-4.200:0.000:-5.963|-21.706:0.000:0.539|4.200:0.000:6.563|8.400:0.000:-4.347","0.000:0.000:-0.800|0.000:0.000:-0.800|0.000:0.000:0.000|0.000:0.000:0.800|0.000:0.000:0.800","0.000:0.000:-11.934|20.000:0.000:-3.258","0.000:0.000:1.300|0.000:0.000:1.300",False,False,Stopped,60.00,40.00,3.00,SensorDegradation
124.5803,9,9,1227,-22.0000,0.0500,-1.1412,0.0000,0.0000,0.0000,-22.0000,0.0000,0.0000,1.1423,7,"","","-8.400:0.000:-5.268|-4.200:0.000:-6.043|-21.706:0.000:0.539|4.200:0.000:6.643|8.400:0.000:-4.266","0.000:0.000:-0.800|0.000:0.000:-0.800|0.000:0.000:0.000|0.000:0.000:0.800|0.000:0.000:0.800","0.000:0.000:-11.804|20.000:0.000:-3.127","0.000:0.000:1.300|0.000:0.000:1.300",False,False,Stopped,60.00,40.00,3.00,SensorDegradation
124.6827,9,9,1228,-22.0000,0.0500,-1.1412,0.0000,0.0000,0.0000,-22.0000,0.0000,0.0000,1.1423,7,"","","-8.400:0.000:-5.350|-4.200:0.000:-6.125|-21.706:0.000:0.539|4.200:0.000:6.725|8.400:0.000:-4.184","0.000:0.000:-0.800|0.000:0.000:-0.800|0.000:0.000:0.000|0.000:0.000:0.800|0.000:0.000:0.800","0.000:0.000:-11.671|20.000:0.000:-2.994","0.000:0.000:1.300|0.000:0.000:1.300",False,False,Stopped,60.00,40.00,3.00,SensorDegradation
124.7835,9,9,1229,-22.0000,0.0500,-1.1412,0.0000,0.0000,0.0000,-22.0000,0.0000,0.0000,1.1423,7,"","","-8.400:0.000:-5.431|-4.200:0.000:-6.206|-21.706:0.000:0.539|4.200:0.000:6.806|8.400:0.000:-4.104","0.000:0.000:-0.800|0.000:0.000:-0.800|0.000:0.000:0.000|0.000:0.000:0.800|0.000:0.000:0.800","0.000:0.000:-11.540|20.000:0.000:-2.863","0.000:0.000:1.300|0.000:0.000:1.300",False,False,Stopped,60.00,40.00,3.00,SensorDegradation
124.8837,9,9,1230,-22.0000,0.0500,-1.1412,0.0000,0.0000,0.0000,-22.0000,0.0000,0.0000,1.1423,7,"","","-8.400:0.000:-5.511|-4.200:0.000:-6.286|-21.706:0.000:0.539|4.200:0.000:6.886|8.400:0.000:-4.024","0.000:0.000:-0.800|0.000:0.000:-0.800|0.000:0.000:0.000|0.000:0.000:0.800|0.000:0.000:0.800","0.000:0.000:-11.409|20.000:0.000:-2.733","0.000:0.000:1.300|0.000:0.000:1.300",False,False,Stopped,60.00,40.00,3.00,SensorDegradation
124.9841,9,9,1231,-22.0000,0.0500,-1.1412,0.0000,0.0000,0.0000,-22.0000,0.0000,0.0000,1.1423,7,"","","-8.400:0.000:-5.591|-4.200:0.000:-6.366|-21.706:0.000:0.539|4.200:0.000:6.966|8.400:0.000:-3.943","0.000:0.000:-0.800|0.000:0.000:-0.800|0.000:0.000:0.000|0.000:0.000:0.800|0.000:0.000:0.800","0.000:0.000:-11.279|20.000:0.000:-2.602","0.000:0.000:1.300|0.000:0.000:1.300",False,False,Stopped,60.00,40.00,3.00,SensorDegradation
125.0848,9,9,1232,-22.0000,0.0500,-1.1412,0.0000,0.0000,0.0000,-22.0000,0.0000,0.0000,1.1423,7,"","","-8.400:0.000:-5.672|-4.200:0.000:-6.447|-21.706:0.000:0.539|4.200:0.000:7.047|8.400:0.000:-3.863","0.000:0.000:-0.800|0.000:0.000:-0.800|0.000:0.000:0.000|0.000:0.000:0.800|0.000:0.000:0.800","0.000:0.000:-11.148|20.000:0.000:-2.471","0.000:0.000:1.300|0.000:0.000:1.300",False,False,Stopped,60.00,40.00,3.00,SensorDegradation
125.1852,9,9,1233,-22.0000,0.0500,-1.1412,0.0000,0.0000,0.0000,-22.0000,0.0000,0.0000,1.1423,7,"","","-8.400:0.000:-5.752|-4.200:0.000:-6.527|-21.706:0.000:0.539|4.200:0.000:7.127|8.400:0.000:-3.782","0.000:0.000:-0.800|0.000:0.000:-0.800|0.000:0.000:0.000|0.000:0.000:0.800|0.000:0.000:0.800","0.000:0.000:-11.017|20.000:0.000:-2.341","0.000:0.000:1.300|0.000:0.000:1.300",False,False,Stopped,60.00,40.00,3.00,SensorDegradation
125.2858,9,9,1234,-22.0000,0.0500,-1.1412,0.0000,0.0000,0.0000,-22.0000,0.0000,0.0000,1.1423,7,"","","-8.400:0.000:-5.833|-4.200:0.000:-6.608|-21.706:0.000:0.539|4.200:0.000:7.208|8.400:0.000:-3.702","0.000:0.000:-0.800|0.000:0.000:-0.800|0.000:0.000:0.000|0.000:0.000:0.800|0.000:0.000:0.800","0.000:0.000:-10.887|20.000:0.000:-2.210","0.000:0.000:1.300|0.000:0.000:1.300",False,False,Stopped,60.00,40.00,3.00,SensorDegradation
125.3874,9,9,1235,-22.0000,0.0500,-1.1412,0.0000,0.0000,0.0000,-22.0000,0.0000,0.0000,1.1423,7,"","","-8.400:0.000:-5.914|-4.200:0.000:-6.689|-21.706:0.000:0.539|4.200:0.000:7.289|8.400:0.000:-3.621","0.000:0.000:-0.800|0.000:0.000:-0.800|0.000:0.000:0.000|0.000:0.000:0.800|0.000:0.000:0.800","0.000:0.000:-10.755|20.000:0.000:-2.078","0.000:0.000:1.300|0.000:0.000:1.300",False,False,Stopped,60.00,40.00,3.00,SensorDegradation
125.4900,9,9,1236,-22.0000,0.0500,-1.1412,0.0000,0.0000,0.0000,-22.0000,0.0000,0.0000,1.1423,7,"","","-8.400:0.000:-5.996|-4.200:0.000:-6.771|-21.706:0.000:0.539|4.200:0.000:7.371|8.400:0.000:-3.539","0.000:0.000:-0.800|0.000:0.000:-0.800|0.000:0.000:0.000|0.000:0.000:0.800|0.000:0.000:0.800","0.000:0.000:-10.621|20.000:0.000:-1.945","0.000:0.000:1.300|0.000:0.000:1.300",False,False,Stopped,60.00,40.00,3.00,SensorDegradation
125.5905,9,9,1237,-22.0000,0.0500,-1.1412,0.0000,0.0000,0.0000,-22.0000,0.0000,0.0000,1.1423,7,"","","-8.400:0.000:-6.076|-4.200:0.000:-6.851|-21.706:0.000:0.539|4.200:0.000:7.451|8.400:0.000:-3.458","0.000:0.000:-0.800|0.000:0.000:-0.800|0.000:0.000:0.000|0.000:0.000:0.800|0.000:0.000:0.800","0.000:0.000:-10.490|20.000:0.000:-1.814","0.000:0.000:1.300|0.000:0.000:1.300",False,False,Stopped,60.00,40.00,3.00,SensorDegradation
125.6910,9,9,1238,-22.0000,0.0500,-1.1412,0.0000,0.0000,0.0000,-22.0000,0.0000,0.0000,1.1423,7,"","","-8.400:0.000:-6.157|-4.200:0.000:-6.932|-21.706:0.000:0.539|4.200:0.000:7.532|8.400:0.000:-3.378","0.000:0.000:-0.800|0.000:0.000:-0.800|0.000:0.000:0.000|0.000:0.000:0.800|0.000:0.000:0.800","0.000:0.000:-10.360|20.000:0.000:-1.683","0.000:0.000:1.300|0.000:0.000:1.300",False,False,Stopped,60.00,40.00,3.00,SensorDegradation
125.7927,9,9,1239,-22.0000,0.0500,-1.1412,0.0000,0.0000,0.0000,-22.0000,0.0000,0.0000,1.1423,7,"","","-8.400:0.000:-6.238|-4.200:0.000:-7.013|-21.706:0.000:0.539|4.200:0.000:7.613|8.400:0.000:-3.296","0.000:0.000:-0.800|0.000:0.000:-0.800|0.000:0.000:0.000|0.000:0.000:0.800|0.000:0.000:0.800","0.000:0.000:-10.228|20.000:0.000:-1.551","0.000:0.000:1.300|0.000:0.000:1.300",False,False,Stopped,60.00,40.00,3.00,SensorDegradation
125.8949,9,9,1240,-22.0000,0.0500,-1.1412,0.0000,0.0000,0.0000,-22.0000,0.0000,0.0000,1.1423,7,"","","-8.400:0.000:-6.320|-4.200:0.000:-7.095|-21.706:0.000:0.539|4.200:0.000:7.695|8.400:0.000:-3.215","0.000:0.000:-0.800|0.000:0.000:-0.800|0.000:0.000:0.000|0.000:0.000:0.800|0.000:0.000:0.800","0.000:0.000:-10.095|20.000:0.000:-1.418","0.000:0.000:1.300|0.000:0.000:1.300",False,False,Stopped,60.00,40.00,3.00,SensorDegradation
125.9959,9,9,1241,-22.0000,0.0500,-1.1412,0.0000,0.0000,0.0000,-22.0000,0.0000,0.0000,1.1423,7,"","","-8.400:0.000:-6.401|-4.200:0.000:-7.176|-21.706:0.000:0.539|4.200:0.000:7.776|8.400:0.000:-3.134","0.000:0.000:-0.800|0.000:0.000:-0.800|0.000:0.000:0.000|0.000:0.000:0.800|0.000:0.000:0.800","0.000:0.000:-9.963|20.000:0.000:-1.287","0.000:0.000:1.300|0.000:0.000:1.300",False,False,Stopped,60.00,40.00,3.00,SensorDegradation
126.0971,9,9,1242,-22.0000,0.0500,-1.1412,0.0000,0.0000,0.0000,-22.0000,0.0000,0.0000,1.1423,7,"","","-8.400:0.000:-6.482|-4.200:0.000:-7.257|-21.706:0.000:0.539|4.200:0.000:7.857|8.400:0.000:-3.053","0.000:0.000:-0.800|0.000:0.000:-0.800|0.000:0.000:0.000|0.000:0.000:0.800|0.000:0.000:0.800","0.000:0.000:-9.832|20.000:0.000:-1.155","0.000:0.000:1.300|0.000:0.000:1.300",False,False,Stopped,60.00,40.00,3.00,SensorDegradation
126.1982,9,9,1243,-22.0000,0.0500,-1.1412,0.0000,0.0000,0.0000,-22.0000,0.0000,0.0000,1.1423,7,"","","-8.400:0.000:-6.563|-4.200:0.000:-7.338|-21.706:0.000:0.539|4.200:0.000:7.938|8.400:0.000:-2.972","0.000:0.000:-0.800|0.000:0.000:-0.800|0.000:0.000:0.000|0.000:0.000:0.800|0.000:0.000:0.800","0.000:0.000:-9.700|20.000:0.000:-1.024","0.000:0.000:1.300|0.000:0.000:1.300",False,False,Stopped,60.00,40.00,3.00,SensorDegradation
126.2990,9,9,1244,-22.0000,0.0500,-1.1412,0.0000,0.0000,0.0000,-22.0000,0.0000,0.0000,1.1423,7,"","","-8.400:0.000:-6.643|-4.200:0.000:-7.418|-21.706:0.000:0.539|4.200:0.000:8.018|8.400:0.000:-2.891","0.000:0.000:-0.800|0.000:0.000:-0.800|0.000:0.000:0.000|0.000:0.000:0.800|0.000:0.000:0.800","0.000:0.000:-9.569|20.000:0.000:-0.893","0.000:0.000:1.300|0.000:0.000:1.300",False,False,Stopped,60.00,40.00,3.00,SensorDegradation
126.3995,9,9,1245,-22.0000,0.0500,-1.1412,0.0000,0.0000,0.0000,-22.0000,0.0000,0.0000,1.1423,7,"","","-8.400:0.000:-6.724|-4.200:0.000:-7.499|-21.706:0.000:0.539|4.200:0.000:8.099|8.400:0.000:-2.811","0.000:0.000:-0.800|0.000:0.000:-0.800|0.000:0.000:0.000|0.000:0.000:0.800|0.000:0.000:0.800","0.000:0.000:-9.439|20.000:0.000:-0.762","0.000:0.000:1.300|0.000:0.000:1.300",False,False,Stopped,60.00,40.00,3.00,SensorDegradation
126.5018,9,9,1246,-22.0000,0.0500,-1.1412,0.0000,0.0000,0.0000,-22.0000,0.0000,0.0000,1.1423,7,"","","-8.400:0.000:-6.806|-4.200:0.000:-7.580|-21.706:0.000:0.539|4.200:0.000:8.181|8.400:0.000:-2.729","0.000:0.000:-0.800|0.000:0.000:-0.800|0.000:0.000:0.000|0.000:0.000:0.800|0.000:0.000:0.800","0.000:0.000:-9.306|20.000:0.000:-0.629","0.000:0.000:1.300|0.000:0.000:1.300",False,False,Stopped,60.00,40.00,3.00,SensorDegradation
126.6031,9,9,1247,-22.0000,0.0500,-1.1412,0.0000,0.0000,0.0000,-22.0000,0.0000,0.0000,1.1423,7,"","","-8.400:0.000:-6.887|-4.200:0.000:-7.661|-21.706:0.000:0.539|4.200:0.000:8.262|8.400:0.000:-2.648","0.000:0.000:-0.800|0.000:0.000:-0.800|0.000:0.000:0.000|0.000:0.000:0.800|0.000:0.000:0.800","0.000:0.000:-9.174|20.000:0.000:-0.498","0.000:0.000:1.300|0.000:0.000:1.300",False,False,Stopped,60.00,40.00,3.00,SensorDegradation
126.7035,9,9,1248,-22.0000,0.0500,-1.1412,0.0000,0.0000,0.0000,-22.0000,0.0000,0.0000,1.1423,7,"","","-8.400:0.000:-6.967|-4.200:0.000:-7.742|-21.706:0.000:0.539|4.200:0.000:8.342|8.400:0.000:-2.568","0.000:0.000:-0.800|0.000:0.000:-0.800|0.000:0.000:0.000|0.000:0.000:0.800|0.000:0.000:0.800","0.000:0.000:-9.043|20.000:0.000:-0.367","0.000:0.000:1.300|0.000:0.000:1.300",False,False,Stopped,60.00,40.00,3.00,SensorDegradation
126.8035,9,9,1249,-22.0000,0.0500,-1.1412,0.0000,0.0000,0.0000,-22.0000,0.0000,0.0000,1.1423,7,"","","-8.400:0.000:-7.047|-4.200:0.000:-7.822|-21.706:0.000:0.539|4.200:0.000:8.422|8.400:0.000:-2.488","0.000:0.000:-0.800|0.000:0.000:-0.800|0.000:0.000:0.000|0.000:0.000:0.800|0.000:0.000:0.800","0.000:0.000:-8.913|20.000:0.000:-0.237","0.000:0.000:1.300|0.000:0.000:1.300",False,False,Stopped,60.00,40.00,3.00,SensorDegradation
126.9043,9,9,1250,-22.0000,0.0500,-1.1412,0.0000,0.0000,0.0000,-22.0000,0.0000,0.0000,1.1423,7,"","","-8.400:0.000:-7.128|-4.200:0.000:-7.902|-21.706:0.000:0.539|4.200:0.000:8.502|8.400:0.000:-2.407","0.000:0.000:-0.800|0.000:0.000:-0.800|0.000:0.000:0.000|0.000:0.000:0.800|0.000:0.000:0.800","0.000:0.000:-8.782|20.000:0.000:-0.106","0.000:0.000:1.300|0.000:0.000:1.300",False,False,Stopped,60.00,40.00,3.00,SensorDegradation
127.0056,9,9,1251,-22.0000,0.0500,-1.1412,0.0000,0.0000,0.0000,-22.0000,0.0000,0.0000,1.1423,7,"","","-8.400:0.000:-7.209|-4.200:0.000:-7.983|-21.706:0.000:0.539|4.200:0.000:8.584|8.400:0.000:-2.326","0.000:0.000:-0.800|0.000:0.000:-0.800|0.000:0.000:0.000|0.000:0.000:0.800|0.000:0.000:0.800","0.000:0.000:-8.651|20.000:0.000:0.026","0.000:0.000:1.300|0.000:0.000:1.300",False,False,Stopped,60.00,40.00,3.00,SensorDegradation
127.1065,9,9,1252,-22.0000,0.0500,-1.1412,0.0000,0.0000,0.0000,-22.0000,0.0000,0.0000,1.1423,7,"","","-8.400:0.000:-7.289|-4.200:0.000:-8.064|-21.706:0.000:0.539|4.200:0.000:8.664|8.400:0.000:-2.245","0.000:0.000:-0.800|0.000:0.000:-0.800|0.000:0.000:0.000|0.000:0.000:0.800|0.000:0.000:0.800","0.000:0.000:-8.519|20.000:0.000:0.157","0.000:0.000:1.300|0.000:0.000:1.300",False,False,Stopped,60.00,40.00,3.00,SensorDegradation
127.2074,9,9,1253,-22.0000,0.0500,-1.1412,0.0000,0.0000,0.0000,-22.0000,0.0000,0.0000,1.1423,7,"","","-8.400:0.000:-7.370|-4.200:0.000:-8.145|-21.706:0.000:0.539|4.200:0.000:8.745|8.400:0.000:-2.165","0.000:0.000:-0.800|0.000:0.000:-0.800|0.000:0.000:0.000|0.000:0.000:0.800|0.000:0.000:0.800","0.000:0.000:-8.388|20.000:0.000:0.288","0.000:0.000:1.300|0.000:0.000:1.300",False,False,Stopped,60.00,40.00,3.00,SensorDegradation
127.3091,9,9,1254,-22.0000,0.0500,-1.1412,0.0000,0.0000,0.0000,-22.0000,0.0000,0.0000,1.1423,7,"","","-8.400:0.000:-7.451|-4.200:0.000:-8.226|-21.706:0.000:0.539|4.200:0.000:8.826|8.400:0.000:-2.083","0.000:0.000:-0.800|0.000:0.000:-0.800|0.000:0.000:0.000|0.000:0.000:0.800|0.000:0.000:0.800","0.000:0.000:-8.256|20.000:0.000:0.420","0.000:0.000:1.300|0.000:0.000:1.300",False,False,Stopped,60.00,40.00,3.00,SensorDegradation
127.4106,9,9,1255,-22.0000,0.0500,-1.1412,0.0000,0.0000,0.0000,-22.0000,0.0000,0.0000,1.1423,7,"","","-8.400:0.000:-7.533|-4.200:0.000:-8.307|-21.706:0.000:0.539|4.200:0.000:8.908|8.400:0.000:-2.002","0.000:0.000:-0.800|0.000:0.000:-0.800|0.000:0.000:0.000|0.000:0.000:0.800|0.000:0.000:0.800","0.000:0.000:-8.124|20.000:0.000:0.552","0.000:0.000:1.300|0.000:0.000:1.300",False,False,Stopped,60.00,40.00,3.00,SensorDegradation
127.5108,9,9,1256,-22.0000,0.0500,-1.1412,0.0000,0.0000,0.0000,-22.0000,0.0000,0.0000,1.1423,7,"","","-8.400:0.000:-7.613|-4.200:0.000:-8.388|-21.706:0.000:0.539|4.200:0.000:8.988|8.400:0.000:-1.922","0.000:0.000:-0.800|0.000:0.000:-0.800|0.000:0.000:0.000|0.000:0.000:0.800|0.000:0.000:0.800","0.000:0.000:-7.994|20.000:0.000:0.683","0.000:0.000:1.300|0.000:0.000:1.300",False,False,Stopped,60.00,40.00,3.00,SensorDegradation
127.6110,9,9,1257,-22.0000,0.0500,-1.1412,0.0000,0.0000,0.0000,-22.0000,0.0000,0.0000,1.1423,7,"","","-8.400:0.000:-7.693|-4.200:0.000:-8.468|-21.706:0.000:0.539|4.200:0.000:9.068|8.400:0.000:-1.842","0.000:0.000:-0.800|0.000:0.000:-0.800|0.000:0.000:0.000|0.000:0.000:0.800|0.000:0.000:0.800","0.000:0.000:-7.864|20.000:0.000:0.813","0.000:0.000:1.300|0.000:0.000:1.300",False,False,Stopped,60.00,40.00,3.00,SensorDegradation
127.7133,9,9,1258,-22.0000,0.0500,-1.1412,0.0000,0.0000,0.0000,-22.0000,0.0000,0.0000,1.1423,7,"","","-8.400:0.000:-7.775|-4.200:0.000:-8.550|-21.706:0.000:0.539|4.200:0.000:9.150|8.400:0.000:-1.760","0.000:0.000:-0.800|0.000:0.000:-0.800|0.000:0.000:0.000|0.000:0.000:0.800|0.000:0.000:0.800","0.000:0.000:-7.731|20.000:0.000:0.946","0.000:0.000:1.300|0.000:0.000:1.300",False,False,Stopped,60.00,40.00,3.00,SensorDegradation
127.8138,9,9,1259,-22.0000,0.0500,-1.1412,0.0000,0.0000,0.0000,-22.0000,0.0000,0.0000,1.1423,7,"","","-8.400:0.000:-7.855|-4.200:0.000:-8.630|-21.706:0.000:0.539|4.200:0.000:9.230|8.400:0.000:-1.679","0.000:0.000:-0.800|0.000:0.000:-0.800|0.000:0.000:0.000|0.000:0.000:0.800|0.000:0.000:0.800","0.000:0.000:-7.600|20.000:0.000:1.076","0.000:0.000:1.300|0.000:0.000:1.300",False,False,Stopped,60.00,40.00,3.00,SensorDegradation
127.9143,9,9,1260,-22.0000,0.0500,-1.1412,0.0000,0.0000,0.0000,-22.0000,0.0000,0.0000,1.1423,7,"","","-8.400:0.000:-7.936|-4.200:0.000:-8.710|-21.706:0.000:0.539|4.200:0.000:9.311|8.400:0.000:-1.599","0.000:0.000:-0.800|0.000:0.000:-0.800|0.000:0.000:0.000|0.000:0.000:0.800|0.000:0.000:0.800","0.000:0.000:-7.469|20.000:0.000:1.207","0.000:0.000:1.300|0.000:0.000:1.300",False,False,Stopped,60.00,40.00,3.00,SensorDegradation
128.0163,9,9,1261,-22.0000,0.0500,-1.1412,0.0000,0.0000,0.0000,-22.0000,0.0000,0.0000,1.1423,7,"","","-8.400:0.000:-8.017|-4.200:0.000:-8.792|-21.706:0.000:0.539|4.200:0.000:9.392|8.400:0.000:-1.517","0.000:0.000:-0.800|0.000:0.000:-0.800|0.000:0.000:0.000|0.000:0.000:0.800|0.000:0.000:0.800","0.000:0.000:-7.337|20.000:0.000:1.340","0.000:0.000:1.300|0.000:0.000:1.300",False,False,Stopped,60.00,40.00,3.00,SensorDegradation
128.1174,9,9,1262,-22.0000,0.0500,-1.1412,0.0000,0.0000,0.0000,-22.0000,0.0000,0.0000,1.1423,7,"","","-8.400:0.000:-8.098|-4.200:0.000:-8.873|-21.706:0.000:0.539|4.200:0.000:9.473|8.400:0.000:-1.437","0.000:0.000:-0.800|0.000:0.000:-0.800|0.000:0.000:0.000|0.000:0.000:0.800|0.000:0.000:0.800","0.000:0.000:-7.205|20.000:0.000:1.471","0.000:0.000:1.300|0.000:0.000:1.300",False,False,Stopped,60.00,40.00,3.00,SensorDegradation
128.2189,9,9,1263,-22.0000,0.0500,-1.1412,0.0000,0.0000,0.0000,-22.0000,0.0000,0.0000,1.1423,7,"","","-8.400:0.000:-8.179|-4.200:0.000:-8.954|-21.706:0.000:0.539|4.200:0.000:9.554|8.400:0.000:-1.355","0.000:0.000:-0.800|0.000:0.000:-0.800|0.000:0.000:0.000|0.000:0.000:0.800|0.000:0.000:0.800","0.000:0.000:-7.073|20.000:0.000:1.603","0.000:0.000:1.300|0.000:0.000:1.300",False,False,Stopped,60.00,40.00,3.00,SensorDegradation
128.3212,9,9,1264,-22.0000,0.0500,-1.1412,0.0000,0.0000,0.0000,-22.0000,0.0000,0.0000,1.1423,7,"","","-8.400:0.000:-8.261|-4.200:0.000:-9.036|-21.706:0.000:0.539|4.200:0.000:9.636|8.400:0.000:-1.274","0.000:0.000:-0.800|0.000:0.000:-0.800|0.000:0.000:0.000|0.000:0.000:0.800|0.000:0.000:0.800","0.000:0.000:-6.940|20.000:0.000:1.736","0.000:0.000:1.300|0.000:0.000:1.300",False,False,Stopped,60.00,40.00,3.00,SensorDegradation
128.4236,9,9,1265,-22.0000,0.0500,-1.1412,0.0000,0.0000,0.0000,-22.0000,0.0000,0.0000,1.1423,7,"","","-8.400:0.000:-8.343|-4.200:0.000:-9.118|-21.706:0.000:0.539|4.200:0.000:9.718|8.400:0.000:-1.192","0.000:0.000:-0.800|0.000:0.000:-0.800|0.000:0.000:0.000|0.000:0.000:0.800|0.000:0.000:0.800","0.000:0.000:-6.807|20.000:0.000:1.869","0.000:0.000:1.300|0.000:0.000:1.300",False,False,Stopped,60.00,40.00,3.00,SensorDegradation
128.5258,9,9,1266,-22.0000,0.0500,-1.1412,0.0000,0.0000,0.0000,-22.0000,0.0000,0.0000,1.1423,7,"","","-8.400:0.000:-8.425|-4.200:0.000:-9.200|-21.706:0.000:0.539|4.200:0.000:9.800|8.400:0.000:-1.110","0.000:0.000:-0.800|0.000:0.000:-0.800|0.000:0.000:0.000|0.000:0.000:0.800|0.000:0.000:0.800","0.000:0.000:-6.674|20.000:0.000:2.002","0.000:0.000:1.300|0.000:0.000:1.300",False,False,Stopped,60.00,40.00,3.00,SensorDegradation
128.6275,9,9,1267,-22.0000,0.0500,-1.1412,0.0000,0.0000,0.0000,-22.0000,0.0000,0.0000,1.1423,7,"","","-8.400:0.000:-8.506|-4.200:0.000:-9.281|-21.706:0.000:0.539|4.200:0.000:9.881|8.400:0.000:-1.029","0.000:0.000:-0.800|0.000:0.000:-0.800|0.000:0.000:0.000|0.000:0.000:0.800|0.000:0.000:0.800","0.000:0.000:-6.542|20.000:0.000:2.134","0.000:0.000:1.300|0.000:0.000:1.300",False,False,Stopped,60.00,40.00,3.00,SensorDegradation
128.7300,9,9,1268,-22.0000,0.0500,-1.1412,0.0000,0.0000,0.0000,-22.0000,0.0000,0.0000,1.1423,7,"","","-8.400:0.000:-8.588|-4.200:0.000:-9.363|-21.706:0.000:0.539|4.200:0.000:9.963|8.400:0.000:-0.947","0.000:0.000:-0.800|0.000:0.000:-0.800|0.000:0.000:0.000|0.000:0.000:0.800|0.000:0.000:0.800","0.000:0.000:-6.409|20.000:0.000:2.267","0.000:0.000:1.300|0.000:0.000:1.300",False,False,Stopped,60.00,40.00,3.00,SensorDegradation
128.8324,9,9,1269,-22.0000,0.0500,-1.1412,0.0000,0.0000,0.0000,-22.0000,0.0000,0.0000,1.1423,7,"","","-8.400:0.000:-8.670|-4.200:0.000:-9.445|-21.706:0.000:0.539|4.200:0.000:10.045|8.400:0.000:-0.865","0.000:0.000:-0.800|0.000:0.000:-0.800|0.000:0.000:0.000|0.000:0.000:0.800|0.000:0.000:0.800","0.000:0.000:-6.276|20.000:0.000:2.400","0.000:0.000:1.300|0.000:0.000:1.300",False,False,Stopped,60.00,40.00,3.00,SensorDegradation
128.9352,9,9,1270,-22.0000,0.0500,-1.1412,0.0000,0.0000,0.0000,-22.0000,0.0000,0.0000,1.1423,7,"","","-8.400:0.000:-8.752|-4.200:0.000:-9.527|-21.706:0.000:0.539|4.200:0.000:10.127|8.400:0.000:-0.782","0.000:0.000:-0.800|0.000:0.000:-0.800|0.000:0.000:0.000|0.000:0.000:0.800|0.000:0.000:0.800","0.000:0.000:-6.142|20.000:0.000:2.534","0.000:0.000:1.300|0.000:0.000:1.300",False,False,Stopped,60.00,40.00,3.00,SensorDegradation
129.0383,9,9,1271,-22.0000,0.0500,-1.1412,0.0000,0.0000,0.0000,-22.0000,0.0000,0.0000,1.1423,7,"","","-8.400:0.000:-8.835|-4.200:0.000:-9.610|-21.706:0.000:0.539|4.200:0.000:10.210|8.400:0.000:-0.700","0.000:0.000:-0.800|0.000:0.000:-0.800|0.000:0.000:0.000|0.000:0.000:0.800|0.000:0.000:0.800","0.000:0.000:-6.008|20.000:0.000:2.668","0.000:0.000:1.300|0.000:0.000:1.300",False,False,Stopped,60.00,40.00,3.00,SensorDegradation
129.1394,9,9,1272,-22.0000,0.0500,-1.1412,0.0000,0.0000,0.0000,-22.0000,0.0000,0.0000,1.1423,7,"","","-8.400:0.000:-8.916|-4.200:0.000:-9.690|-21.706:0.000:0.539|4.200:0.000:10.291|8.400:0.000:-0.619","0.000:0.000:-0.800|0.000:0.000:-0.800|0.000:0.000:0.000|0.000:0.000:0.800|0.000:0.000:0.800","0.000:0.000:-5.877|20.000:0.000:2.800","0.000:0.000:1.300|0.000:0.000:1.300",False,False,Stopped,60.00,40.00,3.00,SensorDegradation
129.2395,9,9,1273,-22.0000,0.0500,-1.1412,0.0000,0.0000,0.0000,-22.0000,0.0000,0.0000,1.1423,7,"","","-8.400:0.000:-8.996|-4.200:0.000:-9.771|-21.706:0.000:0.539|4.200:0.000:10.371|8.400:0.000:-0.539","0.000:0.000:-0.800|0.000:0.000:-0.800|0.000:0.000:0.000|0.000:0.000:0.800|0.000:0.000:0.800","0.000:0.000:-5.747|20.000:0.000:2.930","0.000:0.000:1.300|0.000:0.000:1.300",False,False,Stopped,60.00,40.00,3.00,SensorDegradation
129.3404,9,9,1274,-22.0000,0.0500,-1.1412,0.0000,0.0000,0.0000,-22.0000,0.0000,0.0000,1.1423,7,"","","-8.400:0.000:-9.077|-4.200:0.000:-9.851|-21.706:0.000:0.539|4.200:0.000:10.451|8.400:0.000:-0.458","0.000:0.000:-0.800|0.000:0.000:-0.800|0.000:0.000:0.000|0.000:0.000:0.800|0.000:0.000:0.800","0.000:0.000:-5.615|20.000:0.000:3.061","0.000:0.000:1.300|0.000:0.000:1.300",False,False,Stopped,60.00,40.00,3.00,SensorDegradation
129.4405,9,9,1275,-22.0000,0.0500,-1.1412,0.0000,0.0000,0.0000,-22.0000,0.0000,0.0000,1.1423,7,"","","-8.400:0.000:-9.157|-4.200:0.000:-9.931|-21.706:0.000:0.539|4.200:0.000:10.532|8.400:0.000:-0.378","0.000:0.000:-0.800|0.000:0.000:-0.800|0.000:0.000:0.000|0.000:0.000:0.800|0.000:0.000:0.800","0.000:0.000:-5.485|20.000:0.000:3.191","0.000:0.000:1.300|0.000:0.000:1.300",False,False,Stopped,60.00,40.00,3.00,SensorDegradation
129.5433,9,9,1276,-22.0000,0.0500,-1.1412,0.0000,0.0000,0.0000,-22.0000,0.0000,0.0000,1.1423,7,"","","-8.400:0.000:-9.239|-4.200:0.000:-10.014|-21.706:0.000:0.539|4.200:0.000:10.614|8.400:0.000:-0.296","0.000:0.000:-0.800|0.000:0.000:-0.800|0.000:0.000:0.000|0.000:0.000:0.800|0.000:0.000:0.800","0.000:0.000:-5.352|20.000:0.000:3.325","0.000:0.000:1.300|0.000:0.000:1.300",False,False,Stopped,60.00,40.00,3.00,SensorDegradation
129.6445,9,9,1277,-22.0000,0.0500,-1.1412,0.0000,0.0000,0.0000,-22.0000,0.0000,0.0000,1.1423,7,"","","-8.400:0.000:-9.320|-4.200:0.000:-10.095|-21.706:0.000:0.539|4.200:0.000:10.695|8.400:0.000:-0.215","0.000:0.000:-0.800|0.000:0.000:-0.800|0.000:0.000:0.000|0.000:0.000:0.800|0.000:0.000:0.800","0.000:0.000:-5.220|20.000:0.000:3.456","0.000:0.000:1.300|0.000:0.000:1.300",False,False,Stopped,60.00,40.00,3.00,SensorDegradation
129.7470,9,9,1278,-22.0000,0.0500,-1.1412,0.0000,0.0000,0.0000,-22.0000,0.0000,0.0000,1.1423,7,"","","-8.400:0.000:-9.402|-4.200:0.000:-10.177|-21.706:0.000:0.539|4.200:0.000:10.777|8.400:0.000:-0.133","0.000:0.000:-0.800|0.000:0.000:-0.800|0.000:0.000:0.000|0.000:0.000:0.800|0.000:0.000:0.800","0.000:0.000:-5.087|20.000:0.000:3.590","0.000:0.000:1.300|0.000:0.000:1.300",False,False,Stopped,60.00,40.00,3.00,SensorDegradation
129.8485,9,9,1279,-22.0000,0.0500,-1.1412,0.0000,0.0000,0.0000,-22.0000,0.0000,0.0000,1.1423,7,"","","-8.400:0.000:-9.483|-4.200:0.000:-10.258|-21.706:0.000:0.539|4.200:0.000:10.858|8.400:0.000:-0.052","0.000:0.000:-0.800|0.000:0.000:-0.800|0.000:0.000:0.000|0.000:0.000:0.800|0.000:0.000:0.800","0.000:0.000:-4.955|20.000:0.000:3.722","0.000:0.000:1.300|0.000:0.000:1.300",False,False,Stopped,60.00,40.00,3.00,SensorDegradation
129.9491,9,9,1280,-22.0000,0.0500,-1.1412,0.0000,0.0000,0.0000,-22.0000,0.0000,0.0000,1.1423,7,"","","-8.400:0.000:-9.563|-4.200:0.000:-10.338|-21.706:0.000:0.539|4.200:0.000:10.938|8.400:0.000:0.029","0.000:0.000:-0.800|0.000:0.000:-0.800|0.000:0.000:0.000|0.000:0.000:0.800|0.000:0.000:0.800","0.000:0.000:-4.824|20.000:0.000:3.852","0.000:0.000:1.300|0.000:0.000:1.300",False,False,Stopped,60.00,40.00,3.00,SensorDegradation
130.0511,9,9,1281,-22.0000,0.0500,-1.1412,0.0000,0.0000,0.0000,-22.0000,0.0000,0.0000,1.1423,7,"","","-8.400:0.000:-9.645|-4.200:0.000:-10.420|-21.706:0.000:0.539|4.200:0.000:11.020|8.400:0.000:0.110","0.000:0.000:-0.800|0.000:0.000:-0.800|0.000:0.000:0.000|0.000:0.000:0.800|0.000:0.000:0.800","0.000:0.000:-4.691|20.000:0.000:3.985","0.000:0.000:1.300|0.000:0.000:1.300",False,False,Stopped,60.00,40.00,3.00,SensorDegradation
130.1514,9,9,1282,-22.0000,0.0500,-1.1412,0.0000,0.0000,0.0000,-22.0000,0.0000,0.0000,1.1423,7,"","","-8.400:0.000:-9.725|-4.200:0.000:-10.500|-21.706:0.000:0.539|4.200:0.000:11.100|8.400:0.000:0.191","0.000:0.000:-0.800|0.000:0.000:-0.800|0.000:0.000:0.000|0.000:0.000:0.800|0.000:0.000:0.800","0.000:0.000:-4.561|20.000:0.000:4.115","0.000:0.000:1.300|0.000:0.000:1.300",False,False,Stopped,60.00,40.00,3.00,SensorDegradation
130.2530,9,9,1283,-22.0000,0.0500,-1.1412,0.0000,0.0000,0.0000,-22.0000,0.0000,0.0000,1.1423,7,"","","-8.400:0.000:-9.807|-4.200:0.000:-10.581|-21.706:0.000:0.539|4.200:0.000:11.182|8.400:0.000:0.272","0.000:0.000:-0.800|0.000:0.000:-0.800|0.000:0.000:0.000|0.000:0.000:0.800|0.000:0.000:0.800","0.000:0.000:-4.429|20.000:0.000:4.247","0.000:0.000:1.300|0.000:0.000:1.300",False,False,Stopped,60.00,40.00,3.00,SensorDegradation
130.3532,9,9,1284,-22.0000,0.0500,-1.1412,0.0000,0.0000,0.0000,-22.0000,0.0000,0.0000,1.1423,7,"","","-8.400:0.000:-9.817|-4.200:0.000:-10.662|-21.706:0.000:0.539|4.200:0.000:11.262|8.400:0.000:0.352","0.000:0.000:0.800|0.000:0.000:-0.800|0.000:0.000:0.000|0.000:0.000:0.800|0.000:0.000:0.800","0.000:0.000:-4.299|20.000:0.000:4.378","0.000:0.000:1.300|0.000:0.000:1.300",False,False,Stopped,60.00,40.00,3.00,SensorDegradation
130.4544,9,9,1285,-22.0000,0.0500,-1.1412,0.0000,0.0000,0.0000,-22.0000,0.0000,0.0000,1.1423,7,"","","-8.400:0.000:-9.736|-4.200:0.000:-10.743|-21.706:0.000:0.539|4.200:0.000:11.343|8.400:0.000:0.433","0.000:0.000:0.800|0.000:0.000:-0.800|0.000:0.000:0.000|0.000:0.000:0.800|0.000:0.000:0.800","0.000:0.000:-4.167|20.000:0.000:4.509","0.000:0.000:1.300|0.000:0.000:1.300",False,False,Stopped,60.00,40.00,3.00,SensorDegradation
0.1032,9,4,1,-0.0271,0.0500,9.0024,351.0218,0.6033,-92.0853,-24.0000,0.0000,15.0000,24.7118,7,"","","10.500:0.000:13.500|-4.200:0.000:-13.420|23.920:0.000:-14.997|4.200:0.000:13.420|8.400:0.000:9.920","0.000:0.000:0.000|0.000:0.000:0.800|-0.799:0.000:0.035|0.000:0.000:-0.800|0.000:0.000:-0.800","-10.500:0.000:13.500|20.000:0.000:-7.870","0.000:0.000:0.000|0.000:0.000:1.300",False,False,Moving,60.00,40.00,3.00,MultiAgentTraffic
0.2051,9,4,2,-0.1477,0.0500,9.0130,341.8432,1.4095,-91.9159,-24.0000,0.0000,15.0000,24.5923,7,"","","10.500:0.000:13.500|-4.200:0.000:-13.339|23.839:0.000:-14.993|4.200:0.000:13.339|8.400:0.000:9.839","0.000:0.000:0.000|0.000:0.000:0.800|-0.799:0.000:0.035|0.000:0.000:-0.800|0.000:0.000:-0.800","-10.500:0.000:13.500|20.000:0.000:-7.738","0.000:0.000:0.000|0.000:0.000:1.300",False,False,Moving,60.00,40.00,3.00,MultiAgentTraffic
0.3063,9,4,3,-0.2988,0.0500,9.0264,332.7382,1.4971,-89.8270,-24.0000,0.0000,15.0000,24.4424,7,"","","10.500:0.000:13.500|-4.200:0.000:-13.258|23.758:0.000:-14.989|4.200:0.000:13.258|8.400:0.000:9.758","0.000:0.000:0.000|0.000:0.000:0.800|-0.799:0.000:0.035|0.000:0.000:-0.800|0.000:0.000:-0.800","-10.500:0.000:13.500|20.000:0.000:-7.606","0.000:0.000:0.000|0.000:0.000:1.300",False,False,Moving,60.00,40.00,3.00,MultiAgentTraffic
0.4063,9,4,4,-0.4483,0.0500,9.0396,323.7368,1.4920,-89.5234,-24.0000,0.0000,15.0000,24.2943,7,"","","10.500:0.000:13.500|-4.200:0.000:-13.178|23.678:0.000:-14.986|4.200:0.000:13.178|8.400:0.000:9.678","0.000:0.000:0.000|0.000:0.000:0.800|-0.799:0.000:0.035|0.000:0.000:-0.800|0.000:0.000:-0.800","-10.500:0.000:13.500|20.000:0.000:-7.476","0.000:0.000:0.000|0.000:0.000:1.300",False,False,Moving,60.00,40.00,3.00,MultiAgentTraffic
0.5068,9,4,5,-0.5984,0.0500,9.0528,314.6956,1.6990,-101.9410,-24.0000,0.0000,15.0000,24.1456,7,"","","10.500:0.000:13.500|-4.200:0.000:-13.097|23.598:0.000:-14.983|4.200:0.000:13.097|8.400:0.000:9.597","0.000:0.000:0.000|0.000:0.000:0.800|-0.799:0.000:0.035|0.000:0.000:-0.800|0.000:0.000:-0.800","-10.500:0.000:13.500|20.000:0.000:-7.346","0.000:0.000:0.000|0.000:0.000:1.300",False,False,Moving,60.00,40.00,3.00,MultiAgentTraffic
0.6077,9,4,6,-0.7491,0.0500,9.0661,305.9854,1.3208,-73.7473,-24.0000,0.0000,15.0000,23.9962,7,"","","10.500:0.000:13.500|-4.200:0.000:-13.017|23.517:0.000:-14.979|4.200:0.000:13.017|8.400:0.000:9.517","0.000:0.000:0.000|0.000:0.000:0.800|-0.799:0.000:0.035|0.000:0.000:-0.800|0.000:0.000:-0.800","-10.500:0.000:13.500|20.000:0.000:-7.214","0.000:0.000:0.000|0.000:0.000:1.300",False,False,Moving,60.00,40.00,3.00,MultiAgentTraffic
0.7094,9,4,7,-0.9011,0.0500,9.0795,299.0129,1.5086,-65.2054,-24.0000,0.0000,15.0000,23.8456,7,"","","10.500:0.000:13.500|-4.200:0.000:-12.935|23.436:0.000:-14.975|4.200:0.000:12.935|8.400:0.000:9.435","0.000:0.000:0.000|0.000:0.000:0.800|-0.799:0.000:0.035|0.000:0.000:-0.800|0.000:0.000:-0.800","-10.500:0.000:13.500|20.000:0.000:-7.082","0.000:0.000:0.000|0.000:0.000:1.300",False,False,Moving,60.00,40.00,3.00,MultiAgentTraffic
0.8119,9,4,8,-1.0543,0.0500,9.0930,293.5734,1.4833,-47.5800,-24.0000,0.0000,15.0000,23.6939,7,"","","10.500:0.000:13.500|-4.200:0.000:-12.853|23.354:0.000:-14.972|4.200:0.000:12.853|8.400:0.000:9.353","0.000:0.000:0.000|0.000:0.000:0.800|-0.799:0.000:0.035|0.000:0.000:-0.800|0.000:0.000:-0.800","-10.500:0.000:13.500|20.000:0.000:-6.949","0.000:0.000:0.000|0.000:0.000:1.300",False,False,Moving,60.00,40.00,3.00,MultiAgentTraffic
0.9139,9,4,9,-1.2067,0.0500,9.1065,289.3869,1.3966,-34.8236,-24.0000,0.0000,15.0000,23.5430,7,"","","10.500:0.000:13.500|-4.200:0.000:-12.772|23.272:0.000:-14.968|4.200:0.000:12.772|8.400:0.000:9.272","0.000:0.000:0.000|0.000:0.000:0.800|-0.799:0.000:0.035|0.000:0.000:-0.800|0.000:0.000:-0.800","-10.500:0.000:13.500|20.000:0.000:-6.816","0.000:0.000:0.000|0.000:0.000:1.300",False,False,Moving,60.00,40.00,3.00,MultiAgentTraffic
1.0155,9,4,10,-1.3585,0.0500,9.1199,286.1585,1.5386,-29.8508,-24.0000,0.0000,15.0000,23.3927,7,"","","10.500:0.000:13.500|-4.200:0.000:-12.690|23.191:0.000:-14.965|4.200:0.000:12.690|8.400:0.000:9.190","0.000:0.000:0.000|0.000:0.000:0.800|-0.799:0.000:0.035|0.000:0.000:-0.800|0.000:0.000:-0.800","-10.500:0.000:13.500|20.000:0.000:-6.684","0.000:0.000:0.000|0.000:0.000:1.300",False,False,Moving,60.00,40.00,3.00,MultiAgentTraffic
1.1178,9,4,11,-1.5113,0.0500,9.1334,283.6404,1.3262,-20.2042,-24.0000,0.0000,15.0000,23.2414,7,"","","10.500:0.000:13.500|-4.200:0.000:-12.609|23.109:0.000:-14.961|4.200:0.000:12.609|8.400:0.000:9.109","0.000:0.000:0.000|0.000:0.000:0.800|-0.799:0.000:0.035|0.000:0.000:-0.800|0.000:0.000:-0.800","-10.500:0.000:13.500|20.000:0.000:-6.551","0.000:0.000:0.000|0.000:0.000:1.300",False,False,Moving,60.00,40.00,3.00,MultiAgentTraffic
1.2179,9,4,12,-1.6609,0.0500,9.1466,281.7293,1.4405,-16.8945,-24.0000,0.0000,15.0000,23.0933,7,"","","10.500:0.000:13.500|-4.200:0.000:-12.528|23.029:0.000:-14.958|4.200:0.000:12.528|8.400:0.000:9.028","0.000:0.000:0.000|0.000:0.000:0.800|-0.799:0.000:0.035|0.000:0.000:-0.800|0.000:0.000:-0.800","-10.500:0.000:13.500|20.000:0.000:-6.421","0.000:0.000:0.000|0.000:0.000:1.300",False,False,Moving,60.00,40.00,3.00,MultiAgentTraffic
1.3200,9,4,13,-1.8134,0.0500,9.1600,280.2178,1.5240,-13.9999,-24.0000,0.0000,15.0000,22.9424,7,"","","10.500:0.000:13.500|-4.200:0.000:-12.447|22.948:0.000:-14.954|4.200:0.000:12.447|8.400:0.000:8.947","0.000:0.000:0.000|0.000:0.000:0.800|-0.799:0.000:0.035|0.000:0.000:-0.800|0.000:0.000:-0.800","-10.500:0.000:13.500|20.000:0.000:-6.288","0.000:0.000:0.000|0.000:0.000:1.300",False,False,Moving,60.00,40.00,3.00,MultiAgentTraffic
1.4224,9,4,14,-1.9665,0.0500,9.1735,279.0439,1.6135,-11.4700,-24.0000,0.0000,15.0000,22.7909,7,"","","10.500:0.000:13.500|-4.200:0.000:-12.365|22.866:0.000:-14.951|4.200:0.000:12.365|8.400:0.000:8.865","0.000:0.000:0.000|0.000:0.000:0.800|-0.799:0.000:0.035|0.000:0.000:-0.800|0.000:0.000:-0.800","-10.500:0.000:13.500|20.000:0.000:-6.155","0.000:0.000:0.000|0.000:0.000:1.300",False,False,Moving,60.00,40.00,3.00,MultiAgentTraffic
1.5244,9,4,15,-2.1190,0.0500,9.1870,278.1397,1.4032,-7.7545,-24.0000,0.0000,15.0000,22.6401,7,"","","10.500:0.000:13.500|-4.200:0.000:-12.283|22.784:0.000:-14.947|4.200:0.000:12.283|8.400:0.000:8.783","0.000:0.000:0.000|0.000:0.000:0.800|-0.799:0.000:0.035|0.000:0.000:-0.800|0.000:0.000:-0.800","-10.500:0.000:13.500|20.000:0.000:-6.023","0.000:0.000:0.000|0.000:0.000:1.300",False,False,Moving,60.00,40.00,3.00,MultiAgentTraffic
1.6278,9,4,16,-2.2734,0.0500,9.2006,277.4315,1.4368,-6.1737,-24.0000,0.0000,15.0000,22.4873,7,"","","10.500:0.000:13.500|-4.200:0.000:-12.200|22.702:0.000:-14.944|4.200:0.000:12.200|8.400:0.000:8.700","0.000:0.000:0.000|0.000:0.000:0.800|-0.799:0.000:0.035|0.000:0.000:-0.800|0.000:0.000:-0.800","-10.500:0.000:13.500|20.000:0.000:-5.888","0.000:0.000:0.000|0.000:0.000:1.300",False,False,Moving,60.00,40.00,3.00,MultiAgentTraffic
1.7283,9,4,17,-2.4236,0.0500,9.2138,276.8989,1.4401,-4.8309,-24.0000,0.0000,15.0000,22.3389,7,"","","10.500:0.000:13.500|-4.200:0.000:-12.120|22.621:0.000:-14.940|4.200:0.000:12.120|8.400:0.000:8.620","0.000:0.000:0.000|0.000:0.000:0.800|-0.799:0.000:0.035|0.000:0.000:-0.800|0.000:0.000:-0.800","-10.500:0.000:13.500|20.000:0.000:-5.758","0.000:0.000:0.000|0.000:0.000:1.300",False,False,Moving,60.00,40.00,3.00,MultiAgentTraffic
1.8302,9,4,18,-2.5758,0.0500,9.2273,276.4801,1.3364,-3.3112,-24.0000,0.0000,15.0000,22.1883,7,"","","10.500:0.000:13.500|-4.200:0.000:-12.039|22.540:0.000:-14.937|4.200:0.000:12.039|8.400:0.000:8.539","0.000:0.000:0.000|0.000:0.000:0.800|-0.799:0.000:0.035|0.000:0.000:-0.800|0.000:0.000:-0.800","-10.500:0.000:13.500|20.000:0.000:-5.625","0.000:0.000:0.000|0.000:0.000:1.300",False,False,Moving,60.00,40.00,3.00,MultiAgentTraffic
1.9325,9,4,19,-2.7287,0.0500,9.2408,276.1532,0.5320,-1.0559,-24.0000,0.0000,15.0000,22.0372,7,"","","10.500:0.000:13.500|-4.200:0.000:-11.957|22.458:0.000:-14.933|4.200:0.000:11.957|8.400:0.000:8.457","0.000:0.000:0.000|0.000:0.000:0.800|-0.799:0.000:0.035|0.000:0.000:-0.800|0.000:0.000:-0.800","-10.500:0.000:13.500|20.000:0.000:-5.492","0.000:0.000:0.000|0.000:0.000:1.300",False,False,Moving,60.00,40.00,3.00,MultiAgentTraffic
2.0337,9,4,20,-2.8799,0.0500,9.2541,275.9040,1.2787,-1.9165,-24.0000,0.0000,15.0000,21.8878,7,"","","10.500:0.000:13.500|-4.200:0.000:-11.876|22.377:0.000:-14.929|4.200:0.000:11.876|8.400:0.000:8.376","0.000:0.000:0.000|0.000:0.000:0.800|-0.799:0.000:0.035|0.000:0.000:-0.800|0.000:0.000:-0.800","-10.500:0.000:13.500|20.000:0.000:-5.361","0.000:0.000:0.000|0.000:0.000:1.300",False,False,Moving,60.00,40.00,3.00,MultiAgentTraffic
2.1370,9,4,21,-3.0342,0.0500,9.2677,275.7072,1.5607,-1.8188,-24.0000,0.0000,15.0000,21.7354,7,"","","10.500:0.000:13.500|-4.200:0.000:-11.793|22.295:0.000:-14.926|4.200:0.000:11.793|8.400:0.000:8.293","0.000:0.000:0.000|0.000:0.000:0.800|-0.799:0.000:0.035|0.000:0.000:-0.800|0.000:0.000:-0.800","-10.500:0.000:13.500|20.000:0.000:-5.226","0.000:0.000:0.000|0.000:0.000:1.300",False,False,Moving,60.00,40.00,3.00,MultiAgentTraffic
2.2372,9,4,22,-3.1840,0.0500,9.2809,275.5592,1.6123,-1.4603,-24.0000,0.0000,15.0000,21.5874,7,"","","10.500:0.000:13.500|-4.200:0.000:-11.713|22.215:0.000:-14.922|4.200:0.000:11.713|8.400:0.000:8.213","0.000:0.000:0.000|0.000:0.000:0.800|-0.799:0.000:0.035|0.000:0.000:-0.800|0.000:0.000:-0.800","-10.500:0.000:13.500|20.000:0.000:-5.096","0.000:0.000:0.000|0.000:0.000:1.300",False,False,Moving,60.00,40.00,3.00,MultiAgentTraffic
2.3376,9,4,23,-3.3339,0.0500,9.2942,275.4441,1.5951,-1.1261,-24.0000,0.0000,15.0000,21.4393,7,"","","10.500:0.000:13.500|-4.200:0.000:-11.633|22.134:0.000:-14.919|4.200:0.000:11.633|8.400:0.000:8.133","0.000:0.000:0.000|0.000:0.000:0.800|-0.799:0.000:0.035|0.000:0.000:-0.800|0.000:0.000:-0.800","-10.500:0.000:13.500|20.000:0.000:-4.966","0.000:0.000:0.000|0.000:0.000:1.300",False,False,Moving,60.00,40.00,3.00,MultiAgentTraffic
2.4405,9,4,24,-3.4878,0.0500,9.3077,275.3525,1.4605,-0.8026,-24.0000,0.0000,15.0000,21.2874,7,"","","10.500:0.000:13.500|-4.200:0.000:-11.550|22.052:0.000:-14.915|4.200:0.000:11.550|8.400:0.000:8.050","0.000:0.000:0.000|0.000:0.000:0.800|-0.799:0.000:0.035|0.000:0.000:-0.800|0.000:0.000:-0.800","-10.500:0.000:13.500|20.000:0.000:-4.832","0.000:0.000:0.000|0.000:0.000:1.300",False,False,Moving,60.00,40.00,3.00,MultiAgentTraffic
2.5427,9,4,25,-3.6404,0.0500,9.3212,275.2823,1.5509,-0.6653,-24.0000,0.0000,15.0000,21.1368,7,"","","10.500:0.000:13.500|-4.200:0.000:-11.469|21.970:0.000:-14.912|4.200:0.000:11.469|8.400:0.000:7.969","0.000:0.000:0.000|0.000:0.000:0.800|-0.799:0.000:0.035|0.000:0.000:-0.800|0.000:0.000:-0.800","-10.500:0.000:13.500|20.000:0.000:-4.699","0.000:0.000:0.000|0.000:0.000:1.300",False,False,Moving,60.00,40.00,3.00,MultiAgentTraffic
2.6430,9,4,26,-3.7902,0.0500,9.3344,275.2289,1.5658,-0.5234,-24.0000,0.0000,15.0000,20.9889,7,"","","10.500:0.000:13.500|-4.200:0.000:-11.388|21.890:0.000:-14.908|4.200:0.000:11.388|8.400:0.000:7.888","0.000:0.000:0.000|0.000:0.000:0.800|-0.799:0.000:0.035|0.000:0.000:-0.800|0.000:0.000:-0.800","-10.500:0.000:13.500|20.000:0.000:-4.569","0.000:0.000:0.000|0.000:0.000:1.300",False,False,Moving,60.00,40.00,3.00,MultiAgentTraffic
2.7461,9,4,27,-3.9444,0.0500,9.3480,275.1863,1.6276,-0.4227,-24.0000,0.0000,15.0000,20.8369,7,"","","10.500:0.000:13.500|-4.200:0.000:-11.306|21.808:0.000:-14.905|4.200:0.000:11.306|8.400:0.000:7.806","0.000:0.000:0.000|0.000:0.000:0.800|-0.799:0.000:0.035|0.000:0.000:-0.800|0.000:0.000:-0.800","-10.500:0.000:13.500|20.000:0.000:-4.434","0.000:0.000:0.000|0.000:0.000:1.300",False,False,Moving,60.00,40.00,3.00,MultiAgentTraffic
2.8462,9,4,28,-4.0940,0.0500,9.3612,275.1544,1.6743,-0.3357,-24.0000,0.0000,15.0000,20.6893,7,"","","10.500:0.000:13.500|-4.200:0.000:-11.226|21.728:0.000:-14.901|4.200:0.000:11.226|8.400:0.000:7.726","0.000:0.000:0.000|0.000:0.000:0.800|-0.799:0.000:0.035|0.000:0.000:-0.800|0.000:0.000:-0.800","-10.500:0.000:13.500|20.000:0.000:-4.304","0.000:0.000:0.000|0.000:0.000:1.300",False,False,Moving,60.00,40.00,3.00,MultiAgentTraffic
2.9478,9,4,29,-4.2458,0.0500,9.3746,275.1292,1.3162,-0.2060,-24.0000,0.0000,15.0000,20.5397,7,"","","10.500:0.000:13.500|-4.200:0.000:-11.144|21.647:0.000:-14.898|4.200:0.000:11.144|8.400:0.000:7.644","0.000:0.000:0.000|0.000:0.000:0.800|-0.799:0.000:0.035|0.000:0.000:-0.800|0.000:0.000:-0.800","-10.500:0.000:13.500|20.000:0.000:-4.172","0.000:0.000:0.000|0.000:0.000:1.300",False,False,Moving,60.00,40.00,3.00,MultiAgentTraffic
3.0507,9,4,30,-4.3996,0.0500,9.3882,275.1094,1.5408,-0.1801,-24.0000,0.0000,15.0000,20.3881,7,"","","10.500:0.000:13.500|-4.200:0.000:-11.062|21.564:0.000:-14.894|4.200:0.000:11.062|8.400:0.000:7.562","0.000:0.000:0.000|0.000:0.000:0.800|-0.799:0.000:0.035|0.000:0.000:-0.800|0.000:0.000:-0.800","-10.500:0.000:13.500|20.000:0.000:-4.038","0.000:0.000:0.000|0.000:0.000:1.300",False,False,Moving,60.00,40.00,3.00,MultiAgentTraffic
3.1520,9,4,31,-4.5509,0.0500,9.4016,275.0944,1.7084,-0.1541,-24.0000,0.0000,15.0000,20.2389,7,"","","10.500:0.000:13.500|-4.200:0.000:-10.981|21.483:0.000:-14.891|4.200:0.000:10.981|8.400:0.000:7.481","0.000:0.000:0.000|0.000:0.000:0.800|-0.799:0.000:0.035|0.000:0.000:-0.800|0.000:0.000:-0.800","-10.500:0.000:13.500|20.000:0.000:-3.907","0.000:0.000:0.000|0.000:0.000:1.300",False,False,Moving,60.00,40.00,3.00,MultiAgentTraffic
3.2534,9,4,32,-4.7024,0.0500,9.4149,275.0827,1.6912,-0.1175,-24.0000,0.0000,15.0000,20.0896,7,"","","10.500:0.000:13.500|-4.200:0.000:-10.900|21.402:0.000:-14.887|4.200:0.000:10.900|8.400:0.000:7.400","0.000:0.000:0.000|0.000:0.000:0.800|-0.799:0.000:0.035|0.000:0.000:-0.800|0.000:0.000:-0.800","-10.500:0.000:13.500|20.000:0.000:-3.775","0.000:0.000:0.000|0.000:0.000:1.300",False,False,Moving,60.00,40.00,3.00,MultiAgentTraffic
3.3567,9,4,33,-4.8568,0.0500,9.4285,275.0735,1.8459,-0.1007,-24.0000,0.0000,15.0000,19.9376,7,"","","10.500:0.000:13.500|-4.200:0.000:-10.817|21.320:0.000:-14.883|4.200:0.000:10.817|8.400:0.000:7.317","0.000:0.000:0.000|0.000:0.000:0.800|-0.799:0.000:0.035|0.000:0.000:-0.800|0.000:0.000:-0.800","-10.500:0.000:13.500|20.000:0.000:-3.641","0.000:0.000:0.000|0.000:0.000:1.300",False,False,Moving,60.00,40.00,3.00,MultiAgentTraffic
3.4602,9,4,34,-5.0113,0.0500,9.4422,275.0664,1.7046,-0.0732,-24.0000,0.0000,15.0000,19.7854,7,"","","10.500:0.000:13.500|-4.200:0.000:-10.735|21.237:0.000:-14.880|4.200:0.000:10.735|8.400:0.000:7.235","0.000:0.000:0.000|0.000:0.000:0.800|-0.799:0.000:0.035|0.000:0.000:-0.800|0.000:0.000:-0.800","-10.500:0.000:13.500|20.000:0.000:-3.506","0.000:0.000:0.000|0.000:0.000:1.300",False,False,Moving,60.00,40.00,3.00,MultiAgentTraffic
3.5650,9,4,35,-5.1679,0.0500,9.4560,275.0608,1.5579,-0.0519,-24.0000,0.0000,15.0000,19.6313,7,"","","10.500:0.000:13.500|-4.200:0.000:-10.651|21.153:0.000:-14.876|4.200:0.000:10.651|8.400:0.000:7.151","0.000:0.000:0.000|0.000:0.000:0.800|-0.799:0.000:0.035|0.000:0.000:-0.800|0.000:0.000:-0.800","-10.500:0.000:13.500|20.000:0.000:-3.370","0.000:0.000:0.000|0.000:0.000:1.300",False,False,Moving,60.00,40.00,3.00,MultiAgentTraffic
3.6686,9,4,36,-5.3227,0.0500,9.4697,275.0566,1.7006,-0.0443,-24.0000,0.0000,15.0000,19.4790,7,"","","10.500:0.000:13.500|-4.200:0.000:-10.568|21.071:0.000:-14.873|4.200:0.000:10.568|8.400:0.000:7.068","0.000:0.000:0.000|0.000:0.000:0.800|-0.799:0.000:0.035|0.000:0.000:-0.800|0.000:0.000:-0.800","-10.500:0.000:13.500|20.000:0.000:-3.235","0.000:0.000:0.000|0.000:0.000:1.300",False,False,Moving,60.00,40.00,3.00,MultiAgentTraffic
3.7718,9,4,37,-5.4770,0.0500,9.4833,275.0533,1.4203,-0.0259,-24.0000,0.0000,15.0000,19.3271,7,"","","10.500:0.000:13.500|-4.200:0.000:-10.485|20.988:0.000:-14.869|4.200:0.000:10.485|8.400:0.000:6.985","0.000:0.000:0.000|0.000:0.000:0.800|-0.799:0.000:0.035|0.000:0.000:-0.800|0.000:0.000:-0.800","-10.500:0.000:13.500|20.000:0.000:-3.101","0.000:0.000:0.000|0.000:0.000:1.300",False,False,Moving,60.00,40.00,3.00,MultiAgentTraffic
3.8740,9,4,38,-5.6297,0.0500,9.4967,275.0509,1.3473,-0.0183,-24.0000,0.0000,15.0000,19.1770,7,"","","10.500:0.000:13.500|-4.200:0.000:-10.403|20.906:0.000:-14.865|4.200:0.000:10.403|8.400:0.000:6.904","0.000:0.000:0.000|0.000:0.000:0.800|-0.799:0.000:0.035|0.000:0.000:-0.800|0.000:0.000:-0.800","-10.500:0.000:13.500|20.000:0.000:-2.968","0.000:0.000:0.000|0.000:0.000:1.300",False,False,Moving,60.00,40.00,3.00,MultiAgentTraffic
3.9754,9,4,39,-5.7812,0.0500,9.5101,275.0490,1.5634,-0.0183,-24.0000,0.0000,15.0000,19.0280,7,"","","10.500:0.000:13.500|-4.200:0.000:-10.322|20.825:0.000:-14.862|4.200:0.000:10.322|8.400:0.000:6.822","0.000:0.000:0.000|0.000:0.000:0.800|-0.799:0.000:0.035|0.000:0.000:-0.800|0.000:0.000:-0.800","-10.500:0.000:13.500|20.000:0.000:-2.836","0.000:0.000:0.000|0.000:0.000:1.300",False,False,Moving,60.00,40.00,3.00,MultiAgentTraffic
4.0784,9,4,40,-5.8115,0.0500,9.5288,281.1186,0.3568,80.5085,-24.0000,0.0000,15.0000,18.9937,7,"","","10.500:0.000:13.500|-4.200:0.000:-10.240|20.743:0.000:-14.858|4.200:0.000:10.240|8.400:0.000:6.740","0.000:0.000:0.000|0.000:0.000:0.800|-0.799:0.000:0.035|0.000:0.000:-0.800|0.000:0.000:-0.800","-10.500:0.000:13.500|20.000:0.000:-2.703","0.000:0.000:0.000|0.000:0.000:1.300",False,False,Moving,60.00,40.00,3.00,MultiAgentTraffic
4.1787,9,4,41,-5.7508,0.0500,9.6031,290.1463,1.2193,92.0670,-24.0000,0.0000,15.0000,19.0305,7,"","","10.500:0.000:13.500|-4.200:0.000:-10.160|20.663:0.000:-14.855|4.200:0.000:10.160|8.400:0.000:6.660","0.000:0.000:0.000|0.000:0.000:0.800|-0.799:0.000:0.035|0.000:0.000:-0.800|0.000:0.000:-0.800","-10.500:0.000:13.500|20.000:0.000:-2.572","0.000:0.000:0.000|0.000:0.000:1.300",False,False,Moving,60.00,40.00,3.00,MultiAgentTraffic
4.2803,9,4,42,-5.6559,0.0500,9.7205,299.2858,1.4894,89.4333,-24.0000,0.0000,15.0000,19.0888,7,"","","10.500:0.000:13.500|-4.200:0.000:-10.079|20.582:0.000:-14.851|4.200:0.000:10.079|8.400:0.000:6.579","0.000:0.000:0.000|0.000:0.000:0.800|-0.799:0.000:0.035|0.000:0.000:-0.800|0.000:0.000:-0.800","-10.500:0.000:13.500|20.000:0.000:-2.440","0.000:0.000:0.000|0.000:0.000:1.300",False,False,Moving,60.00,40.00,3.00,MultiAgentTraffic
4.3836,9,4,43,-5.5628,0.0500,9.8363,308.5833,1.5368,99.0235,-24.0000,0.0000,15.0000,19.1467,7,"","","10.500:0.000:13.500|-4.200:0.000:-9.996|20.499:0.000:-14.848|4.200:0.000:9.996|8.400:0.000:6.496","0.000:0.000:0.000|0.000:0.000:0.800|-0.799:0.000:0.035|0.000:0.000:-0.800|0.000:0.000:-0.800","-10.500:0.000:13.500|20.000:0.000:-2.306","0.000:0.000:0.000|0.000:0.000:1.300",False,False,Stopped,60.00,40.00,3.00,MultiAgentTraffic
4.4856,9,4,44,-5.5135,0.0500,9.8982,317.7707,0.6061,92.9902,-24.0000,0.0000,15.0000,19.1776,7,"","","10.500:0.000:13.500|-4.200:0.000:-9.914|20.418:0.000:-14.844|4.200:0.000:9.914|8.400:0.000:6.414","0.000:0.000:0.000|0.000:0.000:0.800|-0.799:0.000:0.035|0.000:0.000:-0.800|0.000:0.000:-0.800","-10.500:0.000:13.500|20.000:0.000:-2.173","0.000:0.000:0.000|0.000:0.000:1.300",False,False,Stopped,60.00,40.00,3.00,MultiAgentTraffic
4.5870,9,4,45,-5.5083,0.0500,9.9047,321.0923,0.0000,0.0000,-24.0000,0.0000,15.0000,19.1809,7,"","","10.500:0.000:13.500|-4.200:0.000:-9.833|20.337:0.000:-14.841|4.200:0.000:9.833|8.400:0.000:6.333","0.000:0.000:0.000|0.000:0.000:0.800|-0.799:0.000:0.035|0.000:0.000:-0.800|0.000:0.000:-0.800","-10.500:0.000:13.500|20.000:0.000:-2.041","0.000:0.000:0.000|0.000:0.000:1.300",False,False,Stopped,60.00,40.00,3.00,MultiAgentTraffic
4.6888,9,4,46,-5.5083,0.0500,9.9047,321.0923,0.0000,0.0000,-24.0000,0.0000,15.0000,19.1809,7,"","","10.500:0.000:13.500|-4.200:0.000:-9.752|20.255:0.000:-14.837|4.200:0.000:9.752|8.400:0.000:6.252","0.000:0.000:0.000|0.000:0.000:0.800|-0.799:0.000:0.035|0.000:0.000:-0.800|0.000:0.000:-0.800","-10.500:0.000:13.500|20.000:0.000:-1.909","0.000:0.000:0.000|0.000:0.000:1.300",False,False,Stopped,60.00,40.00,3.00,MultiAgentTraffic
4.7912,9,4,47,-5.5083,0.0500,9.9047,321.0923,0.0000,0.0000,-24.0000,0.0000,15.0000,19.1809,7,"","","10.500:0.000:13.500|-4.200:0.000:-9.670|20.173:0.000:-14.834|4.200:0.000:9.670|8.400:0.000:6.170","0.000:0.000:0.000|0.000:0.000:0.800|-0.799:0.000:0.035|0.000:0.000:-0.800|0.000:0.000:-0.800","-10.500:0.000:13.500|20.000:0.000:-1.776","0.000:0.000:0.000|0.000:0.000:1.300",False,False,Stopped,60.00,40.00,3.00,MultiAgentTraffic
4.8920,9,4,48,-5.5083,0.0500,9.9047,321.0923,0.0000,0.0000,-24.0000,0.0000,15.0000,19.1809,7,"","","10.500:0.000:13.500|-4.200:0.000:-9.589|20.093:0.000:-14.830|4.200:0.000:9.589|8.400:0.000:6.089","0.000:0.000:0.000|0.000:0.000:0.800|-0.799:0.000:0.035|0.000:0.000:-0.800|0.000:0.000:-0.800","-10.500:0.000:13.500|20.000:0.000:-1.645","0.000:0.000:0.000|0.000:0.000:1.300",False,False,Stopped,60.00,40.00,3.00,MultiAgentTraffic
4.9924,9,4,49,-5.5083,0.0500,9.9047,321.0923,0.0000,0.0000,-24.0000,0.0000,15.0000,19.1809,7,"","","10.500:0.000:13.500|-4.200:0.000:-9.509|20.013:0.000:-14.827|4.200:0.000:9.509|8.400:0.000:6.009","0.000:0.000:0.000|0.000:0.000:0.800|-0.799:0.000:0.035|0.000:0.000:-0.800|0.000:0.000:-0.800","-10.500:0.000:13.500|20.000:0.000:-1.514","0.000:0.000:0.000|0.000:0.000:1.300",False,False,Stopped,60.00,40.00,3.00,MultiAgentTraffic
5.0931,9,4,50,-5.5083,0.0500,9.9047,321.0923,0.0000,0.0000,-24.0000,0.0000,15.0000,19.1809,7,"","","10.500:0.000:13.500|-4.200:0.000:-9.428|19.932:0.000:-14.823|4.200:0.000:9.428|8.400:0.000:5.928","0.000:0.000:0.000|0.000:0.000:0.800|-0.799:0.000:0.035|0.000:0.000:-0.800|0.000:0.000:-0.800","-10.500:0.000:13.500|20.000:0.000:-1.383","0.000:0.000:0.000|0.000:0.000:1.300",False,False,Stopped,60.00,40.00,3.00,MultiAgentTraffic
5.1949,9,4,51,-5.5083,0.0500,9.9047,321.0923,0.0000,0.0000,-24.0000,0.0000,15.0000,19.1809,7,"","","10.500:0.000:13.500|-4.200:0.000:-9.347|19.851:0.000:-14.820|4.200:0.000:9.347|8.400:0.000:5.847","0.000:0.000:0.000|0.000:0.000:0.800|-0.799:0.000:0.035|0.000:0.000:-0.800|0.000:0.000:-0.800","-10.500:0.000:13.500|20.000:0.000:-1.251","0.000:0.000:0.000|0.000:0.000:1.300",False,False,Stopped,60.00,40.00,3.00,MultiAgentTraffic
5.2981,9,4,52,-5.5083,0.0500,9.9047,321.0923,0.0000,0.0000,-24.0000,0.0000,15.0000,19.1809,7,"","","10.500:0.000:13.500|-4.200:0.000:-9.264|19.768:0.000:-14.816|4.200:0.000:9.264|8.400:0.000:5.764","0.000:0.000:0.000|0.000:0.000:0.800|-0.799:0.000:0.035|0.000:0.000:-0.800|0.000:0.000:-0.800","-10.500:0.000:13.500|20.000:0.000:-1.117","0.000:0.000:0.000|0.000:0.000:1.300",False,False,Stopped,60.00,40.00,3.00,MultiAgentTraffic
5.3988,9,4,53,-5.5083,0.0500,9.9047,321.0923,0.0000,0.0000,-24.0000,0.0000,15.0000,19.1809,7,"","","10.500:0.000:13.500|-4.200:0.000:-9.184|19.688:0.000:-14.813|4.200:0.000:9.184|8.400:0.000:5.684","0.000:0.000:0.000|0.000:0.000:0.800|-0.799:0.000:0.035|0.000:0.000:-0.800|0.000:0.000:-0.800","-10.500:0.000:13.500|20.000:0.000:-0.986","0.000:0.000:0.000|0.000:0.000:1.300",False,False,Stopped,60.00,40.00,3.00,MultiAgentTraffic
5.5017,9,4,54,-5.5083,0.0500,9.9047,321.0923,0.0000,0.0000,-24.0000,0.0000,15.0000,19.1809,7,"","","10.500:0.000:13.500|-4.200:0.000:-9.101|19.605:0.000:-14.809|4.200:0.000:9.101|8.400:0.000:5.601","0.000:0.000:0.000|0.000:0.000:0.800|-0.799:0.000:0.035|0.000:0.000:-0.800|0.000:0.000:-0.800","-10.500:0.000:13.500|20.000:0.000:-0.852","0.000:0.000:0.000|0.000:0.000:1.300",False,False,Stopped,60.00,40.00,3.00,MultiAgentTraffic
5.6031,9,4,55,-5.5083,0.0500,9.9047,321.0923,0.0000,0.0000,-24.0000,0.0000,15.0000,19.1809,7,"","","10.500:0.000:13.500|-4.200:0.000:-9.020|19.524:0.000:-14.805|4.200:0.000:9.020|8.400:0.000:5.520","0.000:0.000:0.000|0.000:0.000:0.800|-0.799:0.000:0.035|0.000:0.000:-0.800|0.000:0.000:-0.800","-10.500:0.000:13.500|20.000:0.000:-0.720","0.000:0.000:0.000|0.000:0.000:1.300",False,False,Stopped,60.00,40.00,3.00,MultiAgentTraffic
5.7048,9,4,56,-5.5083,0.0500,9.9047,321.0923,0.0000,0.0000,-24.0000,0.0000,15.0000,19.1809,7,"","","10.500:0.000:13.500|-4.200:0.000:-8.939|19.443:0.000:-14.802|4.200:0.000:8.939|8.400:0.000:5.439","0.000:0.000:0.000|0.000:0.000:0.800|-0.799:0.000:0.035|0.000:0.000:-0.800|0.000:0.000:-0.800","-10.500:0.000:13.500|20.000:0.000:-0.588","0.000:0.000:0.000|0.000:0.000:1.300",False,False,Stopped,60.00,40.00,3.00,MultiAgentTraffic
5.8076,9,4,57,-5.5083,0.0500,9.9047,321.0923,0.0000,0.0000,-24.0000,0.0000,15.0000,19.1809,7,"","","10.500:0.000:13.500|-4.200:0.000:-8.857|19.361:0.000:-14.798|4.200:0.000:8.857|8.400:0.000:5.357","0.000:0.000:0.000|0.000:0.000:0.800|-0.799:0.000:0.035|0.000:0.000:-0.800|0.000:0.000:-0.800","-10.500:0.000:13.500|20.000:0.000:-0.455","0.000:0.000:0.000|0.000:0.000:1.300",False,False,Stopped,60.00,40.00,3.00,MultiAgentTraffic
5.9097,9,4,58,-5.5083,0.0500,9.9047,321.0923,0.0000,0.0000,-24.0000,0.0000,15.0000,19.1809,7,"","","10.500:0.000:13.500|-4.200:0.000:-8.775|19.279:0.000:-14.795|4.200:0.000:8.775|8.400:0.000:5.275","0.000:0.000:0.000|0.000:0.000:0.800|-0.799:0.000:0.035|0.000:0.000:-0.800|0.000:0.000:-0.800","-10.500:0.000:13.500|20.000:0.000:-0.322","0.000:0.000:0.000|0.000:0.000:1.300",False,False,Stopped,60.00,40.00,3.00,MultiAgentTraffic
6.0131,9,4,59,-5.5083,0.0500,9.9047,321.0923,0.0000,0.0000,-24.0000,0.0000,15.0000,19.1809,7,"","","10.500:0.000:13.500|-4.200:0.000:-8.692|19.197:0.000:-14.791|4.200:0.000:8.692|8.400:0.000:5.192","0.000:0.000:0.000|0.000:0.000:0.800|-0.799:0.000:0.035|0.000:0.000:-0.800|0.000:0.000:-0.800","-10.500:0.000:13.500|20.000:0.000:-0.187","0.000:0.000:0.000|0.000:0.000:1.300",False,False,Stopped,60.00,40.00,3.00,MultiAgentTraffic
6.1160,9,4,60,-5.5083,0.0500,9.9047,321.0923,0.0000,0.0000,-24.0000,0.0000,15.0000,19.1809,7,"","","10.500:0.000:13.500|-4.200:0.000:-8.610|19.114:0.000:-14.788|4.200:0.000:8.610|8.400:0.000:5.110","0.000:0.000:0.000|0.000:0.000:0.800|-0.799:0.000:0.035|0.000:0.000:-0.800|0.000:0.000:-0.800","-10.500:0.000:13.500|20.000:0.000:-0.054","0.000:0.000:0.000|0.000:0.000:1.300",False,False,Stopped,60.00,40.00,3.00,MultiAgentTraffic
6.2166,9,4,61,-5.5083,0.0500,9.9047,321.0923,0.0000,0.0000,-24.0000,0.0000,15.0000,19.1809,7,"","","10.500:0.000:13.500|-4.200:0.000:-8.529|19.034:0.000:-14.784|4.200:0.000:8.529|8.400:0.000:5.029","0.000:0.000:0.000|0.000:0.000:0.800|-0.799:0.000:0.035|0.000:0.000:-0.800|0.000:0.000:-0.800","-10.500:0.000:13.500|20.000:0.000:0.077","0.000:0.000:0.000|0.000:0.000:1.300",False,False,Stopped,60.00,40.00,3.00,MultiAgentTraffic
6.3187,9,4,62,-5.5083,0.0500,9.9047,321.0923,0.0000,0.0000,-24.0000,0.0000,15.0000,19.1809,7,"","","10.500:0.000:13.500|-4.200:0.000:-8.448|18.953:0.000:-14.781|4.200:0.000:8.448|8.400:0.000:4.948","0.000:0.000:0.000|0.000:0.000:0.800|-0.799:0.000:0.035|0.000:0.000:-0.800|0.000:0.000:-0.800","-10.500:0.000:13.500|20.000:0.000:0.210","0.000:0.000:0.000|0.000:0.000:1.300",False,False,Stopped,60.00,40.00,3.00,MultiAgentTraffic
6.4209,9,4,63,-5.5083,0.0500,9.9047,321.0923,0.0000,0.0000,-24.0000,0.0000,15.0000,19.1809,7,"","","10.500:0.000:13.500|-4.200:0.000:-8.366|18.871:0.000:-14.777|4.200:0.000:8.366|8.400:0.000:4.866","0.000:0.000:0.000|0.000:0.000:0.800|-0.799:0.000:0.035|0.000:0.000:-0.800|0.000:0.000:-0.800","-10.500:0.000:13.500|20.000:0.000:0.343","0.000:0.000:0.000|0.000:0.000:1.300",False,False,Stopped,60.00,40.00,3.00,MultiAgentTraffic
6.5224,9,4,64,-5.5083,0.0500,9.9047,321.0923,0.0000,0.0000,-24.0000,0.0000,15.0000,19.1809,7,"","","10.500:0.000:13.500|-4.200:0.000:-8.285|18.790:0.000:-14.773|4.200:0.000:8.285|8.400:0.000:4.785","0.000:0.000:0.000|0.000:0.000:0.800|-0.799:0.000:0.035|0.000:0.000:-0.800|0.000:0.000:-0.800","-10.500:0.000:13.500|20.000:0.000:0.475","0.000:0.000:0.000|0.000:0.000:1.300",False,False,Stopped,60.00,40.00,3.00,MultiAgentTraffic
6.6229,9,4,65,-5.5083,0.0500,9.9047,321.0923,0.0000,0.0000,-24.0000,0.0000,15.0000,19.1809,7,"","","10.500:0.000:13.500|-4.200:0.000:-8.204|18.709:0.000:-14.770|4.200:0.000:8.204|8.400:0.000:4.704","0.000:0.000:0.000|0.000:0.000:0.800|-0.799:0.000:0.035|0.000:0.000:-0.800|0.000:0.000:-0.800","-10.500:0.000:13.500|20.000:0.000:0.605","0.000:0.000:0.000|0.000:0.000:1.300",False,False,Stopped,60.00,40.00,3.00,MultiAgentTraffic
6.7230,9,4,66,-5.5083,0.0500,9.9047,321.0923,0.0000,0.0000,-24.0000,0.0000,15.0000,19.1809,7,"","","10.500:0.000:13.500|-4.200:0.000:-8.124|18.629:0.000:-14.766|4.200:0.000:8.124|8.400:0.000:4.624","0.000:0.000:0.000|0.000:0.000:0.800|-0.799:0.000:0.035|0.000:0.000:-0.800|0.000:0.000:-0.800","-10.500:0.000:13.500|20.000:0.000:0.735","0.000:0.000:0.000|0.000:0.000:1.300",False,False,Stopped,60.00,40.00,3.00,MultiAgentTraffic
6.8236,9,4,67,-5.5083,0.0500,9.9047,321.0923,0.0000,0.0000,-24.0000,0.0000,15.0000,19.1809,7,"","","10.500:0.000:13.500|-4.200:0.000:-8.044|18.549:0.000:-14.763|4.200:0.000:8.044|8.400:0.000:4.544","0.000:0.000:0.000|0.000:0.000:0.800|-0.799:0.000:0.035|0.000:0.000:-0.800|0.000:0.000:-0.800","-10.500:0.000:13.500|20.000:0.000:0.866","0.000:0.000:0.000|0.000:0.000:1.300",False,False,Stopped,60.00,40.00,3.00,MultiAgentTraffic
6.9249,9,4,68,-5.5083,0.0500,9.9047,321.0923,0.0000,0.0000,-24.0000,0.0000,15.0000,19.1809,7,"","","10.500:0.000:13.500|-4.200:0.000:-7.963|18.468:0.000:-14.759|4.200:0.000:7.963|8.400:0.000:4.463","0.000:0.000:0.000|0.000:0.000:0.800|-0.799:0.000:0.035|0.000:0.000:-0.800|0.000:0.000:-0.800","-10.500:0.000:13.500|20.000:0.000:0.998","0.000:0.000:0.000|0.000:0.000:1.300",False,False,Stopped,60.00,40.00,3.00,MultiAgentTraffic
7.0266,9,4,69,-5.5083,0.0500,9.9047,321.0923,0.0000,0.0000,-24.0000,0.0000,15.0000,19.1809,7,"","","10.500:0.000:13.500|-4.200:0.000:-7.881|18.387:0.000:-14.756|4.200:0.000:7.881|8.400:0.000:4.381","0.000:0.000:0.000|0.000:0.000:0.800|-0.799:0.000:0.035|0.000:0.000:-0.800|0.000:0.000:-0.800","-10.500:0.000:13.500|20.000:0.000:1.130","0.000:0.000:0.000|0.000:0.000:1.300",False,False,Stopped,60.00,40.00,3.00,MultiAgentTraffic
7.1280,9,4,70,-5.5083,0.0500,9.9047,321.0923,0.0000,0.0000,-24.0000,0.0000,15.0000,19.1809,7,"","","10.500:0.000:13.500|-4.200:0.000:-7.800|18.306:0.000:-14.752|4.200:0.000:7.800|8.400:0.000:4.300","0.000:0.000:0.000|0.000:0.000:0.800|-0.799:0.000:0.035|0.000:0.000:-0.800|0.000:0.000:-0.800","-10.500:0.000:13.500|20.000:0.000:1.262","0.000:0.000:0.000|0.000:0.000:1.300",False,False,Stopped,60.00,40.00,3.00,MultiAgentTraffic
7.2296,9,4,71,-5.5083,0.0500,9.9047,321.0923,0.0000,0.0000,-24.0000,0.0000,15.0000,19.1809,7,"","","10.500:0.000:13.500|-4.200:0.000:-7.719|18.224:0.000:-14.749|4.200:0.000:7.719|8.400:0.000:4.219","0.000:0.000:0.000|0.000:0.000:0.800|-0.799:0.000:0.035|0.000:0.000:-0.800|0.000:0.000:-0.800","-10.500:0.000:13.500|20.000:0.000:1.394","0.000:0.000:0.000|0.000:0.000:1.300",False,False,Stopped,60.00,40.00,3.00,MultiAgentTraffic
7.3320,9,4,72,-5.5083,0.0500,9.9047,321.0923,0.0000,0.0000,-24.0000,0.0000,15.0000,19.1809,7,"","","10.500:0.000:13.500|-4.200:0.000:-7.637|18.143:0.000:-14.745|4.200:0.000:7.637|8.400:0.000:4.137","0.000:0.000:0.000|0.000:0.000:0.800|-0.799:0.000:0.035|0.000:0.000:-0.800|0.000:0.000:-0.800","-10.500:0.000:13.500|20.000:0.000:1.527","0.000:0.000:0.000|0.000:0.000:1.300",False,False,Stopped,60.00,40.00,3.00,MultiAgentTraffic
7.4344,9,4,73,-5.5083,0.0500,9.9047,321.0923,0.0000,0.0000,-24.0000,0.0000,15.0000,19.1809,7,"","","10.500:0.000:13.500|-4.200:0.000:-7.555|18.061:0.000:-14.742|4.200:0.000:7.555|8.400:0.000:4.055","0.000:0.000:0.000|0.000:0.000:0.800|-0.799:0.000:0.035|0.000:0.000:-0.800|0.000:0.000:-0.800","-10.500:0.000:13.500|20.000:0.000:1.660","0.000:0.000:0.000|0.000:0.000:1.300",False,False,Stopped,60.00,40.00,3.00,MultiAgentTraffic
7.5379,9,4,74,-5.5083,0.0500,9.9047,321.0923,0.0000,0.0000,-24.0000,0.0000,15.0000,19.1809,7,"","","10.500:0.000:13.500|-4.200:0.000:-7.472|17.978:0.000:-14.738|4.200:0.000:7.472|8.400:0.000:3.972","0.000:0.000:0.000|0.000:0.000:0.800|-0.799:0.000:0.035|0.000:0.000:-0.800|0.000:0.000:-0.800","-10.500:0.000:13.500|20.000:0.000:1.795","0.000:0.000:0.000|0.000:0.000:1.300",False,False,Stopped,60.00,40.00,3.00,MultiAgentTraffic
7.6393,9,4,75,-5.5083,0.0500,9.9047,321.0923,0.0000,0.0000,-24.0000,0.0000,15.0000,19.1809,7,"","","10.500:0.000:13.500|-4.200:0.000:-7.391|17.897:0.000:-14.735|4.200:0.000:7.391|8.400:0.000:3.891","0.000:0.000:0.000|0.000:0.000:0.800|-0.799:0.000:0.035|0.000:0.000:-0.800|0.000:0.000:-0.800","-10.500:0.000:13.500|20.000:0.000:1.927","0.000:0.000:0.000|0.000:0.000:1.300",False,False,Stopped,60.00,40.00,3.00,MultiAgentTraffic
7.7404,9,4,76,-5.5083,0.0500,9.9047,321.0923,0.0000,0.0000,-24.0000,0.0000,15.0000,19.1809,7,"","","10.500:0.000:13.500|-4.200:0.000:-7.310|17.816:0.000:-14.731|4.200:0.000:7.310|8.400:0.000:3.810","0.000:0.000:0.000|0.000:0.000:0.800|-0.799:0.000:0.035|0.000:0.000:-0.800|0.000:0.000:-0.800","-10.500:0.000:13.500|20.000:0.000:2.058","0.000:0.000:0.000|0.000:0.000:1.300",False,False,Stopped,60.00,40.00,3.00,MultiAgentTraffic
7.8409,9,4,77,-5.5083,0.0500,9.9047,321.0923,0.0000,0.0000,-24.0000,0.0000,15.0000,19.1809,7,"","","10.500:0.000:13.500|-4.200:0.000:-7.230|17.736:0.000:-14.728|4.200:0.000:7.230|8.400:0.000:3.730","0.000:0.000:0.000|0.000:0.000:0.800|-0.799:0.000:0.035|0.000:0.000:-0.800|0.000:0.000:-0.800","-10.500:0.000:13.500|20.000:0.000:2.189","0.000:0.000:0.000|0.000:0.000:1.300",False,False,Stopped,60.00,40.00,3.00,MultiAgentTraffic
7.9412,9,4,78,-5.5083,0.0500,9.9047,321.0923,0.0000,0.0000,-24.0000,0.0000,15.0000,19.1809,7,"","","10.500:0.000:13.500|-4.200:0.000:-7.150|17.656:0.000:-14.724|4.200:0.000:7.150|8.400:0.000:3.650","0.000:0.000:0.000|0.000:0.000:0.800|-0.799:0.000:0.035|0.000:0.000:-0.800|0.000:0.000:-0.800","-10.500:0.000:13.500|20.000:0.000:2.319","0.000:0.000:0.000|0.000:0.000:1.300",False,False,Stopped,60.00,40.00,3.00,MultiAgentTraffic
8.0435,9,4,79,-5.5083,0.0500,9.9047,321.0923,0.0000,0.0000,-24.0000,0.0000,15.0000,19.1809,7,"","","10.500:0.000:13.500|-4.200:0.000:-7.068|17.574:0.000:-14.721|4.200:0.000:7.068|8.400:0.000:3.568","0.000:0.000:0.000|0.000:0.000:0.800|-0.799:0.000:0.035|0.000:0.000:-0.800|0.000:0.000:-0.800","-10.500:0.000:13.500|20.000:0.000:2.452","0.000:0.000:0.000|0.000:0.000:1.300",False,False,Stopped,60.00,40.00,3.00,MultiAgentTraffic
8.1447,9,4,80,-5.5083,0.0500,9.9047,321.0923,0.0000,0.0000,-24.0000,0.0000,15.0000,19.1809,7,"","","10.500:0.000:13.500|-4.200:0.000:-6.987|17.493:0.000:-14.717|4.200:0.000:6.987|8.400:0.000:3.487","0.000:0.000:0.000|0.000:0.000:0.800|-0.799:0.000:0.035|0.000:0.000:-0.800|0.000:0.000:-0.800","-10.500:0.000:13.500|20.000:0.000:2.584","0.000:0.000:0.000|0.000:0.000:1.300",False,False,Stopped,60.00,40.00,3.00,MultiAgentTraffic
8.2456,9,4,81,-5.5083,0.0500,9.9047,321.0923,0.0000,0.0000,-24.0000,0.0000,15.0000,19.1809,7,"","","10.500:0.000:13.500|-4.200:0.000:-6.906|17.412:0.000:-14.714|4.200:0.000:6.906|8.400:0.000:3.406","0.000:0.000:0.000|0.000:0.000:0.800|-0.799:0.000:0.035|0.000:0.000:-0.800|0.000:0.000:-0.800","-10.500:0.000:13.500|20.000:0.000:2.715","0.000:0.000:0.000|0.000:0.000:1.300",False,False,Stopped,60.00,40.00,3.00,MultiAgentTraffic
8.3488,9,4,82,-5.5083,0.0500,9.9047,321.0923,0.0000,0.0000,-24.0000,0.0000,15.0000,19.1809,7,"","","10.500:0.000:13.500|-4.200:0.000:-6.824|17.330:0.000:-14.710|4.200:0.000:6.824|8.400:0.000:3.324","0.000:0.000:0.000|0.000:0.000:0.800|-0.799:0.000:0.035|0.000:0.000:-0.800|0.000:0.000:-0.800","-10.500:0.000:13.500|20.000:0.000:2.849","0.000:0.000:0.000|0.000:0.000:1.300",False,False,Stopped,60.00,40.00,3.00,MultiAgentTraffic
8.4513,9,4,83,-5.5083,0.0500,9.9047,321.0923,0.0000,0.0000,-24.0000,0.0000,15.0000,19.1809,7,"","","10.500:0.000:13.500|-4.200:0.000:-6.742|17.248:0.000:-14.706|4.200:0.000:6.742|8.400:0.000:3.242","0.000:0.000:0.000|0.000:0.000:0.800|-0.799:0.000:0.035|0.000:0.000:-0.800|0.000:0.000:-0.800","-10.500:0.000:13.500|20.000:0.000:2.982","0.000:0.000:0.000|0.000:0.000:1.300",False,False,Stopped,60.00,40.00,3.00,MultiAgentTraffic
8.5533,9,4,84,-5.5083,0.0500,9.9047,321.0923,0.0000,0.0000,-24.0000,0.0000,15.0000,19.1809,7,"","","10.500:0.000:13.500|-4.200:0.000:-6.660|17.166:0.000:-14.703|4.200:0.000:6.660|8.400:0.000:3.160","0.000:0.000:0.000|0.000:0.000:0.800|-0.799:0.000:0.035|0.000:0.000:-0.800|0.000:0.000:-0.800","-10.500:0.000:13.500|20.000:0.000:3.115","0.000:0.000:0.000|0.000:0.000:1.300",False,False,Stopped,60.00,40.00,3.00,MultiAgentTraffic
8.6557,9,4,85,-5.5083,0.0500,9.9047,321.0923,0.0000,0.0000,-24.0000,0.0000,15.0000,19.1809,7,"","","10.500:0.000:13.500|-4.200:0.000:-6.578|17.085:0.000:-14.699|4.200:0.000:6.578|8.400:0.000:3.078","0.000:0.000:0.000|0.000:0.000:0.800|-0.799:0.000:0.035|0.000:0.000:-0.800|0.000:0.000:-0.800","-10.500:0.000:13.500|20.000:0.000:3.248","0.000:0.000:0.000|0.000:0.000:1.300",False,False,Stopped,60.00,40.00,3.00,MultiAgentTraffic
8.7570,9,4,86,-5.5083,0.0500,9.9047,321.0923,0.0000,0.0000,-24.0000,0.0000,15.0000,19.1809,7,"","","10.500:0.000:13.500|-4.200:0.000:-6.497|17.004:0.000:-14.696|4.200:0.000:6.497|8.400:0.000:2.997","0.000:0.000:0.000|0.000:0.000:0.800|-0.799:0.000:0.035|0.000:0.000:-0.800|0.000:0.000:-0.800","-10.500:0.000:13.500|20.000:0.000:3.380","0.000:0.000:0.000|0.000:0.000:1.300",False,False,Stopped,60.00,40.00,3.00,MultiAgentTraffic
8.8576,9,4,87,-5.5083,0.0500,9.9047,321.0923,0.0000,0.0000,-24.0000,0.0000,15.0000,19.1809,7,"","","10.500:0.000:13.500|-4.200:0.000:-6.417|16.923:0.000:-14.692|4.200:0.000:6.417|8.400:0.000:2.917","0.000:0.000:0.000|0.000:0.000:0.800|-0.799:0.000:0.035|0.000:0.000:-0.800|0.000:0.000:-0.800","-10.500:0.000:13.500|20.000:0.000:3.511","0.000:0.000:0.000|0.000:0.000:1.300",False,False,Stopped,60.00,40.00,3.00,MultiAgentTraffic
8.9578,9,4,88,-5.5083,0.0500,9.9047,321.0923,0.0000,0.0000,-24.0000,0.0000,15.0000,19.1809,7,"","","10.500:0.000:13.500|-4.200:0.000:-6.337|16.843:0.000:-14.689|4.200:0.000:6.337|8.400:0.000:2.837","0.000:0.000:0.000|0.000:0.000:0.800|-0.799:0.000:0.035|0.000:0.000:-0.800|0.000:0.000:-0.800","-10.500:0.000:13.500|20.000:0.000:3.641","0.000:0.000:0.000|0.000:0.000:1.300",False,False,Stopped,60.00,40.00,3.00,MultiAgentTraffic
9.0608,9,4,89,-5.5083,0.0500,9.9047,321.0923,0.0000,0.0000,-24.0000,0.0000,15.0000,19.1809,7,"","","10.500:0.000:13.500|-4.200:0.000:-6.254|16.761:0.000:-14.685|4.200:0.000:6.254|8.400:0.000:2.754","0.000:0.000:0.000|0.000:0.000:0.800|-0.799:0.000:0.035|0.000:0.000:-0.800|0.000:0.000:-0.800","-10.500:0.000:13.500|20.000:0.000:3.775","0.000:0.000:0.000|0.000:0.000:1.300",False,False,Stopped,60.00,40.00,3.00,MultiAgentTraffic
9.1635,9,4,90,-5.5083,0.0500,9.9047,321.0923,0.0000,0.0000,-24.0000,0.0000,15.0000,19.1809,7,"","","10.500:0.000:13.500|-4.200:0.000:-6.172|16.679:0.000:-14.682|4.200:0.000:6.172|8.400:0.000:2.672","0.000:0.000:0.000|0.000:0.000:0.800|-0.799:0.000:0.035|0.000:0.000:-0.800|0.000:0.000:-0.800","-10.500:0.000:13.500|20.000:0.000:3.908","0.000:0.000:0.000|0.000:0.000:1.300",False,False,Stopped,60.00,40.00,3.00,MultiAgentTraffic
9.2666,9,4,91,-5.5083,0.0500,9.9047,321.0923,0.0000,0.0000,-24.0000,0.0000,15.0000,19.1809,7,"","","10.500:0.000:13.500|-4.200:0.000:-6.089|16.596:0.000:-14.678|4.200:0.000:6.089|8.400:0.000:2.589","0.000:0.000:0.000|0.000:0.000:0.800|-0.799:0.000:0.035|0.000:0.000:-0.800|0.000:0.000:-0.800","-10.500:0.000:13.500|20.000:0.000:4.042","0.000:0.000:0.000|0.000:0.000:1.300",False,False,Stopped,60.00,40.00,3.00,MultiAgentTraffic
9.3667,9,4,92,-5.5083,0.0500,9.9047,321.0923,0.0000,0.0000,-24.0000,0.0000,15.0000,19.1809,7,"","","10.500:0.000:13.500|-4.200:0.000:-6.009|16.516:0.000:-14.675|4.200:0.000:6.009|8.400:0.000:2.509","0.000:0.000:0.000|0.000:0.000:0.800|-0.799:0.000:0.035|0.000:0.000:-0.800|0.000:0.000:-0.800","-10.500:0.000:13.500|20.000:0.000:4.172","0.000:0.000:0.000|0.000:0.000:1.300",False,False,Stopped,60.00,40.00,3.00,MultiAgentTraffic
9.4689,9,4,93,-5.5083,0.0500,9.9047,321.0923,0.0000,0.0000,-24.0000,0.0000,15.0000,19.1809,7,"","","10.500:0.000:13.500|-4.200:0.000:-5.928|16.435:0.000:-14.671|4.200:0.000:5.928|8.400:0.000:2.428","0.000:0.000:0.000|0.000:0.000:0.800|-0.799:0.000:0.035|0.000:0.000:-0.800|0.000:0.000:-0.800","-10.500:0.000:13.500|20.000:0.000:4.305","0.000:0.000:0.000|0.000:0.000:1.300",False,False,Stopped,60.00,40.00,3.00,MultiAgentTraffic
9.5696,9,4,94,-5.5083,0.0500,9.9047,321.0923,0.0000,0.0000,-24.0000,0.0000,15.0000,19.1809,7,"","","10.500:0.000:13.500|-4.200:0.000:-5.847|16.354:0.000:-14.668|4.200:0.000:5.847|8.400:0.000:2.347","0.000:0.000:0.000|0.000:0.000:0.800|-0.799:0.000:0.035|0.000:0.000:-0.800|0.000:0.000:-0.800","-10.500:0.000:13.500|20.000:0.000:4.436","0.000:0.000:0.000|0.000:0.000:1.300",False,False,Stopped,60.00,40.00,3.00,MultiAgentTraffic
9.6706,9,4,95,-5.5083,0.0500,9.9047,321.0923,0.0000,0.0000,-24.0000,0.0000,15.0000,19.1809,7,"","","10.500:0.000:13.500|-4.200:0.000:-5.766|16.274:0.000:-14.664|4.200:0.000:5.766|8.400:0.000:2.266","0.000:0.000:0.000|0.000:0.000:0.800|-0.799:0.000:0.035|0.000:0.000:-0.800|0.000:0.000:-0.800","-10.500:0.000:13.500|20.000:0.000:4.567","0.000:0.000:0.000|0.000:0.000:1.300",False,False,Stopped,60.00,40.00,3.00,MultiAgentTraffic
9.7739,9,4,96,-5.5083,0.0500,9.9047,321.0923,0.0000,0.0000,-24.0000,0.0000,15.0000,19.1809,7,"","","10.500:0.000:13.500|-4.200:0.000:-5.684|16.191:0.000:-14.660|4.200:0.000:5.684|8.400:0.000:2.184","0.000:0.000:0.000|0.000:0.000:0.800|-0.799:0.000:0.035|0.000:0.000:-0.800|0.000:0.000:-0.800","-10.500:0.000:13.500|20.000:0.000:4.702","0.000:0.000:0.000|0.000:0.000:1.300",False,False,Stopped,60.00,40.00,3.00,MultiAgentTraffic
9.8768,9,4,97,-5.5083,0.0500,9.9047,321.0923,0.0000,0.0000,-24.0000,0.0000,15.0000,19.1809,7,"","","10.500:0.000:13.500|-4.200:0.000:-5.601|16.109:0.000:-14.657|4.200:0.000:5.601|8.400:0.000:2.101","0.000:0.000:0.000|0.000:0.000:0.800|-0.799:0.000:0.035|0.000:0.000:-0.800|0.000:0.000:-0.800","-10.500:0.000:13.500|20.000:0.000:4.835","0.000:0.000:0.000|0.000:0.000:1.300",False,False,Stopped,60.00,40.00,3.00,MultiAgentTraffic
9.9774,9,4,98,-5.5083,0.0500,9.9047,321.0923,0.0000,0.0000,-24.0000,0.0000,15.0000,19.1809,7,"","","10.500:0.000:13.500|-4.200:0.000:-5.521|16.028:0.000:-14.653|4.200:0.000:5.521|8.400:0.000:2.021","0.000:0.000:0.000|0.000:0.000:0.800|-0.799:0.000:0.035|0.000:0.000:-0.800|0.000:0.000:-0.800","-10.500:0.000:13.500|20.000:0.000:4.966","0.000:0.000:0.000|0.000:0.000:1.300",False,False,Stopped,60.00,40.00,3.00,MultiAgentTraffic
10.0794,9,4,99,-5.5083,0.0500,9.9047,321.0923,0.0000,0.0000,-24.0000,0.0000,15.0000,19.1809,7,"","","10.500:0.000:13.500|-4.200:0.000:-5.439|15.947:0.000:-14.650|4.200:0.000:5.439|8.400:0.000:1.939","0.000:0.000:0.000|0.000:0.000:0.800|-0.799:0.000:0.035|0.000:0.000:-0.800|0.000:0.000:-0.800","-10.500:0.000:13.500|20.000:0.000:5.099","0.000:0.000:0.000|0.000:0.000:1.300",False,False,Stopped,60.00,40.00,3.00,MultiAgentTraffic
10.1816,9,4,100,-5.5083,0.0500,9.9047,321.0923,0.0000,0.0000,-24.0000,0.0000,15.0000,19.1809,7,"","","10.500:0.000:13.500|-4.200:0.000:-5.357|15.865:0.000:-14.646|4.200:0.000:5.357|8.400:0.000:1.857","0.000:0.000:0.000|0.000:0.000:0.800|-0.799:0.000:0.035|0.000:0.000:-0.800|0.000:0.000:-0.800","-10.500:0.000:13.500|20.000:0.000:5.232","0.000:0.000:0.000|0.000:0.000:1.300",False,False,Stopped,60.00,40.00,3.00,MultiAgentTraffic
10.2845,9,4,101,-5.5083,0.0500,9.9047,321.0923,0.0000,0.0000,-24.0000,0.0000,15.0000,19.1809,7,"","","10.500:0.000:13.500|-4.200:0.000:-5.275|15.783:0.000:-14.643|4.200:0.000:5.275|8.400:0.000:1.775","0.000:0.000:0.000|0.000:0.000:0.800|-0.799:0.000:0.035|0.000:0.000:-0.800|0.000:0.000:-0.800","-10.500:0.000:13.500|20.000:0.000:5.365","0.000:0.000:0.000|0.000:0.000:1.300",False,False,Stopped,60.00,40.00,3.00,MultiAgentTraffic
10.3852,9,4,102,-5.5083,0.0500,9.9047,321.0923,0.0000,0.0000,-24.0000,0.0000,15.0000,19.1809,7,"","","10.500:0.000:13.500|-4.200:0.000:-5.195|15.702:0.000:-14.639|4.200:0.000:5.195|8.400:0.000:1.695","0.000:0.000:0.000|0.000:0.000:0.800|-0.799:0.000:0.035|0.000:0.000:-0.800|0.000:0.000:-0.800","-10.500:0.000:13.500|20.000:0.000:5.496","0.000:0.000:0.000|0.000:0.000:1.300",False,False,Stopped,60.00,40.00,3.00,MultiAgentTraffic
10.4879,9,4,103,-5.5083,0.0500,9.9047,321.0923,0.0000,0.0000,-24.0000,0.0000,15.0000,19.1809,7,"","","10.500:0.000:13.500|-4.200:0.000:-5.112|15.620:0.000:-14.636|4.200:0.000:5.112|8.400:0.000:1.612","0.000:0.000:0.000|0.000:0.000:0.800|-0.799:0.000:0.035|0.000:0.000:-0.800|0.000:0.000:-0.800","-10.500:0.000:13.500|20.000:0.000:5.630","0.000:0.000:0.000|0.000:0.000:1.300",False,False,Stopped,60.00,40.00,3.00,MultiAgentTraffic
10.5881,9,4,104,-5.5083,0.0500,9.9047,321.0923,0.0000,0.0000,-24.0000,0.0000,15.0000,19.1809,7,"","","10.500:0.000:13.500|-4.200:0.000:-5.032|15.540:0.000:-14.632|4.200:0.000:5.032|8.400:0.000:1.532","0.000:0.000:0.000|0.000:0.000:0.800|-0.799:0.000:0.035|0.000:0.000:-0.800|0.000:0.000:-0.800","-10.500:0.000:13.500|20.000:0.000:5.760","0.000:0.000:0.000|0.000:0.000:1.300",False,False,Stopped,60.00,40.00,3.00,MultiAgentTraffic
10.6891,9,4,105,-5.5083,0.0500,9.9047,321.0923,0.0000,0.0000,-24.0000,0.0000,15.0000,19.1809,7,"","","10.500:0.000:13.500|-4.200:0.000:-4.951|15.459:0.000:-14.629|4.200:0.000:4.951|8.400:0.000:1.451","0.000:0.000:0.000|0.000:0.000:0.800|-0.799:0.000:0.035|0.000:0.000:-0.800|0.000:0.000:-0.800","-10.500:0.000:13.500|20.000:0.000:5.891","0.000:0.000:0.000|0.000:0.000:1.300",False,False,Stopped,60.00,40.00,3.00,MultiAgentTraffic
10.7927,9,4,106,-5.5083,0.0500,9.9047,321.0923,0.0000,0.0000,-24.0000,0.0000,15.0000,19.1809,7,"","","10.500:0.000:13.500|-4.200:0.000:-4.869|15.377:0.000:-14.625|4.200:0.000:4.869|8.400:0.000:1.369","0.000:0.000:0.000|0.000:0.000:0.800|-0.799:0.000:0.035|0.000:0.000:-0.800|0.000:0.000:-0.800","-10.500:0.000:13.500|20.000:0.000:6.026","0.000:0.000:0.000|0.000:0.000:1.300",False,False,Stopped,60.00,40.00,3.00,MultiAgentTraffic
10.8947,9,4,107,-5.5083,0.0500,9.9047,321.0923,0.0000,0.0000,-24.0000,0.0000,15.0000,19.1809,7,"","","10.500:0.000:13.500|-4.200:0.000:-4.787|15.295:0.000:-14.622|4.200:0.000:4.787|8.400:0.000:1.287","0.000:0.000:0.000|0.000:0.000:0.800|-0.799:0.000:0.035|0.000:0.000:-0.800|0.000:0.000:-0.800","-10.500:0.000:13.500|20.000:0.000:6.159","0.000:0.000:0.000|0.000:0.000:1.300",False,False,Stopped,60.00,40.00,3.00,MultiAgentTraffic
10.9967,9,4,108,-5.5083,0.0500,9.9047,321.0923,0.0000,0.0000,-24.0000,0.0000,15.0000,19.1809,7,"","","10.500:0.000:13.500|-4.200:0.000:-4.705|15.214:0.000:-14.618|4.200:0.000:4.705|8.400:0.000:1.205","0.000:0.000:0.000|0.000:0.000:0.800|-0.799:0.000:0.035|0.000:0.000:-0.800|0.000:0.000:-0.800","-10.500:0.000:13.500|20.000:0.000:6.291","0.000:0.000:0.000|0.000:0.000:1.300",False,False,Stopped,60.00,40.00,3.00,MultiAgentTraffic
11.0995,9,4,109,-5.5083,0.0500,9.9047,321.0923,0.0000,0.0000,-24.0000,0.0000,15.0000,19.1809,7,"","","10.500:0.000:13.500|-4.200:0.000:-4.623|15.131:0.000:-14.614|4.200:0.000:4.623|8.400:0.000:1.123","0.000:0.000:0.000|0.000:0.000:0.800|-0.799:0.000:0.035|0.000:0.000:-0.800|0.000:0.000:-0.800","-10.500:0.000:13.500|20.000:0.000:6.425","0.000:0.000:0.000|0.000:0.000:1.300",False,False,Stopped,60.00,40.00,3.00,MultiAgentTraffic
11.2025,9,4,110,-5.5083,0.0500,9.9047,321.0923,0.0000,0.0000,-24.0000,0.0000,15.0000,19.1809,7,"","","10.500:0.000:13.500|-4.200:0.000:-4.541|15.049:0.000:-14.611|4.200:0.000:4.541|8.400:0.000:1.041","0.000:0.000:0.000|0.000:0.000:0.800|-0.799:0.000:0.035|0.000:0.000:-0.800|0.000:0.000:-0.800","-10.500:0.000:13.500|20.000:0.000:6.559","0.000:0.000:0.000|0.000:0.000:1.300",False,False,Stopped,60.00,40.00,3.00,MultiAgentTraffic
11.3053,9,4,111,-5.5083,0.0500,9.9047,321.0923,0.0000,0.0000,-24.0000,0.0000,15.0000,19.1809,7,"","","10.500:0.000:13.500|-4.200:0.000:-4.458|14.967:0.000:-14.607|4.200:0.000:4.458|8.400:0.000:0.958","0.000:0.000:0.000|0.000:0.000:0.800|-0.799:0.000:0.035|0.000:0.000:-0.800|0.000:0.000:-0.800","-10.500:0.000:13.500|20.000:0.000:6.692","0.000:0.000:0.000|0.000:0.000:1.300",False,False,Stopped,60.00,40.00,3.00,MultiAgentTraffic
11.4077,9,4,112,-5.5083,0.0500,9.9047,321.0923,0.0000,0.0000,-24.0000,0.0000,15.0000,19.1809,7,"","","10.500:0.000:13.500|-4.200:0.000:-4.377|14.885:0.000:-14.604|4.200:0.000:4.377|8.400:0.000:0.877","0.000:0.000:0.000|0.000:0.000:0.800|-0.799:0.000:0.035|0.000:0.000:-0.800|0.000:0.000:-0.800","-10.500:0.000:13.500|20.000:0.000:6.826","0.000:0.000:0.000|0.000:0.000:1.300",False,False,Stopped,60.00,40.00,3.00,MultiAgentTraffic
11.5105,9,4,113,-5.5083,0.0500,9.9047,321.0923,0.0000,0.0000,-24.0000,0.0000,15.0000,19.1809,7,"","","10.500:0.000:13.500|-4.200:0.000:-4.294|14.803:0.000:-14.600|4.200:0.000:4.294|8.400:0.000:0.794","0.000:0.000:0.000|0.000:0.000:0.800|-0.799:0.000:0.035|0.000:0.000:-0.800|0.000:0.000:-0.800","-10.500:0.000:13.500|20.000:0.000:6.959","0.000:0.000:0.000|0.000:0.000:1.300",False,False,Stopped,60.00,40.00,3.00,MultiAgentTraffic
11.6117,9,4,114,-5.5083,0.0500,9.9047,321.0923,0.0000,0.0000,-24.0000,0.0000,15.0000,19.1809,7,"","","10.500:0.000:13.500|-4.200:0.000:-4.213|14.722:0.000:-14.597|4.200:0.000:4.213|8.400:0.000:0.713","0.000:0.000:0.000|0.000:0.000:0.800|-0.799:0.000:0.035|0.000:0.000:-0.800|0.000:0.000:-0.800","-10.500:0.000:13.500|20.000:0.000:7.091","0.000:0.000:0.000|0.000:0.000:1.300",False,False,Stopped,60.00,40.00,3.00,MultiAgentTraffic
11.7138,9,4,115,-5.5083,0.0500,9.9047,321.0923,0.0000,0.0000,-24.0000,0.0000,15.0000,19.1809,7,"","","10.500:0.000:13.500|-4.200:0.000:-4.132|14.641:0.000:-14.593|4.200:0.000:4.132|8.400:0.000:0.632","0.000:0.000:0.000|0.000:0.000:0.800|-0.799:0.000:0.035|0.000:0.000:-0.800|0.000:0.000:-0.800","-10.500:0.000:13.500|20.000:0.000:7.223","0.000:0.000:0.000|0.000:0.000:1.300",False,False,Stopped,60.00,40.00,3.00,MultiAgentTraffic
11.8149,9,4,116,-5.5083,0.0500,9.9047,321.0923,0.0000,0.0000,-24.0000,0.0000,15.0000,19.1809,7,"","","10.500:0.000:13.500|-4.200:0.000:-4.051|14.560:0.000:-14.590|4.200:0.000:4.051|8.400:0.000:0.551","0.000:0.000:0.000|0.000:0.000:0.800|-0.799:0.000:0.035|0.000:0.000:-0.800|0.000:0.000:-0.800","-10.500:0.000:13.500|20.000:0.000:7.355","0.000:0.000:0.000|0.000:0.000:1.300",False,False,Stopped,60.00,40.00,3.00,MultiAgentTraffic
11.9176,9,4,117,-5.5083,0.0500,9.9047,321.0923,0.0000,0.0000,-24.0000,0.0000,15.0000,19.1809,7,"","","10.500:0.000:13.500|-4.200:0.000:-3.969|14.478:0.000:-14.586|4.200:0.000:3.969|8.400:0.000:0.469","0.000:0.000:0.000|0.000:0.000:0.800|-0.799:0.000:0.035|0.000:0.000:-0.800|0.000:0.000:-0.800","-10.500:0.000:13.500|20.000:0.000:7.489","0.000:0.000:0.000|0.000:0.000:1.300",False,False,Stopped,60.00,40.00,3.00,MultiAgentTraffic
12.0177,9,4,118,-5.5083,0.0500,9.9047,321.0923,0.0000,0.0000,-24.0000,0.0000,15.0000,19.1809,7,"","","10.500:0.000:13.500|-4.200:0.000:-3.889|14.398:0.000:-14.583|4.200:0.000:3.889|8.400:0.000:0.389","0.000:0.000:0.000|0.000:0.000:0.800|-0.799:0.000:0.035|0.000:0.000:-0.800|0.000:0.000:-0.800","-10.500:0.000:13.500|20.000:0.000:7.619","0.000:0.000:0.000|0.000:0.000:1.300",False,False,Stopped,60.00,40.00,3.00,MultiAgentTraffic
12.1206,9,4,119,-5.5083,0.0500,9.9047,321.0923,0.0000,0.0000,-24.0000,0.0000,15.0000,19.1809,7,"","","10.500:0.000:13.500|-4.200:0.000:-3.806|14.315:0.000:-14.579|4.200:0.000:3.806|8.400:0.000:0.306","0.000:0.000:0.000|0.000:0.000:0.800|-0.799:0.000:0.035|0.000:0.000:-0.800|0.000:0.000:-0.800","-10.500:0.000:13.500|20.000:0.000:7.752","0.000:0.000:0.000|0.000:0.000:1.300",False,False,Stopped,60.00,40.00,3.00,MultiAgentTraffic
12.2238,9,4,120,-5.5083,0.0500,9.9047,321.0923,0.0000,0.0000,-24.0000,0.0000,15.0000,19.1809,7,"","","10.500:0.000:13.500|-4.200:0.000:-3.724|14.233:0.000:-14.575|4.200:0.000:3.724|8.400:0.000:0.224","0.000:0.000:0.000|0.000:0.000:0.800|-0.799:0.000:0.035|0.000:0.000:-0.800|0.000:0.000:-0.800","-10.500:0.000:13.500|20.000:0.000:7.827","0.000:0.000:0.000|0.000:0.000:-1.300",False,False,Stopped,60.00,40.00,3.00,MultiAgentTraffic
12.3244,9,4,121,-5.5083,0.0500,9.9047,321.0923,0.0000,0.0000,-24.0000,0.0000,15.0000,19.1809,7,"","","10.500:0.000:13.500|-4.200:0.000:-3.643|14.152:0.000:-14.572|4.200:0.000:3.643|8.400:0.000:0.143","0.000:0.000:0.000|0.000:0.000:0.800|-0.799:0.000:0.035|0.000:0.000:-0.800|0.000:0.000:-0.800","-10.500:0.000:13.500|20.000:0.000:7.696","0.000:0.000:0.000|0.000:0.000:-1.300",False,False,Stopped,60.00,40.00,3.00,MultiAgentTraffic
12.4274,9,4,122,-5.5083,0.0500,9.9047,321.0923,0.0000,0.0000,-24.0000,0.0000,15.0000,19.1809,7,"","","10.500:0.000:13.500|-4.200:0.000:-3.561|14.070:0.000:-14.568|4.200:0.000:3.561|8.400:0.000:0.061","0.000:0.000:0.000|0.000:0.000:0.800|-0.799:0.000:0.035|0.000:0.000:-0.800|0.000:0.000:-0.800","-10.500:0.000:13.500|20.000:0.000:7.562","0.000:0.000:0.000|0.000:0.000:-1.300",False,False,Stopped,60.00,40.00,3.00,MultiAgentTraffic
12.5283,9,4,123,-5.5083,0.0500,9.9047,321.0923,0.0000,0.0000,-24.0000,0.0000,15.0000,19.1809,7,"","","10.500:0.000:13.500|-4.200:0.000:-3.480|13.990:0.000:-14.565|4.200:0.000:3.480|8.400:0.000:-0.020","0.000:0.000:0.000|0.000:0.000:0.800|-0.799:0.000:0.035|0.000:0.000:-0.800|0.000:0.000:-0.800","-10.500:0.000:13.500|20.000:0.000:7.431","0.000:0.000:0.000|0.000:0.000:-1.300",False,False,Stopped,60.00,40.00,3.00,MultiAgentTraffic
12.6299,9,4,124,-5.5083,0.0500,9.9047,321.0923,0.0000,0.0000,-24.0000,0.0000,15.0000,19.1809,7,"","","10.500:0.000:13.500|-4.200:0.000:-3.399|13.908:0.000:-14.561|4.200:0.000:3.399|8.400:0.000:-0.101","0.000:0.000:0.000|0.000:0.000:0.800|-0.799:0.000:0.035|0.000:0.000:-0.800|0.000:0.000:-0.800","-10.500:0.000:13.500|20.000:0.000:7.299","0.000:0.000:0.000|0.000:0.000:-1.300",False,False,Stopped,60.00,40.00,3.00,MultiAgentTraffic
12.7307,9,4,125,-5.5083,0.0500,9.9047,321.0923,0.0000,0.0000,-24.0000,0.0000,15.0000,19.1809,7,"","","10.500:0.000:13.500|-4.200:0.000:-3.318|13.828:0.000:-14.558|4.200:0.000:3.318|8.400:0.000:-0.182","0.000:0.000:0.000|0.000:0.000:0.800|-0.799:0.000:0.035|0.000:0.000:-0.800|0.000:0.000:-0.800","-10.500:0.000:13.500|20.000:0.000:7.168","0.000:0.000:0.000|0.000:0.000:-1.300",False,False,Stopped,60.00,40.00,3.00,MultiAgentTraffic
12.8324,9,4,126,-5.5083,0.0500,9.9047,321.0923,0.0000,0.0000,-24.0000,0.0000,15.0000,19.1809,7,"","","10.500:0.000:13.500|-4.200:0.000:-3.237|13.746:0.000:-14.554|4.200:0.000:3.237|8.400:0.000:-0.263","0.000:0.000:0.000|0.000:0.000:0.800|-0.799:0.000:0.035|0.000:0.000:-0.800|0.000:0.000:-0.800","-10.500:0.000:13.500|20.000:0.000:7.036","0.000:0.000:0.000|0.000:0.000:-1.300",False,False,Stopped,60.00,40.00,3.00,MultiAgentTraffic
12.9349,9,4,127,-5.5083,0.0500,9.9047,321.0923,0.0000,0.0000,-24.0000,0.0000,15.0000,19.1809,7,"","","10.500:0.000:13.500|-4.200:0.000:-3.155|13.665:0.000:-14.551|4.200:0.000:3.155|8.400:0.000:-0.345","0.000:0.000:0.000|0.000:0.000:0.800|-0.799:0.000:0.035|0.000:0.000:-0.800|0.000:0.000:-0.800","-10.500:0.000:13.500|20.000:0.000:6.902","0.000:0.000:0.000|0.000:0.000:-1.300",False,False,Stopped,60.00,40.00,3.00,MultiAgentTraffic
13.0361,9,4,128,-5.5083,0.0500,9.9047,321.0923,0.0000,0.0000,-24.0000,0.0000,15.0000,19.1809,7,"","","10.500:0.000:13.500|-4.200:0.000:-3.074|13.584:0.000:-14.547|4.200:0.000:3.074|8.400:0.000:-0.426","0.000:0.000:0.000|0.000:0.000:0.800|-0.799:0.000:0.035|0.000:0.000:-0.800|0.000:0.000:-0.800","-10.500:0.000:13.500|20.000:0.000:6.771","0.000:0.000:0.000|0.000:0.000:-1.300",False,False,Stopped,60.00,40.00,3.00,MultiAgentTraffic
13.1384,9,4,129,-5.5083,0.0500,9.9047,321.0923,0.0000,0.0000,-24.0000,0.0000,15.0000,19.1809,7,"","","10.500:0.000:13.500|-4.200:0.000:-2.992|13.502:0.000:-14.544|4.200:0.000:2.992|8.400:0.000:-0.508","0.000:0.000:0.000|0.000:0.000:0.800|-0.799:0.000:0.035|0.000:0.000:-0.800|0.000:0.000:-0.800","-10.500:0.000:13.500|20.000:0.000:6.638","0.000:0.000:0.000|0.000:0.000:-1.300",False,False,Stopped,60.00,40.00,3.00,MultiAgentTraffic
13.2409,9,4,130,-5.5083,0.0500,9.9047,321.0923,0.0000,0.0000,-24.0000,0.0000,15.0000,19.1809,7,"","","10.500:0.000:13.500|-4.200:0.000:-2.910|13.420:0.000:-14.540|4.200:0.000:2.910|8.400:0.000:-0.590","0.000:0.000:0.000|0.000:0.000:0.800|-0.799:0.000:0.035|0.000:0.000:-0.800|0.000:0.000:-0.800","-10.500:0.000:13.500|20.000:0.000:6.504","0.000:0.000:0.000|0.000:0.000:-1.300",False,False,Stopped,60.00,40.00,3.00,MultiAgentTraffic
13.3444,9,4,131,-5.5083,0.0500,9.9047,321.0923,0.0000,0.0000,-24.0000,0.0000,15.0000,19.1809,7,"","","10.500:0.000:13.500|-4.200:0.000:-2.827|13.337:0.000:-14.536|4.200:0.000:2.827|8.400:0.000:-0.673","0.000:0.000:0.000|0.000:0.000:0.800|-0.799:0.000:0.035|0.000:0.000:-0.800|0.000:0.000:-0.800","-10.500:0.000:13.500|20.000:0.000:6.370","0.000:0.000:0.000|0.000:0.000:-1.300",False,False,Stopped,60.00,40.00,3.00,MultiAgentTraffic
13.4457,9,4,132,-5.5083,0.0500,9.9047,321.0923,0.0000,0.0000,-24.0000,0.0000,15.0000,19.1809,7,"","","10.500:0.000:13.500|-4.200:0.000:-2.746|13.256:0.000:-14.533|4.200:0.000:2.746|8.400:0.000:-0.754","0.000:0.000:0.000|0.000:0.000:0.800|-0.799:0.000:0.035|0.000:0.000:-0.800|0.000:0.000:-0.800","-10.500:0.000:13.500|20.000:0.000:6.238","0.000:0.000:0.000|0.000:0.000:-1.300",False,False,Stopped,60.00,40.00,3.00,MultiAgentTraffic
13.5473,9,4,133,-5.5083,0.0500,9.9047,321.0923,0.0000,0.0000,-24.0000,0.0000,15.0000,19.1809,7,"","","10.500:0.000:13.500|-4.200:0.000:-2.665|13.175:0.000:-14.529|4.200:0.000:2.665|8.400:0.000:-0.835","0.000:0.000:0.000|0.000:0.000:0.800|-0.799:0.000:0.035|0.000:0.000:-0.800|0.000:0.000:-0.800","-10.500:0.000:13.500|20.000:0.000:6.106","0.000:0.000:0.000|0.000:0.000:-1.300",False,False,Stopped,60.00,40.00,3.00,MultiAgentTraffic
13.6492,9,4,134,-5.5083,0.0500,9.9047,321.0923,0.0000,0.0000,-24.0000,0.0000,15.0000,19.1809,7,"","","10.500:0.000:13.500|-4.200:0.000:-2.583|13.094:0.000:-14.526|4.200:0.000:2.583|8.400:0.000:-0.917","0.000:0.000:0.000|0.000:0.000:0.800|-0.799:0.000:0.035|0.000:0.000:-0.800|0.000:0.000:-0.800","-10.500:0.000:13.500|20.000:0.000:5.974","0.000:0.000:0.000|0.000:0.000:-1.300",False,False,Stopped,60.00,40.00,3.00,MultiAgentTraffic
13.7503,9,4,135,-5.5083,0.0500,9.9047,321.0923,0.0000,0.0000,-24.0000,0.0000,15.0000,19.1809,7,"","","10.500:0.000:13.500|-4.200:0.000:-2.503|13.013:0.000:-14.522|4.200:0.000:2.503|8.400:0.000:-0.997","0.000:0.000:0.000|0.000:0.000:0.800|-0.799:0.000:0.035|0.000:0.000:-0.800|0.000:0.000:-0.800","-10.500:0.000:13.500|20.000:0.000:5.842","0.000:0.000:0.000|0.000:0.000:-1.300",False,False,Stopped,60.00,40.00,3.00,MultiAgentTraffic
13.8534,9,4,136,-5.5083,0.0500,9.9047,321.0923,0.0000,0.0000,-24.0000,0.0000,15.0000,19.1809,7,"","","10.500:0.000:13.500|-4.200:0.000:-2.420|12.930:0.000:-14.519|4.200:0.000:2.420|8.400:0.000:-1.080","0.000:0.000:0.000|0.000:0.000:0.800|-0.799:0.000:0.035|0.000:0.000:-0.800|0.000:0.000:-0.800","-10.500:0.000:13.500|20.000:0.000:5.708","0.000:0.000:0.000|0.000:0.000:-1.300",False,False,Stopped,60.00,40.00,3.00,MultiAgentTraffic
13.9565,9,4,137,-5.5083,0.0500,9.9047,321.0923,0.0000,0.0000,-24.0000,0.0000,15.0000,19.1809,7,"","","10.500:0.000:13.500|-4.200:0.000:-2.338|12.848:0.000:-14.515|4.200:0.000:2.338|8.400:0.000:-1.162","0.000:0.000:0.000|0.000:0.000:0.800|-0.799:0.000:0.035|0.000:0.000:-0.800|0.000:0.000:-0.800","-10.500:0.000:13.500|20.000:0.000:5.574","0.000:0.000:0.000|0.000:0.000:-1.300",False,False,Stopped,60.00,40.00,3.00,MultiAgentTraffic
14.0593,9,4,138,-5.5083,0.0500,9.9047,321.0923,0.0000,0.0000,-24.0000,0.0000,15.0000,19.1809,7,"","","10.500:0.000:13.500|-4.200:0.000:-2.255|12.766:0.000:-14.512|4.200:0.000:2.255|8.400:0.000:-1.245","0.000:0.000:0.000|0.000:0.000:0.800|-0.799:0.000:0.035|0.000:0.000:-0.800|0.000:0.000:-0.800","-10.500:0.000:13.500|20.000:0.000:5.440","0.000:0.000:0.000|0.000:0.000:-1.300",False,False,Stopped,60.00,40.00,3.00,MultiAgentTraffic
14.1607,9,4,139,-5.5083,0.0500,9.9047,321.0923,0.0000,0.0000,-24.0000,0.0000,15.0000,19.1809,7,"","","10.500:0.000:13.500|-4.200:0.000:-2.174|12.685:0.000:-14.508|4.200:0.000:2.174|8.400:0.000:-1.326","0.000:0.000:0.000|0.000:0.000:0.800|-0.799:0.000:0.035|0.000:0.000:-0.800|0.000:0.000:-0.800","-10.500:0.000:13.500|20.000:0.000:5.309","0.000:0.000:0.000|0.000:0.000:-1.300",False,False,Stopped,60.00,40.00,3.00,MultiAgentTraffic
14.2646,9,4,140,-5.5083,0.0500,9.9047,321.0923,0.0000,0.0000,-24.0000,0.0000,15.0000,19.1809,7,"","","10.500:0.000:13.500|-4.200:0.000:-2.091|12.602:0.000:-14.504|4.200:0.000:2.091|8.400:0.000:-1.409","0.000:0.000:0.000|0.000:0.000:0.800|-0.799:0.000:0.035|0.000:0.000:-0.800|0.000:0.000:-0.800","-10.500:0.000:13.500|20.000:0.000:5.174","0.000:0.000:0.000|0.000:0.000:-1.300",False,False,Stopped,60.00,40.00,3.00,MultiAgentTraffic
14.3682,9,4,141,-5.5083,0.0500,9.9047,321.0923,0.0000,0.0000,-24.0000,0.0000,15.0000,19.1809,7,"","","10.500:0.000:13.500|-4.200:0.000:-2.008|12.519:0.000:-14.501|4.200:0.000:2.008|8.400:0.000:-1.492","0.000:0.000:0.000|0.000:0.000:0.800|-0.799:0.000:0.035|0.000:0.000:-0.800|0.000:0.000:-0.800","-10.500:0.000:13.500|20.000:0.000:5.039","0.000:0.000:0.000|0.000:0.000:-1.300",False,False,Stopped,60.00,40.00,3.00,MultiAgentTraffic
14.4704,9,4,142,-5.5083,0.0500,9.9047,321.0923,0.0000,0.0000,-24.0000,0.0000,15.0000,19.1809,7,"","","10.500:0.000:13.500|-4.200:0.000:-1.926|12.437:0.000:-14.497|4.200:0.000:1.926|8.400:0.000:-1.574","0.000:0.000:0.000|0.000:0.000:0.800|-0.799:0.000:0.035|0.000:0.000:-0.800|0.000:0.000:-0.800","-10.500:0.000:13.500|20.000:0.000:4.906","0.000:0.000:0.000|0.000:0.000:-1.300",False,False,Stopped,60.00,40.00,3.00,MultiAgentTraffic
14.5739,9,4,143,-5.5083,0.0500,9.9047,321.0923,0.0000,0.0000,-24.0000,0.0000,15.0000,19.1809,7,"","","10.500:0.000:13.500|-4.200:0.000:-1.844|12.355:0.000:-14.494|4.200:0.000:1.844|8.400:0.000:-1.656","0.000:0.000:0.000|0.000:0.000:0.800|-0.799:0.000:0.035|0.000:0.000:-0.800|0.000:0.000:-0.800","-10.500:0.000:13.500|20.000:0.000:4.772","0.000:0.000:0.000|0.000:0.000:-1.300",False,False,Stopped,60.00,40.00,3.00,MultiAgentTraffic
14.6771,9,4,144,-5.5083,0.0500,9.9047,321.0923,0.0000,0.0000,-24.0000,0.0000,15.0000,19.1809,7,"","","10.500:0.000:13.500|-4.200:0.000:-1.761|12.272:0.000:-14.490|4.200:0.000:1.761|8.400:0.000:-1.739","0.000:0.000:0.000|0.000:0.000:0.800|-0.799:0.000:0.035|0.000:0.000:-0.800|0.000:0.000:-0.800","-10.500:0.000:13.500|20.000:0.000:4.637","0.000:0.000:0.000|0.000:0.000:-1.300",False,False,Stopped,60.00,40.00,3.00,MultiAgentTraffic
14.7799,9,4,145,-5.5083,0.0500,9.9047,321.0923,0.0000,0.0000,-24.0000,0.0000,15.0000,19.1809,7,"","","10.500:0.000:13.500|-4.200:0.000:-1.679|12.190:0.000:-14.487|4.200:0.000:1.679|8.400:0.000:-1.821","0.000:0.000:0.000|0.000:0.000:0.800|-0.799:0.000:0.035|0.000:0.000:-0.800|0.000:0.000:-0.800","-10.500:0.000:13.500|20.000:0.000:4.504","0.000:0.000:0.000|0.000:0.000:-1.300",False,False,Stopped,60.00,40.00,3.00,MultiAgentTraffic
14.8829,9,4,146,-5.5083,0.0500,9.9047,321.0923,0.0000,0.0000,-24.0000,0.0000,15.0000,19.1809,7,"","","10.500:0.000:13.500|-4.200:0.000:-1.596|12.108:0.000:-14.483|4.200:0.000:1.596|8.400:0.000:-1.904","0.000:0.000:0.000|0.000:0.000:0.800|-0.799:0.000:0.035|0.000:0.000:-0.800|0.000:0.000:-0.800","-10.500:0.000:13.500|20.000:0.000:4.370","0.000:0.000:0.000|0.000:0.000:-1.300",False,False,Stopped,60.00,40.00,3.00,MultiAgentTraffic
14.9831,9,4,147,-5.5083,0.0500,9.9047,321.0923,0.0000,0.0000,-24.0000,0.0000,15.0000,19.1809,7,"","","10.500:0.000:13.500|-4.200:0.000:-1.516|12.028:0.000:-14.479|4.200:0.000:1.516|8.400:0.000:-1.984","0.000:0.000:0.000|0.000:0.000:0.800|-0.799:0.000:0.035|0.000:0.000:-0.800|0.000:0.000:-0.800","-10.500:0.000:13.500|20.000:0.000:4.240","0.000:0.000:0.000|0.000:0.000:-1.300",False,False,Stopped,60.00,40.00,3.00,MultiAgentTraffic
15.0831,9,4,148,-5.5083,0.0500,9.9047,321.0923,0.0000,0.0000,-24.0000,0.0000,15.0000,19.1809,7,"","","10.500:0.000:13.500|-4.200:0.000:-1.436|11.948:0.000:-14.476|4.200:0.000:1.436|8.400:0.000:-2.064","0.000:0.000:0.000|0.000:0.000:0.800|-0.799:0.000:0.035|0.000:0.000:-0.800|0.000:0.000:-0.800","-10.500:0.000:13.500|20.000:0.000:4.110","0.000:0.000:0.000|0.000:0.000:-1.300",False,False,Stopped,60.00,40.00,3.00,MultiAgentTraffic
15.1852,9,4,149,-5.5083,0.0500,9.9047,321.0923,0.0000,0.0000,-24.0000,0.0000,15.0000,19.1809,7,"","","10.500:0.000:13.500|-4.200:0.000:-1.355|11.866:0.000:-14.472|4.200:0.000:1.355|8.400:0.000:-2.145","0.000:0.000:0.000|0.000:0.000:0.800|-0.799:0.000:0.035|0.000:0.000:-0.800|0.000:0.000:-0.800","-10.500:0.000:13.500|20.000:0.000:3.977","0.000:0.000:0.000|0.000:0.000:-1.300",False,False,Stopped,60.00,40.00,3.00,MultiAgentTraffic
15.2864,9,4,150,-5.5083,0.0500,9.9047,321.0923,0.0000,0.0000,-24.0000,0.0000,15.0000,19.1809,7,"","","10.500:0.000:13.500|-4.200:0.000:-1.274|11.785:0.000:-14.469|4.200:0.000:1.274|8.400:0.000:-2.226","0.000:0.000:0.000|0.000:0.000:0.800|-0.799:0.000:0.035|0.000:0.000:-0.800|0.000:0.000:-0.800","-10.500:0.000:13.500|20.000:0.000:3.845","0.000:0.000:0.000|0.000:0.000:-1.300",False,False,Stopped,60.00,40.00,3.00,MultiAgentTraffic
15.3868,9,4,151,-5.5083,0.0500,9.9047,321.0923,0.0000,0.0000,-24.0000,0.0000,15.0000,19.1809,7,"","","10.500:0.000:13.500|-4.200:0.000:-1.193|11.705:0.000:-14.465|4.200:0.000:1.193|8.400:0.000:-2.307","0.000:0.000:0.000|0.000:0.000:0.800|-0.799:0.000:0.035|0.000:0.000:-0.800|0.000:0.000:-0.800","-10.500:0.000:13.500|20.000:0.000:3.715","0.000:0.000:0.000|0.000:0.000:-1.300",False,False,Stopped,60.00,40.00,3.00,MultiAgentTraffic
15.4876,9,4,152,-5.5083,0.0500,9.9047,321.0923,0.0000,0.0000,-24.0000,0.0000,15.0000,19.1809,7,"","","10.500:0.000:13.500|-4.200:0.000:-1.113|11.639:0.000:-14.494|4.200:0.000:1.113|8.400:0.000:-2.387","0.000:0.000:0.000|0.000:0.000:0.800|-0.488:0.000:-0.634|0.000:0.000:-0.800|0.000:0.000:-0.800","-10.500:0.000:13.500|20.000:0.000:3.584","0.000:0.000:0.000|0.000:0.000:-1.300",False,False,Stopped,60.00,40.00,3.00,MultiAgentTraffic
15.5884,9,4,153,-5.5083,0.0500,9.9047,321.0923,0.0000,0.0000,-24.0000,0.0000,15.0000,19.1809,7,"","","10.500:0.000:13.500|-4.200:0.000:-1.032|11.590:0.000:-14.557|4.200:0.000:1.032|8.400:0.000:-2.468","0.000:0.000:0.000|0.000:0.000:0.800|-0.490:0.000:-0.633|0.000:0.000:-0.800|0.000:0.000:-0.800","-10.500:0.000:13.500|20.000:0.000:3.453","0.000:0.000:0.000|0.000:0.000:-1.300",False,False,Stopped,60.00,40.00,3.00,MultiAgentTraffic
15.6887,9,4,154,-5.5083,0.0500,9.9047,321.0923,0.0000,0.0000,-24.0000,0.0000,15.0000,19.1809,7,"","","10.500:0.000:13.500|-4.200:0.000:-0.952|11.542:0.000:-14.590|4.200:0.000:0.952|8.400:0.000:-2.548","0.000:0.000:0.000|0.000:0.000:0.800|-0.426:0.000:0.677|0.000:0.000:-0.800|0.000:0.000:-0.800","-10.500:0.000:13.500|20.000:0.000:3.322","0.000:0.000:0.000|0.000:0.000:-1.300",False,False,Stopped,60.00,40.00,3.00,MultiAgentTraffic
15.7893,9,4,155,-5.5083,0.0500,9.9047,321.0923,0.0000,0.0000,-24.0000,0.0000,15.0000,19.1809,7,"","","10.500:0.000:13.500|-4.200:0.000:-0.871|11.529:0.000:-14.570|4.200:0.000:0.871|8.400:0.000:-2.629","0.000:0.000:0.000|0.000:0.000:0.800|0.000:0.000:0.000|0.000:0.000:-0.800|0.000:0.000:-0.800","-10.500:0.000:13.500|20.000:0.000:3.192","0.000:0.000:0.000|0.000:0.000:-1.300",False,False,Stopped,60.00,40.00,3.00,MultiAgentTraffic
15.8915,9,4,156,-5.5083,0.0500,9.9047,321.0923,0.0000,0.0000,-24.0000,0.0000,15.0000,19.1809,7,"","","10.500:0.000:13.500|-4.200:0.000:-0.789|11.529:0.000:-14.570|4.200:0.000:0.789|8.400:0.000:-2.711","0.000:0.000:0.000|0.000:0.000:0.800|0.000:0.000:0.000|0.000:0.000:-0.800|0.000:0.000:-0.800","-10.500:0.000:13.500|20.000:0.000:3.059","0.000:0.000:0.000|0.000:0.000:-1.300",False,False,Stopped,60.00,40.00,3.00,MultiAgentTraffic
15.9931,9,4,157,-5.5083,0.0500,9.9047,321.0923,0.0000,0.0000,-24.0000,0.0000,15.0000,19.1809,7,"","","10.500:0.000:13.500|-4.200:0.000:-0.708|11.529:0.000:-14.570|4.200:0.000:0.708|8.400:0.000:-2.792","0.000:0.000:0.000|0.000:0.000:0.800|0.000:0.000:0.000|0.000:0.000:-0.800|0.000:0.000:-0.800","-10.500:0.000:13.500|20.000:0.000:2.927","0.000:0.000:0.000|0.000:0.000:-1.300",False,False,Stopped,60.00,40.00,3.00,MultiAgentTraffic
16.0936,9,4,158,-5.5083,0.0500,9.9047,321.0923,0.0000,0.0000,-24.0000,0.0000,15.0000,19.1809,7,"","","10.500:0.000:13.500|-4.200:0.000:-0.628|11.529:0.000:-14.570|4.200:0.000:0.628|8.400:0.000:-2.872","0.000:0.000:0.000|0.000:0.000:0.800|0.000:0.000:0.000|0.000:0.000:-0.800|0.000:0.000:-0.800","-10.500:0.000:13.500|20.000:0.000:2.796","0.000:0.000:0.000|0.000:0.000:-1.300",False,False,Stopped,60.00,40.00,3.00,MultiAgentTraffic
16.1952,9,4,159,-5.5083,0.0500,9.9047,321.0923,0.0000,0.0000,-24.0000,0.0000,15.0000,19.1809,7,"","","10.500:0.000:13.500|-4.200:0.000:-0.547|11.529:0.000:-14.570|4.200:0.000:0.547|8.400:0.000:-2.953","0.000:0.000:0.000|0.000:0.000:0.800|0.000:0.000:0.000|0.000:0.000:-0.800|0.000:0.000:-0.800","-10.500:0.000:13.500|20.000:0.000:2.664","0.000:0.000:0.000|0.000:0.000:-1.300",False,False,Stopped,60.00,40.00,3.00,MultiAgentTraffic
16.2977,9,4,160,-5.5083,0.0500,9.9047,321.0923,0.0000,0.0000,-24.0000,0.0000,15.0000,19.1809,7,"","","10.500:0.000:13.500|-4.200:0.000:-0.465|11.529:0.000:-14.570|4.200:0.000:0.465|8.400:0.000:-3.035","0.000:0.000:0.000|0.000:0.000:0.800|0.000:0.000:0.000|0.000:0.000:-0.800|0.000:0.000:-0.800","-10.500:0.000:13.500|20.000:0.000:2.531","0.000:0.000:0.000|0.000:0.000:-1.300",False,False,Stopped,60.00,40.00,3.00,MultiAgentTraffic
16.4001,9,4,161,-5.5083,0.0500,9.9047,321.0923,0.0000,0.0000,-24.0000,0.0000,15.0000,19.1809,7,"","","10.500:0.000:13.500|-4.200:0.000:-0.383|11.529:0.000:-14.570|4.200:0.000:0.383|8.400:0.000:-3.117","0.000:0.000:0.000|0.000:0.000:0.800|0.000:0.000:0.000|0.000:0.000:-0.800|0.000:0.000:-0.800","-10.500:0.000:13.500|20.000:0.000:2.398","0.000:0.000:0.000|0.000:0.000:-1.300",False,False,Stopped,60.00,40.00,3.00,MultiAgentTraffic
16.5035,9,4,162,-5.5083,0.0500,9.9047,321.0923,0.0000,0.0000,-24.0000,0.0000,15.0000,19.1809,7,"","","10.500:0.000:13.500|-4.200:0.000:-0.300|11.529:0.000:-14.570|4.200:0.000:0.300|8.400:0.000:-3.200","0.000:0.000:0.000|0.000:0.000:0.800|0.000:0.000:0.000|0.000:0.000:-0.800|0.000:0.000:-0.800","-10.500:0.000:13.500|20.000:0.000:2.263","0.000:0.000:0.000|0.000:0.000:-1.300",False,False,Stopped,60.00,40.00,3.00,MultiAgentTraffic
16.6064,9,4,163,-5.5083,0.0500,9.9047,321.0923,0.0000,0.0000,-24.0000,0.0000,15.0000,19.1809,7,"","","10.500:0.000:13.500|-4.200:0.000:-0.218|11.529:0.000:-14.570|4.200:0.000:0.218|8.400:0.000:-3.282","0.000:0.000:0.000|0.000:0.000:0.800|0.000:0.000:0.000|0.000:0.000:-0.800|0.000:0.000:-0.800","-10.500:0.000:13.500|20.000:0.000:2.129","0.000:0.000:0.000|0.000:0.000:-1.300",False,False,Stopped,60.00,40.00,3.00,MultiAgentTraffic
16.7083,9,4,164,-5.5083,0.0500,9.9047,321.0923,0.0000,0.0000,-24.0000,0.0000,15.0000,19.1809,7,"","","10.500:0.000:13.500|-4.200:0.000:-0.136|11.529:0.000:-14.570|4.200:0.000:0.136|8.400:0.000:-3.364","0.000:0.000:0.000|0.000:0.000:0.800|0.000:0.000:0.000|0.000:0.000:-0.800|0.000:0.000:-0.800","-10.500:0.000:13.500|20.000:0.000:1.997","0.000:0.000:0.000|0.000:0.000:-1.300",False,False,Stopped,60.00,40.00,3.00,MultiAgentTraffic
16.8097,9,4,165,-5.5083,0.0500,9.9047,321.0923,0.0000,0.0000,-24.0000,0.0000,15.0000,19.1809,7,"","","10.500:0.000:13.500|-4.200:0.000:-0.055|11.529:0.000:-14.570|4.200:0.000:0.055|8.400:0.000:-3.445","0.000:0.000:0.000|0.000:0.000:0.800|0.000:0.000:0.000|0.000:0.000:-0.800|0.000:0.000:-0.800","-10.500:0.000:13.500|20.000:0.000:1.865","0.000:0.000:0.000|0.000:0.000:-1.300",False,False,Stopped,60.00,40.00,3.00,MultiAgentTraffic
16.9124,9,4,166,-5.5083,0.0500,9.9047,321.0923,0.0000,0.0000,-24.0000,0.0000,15.0000,19.1809,7,"","","10.500:0.000:13.500|-4.200:0.000:0.027|11.529:0.000:-14.570|4.200:0.000:-0.027|8.400:0.000:-3.527","0.000:0.000:0.000|0.000:0.000:0.800|0.000:0.000:0.000|0.000:0.000:-0.800|0.000:0.000:-0.800","-10.500:0.000:13.500|20.000:0.000:1.732","0.000:0.000:0.000|0.000:0.000:-1.300",False,False,Stopped,60.00,40.00,3.00,MultiAgentTraffic
17.0155,9,4,167,-5.5083,0.0500,9.9047,321.0923,0.0000,0.0000,-24.0000,0.0000,15.0000,19.1809,7,"","","10.500:0.000:13.500|-4.200:0.000:0.110|11.529:0.000:-14.570|4.200:0.000:-0.110|8.400:0.000:-3.610","0.000:0.000:0.000|0.000:0.000:0.800|0.000:0.000:0.000|0.000:0.000:-0.800|0.000:0.000:-0.800","-10.500:0.000:13.500|20.000:0.000:1.597","0.000:0.000:0.000|0.000:0.000:-1.300",False,False,Stopped,60.00,40.00,3.00,MultiAgentTraffic
17.1178,9,4,168,-5.5083,0.0500,9.9047,321.0923,0.0000,0.0000,-24.0000,0.0000,15.0000,19.1809,7,"","","10.500:0.000:13.500|-4.200:0.000:0.192|11.529:0.000:-14.570|4.200:0.000:-0.192|8.400:0.000:-3.692","0.000:0.000:0.000|0.000:0.000:0.800|0.000:0.000:0.000|0.000:0.000:-0.800|0.000:0.000:-0.800","-10.500:0.000:13.500|20.000:0.000:1.464","0.000:0.000:0.000|0.000:0.000:-1.300",False,False,Stopped,60.00,40.00,3.00,MultiAgentTraffic
17.2201,9,4,169,-5.5083,0.0500,9.9047,321.0923,0.0000,0.0000,-24.0000,0.0000,15.0000,19.1809,7,"","","10.500:0.000:13.500|-4.200:0.000:0.273|11.529:0.000:-14.570|4.200:0.000:-0.273|8.400:0.000:-3.773","0.000:0.000:0.000|0.000:0.000:0.800|0.000:0.000:0.000|0.000:0.000:-0.800|0.000:0.000:-0.800","-10.500:0.000:13.500|20.000:0.000:1.331","0.000:0.000:0.000|0.000:0.000:-1.300",False,False,Stopped,60.00,40.00,3.00,MultiAgentTraffic
17.3212,9,4,170,-5.5083,0.0500,9.9047,321.0923,0.0000,0.0000,-24.0000,0.0000,15.0000,19.1809,7,"","","10.500:0.000:13.500|-4.200:0.000:0.354|11.529:0.000:-14.570|4.200:0.000:-0.354|8.400:0.000:-3.854","0.000:0.000:0.000|0.000:0.000:0.800|0.000:0.000:0.000|0.000:0.000:-0.800|0.000:0.000:-0.800","-10.500:0.000:13.500|20.000:0.000:1.200","0.000:0.000:0.000|0.000:0.000:-1.300",False,False,Stopped,60.00,40.00,3.00,MultiAgentTraffic
17.4227,9,4,171,-5.5083,0.0500,9.9047,321.0923,0.0000,0.0000,-24.0000,0.0000,15.0000,19.1809,7,"","","10.500:0.000:13.500|-4.200:0.000:0.435|11.529:0.000:-14.570|4.200:0.000:-0.435|8.400:0.000:-3.935","0.000:0.000:0.000|0.000:0.000:0.800|0.000:0.000:0.000|0.000:0.000:-0.800|0.000:0.000:-0.800","-10.500:0.000:13.500|20.000:0.000:1.068","0.000:0.000:0.000|0.000:0.000:-1.300",False,False,Stopped,60.00,40.00,3.00,MultiAgentTraffic
17.5243,9,4,172,-5.5083,0.0500,9.9047,321.0923,0.0000,0.0000,-24.0000,0.0000,15.0000,19.1809,7,"","","10.500:0.000:13.500|-4.200:0.000:0.517|11.529:0.000:-14.570|4.200:0.000:-0.517|8.400:0.000:-4.017","0.000:0.000:0.000|0.000:0.000:0.800|0.000:0.000:0.000|0.000:0.000:-0.800|0.000:0.000:-0.800","-10.500:0.000:13.500|20.000:0.000:0.936","0.000:0.000:0.000|0.000:0.000:-1.300",False,False,Stopped,60.00,40.00,3.00,MultiAgentTraffic
17.6251,9,4,173,-5.5083,0.0500,9.9047,321.0923,0.0000,0.0000,-24.0000,0.0000,15.0000,19.1809,7,"","","10.500:0.000:13.500|-4.200:0.000:0.597|11.529:0.000:-14.570|4.200:0.000:-0.597|8.400:0.000:-4.097","0.000:0.000:0.000|0.000:0.000:0.800|0.000:0.000:0.000|0.000:0.000:-0.800|0.000:0.000:-0.800","-10.500:0.000:13.500|20.000:0.000:0.805","0.000:0.000:0.000|0.000:0.000:-1.300",False,False,Stopped,60.00,40.00,3.00,MultiAgentTraffic
17.7259,9,4,174,-5.5083,0.0500,9.9047,321.0923,0.0000,0.0000,-24.0000,0.0000,15.0000,19.1809,7,"","","10.500:0.000:13.500|-4.200:0.000:0.678|11.529:0.000:-14.570|4.200:0.000:-0.678|8.400:0.000:-4.178","0.000:0.000:0.000|0.000:0.000:0.800|0.000:0.000:0.000|0.000:0.000:-0.800|0.000:0.000:-0.800","-10.500:0.000:13.500|20.000:0.000:0.674","0.000:0.000:0.000|0.000:0.000:-1.300",False,False,Stopped,60.00,40.00,3.00,MultiAgentTraffic
17.8262,9,4,175,-5.5083,0.0500,9.9047,321.0923,0.0000,0.0000,-24.0000,0.0000,15.0000,19.1809,7,"","","10.500:0.000:13.500|-4.200:0.000:0.758|11.529:0.000:-14.570|4.200:0.000:-0.758|8.400:0.000:-4.258","0.000:0.000:0.000|0.000:0.000:0.800|0.000:0.000:0.000|0.000:0.000:-0.800|0.000:0.000:-0.800","-10.500:0.000:13.500|20.000:0.000:0.544","0.000:0.000:0.000|0.000:0.000:-1.300",False,False,Stopped,60.00,40.00,3.00,MultiAgentTraffic
17.9279,9,4,176,-5.5083,0.0500,9.9047,321.0923,0.0000,0.0000,-24.0000,0.0000,15.0000,19.1809,7,"","","10.500:0.000:13.500|-4.200:0.000:0.840|11.529:0.000:-14.570|4.200:0.000:-0.840|8.400:0.000:-4.340","0.000:0.000:0.000|0.000:0.000:0.800|0.000:0.000:0.000|0.000:0.000:-0.800|0.000:0.000:-0.800","-10.500:0.000:13.500|20.000:0.000:0.411","0.000:0.000:0.000|0.000:0.000:-1.300",False,False,Stopped,60.00,40.00,3.00,MultiAgentTraffic
18.0302,9,4,177,-5.5083,0.0500,9.9047,321.0923,0.0000,0.0000,-24.0000,0.0000,15.0000,19.1809,7,"","","10.500:0.000:13.500|-4.200:0.000:0.921|11.529:0.000:-14.570|4.200:0.000:-0.921|8.400:0.000:-4.281","0.000:0.000:0.000|0.000:0.000:0.800|0.000:0.000:0.000|0.000:0.000:-0.800|0.000:0.000:0.800","-10.500:0.000:13.500|20.000:0.000:0.278","0.000:0.000:0.000|0.000:0.000:-1.300",False,False,Stopped,60.00,40.00,3.00,MultiAgentTraffic
18.1304,9,4,178,-5.5083,0.0500,9.9047,321.0923,0.0000,0.0000,-24.0000,0.0000,15.0000,19.1809,7,"","","10.500:0.000:13.500|-4.200:0.000:1.002|11.529:0.000:-14.570|4.200:0.000:-1.002|8.400:0.000:-4.201","0.000:0.000:0.000|0.000:0.000:0.800|0.000:0.000:0.000|0.000:0.000:-0.800|0.000:0.000:0.800","-10.500:0.000:13.500|20.000:0.000:0.148","0.000:0.000:0.000|0.000:0.000:-1.300",False,False,Stopped,60.00,40.00,3.00,MultiAgentTraffic
18.2310,9,4,179,-5.5083,0.0500,9.9047,321.0923,0.0000,0.0000,-24.0000,0.0000,15.0000,19.1809,7,"","","10.500:0.000:13.500|-4.200:0.000:1.082|11.529:0.000:-14.570|4.200:0.000:-1.082|8.400:0.000:-4.121","0.000:0.000:0.000|0.000:0.000:0.800|0.000:0.000:0.000|0.000:0.000:-0.800|0.000:0.000:0.800","-10.500:0.000:13.500|20.000:0.000:0.017","0.000:0.000:0.000|0.000:0.000:-1.300",False,False,Stopped,60.00,40.00,3.00,MultiAgentTraffic
18.3329,9,4,180,-5.5083,0.0500,9.9047,321.0923,0.0000,0.0000,-24.0000,0.0000,15.0000,19.1809,7,"","","10.500:0.000:13.500|-4.200:0.000:1.164|11.529:0.000:-14.570|4.200:0.000:-1.164|8.400:0.000:-4.039","0.000:0.000:0.000|0.000:0.000:0.800|0.000:0.000:0.000|0.000:0.000:-0.800|0.000:0.000:0.800","-10.500:0.000:13.500|20.000:0.000:-0.115","0.000:0.000:0.000|0.000:0.000:-1.300",False,False,Stopped,60.00,40.00,3.00,MultiAgentTraffic
18.4340,9,4,181,-5.5083,0.0500,9.9047,321.0923,0.0000,0.0000,-24.0000,0.0000,15.0000,19.1809,7,"","","10.500:0.000:13.500|-4.200:0.000:1.244|11.529:0.000:-14.570|4.200:0.000:-1.244|8.400:0.000:-3.958","0.000:0.000:0.000|0.000:0.000:0.800|0.000:0.000:0.000|0.000:0.000:-0.800|0.000:0.000:0.800","-10.500:0.000:13.500|20.000:0.000:-0.247","0.000:0.000:0.000|0.000:0.000:-1.300",False,False,Stopped,60.00,40.00,3.00,MultiAgentTraffic
18.5353,9,4,182,-5.5083,0.0500,9.9047,321.0923,0.0000,0.0000,-24.0000,0.0000,15.0000,19.1809,7,"","","10.500:0.000:13.500|-4.200:0.000:1.326|11.529:0.000:-14.570|4.200:0.000:-1.326|8.400:0.000:-3.877","0.000:0.000:0.000|0.000:0.000:0.800|0.000:0.000:0.000|0.000:0.000:-0.800|0.000:0.000:0.800","-10.500:0.000:13.500|20.000:0.000:-0.378","0.000:0.000:0.000|0.000:0.000:-1.300",False,False,Stopped,60.00,40.00,3.00,MultiAgentTraffic
18.6380,9,4,183,-5.5083,0.0500,9.9047,321.0923,0.0000,0.0000,-24.0000,0.0000,15.0000,19.1809,7,"","","10.500:0.000:13.500|-4.200:0.000:1.408|11.529:0.000:-14.570|4.200:0.000:-1.408|8.400:0.000:-3.795","0.000:0.000:0.000|0.000:0.000:0.800|0.000:0.000:0.000|0.000:0.000:-0.800|0.000:0.000:0.800","-10.500:0.000:13.500|20.000:0.000:-0.512","0.000:0.000:0.000|0.000:0.000:-1.300",False,False,Stopped,60.00,40.00,3.00,MultiAgentTraffic
18.7408,9,4,184,-5.5083,0.0500,9.9047,321.0923,0.0000,0.0000,-24.0000,0.0000,15.0000,19.1809,7,"","","10.500:0.000:13.500|-4.200:0.000:1.490|11.529:0.000:-14.570|4.200:0.000:-1.490|8.400:0.000:-3.713","0.000:0.000:0.000|0.000:0.000:0.800|0.000:0.000:0.000|0.000:0.000:-0.800|0.000:0.000:0.800","-10.500:0.000:13.500|20.000:0.000:-0.645","0.000:0.000:0.000|0.000:0.000:-1.300",False,False,Stopped,60.00,40.00,3.00,MultiAgentTraffic
18.8428,9,4,185,-5.5083,0.0500,9.9047,321.0923,0.0000,0.0000,-24.0000,0.0000,15.0000,19.1809,7,"","","10.500:0.000:13.500|-4.200:0.000:1.571|11.529:0.000:-14.570|4.200:0.000:-1.571|8.400:0.000:-3.631","0.000:0.000:0.000|0.000:0.000:0.800|0.000:0.000:0.000|0.000:0.000:-0.800|0.000:0.000:0.800","-10.500:0.000:13.500|20.000:0.000:-0.778","0.000:0.000:0.000|0.000:0.000:-1.300",False,False,Stopped,60.00,40.00,3.00,MultiAgentTraffic
18.9457,9,4,186,-5.5083,0.0500,9.9047,321.0923,0.0000,0.0000,-24.0000,0.0000,15.0000,19.1809,7,"","","10.500:0.000:13.500|-4.200:0.000:1.654|11.529:0.000:-14.570|4.200:0.000:-1.654|8.400:0.000:-3.549","0.000:0.000:0.000|0.000:0.000:0.800|0.000:0.000:0.000|0.000:0.000:-0.800|0.000:0.000:0.800","-10.500:0.000:13.500|20.000:0.000:-0.912","0.000:0.000:0.000|0.000:0.000:-1.300",False,False,Stopped,60.00,40.00,3.00,MultiAgentTraffic
19.0480,9,4,187,-5.5083,0.0500,9.9047,321.0923,0.0000,0.0000,-24.0000,0.0000,15.0000,19.1809,7,"","","10.500:0.000:13.500|-4.200:0.000:1.736|11.529:0.000:-14.570|4.200:0.000:-1.736|8.400:0.000:-3.467","0.000:0.000:0.000|0.000:0.000:0.800|0.000:0.000:0.000|0.000:0.000:-0.800|0.000:0.000:0.800","-10.500:0.000:13.500|20.000:0.000:-1.045","0.000:0.000:0.000|0.000:0.000:-1.300",False,False,Stopped,60.00,40.00,3.00,MultiAgentTraffic
19.1484,9,4,188,-5.5083,0.0500,9.9047,321.0923,0.0000,0.0000,-24.0000,0.0000,15.0000,19.1809,7,"","","10.500:0.000:13.500|-4.200:0.000:1.816|11.529:0.000:-14.570|4.200:0.000:-1.816|8.400:0.000:-3.387","0.000:0.000:0.000|0.000:0.000:0.800|0.000:0.000:0.000|0.000:0.000:-0.800|0.000:0.000:0.800","-10.500:0.000:13.500|20.000:0.000:-1.175","0.000:0.000:0.000|0.000:0.000:-1.300",False,False,Stopped,60.00,40.00,3.00,MultiAgentTraffic
19.2485,9,4,189,-5.5083,0.0500,9.9047,321.0923,0.0000,0.0000,-24.0000,0.0000,15.0000,19.1809,7,"","","10.500:0.000:13.500|-4.200:0.000:1.896|11.529:0.000:-14.570|4.200:0.000:-1.896|8.400:0.000:-3.307","0.000:0.000:0.000|0.000:0.000:0.800|0.000:0.000:0.000|0.000:0.000:-0.800|0.000:0.000:0.800","-10.500:0.000:13.500|20.000:0.000:-1.305","0.000:0.000:0.000|0.000:0.000:-1.300",False,False,Stopped,60.00,40.00,3.00,MultiAgentTraffic
19.3492,9,4,190,-5.5083,0.0500,9.9047,321.0923,0.0000,0.0000,-24.0000,0.0000,15.0000,19.1809,7,"","","10.500:0.000:13.500|-4.200:0.000:1.977|11.529:0.000:-14.570|4.200:0.000:-1.977|8.400:0.000:-3.226","0.000:0.000:0.000|0.000:0.000:0.800|0.000:0.000:0.000|0.000:0.000:-0.800|0.000:0.000:0.800","-10.500:0.000:13.500|20.000:0.000:-1.436","0.000:0.000:0.000|0.000:0.000:-1.300",False,False,Stopped,60.00,40.00,3.00,MultiAgentTraffic
19.4511,9,4,191,-5.5083,0.0500,9.9047,321.0923,0.0000,0.0000,-24.0000,0.0000,15.0000,19.1809,7,"","","10.500:0.000:13.500|-4.200:0.000:2.058|11.529:0.000:-14.570|4.200:0.000:-2.058|8.400:0.000:-3.145","0.000:0.000:0.000|0.000:0.000:0.800|0.000:0.000:0.000|0.000:0.000:-0.800|0.000:0.000:0.800","-10.500:0.000:13.500|20.000:0.000:-1.569","0.000:0.000:0.000|0.000:0.000:-1.300",False,False,Stopped,60.00,40.00,3.00,MultiAgentTraffic
19.5541,9,4,192,-5.5083,0.0500,9.9047,321.0923,0.0000,0.0000,-24.0000,0.0000,15.0000,19.1809,7,"","","10.500:0.000:13.500|-4.200:0.000:2.141|11.529:0.000:-14.570|4.200:0.000:-2.141|8.400:0.000:-3.062","0.000:0.000:0.000|0.000:0.000:0.800|0.000:0.000:0.000|0.000:0.000:-0.800|0.000:0.000:0.800","-10.500:0.000:13.500|20.000:0.000:-1.703","0.000:0.000:0.000|0.000:0.000:-1.300",False,False,Stopped,60.00,40.00,3.00,MultiAgentTraffic
19.6569,9,4,193,-5.5083,0.0500,9.9047,321.0923,0.0000,0.0000,-24.0000,0.0000,15.0000,19.1809,7,"","","10.500:0.000:13.500|-4.200:0.000:2.223|11.529:0.000:-14.570|4.200:0.000:-2.223|8.400:0.000:-2.980","0.000:0.000:0.000|0.000:0.000:0.800|0.000:0.000:0.000|0.000:0.000:-0.800|0.000:0.000:0.800","-10.500:0.000:13.500|20.000:0.000:-1.836","0.000:0.000:0.000|0.000:0.000:-1.300",False,False,Stopped,60.00,40.00,3.00,MultiAgentTraffic
19.7593,9,4,194,-5.5083,0.0500,9.9047,321.0923,0.0000,0.0000,-24.0000,0.0000,15.0000,19.1809,7,"","","10.500:0.000:13.500|-4.200:0.000:2.305|11.529:0.000:-14.570|4.200:0.000:-2.305|8.400:0.000:-2.898","0.000:0.000:0.000|0.000:0.000:0.800|0.000:0.000:0.000|0.000:0.000:-0.800|0.000:0.000:0.800","-10.500:0.000:13.500|20.000:0.000:-1.969","0.000:0.000:0.000|0.000:0.000:-1.300",False,False,Stopped,60.00,40.00,3.00,MultiAgentTraffic
19.8595,9,4,195,-5.5083,0.0500,9.9047,321.0923,0.0000,0.0000,-24.0000,0.0000,15.0000,19.1809,7,"","","10.500:0.000:13.500|-4.200:0.000:2.385|11.529:0.000:-14.570|4.200:0.000:-2.385|8.400:0.000:-2.818","0.000:0.000:0.000|0.000:0.000:0.800|0.000:0.000:0.000|0.000:0.000:-0.800|0.000:0.000:0.800","-10.500:0.000:13.500|20.000:0.000:-2.100","0.000:0.000:0.000|0.000:0.000:-1.300",False,False,Stopped,60.00,40.00,3.00,MultiAgentTraffic
19.9620,9,4,196,-5.5083,0.0500,9.9047,321.0923,0.0000,0.0000,-24.0000,0.0000,15.0000,19.1809,7,"","","10.500:0.000:13.500|-4.200:0.000:2.467|11.529:0.000:-14.570|4.200:0.000:-2.467|8.400:0.000:-2.736","0.000:0.000:0.000|0.000:0.000:0.800|0.000:0.000:0.000|0.000:0.000:-0.800|0.000:0.000:0.800","-10.500:0.000:13.500|20.000:0.000:-2.233","0.000:0.000:0.000|0.000:0.000:-1.300",False,False,Stopped,60.00,40.00,3.00,MultiAgentTraffic
20.0634,9,4,197,-5.5083,0.0500,9.9047,321.0923,0.0000,0.0000,-24.0000,0.0000,15.0000,19.1809,7,"","","10.500:0.000:13.500|-4.200:0.000:2.548|11.529:0.000:-14.570|4.200:0.000:-2.548|8.400:0.000:-2.655","0.000:0.000:0.000|0.000:0.000:0.800|0.000:0.000:0.000|0.000:0.000:-0.800|0.000:0.000:0.800","-10.500:0.000:13.500|20.000:0.000:-2.365","0.000:0.000:0.000|0.000:0.000:-1.300",False,False,Stopped,60.00,40.00,3.00,MultiAgentTraffic
20.1655,9,4,198,-5.5083,0.0500,9.9047,321.0923,0.0000,0.0000,-24.0000,0.0000,15.0000,19.1809,7,"","","10.500:0.000:13.500|-4.200:0.000:2.630|11.529:0.000:-14.570|4.200:0.000:-2.630|8.400:0.000:-2.573","0.000:0.000:0.000|0.000:0.000:0.800|0.000:0.000:0.000|0.000:0.000:-0.800|0.000:0.000:0.800","-10.500:0.000:13.500|20.000:0.000:-2.498","0.000:0.000:0.000|0.000:0.000:-1.300",False,False,Stopped,60.00,40.00,3.00,MultiAgentTraffic
20.2686,9,4,199,-5.5083,0.0500,9.9047,321.0923,0.0000,0.0000,-24.0000,0.0000,15.0000,19.1809,7,"","","10.500:0.000:13.500|-4.200:0.000:2.712|11.529:0.000:-14.570|4.200:0.000:-2.712|8.400:0.000:-2.491","0.000:0.000:0.000|0.000:0.000:0.800|0.000:0.000:0.000|0.000:0.000:-0.800|0.000:0.000:0.800","-10.500:0.000:13.500|20.000:0.000:-2.632","0.000:0.000:0.000|0.000:0.000:-1.300",False,False,Stopped,60.00,40.00,3.00,MultiAgentTraffic
20.3723,9,4,200,-5.5083,0.0500,9.9047,321.0923,0.0000,0.0000,-24.0000,0.0000,15.0000,19.1809,7,"","","10.500:0.000:13.500|-4.200:0.000:2.795|11.529:0.000:-14.570|4.200:0.000:-2.795|8.400:0.000:-2.408","0.000:0.000:0.000|0.000:0.000:0.800|0.000:0.000:0.000|0.000:0.000:-0.800|0.000:0.000:0.800","-10.500:0.000:13.500|20.000:0.000:-2.766","0.000:0.000:0.000|0.000:0.000:-1.300",False,False,Stopped,60.00,40.00,3.00,MultiAgentTraffic
20.4726,9,4,201,-5.5083,0.0500,9.9047,321.0923,0.0000,0.0000,-24.0000,0.0000,15.0000,19.1809,7,"","","10.500:0.000:13.500|-4.200:0.000:2.875|11.529:0.000:-14.570|4.200:0.000:-2.875|8.400:0.000:-2.328","0.000:0.000:0.000|0.000:0.000:0.800|0.000:0.000:0.000|0.000:0.000:-0.800|0.000:0.000:0.800","-10.500:0.000:13.500|20.000:0.000:-2.897","0.000:0.000:0.000|0.000:0.000:-1.300",False,False,Stopped,60.00,40.00,3.00,MultiAgentTraffic
20.5757,9,4,202,-5.5083,0.0500,9.9047,321.0923,0.0000,0.0000,-24.0000,0.0000,15.0000,19.1809,7,"","","10.500:0.000:13.500|-4.200:0.000:2.958|11.529:0.000:-14.570|4.200:0.000:-2.958|8.400:0.000:-2.245","0.000:0.000:0.000|0.000:0.000:0.800|0.000:0.000:0.000|0.000:0.000:-0.800|0.000:0.000:0.800","-10.500:0.000:13.500|20.000:0.000:-3.031","0.000:0.000:0.000|0.000:0.000:-1.300",False,False,Stopped,60.00,40.00,3.00,MultiAgentTraffic
20.6765,9,4,203,-5.5083,0.0500,9.9047,321.0923,0.0000,0.0000,-24.0000,0.0000,15.0000,19.1809,7,"","","10.500:0.000:13.500|-4.200:0.000:3.038|11.529:0.000:-14.570|4.200:0.000:-3.038|8.400:0.000:-2.164","0.000:0.000:0.000|0.000:0.000:0.800|0.000:0.000:0.000|0.000:0.000:-0.800|0.000:0.000:0.800","-10.500:0.000:13.500|20.000:0.000:-3.162","0.000:0.000:0.000|0.000:0.000:-1.300",False,False,Stopped,60.00,40.00,3.00,MultiAgentTraffic
20.7767,9,4,204,-5.5083,0.0500,9.9047,321.0923,0.0000,0.0000,-24.0000,0.0000,15.0000,19.1809,7,"","","10.500:0.000:13.500|-4.200:0.000:3.119|11.529:0.000:-14.570|4.200:0.000:-3.119|8.400:0.000:-2.084","0.000:0.000:0.000|0.000:0.000:0.800|0.000:0.000:0.000|0.000:0.000:-0.800|0.000:0.000:0.800","-10.500:0.000:13.500|20.000:0.000:-3.292","0.000:0.000:0.000|0.000:0.000:-1.300",False,False,Stopped,60.00,40.00,3.00,MultiAgentTraffic
20.8771,9,4,205,-5.5083,0.0500,9.9047,321.0923,0.0000,0.0000,-24.0000,0.0000,15.0000,19.1809,7,"","","10.500:0.000:13.500|-4.200:0.000:3.199|11.529:0.000:-14.570|4.200:0.000:-3.199|8.400:0.000:-2.004","0.000:0.000:0.000|0.000:0.000:0.800|0.000:0.000:0.000|0.000:0.000:-0.800|0.000:0.000:0.800","-10.500:0.000:13.500|20.000:0.000:-3.423","0.000:0.000:0.000|0.000:0.000:-1.300",False,False,Stopped,60.00,40.00,3.00,MultiAgentTraffic
20.9774,9,4,206,-5.5083,0.0500,9.9047,321.0923,0.0000,0.0000,-24.0000,0.0000,15.0000,19.1809,7,"","","10.500:0.000:13.500|-4.200:0.000:3.279|11.529:0.000:-14.570|4.200:0.000:-3.279|8.400:0.000:-1.924","0.000:0.000:0.000|0.000:0.000:0.800|0.000:0.000:0.000|0.000:0.000:-0.800|0.000:0.000:0.800","-10.500:0.000:13.500|20.000:0.000:-3.553","0.000:0.000:0.000|0.000:0.000:-1.300",False,False,Stopped,60.00,40.00,3.00,MultiAgentTraffic
21.0776,9,4,207,-5.5083,0.0500,9.9047,321.0923,0.0000,0.0000,-24.0000,0.0000,15.0000,19.1809,7,"","","10.500:0.000:13.500|-4.200:0.000:3.359|11.529:0.000:-14.570|4.200:0.000:-3.359|8.400:0.000:-1.843","0.000:0.000:0.000|0.000:0.000:0.800|0.000:0.000:0.000|0.000:0.000:-0.800|0.000:0.000:0.800","-10.500:0.000:13.500|20.000:0.000:-3.683","0.000:0.000:0.000|0.000:0.000:-1.300",False,False,Stopped,60.00,40.00,3.00,MultiAgentTraffic
21.1781,9,4,208,-5.5083,0.0500,9.9047,321.0923,0.0000,0.0000,-24.0000,0.0000,15.0000,19.1809,7,"","","10.500:0.000:13.500|-4.200:0.000:3.440|11.529:0.000:-14.570|4.200:0.000:-3.440|8.400:0.000:-1.763","0.000:0.000:0.000|0.000:0.000:0.800|0.000:0.000:0.000|0.000:0.000:-0.800|0.000:0.000:0.800","-10.500:0.000:13.500|20.000:0.000:-3.814","0.000:0.000:0.000|0.000:0.000:-1.300",False,False,Stopped,60.00,40.00,3.00,MultiAgentTraffic
21.2789,9,4,209,-5.5083,0.0500,9.9047,321.0923,0.0000,0.0000,-24.0000,0.0000,15.0000,19.1809,7,"","","10.500:0.000:13.500|-4.200:0.000:3.520|11.529:0.000:-14.570|4.200:0.000:-3.520|8.400:0.000:-1.682","0.000:0.000:0.000|0.000:0.000:0.800|0.000:0.000:0.000|0.000:0.000:-0.800|0.000:0.000:0.800","-10.500:0.000:13.500|20.000:0.000:-3.945","0.000:0.000:0.000|0.000:0.000:-1.300",False,False,Stopped,60.00,40.00,3.00,MultiAgentTraffic
21.3810,9,4,210,-5.5083,0.0500,9.9047,321.0923,0.0000,0.0000,-24.0000,0.0000,15.0000,19.1809,7,"","","10.500:0.000:13.500|-4.200:0.000:3.602|11.529:0.000:-14.570|4.200:0.000:-3.602|8.400:0.000:-1.601","0.000:0.000:0.000|0.000:0.000:0.800|0.000:0.000:0.000|0.000:0.000:-0.800|0.000:0.000:0.800","-10.500:0.000:13.500|20.000:0.000:-4.078","0.000:0.000:0.000|0.000:0.000:-1.300",False,False,Stopped,60.00,40.00,3.00,MultiAgentTraffic
21.4838,9,4,211,-5.5083,0.0500,9.9047,321.0923,0.0000,0.0000,-24.0000,0.0000,15.0000,19.1809,7,"","","10.500:0.000:13.500|-4.200:0.000:3.684|11.529:0.000:-14.570|4.200:0.000:-3.684|8.400:0.000:-1.519","0.000:0.000:0.000|0.000:0.000:0.800|0.000:0.000:0.000|0.000:0.000:-0.800|0.000:0.000:0.800","-10.500:0.000:13.500|20.000:0.000:-4.211","0.000:0.000:0.000|0.000:0.000:-1.300",False,False,Stopped,60.00,40.00,3.00,MultiAgentTraffic
21.5853,9,4,212,-5.5083,0.0500,9.9047,321.0923,0.0000,0.0000,-24.0000,0.0000,15.0000,19.1809,7,"","","10.500:0.000:13.500|-4.200:0.000:3.766|11.529:0.000:-14.570|4.200:0.000:-3.766|8.400:0.000:-1.437","0.000:0.000:0.000|0.000:0.000:0.800|0.000:0.000:0.000|0.000:0.000:-0.800|0.000:0.000:0.800","-10.500:0.000:13.500|20.000:0.000:-4.343","0.000:0.000:0.000|0.000:0.000:-1.300",False,False,Stopped,60.00,40.00,3.00,MultiAgentTraffic
21.6866,9,4,213,-5.5083,0.0500,9.9047,321.0923,0.0000,0.0000,-24.0000,0.0000,15.0000,19.1809,7,"","","10.500:0.000:13.500|-4.200:0.000:3.847|11.529:0.000:-14.570|4.200:0.000:-3.847|8.400:0.000:-1.356","0.000:0.000:0.000|0.000:0.000:0.800|0.000:0.000:0.000|0.000:0.000:-0.800|0.000:0.000:0.800","-10.500:0.000:13.500|20.000:0.000:-4.475","0.000:0.000:0.000|0.000:0.000:-1.300",False,False,Stopped,60.00,40.00,3.00,MultiAgentTraffic
21.7886,9,4,214,-5.5083,0.0500,9.9047,321.0923,0.0000,0.0000,-24.0000,0.0000,15.0000,19.1809,7,"","","10.500:0.000:13.500|-4.200:0.000:3.928|11.529:0.000:-14.570|4.200:0.000:-3.928|8.400:0.000:-1.275","0.000:0.000:0.000|0.000:0.000:0.800|0.000:0.000:0.000|0.000:0.000:-0.800|0.000:0.000:0.800","-10.500:0.000:13.500|20.000:0.000:-4.607","0.000:0.000:0.000|0.000:0.000:-1.300",False,False,Stopped,60.00,40.00,3.00,MultiAgentTraffic
21.8912,9,4,215,-5.5083,0.0500,9.9047,321.0923,0.0000,0.0000,-24.0000,0.0000,15.0000,19.1809,7,"","","10.500:0.000:13.500|-4.200:0.000:4.010|11.529:0.000:-14.570|4.200:0.000:-4.010|8.400:0.000:-1.193","0.000:0.000:0.000|0.000:0.000:0.800|0.000:0.000:0.000|0.000:0.000:-0.800|0.000:0.000:0.800","-10.500:0.000:13.500|20.000:0.000:-4.741","0.000:0.000:0.000|0.000:0.000:-1.300",False,False,Stopped,60.00,40.00,3.00,MultiAgentTraffic
21.9928,9,4,216,-5.5083,0.0500,9.9047,321.0923,0.0000,0.0000,-24.0000,0.0000,15.0000,19.1809,7,"","","10.500:0.000:13.500|-4.200:0.000:4.092|11.529:0.000:-14.570|4.200:0.000:-4.092|8.400:0.000:-1.111","0.000:0.000:0.000|0.000:0.000:0.800|0.000:0.000:0.000|0.000:0.000:-0.800|0.000:0.000:0.800","-10.500:0.000:13.500|20.000:0.000:-4.873","0.000:0.000:0.000|0.000:0.000:-1.300",False,False,Stopped,60.00,40.00,3.00,MultiAgentTraffic
22.0935,9,4,217,-5.5083,0.0500,9.9047,321.0923,0.0000,0.0000,-24.0000,0.0000,15.0000,19.1809,7,"","","10.500:0.000:13.500|-4.200:0.000:4.172|11.529:0.000:-14.570|4.200:0.000:-4.172|8.400:0.000:-1.031","0.000:0.000:0.000|0.000:0.000:0.800|0.000:0.000:0.000|0.000:0.000:-0.800|0.000:0.000:0.800","-10.500:0.000:13.500|20.000:0.000:-5.004","0.000:0.000:0.000|0.000:0.000:-1.300",False,False,Stopped,60.00,40.00,3.00,MultiAgentTraffic
22.1947,9,4,218,-5.5083,0.0500,9.9047,321.0923,0.0000,0.0000,-24.0000,0.0000,15.0000,19.1809,7,"","","10.500:0.000:13.500|-4.200:0.000:4.253|11.529:0.000:-14.570|4.200:0.000:-4.253|8.400:0.000:-0.950","0.000:0.000:0.000|0.000:0.000:0.800|0.000:0.000:0.000|0.000:0.000:-0.800|0.000:0.000:0.800","-10.500:0.000:13.500|20.000:0.000:-5.136","0.000:0.000:0.000|0.000:0.000:-1.300",False,False,Stopped,60.00,40.00,3.00,MultiAgentTraffic
22.2953,9,4,219,-5.5083,0.0500,9.9047,321.0923,0.0000,0.0000,-24.0000,0.0000,15.0000,19.1809,7,"","","10.500:0.000:13.500|-4.200:0.000:4.334|11.529:0.000:-14.570|4.200:0.000:-4.334|8.400:0.000:-0.869","0.000:0.000:0.000|0.000:0.000:0.800|0.000:0.000:0.000|0.000:0.000:-0.800|0.000:0.000:0.800","-10.500:0.000:13.500|20.000:0.000:-5.266","0.000:0.000:0.000|0.000:0.000:-1.300",False,False,Stopped,60.00,40.00,3.00,MultiAgentTraffic
22.3953,9,4,220,-5.5083,0.0500,9.9047,321.0923,0.0000,0.0000,-24.0000,0.0000,15.0000,19.1809,7,"","","10.500:0.000:13.500|-4.200:0.000:4.414|11.529:0.000:-14.570|4.200:0.000:-4.289|8.400:0.000:-0.789","0.000:0.000:0.000|0.000:0.000:0.800|0.000:0.000:0.000|0.000:0.000:0.800|0.000:0.000:0.800","-10.500:0.000:13.500|20.000:0.000:-5.396","0.000:0.000:0.000|0.000:0.000:-1.300",False,False,Stopped,60.00,40.00,3.00,MultiAgentTraffic
22.4973,9,4,221,-5.5083,0.0500,9.9047,321.0923,0.0000,0.0000,-24.0000,0.0000,15.0000,19.1809,7,"","","10.500:0.000:13.500|-4.200:0.000:4.495|11.529:0.000:-14.570|4.200:0.000:-4.208|8.400:0.000:-0.708","0.000:0.000:0.000|0.000:0.000:0.800|0.000:0.000:0.000|0.000:0.000:0.800|0.000:0.000:0.800","-10.500:0.000:13.500|20.000:0.000:-5.529","0.000:0.000:0.000|0.000:0.000:-1.300",False,False,Stopped,60.00,40.00,3.00,MultiAgentTraffic
22.5984,9,4,222,-5.5083,0.0500,9.9047,321.0923,0.0000,0.0000,-24.0000,0.0000,15.0000,19.1809,7,"","","10.500:0.000:13.500|-4.200:0.000:4.576|11.529:0.000:-14.570|4.200:0.000:-4.127|8.400:0.000:-0.627","0.000:0.000:0.000|0.000:0.000:0.800|0.000:0.000:0.000|0.000:0.000:0.800|0.000:0.000:0.800","-10.500:0.000:13.500|20.000:0.000:-5.660","0.000:0.000:0.000|0.000:0.000:-1.300",False,False,Stopped,60.00,40.00,3.00,MultiAgentTraffic
22.6986,9,4,223,-5.5083,0.0500,9.9047,321.0923,0.0000,0.0000,-24.0000,0.0000,15.0000,19.1809,7,"","","10.500:0.000:13.500|-4.200:0.000:4.656|11.529:0.000:-14.570|4.200:0.000:-4.047|8.400:0.000:-0.547","0.000:0.000:0.000|0.000:0.000:0.800|0.000:0.000:0.000|0.000:0.000:0.800|0.000:0.000:0.800","-10.500:0.000:13.500|20.000:0.000:-5.791","0.000:0.000:0.000|0.000:0.000:-1.300",False,False,Stopped,60.00,40.00,3.00,MultiAgentTraffic
22.8012,9,4,224,-5.5083,0.0500,9.9047,321.0923,0.0000,0.0000,-24.0000,0.0000,15.0000,19.1809,7,"","","10.500:0.000:13.500|-4.200:0.000:4.738|11.529:0.000:-14.570|4.200:0.000:-3.965|8.400:0.000:-0.465","0.000:0.000:0.000|0.000:0.000:0.800|0.000:0.000:0.000|0.000:0.000:0.800|0.000:0.000:0.800","-10.500:0.000:13.500|20.000:0.000:-5.924","0.000:0.000:0.000|0.000:0.000:-1.300",False,False,Stopped,60.00,40.00,3.00,MultiAgentTraffic
22.9021,9,4,225,-5.5083,0.0500,9.9047,321.0923,0.0000,0.0000,-24.0000,0.0000,15.0000,19.1809,7,"","","10.500:0.000:13.500|-4.200:0.000:4.819|11.529:0.000:-14.570|4.200:0.000:-3.884|8.400:0.000:-0.384","0.000:0.000:0.000|0.000:0.000:0.800|0.000:0.000:0.000|0.000:0.000:0.800|0.000:0.000:0.800","-10.500:0.000:13.500|20.000:0.000:-6.055","0.000:0.000:0.000|0.000:0.000:-1.300",False,False,Stopped,60.00,40.00,3.00,MultiAgentTraffic
23.0039,9,4,226,-5.5083,0.0500,9.9047,321.0923,0.0000,0.0000,-24.0000,0.0000,15.0000,19.1809,7,"","","10.500:0.000:13.500|-4.200:0.000:4.900|11.529:0.000:-14.570|4.200:0.000:-3.802|8.400:0.000:-0.302","0.000:0.000:0.000|0.000:0.000:0.800|0.000:0.000:0.000|0.000:0.000:0.800|0.000:0.000:0.800","-10.500:0.000:13.500|20.000:0.000:-6.187","0.000:0.000:0.000|0.000:0.000:-1.300",False,False,Stopped,60.00,40.00,3.00,MultiAgentTraffic
23.1061,9,4,227,-5.5083,0.0500,9.9047,321.0923,0.0000,0.0000,-24.0000,0.0000,15.0000,19.1809,7,"","","10.500:0.000:13.500|-4.200:0.000:4.982|11.529:0.000:-14.570|4.200:0.000:-3.721|8.400:0.000:-0.221","0.000:0.000:0.000|0.000:0.000:0.800|0.000:0.000:0.000|0.000:0.000:0.800|0.000:0.000:0.800","-10.500:0.000:13.500|20.000:0.000:-6.320","0.000:0.000:0.000|0.000:0.000:-1.300",False,False,Stopped,60.00,40.00,3.00,MultiAgentTraffic
23.2087,9,4,228,-5.5083,0.0500,9.9047,321.0923,0.0000,0.0000,-24.0000,0.0000,15.0000,19.1809,7,"","","10.500:0.000:13.500|-4.200:0.000:5.064|11.529:0.000:-14.570|4.200:0.000:-3.639|8.400:0.000:-0.139","0.000:0.000:0.000|0.000:0.000:0.800|0.000:0.000:0.000|0.000:0.000:0.800|0.000:0.000:0.800","-10.500:0.000:13.500|20.000:0.000:-6.454","0.000:0.000:0.000|0.000:0.000:-1.300",False,False,Stopped,60.00,40.00,3.00,MultiAgentTraffic
23.3101,9,4,229,-5.5083,0.0500,9.9047,321.0923,0.0000,0.0000,-24.0000,0.0000,15.0000,19.1809,7,"","","10.500:0.000:13.500|-4.200:0.000:5.145|11.529:0.000:-14.570|4.200:0.000:-3.558|8.400:0.000:-0.058","0.000:0.000:0.000|0.000:0.000:0.800|0.000:0.000:0.000|0.000:0.000:0.800|0.000:0.000:0.800","-10.500:0.000:13.500|20.000:0.000:-6.585","0.000:0.000:0.000|0.000:0.000:-1.300",False,False,Stopped,60.00,40.00,3.00,MultiAgentTraffic
23.4125,9,4,230,-5.5083,0.0500,9.9047,321.0923,0.0000,0.0000,-24.0000,0.0000,15.0000,19.1809,7,"","","10.500:0.000:13.500|-4.200:0.000:5.227|11.529:0.000:-14.570|4.200:0.000:-3.476|8.400:0.000:0.024","0.000:0.000:0.000|0.000:0.000:0.800|0.000:0.000:0.000|0.000:0.000:0.800|0.000:0.000:0.800","-10.500:0.000:13.500|20.000:0.000:-6.719","0.000:0.000:0.000|0.000:0.000:-1.300",False,False,Stopped,60.00,40.00,3.00,MultiAgentTraffic
23.5138,9,4,231,-5.5083,0.0500,9.9047,321.0923,0.0000,0.0000,-24.0000,0.0000,15.0000,19.1809,7,"","","10.500:0.000:13.500|-4.200:0.000:5.308|11.529:0.000:-14.570|4.200:0.000:-3.394|8.400:0.000:0.105","0.000:0.000:0.000|0.000:0.000:0.800|0.000:0.000:0.000|0.000:0.000:0.800|0.000:0.000:0.800","-10.500:0.000:13.500|20.000:0.000:-6.850","0.000:0.000:0.000|0.000:0.000:-1.300",False,False,Stopped,60.00,40.00,3.00,MultiAgentTraffic
23.6157,9,4,232,-5.5083,0.0500,9.9047,321.0923,0.0000,0.0000,-24.0000,0.0000,15.0000,19.1809,7,"","","10.500:0.000:13.500|-4.200:0.000:5.390|11.529:0.000:-14.570|4.200:0.000:-3.313|8.400:0.000:0.187","0.000:0.000:0.000|0.000:0.000:0.800|0.000:0.000:0.000|0.000:0.000:0.800|0.000:0.000:0.800","-10.500:0.000:13.500|20.000:0.000:-6.983","0.000:0.000:0.000|0.000:0.000:-1.300",False,False,Stopped,60.00,40.00,3.00,MultiAgentTraffic
23.7178,9,4,233,-5.5083,0.0500,9.9047,321.0923,0.0000,0.0000,-24.0000,0.0000,15.0000,19.1809,7,"","","10.500:0.000:13.500|-4.200:0.000:5.471|11.529:0.000:-14.570|4.200:0.000:-3.231|8.400:0.000:0.269","0.000:0.000:0.000|0.000:0.000:0.800|0.000:0.000:0.000|0.000:0.000:0.800|0.000:0.000:0.800","-10.500:0.000:13.500|20.000:0.000:-7.115","0.000:0.000:0.000|0.000:0.000:-1.300",False,False,Stopped,60.00,40.00,3.00,MultiAgentTraffic
23.8195,9,4,234,-5.5083,0.0500,9.9047,321.0923,0.0000,0.0000,-24.0000,0.0000,15.0000,19.1809,7,"","","10.500:0.000:13.500|-4.200:0.000:5.553|11.529:0.000:-14.570|4.200:0.000:-3.150|8.400:0.000:0.350","0.000:0.000:0.000|0.000:0.000:0.800|0.000:0.000:0.000|0.000:0.000:0.800|0.000:0.000:0.800","-10.500:0.000:13.500|20.000:0.000:-7.248","0.000:0.000:0.000|0.000:0.000:-1.300",False,False,Stopped,60.00,40.00,3.00,MultiAgentTraffic
23.9217,9,4,235,-5.5083,0.0500,9.9047,321.0923,0.0000,0.0000,-24.0000,0.0000,15.0000,19.1809,7,"","","10.500:0.000:13.500|-4.200:0.000:5.635|11.529:0.000:-14.570|4.200:0.000:-3.068|8.400:0.000:0.432","0.000:0.000:0.000|0.000:0.000:0.800|0.000:0.000:0.000|0.000:0.000:0.800|0.000:0.000:0.800","-10.500:0.000:13.500|20.000:0.000:-7.381","0.000:0.000:0.000|0.000:0.000:-1.300",False,False,Stopped,60.00,40.00,3.00,MultiAgentTraffic
24.0225,9,4,236,-5.5083,0.0500,9.9047,321.0923,0.0000,0.0000,-24.0000,0.0000,15.0000,19.1809,7,"","","10.500:0.000:13.500|-4.200:0.000:5.715|11.529:0.000:-14.570|4.200:0.000:-2.988|8.400:0.000:0.512","0.000:0.000:0.000|0.000:0.000:0.800|0.000:0.000:0.000|0.000:0.000:0.800|0.000:0.000:0.800","-10.500:0.000:13.500|20.000:0.000:-7.512","0.000:0.000:0.000|0.000:0.000:-1.300",False,False,Stopped,60.00,40.00,3.00,MultiAgentTraffic
24.1256,9,4,237,-5.5083,0.0500,9.9047,321.0923,0.0000,0.0000,-24.0000,0.0000,15.0000,19.1809,7,"","","10.500:0.000:13.500|-4.200:0.000:5.798|11.529:0.000:-14.570|4.200:0.000:-2.905|8.400:0.000:0.595","0.000:0.000:0.000|0.000:0.000:0.800|0.000:0.000:0.000|0.000:0.000:0.800|0.000:0.000:0.800","-10.500:0.000:13.500|20.000:0.000:-7.646","0.000:0.000:0.000|0.000:0.000:-1.300",False,False,Stopped,60.00,40.00,3.00,MultiAgentTraffic
24.2274,9,4,238,-5.5083,0.0500,9.9047,321.0923,0.0000,0.0000,-24.0000,0.0000,15.0000,19.1809,7,"","","10.500:0.000:13.500|-4.200:0.000:5.879|11.529:0.000:-14.570|4.200:0.000:-2.824|8.400:0.000:0.676","0.000:0.000:0.000|0.000:0.000:0.800|0.000:0.000:0.000|0.000:0.000:0.800|0.000:0.000:0.800","-10.500:0.000:13.500|20.000:0.000:-7.778","0.000:0.000:0.000|0.000:0.000:-1.300",False,False,Stopped,60.00,40.00,3.00,MultiAgentTraffic
24.3288,9,4,239,-5.5083,0.0500,9.9047,321.0923,0.0000,0.0000,-24.0000,0.0000,15.0000,19.1809,7,"","","10.500:0.000:13.500|-4.200:0.000:5.960|11.529:0.000:-14.570|4.200:0.000:-2.743|8.400:0.000:0.757","0.000:0.000:0.000|0.000:0.000:0.800|0.000:0.000:0.000|0.000:0.000:0.800|0.000:0.000:0.800","-10.500:0.000:13.500|20.000:0.000:-7.799","0.000:0.000:0.000|0.000:0.000:1.300",False,False,Stopped,60.00,40.00,3.00,MultiAgentTraffic
24.4300,9,4,240,-5.5083,0.0500,9.9047,321.0923,0.0000,0.0000,-24.0000,0.0000,15.0000,19.1809,7,"","","10.500:0.000:13.500|-4.200:0.000:6.041|11.529:0.000:-14.570|4.200:0.000:-2.662|8.400:0.000:0.838","0.000:0.000:0.000|0.000:0.000:0.800|0.000:0.000:0.000|0.000:0.000:0.800|0.000:0.000:0.800","-10.500:0.000:13.500|20.000:0.000:-7.668","0.000:0.000:0.000|0.000:0.000:1.300",False,False,Stopped,60.00,40.00,3.00,MultiAgentTraffic
24.5308,9,4,241,-5.5083,0.0500,9.9047,321.0923,0.0000,0.0000,-24.0000,0.0000,15.0000,19.1809,7,"","","10.500:0.000:13.500|-4.200:0.000:6.122|11.529:0.000:-14.570|4.200:0.000:-2.581|8.400:0.000:0.919","0.000:0.000:0.000|0.000:0.000:0.800|0.000:0.000:0.000|0.000:0.000:0.800|0.000:0.000:0.800","-10.500:0.000:13.500|20.000:0.000:-7.537","0.000:0.000:0.000|0.000:0.000:1.300",False,False,Stopped,60.00,40.00,3.00,MultiAgentTraffic
24.6319,9,4,242,-5.5083,0.0500,9.9047,321.0923,0.0000,0.0000,-24.0000,0.0000,15.0000,19.1809,7,"","","10.500:0.000:13.500|-4.200:0.000:6.203|11.529:0.000:-14.570|4.200:0.000:-2.500|8.400:0.000:1.000","0.000:0.000:0.000|0.000:0.000:0.800|0.000:0.000:0.000|0.000:0.000:0.800|0.000:0.000:0.800","-10.500:0.000:13.500|20.000:0.000:-7.405","0.000:0.000:0.000|0.000:0.000:1.300",False,False,Stopped,60.00,40.00,3.00,MultiAgentTraffic
24.7321,9,4,243,-5.5083,0.0500,9.9047,321.0923,0.0000,0.0000,-24.0000,0.0000,15.0000,19.1809,7,"","","10.500:0.000:13.500|-4.200:0.000:6.283|11.529:0.000:-14.570|4.200:0.000:-2.420|8.400:0.000:1.080","0.000:0.000:0.000|0.000:0.000:0.800|0.000:0.000:0.000|0.000:0.000:0.800|0.000:0.000:0.800","-10.500:0.000:13.500|20.000:0.000:-7.275","0.000:0.000:0.000|0.000:0.000:1.300",False,False,Stopped,60.00,40.00,3.00,MultiAgentTraffic
24.8337,9,4,244,-5.5083,0.0500,9.9047,321.0923,0.0000,0.0000,-24.0000,0.0000,15.0000,19.1809,7,"","","10.500:0.000:13.500|-4.200:0.000:6.364|11.529:0.000:-14.570|4.200:0.000:-2.339|8.400:0.000:1.161","0.000:0.000:0.000|0.000:0.000:0.800|0.000:0.000:0.000|0.000:0.000:0.800|0.000:0.000:0.800","-10.500:0.000:13.500|20.000:0.000:-7.143","0.000:0.000:0.000|0.000:0.000:1.300",False,False,Stopped,60.00,40.00,3.00,MultiAgentTraffic
24.9356,9,4,245,-5.5083,0.0500,9.9047,321.0923,0.0000,0.0000,-24.0000,0.0000,15.0000,19.1809,7,"","","10.500:0.000:13.500|-4.200:0.000:6.446|11.529:0.000:-14.570|4.200:0.000:-2.257|8.400:0.000:1.243","0.000:0.000:0.000|0.000:0.000:0.800|0.000:0.000:0.000|0.000:0.000:0.800|0.000:0.000:0.800","-10.500:0.000:13.500|20.000:0.000:-7.010","0.000:0.000:0.000|0.000:0.000:1.300",False,False,Stopped,60.00,40.00,3.00,MultiAgentTraffic
25.0364,9,4,246,-5.5083,0.0500,9.9047,321.0923,0.0000,0.0000,-24.0000,0.0000,15.0000,19.1809,7,"","","10.500:0.000:13.500|-4.200:0.000:6.526|11.529:0.000:-14.570|4.200:0.000:-2.176|8.400:0.000:1.324","0.000:0.000:0.000|0.000:0.000:0.800|0.000:0.000:0.000|0.000:0.000:0.800|0.000:0.000:0.800","-10.500:0.000:13.500|20.000:0.000:-6.879","0.000:0.000:0.000|0.000:0.000:1.300",False,False,Stopped,60.00,40.00,3.00,MultiAgentTraffic
25.1394,9,4,247,-5.5083,0.0500,9.9047,321.0923,0.0000,0.0000,-24.0000,0.0000,15.0000,19.1809,7,"","","10.500:0.000:13.500|-4.200:0.000:6.609|11.529:0.000:-14.570|4.200:0.000:-2.094|8.400:0.000:1.406","0.000:0.000:0.000|0.000:0.000:0.800|0.000:0.000:0.000|0.000:0.000:0.800|0.000:0.000:0.800","-10.500:0.000:13.500|20.000:0.000:-6.746","0.000:0.000:0.000|0.000:0.000:1.300",False,False,Stopped,60.00,40.00,3.00,MultiAgentTraffic
25.2413,9,4,248,-5.5083,0.0500,9.9047,321.0923,0.0000,0.0000,-24.0000,0.0000,15.0000,19.1809,7,"","","10.500:0.000:13.500|-4.200:0.000:6.690|11.529:0.000:-14.570|4.200:0.000:-2.013|8.400:0.000:1.487","0.000:0.000:0.000|0.000:0.000:0.800|0.000:0.000:0.000|0.000:0.000:0.800|0.000:0.000:0.800","-10.500:0.000:13.500|20.000:0.000:-6.613","0.000:0.000:0.000|0.000:0.000:1.300",False,False,Stopped,60.00,40.00,3.00,MultiAgentTraffic
25.3422,9,4,249,-5.5083,0.0500,9.9047,321.0923,0.0000,0.0000,-24.0000,0.0000,15.0000,19.1809,7,"","","10.500:0.000:13.500|-4.200:0.000:6.771|11.529:0.000:-14.570|4.200:0.000:-1.932|8.400:0.000:1.568","0.000:0.000:0.000|0.000:0.000:0.800|0.000:0.000:0.000|0.000:0.000:0.800|0.000:0.000:0.800","-10.500:0.000:13.500|20.000:0.000:-6.482","0.000:0.000:0.000|0.000:0.000:1.300",False,False,Stopped,60.00,40.00,3.00,MultiAgentTraffic
25.4440,9,4,250,-5.5083,0.0500,9.9047,321.0923,0.0000,0.0000,-24.0000,0.0000,15.0000,19.1809,7,"","","10.500:0.000:13.500|-4.200:0.000:6.852|11.529:0.000:-14.570|4.200:0.000:-1.850|8.400:0.000:1.650","0.000:0.000:0.000|0.000:0.000:0.800|0.000:0.000:0.000|0.000:0.000:0.800|0.000:0.000:0.800","-10.500:0.000:13.500|20.000:0.000:-6.350","0.000:0.000:0.000|0.000:0.000:1.300",False,False,Stopped,60.00,40.00,3.00,MultiAgentTraffic
25.5466,9,4,251,-5.5083,0.0500,9.9047,321.0923,0.0000,0.0000,-24.0000,0.0000,15.0000,19.1809,7,"","","10.500:0.000:13.500|-4.200:0.000:6.935|11.529:0.000:-14.570|4.200:0.000:-1.768|8.400:0.000:1.732","0.000:0.000:0.000|0.000:0.000:0.800|0.000:0.000:0.000|0.000:0.000:0.800|0.000:0.000:0.800","-10.500:0.000:13.500|20.000:0.000:-6.216","0.000:0.000:0.000|0.000:0.000:1.300",False,False,Stopped,60.00,40.00,3.00,MultiAgentTraffic
25.6490,9,4,252,-5.5083,0.0500,9.9047,321.0923,0.0000,0.0000,-24.0000,0.0000,15.0000,19.1809,7,"","","10.500:0.000:13.500|-4.200:0.000:7.016|11.529:0.000:-14.570|4.200:0.000:-1.686|8.400:0.000:1.814","0.000:0.000:0.000|0.000:0.000:0.800|0.000:0.000:0.000|0.000:0.000:0.800|0.000:0.000:0.800","-10.500:0.000:13.500|20.000:0.000:-6.083","0.000:0.000:0.000|0.000:0.000:1.300",False,False,Stopped,60.00,40.00,3.00,MultiAgentTraffic
25.7512,9,4,253,-5.5083,0.0500,9.9047,321.0923,0.0000,0.0000,-24.0000,0.0000,15.0000,19.1809,7,"","","10.500:0.000:13.500|-4.200:0.000:7.098|11.529:0.000:-14.570|4.200:0.000:-1.605|8.400:0.000:1.895","0.000:0.000:0.000|0.000:0.000:0.800|0.000:0.000:0.000|0.000:0.000:0.800|0.000:0.000:0.800","-10.500:0.000:13.500|20.000:0.000:-5.950","0.000:0.000:0.000|0.000:0.000:1.300",False,False,Stopped,60.00,40.00,3.00,MultiAgentTraffic
25.8528,9,4,254,-5.5083,0.0500,9.9047,321.0923,0.0000,0.0000,-24.0000,0.0000,15.0000,19.1809,7,"","","10.500:0.000:13.500|-4.200:0.000:7.180|11.529:0.000:-14.570|4.200:0.000:-1.523|8.400:0.000:1.977","0.000:0.000:0.000|0.000:0.000:0.800|0.000:0.000:0.000|0.000:0.000:0.800|0.000:0.000:0.800","-10.500:0.000:13.500|20.000:0.000:-5.818","0.000:0.000:0.000|0.000:0.000:1.300",False,False,Stopped,60.00,40.00,3.00,MultiAgentTraffic
25.9557,9,4,255,-5.5083,0.0500,9.9047,321.0923,0.0000,0.0000,-24.0000,0.0000,15.0000,19.1809,7,"","","10.500:0.000:13.500|-4.200:0.000:7.262|11.529:0.000:-14.570|4.200:0.000:-1.441|8.400:0.000:2.059","0.000:0.000:0.000|0.000:0.000:0.800|0.000:0.000:0.000|0.000:0.000:0.800|0.000:0.000:0.800","-10.500:0.000:13.500|20.000:0.000:-5.684","0.000:0.000:0.000|0.000:0.000:1.300",False,False,Stopped,60.00,40.00,3.00,MultiAgentTraffic
26.0567,9,4,256,-5.5083,0.0500,9.9047,321.0923,0.0000,0.0000,-24.0000,0.0000,15.0000,19.1809,7,"","","10.500:0.000:13.500|-4.200:0.000:7.343|11.529:0.000:-14.570|4.200:0.000:-1.360|8.400:0.000:2.140","0.000:0.000:0.000|0.000:0.000:0.800|0.000:0.000:0.000|0.000:0.000:0.800|0.000:0.000:0.800","-10.500:0.000:13.500|20.000:0.000:-5.553","0.000:0.000:0.000|0.000:0.000:1.300",False,False,Stopped,60.00,40.00,3.00,MultiAgentTraffic
26.1571,9,4,257,-5.5083,0.0500,9.9047,321.0923,0.0000,0.0000,-24.0000,0.0000,15.0000,19.1809,7,"","","10.500:0.000:13.500|-4.200:0.000:7.423|11.529:0.000:-14.570|4.200:0.000:-1.280|8.400:0.000:2.220","0.000:0.000:0.000|0.000:0.000:0.800|0.000:0.000:0.000|0.000:0.000:0.800|0.000:0.000:0.800","-10.500:0.000:13.500|20.000:0.000:-5.423","0.000:0.000:0.000|0.000:0.000:1.300",False,False,Stopped,60.00,40.00,3.00,MultiAgentTraffic
26.2595,9,4,258,-5.5083,0.0500,9.9047,321.0923,0.0000,0.0000,-24.0000,0.0000,15.0000,19.1809,7,"","","10.500:0.000:13.500|-4.200:0.000:7.505|11.529:0.000:-14.570|4.200:0.000:-1.198|8.400:0.000:2.302","0.000:0.000:0.000|0.000:0.000:0.800|0.000:0.000:0.000|0.000:0.000:0.800|0.000:0.000:0.800","-10.500:0.000:13.500|20.000:0.000:-5.289","0.000:0.000:0.000|0.000:0.000:1.300",False,False,Stopped,60.00,40.00,3.00,MultiAgentTraffic
26.3604,9,4,259,-5.5083,0.0500,9.9047,321.0923,0.0000,0.0000,-24.0000,0.0000,15.0000,19.1809,7,"","","10.500:0.000:13.500|-4.200:0.000:7.586|11.529:0.000:-14.570|4.200:0.000:-1.117|8.400:0.000:2.383","0.000:0.000:0.000|0.000:0.000:0.800|0.000:0.000:0.000|0.000:0.000:0.800|0.000:0.000:0.800","-10.500:0.000:13.500|20.000:0.000:-5.158","0.000:0.000:0.000|0.000:0.000:1.300",False,False,Stopped,60.00,40.00,3.00,MultiAgentTraffic
26.4608,9,4,260,-5.5083,0.0500,9.9047,321.0923,0.0000,0.0000,-24.0000,0.0000,15.0000,19.1809,7,"","","10.500:0.000:13.500|-4.200:0.000:7.666|11.529:0.000:-14.570|4.200:0.000:-1.037|8.400:0.000:2.463","0.000:0.000:0.000|0.000:0.000:0.800|0.000:0.000:0.000|0.000:0.000:0.800|0.000:0.000:0.800","-10.500:0.000:13.500|20.000:0.000:-5.028","0.000:0.000:0.000|0.000:0.000:1.300",False,False,Stopped,60.00,40.00,3.00,MultiAgentTraffic
26.5616,9,4,261,-5.5083,0.0500,9.9047,321.0923,0.0000,0.0000,-24.0000,0.0000,15.0000,19.1809,7,"","","10.500:0.000:13.500|-4.200:0.000:7.747|11.529:0.000:-14.570|4.200:0.000:-0.956|8.400:0.000:2.544","0.000:0.000:0.000|0.000:0.000:0.800|0.000:0.000:0.000|0.000:0.000:0.800|0.000:0.000:0.800","-10.500:0.000:13.500|20.000:0.000:-4.897","0.000:0.000:0.000|0.000:0.000:1.300",False,False,Stopped,60.00,40.00,3.00,MultiAgentTraffic
26.6646,9,4,262,-5.5083,0.0500,9.9047,321.0923,0.0000,0.0000,-24.0000,0.0000,15.0000,19.1809,7,"","","10.500:0.000:13.500|-4.200:0.000:7.829|11.529:0.000:-14.570|4.200:0.000:-0.874|8.400:0.000:2.626","0.000:0.000:0.000|0.000:0.000:0.800|0.000:0.000:0.000|0.000:0.000:0.800|0.000:0.000:0.800","-10.500:0.000:13.500|20.000:0.000:-4.763","0.000:0.000:0.000|0.000:0.000:1.300",False,False,Stopped,60.00,40.00,3.00,MultiAgentTraffic
26.7671,9,4,263,-5.5083,0.0500,9.9047,321.0923,0.0000,0.0000,-24.0000,0.0000,15.0000,19.1809,7,"","","10.500:0.000:13.500|-4.200:0.000:7.911|11.529:0.000:-14.570|4.200:0.000:-0.792|8.400:0.000:2.708","0.000:0.000:0.000|0.000:0.000:0.800|0.000:0.000:0.000|0.000:0.000:0.800|0.000:0.000:0.800","-10.500:0.000:13.500|20.000:0.000:-4.629","0.000:0.000:0.000|0.000:0.000:1.300",False,False,Stopped,60.00,40.00,3.00,MultiAgentTraffic
26.8701,9,4,264,-5.5083,0.0500,9.9047,321.0923,0.0000,0.0000,-24.0000,0.0000,15.0000,19.1809,7,"","","10.500:0.000:13.500|-4.200:0.000:7.993|11.529:0.000:-14.570|4.200:0.000:-0.710|8.400:0.000:2.790","0.000:0.000:0.000|0.000:0.000:0.800|0.000:0.000:0.000|0.000:0.000:0.800|0.000:0.000:0.800","-10.500:0.000:13.500|20.000:0.000:-4.496","0.000:0.000:0.000|0.000:0.000:1.300",False,False,Stopped,60.00,40.00,3.00,MultiAgentTraffic
26.9734,9,4,265,-5.5083,0.0500,9.9047,321.0923,0.0000,0.0000,-24.0000,0.0000,15.0000,19.1809,7,"","","10.500:0.000:13.500|-4.200:0.000:8.076|11.529:0.000:-14.570|4.200:0.000:-0.627|8.400:0.000:2.873","0.000:0.000:0.000|0.000:0.000:0.800|0.000:0.000:0.000|0.000:0.000:0.800|0.000:0.000:0.800","-10.500:0.000:13.500|20.000:0.000:-4.361","0.000:0.000:0.000|0.000:0.000:1.300",False,False,Stopped,60.00,40.00,3.00,MultiAgentTraffic
27.0743,9,4,266,-5.5083,0.0500,9.9047,321.0923,0.0000,0.0000,-24.0000,0.0000,15.0000,19.1809,7,"","","10.500:0.000:13.500|-4.200:0.000:8.157|11.529:0.000:-14.570|4.200:0.000:-0.546|8.400:0.000:2.954","0.000:0.000:0.000|0.000:0.000:0.800|0.000:0.000:0.000|0.000:0.000:0.800|0.000:0.000:0.800","-10.500:0.000:13.500|20.000:0.000:-4.230","0.000:0.000:0.000|0.000:0.000:1.300",False,False,Stopped,60.00,40.00,3.00,MultiAgentTraffic
27.1766,9,4,267,-5.5083,0.0500,9.9047,321.0923,0.0000,0.0000,-24.0000,0.0000,15.0000,19.1809,7,"","","10.500:0.000:13.500|-4.200:0.000:8.239|11.529:0.000:-14.570|4.200:0.000:-0.464|8.400:0.000:3.036","0.000:0.000:0.000|0.000:0.000:0.800|0.000:0.000:0.000|0.000:0.000:0.800|0.000:0.000:0.800","-10.500:0.000:13.500|20.000:0.000:-4.097","0.000:0.000:0.000|0.000:0.000:1.300",False,False,Stopped,60.00,40.00,3.00,MultiAgentTraffic
27.2794,9,4,268,-5.5083,0.0500,9.9047,321.0923,0.0000,0.0000,-24.0000,0.0000,15.0000,19.1809,7,"","","10.500:0.000:13.500|-4.200:0.000:8.321|11.529:0.000:-14.570|4.200:0.000:-0.382|8.400:0.000:3.118","0.000:0.000:0.000|0.000:0.000:0.800|0.000:0.000:0.000|0.000:0.000:0.800|0.000:0.000:0.800","-10.500:0.000:13.500|20.000:0.000:-3.964","0.000:0.000:0.000|0.000:0.000:1.300",False,False,Stopped,60.00,40.00,3.00,MultiAgentTraffic
27.3801,9,4,269,-5.5083,0.0500,9.9047,321.0923,0.0000,0.0000,-24.0000,0.0000,15.0000,19.1809,7,"","","10.500:0.000:13.500|-4.200:0.000:8.401|11.529:0.000:-14.570|4.200:0.000:-0.301|8.400:0.000:3.198","0.000:0.000:0.000|0.000:0.000:0.800|0.000:0.000:0.000|0.000:0.000:0.800|0.000:0.000:0.800","-10.500:0.000:13.500|20.000:0.000:-3.833","0.000:0.000:0.000|0.000:0.000:1.300",False,False,Stopped,60.00,40.00,3.00,MultiAgentTraffic
27.4807,9,4,270,-5.5083,0.0500,9.9047,321.0923,0.0000,0.0000,-24.0000,0.0000,15.0000,19.1809,7,"","","10.500:0.000:13.500|-4.200:0.000:8.482|11.529:0.000:-14.570|4.200:0.000:-0.221|8.400:0.000:3.279","0.000:0.000:0.000|0.000:0.000:0.800|0.000:0.000:0.000|0.000:0.000:0.800|0.000:0.000:0.800","-10.500:0.000:13.500|20.000:0.000:-3.702","0.000:0.000:0.000|0.000:0.000:1.300",False,False,Stopped,60.00,40.00,3.00,MultiAgentTraffic
27.5840,9,4,271,-5.5083,0.0500,9.9047,321.0923,0.0000,0.0000,-24.0000,0.0000,15.0000,19.1809,7,"","","10.500:0.000:13.500|-4.200:0.000:8.565|11.529:0.000:-14.570|4.200:0.000:-0.138|8.400:0.000:3.362","0.000:0.000:0.000|0.000:0.000:0.800|0.000:0.000:0.000|0.000:0.000:0.800|0.000:0.000:0.800","-10.500:0.000:13.500|20.000:0.000:-3.567","0.000:0.000:0.000|0.000:0.000:1.300",False,False,Stopped,60.00,40.00,3.00,MultiAgentTraffic
27.6861,9,4,272,-5.5083,0.0500,9.9047,321.0923,0.0000,0.0000,-24.0000,0.0000,15.0000,19.1809,7,"","","10.500:0.000:13.500|-4.200:0.000:8.646|11.529:0.000:-14.570|4.200:0.000:-0.057|8.400:0.000:3.443","0.000:0.000:0.000|0.000:0.000:0.800|0.000:0.000:0.000|0.000:0.000:0.800|0.000:0.000:0.800","-10.500:0.000:13.500|20.000:0.000:-3.435","0.000:0.000:0.000|0.000:0.000:1.300",False,False,Stopped,60.00,40.00,3.00,MultiAgentTraffic
27.7863,9,4,273,-5.5083,0.0500,9.9047,321.0923,0.0000,0.0000,-24.0000,0.0000,15.0000,19.1809,7,"","","10.500:0.000:13.500|-4.200:0.000:8.726|11.529:0.000:-14.570|4.200:0.000:0.023|8.400:0.000:3.523","0.000:0.000:0.000|0.000:0.000:0.800|0.000:0.000:0.000|0.000:0.000:0.800|0.000:0.000:0.800","-10.500:0.000:13.500|20.000:0.000:-3.305","0.000:0.000:0.000|0.000:0.000:1.300",False,False,Stopped,60.00,40.00,3.00,MultiAgentTraffic
27.8866,9,4,274,-5.5083,0.0500,9.9047,321.0923,0.0000,0.0000,-24.0000,0.0000,15.0000,19.1809,7,"","","10.500:0.000:13.500|-4.200:0.000:8.807|11.529:0.000:-14.570|4.200:0.000:0.104|8.400:0.000:3.604","0.000:0.000:0.000|0.000:0.000:0.800|0.000:0.000:0.000|0.000:0.000:0.800|0.000:0.000:0.800","-10.500:0.000:13.500|20.000:0.000:-3.174","0.000:0.000:0.000|0.000:0.000:1.300",False,False,Stopped,60.00,40.00,3.00,MultiAgentTraffic
27.9871,9,4,275,-5.5083,0.0500,9.9047,321.0923,0.0000,0.0000,-24.0000,0.0000,15.0000,19.1809,7,"","","10.500:0.000:13.500|-4.200:0.000:8.887|11.529:0.000:-14.570|4.200:0.000:0.184|8.400:0.000:3.684","0.000:0.000:0.000|0.000:0.000:0.800|0.000:0.000:0.000|0.000:0.000:0.800|0.000:0.000:0.800","-10.500:0.000:13.500|20.000:0.000:-3.044","0.000:0.000:0.000|0.000:0.000:1.300",False,False,Stopped,60.00,40.00,3.00,MultiAgentTraffic
28.0899,9,4,276,-5.5083,0.0500,9.9047,321.0923,0.0000,0.0000,-24.0000,0.0000,15.0000,19.1809,7,"","","10.500:0.000:13.500|-4.200:0.000:8.969|11.529:0.000:-14.570|4.200:0.000:0.266|8.400:0.000:3.766","0.000:0.000:0.000|0.000:0.000:0.800|0.000:0.000:0.000|0.000:0.000:0.800|0.000:0.000:0.800","-10.500:0.000:13.500|20.000:0.000:-2.910","0.000:0.000:0.000|0.000:0.000:1.300",False,False,Stopped,60.00,40.00,3.00,MultiAgentTraffic
28.1903,9,4,277,-5.5083,0.0500,9.9047,321.0923,0.0000,0.0000,-24.0000,0.0000,15.0000,19.1809,7,"","","10.500:0.000:13.500|-4.200:0.000:9.050|11.529:0.000:-14.570|4.200:0.000:0.347|8.400:0.000:3.847","0.000:0.000:0.000|0.000:0.000:0.800|0.000:0.000:0.000|0.000:0.000:0.800|0.000:0.000:0.800","-10.500:0.000:13.500|20.000:0.000:-2.779","0.000:0.000:0.000|0.000:0.000:1.300",False,False,Stopped,60.00,40.00,3.00,MultiAgentTraffic
28.2929,9,4,278,-5.5083,0.0500,9.9047,321.0923,0.0000,0.0000,-24.0000,0.0000,15.0000,19.1809,7,"","","10.500:0.000:13.500|-4.200:0.000:9.132|11.529:0.000:-14.570|4.200:0.000:0.429|8.400:0.000:3.929","0.000:0.000:0.000|0.000:0.000:0.800|0.000:0.000:0.000|0.000:0.000:0.800|0.000:0.000:0.800","-10.500:0.000:13.500|20.000:0.000:-2.646","0.000:0.000:0.000|0.000:0.000:1.300",False,False,Stopped,60.00,40.00,3.00,MultiAgentTraffic
28.3930,9,4,279,-5.5083,0.0500,9.9047,321.0923,0.0000,0.0000,-24.0000,0.0000,15.0000,19.1809,7,"","","10.500:0.000:13.500|-4.200:0.000:9.212|11.529:0.000:-14.570|4.200:0.000:0.509|8.400:0.000:4.009","0.000:0.000:0.000|0.000:0.000:0.800|0.000:0.000:0.000|0.000:0.000:0.800|0.000:0.000:0.800","-10.500:0.000:13.500|20.000:0.000:-2.516","0.000:0.000:0.000|0.000:0.000:1.300",False,False,Stopped,60.00,40.00,3.00,MultiAgentTraffic
28.4962,9,4,280,-5.5083,0.0500,9.9047,321.0923,0.0000,0.0000,-24.0000,0.0000,15.0000,19.1809,7,"","","10.500:0.000:13.500|-4.200:0.000:9.294|11.529:0.000:-14.570|4.200:0.000:0.591|8.400:0.000:4.091","0.000:0.000:0.000|0.000:0.000:0.800|0.000:0.000:0.000|0.000:0.000:0.800|0.000:0.000:0.800","-10.500:0.000:13.500|20.000:0.000:-2.382","0.000:0.000:0.000|0.000:0.000:1.300",False,False,Stopped,60.00,40.00,3.00,MultiAgentTraffic
28.5993,9,4,281,-5.5083,0.0500,9.9047,321.0923,0.0000,0.0000,-24.0000,0.0000,15.0000,19.1809,7,"","","10.500:0.000:13.500|-4.200:0.000:9.377|11.529:0.000:-14.570|4.200:0.000:0.674|8.400:0.000:4.174","0.000:0.000:0.000|0.000:0.000:0.800|0.000:0.000:0.000|0.000:0.000:0.800|0.000:0.000:0.800","-10.500:0.000:13.500|20.000:0.000:-2.248","0.000:0.000:0.000|0.000:0.000:1.300",False,False,Stopped,60.00,40.00,3.00,MultiAgentTraffic
28.7019,9,4,282,-5.5083,0.0500,9.9047,321.0923,0.0000,0.0000,-24.0000,0.0000,15.0000,19.1809,7,"","","10.500:0.000:13.500|-4.200:0.000:9.459|11.529:0.000:-14.570|4.200:0.000:0.756|8.400:0.000:4.256","0.000:0.000:0.000|0.000:0.000:0.800|0.000:0.000:0.000|0.000:0.000:0.800|0.000:0.000:0.800","-10.500:0.000:13.500|20.000:0.000:-2.114","0.000:0.000:0.000|0.000:0.000:1.300",False,False,Stopped,60.00,40.00,3.00,MultiAgentTraffic
28.8050,9,4,283,-5.5083,0.0500,9.9047,321.0923,0.0000,0.0000,-24.0000,0.0000,15.0000,19.1809,7,"","","10.500:0.000:13.500|-4.200:0.000:9.541|11.529:0.000:-14.570|4.200:0.000:0.838|8.400:0.000:4.338","0.000:0.000:0.000|0.000:0.000:0.800|0.000:0.000:0.000|0.000:0.000:0.800|0.000:0.000:0.800","-10.500:0.000:13.500|20.000:0.000:-1.980","0.000:0.000:0.000|0.000:0.000:1.300",False,False,Stopped,60.00,40.00,3.00,MultiAgentTraffic
28.9062,9,4,284,-5.5083,0.0500,9.9047,321.0923,0.0000,0.0000,-24.0000,0.0000,15.0000,19.1809,7,"","","10.500:0.000:13.500|-4.200:0.000:9.622|11.529:0.000:-14.570|4.200:0.000:0.919|8.400:0.000:4.419","0.000:0.000:0.000|0.000:0.000:0.800|0.000:0.000:0.000|0.000:0.000:0.800|0.000:0.000:0.800","-10.500:0.000:13.500|20.000:0.000:-1.849","0.000:0.000:0.000|0.000:0.000:1.300",False,False,Stopped,60.00,40.00,3.00,MultiAgentTraffic
29.0069,9,4,285,-5.5083,0.0500,9.9047,321.0923,0.0000,0.0000,-24.0000,0.0000,15.0000,19.1809,7,"","","10.500:0.000:13.500|-4.200:0.000:9.703|11.529:0.000:-14.570|4.200:0.000:1.000|8.400:0.000:4.500","0.000:0.000:0.000|0.000:0.000:0.800|0.000:0.000:0.000|0.000:0.000:0.800|0.000:0.000:0.800","-10.500:0.000:13.500|20.000:0.000:-1.718","0.000:0.000:0.000|0.000:0.000:1.300",False,False,Stopped,60.00,40.00,3.00,MultiAgentTraffic
29.1091,9,4,286,-5.5083,0.0500,9.9047,321.0923,0.0000,0.0000,-24.0000,0.0000,15.0000,19.1809,7,"","","10.500:0.000:13.500|-4.200:0.000:9.785|11.529:0.000:-14.570|4.200:0.000:1.082|8.400:0.000:4.582","0.000:0.000:0.000|0.000:0.000:0.800|0.000:0.000:0.000|0.000:0.000:0.800|0.000:0.000:0.800","-10.500:0.000:13.500|20.000:0.000:-1.585","0.000:0.000:0.000|0.000:0.000:1.300",False,False,Stopped,60.00,40.00,3.00,MultiAgentTraffic
29.2107,9,4,287,-5.5083,0.0500,9.9047,321.0923,0.0000,0.0000,-24.0000,0.0000,15.0000,19.1809,7,"","","10.500:0.000:13.500|-4.200:0.000:9.866|11.529:0.000:-14.570|4.200:0.000:1.163|8.400:0.000:4.663","0.000:0.000:0.000|0.000:0.000:0.800|0.000:0.000:0.000|0.000:0.000:0.800|0.000:0.000:0.800","-10.500:0.000:13.500|20.000:0.000:-1.453","0.000:0.000:0.000|0.000:0.000:1.300",False,False,Stopped,60.00,40.00,3.00,MultiAgentTraffic
29.3127,9,4,288,-5.5083,0.0500,9.9047,321.0923,0.0000,0.0000,-24.0000,0.0000,15.0000,19.1809,7,"","","10.500:0.000:13.500|-4.200:0.000:9.947|11.529:0.000:-14.570|4.200:0.000:1.245|8.400:0.000:4.745","0.000:0.000:0.000|0.000:0.000:0.800|0.000:0.000:0.000|0.000:0.000:0.800|0.000:0.000:0.800","-10.500:0.000:13.500|20.000:0.000:-1.320","0.000:0.000:0.000|0.000:0.000:1.300",False,False,Stopped,60.00,40.00,3.00,MultiAgentTraffic
29.4166,9,4,289,-5.5083,0.0500,9.9047,321.0923,0.0000,0.0000,-24.0000,0.0000,15.0000,19.1809,7,"","","10.500:0.000:13.500|-4.200:0.000:10.031|11.529:0.000:-14.570|4.200:0.000:1.328|8.400:0.000:4.828","0.000:0.000:0.000|0.000:0.000:0.800|0.000:0.000:0.000|0.000:0.000:0.800|0.000:0.000:0.800","-10.500:0.000:13.500|20.000:0.000:-1.185","0.000:0.000:0.000|0.000:0.000:1.300",False,False,Stopped,60.00,40.00,3.00,MultiAgentTraffic
29.5195,9,4,290,-5.5083,0.0500,9.9047,321.0923,0.0000,0.0000,-24.0000,0.0000,15.0000,19.1809,7,"","","10.500:0.000:13.500|-4.200:0.000:10.113|11.529:0.000:-14.570|4.200:0.000:1.410|8.400:0.000:4.910","0.000:0.000:0.000|0.000:0.000:0.800|0.000:0.000:0.000|0.000:0.000:0.800|0.000:0.000:0.800","-10.500:0.000:13.500|20.000:0.000:-1.051","0.000:0.000:0.000|0.000:0.000:1.300",False,False,Stopped,60.00,40.00,3.00,MultiAgentTraffic
29.6215,9,4,291,-5.5083,0.0500,9.9047,321.0923,0.0000,0.0000,-24.0000,0.0000,15.0000,19.1809,7,"","","10.500:0.000:13.500|-4.200:0.000:10.195|11.529:0.000:-14.570|4.200:0.000:1.492|8.400:0.000:4.992","0.000:0.000:0.000|0.000:0.000:0.800|0.000:0.000:0.000|0.000:0.000:0.800|0.000:0.000:0.800","-10.500:0.000:13.500|20.000:0.000:-0.919","0.000:0.000:0.000|0.000:0.000:1.300",False,False,Stopped,60.00,40.00,3.00,MultiAgentTraffic
29.7238,9,4,292,-5.5083,0.0500,9.9047,321.0923,0.0000,0.0000,-24.0000,0.0000,15.0000,19.1809,7,"","","10.500:0.000:13.500|-4.200:0.000:10.276|11.529:0.000:-14.570|4.200:0.000:1.574|8.400:0.000:5.074","0.000:0.000:0.000|0.000:0.000:0.800|0.000:0.000:0.000|0.000:0.000:0.800|0.000:0.000:0.800","-10.500:0.000:13.500|20.000:0.000:-0.786","0.000:0.000:0.000|0.000:0.000:1.300",False,False,Stopped,60.00,40.00,3.00,MultiAgentTraffic
29.8239,9,4,293,-5.5083,0.0500,9.9047,321.0923,0.0000,0.0000,-24.0000,0.0000,15.0000,19.1809,7,"","","10.500:0.000:13.500|-4.200:0.000:10.356|11.529:0.000:-14.570|4.200:0.000:1.654|8.400:0.000:5.154","0.000:0.000:0.000|0.000:0.000:0.800|0.000:0.000:0.000|0.000:0.000:0.800|0.000:0.000:0.800","-10.500:0.000:13.500|20.000:0.000:-0.656","0.000:0.000:0.000|0.000:0.000:1.300",False,False,Stopped,60.00,40.00,3.00,MultiAgentTraffic
29.9256,9,4,294,-5.5083,0.0500,9.9047,321.0923,0.0000,0.0000,-24.0000,0.0000,15.0000,19.1809,7,"","","10.500:0.000:13.500|-4.200:0.000:10.438|11.529:0.000:-14.570|4.200:0.000:1.735|8.400:0.000:5.235","0.000:0.000:0.000|0.000:0.000:0.800|0.000:0.000:0.000|0.000:0.000:0.800|0.000:0.000:0.800","-10.500:0.000:13.500|20.000:0.000:-0.523","0.000:0.000:0.000|0.000:0.000:1.300",False,False,Stopped,60.00,40.00,3.00,MultiAgentTraffic
0.1098,9,3,1,-0.0102,0.0500,9.0009,351.1933,0.0000,0.0000,-24.0000,0.0000,15.0000,24.7285,7,"","","10.500:0.000:13.500|-4.200:0.000:-13.422|23.922:0.000:-14.997|4.200:0.000:13.422|8.400:0.000:9.922","0.000:0.000:0.000|0.000:0.000:0.800|-0.799:0.000:0.035|0.000:0.000:-0.800|0.000:0.000:-0.800","-10.500:0.000:13.500|20.000:0.000:-7.873","0.000:0.000:0.000|0.000:0.000:1.300",False,False,Moving,60.00,40.00,3.00,MultiAgentTraffic
0.2127,9,3,2,-0.1276,0.0500,9.0113,341.9322,1.5129,-97.8745,-24.0000,0.0000,15.0000,24.6121,7,"","","10.500:0.000:13.500|-4.200:0.000:-13.339|23.840:0.000:-14.993|4.200:0.000:13.339|8.400:0.000:9.839","0.000:0.000:0.000|0.000:0.000:0.800|-0.799:0.000:0.035|0.000:0.000:-0.800|0.000:0.000:-0.800","-10.500:0.000:13.500|20.000:0.000:-7.739","0.000:0.000:0.000|0.000:0.000:1.300",False,False,Moving,60.00,40.00,3.00,MultiAgentTraffic
0.3205,9,3,3,-0.2887,0.0500,9.0255,332.2296,1.5443,-92.6560,-24.0000,0.0000,15.0000,24.4525,7,"","","10.500:0.000:13.500|-4.200:0.000:-13.253|23.753:0.000:-14.989|4.200:0.000:13.253|8.400:0.000:9.753","0.000:0.000:0.000|0.000:0.000:0.800|-0.799:0.000:0.035|0.000:0.000:-0.800|0.000:0.000:-0.800","-10.500:0.000:13.500|20.000:0.000:-7.599","0.000:0.000:0.000|0.000:0.000:1.300",False,False,Moving,60.00,40.00,3.00,MultiAgentTraffic
0.4276,9,3,4,-0.4487,0.0500,9.0396,322.5935,1.6387,-98.3216,-24.0000,0.0000,15.0000,24.2939,7,"","","10.500:0.000:13.500|-4.200:0.000:-13.168|23.668:0.000:-14.986|4.200:0.000:13.168|8.400:0.000:9.667","0.000:0.000:0.000|0.000:0.000:0.800|-0.799:0.000:0.035|0.000:0.000:-0.800|0.000:0.000:-0.800","-10.500:0.000:13.500|20.000:0.000:-7.460","0.000:0.000:0.000|0.000:0.000:1.300",False,False,Moving,60.00,40.00,3.00,MultiAgentTraffic
0.5359,9,3,5,-0.6106,0.0500,9.0539,312.8417,1.6904,-101.4237,-24.0000,0.0000,15.0000,24.1335,7,"","","10.500:0.000:13.500|-4.200:0.000:-13.081|23.581:0.000:-14.982|4.200:0.000:13.081|8.400:0.000:9.581","0.000:0.000:0.000|0.000:0.000:0.800|-0.799:0.000:0.035|0.000:0.000:-0.800|0.000:0.000:-0.800","-10.500:0.000:13.500|20.000:0.000:-7.319","0.000:0.000:0.000|0.000:0.000:1.300",False,False,Moving,60.00,40.00,3.00,MultiAgentTraffic
0.6451,9,3,6,-0.7737,0.0500,9.0683,303.7629,1.6568,-87.3032,-24.0000,0.0000,15.0000,23.9719,7,"","","10.500:0.000:13.500|-4.200:0.000:-12.993|23.494:0.000:-14.978|4.200:0.000:12.993|8.400:0.000:9.493","0.000:0.000:0.000|0.000:0.000:0.800|-0.799:0.000:0.035|0.000:0.000:-0.800|0.000:0.000:-0.800","-10.500:0.000:13.500|20.000:0.000:-7.177","0.000:0.000:0.000|0.000:0.000:1.300",False,False,Moving,60.00,40.00,3.00,MultiAgentTraffic
0.7507,9,3,7,-0.9315,0.0500,9.0822,297.0104,1.7292,-70.9122,-24.0000,0.0000,15.0000,23.8155,7,"","","10.500:0.000:13.500|-4.200:0.000:-12.909|23.410:0.000:-14.974|4.200:0.000:12.909|8.400:0.000:9.409","0.000:0.000:0.000|0.000:0.000:0.800|-0.799:0.000:0.035|0.000:0.000:-0.800|0.000:0.000:-0.800","-10.500:0.000:13.500|20.000:0.000:-7.040","0.000:0.000:0.000|0.000:0.000:1.300",False,False,Moving,60.00,40.00,3.00,MultiAgentTraffic
0.8552,9,3,8,-1.0876,0.0500,9.0960,291.8933,1.9714,-60.0998,-24.0000,0.0000,15.0000,23.6609,7,"","","10.500:0.000:13.500|-4.200:0.000:-12.825|23.326:0.000:-14.971|4.200:0.000:12.825|8.400:0.000:9.325","0.000:0.000:0.000|0.000:0.000:0.800|-0.799:0.000:0.035|0.000:0.000:-0.800|0.000:0.000:-0.800","-10.500:0.000:13.500|20.000:0.000:-6.904","0.000:0.000:0.000|0.000:0.000:1.300",False,False,Moving,60.00,40.00,3.00,MultiAgentTraffic
0.9621,9,3,9,-1.2475,0.0500,9.1101,287.8866,1.7314,-39.8926,-24.0000,0.0000,15.0000,23.5026,7,"","","10.500:0.000:13.500|-4.200:0.000:-12.740|23.241:0.000:-14.967|4.200:0.000:12.740|8.400:0.000:9.240","0.000:0.000:0.000|0.000:0.000:0.800|-0.799:0.000:0.035|0.000:0.000:-0.800|0.000:0.000:-0.800","-10.500:0.000:13.500|20.000:0.000:-6.765","0.000:0.000:0.000|0.000:0.000:1.300",False,False,Moving,60.00,40.00,3.00,MultiAgentTraffic
1.0721,9,3,10,-1.4117,0.0500,9.1246,284.7580,0.8394,-14.4623,-24.0000,0.0000,15.0000,23.3400,7,"","","10.500:0.000:13.500|-4.200:0.000:-12.652|23.153:0.000:-14.963|4.200:0.000:12.652|8.400:0.000:9.152","0.000:0.000:0.000|0.000:0.000:0.800|-0.799:0.000:0.035|0.000:0.000:-0.800|0.000:0.000:-0.800","-10.500:0.000:13.500|20.000:0.000:-6.622","0.000:0.000:0.000|0.000:0.000:1.300",False,False,Moving,60.00,40.00,3.00,MultiAgentTraffic
1.1855,9,3,11,-1.5812,0.0500,9.1395,282.3254,1.7628,-23.2987,-24.0000,0.0000,15.0000,23.1722,7,"","","10.500:0.000:13.500|-4.200:0.000:-12.561|23.062:0.000:-14.959|4.200:0.000:12.561|8.400:0.000:9.061","0.000:0.000:0.000|0.000:0.000:0.800|-0.799:0.000:0.035|0.000:0.000:-0.800|0.000:0.000:-0.800","-10.500:0.000:13.500|20.000:0.000:-6.474","0.000:0.000:0.000|0.000:0.000:1.300",False,False,Moving,60.00,40.00,3.00,MultiAgentTraffic
1.2979,9,3,12,-1.7492,0.0500,9.1543,280.5159,1.8303,-18.0573,-24.0000,0.0000,15.0000,23.0059,7,"","","10.500:0.000:13.500|-4.200:0.000:-12.471|22.972:0.000:-14.955|4.200:0.000:12.471|8.400:0.000:8.971","0.000:0.000:0.000|0.000:0.000:0.800|-0.799:0.000:0.035|0.000:0.000:-0.800|0.000:0.000:-0.800","-10.500:0.000:13.500|20.000:0.000:-6.328","0.000:0.000:0.000|0.000:0.000:1.300",False,False,Moving,60.00,40.00,3.00,MultiAgentTraffic
1.4043,9,3,13,-1.9082,0.0500,9.1684,279.2208,0.8414,-6.3919,-24.0000,0.0000,15.0000,22.8486,7,"","","10.500:0.000:13.500|-4.200:0.000:-12.386|22.887:0.000:-14.952|4.200:0.000:12.386|8.400:0.000:8.886","0.000:0.000:0.000|0.000:0.000:0.800|-0.799:0.000:0.035|0.000:0.000:-0.800|0.000:0.000:-0.800","-10.500:0.000:13.500|20.000:0.000:-6.190","0.000:0.000:0.000|0.000:0.000:1.300",False,False,Moving,60.00,40.00,3.00,MultiAgentTraffic
1.5067,9,3,14,-2.0611,0.0500,9.1819,278.2654,1.6968,-10.0601,-24.0000,0.0000,15.0000,22.6973,7,"","","10.500:0.000:13.500|-4.200:0.000:-12.304|22.805:0.000:-14.948|4.200:0.000:12.304|8.400:0.000:8.804","0.000:0.000:0.000|0.000:0.000:0.800|-0.799:0.000:0.035|0.000:0.000:-0.800|0.000:0.000:-0.800","-10.500:0.000:13.500|20.000:0.000:-6.057","0.000:0.000:0.000|0.000:0.000:1.300",False,False,Moving,60.00,40.00,3.00,MultiAgentTraffic
1.6153,9,3,15,-2.2235,0.0500,9.1962,277.4895,1.6205,-7.0663,-24.0000,0.0000,15.0000,22.5367,7,"","","10.500:0.000:13.500|-4.200:0.000:-12.217|22.718:0.000:-14.944|4.200:0.000:12.217|8.400:0.000:8.717","0.000:0.000:0.000|0.000:0.000:0.800|-0.799:0.000:0.035|0.000:0.000:-0.800|0.000:0.000:-0.800","-10.500:0.000:13.500|20.000:0.000:-5.916","0.000:0.000:0.000|0.000:0.000:1.300",False,False,Moving,60.00,40.00,3.00,MultiAgentTraffic
1.7250,9,3,16,-2.3873,0.0500,9.2106,276.8957,1.6056,-5.4764,-24.0000,0.0000,15.0000,22.3747,7,"","","10.500:0.000:13.500|-4.200:0.000:-12.130|22.631:0.000:-14.940|4.200:0.000:12.130|8.400:0.000:8.630","0.000:0.000:0.000|0.000:0.000:0.800|-0.799:0.000:0.035|0.000:0.000:-0.800|0.000:0.000:-0.800","-10.500:0.000:13.500|20.000:0.000:-5.773","0.000:0.000:0.000|0.000:0.000:1.300",False,False,Moving,60.00,40.00,3.00,MultiAgentTraffic
1.8304,9,3,17,-2.5449,0.0500,9.2245,276.4606,1.6875,-4.4266,-24.0000,0.0000,15.0000,22.2189,7,"","","10.500:0.000:13.500|-4.200:0.000:-12.045|22.547:0.000:-14.937|4.200:0.000:12.045|8.400:0.000:8.545","0.000:0.000:0.000|0.000:0.000:0.800|-0.799:0.000:0.035|0.000:0.000:-0.800|0.000:0.000:-0.800","-10.500:0.000:13.500|20.000:0.000:-5.636","0.000:0.000:0.000|0.000:0.000:1.300",False,False,Moving,60.00,40.00,3.00,MultiAgentTraffic
1.9408,9,3,18,-2.7098,0.0500,9.2391,276.1139,1.8876,-3.6804,-24.0000,0.0000,15.0000,22.0559,7,"","","10.500:0.000:13.500|-4.200:0.000:-11.957|22.458:0.000:-14.933|4.200:0.000:11.957|8.400:0.000:8.457","0.000:0.000:0.000|0.000:0.000:0.800|-0.799:0.000:0.035|0.000:0.000:-0.800|0.000:0.000:-0.800","-10.500:0.000:13.500|20.000:0.000:-5.492","0.000:0.000:0.000|0.000:0.000:1.300",False,False,Moving,60.00,40.00,3.00,MultiAgentTraffic
2.0463,9,3,19,-2.8674,0.0500,9.2530,275.8623,1.7541,-2.6489,-24.0000,0.0000,15.0000,21.9002,7,"","","10.500:0.000:13.500|-4.200:0.000:-11.873|22.374:0.000:-14.929|4.200:0.000:11.873|8.400:0.000:8.373","0.000:0.000:0.000|0.000:0.000:0.800|-0.799:0.000:0.035|0.000:0.000:-0.800|0.000:0.000:-0.800","-10.500:0.000:13.500|20.000:0.000:-5.355","0.000:0.000:0.000|0.000:0.000:1.300",False,False,Moving,60.00,40.00,3.00,MultiAgentTraffic
2.1489,9,3,20,-3.0208,0.0500,9.2665,275.6744,1.6857,-1.9638,-24.0000,0.0000,15.0000,21.7486,7,"","","10.500:0.000:13.500|-4.200:0.000:-11.790|22.292:0.000:-14.926|4.200:0.000:11.790|8.400:0.000:8.290","0.000:0.000:0.000|0.000:0.000:0.800|-0.799:0.000:0.035|0.000:0.000:-0.800|0.000:0.000:-0.800","-10.500:0.000:13.500|20.000:0.000:-5.222","0.000:0.000:0.000|0.000:0.000:1.300",False,False,Moving,60.00,40.00,3.00,MultiAgentTraffic
2.2515,9,3,21,-3.1741,0.0500,9.2801,275.5293,1.0012,-0.8682,-24.0000,0.0000,15.0000,21.5972,7,"","","10.500:0.000:13.500|-4.200:0.000:-11.708|22.210:0.000:-14.922|4.200:0.000:11.708|8.400:0.000:8.208","0.000:0.000:0.000|0.000:0.000:0.800|-0.799:0.000:0.035|0.000:0.000:-0.800|0.000:0.000:-0.800","-10.500:0.000:13.500|20.000:0.000:-5.088","0.000:0.000:0.000|0.000:0.000:1.300",False,False,Moving,60.00,40.00,3.00,MultiAgentTraffic
2.3598,9,3,22,-3.3358,0.0500,9.2943,275.4123,1.6597,-1.0986,-24.0000,0.0000,15.0000,21.4375,7,"","","10.500:0.000:13.500|-4.200:0.000:-11.622|22.124:0.000:-14.918|4.200:0.000:11.622|8.400:0.000:8.122","0.000:0.000:0.000|0.000:0.000:0.800|-0.799:0.000:0.035|0.000:0.000:-0.800|0.000:0.000:-0.800","-10.500:0.000:13.500|20.000:0.000:-4.948","0.000:0.000:0.000|0.000:0.000:1.300",False,False,Moving,60.00,40.00,3.00,MultiAgentTraffic
2.4624,9,3,23,-3.4891,0.0500,9.3079,275.3276,0.8722,-0.4532,-24.0000,0.0000,15.0000,21.2861,7,"","","10.500:0.000:13.500|-4.200:0.000:-11.540|22.041:0.000:-14.915|4.200:0.000:11.540|8.400:0.000:8.040","0.000:0.000:0.000|0.000:0.000:0.800|-0.799:0.000:0.035|0.000:0.000:-0.800|0.000:0.000:-0.800","-10.500:0.000:13.500|20.000:0.000:-4.814","0.000:0.000:0.000|0.000:0.000:1.300",False,False,Moving,60.00,40.00,3.00,MultiAgentTraffic
2.5634,9,3,24,-3.6401,0.0500,9.3212,275.2631,1.0888,-0.4395,-24.0000,0.0000,15.0000,21.1371,7,"","","10.500:0.000:13.500|-4.200:0.000:-11.459|21.961:0.000:-14.911|4.200:0.000:11.459|8.400:0.000:7.959","0.000:0.000:0.000|0.000:0.000:0.800|-0.799:0.000:0.035|0.000:0.000:-0.800|0.000:0.000:-0.800","-10.500:0.000:13.500|20.000:0.000:-4.683","0.000:0.000:0.000|0.000:0.000:1.300",False,False,Moving,60.00,40.00,3.00,MultiAgentTraffic
2.6727,9,3,25,-3.8033,0.0500,9.3356,275.2097,0.8040,-0.2365,-24.0000,0.0000,15.0000,20.9760,7,"","","10.500:0.000:13.500|-4.200:0.000:-11.371|21.873:0.000:-14.908|4.200:0.000:11.371|8.400:0.000:7.871","0.000:0.000:0.000|0.000:0.000:0.800|-0.799:0.000:0.035|0.000:0.000:-0.800|0.000:0.000:-0.800","-10.500:0.000:13.500|20.000:0.000:-4.541","0.000:0.000:0.000|0.000:0.000:1.300",False,False,Moving,60.00,40.00,3.00,MultiAgentTraffic
2.7796,9,3,26,-3.9631,0.0500,9.3497,275.1700,1.6583,-0.3784,-24.0000,0.0000,15.0000,20.8184,7,"","","10.500:0.000:13.500|-4.200:0.000:-11.286|21.788:0.000:-14.904|4.200:0.000:11.286|8.400:0.000:7.786","0.000:0.000:0.000|0.000:0.000:0.800|-0.799:0.000:0.035|0.000:0.000:-0.800|0.000:0.000:-0.800","-10.500:0.000:13.500|20.000:0.000:-4.402","0.000:0.000:0.000|0.000:0.000:1.300",False,False,Moving,60.00,40.00,3.00,MultiAgentTraffic
2.8877,9,3,27,-4.1246,0.0500,9.3639,275.1391,2.5998,-0.4822,-24.0000,0.0000,15.0000,20.6591,7,"","","10.500:0.000:13.500|-4.200:0.000:-11.199|21.702:0.000:-14.900|4.200:0.000:11.199|8.400:0.000:7.699","0.000:0.000:0.000|0.000:0.000:0.800|-0.799:0.000:0.035|0.000:0.000:-0.800|0.000:0.000:-0.800","-10.500:0.000:13.500|20.000:0.000:-4.262","0.000:0.000:0.000|0.000:0.000:1.300",False,False,Moving,60.00,40.00,3.00,MultiAgentTraffic
2.9950,9,3,28,-4.2849,0.0500,9.3781,275.1161,1.5288,-0.1984,-24.0000,0.0000,15.0000,20.5011,7,"","","10.500:0.000:13.500|-4.200:0.000:-11.114|21.616:0.000:-14.896|4.200:0.000:11.114|8.400:0.000:7.614","0.000:0.000:0.000|0.000:0.000:0.800|-0.799:0.000:0.035|0.000:0.000:-0.800|0.000:0.000:-0.800","-10.500:0.000:13.500|20.000:0.000:-4.122","0.000:0.000:0.000|0.000:0.000:1.300",False,False,Moving,60.00,40.00,3.00,MultiAgentTraffic
3.0956,9,3,29,-4.4353,0.0500,9.3914,275.0995,1.5204,-0.1541,-24.0000,0.0000,15.0000,20.3529,7,"","","10.500:0.000:13.500|-4.200:0.000:-11.033|21.535:0.000:-14.893|4.200:0.000:11.033|8.400:0.000:7.533","0.000:0.000:0.000|0.000:0.000:0.800|-0.799:0.000:0.035|0.000:0.000:-0.800|0.000:0.000:-0.800","-10.500:0.000:13.500|20.000:0.000:-3.991","0.000:0.000:0.000|0.000:0.000:1.300",False,False,Moving,60.00,40.00,3.00,MultiAgentTraffic
3.2042,9,3,30,-4.5975,0.0500,9.4057,275.0858,1.5125,-0.1205,-24.0000,0.0000,15.0000,20.1930,7,"","","10.500:0.000:13.500|-4.200:0.000:-10.946|21.449:0.000:-14.889|4.200:0.000:10.946|8.400:0.000:7.446","0.000:0.000:0.000|0.000:0.000:0.800|-0.799:0.000:0.035|0.000:0.000:-0.800|0.000:0.000:-0.800","-10.500:0.000:13.500|20.000:0.000:-3.850","0.000:0.000:0.000|0.000:0.000:1.300",False,False,Moving,60.00,40.00,3.00,MultiAgentTraffic
3.3113,9,3,31,-4.7576,0.0500,9.4198,275.0755,0.7609,-0.0443,-24.0000,0.0000,15.0000,20.0353,7,"","","10.500:0.000:13.500|-4.200:0.000:-10.860|21.363:0.000:-14.885|4.200:0.000:10.860|8.400:0.000:7.360","0.000:0.000:0.000|0.000:0.000:0.800|-0.799:0.000:0.035|0.000:0.000:-0.800|0.000:0.000:-0.800","-10.500:0.000:13.500|20.000:0.000:-3.711","0.000:0.000:0.000|0.000:0.000:1.300",False,False,Moving,60.00,40.00,3.00,MultiAgentTraffic
3.4211,9,3,32,-4.9216,0.0500,9.4343,275.0675,1.5114,-0.0671,-24.0000,0.0000,15.0000,19.8737,7,"","","10.500:0.000:13.500|-4.200:0.000:-10.773|21.275:0.000:-14.882|4.200:0.000:10.773|8.400:0.000:7.273","0.000:0.000:0.000|0.000:0.000:0.800|-0.799:0.000:0.035|0.000:0.000:-0.800|0.000:0.000:-0.800","-10.500:0.000:13.500|20.000:0.000:-3.568","0.000:0.000:0.000|0.000:0.000:1.300",False,False,Moving,60.00,40.00,3.00,MultiAgentTraffic
3.5238,9,3,33,-5.0751,0.0500,9.4478,275.0617,1.6126,-0.0580,-24.0000,0.0000,15.0000,19.7226,7,"","","10.500:0.000:13.500|-4.200:0.000:-10.690|21.193:0.000:-14.878|4.200:0.000:10.690|8.400:0.000:7.190","0.000:0.000:0.000|0.000:0.000:0.800|-0.799:0.000:0.035|0.000:0.000:-0.800|0.000:0.000:-0.800","-10.500:0.000:13.500|20.000:0.000:-3.435","0.000:0.000:0.000|0.000:0.000:1.300",False,False,Moving,60.00,40.00,3.00,MultiAgentTraffic
3.6243,9,3,34,-5.2253,0.0500,9.4611,275.0574,1.5850,-0.0412,-24.0000,0.0000,15.0000,19.5748,7,"","","10.500:0.000:13.500|-4.200:0.000:-10.610|21.113:0.000:-14.874|4.200:0.000:10.610|8.400:0.000:7.110","0.000:0.000:0.000|0.000:0.000:0.800|-0.799:0.000:0.035|0.000:0.000:-0.800|0.000:0.000:-0.800","-10.500:0.000:13.500|20.000:0.000:-3.304","0.000:0.000:0.000|0.000:0.000:1.300",False,False,Moving,60.00,40.00,3.00,MultiAgentTraffic
3.7327,9,3,35,-5.3872,0.0500,9.4753,275.0538,1.6352,-0.0336,-24.0000,0.0000,15.0000,19.4155,7,"","","10.500:0.000:13.500|-4.200:0.000:-10.523|21.026:0.000:-14.871|4.200:0.000:10.523|8.400:0.000:7.023","0.000:0.000:0.000|0.000:0.000:0.800|-0.799:0.000:0.035|0.000:0.000:-0.800|0.000:0.000:-0.800","-10.500:0.000:13.500|20.000:0.000:-3.163","0.000:0.000:0.000|0.000:0.000:1.300",False,False,Moving,60.00,40.00,3.00,MultiAgentTraffic
3.8423,9,3,36,-5.5510,0.0500,9.4898,275.0510,0.7966,-0.0122,-24.0000,0.0000,15.0000,19.2544,7,"","","10.500:0.000:13.500|-4.200:0.000:-10.436|20.939:0.000:-14.867|4.200:0.000:10.436|8.400:0.000:6.936","0.000:0.000:0.000|0.000:0.000:0.800|-0.799:0.000:0.035|0.000:0.000:-0.800|0.000:0.000:-0.800","-10.500:0.000:13.500|20.000:0.000:-3.021","0.000:0.000:0.000|0.000:0.000:1.300",False,False,Moving,60.00,40.00,3.00,MultiAgentTraffic
3.9485,9,3,37,-5.7097,0.0500,9.5038,275.0490,1.6076,-0.0198,-24.0000,0.0000,15.0000,19.0983,7,"","","10.500:0.000:13.500|-4.200:0.000:-10.351|20.854:0.000:-14.863|4.200:0.000:10.351|8.400:0.000:6.851","0.000:0.000:0.000|0.000:0.000:0.800|-0.799:0.000:0.035|0.000:0.000:-0.800|0.000:0.000:-0.800","-10.500:0.000:13.500|20.000:0.000:-2.882","0.000:0.000:0.000|0.000:0.000:1.300",False,False,Moving,60.00,40.00,3.00,MultiAgentTraffic
4.0626,9,3,38,-5.8156,0.0500,9.5145,277.6362,0.0000,58.8822,-24.0000,0.0000,15.0000,18.9939,7,"","","10.500:0.000:13.500|-4.200:0.000:-10.259|20.763:0.000:-14.859|4.200:0.000:10.259|8.400:0.000:6.759","0.000:0.000:0.000|0.000:0.000:0.800|-0.799:0.000:0.035|0.000:0.000:-0.800|0.000:0.000:-0.800","-10.500:0.000:13.500|20.000:0.000:-2.734","0.000:0.000:0.000|0.000:0.000:1.300",False,False,Moving,60.00,40.00,3.00,MultiAgentTraffic
4.1677,9,3,39,-5.7753,0.0500,9.5641,287.0908,0.7978,90.6296,-24.0000,0.0000,15.0000,19.0181,7,"","","10.500:0.000:13.500|-4.200:0.000:-10.175|20.679:0.000:-14.856|4.200:0.000:10.175|8.400:0.000:6.675","0.000:0.000:0.000|0.000:0.000:0.800|-0.799:0.000:0.035|0.000:0.000:-0.800|0.000:0.000:-0.800","-10.500:0.000:13.500|20.000:0.000:-2.598","0.000:0.000:0.000|0.000:0.000:1.300",False,False,Moving,60.00,40.00,3.00,MultiAgentTraffic
4.2741,9,3,40,-5.6842,0.0500,9.6780,296.6721,1.4140,84.8877,-24.0000,0.0000,15.0000,19.0734,7,"","","10.500:0.000:13.500|-4.200:0.000:-10.090|20.593:0.000:-14.852|4.200:0.000:10.090|8.400:0.000:6.590","0.000:0.000:0.000|0.000:0.000:0.800|-0.799:0.000:0.035|0.000:0.000:-0.800|0.000:0.000:-0.800","-10.500:0.000:13.500|20.000:0.000:-2.459","0.000:0.000:0.000|0.000:0.000:1.300",False,False,Moving,60.00,40.00,3.00,MultiAgentTraffic
4.3826,9,3,41,-5.5827,0.0500,9.8051,306.4374,1.4368,86.3175,-24.0000,0.0000,15.0000,19.1360,7,"","","10.500:0.000:13.500|-4.200:0.000:-10.003|20.507:0.000:-14.848|4.200:0.000:10.003|8.400:0.000:6.503","0.000:0.000:0.000|0.000:0.000:0.800|-0.799:0.000:0.035|0.000:0.000:-0.800|0.000:0.000:-0.800","-10.500:0.000:13.500|20.000:0.000:-2.318","0.000:0.000:0.000|0.000:0.000:1.300",False,False,Stopped,60.00,40.00,3.00,MultiAgentTraffic
4.4921,9,3,42,-5.5073,0.0500,9.8990,316.2903,0.8050,88.2813,-24.0000,0.0000,15.0000,19.1834,7,"","","10.500:0.000:13.500|-4.200:0.000:-9.916|20.419:0.000:-14.844|4.200:0.000:9.916|8.400:0.000:6.416","0.000:0.000:0.000|0.000:0.000:0.800|-0.799:0.000:0.035|0.000:0.000:-0.800|0.000:0.000:-0.800","-10.500:0.000:13.500|20.000:0.000:-2.176","0.000:0.000:0.000|0.000:0.000:1.300",False,False,Stopped,60.00,40.00,3.00,MultiAgentTraffic
4.5922,9,3,43,-5.4901,0.0500,9.9204,322.5127,0.0308,0.0000,-24.0000,0.0000,15.0000,19.1943,7,"","","10.500:0.000:13.500|-4.200:0.000:-9.836|20.339:0.000:-14.841|4.200:0.000:9.836|8.400:0.000:6.336","0.000:0.000:0.000|0.000:0.000:0.800|-0.799:0.000:0.035|0.000:0.000:-0.800|0.000:0.000:-0.800","-10.500:0.000:13.500|20.000:0.000:-2.046","0.000:0.000:0.000|0.000:0.000:1.300",False,False,Stopped,60.00,40.00,3.00,MultiAgentTraffic
4.6932,9,3,44,-5.4901,0.0500,9.9204,322.5127,0.0000,0.0000,-24.0000,0.0000,15.0000,19.1943,7,"","","10.500:0.000:13.500|-4.200:0.000:-9.755|20.259:0.000:-14.837|4.200:0.000:9.755|8.400:0.000:6.255","0.000:0.000:0.000|0.000:0.000:0.800|-0.799:0.000:0.035|0.000:0.000:-0.800|0.000:0.000:-0.800","-10.500:0.000:13.500|20.000:0.000:-1.914","0.000:0.000:0.000|0.000:0.000:1.300",False,False,Stopped,60.00,40.00,3.00,MultiAgentTraffic
4.7943,9,3,45,-5.4901,0.0500,9.9204,322.5127,0.0000,0.0000,-24.0000,0.0000,15.0000,19.1943,7,"","","10.500:0.000:13.500|-4.200:0.000:-9.674|20.178:0.000:-14.834|4.200:0.000:9.674|8.400:0.000:6.174","0.000:0.000:0.000|0.000:0.000:0.800|-0.799:0.000:0.035|0.000:0.000:-0.800|0.000:0.000:-0.800","-10.500:0.000:13.500|20.000:0.000:-1.783","0.000:0.000:0.000|0.000:0.000:1.300",False,False,Stopped,60.00,40.00,3.00,MultiAgentTraffic
4.9000,9,3,46,-5.4901,0.0500,9.9204,322.5127,0.0000,0.0000,-24.0000,0.0000,15.0000,19.1943,7,"","","10.500:0.000:13.500|-4.200:0.000:-9.590|20.093:0.000:-14.830|4.200:0.000:9.590|8.400:0.000:6.090","0.000:0.000:0.000|0.000:0.000:0.800|-0.799:0.000:0.035|0.000:0.000:-0.800|0.000:0.000:-0.800","-10.500:0.000:13.500|20.000:0.000:-1.646","0.000:0.000:0.000|0.000:0.000:1.300",False,False,Stopped,60.00,40.00,3.00,MultiAgentTraffic
5.0074,9,3,47,-5.4901,0.0500,9.9204,322.5127,0.0000,0.0000,-24.0000,0.0000,15.0000,19.1943,7,"","","10.500:0.000:13.500|-4.200:0.000:-9.504|20.007:0.000:-14.826|4.200:0.000:9.504|8.400:0.000:6.004","0.000:0.000:0.000|0.000:0.000:0.800|-0.799:0.000:0.035|0.000:0.000:-0.800|0.000:0.000:-0.800","-10.500:0.000:13.500|20.000:0.000:-1.506","0.000:0.000:0.000|0.000:0.000:1.300",False,False,Stopped,60.00,40.00,3.00,MultiAgentTraffic
5.1114,9,3,48,-5.4901,0.0500,9.9204,322.5127,0.0000,0.0000,-24.0000,0.0000,15.0000,19.1943,7,"","","10.500:0.000:13.500|-4.200:0.000:-9.420|19.924:0.000:-14.823|4.200:0.000:9.420|8.400:0.000:5.920","0.000:0.000:0.000|0.000:0.000:0.800|-0.799:0.000:0.035|0.000:0.000:-0.800|0.000:0.000:-0.800","-10.500:0.000:13.500|20.000:0.000:-1.371","0.000:0.000:0.000|0.000:0.000:1.300",False,False,Stopped,60.00,40.00,3.00,MultiAgentTraffic
5.2115,9,3,49,-5.4901,0.0500,9.9204,322.5127,0.0000,0.0000,-24.0000,0.0000,15.0000,19.1943,7,"","","10.500:0.000:13.500|-4.200:0.000:-9.340|19.844:0.000:-14.819|4.200:0.000:9.340|8.400:0.000:5.840","0.000:0.000:0.000|0.000:0.000:0.800|-0.799:0.000:0.035|0.000:0.000:-0.800|0.000:0.000:-0.800","-10.500:0.000:13.500|20.000:0.000:-1.241","0.000:0.000:0.000|0.000:0.000:1.300",False,False,Stopped,60.00,40.00,3.00,MultiAgentTraffic
5.3134,9,3,50,-5.4901,0.0500,9.9204,322.5127,0.0000,0.0000,-24.0000,0.0000,15.0000,19.1943,7,"","","10.500:0.000:13.500|-4.200:0.000:-9.259|19.763:0.000:-14.816|4.200:0.000:9.259|8.400:0.000:5.759","0.000:0.000:0.000|0.000:0.000:0.800|-0.799:0.000:0.035|0.000:0.000:-0.800|0.000:0.000:-0.800","-10.500:0.000:13.500|20.000:0.000:-1.108","0.000:0.000:0.000|0.000:0.000:1.300",False,False,Stopped,60.00,40.00,3.00,MultiAgentTraffic
5.4136,9,3,51,-5.4901,0.0500,9.9204,322.5127,0.0000,0.0000,-24.0000,0.0000,15.0000,19.1943,7,"","","10.500:0.000:13.500|-4.200:0.000:-9.179|19.683:0.000:-14.812|4.200:0.000:9.179|8.400:0.000:5.679","0.000:0.000:0.000|0.000:0.000:0.800|-0.799:0.000:0.035|0.000:0.000:-0.800|0.000:0.000:-0.800","-10.500:0.000:13.500|20.000:0.000:-0.978","0.000:0.000:0.000|0.000:0.000:1.300",False,False,Stopped,60.00,40.00,3.00,MultiAgentTraffic
5.5144,9,3,52,-5.4901,0.0500,9.9204,322.5127,0.0000,0.0000,-24.0000,0.0000,15.0000,19.1943,7,"","","10.500:0.000:13.500|-4.200:0.000:-9.098|19.602:0.000:-14.809|4.200:0.000:9.098|8.400:0.000:5.598","0.000:0.000:0.000|0.000:0.000:0.800|-0.799:0.000:0.035|0.000:0.000:-0.800|0.000:0.000:-0.800","-10.500:0.000:13.500|20.000:0.000:-0.847","0.000:0.000:0.000|0.000:0.000:1.300",False,False,Stopped,60.00,40.00,3.00,MultiAgentTraffic
5.6179,9,3,53,-5.4901,0.0500,9.9204,322.5127,0.0000,0.0000,-24.0000,0.0000,15.0000,19.1943,7,"","","10.500:0.000:13.500|-4.200:0.000:-9.015|19.519:0.000:-14.805|4.200:0.000:9.015|8.400:0.000:5.515","0.000:0.000:0.000|0.000:0.000:0.800|-0.799:0.000:0.035|0.000:0.000:-0.800|0.000:0.000:-0.800","-10.500:0.000:13.500|20.000:0.000:-0.712","0.000:0.000:0.000|0.000:0.000:1.300",False,False,Stopped,60.00,40.00,3.00,MultiAgentTraffic
5.7194,9,3,54,-5.4901,0.0500,9.9204,322.5127,0.0000,0.0000,-24.0000,0.0000,15.0000,19.1943,7,"","","10.500:0.000:13.500|-4.200:0.000:-8.934|19.438:0.000:-14.802|4.200:0.000:8.934|8.400:0.000:5.434","0.000:0.000:0.000|0.000:0.000:0.800|-0.799:0.000:0.035|0.000:0.000:-0.800|0.000:0.000:-0.800","-10.500:0.000:13.500|20.000:0.000:-0.580","0.000:0.000:0.000|0.000:0.000:1.300",False,False,Stopped,60.00,40.00,3.00,MultiAgentTraffic
5.8268,9,3,55,-5.4901,0.0500,9.9204,322.5127,0.0000,0.0000,-24.0000,0.0000,15.0000,19.1943,7,"","","10.500:0.000:13.500|-4.200:0.000:-8.848|19.352:0.000:-14.798|4.200:0.000:8.848|8.400:0.000:5.348","0.000:0.000:0.000|0.000:0.000:0.800|-0.799:0.000:0.035|0.000:0.000:-0.800|0.000:0.000:-0.800","-10.500:0.000:13.500|20.000:0.000:-0.441","0.000:0.000:0.000|0.000:0.000:1.300",False,False,Stopped,60.00,40.00,3.00,MultiAgentTraffic
5.9298,9,3,56,-5.4901,0.0500,9.9204,322.5127,0.0000,0.0000,-24.0000,0.0000,15.0000,19.1943,7,"","","10.500:0.000:13.500|-4.200:0.000:-8.766|19.270:0.000:-14.794|4.200:0.000:8.766|8.400:0.000:5.266","0.000:0.000:0.000|0.000:0.000:0.800|-0.799:0.000:0.035|0.000:0.000:-0.800|0.000:0.000:-0.800","-10.500:0.000:13.500|20.000:0.000:-0.307","0.000:0.000:0.000|0.000:0.000:1.300",False,False,Stopped,60.00,40.00,3.00,MultiAgentTraffic
6.0347,9,3,57,-5.4901,0.0500,9.9204,322.5127,0.0000,0.0000,-24.0000,0.0000,15.0000,19.1943,7,"","","10.500:0.000:13.500|-4.200:0.000:-8.682|19.186:0.000:-14.791|4.200:0.000:8.682|8.400:0.000:5.182","0.000:0.000:0.000|0.000:0.000:0.800|-0.799:0.000:0.035|0.000:0.000:-0.800|0.000:0.000:-0.800","-10.500:0.000:13.500|20.000:0.000:-0.170","0.000:0.000:0.000|0.000:0.000:1.300",False,False,Stopped,60.00,40.00,3.00,MultiAgentTraffic
6.1400,9,3,58,-5.4901,0.0500,9.9204,322.5127,0.0000,0.0000,-24.0000,0.0000,15.0000,19.1943,7,"","","10.500:0.000:13.500|-4.200:0.000:-8.598|19.102:0.000:-14.787|4.200:0.000:8.598|8.400:0.000:5.098","0.000:0.000:0.000|0.000:0.000:0.800|-0.799:0.000:0.035|0.000:0.000:-0.800|0.000:0.000:-0.800","-10.500:0.000:13.500|20.000:0.000:-0.033","0.000:0.000:0.000|0.000:0.000:1.300",False,False,Stopped,60.00,40.00,3.00,MultiAgentTraffic
6.2414,9,3,59,-5.4901,0.0500,9.9204,322.5127,0.0000,0.0000,-24.0000,0.0000,15.0000,19.1943,7,"","","10.500:0.000:13.500|-4.200:0.000:-8.516|19.021:0.000:-14.784|4.200:0.000:8.516|8.400:0.000:5.016","0.000:0.000:0.000|0.000:0.000:0.800|-0.799:0.000:0.035|0.000:0.000:-0.800|0.000:0.000:-0.800","-10.500:0.000:13.500|20.000:0.000:0.098","0.000:0.000:0.000|0.000:0.000:1.300",False,False,Stopped,60.00,40.00,3.00,MultiAgentTraffic
6.3509,9,3,60,-5.4901,0.0500,9.9204,322.5127,0.0000,0.0000,-24.0000,0.0000,15.0000,19.1943,7,"","","10.500:0.000:13.500|-4.200:0.000:-8.429|18.934:0.000:-14.780|4.200:0.000:8.429|8.400:0.000:4.929","0.000:0.000:0.000|0.000:0.000:0.800|-0.799:0.000:0.035|0.000:0.000:-0.800|0.000:0.000:-0.800","-10.500:0.000:13.500|20.000:0.000:0.241","0.000:0.000:0.000|0.000:0.000:1.300",False,False,Stopped,60.00,40.00,3.00,MultiAgentTraffic
6.4540,9,3,61,-5.4901,0.0500,9.9204,322.5127,0.0000,0.0000,-24.0000,0.0000,15.0000,19.1943,7,"","","10.500:0.000:13.500|-4.200:0.000:-8.346|18.851:0.000:-14.776|4.200:0.000:8.346|8.400:0.000:4.846","0.000:0.000:0.000|0.000:0.000:0.800|-0.799:0.000:0.035|0.000:0.000:-0.800|0.000:0.000:-0.800","-10.500:0.000:13.500|20.000:0.000:0.375","0.000:0.000:0.000|0.000:0.000:1.300",False,False,Stopped,60.00,40.00,3.00,MultiAgentTraffic
6.5619,9,3,62,-5.4901,0.0500,9.9204,322.5127,0.0000,0.0000,-24.0000,0.0000,15.0000,19.1943,7,"","","10.500:0.000:13.500|-4.200:0.000:-8.260|18.765:0.000:-14.772|4.200:0.000:8.260|8.400:0.000:4.760","0.000:0.000:0.000|0.000:0.000:0.800|-0.799:0.000:0.035|0.000:0.000:-0.800|0.000:0.000:-0.800","-10.500:0.000:13.500|20.000:0.000:0.515","0.000:0.000:0.000|0.000:0.000:1.300",False,False,Stopped,60.00,40.00,3.00,MultiAgentTraffic
6.6670,9,3,63,-5.4901,0.0500,9.9204,322.5127,0.0000,0.0000,-24.0000,0.0000,15.0000,19.1943,7,"","","10.500:0.000:13.500|-4.200:0.000:-8.176|18.681:0.000:-14.769|4.200:0.000:8.176|8.400:0.000:4.676","0.000:0.000:0.000|0.000:0.000:0.800|-0.799:0.000:0.035|0.000:0.000:-0.800|0.000:0.000:-0.800","-10.500:0.000:13.500|20.000:0.000:0.652","0.000:0.000:0.000|0.000:0.000:1.300",False,False,Stopped,60.00,40.00,3.00,MultiAgentTraffic
6.7705,9,3,64,-5.4901,0.0500,9.9204,322.5127,0.0000,0.0000,-24.0000,0.0000,15.0000,19.1943,7,"","","10.500:0.000:13.500|-4.200:0.000:-8.093|18.598:0.000:-14.765|4.200:0.000:8.093|8.400:0.000:4.593","0.000:0.000:0.000|0.000:0.000:0.800|-0.799:0.000:0.035|0.000:0.000:-0.800|0.000:0.000:-0.800","-10.500:0.000:13.500|20.000:0.000:0.786","0.000:0.000:0.000|0.000:0.000:1.300",False,False,Stopped,60.00,40.00,3.00,MultiAgentTraffic
6.8780,9,3,65,-5.4901,0.0500,9.9204,322.5127,0.0000,0.0000,-24.0000,0.0000,15.0000,19.1943,7,"","","10.500:0.000:13.500|-4.200:0.000:-8.007|18.512:0.000:-14.761|4.200:0.000:8.007|8.400:0.000:4.507","0.000:0.000:0.000|0.000:0.000:0.800|-0.799:0.000:0.035|0.000:0.000:-0.800|0.000:0.000:-0.800","-10.500:0.000:13.500|20.000:0.000:0.926","0.000:0.000:0.000|0.000:0.000:1.300",False,False,Stopped,60.00,40.00,3.00,MultiAgentTraffic
6.9858,9,3,66,-5.4901,0.0500,9.9204,322.5127,0.0000,0.0000,-24.0000,0.0000,15.0000,19.1943,7,"","","10.500:0.000:13.500|-4.200:0.000:-7.921|18.426:0.000:-14.758|4.200:0.000:7.921|8.400:0.000:4.421","0.000:0.000:0.000|0.000:0.000:0.800|-0.799:0.000:0.035|0.000:0.000:-0.800|0.000:0.000:-0.800","-10.500:0.000:13.500|20.000:0.000:1.066","0.000:0.000:0.000|0.000:0.000:1.300",False,False,Stopped,60.00,40.00,3.00,MultiAgentTraffic
7.0904,9,3,67,-5.4901,0.0500,9.9204,322.5127,0.0000,0.0000,-24.0000,0.0000,15.0000,19.1943,7,"","","10.500:0.000:13.500|-4.200:0.000:-7.837|18.343:0.000:-14.754|4.200:0.000:7.837|8.400:0.000:4.337","0.000:0.000:0.000|0.000:0.000:0.800|-0.799:0.000:0.035|0.000:0.000:-0.800|0.000:0.000:-0.800","-10.500:0.000:13.500|20.000:0.000:1.202","0.000:0.000:0.000|0.000:0.000:1.300",False,False,Stopped,60.00,40.00,3.00,MultiAgentTraffic
7.1981,9,3,68,-5.4901,0.0500,9.9204,322.5127,0.0000,0.0000,-24.0000,0.0000,15.0000,19.1943,7,"","","10.500:0.000:13.500|-4.200:0.000:-7.751|18.256:0.000:-14.750|4.200:0.000:7.751|8.400:0.000:4.251","0.000:0.000:0.000|0.000:0.000:0.800|-0.799:0.000:0.035|0.000:0.000:-0.800|0.000:0.000:-0.800","-10.500:0.000:13.500|20.000:0.000:1.342","0.000:0.000:0.000|0.000:0.000:1.300",False,False,Stopped,60.00,40.00,3.00,MultiAgentTraffic
7.3002,9,3,69,-5.4901,0.0500,9.9204,322.5127,0.0000,0.0000,-24.0000,0.0000,15.0000,19.1943,7,"","","10.500:0.000:13.500|-4.200:0.000:-7.669|18.175:0.000:-14.747|4.200:0.000:7.669|8.400:0.000:4.169","0.000:0.000:0.000|0.000:0.000:0.800|-0.799:0.000:0.035|0.000:0.000:-0.800|0.000:0.000:-0.800","-10.500:0.000:13.500|20.000:0.000:1.475","0.000:0.000:0.000|0.000:0.000:1.300",False,False,Stopped,60.00,40.00,3.00,MultiAgentTraffic
7.4076,9,3,70,-5.4901,0.0500,9.9204,322.5127,0.0000,0.0000,-24.0000,0.0000,15.0000,19.1943,7,"","","10.500:0.000:13.500|-4.200:0.000:-7.583|18.089:0.000:-14.743|4.200:0.000:7.583|8.400:0.000:4.083","0.000:0.000:0.000|0.000:0.000:0.800|-0.799:0.000:0.035|0.000:0.000:-0.800|0.000:0.000:-0.800","-10.500:0.000:13.500|20.000:0.000:1.614","0.000:0.000:0.000|0.000:0.000:1.300",False,False,Stopped,60.00,40.00,3.00,MultiAgentTraffic
7.5094,9,3,71,-5.4901,0.0500,9.9204,322.5127,0.0000,0.0000,-24.0000,0.0000,15.0000,19.1943,7,"","","10.500:0.000:13.500|-4.200:0.000:-7.502|18.008:0.000:-14.739|4.200:0.000:7.502|8.400:0.000:4.002","0.000:0.000:0.000|0.000:0.000:0.800|-0.799:0.000:0.035|0.000:0.000:-0.800|0.000:0.000:-0.800","-10.500:0.000:13.500|20.000:0.000:1.747","0.000:0.000:0.000|0.000:0.000:1.300",False,False,Stopped,60.00,40.00,3.00,MultiAgentTraffic
7.6173,9,3,72,-5.4901,0.0500,9.9204,322.5127,0.0000,0.0000,-24.0000,0.0000,15.0000,19.1943,7,"","","10.500:0.000:13.500|-4.200:0.000:-7.416|17.921:0.000:-14.736|4.200:0.000:7.416|8.400:0.000:3.916","0.000:0.000:0.000|0.000:0.000:0.800|-0.799:0.000:0.035|0.000:0.000:-0.800|0.000:0.000:-0.800","-10.500:0.000:13.500|20.000:0.000:1.887","0.000:0.000:0.000|0.000:0.000:1.300",False,False,Stopped,60.00,40.00,3.00,MultiAgentTraffic
7.7236,9,3,73,-5.4901,0.0500,9.9204,322.5127,0.0000,0.0000,-24.0000,0.0000,15.0000,19.1943,7,"","","10.500:0.000:13.500|-4.200:0.000:-7.331|17.836:0.000:-14.732|4.200:0.000:7.331|8.400:0.000:3.831","0.000:0.000:0.000|0.000:0.000:0.800|-0.799:0.000:0.035|0.000:0.000:-0.800|0.000:0.000:-0.800","-10.500:0.000:13.500|20.000:0.000:2.025","0.000:0.000:0.000|0.000:0.000:1.300",False,False,Stopped,60.00,40.00,3.00,MultiAgentTraffic
7.8259,9,3,74,-5.4901,0.0500,9.9204,322.5127,0.0000,0.0000,-24.0000,0.0000,15.0000,19.1943,7,"","","10.500:0.000:13.500|-4.200:0.000:-7.249|17.755:0.000:-14.728|4.200:0.000:7.249|8.400:0.000:3.749","0.000:0.000:0.000|0.000:0.000:0.800|-0.799:0.000:0.035|0.000:0.000:-0.800|0.000:0.000:-0.800","-10.500:0.000:13.500|20.000:0.000:2.158","0.000:0.000:0.000|0.000:0.000:1.300",False,False,Stopped,60.00,40.00,3.00,MultiAgentTraffic
7.9325,9,3,75,-5.4901,0.0500,9.9204,322.5127,0.0000,0.0000,-24.0000,0.0000,15.0000,19.1943,7,"","","10.500:0.000:13.500|-4.200:0.000:-7.164|17.670:0.000:-14.725|4.200:0.000:7.164|8.400:0.000:3.664","0.000:0.000:0.000|0.000:0.000:0.800|-0.799:0.000:0.035|0.000:0.000:-0.800|0.000:0.000:-0.800","-10.500:0.000:13.500|20.000:0.000:2.297","0.000:0.000:0.000|0.000:0.000:1.300",False,False,Stopped,60.00,40.00,3.00,MultiAgentTraffic
8.0404,9,3,76,-5.4901,0.0500,9.9204,322.5127,0.0000,0.0000,-24.0000,0.0000,15.0000,19.1943,7,"","","10.500:0.000:13.500|-4.200:0.000:-7.077|17.583:0.000:-14.721|4.200:0.000:7.077|8.400:0.000:3.577","0.000:0.000:0.000|0.000:0.000:0.800|-0.799:0.000:0.035|0.000:0.000:-0.800|0.000:0.000:-0.800","-10.500:0.000:13.500|20.000:0.000:2.437","0.000:0.000:0.000|0.000:0.000:1.300",False,False,Stopped,60.00,40.00,3.00,MultiAgentTraffic
8.1455,9,3,77,-5.4901,0.0500,9.9204,322.5127,0.0000,0.0000,-24.0000,0.0000,15.0000,19.1943,7,"","","10.500:0.000:13.500|-4.200:0.000:-6.993|17.499:0.000:-14.717|4.200:0.000:6.993|8.400:0.000:3.493","0.000:0.000:0.000|0.000:0.000:0.800|-0.799:0.000:0.035|0.000:0.000:-0.800|0.000:0.000:-0.800","-10.500:0.000:13.500|20.000:0.000:2.574","0.000:0.000:0.000|0.000:0.000:1.300",False,False,Stopped,60.00,40.00,3.00,MultiAgentTraffic
8.2475,9,3,78,-5.4901,0.0500,9.9204,322.5127,0.0000,0.0000,-24.0000,0.0000,15.0000,19.1943,7,"","","10.500:0.000:13.500|-4.200:0.000:-6.912|17.418:0.000:-14.714|4.200:0.000:6.912|8.400:0.000:3.412","0.000:0.000:0.000|0.000:0.000:0.800|-0.799:0.000:0.035|0.000:0.000:-0.800|0.000:0.000:-0.800","-10.500:0.000:13.500|20.000:0.000:2.706","0.000:0.000:0.000|0.000:0.000:1.300",False,False,Stopped,60.00,40.00,3.00,MultiAgentTraffic
8.3545,9,3,79,-5.4901,0.0500,9.9204,322.5127,0.0000,0.0000,-24.0000,0.0000,15.0000,19.1943,7,"","","10.500:0.000:13.500|-4.200:0.000:-6.826|17.332:0.000:-14.710|4.200:0.000:6.826|8.400:0.000:3.326","0.000:0.000:0.000|0.000:0.000:0.800|-0.799:0.000:0.035|0.000:0.000:-0.800|0.000:0.000:-0.800","-10.500:0.000:13.500|20.000:0.000:2.845","0.000:0.000:0.000|0.000:0.000:1.300",False,False,Stopped,60.00,40.00,3.00,MultiAgentTraffic
8.4585,9,3,80,-5.4901,0.0500,9.9204,322.5127,0.0000,0.0000,-24.0000,0.0000,15.0000,19.1943,7,"","","10.500:0.000:13.500|-4.200:0.000:-6.743|17.249:0.000:-14.706|4.200:0.000:6.743|8.400:0.000:3.243","0.000:0.000:0.000|0.000:0.000:0.800|-0.799:0.000:0.035|0.000:0.000:-0.800|0.000:0.000:-0.800","-10.500:0.000:13.500|20.000:0.000:2.981","0.000:0.000:0.000|0.000:0.000:1.300",False,False,Stopped,60.00,40.00,3.00,MultiAgentTraffic
8.5617,9,3,81,-5.4901,0.0500,9.9204,322.5127,0.0000,0.0000,-24.0000,0.0000,15.0000,19.1943,7,"","","10.500:0.000:13.500|-4.200:0.000:-6.660|17.167:0.000:-14.703|4.200:0.000:6.660|8.400:0.000:3.160","0.000:0.000:0.000|0.000:0.000:0.800|-0.799:0.000:0.035|0.000:0.000:-0.800|0.000:0.000:-0.800","-10.500:0.000:13.500|20.000:0.000:3.115","0.000:0.000:0.000|0.000:0.000:1.300",False,False,Stopped,60.00,40.00,3.00,MultiAgentTraffic
8.6618,9,3,82,-5.4901,0.0500,9.9204,322.5127,0.0000,0.0000,-24.0000,0.0000,15.0000,19.1943,7,"","","10.500:0.000:13.500|-4.200:0.000:-6.580|17.087:0.000:-14.699|4.200:0.000:6.580|8.400:0.000:3.080","0.000:0.000:0.000|0.000:0.000:0.800|-0.799:0.000:0.035|0.000:0.000:-0.800|0.000:0.000:-0.800","-10.500:0.000:13.500|20.000:0.000:3.245","0.000:0.000:0.000|0.000:0.000:1.300",False,False,Stopped,60.00,40.00,3.00,MultiAgentTraffic
8.7678,9,3,83,-5.4901,0.0500,9.9204,322.5127,0.0000,0.0000,-24.0000,0.0000,15.0000,19.1943,7,"","","10.500:0.000:13.500|-4.200:0.000:-6.495|17.002:0.000:-14.696|4.200:0.000:6.495|8.400:0.000:2.995","0.000:0.000:0.000|0.000:0.000:0.800|-0.799:0.000:0.035|0.000:0.000:-0.800|0.000:0.000:-0.800","-10.500:0.000:13.500|20.000:0.000:3.383","0.000:0.000:0.000|0.000:0.000:1.300",False,False,Stopped,60.00,40.00,3.00,MultiAgentTraffic
8.8748,9,3,84,-5.4901,0.0500,9.9204,322.5127,0.0000,0.0000,-24.0000,0.0000,15.0000,19.1943,7,"","","10.500:0.000:13.500|-4.200:0.000:-6.410|16.916:0.000:-14.692|4.200:0.000:6.410|8.400:0.000:2.910","0.000:0.000:0.000|0.000:0.000:0.800|-0.799:0.000:0.035|0.000:0.000:-0.800|0.000:0.000:-0.800","-10.500:0.000:13.500|20.000:0.000:3.522","0.000:0.000:0.000|0.000:0.000:1.300",False,False,Stopped,60.00,40.00,3.00,MultiAgentTraffic
8.9816,9,3,85,-5.4901,0.0500,9.9204,322.5127,0.0000,0.0000,-24.0000,0.0000,15.0000,19.1943,7,"","","10.500:0.000:13.500|-4.200:0.000:-6.324|16.831:0.000:-14.688|4.200:0.000:6.324|8.400:0.000:2.824","0.000:0.000:0.000|0.000:0.000:0.800|-0.799:0.000:0.035|0.000:0.000:-0.800|0.000:0.000:-0.800","-10.500:0.000:13.500|20.000:0.000:3.661","0.000:0.000:0.000|0.000:0.000:1.300",False,False,Stopped,60.00,40.00,3.00,MultiAgentTraffic
9.0878,9,3,86,-5.4901,0.0500,9.9204,322.5127,0.0000,0.0000,-24.0000,0.0000,15.0000,19.1943,7,"","","10.500:0.000:13.500|-4.200:0.000:-6.239|16.746:0.000:-14.685|4.200:0.000:6.239|8.400:0.000:2.739","0.000:0.000:0.000|0.000:0.000:0.800|-0.799:0.000:0.035|0.000:0.000:-0.800|0.000:0.000:-0.800","-10.500:0.000:13.500|20.000:0.000:3.799","0.000:0.000:0.000|0.000:0.000:1.300",False,False,Stopped,60.00,40.00,3.00,MultiAgentTraffic
9.1947,9,3,87,-5.4901,0.0500,9.9204,322.5127,0.0000,0.0000,-24.0000,0.0000,15.0000,19.1943,7,"","","10.500:0.000:13.500|-4.200:0.000:-6.154|16.661:0.000:-14.681|4.200:0.000:6.154|8.400:0.000:2.654","0.000:0.000:0.000|0.000:0.000:0.800|-0.799:0.000:0.035|0.000:0.000:-0.800|0.000:0.000:-0.800","-10.500:0.000:13.500|20.000:0.000:3.938","0.000:0.000:0.000|0.000:0.000:1.300",False,False,Stopped,60.00,40.00,3.00,MultiAgentTraffic
9.2989,9,3,88,-5.4901,0.0500,9.9204,322.5127,0.0000,0.0000,-24.0000,0.0000,15.0000,19.1943,7,"","","10.500:0.000:13.500|-4.200:0.000:-6.070|16.577:0.000:-14.677|4.200:0.000:6.070|8.400:0.000:2.570","0.000:0.000:0.000|0.000:0.000:0.800|-0.799:0.000:0.035|0.000:0.000:-0.800|0.000:0.000:-0.800","-10.500:0.000:13.500|20.000:0.000:4.073","0.000:0.000:0.000|0.000:0.000:1.300",False,False,Stopped,60.00,40.00,3.00,MultiAgentTraffic
9.4023,9,3,89,-5.4901,0.0500,9.9204,322.5127,0.0000,0.0000,-24.0000,0.0000,15.0000,19.1943,7,"","","10.500:0.000:13.500|-4.200:0.000:-5.988|16.495:0.000:-14.674|4.200:0.000:5.988|8.400:0.000:2.488","0.000:0.000:0.000|0.000:0.000:0.800|-0.799:0.000:0.035|0.000:0.000:-0.800|0.000:0.000:-0.800","-10.500:0.000:13.500|20.000:0.000:4.208","0.000:0.000:0.000|0.000:0.000:1.300",False,False,Stopped,60.00,40.00,3.00,MultiAgentTraffic
9.5031,9,3,90,-5.4901,0.0500,9.9204,322.5127,0.0000,0.0000,-24.0000,0.0000,15.0000,19.1943,7,"","","10.500:0.000:13.500|-4.200:0.000:-5.907|16.414:0.000:-14.670|4.200:0.000:5.907|8.400:0.000:2.407","0.000:0.000:0.000|0.000:0.000:0.800|-0.799:0.000:0.035|0.000:0.000:-0.800|0.000:0.000:-0.800","-10.500:0.000:13.500|20.000:0.000:4.339","0.000:0.000:0.000|0.000:0.000:1.300",False,False,Stopped,60.00,40.00,3.00,MultiAgentTraffic
9.6065,9,3,91,-5.4901,0.0500,9.9204,322.5127,0.0000,0.0000,-24.0000,0.0000,15.0000,19.1943,7,"","","10.500:0.000:13.500|-4.200:0.000:-5.824|16.332:0.000:-14.667|4.200:0.000:5.824|8.400:0.000:2.324","0.000:0.000:0.000|0.000:0.000:0.800|-0.799:0.000:0.035|0.000:0.000:-0.800|0.000:0.000:-0.800","-10.500:0.000:13.500|20.000:0.000:4.473","0.000:0.000:0.000|0.000:0.000:1.300",False,False,Stopped,60.00,40.00,3.00,MultiAgentTraffic
9.7098,9,3,92,-5.4901,0.0500,9.9204,322.5127,0.0000,0.0000,-24.0000,0.0000,15.0000,19.1943,7,"","","10.500:0.000:13.500|-4.200:0.000:-5.742|16.249:0.000:-14.663|4.200:0.000:5.742|8.400:0.000:2.242","0.000:0.000:0.000|0.000:0.000:0.800|-0.799:0.000:0.035|0.000:0.000:-0.800|0.000:0.000:-0.800","-10.500:0.000:13.500|20.000:0.000:4.607","0.000:0.000:0.000|0.000:0.000:1.300",False,False,Stopped,60.00,40.00,3.00,MultiAgentTraffic
9.8127,9,3,93,-5.4901,0.0500,9.9204,322.5127,0.0000,0.0000,-24.0000,0.0000,15.0000,19.1943,7,"","","10.500:0.000:13.500|-4.200:0.000:-5.659|16.167:0.000:-14.659|4.200:0.000:5.659|8.400:0.000:2.159","0.000:0.000:0.000|0.000:0.000:0.800|-0.799:0.000:0.035|0.000:0.000:-0.800|0.000:0.000:-0.800","-10.500:0.000:13.500|20.000:0.000:4.741","0.000:0.000:0.000|0.000:0.000:1.300",False,False,Stopped,60.00,40.00,3.00,MultiAgentTraffic
9.9173,9,3,94,-5.4901,0.0500,9.9204,322.5127,0.0000,0.0000,-24.0000,0.0000,15.0000,19.1943,7,"","","10.500:0.000:13.500|-4.200:0.000:-5.576|16.083:0.000:-14.656|4.200:0.000:5.576|8.400:0.000:2.076","0.000:0.000:0.000|0.000:0.000:0.800|-0.799:0.000:0.035|0.000:0.000:-0.800|0.000:0.000:-0.800","-10.500:0.000:13.500|20.000:0.000:4.877","0.000:0.000:0.000|0.000:0.000:1.300",False,False,Stopped,60.00,40.00,3.00,MultiAgentTraffic
10.0230,9,3,95,-5.4901,0.0500,9.9204,322.5127,0.0000,0.0000,-24.0000,0.0000,15.0000,19.1943,7,"","","10.500:0.000:13.500|-4.200:0.000:-5.491|15.999:0.000:-14.652|4.200:0.000:5.491|8.400:0.000:1.991","0.000:0.000:0.000|0.000:0.000:0.800|-0.799:0.000:0.035|0.000:0.000:-0.800|0.000:0.000:-0.800","-10.500:0.000:13.500|20.000:0.000:5.014","0.000:0.000:0.000|0.000:0.000:1.300",False,False,Stopped,60.00,40.00,3.00,MultiAgentTraffic
10.1286,9,3,96,-5.4901,0.0500,9.9204,322.5127,0.0000,0.0000,-24.0000,0.0000,15.0000,19.1943,7,"","","10.500:0.000:13.500|-4.200:0.000:-5.407|15.914:0.000:-14.648|4.200:0.000:5.407|8.400:0.000:1.907","0.000:0.000:0.000|0.000:0.000:0.800|-0.799:0.000:0.035|0.000:0.000:-0.800|0.000:0.000:-0.800","-10.500:0.000:13.500|20.000:0.000:5.152","0.000:0.000:0.000|0.000:0.000:1.300",False,False,Stopped,60.00,40.00,3.00,MultiAgentTraffic
10.2324,9,3,97,-5.4901,0.0500,9.9204,322.5127,0.0000,0.0000,-24.0000,0.0000,15.0000,19.1943,7,"","","10.500:0.000:13.500|-4.200:0.000:-5.324|15.831:0.000:-14.645|4.200:0.000:5.324|8.400:0.000:1.824","0.000:0.000:0.000|0.000:0.000:0.800|-0.799:0.000:0.035|0.000:0.000:-0.800|0.000:0.000:-0.800","-10.500:0.000:13.500|20.000:0.000:5.287","0.000:0.000:0.000|0.000:0.000:1.300",False,False,Stopped,60.00,40.00,3.00,MultiAgentTraffic
10.3368,9,3,98,-5.4901,0.0500,9.9204,322.5127,0.0000,0.0000,-24.0000,0.0000,15.0000,19.1943,7,"","","10.500:0.000:13.500|-4.200:0.000:-5.240|15.748:0.000:-14.641|4.200:0.000:5.240|8.400:0.000:1.740","0.000:0.000:0.000|0.000:0.000:0.800|-0.799:0.000:0.035|0.000:0.000:-0.800|0.000:0.000:-0.800","-10.500:0.000:13.500|20.000:0.000:5.422","0.000:0.000:0.000|0.000:0.000:1.300",False,False,Stopped,60.00,40.00,3.00,MultiAgentTraffic
10.4407,9,3,99,-5.4901,0.0500,9.9204,322.5127,0.0000,0.0000,-24.0000,0.0000,15.0000,19.1943,7,"","","10.500:0.000:13.500|-4.200:0.000:-5.157|15.665:0.000:-14.638|4.200:0.000:5.157|8.400:0.000:1.657","0.000:0.000:0.000|0.000:0.000:0.800|-0.799:0.000:0.035|0.000:0.000:-0.800|0.000:0.000:-0.800","-10.500:0.000:13.500|20.000:0.000:5.557","0.000:0.000:0.000|0.000:0.000:1.300",False,False,Stopped,60.00,40.00,3.00,MultiAgentTraffic
10.5417,9,3,100,-5.4901,0.0500,9.9204,322.5127,0.0000,0.0000,-24.0000,0.0000,15.0000,19.1943,7,"","","10.500:0.000:13.500|-4.200:0.000:-5.076|15.584:0.000:-14.634|4.200:0.000:5.076|8.400:0.000:1.576","0.000:0.000:0.000|0.000:0.000:0.800|-0.799:0.000:0.035|0.000:0.000:-0.800|0.000:0.000:-0.800","-10.500:0.000:13.500|20.000:0.000:5.689","0.000:0.000:0.000|0.000:0.000:1.300",False,False,Stopped,60.00,40.00,3.00,MultiAgentTraffic
10.6460,9,3,101,-5.4901,0.0500,9.9204,322.5127,0.0000,0.0000,-24.0000,0.0000,15.0000,19.1943,7,"","","10.500:0.000:13.500|-4.200:0.000:-4.993|15.501:0.000:-14.630|4.200:0.000:4.993|8.400:0.000:1.493","0.000:0.000:0.000|0.000:0.000:0.800|-0.799:0.000:0.035|0.000:0.000:-0.800|0.000:0.000:-0.800","-10.500:0.000:13.500|20.000:0.000:5.824","0.000:0.000:0.000|0.000:0.000:1.300",False,False,Stopped,60.00,40.00,3.00,MultiAgentTraffic
10.7470,9,3,102,-5.4901,0.0500,9.9204,322.5127,0.0000,0.0000,-24.0000,0.0000,15.0000,19.1943,7,"","","10.500:0.000:13.500|-4.200:0.000:-4.912|15.420:0.000:-14.627|4.200:0.000:4.912|8.400:0.000:1.412","0.000:0.000:0.000|0.000:0.000:0.800|-0.799:0.000:0.035|0.000:0.000:-0.800|0.000:0.000:-0.800","-10.500:0.000:13.500|20.000:0.000:5.956","0.000:0.000:0.000|0.000:0.000:1.300",False,False,Stopped,60.00,40.00,3.00,MultiAgentTraffic
10.8497,9,3,103,-5.4901,0.0500,9.9204,322.5127,0.0000,0.0000,-24.0000,0.0000,15.0000,19.1943,7,"","","10.500:0.000:13.500|-4.200:0.000:-4.830|15.338:0.000:-14.623|4.200:0.000:4.830|8.400:0.000:1.330","0.000:0.000:0.000|0.000:0.000:0.800|-0.799:0.000:0.035|0.000:0.000:-0.800|0.000:0.000:-0.800","-10.500:0.000:13.500|20.000:0.000:6.089","0.000:0.000:0.000|0.000:0.000:1.300",False,False,Stopped,60.00,40.00,3.00,MultiAgentTraffic
10.9525,9,3,104,-5.4901,0.0500,9.9204,322.5127,0.0000,0.0000,-24.0000,0.0000,15.0000,19.1943,7,"","","10.500:0.000:13.500|-4.200:0.000:-4.748|15.256:0.000:-14.620|4.200:0.000:4.748|8.400:0.000:1.248","0.000:0.000:0.000|0.000:0.000:0.800|-0.799:0.000:0.035|0.000:0.000:-0.800|0.000:0.000:-0.800","-10.500:0.000:13.500|20.000:0.000:6.223","0.000:0.000:0.000|0.000:0.000:1.300",False,False,Stopped,60.00,40.00,3.00,MultiAgentTraffic
11.0589,9,3,105,-5.4901,0.0500,9.9204,322.5127,0.0000,0.0000,-24.0000,0.0000,15.0000,19.1943,7,"","","10.500:0.000:13.500|-4.200:0.000:-4.662|15.171:0.000:-14.616|4.200:0.000:4.662|8.400:0.000:1.162","0.000:0.000:0.000|0.000:0.000:0.800|-0.799:0.000:0.035|0.000:0.000:-0.800|0.000:0.000:-0.800","-10.500:0.000:13.500|20.000:0.000:6.361","0.000:0.000:0.000|0.000:0.000:1.300",False,False,Stopped,60.00,40.00,3.00,MultiAgentTraffic
11.1651,9,3,106,-5.4901,0.0500,9.9204,322.5127,0.0000,0.0000,-24.0000,0.0000,15.0000,19.1943,7,"","","10.500:0.000:13.500|-4.200:0.000:-4.577|15.086:0.000:-14.612|4.200:0.000:4.577|8.400:0.000:1.077","0.000:0.000:0.000|0.000:0.000:0.800|-0.799:0.000:0.035|0.000:0.000:-0.800|0.000:0.000:-0.800","-10.500:0.000:13.500|20.000:0.000:6.499","0.000:0.000:0.000|0.000:0.000:1.300",False,False,Stopped,60.00,40.00,3.00,MultiAgentTraffic
11.2731,9,3,107,-5.4901,0.0500,9.9204,322.5127,0.0000,0.0000,-24.0000,0.0000,15.0000,19.1943,7,"","","10.500:0.000:13.500|-4.200:0.000:-4.491|15.000:0.000:-14.609|4.200:0.000:4.491|8.400:0.000:0.991","0.000:0.000:0.000|0.000:0.000:0.800|-0.799:0.000:0.035|0.000:0.000:-0.800|0.000:0.000:-0.800","-10.500:0.000:13.500|20.000:0.000:6.639","0.000:0.000:0.000|0.000:0.000:1.300",False,False,Stopped,60.00,40.00,3.00,MultiAgentTraffic
11.3775,9,3,108,-5.4901,0.0500,9.9204,322.5127,0.0000,0.0000,-24.0000,0.0000,15.0000,19.1943,7,"","","10.500:0.000:13.500|-4.200:0.000:-4.408|14.916:0.000:-14.605|4.200:0.000:4.408|8.400:0.000:0.908","0.000:0.000:0.000|0.000:0.000:0.800|-0.799:0.000:0.035|0.000:0.000:-0.800|0.000:0.000:-0.800","-10.500:0.000:13.500|20.000:0.000:6.775","0.000:0.000:0.000|0.000:0.000:1.300",False,False,Stopped,60.00,40.00,3.00,MultiAgentTraffic
11.4839,9,3,109,-5.4901,0.0500,9.9204,322.5127,0.0000,0.0000,-24.0000,0.0000,15.0000,19.1943,7,"","","10.500:0.000:13.500|-4.200:0.000:-4.322|14.831:0.000:-14.601|4.200:0.000:4.322|8.400:0.000:0.822","0.000:0.000:0.000|0.000:0.000:0.800|-0.799:0.000:0.035|0.000:0.000:-0.800|0.000:0.000:-0.800","-10.500:0.000:13.500|20.000:0.000:6.914","0.000:0.000:0.000|0.000:0.000:1.300",False,False,Stopped,60.00,40.00,3.00,MultiAgentTraffic
11.5898,9,3,110,-5.4901,0.0500,9.9204,322.5127,0.0000,0.0000,-24.0000,0.0000,15.0000,19.1943,7,"","","10.500:0.000:13.500|-4.200:0.000:-4.238|14.746:0.000:-14.598|4.200:0.000:4.238|8.400:0.000:0.738","0.000:0.000:0.000|0.000:0.000:0.800|-0.799:0.000:0.035|0.000:0.000:-0.800|0.000:0.000:-0.800","-10.500:0.000:13.500|20.000:0.000:7.051","0.000:0.000:0.000|0.000:0.000:1.300",False,False,Stopped,60.00,40.00,3.00,MultiAgentTraffic
11.6986,9,3,111,-5.4901,0.0500,9.9204,322.5127,0.0000,0.0000,-24.0000,0.0000,15.0000,19.1943,7,"","","10.500:0.000:13.500|-4.200:0.000:-4.151|14.660:0.000:-14.594|4.200:0.000:4.151|8.400:0.000:0.651","0.000:0.000:0.000|0.000:0.000:0.800|-0.799:0.000:0.035|0.000:0.000:-0.800|0.000:0.000:-0.800","-10.500:0.000:13.500|20.000:0.000:7.193","0.000:0.000:0.000|0.000:0.000:1.300",False,False,Stopped,60.00,40.00,3.00,MultiAgentTraffic
11.8068,9,3,112,-5.4901,0.0500,9.9204,322.5127,0.0000,0.0000,-24.0000,0.0000,15.0000,19.1943,7,"","","10.500:0.000:13.500|-4.200:0.000:-4.064|14.573:0.000:-14.590|4.200:0.000:4.064|8.400:0.000:0.564","0.000:0.000:0.000|0.000:0.000:0.800|-0.799:0.000:0.035|0.000:0.000:-0.800|0.000:0.000:-0.800","-10.500:0.000:13.500|20.000:0.000:7.333","0.000:0.000:0.000|0.000:0.000:1.300",False,False,Stopped,60.00,40.00,3.00,MultiAgentTraffic
11.9077,9,3,113,-5.4901,0.0500,9.9204,322.5127,0.0000,0.0000,-24.0000,0.0000,15.0000,19.1943,7,"","","10.500:0.000:13.500|-4.200:0.000:-3.983|14.492:0.000:-14.587|4.200:0.000:3.983|8.400:0.000:0.483","0.000:0.000:0.000|0.000:0.000:0.800|-0.799:0.000:0.035|0.000:0.000:-0.800|0.000:0.000:-0.800","-10.500:0.000:13.500|20.000:0.000:7.465","0.000:0.000:0.000|0.000:0.000:1.300",False,False,Stopped,60.00,40.00,3.00,MultiAgentTraffic
12.0097,9,3,114,-5.4901,0.0500,9.9204,322.5127,0.0000,0.0000,-24.0000,0.0000,15.0000,19.1943,7,"","","10.500:0.000:13.500|-4.200:0.000:-3.902|14.411:0.000:-14.583|4.200:0.000:3.902|8.400:0.000:0.402","0.000:0.000:0.000|0.000:0.000:0.800|-0.799:0.000:0.035|0.000:0.000:-0.800|0.000:0.000:-0.800","-10.500:0.000:13.500|20.000:0.000:7.597","0.000:0.000:0.000|0.000:0.000:1.300",False,False,Stopped,60.00,40.00,3.00,MultiAgentTraffic
12.1186,9,3,115,-5.4901,0.0500,9.9204,322.5127,0.0000,0.0000,-24.0000,0.0000,15.0000,19.1943,7,"","","10.500:0.000:13.500|-4.200:0.000:-3.815|14.324:0.000:-14.579|4.200:0.000:3.815|8.400:0.000:0.315","0.000:0.000:0.000|0.000:0.000:0.800|-0.799:0.000:0.035|0.000:0.000:-0.800|0.000:0.000:-0.800","-10.500:0.000:13.500|20.000:0.000:7.739","0.000:0.000:0.000|0.000:0.000:1.300",False,False,Stopped,60.00,40.00,3.00,MultiAgentTraffic
12.2258,9,3,116,-5.4901,0.0500,9.9204,322.5127,0.0000,0.0000,-24.0000,0.0000,15.0000,19.1943,7,"","","10.500:0.000:13.500|-4.200:0.000:-3.729|14.238:0.000:-14.576|4.200:0.000:3.729|8.400:0.000:0.229","0.000:0.000:0.000|0.000:0.000:0.800|-0.799:0.000:0.035|0.000:0.000:-0.800|0.000:0.000:-0.800","-10.500:0.000:13.500|20.000:0.000:7.843","0.000:0.000:0.000|0.000:0.000:-1.300",False,False,Stopped,60.00,40.00,3.00,MultiAgentTraffic
12.3265,9,3,117,-5.4901,0.0500,9.9204,322.5127,0.0000,0.0000,-24.0000,0.0000,15.0000,19.1943,7,"","","10.500:0.000:13.500|-4.200:0.000:-3.648|14.158:0.000:-14.572|4.200:0.000:3.648|8.400:0.000:0.148","0.000:0.000:0.000|0.000:0.000:0.800|-0.799:0.000:0.035|0.000:0.000:-0.800|0.000:0.000:-0.800","-10.500:0.000:13.500|20.000:0.000:7.713","0.000:0.000:0.000|0.000:0.000:-1.300",False,False,Stopped,60.00,40.00,3.00,MultiAgentTraffic
12.4293,9,3,118,-5.4901,0.0500,9.9204,322.5127,0.0000,0.0000,-24.0000,0.0000,15.0000,19.1943,7,"","","10.500:0.000:13.500|-4.200:0.000:-3.566|14.075:0.000:-14.569|4.200:0.000:3.566|8.400:0.000:0.066","0.000:0.000:0.000|0.000:0.000:0.800|-0.799:0.000:0.035|0.000:0.000:-0.800|0.000:0.000:-0.800","-10.500:0.000:13.500|20.000:0.000:7.579","0.000:0.000:0.000|0.000:0.000:-1.300",False,False,Stopped,60.00,40.00,3.00,MultiAgentTraffic
12.5294,9,3,119,-5.4901,0.0500,9.9204,322.5127,0.0000,0.0000,-24.0000,0.0000,15.0000,19.1943,7,"","","10.500:0.000:13.500|-4.200:0.000:-3.486|13.995:0.000:-14.565|4.200:0.000:3.486|8.400:0.000:-0.014","0.000:0.000:0.000|0.000:0.000:0.800|-0.799:0.000:0.035|0.000:0.000:-0.800|0.000:0.000:-0.800","-10.500:0.000:13.500|20.000:0.000:7.449","0.000:0.000:0.000|0.000:0.000:-1.300",False,False,Stopped,60.00,40.00,3.00,MultiAgentTraffic
12.6321,9,3,120,-5.4901,0.0500,9.9204,322.5127,0.0000,0.0000,-24.0000,0.0000,15.0000,19.1943,7,"","","10.500:0.000:13.500|-4.200:0.000:-3.404|13.913:0.000:-14.561|4.200:0.000:3.404|8.400:0.000:-0.096","0.000:0.000:0.000|0.000:0.000:0.800|-0.799:0.000:0.035|0.000:0.000:-0.800|0.000:0.000:-0.800","-10.500:0.000:13.500|20.000:0.000:7.315","0.000:0.000:0.000|0.000:0.000:-1.300",False,False,Stopped,60.00,40.00,3.00,MultiAgentTraffic
12.7360,9,3,121,-5.4901,0.0500,9.9204,322.5127,0.0000,0.0000,-24.0000,0.0000,15.0000,19.1943,7,"","","10.500:0.000:13.500|-4.200:0.000:-3.321|13.830:0.000:-14.558|4.200:0.000:3.321|8.400:0.000:-0.179","0.000:0.000:0.000|0.000:0.000:0.800|-0.799:0.000:0.035|0.000:0.000:-0.800|0.000:0.000:-0.800","-10.500:0.000:13.500|20.000:0.000:7.180","0.000:0.000:0.000|0.000:0.000:-1.300",False,False,Stopped,60.00,40.00,3.00,MultiAgentTraffic
12.8421,9,3,122,-5.4901,0.0500,9.9204,322.5127,0.0000,0.0000,-24.0000,0.0000,15.0000,19.1943,7,"","","10.500:0.000:13.500|-4.200:0.000:-3.236|13.746:0.000:-14.554|4.200:0.000:3.236|8.400:0.000:-0.264","0.000:0.000:0.000|0.000:0.000:0.800|-0.799:0.000:0.035|0.000:0.000:-0.800|0.000:0.000:-0.800","-10.500:0.000:13.500|20.000:0.000:7.042","0.000:0.000:0.000|0.000:0.000:-1.300",False,False,Stopped,60.00,40.00,3.00,MultiAgentTraffic
12.9491,9,3,123,-5.4901,0.0500,9.9204,322.5127,0.0000,0.0000,-24.0000,0.0000,15.0000,19.1943,7,"","","10.500:0.000:13.500|-4.200:0.000:-3.150|13.660:0.000:-14.550|4.200:0.000:3.150|8.400:0.000:-0.350","0.000:0.000:0.000|0.000:0.000:0.800|-0.799:0.000:0.035|0.000:0.000:-0.800|0.000:0.000:-0.800","-10.500:0.000:13.500|20.000:0.000:6.903","0.000:0.000:0.000|0.000:0.000:-1.300",False,False,Stopped,60.00,40.00,3.00,MultiAgentTraffic
13.0580,9,3,124,-5.4901,0.0500,9.9204,322.5127,0.0000,0.0000,-24.0000,0.0000,15.0000,19.1943,7,"","","10.500:0.000:13.500|-4.200:0.000:-3.063|13.573:0.000:-14.547|4.200:0.000:3.063|8.400:0.000:-0.437","0.000:0.000:0.000|0.000:0.000:0.800|-0.799:0.000:0.035|0.000:0.000:-0.800|0.000:0.000:-0.800","-10.500:0.000:13.500|20.000:0.000:6.762","0.000:0.000:0.000|0.000:0.000:-1.300",False,False,Stopped,60.00,40.00,3.00,MultiAgentTraffic
13.1637,9,3,125,-5.4901,0.0500,9.9204,322.5127,0.0000,0.0000,-24.0000,0.0000,15.0000,19.1943,7,"","","10.500:0.000:13.500|-4.200:0.000:-2.979|13.488:0.000:-14.543|4.200:0.000:2.979|8.400:0.000:-0.521","0.000:0.000:0.000|0.000:0.000:0.800|-0.799:0.000:0.035|0.000:0.000:-0.800|0.000:0.000:-0.800","-10.500:0.000:13.500|20.000:0.000:6.624","0.000:0.000:0.000|0.000:0.000:-1.300",False,False,Stopped,60.00,40.00,3.00,MultiAgentTraffic
13.2763,9,3,126,-5.4901,0.0500,9.9204,322.5127,0.0000,0.0000,-24.0000,0.0000,15.0000,19.1943,7,"","","10.500:0.000:13.500|-4.200:0.000:-2.889|13.399:0.000:-14.539|4.200:0.000:2.889|8.400:0.000:-0.611","0.000:0.000:0.000|0.000:0.000:0.800|-0.799:0.000:0.035|0.000:0.000:-0.800|0.000:0.000:-0.800","-10.500:0.000:13.500|20.000:0.000:6.478","0.000:0.000:0.000|0.000:0.000:-1.300",False,False,Stopped,60.00,40.00,3.00,MultiAgentTraffic
13.3779,9,3,127,-5.4901,0.0500,9.9204,322.5127,0.0000,0.0000,-24.0000,0.0000,15.0000,19.1943,7,"","","10.500:0.000:13.500|-4.200:0.000:-2.807|13.317:0.000:-14.536|4.200:0.000:2.807|8.400:0.000:-0.693","0.000:0.000:0.000|0.000:0.000:0.800|-0.799:0.000:0.035|0.000:0.000:-0.800|0.000:0.000:-0.800","-10.500:0.000:13.500|20.000:0.000:6.346","0.000:0.000:0.000|0.000:0.000:-1.300",False,False,Stopped,60.00,40.00,3.00,MultiAgentTraffic
13.4861,9,3,128,-5.4901,0.0500,9.9204,322.5127,0.0000,0.0000,-24.0000,0.0000,15.0000,19.1943,7,"","","10.500:0.000:13.500|-4.200:0.000:-2.721|13.231:0.000:-14.532|4.200:0.000:2.721|8.400:0.000:-0.779","0.000:0.000:0.000|0.000:0.000:0.800|-0.799:0.000:0.035|0.000:0.000:-0.800|0.000:0.000:-0.800","-10.500:0.000:13.500|20.000:0.000:6.205","0.000:0.000:0.000|0.000:0.000:-1.300",False,False,Stopped,60.00,40.00,3.00,MultiAgentTraffic
13.5874,9,3,129,-5.4901,0.0500,9.9204,322.5127,0.0000,0.0000,-24.0000,0.0000,15.0000,19.1943,7,"","","10.500:0.000:13.500|-4.200:0.000:-2.640|13.150:0.000:-14.528|4.200:0.000:2.640|8.400:0.000:-0.860","0.000:0.000:0.000|0.000:0.000:0.800|-0.799:0.000:0.035|0.000:0.000:-0.800|0.000:0.000:-0.800","-10.500:0.000:13.500|20.000:0.000:6.073","0.000:0.000:0.000|0.000:0.000:-1.300",False,False,Stopped,60.00,40.00,3.00,MultiAgentTraffic
13.6928,9,3,130,-5.4901,0.0500,9.9204,322.5127,0.0000,0.0000,-24.0000,0.0000,15.0000,19.1943,7,"","","10.500:0.000:13.500|-4.200:0.000:-2.555|13.066:0.000:-14.525|4.200:0.000:2.555|8.400:0.000:-0.945","0.000:0.000:0.000|0.000:0.000:0.800|-0.799:0.000:0.035|0.000:0.000:-0.800|0.000:0.000:-0.800","-10.500:0.000:13.500|20.000:0.000:5.936","0.000:0.000:0.000|0.000:0.000:-1.300",False,False,Stopped,60.00,40.00,3.00,MultiAgentTraffic
13.7987,9,3,131,-5.4901,0.0500,9.9204,322.5127,0.0000,0.0000,-24.0000,0.0000,15.0000,19.1943,7,"","","10.500:0.000:13.500|-4.200:0.000:-2.471|12.981:0.000:-14.521|4.200:0.000:2.471|8.400:0.000:-1.029","0.000:0.000:0.000|0.000:0.000:0.800|-0.799:0.000:0.035|0.000:0.000:-0.800|0.000:0.000:-0.800","-10.500:0.000:13.500|20.000:0.000:5.799","0.000:0.000:0.000|0.000:0.000:-1.300",False,False,Stopped,60.00,40.00,3.00,MultiAgentTraffic
13.9074,9,3,132,-5.4901,0.0500,9.9204,322.5127,0.0000,0.0000,-24.0000,0.0000,15.0000,19.1943,7,"","","10.500:0.000:13.500|-4.200:0.000:-2.384|12.894:0.000:-14.517|4.200:0.000:2.384|8.400:0.000:-1.116","0.000:0.000:0.000|0.000:0.000:0.800|-0.799:0.000:0.035|0.000:0.000:-0.800|0.000:0.000:-0.800","-10.500:0.000:13.500|20.000:0.000:5.657","0.000:0.000:0.000|0.000:0.000:-1.300",False,False,Stopped,60.00,40.00,3.00,MultiAgentTraffic
14.0145,9,3,133,-5.4901,0.0500,9.9204,322.5127,0.0000,0.0000,-24.0000,0.0000,15.0000,19.1943,7,"","","10.500:0.000:13.500|-4.200:0.000:-2.298|12.809:0.000:-14.513|4.200:0.000:2.298|8.400:0.000:-1.202","0.000:0.000:0.000|0.000:0.000:0.800|-0.799:0.000:0.035|0.000:0.000:-0.800|0.000:0.000:-0.800","-10.500:0.000:13.500|20.000:0.000:5.518","0.000:0.000:0.000|0.000:0.000:-1.300",False,False,Stopped,60.00,40.00,3.00,MultiAgentTraffic
14.1161,9,3,134,-5.4901,0.0500,9.9204,322.5127,0.0000,0.0000,-24.0000,0.0000,15.0000,19.1943,7,"","","10.500:0.000:13.500|-4.200:0.000:-2.217|12.727:0.000:-14.510|4.200:0.000:2.217|8.400:0.000:-1.283","0.000:0.000:0.000|0.000:0.000:0.800|-0.799:0.000:0.035|0.000:0.000:-0.800|0.000:0.000:-0.800","-10.500:0.000:13.500|20.000:0.000:5.386","0.000:0.000:0.000|0.000:0.000:-1.300",False,False,Stopped,60.00,40.00,3.00,MultiAgentTraffic
14.2233,9,3,135,-5.4901,0.0500,9.9204,322.5127,0.0000,0.0000,-24.0000,0.0000,15.0000,19.1943,7,"","","10.500:0.000:13.500|-4.200:0.000:-2.131|12.642:0.000:-14.506|4.200:0.000:2.131|8.400:0.000:-1.369","0.000:0.000:0.000|0.000:0.000:0.800|-0.799:0.000:0.035|0.000:0.000:-0.800|0.000:0.000:-0.800","-10.500:0.000:13.500|20.000:0.000:5.247","0.000:0.000:0.000|0.000:0.000:-1.300",False,False,Stopped,60.00,40.00,3.00,MultiAgentTraffic
14.3234,9,3,136,-5.4901,0.0500,9.9204,322.5127,0.0000,0.0000,-24.0000,0.0000,15.0000,19.1943,7,"","","10.500:0.000:13.500|-4.200:0.000:-2.051|12.562:0.000:-14.503|4.200:0.000:2.051|8.400:0.000:-1.449","0.000:0.000:0.000|0.000:0.000:0.800|-0.799:0.000:0.035|0.000:0.000:-0.800|0.000:0.000:-0.800","-10.500:0.000:13.500|20.000:0.000:5.116","0.000:0.000:0.000|0.000:0.000:-1.300",False,False,Stopped,60.00,40.00,3.00,MultiAgentTraffic
14.4295,9,3,137,-5.4901,0.0500,9.9204,322.5127,0.0000,0.0000,-24.0000,0.0000,15.0000,19.1943,7,"","","10.500:0.000:13.500|-4.200:0.000:-1.966|12.477:0.000:-14.499|4.200:0.000:1.966|8.400:0.000:-1.534","0.000:0.000:0.000|0.000:0.000:0.800|-0.799:0.000:0.035|0.000:0.000:-0.800|0.000:0.000:-0.800","-10.500:0.000:13.500|20.000:0.000:4.979","0.000:0.000:0.000|0.000:0.000:-1.300",False,False,Stopped,60.00,40.00,3.00,MultiAgentTraffic
14.5356,9,3,138,-5.4901,0.0500,9.9204,322.5127,0.0000,0.0000,-24.0000,0.0000,15.0000,19.1943,7,"","","10.500:0.000:13.500|-4.200:0.000:-1.881|12.392:0.000:-14.495|4.200:0.000:1.881|8.400:0.000:-1.619","0.000:0.000:0.000|0.000:0.000:0.800|-0.799:0.000:0.035|0.000:0.000:-0.800|0.000:0.000:-0.800","-10.500:0.000:13.500|20.000:0.000:4.841","0.000:0.000:0.000|0.000:0.000:-1.300",False,False,Stopped,60.00,40.00,3.00,MultiAgentTraffic
14.6434,9,3,139,-5.4901,0.0500,9.9204,322.5127,0.0000,0.0000,-24.0000,0.0000,15.0000,19.1943,7,"","","10.500:0.000:13.500|-4.200:0.000:-1.795|12.306:0.000:-14.492|4.200:0.000:1.795|8.400:0.000:-1.705","0.000:0.000:0.000|0.000:0.000:0.800|-0.799:0.000:0.035|0.000:0.000:-0.800|0.000:0.000:-0.800","-10.500:0.000:13.500|20.000:0.000:4.700","0.000:0.000:0.000|0.000:0.000:-1.300",False,False,Stopped,60.00,40.00,3.00,MultiAgentTraffic
14.7497,9,3,140,-5.4901,0.0500,9.9204,322.5127,0.0000,0.0000,-24.0000,0.0000,15.0000,19.1943,7,"","","10.500:0.000:13.500|-4.200:0.000:-1.710|12.221:0.000:-14.488|4.200:0.000:1.710|8.400:0.000:-1.790","0.000:0.000:0.000|0.000:0.000:0.800|-0.799:0.000:0.035|0.000:0.000:-0.800|0.000:0.000:-0.800","-10.500:0.000:13.500|20.000:0.000:4.562","0.000:0.000:0.000|0.000:0.000:-1.300",False,False,Stopped,60.00,40.00,3.00,MultiAgentTraffic
14.8547,9,3,141,-5.4901,0.0500,9.9204,322.5127,0.0000,0.0000,-24.0000,0.0000,15.0000,19.1943,7,"","","10.500:0.000:13.500|-4.200:0.000:-1.626|12.137:0.000:-14.484|4.200:0.000:1.626|8.400:0.000:-1.874","0.000:0.000:0.000|0.000:0.000:0.800|-0.799:0.000:0.035|0.000:0.000:-0.800|0.000:0.000:-0.800","-10.500:0.000:13.500|20.000:0.000:4.426","0.000:0.000:0.000|0.000:0.000:-1.300",False,False,Stopped,60.00,40.00,3.00,MultiAgentTraffic
14.9644,9,3,142,-5.4901,0.0500,9.9204,322.5127,0.0000,0.0000,-24.0000,0.0000,15.0000,19.1943,7,"","","10.500:0.000:13.500|-4.200:0.000:-1.538|12.049:0.000:-14.480|4.200:0.000:1.538|8.400:0.000:-1.962","0.000:0.000:0.000|0.000:0.000:0.800|-0.799:0.000:0.035|0.000:0.000:-0.800|0.000:0.000:-0.800","-10.500:0.000:13.500|20.000:0.000:4.283","0.000:0.000:0.000|0.000:0.000:-1.300",False,False,Stopped,60.00,40.00,3.00,MultiAgentTraffic
15.0717,9,3,143,-5.4901,0.0500,9.9204,322.5127,0.0000,0.0000,-24.0000,0.0000,15.0000,19.1943,7,"","","10.500:0.000:13.500|-4.200:0.000:-1.452|11.964:0.000:-14.477|4.200:0.000:1.452|8.400:0.000:-2.048","0.000:0.000:0.000|0.000:0.000:0.800|-0.799:0.000:0.035|0.000:0.000:-0.800|0.000:0.000:-0.800","-10.500:0.000:13.500|20.000:0.000:4.144","0.000:0.000:0.000|0.000:0.000:-1.300",False,False,Stopped,60.00,40.00,3.00,MultiAgentTraffic
15.1807,9,3,144,-5.4901,0.0500,9.9204,322.5127,0.0000,0.0000,-24.0000,0.0000,15.0000,19.1943,7,"","","10.500:0.000:13.500|-4.200:0.000:-1.365|11.876:0.000:-14.473|4.200:0.000:1.365|8.400:0.000:-2.135","0.000:0.000:0.000|0.000:0.000:0.800|-0.799:0.000:0.035|0.000:0.000:-0.800|0.000:0.000:-0.800","-10.500:0.000:13.500|20.000:0.000:4.002","0.000:0.000:0.000|0.000:0.000:-1.300",False,False,Stopped,60.00,40.00,3.00,MultiAgentTraffic
15.2859,9,3,145,-5.4901,0.0500,9.9204,322.5127,0.0000,0.0000,-24.0000,0.0000,15.0000,19.1943,7,"","","10.500:0.000:13.500|-4.200:0.000:-1.281|11.792:0.000:-14.469|4.200:0.000:1.281|8.400:0.000:-2.219","0.000:0.000:0.000|0.000:0.000:0.800|-0.799:0.000:0.035|0.000:0.000:-0.800|0.000:0.000:-0.800","-10.500:0.000:13.500|20.000:0.000:3.865","0.000:0.000:0.000|0.000:0.000:-1.300",False,False,Stopped,60.00,40.00,3.00,MultiAgentTraffic
15.3908,9,3,146,-5.4901,0.0500,9.9204,322.5127,0.0000,0.0000,-24.0000,0.0000,15.0000,19.1943,7,"","","10.500:0.000:13.500|-4.200:0.000:-1.197|11.709:0.000:-14.466|4.200:0.000:1.197|8.400:0.000:-2.303","0.000:0.000:0.000|0.000:0.000:0.800|-0.799:0.000:0.035|0.000:0.000:-0.800|0.000:0.000:-0.800","-10.500:0.000:13.500|20.000:0.000:3.729","0.000:0.000:0.000|0.000:0.000:-1.300",False,False,Stopped,60.00,40.00,3.00,MultiAgentTraffic
15.4963,9,3,147,-5.4901,0.0500,9.9204,322.5127,0.0000,0.0000,-24.0000,0.0000,15.0000,19.1943,7,"","","10.500:0.000:13.500|-4.200:0.000:-1.112|11.640:0.000:-14.497|4.200:0.000:1.112|8.400:0.000:-2.388","0.000:0.000:0.000|0.000:0.000:0.800|-0.488:0.000:-0.634|0.000:0.000:-0.800|0.000:0.000:-0.800","-10.500:0.000:13.500|20.000:0.000:3.592","0.000:0.000:0.000|0.000:0.000:-1.300",False,False,Stopped,60.00,40.00,3.00,MultiAgentTraffic
15.6026,9,3,148,-5.4901,0.0500,9.9204,322.5127,0.0000,0.0000,-24.0000,0.0000,15.0000,19.1943,7,"","","10.500:0.000:13.500|-4.200:0.000:-1.027|11.588:0.000:-14.564|4.200:0.000:1.027|8.400:0.000:-2.473","0.000:0.000:0.000|0.000:0.000:0.800|-0.490:0.000:-0.633|0.000:0.000:-0.800|0.000:0.000:-0.800","-10.500:0.000:13.500|20.000:0.000:3.454","0.000:0.000:0.000|0.000:0.000:-1.300",False,False,Stopped,60.00,40.00,3.00,MultiAgentTraffic
15.7090,9,3,149,-5.4901,0.0500,9.9204,322.5127,0.0000,0.0000,-24.0000,0.0000,15.0000,19.1943,7,"","","10.500:0.000:13.500|-4.200:0.000:-0.942|11.539:0.000:-14.580|4.200:0.000:0.942|8.400:0.000:-2.558","0.000:0.000:0.000|0.000:0.000:0.800|-0.426:0.000:0.677|0.000:0.000:-0.800|0.000:0.000:-0.800","-10.500:0.000:13.500|20.000:0.000:3.315","0.000:0.000:0.000|0.000:0.000:-1.300",False,False,Stopped,60.00,40.00,3.00,MultiAgentTraffic
15.8122,9,3,150,-5.4901,0.0500,9.9204,322.5127,0.0000,0.0000,-24.0000,0.0000,15.0000,19.1943,7,"","","10.500:0.000:13.500|-4.200:0.000:-0.860|11.530:0.000:-14.567|4.200:0.000:0.860|8.400:0.000:-2.640","0.000:0.000:0.000|0.000:0.000:0.800|0.000:0.000:0.000|0.000:0.000:-0.800|0.000:0.000:-0.800","-10.500:0.000:13.500|20.000:0.000:3.181","0.000:0.000:0.000|0.000:0.000:-1.300",False,False,Stopped,60.00,40.00,3.00,MultiAgentTraffic
15.9214,9,3,151,-5.4901,0.0500,9.9204,322.5127,0.0000,0.0000,-24.0000,0.0000,15.0000,19.1943,7,"","","10.500:0.000:13.500|-4.200:0.000:-0.772|11.530:0.000:-14.567|4.200:0.000:0.772|8.400:0.000:-2.728","0.000:0.000:0.000|0.000:0.000:0.800|0.000:0.000:0.000|0.000:0.000:-0.800|0.000:0.000:-0.800","-10.500:0.000:13.500|20.000:0.000:3.039","0.000:0.000:0.000|0.000:0.000:-1.300",False,False,Stopped,60.00,40.00,3.00,MultiAgentTraffic
16.0284,9,3,152,-5.4901,0.0500,9.9204,322.5127,0.0000,0.0000,-24.0000,0.0000,15.0000,19.1943,7,"","","10.500:0.000:13.500|-4.200:0.000:-0.687|11.530:0.000:-14.567|4.200:0.000:0.687|8.400:0.000:-2.813","0.000:0.000:0.000|0.000:0.000:0.800|0.000:0.000:0.000|0.000:0.000:-0.800|0.000:0.000:-0.800","-10.500:0.000:13.500|20.000:0.000:2.900","0.000:0.000:0.000|0.000:0.000:-1.300",False,False,Stopped,60.00,40.00,3.00,MultiAgentTraffic
16.1393,9,3,153,-5.4901,0.0500,9.9204,322.5127,0.0000,0.0000,-24.0000,0.0000,15.0000,19.1943,7,"","","10.500:0.000:13.500|-4.200:0.000:-0.598|11.530:0.000:-14.567|4.200:0.000:0.598|8.400:0.000:-2.902","0.000:0.000:0.000|0.000:0.000:0.800|0.000:0.000:0.000|0.000:0.000:-0.800|0.000:0.000:-0.800","-10.500:0.000:13.500|20.000:0.000:2.756","0.000:0.000:0.000|0.000:0.000:-1.300",False,False,Stopped,60.00,40.00,3.00,MultiAgentTraffic
16.2457,9,3,154,-5.4901,0.0500,9.9204,322.5127,0.0000,0.0000,-24.0000,0.0000,15.0000,19.1943,7,"","","10.500:0.000:13.500|-4.200:0.000:-0.513|11.530:0.000:-14.567|4.200:0.000:0.513|8.400:0.000:-2.987","0.000:0.000:0.000|0.000:0.000:0.800|0.000:0.000:0.000|0.000:0.000:-0.800|0.000:0.000:-0.800","-10.500:0.000:13.500|20.000:0.000:2.617","0.000:0.000:0.000|0.000:0.000:-1.300",False,False,Stopped,60.00,40.00,3.00,MultiAgentTraffic
16.3520,9,3,155,-5.4901,0.0500,9.9204,322.5127,0.0000,0.0000,-24.0000,0.0000,15.0000,19.1943,7,"","","10.500:0.000:13.500|-4.200:0.000:-0.428|11.530:0.000:-14.567|4.200:0.000:0.428|8.400:0.000:-3.072","0.000:0.000:0.000|0.000:0.000:0.800|0.000:0.000:0.000|0.000:0.000:-0.800|0.000:0.000:-0.800","-10.500:0.000:13.500|20.000:0.000:2.479","0.000:0.000:0.000|0.000:0.000:-1.300",False,False,Stopped,60.00,40.00,3.00,MultiAgentTraffic
16.4569,9,3,156,-5.4901,0.0500,9.9204,322.5127,0.0000,0.0000,-24.0000,0.0000,15.0000,19.1943,7,"","","10.500:0.000:13.500|-4.200:0.000:-0.344|11.530:0.000:-14.567|4.200:0.000:0.344|8.400:0.000:-3.156","0.000:0.000:0.000|0.000:0.000:0.800|0.000:0.000:0.000|0.000:0.000:-0.800|0.000:0.000:-0.800","-10.500:0.000:13.500|20.000:0.000:2.343","0.000:0.000:0.000|0.000:0.000:-1.300",False,False,Stopped,60.00,40.00,3.00,MultiAgentTraffic
16.5668,9,3,157,-5.4901,0.0500,9.9204,322.5127,0.0000,0.0000,-24.0000,0.0000,15.0000,19.1943,7,"","","10.500:0.000:13.500|-4.200:0.000:-0.256|11.530:0.000:-14.567|4.200:0.000:0.256|8.400:0.000:-3.244","0.000:0.000:0.000|0.000:0.000:0.800|0.000:0.000:0.000|0.000:0.000:-0.800|0.000:0.000:-0.800","-10.500:0.000:13.500|20.000:0.000:2.200","0.000:0.000:0.000|0.000:0.000:-1.300",False,False,Stopped,60.00,40.00,3.00,MultiAgentTraffic
16.6674,9,3,158,-5.4901,0.0500,9.9204,322.5127,0.0000,0.0000,-24.0000,0.0000,15.0000,19.1943,7,"","","10.500:0.000:13.500|-4.200:0.000:-0.176|11.530:0.000:-14.567|4.200:0.000:0.176|8.400:0.000:-3.324","0.000:0.000:0.000|0.000:0.000:0.800|0.000:0.000:0.000|0.000:0.000:-0.800|0.000:0.000:-0.800","-10.500:0.000:13.500|20.000:0.000:2.069","0.000:0.000:0.000|0.000:0.000:-1.300",False,False,Stopped,60.00,40.00,3.00,MultiAgentTraffic
16.7712,9,3,159,-5.4901,0.0500,9.9204,322.5127,0.0000,0.0000,-24.0000,0.0000,15.0000,19.1943,7,"","","10.500:0.000:13.500|-4.200:0.000:-0.093|11.530:0.000:-14.567|4.200:0.000:0.093|8.400:0.000:-3.407","0.000:0.000:0.000|0.000:0.000:0.800|0.000:0.000:0.000|0.000:0.000:-0.800|0.000:0.000:-0.800","-10.500:0.000:13.500|20.000:0.000:1.934","0.000:0.000:0.000|0.000:0.000:-1.300",False,False,Stopped,60.00,40.00,3.00,MultiAgentTraffic
16.8851,9,3,160,-5.4901,0.0500,9.9204,322.5127,0.0000,0.0000,-24.0000,0.0000,15.0000,19.1943,7,"","","10.500:0.000:13.500|-4.200:0.000:-0.001|11.530:0.000:-14.567|4.200:0.000:0.001|8.400:0.000:-3.499","0.000:0.000:0.000|0.000:0.000:0.800|0.000:0.000:0.000|0.000:0.000:-0.800|0.000:0.000:-0.800","-10.500:0.000:13.500|20.000:0.000:1.786","0.000:0.000:0.000|0.000:0.000:-1.300",False,False,Stopped,60.00,40.00,3.00,MultiAgentTraffic
16.9945,9,3,161,-5.4901,0.0500,9.9204,322.5127,0.0000,0.0000,-24.0000,0.0000,15.0000,19.1943,7,"","","10.500:0.000:13.500|-4.200:0.000:0.086|11.530:0.000:-14.567|4.200:0.000:-0.086|8.400:0.000:-3.586","0.000:0.000:0.000|0.000:0.000:0.800|0.000:0.000:0.000|0.000:0.000:-0.800|0.000:0.000:-0.800","-10.500:0.000:13.500|20.000:0.000:1.644","0.000:0.000:0.000|0.000:0.000:-1.300",False,False,Stopped,60.00,40.00,3.00,MultiAgentTraffic
17.1007,9,3,162,-5.4901,0.0500,9.9204,322.5127,0.0000,0.0000,-24.0000,0.0000,15.0000,19.1943,7,"","","10.500:0.000:13.500|-4.200:0.000:0.171|11.530:0.000:-14.567|4.200:0.000:-0.171|8.400:0.000:-3.671","0.000:0.000:0.000|0.000:0.000:0.800|0.000:0.000:0.000|0.000:0.000:-0.800|0.000:0.000:-0.800","-10.500:0.000:13.500|20.000:0.000:1.506","0.000:0.000:0.000|0.000:0.000:-1.300",False,False,Stopped,60.00,40.00,3.00,MultiAgentTraffic
17.2080,9,3,163,-5.4901,0.0500,9.9204,322.5127,0.0000,0.0000,-24.0000,0.0000,15.0000,19.1943,7,"","","10.500:0.000:13.500|-4.200:0.000:0.257|11.530:0.000:-14.567|4.200:0.000:-0.257|8.400:0.000:-3.757","0.000:0.000:0.000|0.000:0.000:0.800|0.000:0.000:0.000|0.000:0.000:-0.800|0.000:0.000:-0.800","-10.500:0.000:13.500|20.000:0.000:1.367","0.000:0.000:0.000|0.000:0.000:-1.300",False,False,Stopped,60.00,40.00,3.00,MultiAgentTraffic
17.3103,9,3,164,-5.4901,0.0500,9.9204,322.5127,0.0000,0.0000,-24.0000,0.0000,15.0000,19.1943,7,"","","10.500:0.000:13.500|-4.200:0.000:0.339|11.530:0.000:-14.567|4.200:0.000:-0.339|8.400:0.000:-3.839","0.000:0.000:0.000|0.000:0.000:0.800|0.000:0.000:0.000|0.000:0.000:-0.800|0.000:0.000:-0.800","-10.500:0.000:13.500|20.000:0.000:1.234","0.000:0.000:0.000|0.000:0.000:-1.300",False,False,Stopped,60.00,40.00,3.00,MultiAgentTraffic
17.4104,9,3,165,-5.4901,0.0500,9.9204,322.5127,0.0000,0.0000,-24.0000,0.0000,15.0000,19.1943,7,"","","10.500:0.000:13.500|-4.200:0.000:0.419|11.530:0.000:-14.567|4.200:0.000:-0.419|8.400:0.000:-3.919","0.000:0.000:0.000|0.000:0.000:0.800|0.000:0.000:0.000|0.000:0.000:-0.800|0.000:0.000:-0.800","-10.500:0.000:13.500|20.000:0.000:1.103","0.000:0.000:0.000|0.000:0.000:-1.300",False,False,Stopped,60.00,40.00,3.00,MultiAgentTraffic
17.5143,9,3,166,-5.4901,0.0500,9.9204,322.5127,0.0000,0.0000,-24.0000,0.0000,15.0000,19.1943,7,"","","10.500:0.000:13.500|-4.200:0.000:0.502|11.530:0.000:-14.567|4.200:0.000:-0.502|8.400:0.000:-4.002","0.000:0.000:0.000|0.000:0.000:0.800|0.000:0.000:0.000|0.000:0.000:-0.800|0.000:0.000:-0.800","-10.500:0.000:13.500|20.000:0.000:0.968","0.000:0.000:0.000|0.000:0.000:-1.300",False,False,Stopped,60.00,40.00,3.00,MultiAgentTraffic
17.6146,9,3,167,-5.4901,0.0500,9.9204,322.5127,0.0000,0.0000,-24.0000,0.0000,15.0000,19.1943,7,"","","10.500:0.000:13.500|-4.200:0.000:0.582|11.530:0.000:-14.567|4.200:0.000:-0.582|8.400:0.000:-4.082","0.000:0.000:0.000|0.000:0.000:0.800|0.000:0.000:0.000|0.000:0.000:-0.800|0.000:0.000:-0.800","-10.500:0.000:13.500|20.000:0.000:0.838","0.000:0.000:0.000|0.000:0.000:-1.300",False,False,Stopped,60.00,40.00,3.00,MultiAgentTraffic
17.7149,9,3,168,-5.4901,0.0500,9.9204,322.5127,0.0000,0.0000,-24.0000,0.0000,15.0000,19.1943,7,"","","10.500:0.000:13.500|-4.200:0.000:0.662|11.530:0.000:-14.567|4.200:0.000:-0.662|8.400:0.000:-4.162","0.000:0.000:0.000|0.000:0.000:0.800|0.000:0.000:0.000|0.000:0.000:-0.800|0.000:0.000:-0.800","-10.500:0.000:13.500|20.000:0.000:0.708","0.000:0.000:0.000|0.000:0.000:-1.300",False,False,Stopped,60.00,40.00,3.00,MultiAgentTraffic
17.8156,9,3,169,-5.4901,0.0500,9.9204,322.5127,0.0000,0.0000,-24.0000,0.0000,15.0000,19.1943,7,"","","10.500:0.000:13.500|-4.200:0.000:0.743|11.530:0.000:-14.567|4.200:0.000:-0.743|8.400:0.000:-4.243","0.000:0.000:0.000|0.000:0.000:0.800|0.000:0.000:0.000|0.000:0.000:-0.800|0.000:0.000:-0.800","-10.500:0.000:13.500|20.000:0.000:0.577","0.000:0.000:0.000|0.000:0.000:-1.300",False,False,Stopped,60.00,40.00,3.00,MultiAgentTraffic
17.9201,9,3,170,-5.4901,0.0500,9.9204,322.5127,0.0000,0.0000,-24.0000,0.0000,15.0000,19.1943,7,"","","10.500:0.000:13.500|-4.200:0.000:0.827|11.530:0.000:-14.567|4.200:0.000:-0.827|8.400:0.000:-4.327","0.000:0.000:0.000|0.000:0.000:0.800|0.000:0.000:0.000|0.000:0.000:-0.800|0.000:0.000:-0.800","-10.500:0.000:13.500|20.000:0.000:0.441","0.000:0.000:0.000|0.000:0.000:-1.300",False,False,Stopped,60.00,40.00,3.00,MultiAgentTraffic
18.0256,9,3,171,-5.4901,0.0500,9.9204,322.5127,0.0000,0.0000,-24.0000,0.0000,15.0000,19.1943,7,"","","10.500:0.000:13.500|-4.200:0.000:0.911|11.530:0.000:-14.567|4.200:0.000:-0.911|8.400:0.000:-4.301","0.000:0.000:0.000|0.000:0.000:0.800|0.000:0.000:0.000|0.000:0.000:-0.800|0.000:0.000:0.800","-10.500:0.000:13.500|20.000:0.000:0.304","0.000:0.000:0.000|0.000:0.000:-1.300",False,False,Stopped,60.00,40.00,3.00,MultiAgentTraffic
18.1313,9,3,172,-5.4901,0.0500,9.9204,322.5127,0.0000,0.0000,-24.0000,0.0000,15.0000,19.1943,7,"","","10.500:0.000:13.500|-4.200:0.000:0.996|11.530:0.000:-14.567|4.200:0.000:-0.996|8.400:0.000:-4.216","0.000:0.000:0.000|0.000:0.000:0.800|0.000:0.000:0.000|0.000:0.000:-0.800|0.000:0.000:0.800","-10.500:0.000:13.500|20.000:0.000:0.166","0.000:0.000:0.000|0.000:0.000:-1.300",False,False,Stopped,60.00,40.00,3.00,MultiAgentTraffic
18.2362,9,3,173,-5.4901,0.0500,9.9204,322.5127,0.0000,0.0000,-24.0000,0.0000,15.0000,19.1943,7,"","","10.500:0.000:13.500|-4.200:0.000:1.079|11.530:0.000:-14.567|4.200:0.000:-1.079|8.400:0.000:-4.133","0.000:0.000:0.000|0.000:0.000:0.800|0.000:0.000:0.000|0.000:0.000:-0.800|0.000:0.000:0.800","-10.500:0.000:13.500|20.000:0.000:0.030","0.000:0.000:0.000|0.000:0.000:-1.300",False,False,Stopped,60.00,40.00,3.00,MultiAgentTraffic
18.3410,9,3,174,-5.4901,0.0500,9.9204,322.5127,0.0000,0.0000,-24.0000,0.0000,15.0000,19.1943,7,"","","10.500:0.000:13.500|-4.200:0.000:1.163|11.530:0.000:-14.567|4.200:0.000:-1.163|8.400:0.000:-4.049","0.000:0.000:0.000|0.000:0.000:0.800|0.000:0.000:0.000|0.000:0.000:-0.800|0.000:0.000:0.800","-10.500:0.000:13.500|20.000:0.000:-0.106","0.000:0.000:0.000|0.000:0.000:-1.300",False,False,Stopped,60.00,40.00,3.00,MultiAgentTraffic
18.4439,9,3,175,-5.4901,0.0500,9.9204,322.5127,0.0000,0.0000,-24.0000,0.0000,15.0000,19.1943,7,"","","10.500:0.000:13.500|-4.200:0.000:1.246|11.530:0.000:-14.567|4.200:0.000:-1.246|8.400:0.000:-3.966","0.000:0.000:0.000|0.000:0.000:0.800|0.000:0.000:0.000|0.000:0.000:-0.800|0.000:0.000:0.800","-10.500:0.000:13.500|20.000:0.000:-0.240","0.000:0.000:0.000|0.000:0.000:-1.300",False,False,Stopped,60.00,40.00,3.00,MultiAgentTraffic
18.5507,9,3,176,-5.4901,0.0500,9.9204,322.5127,0.0000,0.0000,-24.0000,0.0000,15.0000,19.1943,7,"","","10.500:0.000:13.500|-4.200:0.000:1.331|11.530:0.000:-14.567|4.200:0.000:-1.331|8.400:0.000:-3.881","0.000:0.000:0.000|0.000:0.000:0.800|0.000:0.000:0.000|0.000:0.000:-0.800|0.000:0.000:0.800","-10.500:0.000:13.500|20.000:0.000:-0.379","0.000:0.000:0.000|0.000:0.000:-1.300",False,False,Stopped,60.00,40.00,3.00,MultiAgentTraffic
18.6555,9,3,177,-5.4901,0.0500,9.9204,322.5127,0.0000,0.0000,-24.0000,0.0000,15.0000,19.1943,7,"","","10.500:0.000:13.500|-4.200:0.000:1.415|11.530:0.000:-14.567|4.200:0.000:-1.415|8.400:0.000:-3.797","0.000:0.000:0.000|0.000:0.000:0.800|0.000:0.000:0.000|0.000:0.000:-0.800|0.000:0.000:0.800","-10.500:0.000:13.500|20.000:0.000:-0.515","0.000:0.000:0.000|0.000:0.000:-1.300",False,False,Stopped,60.00,40.00,3.00,MultiAgentTraffic
18.7564,9,3,178,-5.4901,0.0500,9.9204,322.5127,0.0000,0.0000,-24.0000,0.0000,15.0000,19.1943,7,"","","10.500:0.000:13.500|-4.200:0.000:1.496|11.530:0.000:-14.567|4.200:0.000:-1.496|8.400:0.000:-3.716","0.000:0.000:0.000|0.000:0.000:0.800|0.000:0.000:0.000|0.000:0.000:-0.800|0.000:0.000:0.800","-10.500:0.000:13.500|20.000:0.000:-0.646","0.000:0.000:0.000|0.000:0.000:-1.300",False,False,Stopped,60.00,40.00,3.00,MultiAgentTraffic
18.8568,9,3,179,-5.4901,0.0500,9.9204,322.5127,0.0000,0.0000,-24.0000,0.0000,15.0000,19.1943,7,"","","10.500:0.000:13.500|-4.200:0.000:1.576|11.530:0.000:-14.567|4.200:0.000:-1.576|8.400:0.000:-3.636","0.000:0.000:0.000|0.000:0.000:0.800|0.000:0.000:0.000|0.000:0.000:-0.800|0.000:0.000:0.800","-10.500:0.000:13.500|20.000:0.000:-0.777","0.000:0.000:0.000|0.000:0.000:-1.300",False,False,Stopped,60.00,40.00,3.00,MultiAgentTraffic
18.9603,9,3,180,-5.4901,0.0500,9.9204,322.5127,0.0000,0.0000,-24.0000,0.0000,15.0000,19.1943,7,"","","10.500:0.000:13.500|-4.200:0.000:1.659|11.530:0.000:-14.567|4.200:0.000:-1.659|8.400:0.000:-3.553","0.000:0.000:0.000|0.000:0.000:0.800|0.000:0.000:0.000|0.000:0.000:-0.800|0.000:0.000:0.800","-10.500:0.000:13.500|20.000:0.000:-0.911","0.000:0.000:0.000|0.000:0.000:-1.300",False,False,Stopped,60.00,40.00,3.00,MultiAgentTraffic
19.0662,9,3,181,-5.4901,0.0500,9.9204,322.5127,0.0000,0.0000,-24.0000,0.0000,15.0000,19.1943,7,"","","10.500:0.000:13.500|-4.200:0.000:1.743|11.530:0.000:-14.567|4.200:0.000:-1.743|8.400:0.000:-3.469","0.000:0.000:0.000|0.000:0.000:0.800|0.000:0.000:0.000|0.000:0.000:-0.800|0.000:0.000:0.800","-10.500:0.000:13.500|20.000:0.000:-1.049","0.000:0.000:0.000|0.000:0.000:-1.300",False,False,Stopped,60.00,40.00,3.00,MultiAgentTraffic
19.1758,9,3,182,-5.4901,0.0500,9.9204,322.5127,0.0000,0.0000,-24.0000,0.0000,15.0000,19.1943,7,"","","10.500:0.000:13.500|-4.200:0.000:1.831|11.530:0.000:-14.567|4.200:0.000:-1.831|8.400:0.000:-3.381","0.000:0.000:0.000|0.000:0.000:0.800|0.000:0.000:0.000|0.000:0.000:-0.800|0.000:0.000:0.800","-10.500:0.000:13.500|20.000:0.000:-1.192","0.000:0.000:0.000|0.000:0.000:-1.300",False,False,Stopped,60.00,40.00,3.00,MultiAgentTraffic
19.2785,9,3,183,-5.4901,0.0500,9.9204,322.5127,0.0000,0.0000,-24.0000,0.0000,15.0000,19.1943,7,"","","10.500:0.000:13.500|-4.200:0.000:1.913|11.530:0.000:-14.567|4.200:0.000:-1.913|8.400:0.000:-3.299","0.000:0.000:0.000|0.000:0.000:0.800|0.000:0.000:0.000|0.000:0.000:-0.800|0.000:0.000:0.800","-10.500:0.000:13.500|20.000:0.000:-1.325","0.000:0.000:0.000|0.000:0.000:-1.300",False,False,Stopped,60.00,40.00,3.00,MultiAgentTraffic
19.3787,9,3,184,-5.4901,0.0500,9.9204,322.5127,0.0000,0.0000,-24.0000,0.0000,15.0000,19.1943,7,"","","10.500:0.000:13.500|-4.200:0.000:1.993|11.530:0.000:-14.567|4.200:0.000:-1.993|8.400:0.000:-3.219","0.000:0.000:0.000|0.000:0.000:0.800|0.000:0.000:0.000|0.000:0.000:-0.800|0.000:0.000:0.800","-10.500:0.000:13.500|20.000:0.000:-1.455","0.000:0.000:0.000|0.000:0.000:-1.300",False,False,Stopped,60.00,40.00,3.00,MultiAgentTraffic
19.4803,9,3,185,-5.4901,0.0500,9.9204,322.5127,0.0000,0.0000,-24.0000,0.0000,15.0000,19.1943,7,"","","10.500:0.000:13.500|-4.200:0.000:2.075|11.530:0.000:-14.567|4.200:0.000:-2.075|8.400:0.000:-3.137","0.000:0.000:0.000|0.000:0.000:0.800|0.000:0.000:0.000|0.000:0.000:-0.800|0.000:0.000:0.800","-10.500:0.000:13.500|20.000:0.000:-1.587","0.000:0.000:0.000|0.000:0.000:-1.300",False,False,Stopped,60.00,40.00,3.00,MultiAgentTraffic
19.5816,9,3,186,-5.4901,0.0500,9.9204,322.5127,0.0000,0.0000,-24.0000,0.0000,15.0000,19.1943,7,"","","10.500:0.000:13.500|-4.200:0.000:2.156|11.530:0.000:-14.567|4.200:0.000:-2.156|8.400:0.000:-3.056","0.000:0.000:0.000|0.000:0.000:0.800|0.000:0.000:0.000|0.000:0.000:-0.800|0.000:0.000:0.800","-10.500:0.000:13.500|20.000:0.000:-1.719","0.000:0.000:0.000|0.000:0.000:-1.300",False,False,Stopped,60.00,40.00,3.00,MultiAgentTraffic
19.6832,9,3,187,-5.4901,0.0500,9.9204,322.5127,0.0000,0.0000,-24.0000,0.0000,15.0000,19.1943,7,"","","10.500:0.000:13.500|-4.200:0.000:2.237|11.530:0.000:-14.567|4.200:0.000:-2.237|8.400:0.000:-2.975","0.000:0.000:0.000|0.000:0.000:0.800|0.000:0.000:0.000|0.000:0.000:-0.800|0.000:0.000:0.800","-10.500:0.000:13.500|20.000:0.000:-1.851","0.000:0.000:0.000|0.000:0.000:-1.300",False,False,Stopped,60.00,40.00,3.00,MultiAgentTraffic
19.7839,9,3,188,-5.4901,0.0500,9.9204,322.5127,0.0000,0.0000,-24.0000,0.0000,15.0000,19.1943,7,"","","10.500:0.000:13.500|-4.200:0.000:2.318|11.530:0.000:-14.567|4.200:0.000:-2.318|8.400:0.000:-2.894","0.000:0.000:0.000|0.000:0.000:0.800|0.000:0.000:0.000|0.000:0.000:-0.800|0.000:0.000:0.800","-10.500:0.000:13.500|20.000:0.000:-1.982","0.000:0.000:0.000|0.000:0.000:-1.300",False,False,Stopped,60.00,40.00,3.00,MultiAgentTraffic
19.8940,9,3,189,-5.4901,0.0500,9.9204,322.5127,0.0000,0.0000,-24.0000,0.0000,15.0000,19.1943,7,"","","10.500:0.000:13.500|-4.200:0.000:2.406|11.530:0.000:-14.567|4.200:0.000:-2.406|8.400:0.000:-2.806","0.000:0.000:0.000|0.000:0.000:0.800|0.000:0.000:0.000|0.000:0.000:-0.800|0.000:0.000:0.800","-10.500:0.000:13.500|20.000:0.000:-2.125","0.000:0.000:0.000|0.000:0.000:-1.300",False,False,Stopped,60.00,40.00,3.00,MultiAgentTraffic
19.9946,9,3,190,-5.4901,0.0500,9.9204,322.5127,0.0000,0.0000,-24.0000,0.0000,15.0000,19.1943,7,"","","10.500:0.000:13.500|-4.200:0.000:2.486|11.530:0.000:-14.567|4.200:0.000:-2.486|8.400:0.000:-2.726","0.000:0.000:0.000|0.000:0.000:0.800|0.000:0.000:0.000|0.000:0.000:-0.800|0.000:0.000:0.800","-10.500:0.000:13.500|20.000:0.000:-2.256","0.000:0.000:0.000|0.000:0.000:-1.300",False,False,Stopped,60.00,40.00,3.00,MultiAgentTraffic
20.0957,9,3,191,-5.4901,0.0500,9.9204,322.5127,0.0000,0.0000,-24.0000,0.0000,15.0000,19.1943,7,"","","10.500:0.000:13.500|-4.200:0.000:2.567|11.530:0.000:-14.567|4.200:0.000:-2.567|8.400:0.000:-2.645","0.000:0.000:0.000|0.000:0.000:0.800|0.000:0.000:0.000|0.000:0.000:-0.800|0.000:0.000:0.800","-10.500:0.000:13.500|20.000:0.000:-2.387","0.000:0.000:0.000|0.000:0.000:-1.300",False,False,Stopped,60.00,40.00,3.00,MultiAgentTraffic
20.1971,9,3,192,-5.4901,0.0500,9.9204,322.5127,0.0000,0.0000,-24.0000,0.0000,15.0000,19.1943,7,"","","10.500:0.000:13.500|-4.200:0.000:2.648|11.530:0.000:-14.567|4.200:0.000:-2.648|8.400:0.000:-2.564","0.000:0.000:0.000|0.000:0.000:0.800|0.000:0.000:0.000|0.000:0.000:-0.800|0.000:0.000:0.800","-10.500:0.000:13.500|20.000:0.000:-2.519","0.000:0.000:0.000|0.000:0.000:-1.300",False,False,Stopped,60.00,40.00,3.00,MultiAgentTraffic
20.3062,9,3,193,-5.4901,0.0500,9.9204,322.5127,0.0000,0.0000,-24.0000,0.0000,15.0000,19.1943,7,"","","10.500:0.000:13.500|-4.200:0.000:2.735|11.530:0.000:-14.567|4.200:0.000:-2.735|8.400:0.000:-2.477","0.000:0.000:0.000|0.000:0.000:0.800|0.000:0.000:0.000|0.000:0.000:-0.800|0.000:0.000:0.800","-10.500:0.000:13.500|20.000:0.000:-2.661","0.000:0.000:0.000|0.000:0.000:-1.300",False,False,Stopped,60.00,40.00,3.00,MultiAgentTraffic
20.4081,9,3,194,-5.4901,0.0500,9.9204,322.5127,0.0000,0.0000,-24.0000,0.0000,15.0000,19.1943,7,"","","10.500:0.000:13.500|-4.200:0.000:2.817|11.530:0.000:-14.567|4.200:0.000:-2.817|8.400:0.000:-2.395","0.000:0.000:0.000|0.000:0.000:0.800|0.000:0.000:0.000|0.000:0.000:-0.800|0.000:0.000:0.800","-10.500:0.000:13.500|20.000:0.000:-2.794","0.000:0.000:0.000|0.000:0.000:-1.300",False,False,Stopped,60.00,40.00,3.00,MultiAgentTraffic
20.5086,9,3,195,-5.4901,0.0500,9.9204,322.5127,0.0000,0.0000,-24.0000,0.0000,15.0000,19.1943,7,"","","10.500:0.000:13.500|-4.200:0.000:2.897|11.530:0.000:-14.567|4.200:0.000:-2.897|8.400:0.000:-2.315","0.000:0.000:0.000|0.000:0.000:0.800|0.000:0.000:0.000|0.000:0.000:-0.800|0.000:0.000:0.800","-10.500:0.000:13.500|20.000:0.000:-2.924","0.000:0.000:0.000|0.000:0.000:-1.300",False,False,Stopped,60.00,40.00,3.00,MultiAgentTraffic
20.6106,9,3,196,-5.4901,0.0500,9.9204,322.5127,0.0000,0.0000,-24.0000,0.0000,15.0000,19.1943,7,"","","10.500:0.000:13.500|-4.200:0.000:2.979|11.530:0.000:-14.567|4.200:0.000:-2.979|8.400:0.000:-2.233","0.000:0.000:0.000|0.000:0.000:0.800|0.000:0.000:0.000|0.000:0.000:-0.800|0.000:0.000:0.800","-10.500:0.000:13.500|20.000:0.000:-3.057","0.000:0.000:0.000|0.000:0.000:-1.300",False,False,Stopped,60.00,40.00,3.00,MultiAgentTraffic
20.7187,9,3,197,-5.4901,0.0500,9.9204,322.5127,0.0000,0.0000,-24.0000,0.0000,15.0000,19.1943,7,"","","10.500:0.000:13.500|-4.200:0.000:3.065|11.530:0.000:-14.567|4.200:0.000:-3.065|8.400:0.000:-2.147","0.000:0.000:0.000|0.000:0.000:0.800|0.000:0.000:0.000|0.000:0.000:-0.800|0.000:0.000:0.800","-10.500:0.000:13.500|20.000:0.000:-3.197","0.000:0.000:0.000|0.000:0.000:-1.300",False,False,Stopped,60.00,40.00,3.00,MultiAgentTraffic
20.8192,9,3,198,-5.4901,0.0500,9.9204,322.5127,0.0000,0.0000,-24.0000,0.0000,15.0000,19.1943,7,"","","10.500:0.000:13.500|-4.200:0.000:3.146|11.530:0.000:-14.567|4.200:0.000:-3.146|8.400:0.000:-2.066","0.000:0.000:0.000|0.000:0.000:0.800|0.000:0.000:0.000|0.000:0.000:-0.800|0.000:0.000:0.800","-10.500:0.000:13.500|20.000:0.000:-3.328","0.000:0.000:0.000|0.000:0.000:-1.300",False,False,Stopped,60.00,40.00,3.00,MultiAgentTraffic
20.9232,9,3,199,-5.4901,0.0500,9.9204,322.5127,0.0000,0.0000,-24.0000,0.0000,15.0000,19.1943,7,"","","10.500:0.000:13.500|-4.200:0.000:3.229|11.530:0.000:-14.567|4.200:0.000:-3.229|8.400:0.000:-1.983","0.000:0.000:0.000|0.000:0.000:0.800|0.000:0.000:0.000|0.000:0.000:-0.800|0.000:0.000:0.800","-10.500:0.000:13.500|20.000:0.000:-3.463","0.000:0.000:0.000|0.000:0.000:-1.300",False,False,Stopped,60.00,40.00,3.00,MultiAgentTraffic
21.0243,9,3,200,-5.4901,0.0500,9.9204,322.5127,0.0000,0.0000,-24.0000,0.0000,15.0000,19.1943,7,"","","10.500:0.000:13.500|-4.200:0.000:3.310|11.530:0.000:-14.567|4.200:0.000:-3.310|8.400:0.000:-1.902","0.000:0.000:0.000|0.000:0.000:0.800|0.000:0.000:0.000|0.000:0.000:-0.800|0.000:0.000:0.800","-10.500:0.000:13.500|20.000:0.000:-3.595","0.000:0.000:0.000|0.000:0.000:-1.300",False,False,Stopped,60.00,40.00,3.00,MultiAgentTraffic
21.1265,9,3,201,-5.4901,0.0500,9.9204,322.5127,0.0000,0.0000,-24.0000,0.0000,15.0000,19.1943,7,"","","10.500:0.000:13.500|-4.200:0.000:3.392|11.530:0.000:-14.567|4.200:0.000:-3.392|8.400:0.000:-1.820","0.000:0.000:0.000|0.000:0.000:0.800|0.000:0.000:0.000|0.000:0.000:-0.800|0.000:0.000:0.800","-10.500:0.000:13.500|20.000:0.000:-3.728","0.000:0.000:0.000|0.000:0.000:-1.300",False,False,Stopped,60.00,40.00,3.00,MultiAgentTraffic
21.2278,9,3,202,-5.4901,0.0500,9.9204,322.5127,0.0000,0.0000,-24.0000,0.0000,15.0000,19.1943,7,"","","10.500:0.000:13.500|-4.200:0.000:3.473|11.530:0.000:-14.567|4.200:0.000:-3.473|8.400:0.000:-1.739","0.000:0.000:0.000|0.000:0.000:0.800|0.000:0.000:0.000|0.000:0.000:-0.800|0.000:0.000:0.800","-10.500:0.000:13.500|20.000:0.000:-3.859","0.000:0.000:0.000|0.000:0.000:-1.300",False,False,Stopped,60.00,40.00,3.00,MultiAgentTraffic
21.3356,9,3,203,-5.4901,0.0500,9.9204,322.5127,0.0000,0.0000,-24.0000,0.0000,15.0000,19.1943,7,"","","10.500:0.000:13.500|-4.200:0.000:3.559|11.530:0.000:-14.567|4.200:0.000:-3.559|8.400:0.000:-1.653","0.000:0.000:0.000|0.000:0.000:0.800|0.000:0.000:0.000|0.000:0.000:-0.800|0.000:0.000:0.800","-10.500:0.000:13.500|20.000:0.000:-3.999","0.000:0.000:0.000|0.000:0.000:-1.300",False,False,Stopped,60.00,40.00,3.00,MultiAgentTraffic
21.4396,9,3,204,-5.4901,0.0500,9.9204,322.5127,0.0000,0.0000,-24.0000,0.0000,15.0000,19.1943,7,"","","10.500:0.000:13.500|-4.200:0.000:3.642|11.530:0.000:-14.567|4.200:0.000:-3.642|8.400:0.000:-1.570","0.000:0.000:0.000|0.000:0.000:0.800|0.000:0.000:0.000|0.000:0.000:-0.800|0.000:0.000:0.800","-10.500:0.000:13.500|20.000:0.000:-4.135","0.000:0.000:0.000|0.000:0.000:-1.300",False,False,Stopped,60.00,40.00,3.00,MultiAgentTraffic
21.5433,9,3,205,-5.4901,0.0500,9.9204,322.5127,0.0000,0.0000,-24.0000,0.0000,15.0000,19.1943,7,"","","10.500:0.000:13.500|-4.200:0.000:3.725|11.530:0.000:-14.567|4.200:0.000:-3.725|8.400:0.000:-1.487","0.000:0.000:0.000|0.000:0.000:0.800|0.000:0.000:0.000|0.000:0.000:-0.800|0.000:0.000:0.800","-10.500:0.000:13.500|20.000:0.000:-4.269","0.000:0.000:0.000|0.000:0.000:-1.300",False,False,Stopped,60.00,40.00,3.00,MultiAgentTraffic
21.6447,9,3,206,-5.4901,0.0500,9.9204,322.5127,0.0000,0.0000,-24.0000,0.0000,15.0000,19.1943,7,"","","10.500:0.000:13.500|-4.200:0.000:3.806|11.530:0.000:-14.567|4.200:0.000:-3.806|8.400:0.000:-1.406","0.000:0.000:0.000|0.000:0.000:0.800|0.000:0.000:0.000|0.000:0.000:-0.800|0.000:0.000:0.800","-10.500:0.000:13.500|20.000:0.000:-4.401","0.000:0.000:0.000|0.000:0.000:-1.300",False,False,Stopped,60.00,40.00,3.00,MultiAgentTraffic
21.7469,9,3,207,-5.4901,0.0500,9.9204,322.5127,0.0000,0.0000,-24.0000,0.0000,15.0000,19.1943,7,"","","10.500:0.000:13.500|-4.200:0.000:3.888|11.530:0.000:-14.567|4.200:0.000:-3.888|8.400:0.000:-1.324","0.000:0.000:0.000|0.000:0.000:0.800|0.000:0.000:0.000|0.000:0.000:-0.800|0.000:0.000:0.800","-10.500:0.000:13.500|20.000:0.000:-4.534","0.000:0.000:0.000|0.000:0.000:-1.300",False,False,Stopped,60.00,40.00,3.00,MultiAgentTraffic
21.8486,9,3,208,-5.4901,0.0500,9.9204,322.5127,0.0000,0.0000,-24.0000,0.0000,15.0000,19.1943,7,"","","10.500:0.000:13.500|-4.200:0.000:3.969|11.530:0.000:-14.567|4.200:0.000:-3.969|8.400:0.000:-1.243","0.000:0.000:0.000|0.000:0.000:0.800|0.000:0.000:0.000|0.000:0.000:-0.800|0.000:0.000:0.800","-10.500:0.000:13.500|20.000:0.000:-4.666","0.000:0.000:0.000|0.000:0.000:-1.300",False,False,Stopped,60.00,40.00,3.00,MultiAgentTraffic
21.9502,9,3,209,-5.4901,0.0500,9.9204,322.5127,0.0000,0.0000,-24.0000,0.0000,15.0000,19.1943,7,"","","10.500:0.000:13.500|-4.200:0.000:4.051|11.530:0.000:-14.567|4.200:0.000:-4.051|8.400:0.000:-1.161","0.000:0.000:0.000|0.000:0.000:0.800|0.000:0.000:0.000|0.000:0.000:-0.800|0.000:0.000:0.800","-10.500:0.000:13.500|20.000:0.000:-4.798","0.000:0.000:0.000|0.000:0.000:-1.300",False,False,Stopped,60.00,40.00,3.00,MultiAgentTraffic
22.0538,9,3,210,-5.4901,0.0500,9.9204,322.5127,0.0000,0.0000,-24.0000,0.0000,15.0000,19.1943,7,"","","10.500:0.000:13.500|-4.200:0.000:4.133|11.530:0.000:-14.567|4.200:0.000:-4.133|8.400:0.000:-1.079","0.000:0.000:0.000|0.000:0.000:0.800|0.000:0.000:0.000|0.000:0.000:-0.800|0.000:0.000:0.800","-10.500:0.000:13.500|20.000:0.000:-4.933","0.000:0.000:0.000|0.000:0.000:-1.300",False,False,Stopped,60.00,40.00,3.00,MultiAgentTraffic
22.1645,9,3,211,-5.4901,0.0500,9.9204,322.5127,0.0000,0.0000,-24.0000,0.0000,15.0000,19.1943,7,"","","10.500:0.000:13.500|-4.200:0.000:4.222|11.530:0.000:-14.567|4.200:0.000:-4.222|8.400:0.000:-0.990","0.000:0.000:0.000|0.000:0.000:0.800|0.000:0.000:0.000|0.000:0.000:-0.800|0.000:0.000:0.800","-10.500:0.000:13.500|20.000:0.000:-5.077","0.000:0.000:0.000|0.000:0.000:-1.300",False,False,Stopped,60.00,40.00,3.00,MultiAgentTraffic
22.2711,9,3,212,-5.4901,0.0500,9.9204,322.5127,0.0000,0.0000,-24.0000,0.0000,15.0000,19.1943,7,"","","10.500:0.000:13.500|-4.200:0.000:4.307|11.530:0.000:-14.567|4.200:0.000:-4.307|8.400:0.000:-0.905","0.000:0.000:0.000|0.000:0.000:0.800|0.000:0.000:0.000|0.000:0.000:-0.800|0.000:0.000:0.800","-10.500:0.000:13.500|20.000:0.000:-5.216","0.000:0.000:0.000|0.000:0.000:-1.300",False,False,Stopped,60.00,40.00,3.00,MultiAgentTraffic
22.3750,9,3,213,-5.4901,0.0500,9.9204,322.5127,0.0000,0.0000,-24.0000,0.0000,15.0000,19.1943,7,"","","10.500:0.000:13.500|-4.200:0.000:4.390|11.530:0.000:-14.567|4.200:0.000:-4.333|8.400:0.000:-0.822","0.000:0.000:0.000|0.000:0.000:0.800|0.000:0.000:0.000|0.000:0.000:0.800|0.000:0.000:0.800","-10.500:0.000:13.500|20.000:0.000:-5.351","0.000:0.000:0.000|0.000:0.000:-1.300",False,False,Stopped,60.00,40.00,3.00,MultiAgentTraffic
22.4766,9,3,214,-5.4901,0.0500,9.9204,322.5127,0.0000,0.0000,-24.0000,0.0000,15.0000,19.1943,7,"","","10.500:0.000:13.500|-4.200:0.000:4.472|11.530:0.000:-14.567|4.200:0.000:-4.252|8.400:0.000:-0.740","0.000:0.000:0.000|0.000:0.000:0.800|0.000:0.000:0.000|0.000:0.000:0.800|0.000:0.000:0.800","-10.500:0.000:13.500|20.000:0.000:-5.483","0.000:0.000:0.000|0.000:0.000:-1.300",False,False,Stopped,60.00,40.00,3.00,MultiAgentTraffic
22.5800,9,3,215,-5.4901,0.0500,9.9204,322.5127,0.0000,0.0000,-24.0000,0.0000,15.0000,19.1943,7,"","","10.500:0.000:13.500|-4.200:0.000:4.554|11.530:0.000:-14.567|4.200:0.000:-4.169|8.400:0.000:-0.658","0.000:0.000:0.000|0.000:0.000:0.800|0.000:0.000:0.000|0.000:0.000:0.800|0.000:0.000:0.800","-10.500:0.000:13.500|20.000:0.000:-5.617","0.000:0.000:0.000|0.000:0.000:-1.300",False,False,Stopped,60.00,40.00,3.00,MultiAgentTraffic
22.6912,9,3,216,-5.4901,0.0500,9.9204,322.5127,0.0000,0.0000,-24.0000,0.0000,15.0000,19.1943,7,"","","10.500:0.000:13.500|-4.200:0.000:4.643|11.530:0.000:-14.567|4.200:0.000:-4.080|8.400:0.000:-0.569","0.000:0.000:0.000|0.000:0.000:0.800|0.000:0.000:0.000|0.000:0.000:0.800|0.000:0.000:0.800","-10.500:0.000:13.500|20.000:0.000:-5.762","0.000:0.000:0.000|0.000:0.000:-1.300",False,False,Stopped,60.00,40.00,3.00,MultiAgentTraffic
22.7925,9,3,217,-5.4901,0.0500,9.9204,322.5127,0.0000,0.0000,-24.0000,0.0000,15.0000,19.1943,7,"","","10.500:0.000:13.500|-4.200:0.000:4.724|11.530:0.000:-14.567|4.200:0.000:-3.999|8.400:0.000:-0.488","0.000:0.000:0.000|0.000:0.000:0.800|0.000:0.000:0.000|0.000:0.000:0.800|0.000:0.000:0.800","-10.500:0.000:13.500|20.000:0.000:-5.893","0.000:0.000:0.000|0.000:0.000:-1.300",False,False,Stopped,60.00,40.00,3.00,MultiAgentTraffic
22.8992,9,3,218,-5.4901,0.0500,9.9204,322.5127,0.0000,0.0000,-24.0000,0.0000,15.0000,19.1943,7,"","","10.500:0.000:13.500|-4.200:0.000:4.810|11.530:0.000:-14.567|4.200:0.000:-3.914|8.400:0.000:-0.402","0.000:0.000:0.000|0.000:0.000:0.800|0.000:0.000:0.000|0.000:0.000:0.800|0.000:0.000:0.800","-10.500:0.000:13.500|20.000:0.000:-6.032","0.000:0.000:0.000|0.000:0.000:-1.300",False,False,Stopped,60.00,40.00,3.00,MultiAgentTraffic
23.0069,9,3,219,-5.4901,0.0500,9.9204,322.5127,0.0000,0.0000,-24.0000,0.0000,15.0000,19.1943,7,"","","10.500:0.000:13.500|-4.200:0.000:4.896|11.530:0.000:-14.567|4.200:0.000:-3.827|8.400:0.000:-0.316","0.000:0.000:0.000|0.000:0.000:0.800|0.000:0.000:0.000|0.000:0.000:0.800|0.000:0.000:0.800","-10.500:0.000:13.500|20.000:0.000:-6.172","0.000:0.000:0.000|0.000:0.000:-1.300",False,False,Stopped,60.00,40.00,3.00,MultiAgentTraffic
23.1081,9,3,220,-5.4901,0.0500,9.9204,322.5127,0.0000,0.0000,-24.0000,0.0000,15.0000,19.1943,7,"","","10.500:0.000:13.500|-4.200:0.000:4.977|11.530:0.000:-14.567|4.200:0.000:-3.746|8.400:0.000:-0.235","0.000:0.000:0.000|0.000:0.000:0.800|0.000:0.000:0.000|0.000:0.000:0.800|0.000:0.000:0.800","-10.500:0.000:13.500|20.000:0.000:-6.304","0.000:0.000:0.000|0.000:0.000:-1.300",False,False,Stopped,60.00,40.00,3.00,MultiAgentTraffic
23.2140,9,3,221,-5.4901,0.0500,9.9204,322.5127,0.0000,0.0000,-24.0000,0.0000,15.0000,19.1943,7,"","","10.500:0.000:13.500|-4.200:0.000:5.062|11.530:0.000:-14.567|4.200:0.000:-3.662|8.400:0.000:-0.150","0.000:0.000:0.000|0.000:0.000:0.800|0.000:0.000:0.000|0.000:0.000:0.800|0.000:0.000:0.800","-10.500:0.000:13.500|20.000:0.000:-6.441","0.000:0.000:0.000|0.000:0.000:-1.300",False,False,Stopped,60.00,40.00,3.00,MultiAgentTraffic
23.3224,9,3,222,-5.4901,0.0500,9.9204,322.5127,0.0000,0.0000,-24.0000,0.0000,15.0000,19.1943,7,"","","10.500:0.000:13.500|-4.200:0.000:5.148|11.530:0.000:-14.567|4.200:0.000:-3.575|8.400:0.000:-0.064","0.000:0.000:0.000|0.000:0.000:0.800|0.000:0.000:0.000|0.000:0.000:0.800|0.000:0.000:0.800","-10.500:0.000:13.500|20.000:0.000:-6.582","0.000:0.000:0.000|0.000:0.000:-1.300",False,False,Stopped,60.00,40.00,3.00,MultiAgentTraffic
23.4306,9,3,223,-5.4901,0.0500,9.9204,322.5127,0.0000,0.0000,-24.0000,0.0000,15.0000,19.1943,7,"","","10.500:0.000:13.500|-4.200:0.000:5.235|11.530:0.000:-14.567|4.200:0.000:-3.489|8.400:0.000:0.023","0.000:0.000:0.000|0.000:0.000:0.800|0.000:0.000:0.000|0.000:0.000:0.800|0.000:0.000:0.800","-10.500:0.000:13.500|20.000:0.000:-6.723","0.000:0.000:0.000|0.000:0.000:-1.300",False,False,Stopped,60.00,40.00,3.00,MultiAgentTraffic
23.5325,9,3,224,-5.4901,0.0500,9.9204,322.5127,0.0000,0.0000,-24.0000,0.0000,15.0000,19.1943,7,"","","10.500:0.000:13.500|-4.200:0.000:5.316|11.530:0.000:-14.567|4.200:0.000:-3.407|8.400:0.000:0.104","0.000:0.000:0.000|0.000:0.000:0.800|0.000:0.000:0.000|0.000:0.000:0.800|0.000:0.000:0.800","-10.500:0.000:13.500|20.000:0.000:-6.855","0.000:0.000:0.000|0.000:0.000:-1.300",False,False,Stopped,60.00,40.00,3.00,MultiAgentTraffic
23.6393,9,3,225,-5.4901,0.0500,9.9204,322.5127,0.0000,0.0000,-24.0000,0.0000,15.0000,19.1943,7,"","","10.500:0.000:13.500|-4.200:0.000:5.402|11.530:0.000:-14.567|4.200:0.000:-3.322|8.400:0.000:0.190","0.000:0.000:0.000|0.000:0.000:0.800|0.000:0.000:0.000|0.000:0.000:0.800|0.000:0.000:0.800","-10.500:0.000:13.500|20.000:0.000:-6.994","0.000:0.000:0.000|0.000:0.000:-1.300",False,False,Stopped,60.00,40.00,3.00,MultiAgentTraffic
23.7475,9,3,226,-5.4901,0.0500,9.9204,322.5127,0.0000,0.0000,-24.0000,0.0000,15.0000,19.1943,7,"","","10.500:0.000:13.500|-4.200:0.000:5.488|11.530:0.000:-14.567|4.200:0.000:-3.235|8.400:0.000:0.276","0.000:0.000:0.000|0.000:0.000:0.800|0.000:0.000:0.000|0.000:0.000:0.800|0.000:0.000:0.800","-10.500:0.000:13.500|20.000:0.000:-7.135","0.000:0.000:0.000|0.000:0.000:-1.300",False,False,Stopped,60.00,40.00,3.00,MultiAgentTraffic
23.8572,9,3,227,-5.4901,0.0500,9.9204,322.5127,0.0000,0.0000,-24.0000,0.0000,15.0000,19.1943,7,"","","10.500:0.000:13.500|-4.200:0.000:5.576|11.530:0.000:-14.567|4.200:0.000:-3.147|8.400:0.000:0.364","0.000:0.000:0.000|0.000:0.000:0.800|0.000:0.000:0.000|0.000:0.000:0.800|0.000:0.000:0.800","-10.500:0.000:13.500|20.000:0.000:-7.277","0.000:0.000:0.000|0.000:0.000:-1.300",False,False,Stopped,60.00,40.00,3.00,MultiAgentTraffic
23.9642,9,3,228,-5.4901,0.0500,9.9204,322.5127,0.0000,0.0000,-24.0000,0.0000,15.0000,19.1943,7,"","","10.500:0.000:13.500|-4.200:0.000:5.662|11.530:0.000:-14.567|4.200:0.000:-3.062|8.400:0.000:0.450","0.000:0.000:0.000|0.000:0.000:0.800|0.000:0.000:0.000|0.000:0.000:0.800|0.000:0.000:0.800","-10.500:0.000:13.500|20.000:0.000:-7.417","0.000:0.000:0.000|0.000:0.000:-1.300",False,False,Stopped,60.00,40.00,3.00,MultiAgentTraffic
24.0678,9,3,229,-5.4901,0.0500,9.9204,322.5127,0.0000,0.0000,-24.0000,0.0000,15.0000,19.1943,7,"","","10.500:0.000:13.500|-4.200:0.000:5.745|11.530:0.000:-14.567|4.200:0.000:-2.979|8.400:0.000:0.533","0.000:0.000:0.000|0.000:0.000:0.800|0.000:0.000:0.000|0.000:0.000:0.800|0.000:0.000:0.800","-10.500:0.000:13.500|20.000:0.000:-7.551","0.000:0.000:0.000|0.000:0.000:-1.300",False,False,Stopped,60.00,40.00,3.00,MultiAgentTraffic
24.1727,9,3,230,-5.4901,0.0500,9.9204,322.5127,0.0000,0.0000,-24.0000,0.0000,15.0000,19.1943,7,"","","10.500:0.000:13.500|-4.200:0.000:5.829|11.530:0.000:-14.567|4.200:0.000:-2.895|8.400:0.000:0.617","0.000:0.000:0.000|0.000:0.000:0.800|0.000:0.000:0.000|0.000:0.000:0.800|0.000:0.000:0.800","-10.500:0.000:13.500|20.000:0.000:-7.688","0.000:0.000:0.000|0.000:0.000:-1.300",False,False,Stopped,60.00,40.00,3.00,MultiAgentTraffic
24.2769,9,3,231,-5.4901,0.0500,9.9204,322.5127,0.0000,0.0000,-24.0000,0.0000,15.0000,19.1943,7,"","","10.500:0.000:13.500|-4.200:0.000:5.912|11.530:0.000:-14.567|4.200:0.000:-2.812|8.400:0.000:0.700","0.000:0.000:0.000|0.000:0.000:0.800|0.000:0.000:0.000|0.000:0.000:0.800|0.000:0.000:0.800","-10.500:0.000:13.500|20.000:0.000:-7.823","0.000:0.000:0.000|0.000:0.000:-1.300",False,False,Stopped,60.00,40.00,3.00,MultiAgentTraffic
24.3793,9,3,232,-5.4901,0.0500,9.9204,322.5127,0.0000,0.0000,-24.0000,0.0000,15.0000,19.1943,7,"","","10.500:0.000:13.500|-4.200:0.000:5.994|11.530:0.000:-14.567|4.200:0.000:-2.730|8.400:0.000:0.782","0.000:0.000:0.000|0.000:0.000:0.800|0.000:0.000:0.000|0.000:0.000:0.800|0.000:0.000:0.800","-10.500:0.000:13.500|20.000:0.000:-7.792","0.000:0.000:0.000|0.000:0.000:1.300",False,False,Stopped,60.00,40.00,3.00,MultiAgentTraffic
24.4852,9,3,233,-5.4901,0.0500,9.9204,322.5127,0.0000,0.0000,-24.0000,0.0000,15.0000,19.1943,7,"","","10.500:0.000:13.500|-4.200:0.000:6.079|11.530:0.000:-14.567|4.200:0.000:-2.645|8.400:0.000:0.867","0.000:0.000:0.000|0.000:0.000:0.800|0.000:0.000:0.000|0.000:0.000:0.800|0.000:0.000:0.800","-10.500:0.000:13.500|20.000:0.000:-7.654","0.000:0.000:0.000|0.000:0.000:1.300",False,False,Stopped,60.00,40.00,3.00,MultiAgentTraffic
24.5960,9,3,234,-5.4901,0.0500,9.9204,322.5127,0.0000,0.0000,-24.0000,0.0000,15.0000,19.1943,7,"","","10.500:0.000:13.500|-4.200:0.000:6.167|11.530:0.000:-14.567|4.200:0.000:-2.556|8.400:0.000:0.955","0.000:0.000:0.000|0.000:0.000:0.800|0.000:0.000:0.000|0.000:0.000:0.800|0.000:0.000:0.800","-10.500:0.000:13.500|20.000:0.000:-7.510","0.000:0.000:0.000|0.000:0.000:1.300",False,False,Stopped,60.00,40.00,3.00,MultiAgentTraffic
24.7003,9,3,235,-5.4901,0.0500,9.9204,322.5127,0.0000,0.0000,-24.0000,0.0000,15.0000,19.1943,7,"","","10.500:0.000:13.500|-4.200:0.000:6.251|11.530:0.000:-14.567|4.200:0.000:-2.473|8.400:0.000:1.039","0.000:0.000:0.000|0.000:0.000:0.800|0.000:0.000:0.000|0.000:0.000:0.800|0.000:0.000:0.800","-10.500:0.000:13.500|20.000:0.000:-7.374","0.000:0.000:0.000|0.000:0.000:1.300",False,False,Stopped,60.00,40.00,3.00,MultiAgentTraffic
24.8093,9,3,236,-5.4901,0.0500,9.9204,322.5127,0.0000,0.0000,-24.0000,0.0000,15.0000,19.1943,7,"","","10.500:0.000:13.500|-4.200:0.000:6.338|11.530:0.000:-14.567|4.200:0.000:-2.386|8.400:0.000:1.126","0.000:0.000:0.000|0.000:0.000:0.800|0.000:0.000:0.000|0.000:0.000:0.800|0.000:0.000:0.800","-10.500:0.000:13.500|20.000:0.000:-7.233","0.000:0.000:0.000|0.000:0.000:1.300",False,False,Stopped,60.00,40.00,3.00,MultiAgentTraffic
24.9148,9,3,237,-5.4901,0.0500,9.9204,322.5127,0.0000,0.0000,-24.0000,0.0000,15.0000,19.1943,7,"","","10.500:0.000:13.500|-4.200:0.000:6.422|11.530:0.000:-14.567|4.200:0.000:-2.301|8.400:0.000:1.210","0.000:0.000:0.000|0.000:0.000:0.800|0.000:0.000:0.000|0.000:0.000:0.800|0.000:0.000:0.800","-10.500:0.000:13.500|20.000:0.000:-7.095","0.000:0.000:0.000|0.000:0.000:1.300",False,False,Stopped,60.00,40.00,3.00,MultiAgentTraffic
25.0227,9,3,238,-5.4901,0.0500,9.9204,322.5127,0.0000,0.0000,-24.0000,0.0000,15.0000,19.1943,7,"","","10.500:0.000:13.500|-4.200:0.000:6.509|11.530:0.000:-14.567|4.200:0.000:-2.215|8.400:0.000:1.297","0.000:0.000:0.000|0.000:0.000:0.800|0.000:0.000:0.000|0.000:0.000:0.800|0.000:0.000:0.800","-10.500:0.000:13.500|20.000:0.000:-6.955","0.000:0.000:0.000|0.000:0.000:1.300",False,False,Stopped,60.00,40.00,3.00,MultiAgentTraffic
25.1236,9,3,239,-5.4901,0.0500,9.9204,322.5127,0.0000,0.0000,-24.0000,0.0000,15.0000,19.1943,7,"","","10.500:0.000:13.500|-4.200:0.000:6.589|11.530:0.000:-14.567|4.200:0.000:-2.134|8.400:0.000:1.377","0.000:0.000:0.000|0.000:0.000:0.800|0.000:0.000:0.000|0.000:0.000:0.800|0.000:0.000:0.800","-10.500:0.000:13.500|20.000:0.000:-6.824","0.000:0.000:0.000|0.000:0.000:1.300",False,False,Stopped,60.00,40.00,3.00,MultiAgentTraffic
25.2257,9,3,240,-5.4901,0.0500,9.9204,322.5127,0.0000,0.0000,-24.0000,0.0000,15.0000,19.1943,7,"","","10.500:0.000:13.500|-4.200:0.000:6.671|11.530:0.000:-14.567|4.200:0.000:-2.052|8.400:0.000:1.459","0.000:0.000:0.000|0.000:0.000:0.800|0.000:0.000:0.000|0.000:0.000:0.800|0.000:0.000:0.800","-10.500:0.000:13.500|20.000:0.000:-6.691","0.000:0.000:0.000|0.000:0.000:1.300",False,False,Stopped,60.00,40.00,3.00,MultiAgentTraffic
25.3261,9,3,241,-5.4901,0.0500,9.9204,322.5127,0.0000,0.0000,-24.0000,0.0000,15.0000,19.1943,7,"","","10.500:0.000:13.500|-4.200:0.000:6.751|11.530:0.000:-14.567|4.200:0.000:-1.972|8.400:0.000:1.539","0.000:0.000:0.000|0.000:0.000:0.800|0.000:0.000:0.000|0.000:0.000:0.800|0.000:0.000:0.800","-10.500:0.000:13.500|20.000:0.000:-6.561","0.000:0.000:0.000|0.000:0.000:1.300",False,False,Stopped,60.00,40.00,3.00,MultiAgentTraffic
25.4344,9,3,242,-5.4901,0.0500,9.9204,322.5127,0.0000,0.0000,-24.0000,0.0000,15.0000,19.1943,7,"","","10.500:0.000:13.500|-4.200:0.000:6.838|11.530:0.000:-14.567|4.200:0.000:-1.886|8.400:0.000:1.626","0.000:0.000:0.000|0.000:0.000:0.800|0.000:0.000:0.000|0.000:0.000:0.800|0.000:0.000:0.800","-10.500:0.000:13.500|20.000:0.000:-6.420","0.000:0.000:0.000|0.000:0.000:1.300",False,False,Stopped,60.00,40.00,3.00,MultiAgentTraffic
25.5369,9,3,243,-5.4901,0.0500,9.9204,322.5127,0.0000,0.0000,-24.0000,0.0000,15.0000,19.1943,7,"","","10.500:0.000:13.500|-4.200:0.000:6.920|11.530:0.000:-14.567|4.200:0.000:-1.804|8.400:0.000:1.708","0.000:0.000:0.000|0.000:0.000:0.800|0.000:0.000:0.000|0.000:0.000:0.800|0.000:0.000:0.800","-10.500:0.000:13.500|20.000:0.000:-6.287","0.000:0.000:0.000|0.000:0.000:1.300",False,False,Stopped,60.00,40.00,3.00,MultiAgentTraffic
25.6427,9,3,244,-5.4901,0.0500,9.9204,322.5127,0.0000,0.0000,-24.0000,0.0000,15.0000,19.1943,7,"","","10.500:0.000:13.500|-4.200:0.000:7.005|11.530:0.000:-14.567|4.200:0.000:-1.719|8.400:0.000:1.793","0.000:0.000:0.000|0.000:0.000:0.800|0.000:0.000:0.000|0.000:0.000:0.800|0.000:0.000:0.800","-10.500:0.000:13.500|20.000:0.000:-6.149","0.000:0.000:0.000|0.000:0.000:1.300",False,False,Stopped,60.00,40.00,3.00,MultiAgentTraffic
25.7525,9,3,245,-5.4901,0.0500,9.9204,322.5127,0.0000,0.0000,-24.0000,0.0000,15.0000,19.1943,7,"","","10.500:0.000:13.500|-4.200:0.000:7.092|11.530:0.000:-14.567|4.200:0.000:-1.631|8.400:0.000:1.880","0.000:0.000:0.000|0.000:0.000:0.800|0.000:0.000:0.000|0.000:0.000:0.800|0.000:0.000:0.800","-10.500:0.000:13.500|20.000:0.000:-6.006","0.000:0.000:0.000|0.000:0.000:1.300",False,False,Stopped,60.00,40.00,3.00,MultiAgentTraffic
25.8565,9,3,246,-5.4901,0.0500,9.9204,322.5127,0.0000,0.0000,-24.0000,0.0000,15.0000,19.1943,7,"","","10.500:0.000:13.500|-4.200:0.000:7.176|11.530:0.000:-14.567|4.200:0.000:-1.548|8.400:0.000:1.964","0.000:0.000:0.000|0.000:0.000:0.800|0.000:0.000:0.000|0.000:0.000:0.800|0.000:0.000:0.800","-10.500:0.000:13.500|20.000:0.000:-5.871","0.000:0.000:0.000|0.000:0.000:1.300",False,False,Stopped,60.00,40.00,3.00,MultiAgentTraffic
25.9613,9,3,247,-5.4901,0.0500,9.9204,322.5127,0.0000,0.0000,-24.0000,0.0000,15.0000,19.1943,7,"","","10.500:0.000:13.500|-4.200:0.000:7.260|11.530:0.000:-14.567|4.200:0.000:-1.464|8.400:0.000:2.048","0.000:0.000:0.000|0.000:0.000:0.800|0.000:0.000:0.000|0.000:0.000:0.800|0.000:0.000:0.800","-10.500:0.000:13.500|20.000:0.000:-5.735","0.000:0.000:0.000|0.000:0.000:1.300",False,False,Stopped,60.00,40.00,3.00,MultiAgentTraffic
26.0676,9,3,248,-5.4901,0.0500,9.9204,322.5127,0.0000,0.0000,-24.0000,0.0000,15.0000,19.1943,7,"","","10.500:0.000:13.500|-4.200:0.000:7.345|11.530:0.000:-14.567|4.200:0.000:-1.379|8.400:0.000:2.133","0.000:0.000:0.000|0.000:0.000:0.800|0.000:0.000:0.000|0.000:0.000:0.800|0.000:0.000:0.800","-10.500:0.000:13.500|20.000:0.000:-5.597","0.000:0.000:0.000|0.000:0.000:1.300",False,False,Stopped,60.00,40.00,3.00,MultiAgentTraffic
26.1693,9,3,249,-5.4901,0.0500,9.9204,322.5127,0.0000,0.0000,-24.0000,0.0000,15.0000,19.1943,7,"","","10.500:0.000:13.500|-4.200:0.000:7.426|11.530:0.000:-14.567|4.200:0.000:-1.298|8.400:0.000:2.214","0.000:0.000:0.000|0.000:0.000:0.800|0.000:0.000:0.000|0.000:0.000:0.800|0.000:0.000:0.800","-10.500:0.000:13.500|20.000:0.000:-5.465","0.000:0.000:0.000|0.000:0.000:1.300",False,False,Stopped,60.00,40.00,3.00,MultiAgentTraffic
26.2741,9,3,250,-5.4901,0.0500,9.9204,322.5127,0.0000,0.0000,-24.0000,0.0000,15.0000,19.1943,7,"","","10.500:0.000:13.500|-4.200:0.000:7.510|11.530:0.000:-14.567|4.200:0.000:-1.214|8.400:0.000:2.298","0.000:0.000:0.000|0.000:0.000:0.800|0.000:0.000:0.000|0.000:0.000:0.800|0.000:0.000:0.800","-10.500:0.000:13.500|20.000:0.000:-5.328","0.000:0.000:0.000|0.000:0.000:1.300",False,False,Stopped,60.00,40.00,3.00,MultiAgentTraffic
26.3832,9,3,251,-5.4901,0.0500,9.9204,322.5127,0.0000,0.0000,-24.0000,0.0000,15.0000,19.1943,7,"","","10.500:0.000:13.500|-4.200:0.000:7.597|11.530:0.000:-14.567|4.200:0.000:-1.126|8.400:0.000:2.385","0.000:0.000:0.000|0.000:0.000:0.800|0.000:0.000:0.000|0.000:0.000:0.800|0.000:0.000:0.800","-10.500:0.000:13.500|20.000:0.000:-5.187","0.000:0.000:0.000|0.000:0.000:1.300",False,False,Stopped,60.00,40.00,3.00,MultiAgentTraffic
26.4877,9,3,252,-5.4901,0.0500,9.9204,322.5127,0.0000,0.0000,-24.0000,0.0000,15.0000,19.1943,7,"","","10.500:0.000:13.500|-4.200:0.000:7.681|11.530:0.000:-14.567|4.200:0.000:-1.043|8.400:0.000:2.469","0.000:0.000:0.000|0.000:0.000:0.800|0.000:0.000:0.000|0.000:0.000:0.800|0.000:0.000:0.800","-10.500:0.000:13.500|20.000:0.000:-5.051","0.000:0.000:0.000|0.000:0.000:1.300",False,False,Stopped,60.00,40.00,3.00,MultiAgentTraffic
26.5913,9,3,253,-5.4901,0.0500,9.9204,322.5127,0.0000,0.0000,-24.0000,0.0000,15.0000,19.1943,7,"","","10.500:0.000:13.500|-4.200:0.000:7.763|11.530:0.000:-14.567|4.200:0.000:-0.960|8.400:0.000:2.551","0.000:0.000:0.000|0.000:0.000:0.800|0.000:0.000:0.000|0.000:0.000:0.800|0.000:0.000:0.800","-10.500:0.000:13.500|20.000:0.000:-4.916","0.000:0.000:0.000|0.000:0.000:1.300",False,False,Stopped,60.00,40.00,3.00,MultiAgentTraffic
26.6933,9,3,254,-5.4901,0.0500,9.9204,322.5127,0.0000,0.0000,-24.0000,0.0000,15.0000,19.1943,7,"","","10.500:0.000:13.500|-4.200:0.000:7.845|11.530:0.000:-14.567|4.200:0.000:-0.878|8.400:0.000:2.633","0.000:0.000:0.000|0.000:0.000:0.800|0.000:0.000:0.000|0.000:0.000:0.800|0.000:0.000:0.800","-10.500:0.000:13.500|20.000:0.000:-4.783","0.000:0.000:0.000|0.000:0.000:1.300",False,False,Stopped,60.00,40.00,3.00,MultiAgentTraffic
26.8011,9,3,255,-5.4901,0.0500,9.9204,322.5127,0.0000,0.0000,-24.0000,0.0000,15.0000,19.1943,7,"","","10.500:0.000:13.500|-4.200:0.000:7.931|11.530:0.000:-14.567|4.200:0.000:-0.792|8.400:0.000:2.719","0.000:0.000:0.000|0.000:0.000:0.800|0.000:0.000:0.000|0.000:0.000:0.800|0.000:0.000:0.800","-10.500:0.000:13.500|20.000:0.000:-4.643","0.000:0.000:0.000|0.000:0.000:1.300",False,False,Stopped,60.00,40.00,3.00,MultiAgentTraffic
26.9062,9,3,256,-5.4901,0.0500,9.9204,322.5127,0.0000,0.0000,-24.0000,0.0000,15.0000,19.1943,7,"","","10.500:0.000:13.500|-4.200:0.000:8.015|11.530:0.000:-14.567|4.200:0.000:-0.708|8.400:0.000:2.803","0.000:0.000:0.000|0.000:0.000:0.800|0.000:0.000:0.000|0.000:0.000:0.800|0.000:0.000:0.800","-10.500:0.000:13.500|20.000:0.000:-4.507","0.000:0.000:0.000|0.000:0.000:1.300",False,False,Stopped,60.00,40.00,3.00,MultiAgentTraffic
27.0085,9,3,257,-5.4901,0.0500,9.9204,322.5127,0.0000,0.0000,-24.0000,0.0000,15.0000,19.1943,7,"","","10.500:0.000:13.500|-4.200:0.000:8.097|11.530:0.000:-14.567|4.200:0.000:-0.626|8.400:0.000:2.885","0.000:0.000:0.000|0.000:0.000:0.800|0.000:0.000:0.000|0.000:0.000:0.800|0.000:0.000:0.800","-10.500:0.000:13.500|20.000:0.000:-4.374","0.000:0.000:0.000|0.000:0.000:1.300",False,False,Stopped,60.00,40.00,3.00,MultiAgentTraffic
27.1109,9,3,258,-5.4901,0.0500,9.9204,322.5127,0.0000,0.0000,-24.0000,0.0000,15.0000,19.1943,7,"","","10.500:0.000:13.500|-4.200:0.000:8.179|11.530:0.000:-14.567|4.200:0.000:-0.544|8.400:0.000:2.967","0.000:0.000:0.000|0.000:0.000:0.800|0.000:0.000:0.000|0.000:0.000:0.800|0.000:0.000:0.800","-10.500:0.000:13.500|20.000:0.000:-4.241","0.000:0.000:0.000|0.000:0.000:1.300",False,False,Stopped,60.00,40.00,3.00,MultiAgentTraffic
27.2118,9,3,259,-5.4901,0.0500,9.9204,322.5127,0.0000,0.0000,-24.0000,0.0000,15.0000,19.1943,7,"","","10.500:0.000:13.500|-4.200:0.000:8.260|11.530:0.000:-14.567|4.200:0.000:-0.464|8.400:0.000:3.048","0.000:0.000:0.000|0.000:0.000:0.800|0.000:0.000:0.000|0.000:0.000:0.800|0.000:0.000:0.800","-10.500:0.000:13.500|20.000:0.000:-4.109","0.000:0.000:0.000|0.000:0.000:1.300",False,False,Stopped,60.00,40.00,3.00,MultiAgentTraffic
27.3192,9,3,260,-5.4901,0.0500,9.9204,322.5127,0.0000,0.0000,-24.0000,0.0000,15.0000,19.1943,7,"","","10.500:0.000:13.500|-4.200:0.000:8.346|11.530:0.000:-14.567|4.200:0.000:-0.378|8.400:0.000:3.134","0.000:0.000:0.000|0.000:0.000:0.800|0.000:0.000:0.000|0.000:0.000:0.800|0.000:0.000:0.800","-10.500:0.000:13.500|20.000:0.000:-3.970","0.000:0.000:0.000|0.000:0.000:1.300",False,False,Stopped,60.00,40.00,3.00,MultiAgentTraffic
27.4217,9,3,261,-5.4901,0.0500,9.9204,322.5127,0.0000,0.0000,-24.0000,0.0000,15.0000,19.1943,7,"","","10.500:0.000:13.500|-4.200:0.000:8.428|11.530:0.000:-14.567|4.200:0.000:-0.296|8.400:0.000:3.216","0.000:0.000:0.000|0.000:0.000:0.800|0.000:0.000:0.000|0.000:0.000:0.800|0.000:0.000:0.800","-10.500:0.000:13.500|20.000:0.000:-3.837","0.000:0.000:0.000|0.000:0.000:1.300",False,False,Stopped,60.00,40.00,3.00,MultiAgentTraffic
27.5323,9,3,262,-5.4901,0.0500,9.9204,322.5127,0.0000,0.0000,-24.0000,0.0000,15.0000,19.1943,7,"","","10.500:0.000:13.500|-4.200:0.000:8.516|11.530:0.000:-14.567|4.200:0.000:-0.207|8.400:0.000:3.304","0.000:0.000:0.000|0.000:0.000:0.800|0.000:0.000:0.000|0.000:0.000:0.800|0.000:0.000:0.800","-10.500:0.000:13.500|20.000:0.000:-3.693","0.000:0.000:0.000|0.000:0.000:1.300",False,False,Stopped,60.00,40.00,3.00,MultiAgentTraffic
27.6448,9,3,263,-5.4901,0.0500,9.9204,322.5127,0.0000,0.0000,-24.0000,0.0000,15.0000,19.1943,7,"","","10.500:0.000:13.500|-4.200:0.000:8.606|11.530:0.000:-14.567|4.200:0.000:-0.117|8.400:0.000:3.394","0.000:0.000:0.000|0.000:0.000:0.800|0.000:0.000:0.000|0.000:0.000:0.800|0.000:0.000:0.800","-10.500:0.000:13.500|20.000:0.000:-3.546","0.000:0.000:0.000|0.000:0.000:1.300",False,False,Stopped,60.00,40.00,3.00,MultiAgentTraffic
27.7514,9,3,264,-5.4901,0.0500,9.9204,322.5127,0.0000,0.0000,-24.0000,0.0000,15.0000,19.1943,7,"","","10.500:0.000:13.500|-4.200:0.000:8.692|11.530:0.000:-14.567|4.200:0.000:-0.032|8.400:0.000:3.480","0.000:0.000:0.000|0.000:0.000:0.800|0.000:0.000:0.000|0.000:0.000:0.800|0.000:0.000:0.800","-10.500:0.000:13.500|20.000:0.000:-3.408","0.000:0.000:0.000|0.000:0.000:1.300",False,False,Stopped,60.00,40.00,3.00,MultiAgentTraffic
27.8592,9,3,265,-5.4901,0.0500,9.9204,322.5127,0.0000,0.0000,-24.0000,0.0000,15.0000,19.1943,7,"","","10.500:0.000:13.500|-4.200:0.000:8.778|11.530:0.000:-14.567|4.200:0.000:0.054|8.400:0.000:3.566","0.000:0.000:0.000|0.000:0.000:0.800|0.000:0.000:0.000|0.000:0.000:0.800|0.000:0.000:0.800","-10.500:0.000:13.500|20.000:0.000:-3.268","0.000:0.000:0.000|0.000:0.000:1.300",False,False,Stopped,60.00,40.00,3.00,MultiAgentTraffic
27.9687,9,3,266,-5.4901,0.0500,9.9204,322.5127,0.0000,0.0000,-24.0000,0.0000,15.0000,19.1943,7,"","","10.500:0.000:13.500|-4.200:0.000:8.865|11.530:0.000:-14.567|4.200:0.000:0.142|8.400:0.000:3.653","0.000:0.000:0.000|0.000:0.000:0.800|0.000:0.000:0.000|0.000:0.000:0.800|0.000:0.000:0.800","-10.500:0.000:13.500|20.000:0.000:-3.125","0.000:0.000:0.000|0.000:0.000:1.300",False,False,Stopped,60.00,40.00,3.00,MultiAgentTraffic
28.0713,9,3,267,-5.4901,0.0500,9.9204,322.5127,0.0000,0.0000,-24.0000,0.0000,15.0000,19.1943,7,"","","10.500:0.000:13.500|-4.200:0.000:8.948|11.530:0.000:-14.567|4.200:0.000:0.224|8.400:0.000:3.736","0.000:0.000:0.000|0.000:0.000:0.800|0.000:0.000:0.000|0.000:0.000:0.800|0.000:0.000:0.800","-10.500:0.000:13.500|20.000:0.000:-2.992","0.000:0.000:0.000|0.000:0.000:1.300",False,False,Stopped,60.00,40.00,3.00,MultiAgentTraffic
28.1801,9,3,268,-5.4901,0.0500,9.9204,322.5127,0.0000,0.0000,-24.0000,0.0000,15.0000,19.1943,7,"","","10.500:0.000:13.500|-4.200:0.000:9.035|11.530:0.000:-14.567|4.200:0.000:0.311|8.400:0.000:3.823","0.000:0.000:0.000|0.000:0.000:0.800|0.000:0.000:0.000|0.000:0.000:0.800|0.000:0.000:0.800","-10.500:0.000:13.500|20.000:0.000:-2.851","0.000:0.000:0.000|0.000:0.000:1.300",False,False,Stopped,60.00,40.00,3.00,MultiAgentTraffic
28.2908,9,3,269,-5.4901,0.0500,9.9204,322.5127,0.0000,0.0000,-24.0000,0.0000,15.0000,19.1943,7,"","","10.500:0.000:13.500|-4.200:0.000:9.123|11.530:0.000:-14.567|4.200:0.000:0.400|8.400:0.000:3.911","0.000:0.000:0.000|0.000:0.000:0.800|0.000:0.000:0.000|0.000:0.000:0.800|0.000:0.000:0.800","-10.500:0.000:13.500|20.000:0.000:-2.707","0.000:0.000:0.000|0.000:0.000:1.300",False,False,Stopped,60.00,40.00,3.00,MultiAgentTraffic
28.3965,9,3,270,-5.4901,0.0500,9.9204,322.5127,0.0000,0.0000,-24.0000,0.0000,15.0000,19.1943,7,"","","10.500:0.000:13.500|-4.200:0.000:9.208|11.530:0.000:-14.567|4.200:0.000:0.484|8.400:0.000:3.996","0.000:0.000:0.000|0.000:0.000:0.800|0.000:0.000:0.000|0.000:0.000:0.800|0.000:0.000:0.800","-10.500:0.000:13.500|20.000:0.000:-2.569","0.000:0.000:0.000|0.000:0.000:1.300",False,False,Stopped,60.00,40.00,3.00,MultiAgentTraffic
28.5046,9,3,271,-5.4901,0.0500,9.9204,322.5127,0.0000,0.0000,-24.0000,0.0000,15.0000,19.1943,7,"","","10.500:0.000:13.500|-4.200:0.000:9.294|11.530:0.000:-14.567|4.200:0.000:0.571|8.400:0.000:4.082","0.000:0.000:0.000|0.000:0.000:0.800|0.000:0.000:0.000|0.000:0.000:0.800|0.000:0.000:0.800","-10.500:0.000:13.500|20.000:0.000:-2.429","0.000:0.000:0.000|0.000:0.000:1.300",False,False,Stopped,60.00,40.00,3.00,MultiAgentTraffic
28.6111,9,3,272,-5.4901,0.0500,9.9204,322.5127,0.0000,0.0000,-24.0000,0.0000,15.0000,19.1943,7,"","","10.500:0.000:13.500|-4.200:0.000:9.379|11.530:0.000:-14.567|4.200:0.000:0.656|8.400:0.000:4.167","0.000:0.000:0.000|0.000:0.000:0.800|0.000:0.000:0.000|0.000:0.000:0.800|0.000:0.000:0.800","-10.500:0.000:13.500|20.000:0.000:-2.290","0.000:0.000:0.000|0.000:0.000:1.300",False,False,Stopped,60.00,40.00,3.00,MultiAgentTraffic
28.7156,9,3,273,-5.4901,0.0500,9.9204,322.5127,0.0000,0.0000,-24.0000,0.0000,15.0000,19.1943,7,"","","10.500:0.000:13.500|-4.200:0.000:9.463|11.530:0.000:-14.567|4.200:0.000:0.740|8.400:0.000:4.251","0.000:0.000:0.000|0.000:0.000:0.800|0.000:0.000:0.000|0.000:0.000:0.800|0.000:0.000:0.800","-10.500:0.000:13.500|20.000:0.000:-2.154","0.000:0.000:0.000|0.000:0.000:1.300",False,False,Stopped,60.00,40.00,3.00,MultiAgentTraffic
28.8199,9,3,274,-5.4901,0.0500,9.9204,322.5127,0.0000,0.0000,-24.0000,0.0000,15.0000,19.1943,7,"","","10.500:0.000:13.500|-4.200:0.000:9.546|11.530:0.000:-14.567|4.200:0.000:0.823|8.400:0.000:4.334","0.000:0.000:0.000|0.000:0.000:0.800|0.000:0.000:0.000|0.000:0.000:0.800|0.000:0.000:0.800","-10.500:0.000:13.500|20.000:0.000:-2.019","0.000:0.000:0.000|0.000:0.000:1.300",False,False,Stopped,60.00,40.00,3.00,MultiAgentTraffic
28.9222,9,3,275,-5.4901,0.0500,9.9204,322.5127,0.0000,0.0000,-24.0000,0.0000,15.0000,19.1943,7,"","","10.500:0.000:13.500|-4.200:0.000:9.628|11.530:0.000:-14.567|4.200:0.000:0.905|8.400:0.000:4.416","0.000:0.000:0.000|0.000:0.000:0.800|0.000:0.000:0.000|0.000:0.000:0.800|0.000:0.000:0.800","-10.500:0.000:13.500|20.000:0.000:-1.886","0.000:0.000:0.000|0.000:0.000:1.300",False,False,Stopped,60.00,40.00,3.00,MultiAgentTraffic
29.0270,9,3,276,-5.4901,0.0500,9.9204,322.5127,0.0000,0.0000,-24.0000,0.0000,15.0000,19.1943,7,"","","10.500:0.000:13.500|-4.200:0.000:9.712|11.530:0.000:-14.567|4.200:0.000:0.989|8.400:0.000:4.500","0.000:0.000:0.000|0.000:0.000:0.800|0.000:0.000:0.000|0.000:0.000:0.800|0.000:0.000:0.800","-10.500:0.000:13.500|20.000:0.000:-1.750","0.000:0.000:0.000|0.000:0.000:1.300",False,False,Stopped,60.00,40.00,3.00,MultiAgentTraffic
29.1328,9,3,277,-5.4901,0.0500,9.9204,322.5127,0.0000,0.0000,-24.0000,0.0000,15.0000,19.1943,7,"","","10.500:0.000:13.500|-4.200:0.000:9.797|11.530:0.000:-14.567|4.200:0.000:1.073|8.400:0.000:4.585","0.000:0.000:0.000|0.000:0.000:0.800|0.000:0.000:0.000|0.000:0.000:0.800|0.000:0.000:0.800","-10.500:0.000:13.500|20.000:0.000:-1.612","0.000:0.000:0.000|0.000:0.000:1.300",False,False,Stopped,60.00,40.00,3.00,MultiAgentTraffic
29.2417,9,3,278,-5.4901,0.0500,9.9204,322.5127,0.0000,0.0000,-24.0000,0.0000,15.0000,19.1943,7,"","","10.500:0.000:13.500|-4.200:0.000:9.884|11.530:0.000:-14.567|4.200:0.000:1.160|8.400:0.000:4.672","0.000:0.000:0.000|0.000:0.000:0.800|0.000:0.000:0.000|0.000:0.000:0.800|0.000:0.000:0.800","-10.500:0.000:13.500|20.000:0.000:-1.471","0.000:0.000:0.000|0.000:0.000:1.300",False,False,Stopped,60.00,40.00,3.00,MultiAgentTraffic
29.3522,9,3,279,-5.4901,0.0500,9.9204,322.5127,0.0000,0.0000,-24.0000,0.0000,15.0000,19.1943,7,"","","10.500:0.000:13.500|-4.200:0.000:9.972|11.530:0.000:-14.567|4.200:0.000:1.249|8.400:0.000:4.760","0.000:0.000:0.000|0.000:0.000:0.800|0.000:0.000:0.000|0.000:0.000:0.800|0.000:0.000:0.800","-10.500:0.000:13.500|20.000:0.000:-1.327","0.000:0.000:0.000|0.000:0.000:1.300",False,False,Stopped,60.00,40.00,3.00,MultiAgentTraffic
29.4612,9,3,280,-5.4901,0.0500,9.9204,322.5127,0.0000,0.0000,-24.0000,0.0000,15.0000,19.1943,7,"","","10.500:0.000:13.500|-4.200:0.000:10.059|11.530:0.000:-14.567|4.200:0.000:1.336|8.400:0.000:4.847","0.000:0.000:0.000|0.000:0.000:0.800|0.000:0.000:0.000|0.000:0.000:0.800|0.000:0.000:0.800","-10.500:0.000:13.500|20.000:0.000:-1.185","0.000:0.000:0.000|0.000:0.000:1.300",False,False,Stopped,60.00,40.00,3.00,MultiAgentTraffic
29.5704,9,3,281,-5.4901,0.0500,9.9204,322.5127,0.0000,0.0000,-24.0000,0.0000,15.0000,19.1943,7,"","","10.500:0.000:13.500|-4.200:0.000:10.147|11.530:0.000:-14.567|4.200:0.000:1.423|8.400:0.000:4.935","0.000:0.000:0.000|0.000:0.000:0.800|0.000:0.000:0.000|0.000:0.000:0.800|0.000:0.000:0.800","-10.500:0.000:13.500|20.000:0.000:-1.043","0.000:0.000:0.000|0.000:0.000:1.300",False,False,Stopped,60.00,40.00,3.00,MultiAgentTraffic
29.6791,9,3,282,-5.4901,0.0500,9.9204,322.5127,0.0000,0.0000,-24.0000,0.0000,15.0000,19.1943,7,"","","10.500:0.000:13.500|-4.200:0.000:10.234|11.530:0.000:-14.567|4.200:0.000:1.510|8.400:0.000:5.022","0.000:0.000:0.000|0.000:0.000:0.800|0.000:0.000:0.000|0.000:0.000:0.800|0.000:0.000:0.800","-10.500:0.000:13.500|20.000:0.000:-0.902","0.000:0.000:0.000|0.000:0.000:1.300",False,False,Stopped,60.00,40.00,3.00,MultiAgentTraffic
29.7872,9,3,283,-5.4901,0.0500,9.9204,322.5127,0.0000,0.0000,-24.0000,0.0000,15.0000,19.1943,7,"","","10.500:0.000:13.500|-4.200:0.000:10.320|11.530:0.000:-14.567|4.200:0.000:1.597|8.400:0.000:5.108","0.000:0.000:0.000|0.000:0.000:0.800|0.000:0.000:0.000|0.000:0.000:0.800|0.000:0.000:0.800","-10.500:0.000:13.500|20.000:0.000:-0.761","0.000:0.000:0.000|0.000:0.000:1.300",False,False,Stopped,60.00,40.00,3.00,MultiAgentTraffic
29.8936,9,3,284,-5.4901,0.0500,9.9204,322.5127,0.0000,0.0000,-24.0000,0.0000,15.0000,19.1943,7,"","","10.500:0.000:13.500|-4.200:0.000:10.405|11.530:0.000:-14.567|4.200:0.000:1.682|8.400:0.000:5.193","0.000:0.000:0.000|0.000:0.000:0.800|0.000:0.000:0.000|0.000:0.000:0.800|0.000:0.000:0.800","-10.500:0.000:13.500|20.000:0.000:-0.623","0.000:0.000:0.000|0.000:0.000:1.300",False,False,Stopped,60.00,40.00,3.00,MultiAgentTraffic
29.9949,9,3,285,-5.4901,0.0500,9.9204,322.5127,0.0000,0.0000,-24.0000,0.0000,15.0000,19.1943,7,"","","10.500:0.000:13.500|-4.200:0.000:10.486|11.530:0.000:-14.567|4.200:0.000:1.763|8.400:0.000:5.274","0.000:0.000:0.000|0.000:0.000:0.800|0.000:0.000:0.000|0.000:0.000:0.800|0.000:0.000:0.800","-10.500:0.000:13.500|20.000:0.000:-0.491","0.000:0.000:0.000|0.000:0.000:1.300",False,False,Stopped,60.00,40.00,3.00,MultiAgentTraffic
30.0959,9,3,286,-5.4901,0.0500,9.9204,322.5127,0.0000,0.0000,-24.0000,0.0000,15.0000,19.1943,7,"","","10.500:0.000:13.500|-4.200:0.000:10.567|11.530:0.000:-14.567|4.200:0.000:1.844|8.400:0.000:5.355","0.000:0.000:0.000|0.000:0.000:0.800|0.000:0.000:0.000|0.000:0.000:0.800|0.000:0.000:0.800","-10.500:0.000:13.500|20.000:0.000:-0.360","0.000:0.000:0.000|0.000:0.000:1.300",False,False,Stopped,60.00,40.00,3.00,MultiAgentTraffic
30.1963,9,3,287,-5.4901,0.0500,9.9204,322.5127,0.0000,0.0000,-24.0000,0.0000,15.0000,19.1943,7,"","","10.500:0.000:13.500|-4.200:0.000:10.648|11.530:0.000:-14.567|4.200:0.000:1.924|8.400:0.000:5.436","0.000:0.000:0.000|0.000:0.000:0.800|0.000:0.000:0.000|0.000:0.000:0.800|0.000:0.000:0.800","-10.500:0.000:13.500|20.000:0.000:-0.229","0.000:0.000:0.000|0.000:0.000:1.300",False,False,Stopped,60.00,40.00,3.00,MultiAgentTraffic
30.3009,9,3,288,-5.4901,0.0500,9.9204,322.5127,0.0000,0.0000,-24.0000,0.0000,15.0000,19.1943,7,"","","10.500:0.000:13.500|-4.200:0.000:10.731|11.530:0.000:-14.567|4.200:0.000:2.008|8.400:0.000:5.519","0.000:0.000:0.000|0.000:0.000:0.800|0.000:0.000:0.000|0.000:0.000:0.800|0.000:0.000:0.800","-10.500:0.000:13.500|20.000:0.000:-0.094","0.000:0.000:0.000|0.000:0.000:1.300",False,False,Stopped,60.00,40.00,3.00,MultiAgentTraffic
30.4113,9,3,289,-5.4901,0.0500,9.9204,322.5127,0.0000,0.0000,-24.0000,0.0000,15.0000,19.1943,7,"","","10.500:0.000:13.500|-4.200:0.000:10.819|11.530:0.000:-14.567|4.200:0.000:2.096|8.400:0.000:5.607","0.000:0.000:0.000|0.000:0.000:0.800|0.000:0.000:0.000|0.000:0.000:0.800|0.000:0.000:0.800","-10.500:0.000:13.500|20.000:0.000:0.050","0.000:0.000:0.000|0.000:0.000:1.300",False,False,Stopped,60.00,40.00,3.00,MultiAgentTraffic
30.5124,9,3,290,-5.4901,0.0500,9.9204,322.5127,0.0000,0.0000,-24.0000,0.0000,15.0000,19.1943,7,"","","10.500:0.000:13.500|-4.200:0.000:10.900|11.530:0.000:-14.567|4.200:0.000:2.177|8.400:0.000:5.688","0.000:0.000:0.000|0.000:0.000:0.800|0.000:0.000:0.000|0.000:0.000:0.800|0.000:0.000:0.800","-10.500:0.000:13.500|20.000:0.000:0.181","0.000:0.000:0.000|0.000:0.000:1.300",False,False,Stopped,60.00,40.00,3.00,MultiAgentTraffic
30.6124,9,3,291,-5.4901,0.0500,9.9204,322.5127,0.0000,0.0000,-24.0000,0.0000,15.0000,19.1943,7,"","","10.500:0.000:13.500|-4.200:0.000:10.980|11.530:0.000:-14.567|4.200:0.000:2.257|8.400:0.000:5.768","0.000:0.000:0.000|0.000:0.000:0.800|0.000:0.000:0.000|0.000:0.000:0.800|0.000:0.000:0.800","-10.500:0.000:13.500|20.000:0.000:0.311","0.000:0.000:0.000|0.000:0.000:1.300",False,False,Stopped,60.00,40.00,3.00,MultiAgentTraffic
30.7231,9,3,292,-5.4901,0.0500,9.9204,322.5127,0.0000,0.0000,-24.0000,0.0000,15.0000,19.1943,7,"","","10.500:0.000:13.500|-4.200:0.000:11.069|11.530:0.000:-14.567|4.200:0.000:2.345|8.400:0.000:5.857","0.000:0.000:0.000|0.000:0.000:0.800|0.000:0.000:0.000|0.000:0.000:0.800|0.000:0.000:0.800","-10.500:0.000:13.500|20.000:0.000:0.455","0.000:0.000:0.000|0.000:0.000:1.300",False,False,Stopped,60.00,40.00,3.00,MultiAgentTraffic
30.8329,9,3,293,-5.4901,0.0500,9.9204,322.5127,0.0000,0.0000,-24.0000,0.0000,15.0000,19.1943,7,"","","10.500:0.000:13.500|-4.200:0.000:11.157|11.530:0.000:-14.567|4.200:0.000:2.433|8.400:0.000:5.945","0.000:0.000:0.000|0.000:0.000:0.800|0.000:0.000:0.000|0.000:0.000:0.800|0.000:0.000:0.800","-10.500:0.000:13.500|20.000:0.000:0.598","0.000:0.000:0.000|0.000:0.000:1.300",False,False,Stopped,60.00,40.00,3.00,MultiAgentTraffic
30.9431,9,3,294,-5.4901,0.0500,9.9204,322.5127,0.0000,0.0000,-24.0000,0.0000,15.0000,19.1943,7,"","","10.500:0.000:13.500|-4.200:0.000:11.245|11.530:0.000:-14.567|4.200:0.000:2.521|8.400:0.000:6.033","0.000:0.000:0.000|0.000:0.000:0.800|0.000:0.000:0.000|0.000:0.000:0.800|0.000:0.000:0.800","-10.500:0.000:13.500|20.000:0.000:0.741","0.000:0.000:0.000|0.000:0.000:1.300",False,False,Stopped,60.00,40.00,3.00,MultiAgentTraffic
31.0481,9,3,295,-5.4901,0.0500,9.9204,322.5127,0.0000,0.0000,-24.0000,0.0000,15.0000,19.1943,7,"","","10.500:0.000:13.500|-4.200:0.000:11.329|11.530:0.000:-14.567|4.200:0.000:2.606|8.400:0.000:6.117","0.000:0.000:0.000|0.000:0.000:0.800|0.000:0.000:0.000|0.000:0.000:0.800|0.000:0.000:0.800","-10.500:0.000:13.500|20.000:0.000:0.878","0.000:0.000:0.000|0.000:0.000:1.300",False,False,Stopped,60.00,40.00,3.00,MultiAgentTraffic
31.1576,9,3,296,-5.4901,0.0500,9.9204,322.5127,0.0000,0.0000,-24.0000,0.0000,15.0000,19.1943,7,"","","10.500:0.000:13.500|-4.200:0.000:11.417|11.530:0.000:-14.567|4.200:0.000:2.693|8.400:0.000:6.205","0.000:0.000:0.000|0.000:0.000:0.800|0.000:0.000:0.000|0.000:0.000:0.800|0.000:0.000:0.800","-10.500:0.000:13.500|20.000:0.000:1.020","0.000:0.000:0.000|0.000:0.000:1.300",False,False,Stopped,60.00,40.00,3.00,MultiAgentTraffic
31.2679,9,3,297,-5.4901,0.0500,9.9204,322.5127,0.0000,0.0000,-24.0000,0.0000,15.0000,19.1943,7,"","","10.500:0.000:13.500|-4.200:0.000:11.505|11.530:0.000:-14.567|4.200:0.000:2.781|8.400:0.000:6.293","0.000:0.000:0.000|0.000:0.000:0.800|0.000:0.000:0.000|0.000:0.000:0.800|0.000:0.000:0.800","-10.500:0.000:13.500|20.000:0.000:1.164","0.000:0.000:0.000|0.000:0.000:1.300",False,False,Stopped,60.00,40.00,3.00,MultiAgentTraffic
31.3776,9,3,298,-5.4901,0.0500,9.9204,322.5127,0.0000,0.0000,-24.0000,0.0000,15.0000,19.1943,7,"","","10.500:0.000:13.500|-4.200:0.000:11.593|11.530:0.000:-14.567|4.200:0.000:2.869|8.400:0.000:6.381","0.000:0.000:0.000|0.000:0.000:0.800|0.000:0.000:0.000|0.000:0.000:0.800|0.000:0.000:0.800","-10.500:0.000:13.500|20.000:0.000:1.306","0.000:0.000:0.000|0.000:0.000:1.300",False,False,Stopped,60.00,40.00,3.00,MultiAgentTraffic
31.4893,9,3,299,-5.4901,0.0500,9.9204,322.5127,0.0000,0.0000,-24.0000,0.0000,15.0000,19.1943,7,"","","10.500:0.000:13.500|-4.200:0.000:11.682|11.530:0.000:-14.567|4.200:0.000:2.958|8.400:0.000:6.470","0.000:0.000:0.000|0.000:0.000:0.800|0.000:0.000:0.000|0.000:0.000:0.800|0.000:0.000:0.800","-10.500:0.000:13.500|20.000:0.000:1.451","0.000:0.000:0.000|0.000:0.000:1.300",False,False,Stopped,60.00,40.00,3.00,MultiAgentTraffic
31.5973,9,3,300,-5.4901,0.0500,9.9204,322.5127,0.0000,0.0000,-24.0000,0.0000,15.0000,19.1943,7,"","","10.500:0.000:13.500|-4.200:0.000:11.768|11.530:0.000:-14.567|4.200:0.000:3.045|8.400:0.000:6.556","0.000:0.000:0.000|0.000:0.000:0.800|0.000:0.000:0.000|0.000:0.000:0.800|0.000:0.000:0.800","-10.500:0.000:13.500|20.000:0.000:1.592","0.000:0.000:0.000|0.000:0.000:1.300",False,False,Stopped,60.00,40.00,3.00,MultiAgentTraffic
31.7058,9,3,301,-5.4901,0.0500,9.9204,322.5127,0.0000,0.0000,-24.0000,0.0000,15.0000,19.1943,7,"","","10.500:0.000:13.500|-4.200:0.000:11.855|11.530:0.000:-14.567|4.200:0.000:3.132|8.400:0.000:6.643","0.000:0.000:0.000|0.000:0.000:0.800|0.000:0.000:0.000|0.000:0.000:0.800|0.000:0.000:0.800","-10.500:0.000:13.500|20.000:0.000:1.733","0.000:0.000:0.000|0.000:0.000:1.300",False,False,Stopped,60.00,40.00,3.00,MultiAgentTraffic
31.8171,9,3,302,-5.4901,0.0500,9.9204,322.5127,0.0000,0.0000,-24.0000,0.0000,15.0000,19.1943,7,"","","10.500:0.000:13.500|-4.200:0.000:11.944|11.530:0.000:-14.567|4.200:0.000:3.221|8.400:0.000:6.732","0.000:0.000:0.000|0.000:0.000:0.800|0.000:0.000:0.000|0.000:0.000:0.800|0.000:0.000:0.800","-10.500:0.000:13.500|20.000:0.000:1.877","0.000:0.000:0.000|0.000:0.000:1.300",False,False,Stopped,60.00,40.00,3.00,MultiAgentTraffic
