timestamp,scenario_id,episode_id,step_id,lidar_min_distance,lidar_front_distance,lidar_left_distance,lidar_right_distance,lidar_measurement_count,camera_detection_count,camera_detected_objects,ax,ay,az,gx,gy,gz,left_wheel_distance,right_wheel_distance,left_wheel_velocity,right_wheel_velocity,estimated_x,estimated_y,estimated_yaw,estimated_velocity,missing_sensor_flag,sensor_dropout_flag
0.1027,18,8,1,5.8154,9.9814,5.8412,9.9725,180,0,"",0.0705,0.0130,-0.0095,-0.0160,0.6869,-0.0037,-0.0014,0.0345,-0.0665,1.6403,-24.9424,-13.5757,11.7117,0.7869,False,False
0.2059,18,8,2,5.8687,9.9419,5.9162,10.0000,180,0,"",0.1359,0.0325,-0.0634,0.0159,0.8716,0.0097,0.0227,0.0327,1.0146,1.4629,-24.9021,-13.4421,20.0228,1.2388,False,False
0.3071,18,8,3,5.9617,10.0000,6.0924,9.9779,180,0,"",-0.0106,0.0462,-0.0200,-0.0018,0.6503,0.0184,0.0261,0.0166,1.2378,0.7891,-24.8515,-13.3401,26.5451,1.0135,False,False
0.4086,18,8,4,6.0704,9.9959,6.2933,9.9702,180,1,"Forklift(Clone):-3.99:0.04:-5.23",0.0678,0.0280,0.0529,0.0024,0.4923,-0.0372,0.0440,0.0428,1.9508,1.8960,-24.7611,-13.1935,34.3804,1.9234,False,False
0.5117,18,8,5,6.1751,10.0000,6.4892,10.0000,180,1,"Forklift(Clone):-4.04:0.01:-5.10",0.0431,-0.0219,-0.0016,0.0221,0.3882,0.0036,0.0294,0.0379,1.3695,1.7667,-24.6703,-13.0733,39.6837,1.5681,False,False
0.6144,18,8,6,6.2222,10.0000,6.5900,9.9951,180,1,"Forklift(Clone):-3.99:0.00:-4.82",0.0661,0.0032,0.0781,0.0161,0.2941,-0.0198,0.0284,0.0335,1.3054,1.5356,-24.5697,-12.9578,41.0100,1.4205,False,False
0.7152,18,8,7,6.3150,9.9627,6.7707,9.9758,180,1,"Forklift(Clone):-4.04:0.00:-4.70",0.0027,-0.1363,0.0642,-0.0205,0.2855,0.0284,0.0411,0.0446,1.8459,2.0034,-24.4840,-12.8726,45.9805,1.9247,False,False
0.8174,18,8,8,6.3487,9.9962,6.9267,9.9429,180,1,"Forklift(Clone):-4.02:-0.03:-4.38",-0.0541,-0.1386,-0.0005,0.0036,0.2097,0.0099,0.0355,0.0234,1.5371,1.0116,-24.3600,-12.7602,44.9945,1.2743,False,False
0.9202,18,8,9,6.4704,9.9741,7.0238,10.0000,180,2,"Human(Clone):2.01:0.01:-6.94|Forklift(Clone):-4.03:0.02:-4.27",0.0150,-0.0155,-0.0771,-0.0124,0.1033,0.0202,0.0315,0.0256,1.4737,1.1984,-24.2542,-12.6621,46.9041,1.3360,False,False
1.0220,18,8,10,6.5256,10.0000,7.1464,10.0000,180,2,"Human(Clone):2.02:0.01:-6.80|Forklift(Clone):-3.97:-0.02:-4.01",-0.0249,0.0428,-0.0611,-0.0039,0.1333,0.0314,0.0285,0.0344,1.2782,1.5427,-24.1558,-12.5817,51.8666,1.4105,False,False
1.1236,18,8,11,6.6282,9.9308,7.3063,9.9916,180,2,"Human(Clone):2.00:0.03:-6.68|Forklift(Clone):-4.01:0.00:-3.87",-0.0545,-0.0490,0.0149,0.0342,0.0472,0.0019,0.0349,0.0208,1.5171,0.9033,-24.0447,-12.5063,55.7549,1.2102,False,False
1.2236,18,8,12,6.6943,10.0000,7.4319,9.9793,180,2,"Human(Clone):2.02:0.00:-6.53|Forklift(Clone):-3.98:0.03:-3.57",-0.0457,0.0405,0.0666,0.0124,0.0520,-0.0064,0.0332,0.0318,1.5434,1.4792,-23.9107,-12.4264,61.5522,1.5113,False,False
1.3252,18,8,13,6.7246,9.9990,7.5186,9.9382,180,2,"Human(Clone):2.01:-0.03:-6.47|Forklift(Clone):-4.01:-0.02:-3.50",-0.0358,0.0427,-0.0423,0.0052,0.0650,-0.0496,0.0390,0.0367,1.7390,1.6363,-23.7732,-12.3585,64.1904,1.6876,False,False
1.4278,18,8,14,6.8174,9.9405,7.6687,9.9737,180,2,"Human(Clone):2.03:0.02:-6.34|Forklift(Clone):-3.98:-0.02:-3.19",-0.0190,0.0665,-0.0371,0.0028,0.0037,0.0156,0.0293,0.0108,1.3381,0.4917,-23.6410,-12.2978,61.8103,0.9149,False,False
1.5299,18,8,15,6.8997,10.0000,7.7373,9.9248,180,2,"Human(Clone):2.02:0.00:-6.20|Forklift(Clone):-4.03:0.00:-3.06",-0.0279,-0.0113,-0.0073,-0.0061,0.0320,-0.0309,0.0444,0.0215,2.1321,1.0320,-23.5046,-12.2269,60.7325,1.5821,False,False
1.6322,18,8,16,6.9455,9.9762,7.7455,9.9378,180,2,"Human(Clone):1.97:0.01:-6.06|Forklift(Clone):-3.96:-0.01:-2.79",-0.0255,0.0589,0.0710,-0.0104,0.0329,-0.0128,0.0320,0.0390,1.5270,1.8633,-23.3401,-12.1283,59.6077,1.6951,False,False
1.7340,18,8,17,7.0168,10.0000,7.8758,10.0000,180,2,"Human(Clone):2.04:-0.02:-6.01|Forklift(Clone):-4.02:0.00:-2.65",0.0512,-0.0152,0.0099,-0.0247,0.0226,-0.0115,0.0330,0.0431,1.4767,1.9252,-23.1888,-12.0392,60.1254,1.7010,False,False
1.8347,18,8,18,7.1213,9.8890,7.9785,9.9309,180,2,"Human(Clone):2.02:0.00:-5.78|Forklift(Clone):-3.99:0.00:-2.41",-0.0135,-0.0867,-0.0603,-0.0074,-0.0201,0.0024,0.0217,0.0296,0.9688,1.3231,-23.0528,-11.9613,60.6259,1.1459,False,False
1.9347,18,8,19,7.1718,10.0000,8.0606,9.9914,180,2,"Human(Clone):2.01:-0.02:-5.78|Forklift(Clone):-4.01:0.02:-2.25",-0.0423,-0.0018,-0.0026,0.0079,0.0289,-0.0015,0.0255,0.0505,1.2194,2.4180,-22.8985,-11.8879,69.1051,1.8187,False,False
2.0372,18,8,20,7.2232,10.0000,8.1533,10.0000,180,2,"Human(Clone):1.96:-0.03:-5.57|Forklift(Clone):-4.00:0.03:-1.94",-0.0183,0.0475,0.0727,-0.0131,0.0061,-0.0320,0.0436,0.0324,2.0697,1.5357,-22.7201,-11.8172,67.8680,1.8027,False,False
2.1383,18,8,21,7.2807,9.9940,8.2238,9.9997,180,2,"Human(Clone):1.99:-0.03:-5.52|Forklift(Clone):-4.00:-0.03:-1.80",-0.0901,0.0349,-0.0792,-0.0256,0.0101,-0.0013,0.0452,0.0306,2.2245,1.5058,-22.5652,-11.7354,60.9509,1.8651,False,False
2.2401,18,8,22,7.3693,9.9928,8.2973,10.0000,180,2,"Human(Clone):1.96:0.01:-5.31|Forklift(Clone):-4.02:-0.01:-1.54",-0.0092,-0.0631,-0.0403,-0.0104,-0.0048,0.0075,0.0294,0.0538,1.3731,2.5140,-22.4552,-11.6766,64.6368,1.9435,False,False
2.3414,18,8,23,7.3977,10.0000,8.3928,9.9709,180,2,"Human(Clone):2.05:0.00:-5.26|Forklift(Clone):-3.99:0.02:-1.43",0.0943,0.0272,-0.0593,0.0178,0.0162,0.0158,0.0280,0.0218,1.3114,1.0214,-22.3059,-11.6118,67.4103,1.1664,False,False
2.4436,18,8,24,7.5208,9.9050,8.4943,9.9941,180,2,"Human(Clone):2.02:-0.05:-5.08|Forklift(Clone):-4.00:-0.03:-1.16",-0.0334,0.0707,0.0149,0.0247,0.0355,0.0395,0.0354,0.0250,1.6664,1.1781,-22.1544,-11.5365,60.5045,1.4223,False,False
2.5445,18,8,25,7.5275,10.0000,8.4909,10.0000,180,2,"Human(Clone):1.99:0.03:-5.00|Forklift(Clone):-3.99:0.03:-1.02",0.0303,-0.0661,-0.0221,-0.0135,-0.0156,-0.0286,0.0297,0.0280,1.4772,1.3952,-22.0395,-11.4692,59.5040,1.4362,False,False
2.6451,18,8,26,7.5741,9.9449,8.5751,10.0000,180,2,"Human(Clone):1.97:0.02:-4.85|Forklift(Clone):-3.98:-0.04:-0.73",0.0332,-0.1040,0.0109,0.0108,0.0141,-0.0003,0.0216,0.0392,1.0054,1.8210,-21.8924,-11.3802,58.3540,1.4132,False,False
2.7478,18,8,27,7.7063,10.0000,8.6915,10.0000,180,2,"Human(Clone):2.01:0.03:-4.75|Forklift(Clone):-4.00:-0.01:-0.60",-0.0385,-0.0077,-0.0139,-0.0237,-0.0047,-0.0110,0.0300,0.0268,1.4615,1.3058,-21.7411,-11.2946,58.8910,1.3836,False,False
2.8492,18,8,28,7.7697,10.0000,8.7256,9.9919,180,2,"Human(Clone):2.01:-0.02:-4.59|Forklift(Clone):-3.98:-0.02:-0.33",-0.0631,-0.0146,0.0247,0.0220,-0.0090,-0.0017,0.0276,0.0361,1.2898,1.6866,-21.6521,-11.2295,53.9710,1.4882,False,False
2.9495,18,8,29,7.8531,10.0000,8.9170,10.0000,180,2,"Human(Clone):2.01:-0.03:-4.48|Forklift(Clone):-4.00:0.03:-0.14",0.0097,0.0642,0.0475,-0.0207,0.8190,-0.0118,0.0380,0.0463,1.8578,2.2640,-21.5418,-11.1556,57.3654,2.0609,False,False
3.0524,18,8,30,7.9618,10.0000,9.3961,9.9765,180,2,"Human(Clone):1.97:0.00:-4.34|Forklift(Clone):-4.00:0.00:0.06",0.0514,-0.0514,0.0196,0.0005,0.3154,-0.0013,0.0349,0.0503,1.6224,2.3383,-21.3628,-11.0657,66.5736,1.9803,False,False
3.1547,18,8,31,8.0414,10.0000,9.6216,10.0000,180,2,"Human(Clone):2.03:-0.02:-4.26|Forklift(Clone):-4.03:0.01:0.19",-0.0549,-0.0248,0.0429,0.0327,-0.1187,0.0158,0.0418,0.0336,1.8986,1.5255,-21.2351,-10.9861,55.4820,1.7120,False,False
3.2554,18,8,32,8.1130,9.9795,9.6349,10.0000,180,2,"Human(Clone):2.02:0.01:-4.07|Forklift(Clone):-3.97:-0.04:0.49",-0.0190,-0.0558,0.1644,0.0113,-0.1139,0.0085,0.0277,0.0285,1.3420,1.3841,-21.1207,-10.9059,54.1383,1.3630,False,False
3.3555,18,8,33,8.1495,9.9633,9.6920,10.0000,180,2,"Human(Clone):2.01:-0.02:-4.04|Forklift(Clone):-3.96:0.03:0.63",0.0282,-0.0010,0.0623,0.0143,-0.0672,0.0105,0.0182,0.0259,0.7831,1.1130,-20.9970,-10.8324,64.5661,0.9481,False,False
3.4575,18,8,34,8.2273,9.9724,9.7099,9.9362,180,2,"Human(Clone):2.01:0.02:-3.95|Forklift(Clone):-4.00:0.04:0.80",-0.0266,0.0415,-0.0324,0.0383,-0.0459,0.0048,0.0329,0.0245,1.4358,1.0686,-20.8214,-10.7589,64.4729,1.2522,False,False
3.5596,18,8,35,8.3959,10.0000,9.8051,10.0000,180,2,"Human(Clone):2.05:0.00:-3.76|Forklift(Clone):-4.04:-0.03:1.05",0.0333,-0.0364,0.0562,-0.0058,-0.0335,0.0323,0.0244,0.0357,1.1631,1.6988,-20.7011,-10.7090,69.4393,1.4309,False,False
3.6620,18,8,36,8.3677,10.0000,9.8771,10.0000,180,2,"Human(Clone):1.98:-0.04:-3.70|Forklift(Clone):-3.99:0.00:1.18",0.0548,-0.0574,-0.0030,-0.0163,-0.0438,0.0121,0.0335,0.0362,1.4800,1.5997,-20.5285,-10.6358,66.0889,1.5399,False,False
3.7648,18,8,37,8.5284,10.0000,9.9253,9.9808,180,2,"Human(Clone):2.00:0.01:-3.49|Forklift(Clone):-4.01:0.03:1.46",0.0275,0.0710,0.0747,-0.0332,-0.0110,0.0164,0.0227,0.0222,1.0986,1.0783,-20.3777,-10.5669,66.1949,1.0885,False,False
3.8716,18,8,38,8.5711,10.0000,10.0000,10.0000,180,2,"Human(Clone):1.98:0.03:-3.40|Forklift(Clone):-3.96:-0.01:1.74",0.0855,0.0127,0.0809,-0.0073,0.0119,-0.0091,0.0530,0.0374,2.1656,1.5278,-20.2156,-10.5170,74.4126,1.8467,False,False
3.9736,18,8,39,8.6756,9.9511,9.9838,9.9644,180,2,"Human(Clone):2.03:-0.03:-3.30|Forklift(Clone):-3.98:0.00:1.90",0.0350,-0.0369,-0.0372,0.0436,-0.0423,-0.0144,0.0305,0.0403,1.3546,1.7897,-20.0920,-10.4772,72.4084,1.5722,False,False
4.0756,18,8,40,8.7335,9.9459,10.0000,9.9705,180,2,"Human(Clone):2.00:0.04:-3.10|Forklift(Clone):-4.02:0.00:2.11",0.0082,-0.0340,-0.0390,-0.0344,-0.0261,0.0072,0.0361,0.0398,1.5988,1.7637,-19.9426,-10.4326,73.2035,1.6812,False,False
4.1769,18,8,41,8.7949,9.9900,10.0000,9.9931,180,2,"Human(Clone):1.98:0.00:-3.06|Forklift(Clone):-4.03:-0.01:2.24",0.1078,-0.0164,-0.0164,-0.0113,0.0008,0.0014,0.0446,0.0291,1.9288,1.2586,-19.8199,-10.4006,75.0480,1.5937,False,False
4.2782,18,8,42,8.8717,9.9524,9.9912,10.0000,180,2,"Human(Clone):1.99:0.00:-2.91|Forklift(Clone):-3.97:-0.01:2.44",0.0306,0.0161,0.0637,-0.0172,-0.0022,0.0121,0.0398,0.0387,1.8704,1.8229,-19.6567,-10.3529,74.5405,1.8466,False,False
4.3793,18,8,43,8.9661,10.0000,9.9879,10.0000,180,2,"Human(Clone):2.00:0.01:-2.75|Forklift(Clone):-4.00:-0.03:2.65",0.0524,-0.0181,-0.0201,0.0002,-0.0052,-0.0221,0.0395,0.0315,1.8597,1.4831,-19.5264,-10.3214,76.1453,1.6714,False,False
4.4812,18,8,44,9.0297,10.0000,10.0000,9.9231,180,2,"Human(Clone):1.99:0.00:-2.74|Forklift(Clone):-3.98:0.01:2.85",0.0840,-0.0263,0.1011,-0.0347,0.0155,-0.0201,0.0317,0.0087,1.4210,0.3901,-19.4052,-10.2918,72.4341,0.9055,False,False
4.5837,18,8,45,9.1071,9.9836,9.9738,10.0000,180,2,"Human(Clone):1.99:-0.04:-2.52|Forklift(Clone):-3.98:-0.03:3.13",0.0048,-0.0575,0.0054,-0.0013,-0.0213,-0.0108,0.0390,0.0136,1.9100,0.6656,-19.2572,-10.2481,69.2121,1.2878,False,False
4.6850,18,8,46,9.2187,9.9946,9.9701,10.0000,180,2,"Human(Clone):2.01:0.00:-2.46|Forklift(Clone):-3.98:-0.01:3.27",-0.0221,0.0519,-0.0221,-0.0089,0.0075,0.0195,0.0423,0.0332,1.9060,1.4974,-19.1197,-10.2056,71.3290,1.7017,False,False
4.7851,18,8,47,9.2771,10.0000,9.9920,10.0000,180,2,"Human(Clone):2.02:0.03:-2.27|Forklift(Clone):-3.96:0.00:3.49",0.0449,-0.0372,-0.0360,0.0176,0.0036,-0.0280,0.0334,0.0386,1.4600,1.6894,-18.9676,-10.1707,79.8074,1.5747,False,False
4.8854,18,8,48,9.3609,10.0000,9.9484,10.0000,180,2,"Human(Clone):1.98:-0.02:-2.23|Forklift(Clone):-4.02:-0.03:3.62",0.0533,-0.0186,0.0272,0.0200,0.0139,0.0094,0.0077,0.0169,0.3674,0.8079,-18.8680,-10.1602,85.2938,0.5876,False,False
4.9863,18,8,49,9.2535,10.0000,10.0000,9.9608,180,2,"Human(Clone):1.97:0.02:-2.05|Forklift(Clone):-3.97:0.02:3.93",-0.0101,0.0131,-0.0076,-0.0076,-0.0103,0.0023,0.0274,0.0183,1.3146,0.8746,-18.7116,-10.1473,84.6261,1.0946,False,False
5.0886,18,8,50,9.1885,9.9822,10.0000,10.0000,180,2,"Human(Clone):1.96:0.00:-1.99|Forklift(Clone):-3.98:0.03:4.06",0.0550,0.0039,-0.0038,-0.0265,0.0368,-0.0077,0.0333,0.0398,1.4605,1.7463,-18.5472,-10.1275,80.3570,1.6034,False,False
5.1888,18,8,51,9.0997,10.0000,9.9734,9.9758,180,2,"Human(Clone):1.99:-0.02:-1.83|Forklift(Clone):-4.01:-0.01:4.30",-0.0003,-0.0527,0.0465,0.0154,0.0013,-0.0235,0.0298,0.0305,1.4442,1.4781,-18.4167,-10.1101,82.6400,1.4611,False,False
5.2905,18,8,52,9.0226,9.9794,10.0000,9.9801,180,2,"Human(Clone):2.00:0.02:-1.72|Forklift(Clone):-3.99:0.03:4.45",0.0607,0.0757,0.0907,0.0186,-0.0250,-0.0109,0.0267,0.0363,1.1523,1.5660,-18.2523,-10.0869,82.3890,1.3591,False,False
5.3925,18,8,53,8.9412,10.0000,10.0000,9.9664,180,2,"Human(Clone):2.01:-0.04:-1.56|Forklift(Clone):-3.98:0.00:4.76",0.0544,-0.0055,0.0063,-0.0166,0.0143,-0.0018,0.0462,0.0338,2.2075,1.6136,-18.0694,-10.0635,80.6144,1.9105,False,False
5.4949,18,8,54,8.8863,9.9692,9.9946,10.0000,180,2,"Human(Clone):2.01:0.03:-1.49|Forklift(Clone):-4.02:0.04:4.86",-0.0013,0.0781,-0.0277,0.0127,0.0081,-0.0102,0.0367,0.0379,1.6125,1.6655,-17.9205,-10.0541,86.0992,1.6390,False,False
5.5962,18,8,55,8.8285,10.0000,10.0000,9.9787,180,2,"Human(Clone):1.98:-0.01:-1.34|Forklift(Clone):-4.01:0.02:5.19",0.0071,0.0338,-0.0475,0.0080,0.0383,-0.0070,0.0462,0.0327,2.0785,1.4708,-17.7384,-10.0461,88.3697,1.7746,False,False
5.6987,18,8,56,8.7444,9.9472,10.0000,10.0000,180,2,"Human(Clone):2.00:0.05:-1.23|Forklift(Clone):-4.03:0.02:5.27",0.0287,-0.0589,-0.0082,-0.0034,0.0090,0.0017,0.0448,0.0222,2.0324,1.0072,-17.6184,-10.0338,82.3578,1.5198,False,False
5.8012,18,8,57,8.6063,9.9708,10.0000,10.0000,180,2,"Human(Clone):2.00:-0.01:-1.05|Forklift(Clone):-4.02:0.01:5.54",-0.0102,-0.0116,0.0891,-0.0015,0.0029,-0.0085,0.0136,0.0309,0.6731,1.5312,-17.4411,-10.0130,86.4551,1.1022,False,False
5.9019,18,8,58,8.5497,9.9697,10.0000,9.8842,180,2,"Human(Clone):2.02:-0.01:-0.96|Forklift(Clone):-4.02:0.00:5.65",-0.0014,0.0300,-0.0054,0.0261,0.0105,0.0065,0.0271,0.0331,1.2497,1.5268,-17.2629,-10.0086,88.4306,1.3883,False,False
6.0027,18,8,59,8.5251,9.9603,10.0000,9.8340,180,2,"Human(Clone):1.99:0.00:-0.85|Forklift(Clone):-4.02:-0.02:5.80",0.0966,-0.0330,-0.0704,-0.0145,-0.0125,-0.0103,0.0235,0.0242,1.0738,1.1048,-17.1461,-10.0044,87.7143,1.0893,False,False
6.1052,18,8,60,8.3460,9.9567,9.9882,9.6914,180,2,"Human(Clone):1.99:-0.03:-0.76|Forklift(Clone):-3.99:-0.01:5.62",-0.0307,-0.0132,0.0542,-0.0187,-0.0161,0.0182,0.0213,0.0088,1.0525,0.4324,-17.0019,-10.0045,87.8585,0.7425,False,False
6.2058,18,8,61,8.3631,10.0000,10.0000,9.6290,180,2,"Human(Clone):1.98:-0.01:-0.59|Forklift(Clone):-3.97:0.01:5.36",-0.1258,-0.0423,-0.0080,0.0240,0.0192,0.0349,0.0306,0.0423,1.5055,2.0817,-16.8410,-9.9998,88.5002,1.7936,False,False
6.3079,18,8,62,8.2570,9.9921,10.0000,9.7718,180,2,"Human(Clone):1.99:-0.01:-0.50|Forklift(Clone):-3.99:0.04:5.23",-0.0733,0.0327,-0.0280,-0.0069,0.0398,-0.0314,0.0419,0.0358,1.7764,1.5171,-16.6685,-10.0011,92.9870,1.6468,False,False
6.4096,18,8,63,8.2190,10.0000,9.9916,10.0000,180,2,"Human(Clone):2.00:0.04:-0.34|Forklift(Clone):-3.97:0.03:4.92",0.1124,-0.0471,0.0408,-0.0014,-0.0175,0.0080,0.0348,0.0255,1.6686,1.2208,-16.5405,-10.0075,93.2381,1.4447,False,False
6.5106,18,8,64,8.1402,10.0000,10.0000,10.0000,180,2,"Human(Clone):2.02:0.00:-0.28|Forklift(Clone):-4.01:0.02:4.76",-0.0302,-0.0122,-0.0083,-0.0136,-0.0177,0.0091,0.0410,0.0358,1.7423,1.5197,-16.3564,-10.0168,95.2692,1.6310,False,False
6.6120,18,8,65,8.0340,9.9973,10.0000,9.9987,180,2,"Human(Clone):2.02:-0.03:-0.08|Forklift(Clone):-4.01:-0.01:4.56",-0.0500,-0.0223,-0.0221,0.0247,0.0232,-0.0153,0.0113,0.0290,0.5122,1.3122,-16.2099,-10.0272,96.2598,0.9122,False,False
6.7148,18,8,66,7.9677,10.0000,9.9780,10.0000,180,2,"Human(Clone):1.98:0.01:-0.04|Forklift(Clone):-4.02:0.04:4.37",-0.0183,-0.0954,-0.0446,-0.0287,-0.0147,-0.0005,0.0192,0.0165,0.9177,0.7899,-16.0564,-10.0420,95.6420,0.8538,False,False
6.8148,18,8,67,7.8788,10.0000,9.9534,9.9822,180,2,"Human(Clone):1.99:0.04:0.15|Forklift(Clone):-4.01:-0.02:4.14",-0.0078,-0.0472,0.0069,-0.0196,0.0217,0.0097,0.0362,0.0405,1.7991,2.0114,-15.9125,-10.0588,96.7485,1.9052,False,False
6.9190,18,8,68,7.7809,10.0000,9.9602,10.0000,180,2,"Human(Clone):1.96:0.01:0.25|Forklift(Clone):-3.98:-0.01:3.96",-0.0510,-0.0313,-0.0708,-0.0072,0.0045,-0.0006,0.0288,0.0457,1.3534,2.1530,-15.7205,-10.0857,99.6268,1.7532,False,False
7.0212,18,8,69,7.7155,9.9208,10.0000,9.9488,180,2,"Human(Clone):2.02:0.02:0.45|Forklift(Clone):-4.00:0.03:3.68",-0.0023,-0.0476,-0.0506,-0.0092,0.0082,-0.0293,0.0361,0.0293,1.6748,1.3610,-15.5567,-10.1073,97.1317,1.5179,False,False
7.1224,18,8,70,7.6952,10.0000,10.0000,9.9149,180,2,"Human(Clone):1.97:0.03:0.51|Forklift(Clone):-3.99:0.01:3.57",-0.0406,0.0469,-0.0600,-0.0153,0.0289,-0.0285,0.0204,0.0454,0.8967,1.9943,-15.4349,-10.1270,101.8057,1.4455,False,False
7.2229,18,8,71,7.5492,9.9780,10.0000,9.9825,180,2,"Human(Clone):1.96:-0.01:0.67|Forklift(Clone):-4.04:0.02:3.29",-0.0197,-0.0097,0.0415,-0.0061,0.0280,0.0084,0.0319,0.0327,1.3637,1.3972,-15.2726,-10.1784,108.9881,1.3805,False,False
7.3230,18,8,72,7.5200,10.0000,10.0000,10.0000,180,2,"Human(Clone):1.99:-0.04:0.74|Forklift(Clone):-3.99:-0.02:3.12",-0.0437,-0.0402,0.0010,-0.0124,-0.0034,0.0211,0.0356,0.0110,1.7773,0.5482,-15.1516,-10.2299,110.8305,1.1627,False,False
7.4252,18,8,73,7.4157,10.0000,9.9955,10.0000,180,2,"Human(Clone):2.04:0.02:0.83|Forklift(Clone):-4.00:0.02:2.97",-0.1304,-0.0209,-0.0058,0.0081,-0.0160,0.0108,0.0408,0.0231,1.7994,1.0202,-15.0060,-10.2907,112.4273,1.4098,False,False
7.5257,18,8,74,7.3336,9.9457,9.9565,10.0000,180,2,"Human(Clone):2.02:0.03:1.00|Forklift(Clone):-4.03:0.03:2.74",0.0406,0.0110,-0.0358,0.0099,-0.0078,-0.0024,0.0329,0.0335,1.4611,1.4878,-14.8973,-10.3332,110.3523,1.4744,False,False
7.6262,18,8,75,7.2429,10.0000,9.9899,10.0000,180,2,"Human(Clone):1.96:0.02:1.08|Forklift(Clone):-4.02:0.00:2.62",0.0362,0.0136,-0.0225,0.0201,0.0512,-0.0200,0.0369,0.0197,1.8181,0.9730,-14.7478,-10.3787,104.5135,1.3956,False,False
7.7275,18,8,76,7.1996,9.9561,10.0000,10.0000,180,2,"Human(Clone):2.02:-0.02:1.20|Forklift(Clone):-4.05:0.00:2.31",0.0094,-0.0042,0.0000,0.0014,0.0136,-0.0333,0.0322,0.0464,1.6089,2.3136,-14.5964,-10.4380,114.7836,1.9613,False,False
7.8305,18,8,77,7.1135,10.0000,9.9853,10.0000,180,2,"Human(Clone):2.02:0.02:1.28|Forklift(Clone):-3.99:-0.03:2.23",0.0210,0.0349,0.0243,0.0278,0.0068,0.0009,0.0259,0.0346,1.2406,1.6532,-14.4331,-10.5059,111.9664,1.4469,False,False
7.9311,18,8,78,7.0516,9.9959,9.9355,9.9314,180,2,"Human(Clone):2.01:0.03:1.46|Forklift(Clone):-3.97:-0.02:1.94",0.0005,-0.0699,0.0125,-0.0305,-0.0121,0.0026,0.0183,0.0548,0.8401,2.5079,-14.2965,-10.5470,107.7600,1.6740,False,False
8.0311,18,8,79,6.9652,9.9885,9.9458,8.0087,180,2,"Human(Clone):1.99:0.04:1.55|Forklift(Clone):-3.98:0.03:1.77",0.1054,0.0280,-0.0052,-0.0202,0.0160,-0.0056,0.0356,0.0478,1.7011,2.2846,-14.1377,-10.6076,111.8344,1.9929,False,False
8.1340,18,8,80,6.8703,10.0000,10.0000,8.0219,180,2,"Human(Clone):1.97:-0.02:1.76|Forklift(Clone):-4.02:0.01:1.50",0.0105,0.0255,-0.0600,-0.0200,-0.0105,0.0004,0.0396,0.0325,1.8834,1.5489,-13.9950,-10.6631,109.2748,1.7161,False,False
8.2345,18,8,81,6.7871,10.0000,9.9492,7.8863,180,2,"Human(Clone):1.99:0.02:1.78|Forklift(Clone):-4.01:-0.01:1.33",0.0077,-0.0707,-0.0853,-0.0006,0.0291,0.0306,0.0484,0.0326,2.3172,1.5624,-13.7926,-10.7214,103.9211,1.9398,False,False
8.3361,18,8,82,6.7409,10.0000,9.9357,7.8734,180,2,"Human(Clone):2.03:-0.01:1.94|Forklift(Clone):-3.96:0.00:1.09",-0.0113,-0.0323,0.0538,-0.0352,0.0238,0.0206,0.0326,0.0188,1.6285,0.9419,-13.6227,-10.7543,96.7554,1.2852,False,False
8.4362,18,8,83,6.6400,10.0000,10.0000,7.7077,180,2,"Human(Clone):2.03:0.03:2.07|Forklift(Clone):-3.98:0.04:0.98",0.0700,0.0505,-0.0336,-0.0044,-0.0165,-0.0026,0.0286,0.0252,1.2812,1.1299,-13.4815,-10.7596,92.1225,1.2055,False,False
8.5385,18,8,84,6.5915,9.9818,9.9755,7.6615,180,2,"Human(Clone):2.02:0.02:2.18|Forklift(Clone):-4.02:-0.03:0.67",-0.0097,0.0064,0.0543,-0.0027,0.0127,-0.0161,0.0149,0.0338,0.7125,1.6186,-13.3513,-10.7662,96.4592,1.1655,False,False
8.6401,18,8,85,6.4933,10.0000,10.0000,7.5786,180,2,"Human(Clone):2.04:0.00:2.32|Forklift(Clone):-4.04:-0.01:0.56",0.0491,0.0136,0.0402,-0.0146,0.0151,-0.0027,0.0266,0.0196,1.3045,0.9592,-13.2051,-10.7876,96.0962,1.1318,False,False
8.7432,18,8,86,6.4311,9.9149,9.9931,7.4294,180,2,"Human(Clone):2.00:0.03:2.48|Forklift(Clone):-4.01:0.02:0.26",0.0932,0.0727,-0.0496,-0.0447,-0.0203,-0.0297,0.0565,0.0292,2.4220,1.2518,-13.0326,-10.8195,97.9894,1.8369,False,False
8.8461,18,8,87,6.3642,10.0000,10.0000,7.4228,180,2,"Human(Clone):1.99:0.02:2.57|Forklift(Clone):-4.04:0.02:0.12",0.0120,-0.0784,-0.0233,0.0046,-0.0439,0.0250,0.0171,0.0193,0.7929,0.8965,-12.9144,-10.8320,96.3106,0.8447,False,False
8.9475,18,8,88,6.3319,9.9983,10.0000,7.2620,180,2,"Human(Clone):2.03:0.03:2.69|Forklift(Clone):-4.05:0.00:-0.12",0.0999,-0.0097,-0.0295,-0.0132,0.0108,-0.0259,0.0394,0.0320,1.5882,1.2908,-12.7599,-10.8576,99.3529,1.4395,False,False
9.0511,18,8,89,6.2223,9.9518,10.0000,7.2177,180,2,"Human(Clone):2.00:0.01:2.80|Forklift(Clone):-3.97:0.02:-0.23",0.0274,-0.0329,0.0185,-0.0364,0.0207,0.0409,0.0265,0.0309,1.2125,1.4101,-12.6044,-10.8762,95.8128,1.3113,False,False
9.1516,18,8,90,6.1673,10.0000,9.9365,7.1079,180,2,"Human(Clone):2.01:0.04:2.95|Forklift(Clone):-3.98:0.04:-0.55",-0.1416,-0.1021,0.1456,-0.0092,-0.0159,-0.0047,0.0326,0.0357,1.5499,1.6984,-12.4782,-10.8938,99.3986,1.6241,False,False
9.2541,18,8,91,6.0336,9.9925,9.9673,6.9312,180,2,"Human(Clone):1.97:0.02:3.03|Forklift(Clone):-4.03:-0.01:-0.67",-0.0181,0.0022,0.0453,0.0020,0.0181,0.0022,0.0270,0.0316,1.2540,1.4680,-12.3121,-10.9168,96.5971,1.3610,False,False
9.3554,18,8,92,5.9587,10.0000,10.0000,6.9499,180,2,"Human(Clone):2.03:0.00:3.21|Forklift(Clone):-4.00:0.03:-0.92",-0.0169,-0.0270,-0.0348,-0.0278,0.0149,0.0091,0.0159,0.0227,0.7373,1.0507,-12.1517,-10.9222,91.1631,0.8940,False,False
9.4575,18,8,93,5.9356,10.0000,10.0000,6.8326,180,2,"Human(Clone):1.97:-0.01:3.25|Forklift(Clone):-4.00:-0.01:-1.10",0.0089,0.0138,0.0183,-0.0144,-0.0217,-0.0103,0.0162,0.0223,0.7189,0.9890,-12.0341,-10.9303,94.1616,0.8539,False,False
9.5596,18,8,94,5.8149,10.0000,9.9911,6.7925,180,1,"Human(Clone):2.01:-0.04:3.47",-0.0361,-0.0430,0.0201,0.0175,0.0054,-0.0165,0.0422,0.0181,1.9313,0.8274,-11.8385,-10.9379,89.9884,1.3794,False,False
9.6620,18,8,95,5.7863,10.0000,10.0000,6.6907,180,1,"Human(Clone):2.02:0.00:3.50",-0.0417,0.0045,0.0426,0.0339,0.0075,-0.0312,0.0220,0.0459,1.0588,2.2076,-11.6609,-10.9427,95.0569,1.6332,False,False
9.7634,18,8,96,5.7291,10.0000,9.9805,6.5710,180,1,"Human(Clone):1.99:-0.04:3.68",0.0316,-0.0301,0.0198,0.0124,-0.0289,0.0199,0.0404,0.0333,1.7771,1.4646,-11.5017,-10.9456,90.1198,1.6208,False,False
9.8663,18,8,97,5.6143,10.0000,9.9849,6.4887,180,1,"Human(Clone):1.96:-0.01:3.77",0.1261,-0.0964,0.0156,0.0123,0.0082,-0.0098,0.0392,0.0255,1.8151,1.1785,-11.3758,-10.9461,89.1350,1.4968,False,False
9.9688,18,8,98,5.5753,9.9998,10.0000,6.3423,180,1,"Human(Clone):2.00:0.02:3.95",-0.0251,-0.0408,-0.0063,0.0094,-0.0160,-0.0146,0.0320,0.0390,1.3889,1.6953,-11.1969,-10.9469,90.8658,1.5421,False,False
10.0721,18,8,99,5.5626,10.0000,9.9969,6.2929,180,1,"Human(Clone):1.96:0.02:4.04",-0.0579,-0.0588,0.0900,-0.0003,0.0267,0.0130,0.0330,0.0465,1.5647,2.2051,-11.0378,-10.9493,93.8297,1.8849,False,False
10.1723,18,8,100,5.4926,9.9588,9.9998,6.3567,180,1,"Human(Clone):2.02:-0.03:4.17",0.0787,-0.0203,0.0443,0.0271,-0.0264,-0.0111,0.0343,0.0389,1.6987,1.9230,-10.8847,-10.9522,94.2516,1.8108,False,False
10.2723,18,8,101,5.4495,10.0000,10.0000,6.1018,180,1,"Human(Clone):2.00:0.01:4.22",0.0437,-0.0510,0.0303,0.0193,0.0191,0.0073,0.0318,0.0222,1.5190,1.0628,-10.7566,-10.9646,95.0986,1.2909,False,False
10.3752,18,8,102,5.4088,10.0000,10.0000,6.0598,180,1,"Human(Clone):2.00:0.01:4.39",0.0224,0.0727,-0.0511,0.0330,-0.0111,-0.0173,0.0324,0.0412,1.3861,1.7649,-10.5697,-10.9920,101.3847,1.5755,False,False
10.4778,18,8,103,5.3574,9.9807,10.0000,5.9290,180,1,"Human(Clone):1.96:-0.01:4.49",0.0444,-0.0398,0.0580,0.0064,-0.0214,-0.0128,0.0230,0.0222,1.0666,1.0306,-10.4406,-11.0090,97.1660,1.0486,False,False
10.5802,18,8,104,5.2846,10.0000,9.9579,5.8449,180,1,"Human(Clone):2.00:-0.01:4.65",0.0276,0.0017,-0.0059,-0.0415,0.0030,0.0112,0.0403,0.0201,1.9645,0.9825,-10.2859,-11.0229,91.0519,1.4735,False,False
10.6817,18,8,105,5.3107,9.9808,10.0000,5.8700,180,1,"Human(Clone):1.99:-0.04:4.77",-0.0359,-0.0057,-0.0063,0.0114,0.0092,0.0220,0.0319,0.0573,1.3883,2.4949,-10.1049,-11.0355,97.6965,1.9416,False,False
10.7836,18,8,106,5.1064,9.9955,9.9981,5.7084,180,1,"Human(Clone):2.03:0.01:4.91",0.0436,0.0057,0.1057,-0.0371,0.0333,0.0160,0.0349,0.0375,1.5940,1.7127,-9.9369,-11.0618,100.3024,1.6533,False,False
10.8840,18,8,107,4.9723,9.9937,9.9837,5.5423,180,1,"Human(Clone):2.02:-0.02:5.00",-0.0192,-0.0401,-0.0004,0.0001,-0.0195,-0.0208,0.0254,0.0167,1.1774,0.7719,-9.8279,-11.0814,99.9153,0.9747,False,False
10.9844,18,8,108,4.9539,10.0000,10.0000,5.5399,180,1,"Human(Clone):2.00:0.04:5.16",-0.0019,-0.0110,0.0481,-0.0036,0.0037,-0.0300,0.0123,0.0174,0.5692,0.8078,-9.6918,-11.1058,101.4421,0.6885,False,False
11.0870,18,8,109,4.8495,10.0000,10.0000,5.5567,180,1,"Human(Clone):2.05:0.01:5.24",0.0180,-0.0376,0.0397,0.0174,0.0104,0.0396,0.0461,0.0391,2.1224,1.7982,-9.5657,-11.1225,95.0696,1.9603,False,False
11.1898,18,8,110,4.7098,10.0000,10.0000,5.3332,180,1,"Human(Clone):2.02:-0.02:5.38",0.0072,-0.0587,0.0307,-0.0058,0.0134,-0.0113,0.0242,0.0386,1.1850,1.8911,-9.4403,-11.1348,96.9210,1.5380,False,False
11.2912,18,8,111,4.6288,9.9888,9.9725,5.2862,180,1,"Human(Clone):2.03:-0.01:5.52",0.0011,0.0154,0.0065,-0.0185,-0.0013,-0.0419,0.0211,0.0421,1.0143,2.0289,-9.2868,-11.1689,107.8250,1.5216,False,False
11.3938,18,8,112,4.4618,10.0000,9.9474,5.2822,180,1,"Human(Clone):2.00:-0.01:5.69",-0.0225,-0.0003,0.0874,-0.0290,-0.0354,-0.0060,0.0332,0.0515,1.6132,2.5040,-9.1296,-11.2312,113.1872,2.0586,False,False
11.4960,18,8,113,4.4767,9.9940,10.0000,5.2797,180,1,"Human(Clone):1.99:0.00:5.74",0.0802,-0.0624,0.0205,0.0172,-0.0039,-0.0038,0.0324,-0.0054,1.5131,-0.2534,-8.9720,-11.2926,103.3486,0.6299,False,False
11.5975,18,8,114,4.3569,9.9968,9.9931,5.6143,180,1,"Human(Clone):2.01:0.02:5.85",0.0911,0.0274,-0.0148,0.0015,0.0060,0.0082,0.0295,0.0432,1.2921,1.8928,-8.8689,-11.3162,103.7951,1.5924,False,False
11.7004,18,8,115,4.1775,9.9561,9.8930,5.8192,180,1,"Human(Clone):1.95:0.02:5.98",-0.0201,-0.0527,0.0272,0.0046,0.0098,0.0007,0.0338,0.0392,1.6280,1.8855,-8.6855,-11.3472,99.1539,1.7567,False,False
11.8025,18,8,116,4.2156,10.0000,9.9662,6.0187,180,1,"Human(Clone):2.00:-0.02:6.12",-0.0446,0.0012,-0.0227,0.0261,0.0448,0.0030,0.0312,0.0330,1.4573,1.5387,-8.5491,-11.3791,104.8711,1.4980,False,False
11.9032,18,8,117,4.1213,10.0000,10.0000,9.5762,180,1,"Human(Clone):2.04:0.01:6.22",0.0263,0.0346,-0.0155,-0.0292,0.0116,-0.0311,0.0271,0.0405,1.3204,1.9760,-8.3872,-11.4172,106.1729,1.6482,False,False
12.0050,18,8,118,4.0568,10.0000,9.9968,9.4167,180,1,"Human(Clone):1.99:-0.01:6.36",0.0088,0.0903,0.0136,0.0140,0.0121,0.0246,0.0261,0.0409,1.1924,1.8647,-8.2579,-11.4539,107.6348,1.5286,False,False
12.1073,18,8,119,3.9307,10.0000,10.0000,9.4218,180,1,"Human(Clone):2.00:0.00:6.49",-0.0342,0.0894,-0.0072,0.0060,0.0015,-0.0133,0.0419,0.0226,2.0149,1.0863,-8.0985,-11.5160,109.2110,1.5506,False,False
12.2081,18,8,120,3.8710,9.8255,10.0000,9.2828,180,1,"Human(Clone):1.99:0.00:6.64",0.0964,-0.0806,-0.0126,-0.0070,-0.0282,-0.0217,0.0405,0.0379,1.8932,1.7721,-7.9442,-11.5674,108.6825,1.8327,False,False
12.3092,18,8,121,3.7821,9.6957,9.9945,9.2310,180,1,"Human(Clone):2.01:-0.03:6.70",0.0228,-0.0831,-0.0824,-0.0001,0.0245,-0.0112,0.0360,0.0426,1.4825,1.7562,-7.8033,-11.6091,105.5102,1.6193,False,False
12.4105,18,8,122,3.7085,9.6305,9.9760,9.1965,180,1,"Human(Clone):2.02:-0.02:6.89",-0.0269,0.0830,-0.0278,-0.0180,0.0206,0.0079,0.0353,0.0425,1.5507,1.8695,-7.6568,-11.6513,107.9943,1.7101,False,False
12.5125,18,8,123,3.5958,9.4272,10.0000,9.0433,180,1,"Human(Clone):1.95:0.01:6.95",0.0360,0.0859,0.0607,-0.0099,-0.0217,0.0040,0.0316,0.0357,1.5726,1.7752,-7.4877,-11.7016,105.5723,1.6739,False,False
12.6133,18,8,124,3.5632,9.3288,10.0000,8.9695,180,1,"Human(Clone):2.02:0.01:7.12",0.1239,0.0551,-0.0230,-0.0055,-0.0131,0.0033,0.0208,0.0293,0.9681,1.3660,-7.3743,-11.7346,108.2609,1.1671,False,False
12.7156,18,8,125,3.4740,9.1343,10.0000,8.9083,180,1,"Human(Clone):2.03:0.01:7.21",-0.0011,-0.0677,-0.1376,0.0181,-0.0188,-0.0161,0.0172,0.0359,0.8158,1.6992,-7.2357,-11.7828,111.2802,1.2575,False,False
12.8161,18,8,126,3.4294,8.9415,10.0000,8.8530,180,1,"Human(Clone):2.01:-0.03:7.36",-0.0388,0.0297,-0.0285,0.0207,-0.0073,0.0078,0.0521,0.0244,2.3391,1.0975,-7.0716,-11.8529,108.5974,1.7183,False,False
12.9185,18,8,127,3.3401,8.8278,9.9736,8.9821,180,1,"Human(Clone):2.00:0.02:7.46",0.0785,0.0146,-0.0617,0.0232,0.0342,-0.0306,0.0441,0.0352,1.9649,1.5648,-6.9364,-11.8951,105.9668,1.7649,False,False
13.0193,18,8,128,3.2328,8.6583,9.9815,9.2420,180,1,"Human(Clone):1.97:0.01:7.56",-0.0235,-0.0769,0.0409,0.0170,-0.0103,-0.0362,0.0260,0.0362,1.1750,1.6345,-6.7721,-11.9314,102.0996,1.4047,False,False
13.1200,18,8,129,3.2052,8.5052,9.9881,9.5288,180,1,"Human(Clone):2.00:-0.02:7.71",-0.0261,0.0304,-0.1144,0.0097,-0.0334,-0.0326,0.0390,0.0280,1.7393,1.2470,-6.6458,-11.9593,101.7759,1.4932,False,False
13.2237,18,8,130,3.1114,8.2642,9.9915,3.6138,180,1,"Human(Clone):1.97:0.03:7.81",0.0474,-0.0498,0.0490,-0.0251,0.0540,-0.0276,0.0196,0.0180,0.8875,0.8131,-6.4882,-12.0011,104.5978,0.8503,False,False
13.3240,18,8,131,3.0689,8.0877,9.9754,3.5182,180,1,"Human(Clone):2.01:0.03:7.75",-0.0262,-0.0698,0.0198,0.0256,0.0173,0.0260,0.0446,0.0219,1.9413,0.9506,-6.3206,-12.0427,99.1989,1.4460,False,False
13.4273,18,8,132,2.9526,7.9983,9.9880,3.4860,180,1,"Human(Clone):2.01:-0.04:7.68",-0.0014,0.1163,-0.0325,-0.0292,0.0273,-0.0146,0.0439,0.0138,2.0458,0.6407,-6.1845,-12.0634,96.6416,1.3432,False,False
13.5278,18,8,133,2.8549,7.9231,10.0000,3.2907,180,1,"Human(Clone):2.03:-0.01:7.54",0.0539,0.0692,0.0592,0.0162,0.0070,-0.0050,0.0130,0.0266,0.5691,1.1651,-6.0158,-12.0800,97.1832,0.8671,False,False
13.6296,18,8,134,2.8048,7.6772,9.9426,3.2968,180,1,"Human(Clone):1.99:-0.02:7.42",0.0656,0.0325,0.0586,-0.0124,-0.0357,0.0143,0.0350,0.0352,1.6005,1.6094,-5.8470,-12.1014,98.1113,1.6050,False,False
13.7316,18,8,135,2.7463,7.5219,9.9490,3.1264,180,1,"Human(Clone):2.03:-0.03:7.28",0.0367,-0.0014,-0.0520,0.0009,-0.0081,-0.0411,0.0294,0.0070,1.3338,0.3186,-5.7268,-12.1212,98.4981,0.8262,False,False
13.8338,18,8,136,2.6798,7.3751,9.9830,3.0537,180,1,"Human(Clone):1.99:0.01:7.18",0.0386,0.0187,0.0194,0.0079,-0.0044,0.0178,0.0271,0.0432,1.3328,2.1190,-5.5666,-12.1476,99.8603,1.7259,False,False
13.9359,18,8,137,2.5541,7.3237,10.0000,3.0582,180,1,"Human(Clone):2.04:-0.01:7.03",0.0397,0.0592,0.0567,-0.0113,-0.0009,-0.0045,0.0367,0.0522,1.5997,2.2774,-5.3941,-12.1609,93.4998,1.9385,False,False
14.0365,18,8,138,2.4784,7.1742,10.0000,2.9233,180,1,"Human(Clone):1.98:-0.02:6.95",0.0351,-0.0019,-0.0076,0.0175,-0.0502,-0.0302,0.0302,0.0271,1.4966,1.3438,-5.2705,-12.1705,93.7486,1.4202,False,False
14.1387,18,8,139,2.4217,6.9039,9.9711,2.8868,180,1,"Human(Clone):2.05:0.01:6.78",0.0548,0.0715,0.1042,0.0102,-0.0242,0.0086,0.0382,0.0140,1.6939,0.6216,-5.1177,-12.1672,83.3514,1.1578,False,False
14.2405,18,8,140,2.3278,6.8174,10.0000,2.7516,180,1,"Human(Clone):1.99:-0.02:6.70",0.0097,-0.0132,0.0358,-0.0008,0.0110,-0.0013,0.0422,0.0099,2.0377,0.4790,-4.9698,-12.1479,81.1212,1.2584,False,False
14.3411,18,8,141,2.2679,6.6293,10.0000,2.5870,180,1,"Human(Clone):2.02:-0.04:6.53",0.0497,0.0648,-0.0273,0.0207,0.0120,0.0003,0.0519,0.0213,2.4849,1.0197,-4.7932,-12.1264,81.0063,1.7523,False,False
14.4442,18,8,142,2.2097,6.5046,9.9800,2.6110,180,1,"Human(Clone):2.02:0.00:6.43",-0.0052,-0.0075,-0.0305,-0.0289,0.0271,-0.0244,0.0292,0.0258,1.3008,1.1487,-4.6892,-12.1064,76.6369,1.2247,False,False
14.5476,18,8,143,2.0997,6.3262,9.9609,2.4772,180,0,"",0.0026,-0.0308,0.0245,-0.0535,0.0517,0.0125,0.0214,0.0377,1.0575,1.8626,-4.5164,-12.0546,73.3013,1.4600,False,False
14.6508,18,8,144,2.0531,6.1625,10.0000,2.4721,180,0,"",-0.0566,0.0630,0.0051,-0.0131,-0.0114,-0.0051,0.0162,0.0274,0.7518,1.2740,-4.3647,-12.0059,73.3506,1.0129,False,False
14.7513,18,8,145,1.9512,6.0314,10.0000,2.3460,180,0,"",0.0221,-0.0490,0.0234,0.0299,-0.0200,0.0126,0.0201,0.0271,0.9954,1.3419,-4.2410,-11.9641,71.8738,1.1686,False,False
14.8523,18,8,146,1.8927,5.8450,10.0000,2.2349,180,0,"",-0.0099,0.0328,-0.0016,-0.0164,0.0111,-0.0018,0.0381,0.0331,1.7480,1.5178,-4.0892,-11.9120,69.8123,1.6329,False,False
14.9538,18,8,147,1.7737,5.7405,9.9935,2.1768,180,0,"",-0.0533,-0.1136,-0.0185,0.0390,-0.0302,-0.0078,0.0232,0.0396,1.0584,1.8055,-3.9454,-11.8599,72.4963,1.4320,False,False
15.0555,18,8,148,1.6993,5.5986,10.0000,2.0916,180,0,"",0.0507,-0.0365,-0.0926,0.0167,-0.0094,0.0278,0.0157,0.0134,0.7312,0.6237,-3.8387,-11.8195,69.5107,0.6774,False,False
15.1596,18,8,149,1.6617,5.4875,10.0000,1.9176,180,0,"",-0.0315,0.0083,0.0144,0.0202,0.0005,-0.0258,0.0384,0.0334,1.8223,1.5833,-3.7231,-11.7735,67.0440,1.7028,False,False
15.2611,18,8,150,1.5646,5.1895,10.0000,1.8820,180,0,"",0.0962,-0.0947,-0.0638,0.0124,-0.0033,-0.0286,0.0480,0.0317,2.2414,1.4801,-3.5921,-11.7067,59.5436,1.8608,False,False
15.3625,18,8,151,1.4906,5.1419,9.9299,1.7822,180,0,"",0.0459,0.0270,0.0302,0.0095,0.0174,-0.0150,0.0293,0.0242,1.3119,1.0863,-3.4487,-11.6151,55.9421,1.1991,False,False
15.4660,18,8,152,1.4414,4.9509,10.0000,1.6644,180,0,"",0.0836,0.0657,-0.0156,0.0109,0.0001,0.0138,0.0543,0.0262,2.3960,1.1553,-3.3343,-11.5387,55.2790,1.7756,False,False
15.5661,18,8,153,1.3448,4.8219,10.0000,1.6269,180,0,"",-0.0133,-0.0076,0.0224,0.0036,-0.0071,-0.0081,0.0397,0.0266,1.7325,1.1607,-3.1877,-11.4354,52.9427,1.4466,False,False
15.6674,18,8,154,1.2867,4.6891,10.0000,1.5083,180,0,"",0.0858,0.0123,-0.0131,-0.0293,0.0027,0.0017,0.0354,0.0422,1.6264,1.9411,-3.0725,-11.3495,53.9721,1.7837,False,False
15.7689,18,8,155,1.1579,4.4417,9.9462,1.4490,180,0,"",0.0458,-0.0615,0.1102,0.0020,-0.0164,-0.0166,0.0377,0.0306,1.7015,1.3791,-2.9178,-11.2447,54.2882,1.5403,False,False
15.8714,18,8,156,1.1102,4.3692,9.9496,1.3639,180,0,"",0.0467,0.0237,-0.0169,0.0087,-0.0177,-0.0187,0.0538,0.0229,2.3788,1.0124,-2.8066,-11.1593,48.4625,1.6956,False,False
15.9745,18,8,157,1.0346,4.2295,9.9761,1.2726,180,0,"",0.0532,-0.1812,0.0160,-0.0176,-0.0206,0.0017,0.0254,0.0354,1.1984,1.6705,-2.6889,-11.0739,58.7295,1.4345,False,False
16.0770,18,8,158,0.9554,4.0963,9.9905,1.1495,180,0,"",-0.0205,-0.0104,-0.0186,0.0149,-0.0193,0.0157,0.0368,0.0192,1.8273,0.9524,-2.5617,-10.9975,55.4657,1.3898,False,False
16.1781,18,8,159,0.8752,3.9815,9.9794,1.0428,180,0,"",-0.0650,-0.0106,0.0025,-0.0129,0.0129,-0.0024,0.0369,0.0343,1.6793,1.5619,-2.4164,-10.8930,53.6304,1.6206,False,False
16.2793,18,8,160,0.8132,3.7099,9.9320,0.9468,180,0,"",-0.0309,0.0060,-0.0679,-0.0100,0.0084,-0.0240,0.0146,0.0209,0.6887,0.9829,-2.3051,-10.8101,56.8510,0.8358,False,False
16.3822,18,8,161,0.7286,3.5517,10.0000,0.8991,180,0,"",0.0767,-0.0735,-0.0298,-0.0241,0.0130,-0.0092,0.0198,0.0129,0.9585,0.6243,-2.2083,-10.7442,53.9192,0.7914,False,False
16.4836,18,8,162,0.6592,3.4398,10.0000,0.8324,180,0,"",-0.0417,0.0214,0.0506,-0.0338,-0.0201,0.0042,0.0367,0.0233,1.7611,1.1150,-2.0645,-10.6495,54.9088,1.4380,False,False
16.5853,18,8,163,0.6258,3.2890,9.9833,0.7446,180,0,"",-0.0219,0.0273,0.0194,0.0012,0.0115,-0.0034,0.0370,0.0376,1.6068,1.6341,-1.9543,-10.5632,51.3976,1.6205,False,False
16.6869,18,8,164,0.5276,3.1232,10.0000,0.5276,180,0,"",-0.0130,-0.0119,0.0111,-0.0226,-0.0211,0.0374,0.0207,0.0222,0.9662,1.0357,-1.8543,-10.4874,55.4286,1.0010,False,False
16.7896,18,8,165,0.6457,3.0278,9.9849,0.8320,180,0,"",0.0040,-0.0041,0.0472,0.0237,0.0094,-0.0297,0.0068,0.0328,0.3352,1.6060,-1.8000,-10.4511,58.0403,0.9706,False,False
16.8911,18,8,166,0.6117,3.0481,10.0000,0.8657,180,0,"",-0.0505,0.0012,0.0101,0.0197,-0.0119,0.0003,-0.0055,-0.0051,-0.2566,-0.2399,-1.8044,-10.4538,59.0491,-0.2482,False,False
16.9927,18,8,167,0.6136,3.0324,9.9982,0.9714,180,0,"",0.0351,-0.0086,0.1229,0.0089,0.0008,-0.0170,0.0042,0.0045,0.2019,0.2180,-1.7932,-10.4466,56.9761,0.2100,False,False
17.0938,18,8,168,0.6273,2.9357,9.9671,0.9089,180,0,"",-0.1092,-0.0051,0.0944,0.0262,0.0065,-0.0209,-0.0053,-0.0131,-0.2367,-0.5899,-1.8059,-10.4548,55.8129,-0.4133,False,False
17.1943,18,8,169,0.7051,2.9417,10.0000,0.9347,180,0,"",-0.0484,0.0843,0.0396,0.0040,-0.0019,0.0019,-0.0033,0.0269,-0.1426,1.1619,-1.8010,-10.4517,57.8124,0.5096,False,False
17.2952,18,8,170,0.6239,2.9820,10.0000,0.9165,180,0,"",-0.0117,0.0271,0.0107,-0.0003,0.0211,-0.0118,0.0020,0.0006,0.0960,0.0290,-1.8093,-10.4570,56.1094,0.0625,False,False
17.3958,18,8,171,0.6767,2.9753,9.9404,0.9572,180,0,"",-0.0481,0.0834,-0.0553,0.0448,-0.0116,0.0113,0.0057,0.0128,0.2617,0.5856,-1.8040,-10.4540,56.6370,0.4237,False,False
17.4981,18,8,172,0.5945,2.9271,9.9964,0.9039,180,0,"",-0.0546,-0.0257,-0.0367,0.0157,-0.0193,-0.0162,-0.0133,0.0084,-0.6501,0.4124,-1.8086,-10.4578,56.2329,-0.1189,False,False
17.5988,18,8,173,0.6451,2.9717,10.0000,0.9034,180,0,"",-0.0182,0.0212,0.0081,-0.0139,0.0059,0.0148,-0.0149,-0.0001,-0.6682,-0.0045,-1.8194,-10.4631,62.5433,-0.3364,False,False
17.7014,18,8,174,0.6533,2.9798,9.9791,0.8311,180,0,"",-0.0183,-0.0900,0.0707,-0.0154,0.0128,0.0003,-0.0008,-0.0118,-0.0392,-0.5726,-1.8102,-10.4581,50.0712,-0.3059,False,False
17.8022,18,8,175,0.6364,2.9442,10.0000,0.8770,180,0,"",-0.0196,-0.0198,0.0707,0.0150,0.0046,0.0201,-0.0036,-0.0025,-0.1587,-0.1081,-1.8188,-10.4650,52.6813,-0.1334,False,False
17.9036,18,8,176,0.6344,2.9781,10.0000,0.8732,180,0,"",-0.0036,0.0398,-0.0391,0.0265,0.0179,-0.0138,0.0141,-0.0047,0.6832,-0.2272,-1.8263,-10.4708,46.9745,0.2280,False,False
18.0041,18,8,177,0.6161,2.9855,10.0000,0.9305,180,0,"",-0.0305,-0.0018,0.0221,-0.0138,-0.0007,0.0025,-0.0070,-0.0059,-0.3163,-0.2663,-1.8365,-10.4788,51.1201,-0.2913,False,False
18.1054,18,8,178,0.6527,2.9602,10.0000,0.9379,180,0,"",0.0732,0.0422,-0.0112,-0.0001,0.0299,-0.0083,-0.0166,-0.0007,-0.7418,-0.0303,-1.8482,-10.4871,57.1120,-0.3861,False,False
18.2060,18,8,179,0.6723,2.9083,10.0000,0.8606,180,0,"",0.0382,-0.0570,0.0761,-0.0224,0.0008,0.0172,-0.0102,-0.0012,-0.4905,-0.0561,-1.8443,-10.4845,58.4742,-0.2733,False,False
18.3065,18,8,180,0.6629,2.9127,10.0000,0.8860,180,0,"",-0.0259,0.0431,-0.0337,-0.0062,0.0021,-0.0208,-0.0209,0.0068,-0.9397,0.3047,-1.8457,-10.4852,66.2055,-0.3175,False,False
18.4084,18,8,181,0.6782,2.9771,10.0000,0.9430,180,0,"",0.0362,-0.0307,-0.0229,0.0057,-0.0269,-0.0069,-0.0250,-0.0044,-1.2241,-0.2154,-1.8632,-10.4915,70.5245,-0.7198,False,False
18.5094,18,8,182,0.6425,3.0078,10.0000,0.9019,180,0,"",-0.0220,-0.0233,-0.0133,-0.0217,-0.0172,0.0303,0.0110,0.0015,0.5447,0.0749,-1.8753,-10.4960,68.2192,0.3098,False,False
18.6119,18,8,183,0.6881,2.9474,10.0000,0.8884,180,0,"",-0.0669,0.0015,-0.0264,-0.0192,-0.0369,0.0235,0.0069,-0.0142,0.3427,-0.7088,-1.9154,-10.5134,62.6888,-0.1831,False,False
18.7148,18,8,184,0.5953,2.9909,9.9857,0.9368,180,0,"",-0.0251,-0.0429,-0.0036,0.0168,0.0095,-0.0221,0.0179,0.0038,0.8843,0.1851,-1.8955,-10.5006,56.1840,0.5347,False,False
18.8158,18,8,185,0.6523,2.9345,9.9272,0.9297,180,0,"",0.0399,-0.0909,-0.0204,0.0069,0.0056,0.0130,0.0034,-0.0057,0.1700,-0.2841,-1.8938,-10.4990,51.6102,-0.0571,False,False
18.9159,18,8,186,0.6488,3.0308,10.0000,0.8497,180,0,"",0.0388,-0.1252,-0.0100,-0.0023,-0.0031,0.0129,-0.0024,-0.0098,-0.1112,-0.4495,-1.9184,-10.5209,47.4125,-0.2803,False,False
19.0170,18,8,187,0.6160,3.0165,10.0000,0.8965,180,0,"",-0.0244,-0.0021,0.1043,-0.0046,0.0124,-0.0076,-0.0092,0.0022,-0.4119,0.0977,-1.9267,-10.5288,46.4940,-0.1571,False,False
19.1184,18,8,188,0.6692,2.9760,10.0000,0.9072,180,0,"",0.0361,0.0082,-0.0749,-0.0238,0.0081,-0.0033,0.0088,-0.0021,0.3953,-0.0965,-1.9219,-10.5240,30.8531,0.1494,False,False
19.2197,18,8,189,0.6031,2.9414,10.0000,0.9748,180,0,"",0.0047,0.0350,0.0524,-0.0006,0.0024,0.0130,0.0075,-0.0031,0.3696,-0.1540,-1.9236,-10.5284,33.3015,0.1078,False,False
19.3273,18,8,190,0.6098,2.9333,9.9568,0.8756,180,0,"",0.0877,0.0062,-0.0236,0.0224,-0.0345,-0.0067,0.0251,0.0051,1.1034,0.2260,-1.9087,-10.5100,37.1702,0.6647,False,False
19.4305,18,8,191,0.6872,2.9107,9.9709,0.8454,180,0,"",-0.0687,-0.0696,0.0271,0.0219,-0.0218,-0.0158,0.0130,0.0128,0.5988,0.5882,-1.9115,-10.5132,37.4306,0.5935,False,False
19.5309,18,8,192,0.6117,2.9586,10.0000,0.9131,180,0,"",0.0700,0.0370,-0.0669,0.0071,-0.0246,0.0214,0.0150,0.0087,0.6544,0.3821,-1.9051,-10.5062,37.7884,0.5182,False,False
19.6324,18,8,193,0.6520,2.9741,10.0000,0.8615,180,0,"",-0.0513,-0.0344,-0.0030,-0.0350,-0.0115,-0.0422,-0.0062,0.0061,-0.2861,0.2814,-1.8948,-10.4950,46.8041,-0.0023,False,False
19.7326,18,8,194,0.6386,2.9660,10.0000,0.8780,180,0,"",-0.0683,-0.0345,-0.0779,-0.0148,-0.0160,0.0271,0.0062,-0.0014,0.3060,-0.0698,-1.8989,-10.4990,44.6215,0.1181,False,False
19.8334,18,8,195,0.5965,2.9792,9.9860,0.8852,180,0,"",-0.0342,0.0240,0.0034,-0.0025,-0.0264,0.0328,0.0018,0.0044,0.0826,0.2051,-1.8983,-10.4974,41.0774,0.1439,False,False
19.9336,18,8,196,0.6534,2.9851,9.9693,0.8977,180,0,"",-0.0213,-0.0020,0.0233,0.0319,-0.0236,0.0029,0.0066,0.0070,0.3264,0.3479,-1.8813,-10.4761,37.4276,0.3371,False,False
20.0341,18,8,197,0.6718,2.9315,9.9990,0.9059,180,0,"",0.0164,0.0204,0.0806,0.0019,-0.0428,-0.0032,-0.0060,-0.0042,-0.2667,-0.1846,-1.8839,-10.4797,32.9631,-0.2256,False,False
20.1348,18,8,198,0.6566,2.8993,10.0000,0.8613,180,0,"",0.0588,0.0993,0.0118,0.0101,-0.0111,0.0175,-0.0106,-0.0068,-0.5231,-0.3321,-1.8918,-10.4913,36.2212,-0.4276,False,False
20.2372,18,8,199,0.6204,2.9531,9.9891,0.9021,180,0,"",-0.0375,0.0095,-0.0009,0.0310,-0.0110,0.0049,-0.0018,-0.0137,-0.0863,-0.6462,-1.8970,-10.5001,29.2778,-0.3662,False,False
20.3392,18,8,200,0.6268,2.9325,9.9950,0.9360,180,0,"",0.0089,0.0756,0.0613,-0.0420,-0.0060,0.0070,-0.0177,-0.0108,-0.8678,-0.5281,-1.9065,-10.5163,31.4250,-0.6980,False,False
20.4414,18,8,201,0.6840,2.9551,10.0000,0.9037,180,0,"",-0.0005,0.0374,0.0350,0.0236,0.0105,0.0037,-0.0108,0.0136,-0.5362,0.6758,-1.9047,-10.5140,37.5640,0.0698,False,False
20.5432,18,8,202,0.6819,2.9820,10.0000,0.8492,180,0,"",0.1007,-0.0288,-0.0695,0.0263,0.0044,0.0067,0.0159,-0.0115,0.7121,-0.5173,-1.8958,-10.5055,41.4911,0.0974,False,False
20.6439,18,8,203,0.6239,3.0035,9.9868,0.9091,180,0,"",-0.0052,0.0513,-0.0669,-0.0001,-0.0227,-0.0041,0.0018,0.0084,0.0869,0.4039,-1.9083,-10.5206,41.5533,0.2454,False,False
20.7468,18,8,204,0.6115,2.9293,9.9779,0.9864,180,0,"",0.0405,-0.0583,0.0336,-0.0035,-0.0017,0.0233,0.0043,0.0002,0.1871,0.0089,-1.9222,-10.5357,48.5173,0.0980,False,False
20.8470,18,8,205,0.6520,3.0339,9.9689,0.9720,180,0,"",0.0011,-0.0084,0.0160,0.0215,0.0022,0.0032,-0.0220,0.0096,-1.0260,0.4462,-1.9136,-10.5269,52.2926,-0.2899,False,False
20.9496,18,8,206,0.6799,2.9615,9.9605,0.9065,180,0,"",-0.1278,0.0829,0.0502,0.0291,0.0000,0.0090,0.0044,-0.0064,0.1992,-0.2906,-1.9202,-10.5312,49.9813,-0.0457,False,False
21.0520,18,8,207,0.6224,2.9438,10.0000,0.9328,180,0,"",-0.0375,-0.0461,0.0209,-0.0295,0.0135,-0.0143,0.0009,-0.0105,0.0411,-0.4594,-1.9037,-10.5160,42.2678,-0.2092,False,False
21.1539,18,8,208,0.6368,3.0153,10.0000,0.8582,180,0,"",0.0259,-0.0271,-0.1495,-0.0122,-0.0013,0.0016,0.0173,0.0085,0.8105,0.3985,-1.8938,-10.5053,43.1360,0.6045,False,False
21.2544,18,8,209,0.6895,3.0006,10.0000,0.8266,180,0,"",0.0051,0.0402,-0.0591,0.0028,-0.0022,-0.0027,-0.0057,-0.0104,-0.2843,-0.5164,-1.8918,-10.5033,44.4270,-0.4003,False,False
21.3562,18,8,210,0.6489,2.9206,10.0000,0.8193,180,0,"",0.0629,0.0070,0.0677,-0.0028,0.0290,-0.0132,0.0040,-0.0118,0.1642,-0.4857,-1.8843,-10.4958,40.1805,-0.1607,False,False
21.4563,18,8,211,0.6410,2.9695,10.0000,0.9469,180,0,"",0.0149,-0.0196,-0.0503,-0.0043,-0.0117,0.0181,0.0006,-0.0051,0.0245,-0.2155,-1.8848,-10.4961,41.1848,-0.0955,False,False
21.5604,18,8,212,0.6954,2.9532,10.0000,0.9168,180,0,"",-0.0512,0.1130,0.0268,-0.0014,0.0334,-0.0258,0.0093,0.0060,0.4279,0.2781,-1.8702,-10.4791,39.7095,0.3530,False,False
21.6631,18,8,213,0.6321,2.9574,9.9779,0.8878,180,0,"",-0.0661,0.0320,0.0657,-0.0114,0.0020,-0.0207,0.0041,0.0175,0.1852,0.7859,-1.8584,-10.4680,46.2168,0.4855,False,False
21.7638,18,8,214,0.6070,2.9083,9.9608,0.8327,180,0,"",0.0279,0.0380,-0.0320,0.0279,0.0012,0.0200,0.0041,0.0029,0.1990,0.1421,-1.8545,-10.4652,49.7098,0.1706,False,False
21.8640,18,8,215,0.6663,2.9958,10.0000,0.9071,180,0,"",-0.0905,0.0059,-0.0719,0.0120,0.0090,-0.0181,-0.0013,-0.0062,-0.0548,-0.2714,-1.8642,-10.4727,52.4948,-0.1631,False,False
21.9656,18,8,216,0.6436,2.9589,9.9428,0.9068,180,0,"",0.0161,-0.0192,-0.0845,-0.0326,-0.0573,0.0238,-0.0187,-0.0140,-0.8267,-0.6184,-1.8806,-10.4853,51.9139,-0.7226,False,False
22.0672,18,8,217,0.6589,2.9948,10.0000,0.8734,180,0,"",0.0151,0.0314,-0.0546,-0.0211,-0.0017,0.0100,0.0077,-0.0101,0.3566,-0.4671,-1.8751,-10.4819,52.2284,-0.0553,False,False
22.1684,18,8,218,0.6374,2.9099,9.9675,0.8727,180,0,"",0.0188,0.1021,0.0350,0.0027,0.0286,-0.0071,0.0079,0.0019,0.3698,0.0893,-1.8643,-10.4727,48.7261,0.2295,False,False
22.2705,18,8,219,0.6705,2.9312,9.9516,0.8837,180,0,"",0.0596,-0.0034,-0.0372,-0.0103,0.0317,0.0055,0.0195,-0.0060,0.9397,-0.2886,-1.8517,-10.4646,53.8691,0.3256,False,False
22.3741,18,8,220,0.6412,2.9581,9.9909,0.8409,180,0,"",-0.0311,0.0481,0.0056,0.0015,0.0078,-0.0129,0.0055,0.0145,0.2584,0.6747,-1.8618,-10.4723,48.4713,0.4666,False,False
22.4749,18,8,221,0.6621,2.9884,9.9937,0.8781,180,0,"",0.0577,0.0367,-0.0057,-0.0144,-0.0132,-0.0135,-0.0121,0.0024,-0.5811,0.1132,-1.8612,-10.4709,55.2209,-0.2340,False,False
22.5752,18,8,222,0.6121,2.9330,9.9763,0.9095,180,0,"",0.0993,-0.0527,0.0186,0.0014,-0.0036,-0.0127,0.0031,-0.0193,0.1561,-0.9622,-1.8517,-10.4645,49.7130,-0.4031,False,False
22.6773,18,8,223,0.6255,2.9675,10.0000,0.8538,180,0,"",0.0167,0.0375,0.0274,-0.0305,0.0029,0.0097,0.0008,0.0021,0.0389,0.1023,-1.8488,-10.4619,44.6787,0.0706,False,False
22.7801,18,8,224,0.6554,2.9733,9.9576,0.9181,180,0,"",0.0400,0.0128,0.0142,-0.0160,-0.0267,0.0256,-0.0029,-0.0063,-0.1342,-0.2894,-1.8390,-10.4514,45.7962,-0.2118,False,False
22.8817,18,8,225,0.6547,2.9396,9.9830,0.9382,180,0,"",0.0350,-0.0030,0.0111,0.0015,0.0223,0.0065,-0.0058,-0.0047,-0.2686,-0.2159,-1.8384,-10.4512,43.2205,-0.2422,False,False
22.9836,18,8,226,0.6590,3.0354,9.9843,0.9138,180,0,"",-0.0239,0.0339,-0.0317,0.0234,-0.0414,0.0272,-0.0064,-0.0037,-0.3005,-0.1739,-1.8442,-10.4558,45.6986,-0.2372,False,False
23.0850,18,8,227,0.6397,3.0026,10.0000,0.9242,180,0,"",0.0504,-0.0257,-0.0352,0.0134,0.0014,-0.0213,0.0157,-0.0153,0.6915,-0.6752,-1.8274,-10.4385,40.1035,0.0082,False,False
23.1885,18,8,228,0.6479,2.9401,10.0000,0.8257,180,0,"",0.0432,-0.0484,0.0102,0.0081,0.0198,-0.0015,-0.0023,0.0063,-0.1018,0.2737,-1.8347,-10.4472,37.1673,0.0860,False,False
23.2904,18,8,229,0.6557,2.9218,9.9282,0.9405,180,0,"",0.0514,0.0119,-0.0477,0.0310,-0.0026,-0.0037,-0.0106,-0.0071,-0.4322,-0.2887,-1.8449,-10.4601,38.4764,-0.3604,False,False
23.3910,18,8,230,0.6410,2.9719,10.0000,0.9435,180,0,"",0.0074,-0.0251,0.0803,-0.0162,0.0075,0.0077,0.0091,0.0069,0.4347,0.3334,-1.8419,-10.4563,34.9347,0.3840,False,False
23.4911,18,8,231,0.6552,2.9528,9.9671,0.8997,180,0,"",-0.0069,-0.0059,0.0375,0.0145,0.0334,0.0042,0.0068,0.0071,0.3047,0.3217,-1.8359,-10.4447,29.7467,0.3132,False,False
23.5925,18,8,232,0.6330,3.0157,9.9818,0.8636,180,0,"",0.0137,-0.0469,-0.0592,0.0029,0.0542,-0.0106,-0.0014,0.0341,-0.0651,1.6204,-1.8193,-10.4195,39.8365,0.7776,False,False
23.6931,18,8,233,0.5946,3.0382,10.0000,0.9253,180,0,"",0.0276,-0.0145,-0.0035,-0.0430,0.0140,0.0409,0.0102,-0.0093,0.4711,-0.4272,-1.8196,-10.4199,37.4226,0.0220,False,False
23.7962,18,8,234,0.6624,2.9694,10.0000,0.9389,180,0,"",0.0200,0.0235,-0.0193,-0.0058,-0.0128,-0.0005,0.0043,0.0050,0.1923,0.2246,-1.8139,-10.4106,32.5084,0.2084,False,False
23.8982,18,8,235,0.6750,2.9283,10.0000,0.9700,180,0,"",0.0582,-0.0047,0.0024,-0.0143,0.0014,0.0362,-0.0040,0.0091,-0.1789,0.4122,-1.8094,-10.4028,28.7629,0.1166,False,False
23.9995,18,8,236,0.6238,2.9250,10.0000,0.8475,180,0,"",-0.0082,0.0414,-0.0239,-0.0121,-0.0092,0.0189,0.0164,0.0182,0.7248,0.8062,-1.7982,-10.3807,26.9126,0.7655,False,False
24.1028,18,8,237,0.6403,2.9955,10.0000,0.8986,180,0,"",-0.0831,-0.0342,0.0482,0.0097,-0.0122,0.0033,-0.0067,-0.0030,-0.2079,-0.0941,-1.7982,-10.3811,27.1220,-0.1510,False,False
24.2032,18,8,238,0.6157,2.9495,9.9673,0.9132,180,0,"",-0.0468,0.0314,0.0275,-0.0280,-0.0069,-0.0424,0.0125,0.0071,0.5487,0.3117,-1.7972,-10.3788,28.3902,0.4302,False,False
24.3034,18,8,239,0.6331,3.0139,10.0000,0.9084,180,0,"",-0.0581,0.0564,0.0139,0.0240,-0.0385,-0.0092,0.0158,-0.0083,0.6755,-0.3532,-1.8112,-10.4016,28.7315,0.1612,False,False
24.4042,18,8,240,0.6876,2.9420,10.0000,0.9085,180,0,"",0.0597,-0.0387,-0.0266,-0.0483,0.0228,0.0144,-0.0059,0.0063,-0.2823,0.2997,-1.8215,-10.4202,30.4263,0.0087,False,False
24.5051,18,8,241,0.6680,2.9191,9.9862,0.8780,180,0,"",0.0346,0.0179,-0.0214,-0.0334,-0.0179,-0.0141,0.0054,0.0097,0.2614,0.4682,-1.8198,-10.4176,30.7671,0.3648,False,False
24.6083,18,8,242,0.6758,2.9895,9.9544,0.9113,180,0,"",-0.0158,-0.0592,-0.0599,-0.0116,0.0020,-0.0120,0.0123,0.0117,0.5578,0.5290,-1.8092,-10.3975,27.4422,0.5434,False,False
24.7115,18,8,243,0.6550,2.9608,10.0000,0.8847,180,0,"",-0.0071,0.0303,-0.0502,-0.0082,-0.0107,0.0076,0.0207,-0.0013,0.8952,-0.0563,-1.8025,-10.3838,25.3306,0.4195,False,False
24.8121,18,8,244,0.6446,2.9401,9.9674,0.9364,180,0,"",0.0203,-0.0398,-0.1089,0.0181,-0.0151,-0.0229,-0.0079,0.0008,-0.3762,0.0394,-1.8038,-10.3874,22.4405,-0.1684,False,False
24.9137,18,8,245,0.6479,2.9785,9.9276,0.9000,180,0,"",-0.0049,-0.0369,-0.0375,-0.0033,0.0024,-0.0193,0.0157,-0.0069,0.7724,-0.3401,-1.7956,-10.3659,24.2805,0.2161,False,False
25.0158,18,8,246,0.6427,2.9873,9.9947,0.8813,180,0,"",0.0336,-0.0476,0.0415,0.0317,0.0301,0.0027,0.0152,0.0140,0.7062,0.6526,-1.7932,-10.3581,14.1424,0.6794,False,False
25.1193,18,8,247,0.6693,3.0170,9.9814,0.9030,180,0,"",0.0485,-0.0519,0.0268,-0.0066,0.0265,0.0067,-0.0022,-0.0037,-0.0960,-0.1666,-1.7947,-10.3675,8.3077,-0.1313,False,False
25.2213,18,8,248,0.6518,2.9597,10.0000,0.8921,180,0,"",0.0614,-0.0016,0.0819,0.0161,-0.0017,0.0220,-0.0143,-0.0052,-0.6407,-0.2339,-1.7942,-10.3632,11.3991,-0.4373,False,False
25.3228,18,8,249,0.6125,2.9187,10.0000,0.9095,180,0,"",0.0900,-0.0468,-0.0067,0.0125,-0.0088,-0.0006,-0.0115,-0.0004,-0.5617,-0.0208,-1.7962,-10.3723,12.1557,-0.2912,False,False
25.4230,18,8,250,0.6668,2.9555,9.9756,0.9133,180,0,"",0.0004,-0.0891,0.0481,-0.0339,-0.0242,0.0103,0.0168,0.0124,0.8057,0.5955,-1.7962,-10.3661,4.3018,0.7006,False,False
25.5237,18,8,251,0.6807,2.9249,9.9813,0.8247,180,0,"",-0.0173,0.0316,-0.0137,-0.0021,-0.0145,0.0091,0.0020,0.0091,0.0933,0.4357,-1.7874,-10.3247,15.2507,0.2645,False,False
25.6243,18,8,252,0.6580,2.9958,9.9556,0.9779,180,0,"",-0.0062,-0.0082,-0.0365,0.0269,0.0082,-0.0344,-0.0093,-0.0026,-0.4507,-0.1265,-1.7922,-10.3420,16.4393,-0.2886,False,False
25.7261,18,8,253,0.6290,3.0102,10.0000,0.8826,180,0,"",0.0043,-0.0206,0.0050,-0.0125,0.0286,0.0001,-0.0144,-0.0082,-0.7077,-0.4032,-1.8010,-10.3620,24.8397,-0.5554,False,False
25.8266,18,8,254,0.6578,2.9843,9.9441,0.8928,180,0,"",-0.0649,0.0018,0.0356,-0.0093,0.0048,-0.0387,-0.0098,-0.0016,-0.4662,-0.0746,-1.8041,-10.3681,24.1623,-0.2704,False,False
25.9281,18,8,255,0.6683,2.9958,10.0000,0.8833,180,0,"",0.0399,0.0032,0.0118,-0.0216,-0.0310,-0.0246,0.0060,-0.0076,0.2763,-0.3506,-1.8047,-10.3693,25.3295,-0.0372,False,False
26.0304,18,8,256,0.6568,2.9789,10.0000,0.8822,180,0,"",-0.0297,-0.0203,-0.0262,0.0210,-0.0068,-0.0315,0.0152,0.0009,0.6613,0.0385,-1.7993,-10.3536,17.2052,0.3499,False,False
26.1308,18,8,257,0.6588,3.0181,10.0000,0.9028,180,0,"",-0.0257,0.0234,-0.0044,0.0010,-0.0306,0.0229,0.0155,0.0118,0.7648,0.5805,-1.7998,-10.3516,11.7298,0.6727,False,False
26.2310,18,8,258,0.6467,3.0429,9.9992,0.9034,180,0,"",0.0360,0.1142,0.0193,0.0004,-0.0196,-0.0058,0.0043,-0.0043,0.1893,-0.1886,-1.8000,-10.3537,9.9169,0.0004,False,False
26.3312,18,8,259,0.6448,2.9770,9.9757,0.9107,180,0,"",-0.0442,0.0461,-0.0268,0.0328,-0.0505,0.0055,-0.0088,0.0034,-0.3833,0.1464,-1.8011,-10.3652,9.4865,-0.1184,False,False
26.4342,18,8,260,0.6341,2.9476,9.8782,0.9646,180,0,"",-0.0279,-0.0502,0.0033,-0.0023,-0.0125,0.0083,0.0228,0.0079,1.1351,0.3934,-1.7986,-10.3498,9.6354,0.7643,False,False
26.5369,18,8,261,0.6690,2.9998,10.0000,0.8897,180,0,"",0.0659,-0.0043,-0.0251,-0.0028,0.0144,0.0191,0.0078,-0.0180,0.3590,-0.8256,-1.7960,-10.3328,9.7868,-0.2333,False,False
26.6382,18,8,262,0.6807,2.9837,10.0000,0.9162,180,0,"",-0.0292,0.0137,0.0628,-0.0034,0.0371,-0.0414,0.0042,0.0100,0.2075,0.4898,-1.7941,-10.3271,14.7063,0.3486,False,False
26.7387,18,8,263,0.6452,3.0007,9.9730,0.9303,180,0,"",0.0735,-0.0049,0.0341,0.0113,-0.0033,-0.0068,0.0003,0.0087,0.0145,0.3933,-1.7994,-10.3437,21.0450,0.2039,False,False
26.8417,18,8,264,0.5988,3.0038,10.0000,0.8987,180,0,"",-0.0232,0.0107,-0.0009,-0.0034,-0.0093,0.0268,-0.0010,0.0210,-0.0449,0.9194,-1.7997,-10.3454,22.5298,0.4372,False,False
26.9445,18,8,265,0.6193,2.9456,9.9310,0.9421,180,0,"",-0.0100,-0.0389,0.0775,-0.0264,-0.0043,-0.0096,-0.0053,0.0087,-0.2368,0.3887,-1.7982,-10.3433,24.3433,0.0759,False,False
27.0467,18,8,266,0.6847,2.9396,9.9599,0.8879,180,0,"",-0.0651,-0.0103,0.0420,0.0159,0.0244,-0.0147,-0.0012,-0.0023,-0.0620,-0.1161,-1.8049,-10.3584,26.3410,-0.0891,False,False
27.1494,18,8,267,0.6440,2.9100,10.0000,0.8897,180,0,"",0.0021,0.0514,-0.0649,-0.0229,0.0130,-0.0019,-0.0017,0.0136,-0.0823,0.6759,-1.8030,-10.3556,24.5346,0.2968,False,False
27.2519,18,8,268,0.6649,2.9470,9.9997,0.8476,180,0,"",-0.0155,-0.0610,0.0329,-0.0082,0.0156,-0.0123,0.0060,0.0049,0.2980,0.2448,-1.7959,-10.3390,21.9951,0.2714,False,False
27.3553,18,8,269,0.6746,2.9637,10.0000,0.8731,180,0,"",0.0520,0.0530,-0.0448,0.0117,-0.0230,-0.0071,0.0098,0.0093,0.4339,0.4096,-1.7890,-10.3199,20.3719,0.4217,False,False
27.4587,18,8,270,0.6452,2.8770,10.0000,0.8795,180,0,"",0.0276,-0.0282,-0.0637,0.0209,0.0033,-0.0247,0.0065,-0.0060,0.2390,-0.2218,-1.7851,-10.3112,22.5079,0.0086,False,False
27.5605,18,8,271,0.6336,2.9656,10.0000,0.8924,180,0,"",0.0569,-0.0074,-0.1043,0.0486,-0.0282,0.0099,0.0046,0.0027,0.1995,0.1192,-1.7794,-10.2953,19.6285,0.1594,False,False
27.6629,18,8,272,0.6212,2.9644,10.0000,0.8941,180,0,"",-0.1094,0.0359,0.0585,-0.0079,0.0198,-0.0243,0.0050,-0.0247,0.2237,-1.1117,-1.7749,-10.2855,10.5913,-0.4440,False,False
27.7650,18,8,273,0.6388,2.9423,10.0000,0.9013,180,0,"",-0.0470,0.0453,-0.0087,0.0089,0.0010,0.0362,0.0072,0.0068,0.3128,0.2955,-1.7649,-10.2455,15.8194,0.3042,False,False
27.8660,18,8,274,0.6122,2.9708,9.9524,0.8384,180,0,"",0.0611,-0.0549,-0.0444,-0.0237,0.0113,-0.0280,-0.0012,0.0046,-0.0572,0.2174,-1.7590,-10.2276,19.0846,0.0801,False,False
27.9677,18,8,275,0.6305,2.9546,9.9468,0.9066,180,0,"",-0.0128,-0.0500,-0.0939,-0.0100,-0.0001,-0.0318,-0.0154,-0.0061,-0.6858,-0.2712,-1.7618,-10.2371,16.8640,-0.4785,False,False
28.0685,18,8,276,0.6301,2.9117,10.0000,0.9397,180,0,"",-0.1230,-0.0169,0.0233,-0.0053,-0.0027,-0.0132,0.0077,0.0043,0.3757,0.2119,-1.7627,-10.2398,19.2820,0.2938,False,False
28.1702,18,8,277,0.6261,2.9674,10.0000,0.8989,180,0,"",-0.0744,0.0414,-0.0407,-0.0227,-0.0008,-0.0062,0.0050,0.0076,0.2207,0.3351,-1.7637,-10.2438,16.3409,0.2779,False,False
28.2708,18,8,278,0.6475,2.9361,9.9966,0.9126,180,0,"",-0.0298,0.0287,-0.0820,0.0012,0.0269,-0.0081,-0.0186,-0.0038,-0.7833,-0.1585,-1.7679,-10.2501,27.6229,-0.4709,False,False
28.3709,18,8,279,0.6774,2.9627,9.9857,0.8395,180,0,"",0.0153,0.0313,-0.0600,-0.0018,0.0111,-0.0392,-0.0122,0.0070,-0.5547,0.3182,-1.7689,-10.2513,28.7352,-0.1182,False,False
28.4718,18,8,280,0.6488,2.9392,9.9767,0.9104,180,0,"",0.0359,-0.0437,-0.0130,0.0093,0.0128,-0.0078,0.0010,-0.0079,0.0476,-0.3680,-1.7616,-10.2371,27.7693,-0.1602,False,False
28.5720,18,8,281,0.6418,3.0530,9.9373,0.9503,180,0,"",-0.0554,-0.0135,0.0649,0.0046,0.0125,0.0014,0.0014,-0.0079,0.0607,-0.3444,-1.7688,-10.2493,29.0743,-0.1419,False,False
28.6734,18,8,282,0.6399,2.9457,10.0000,0.8937,180,0,"",0.0547,0.0441,-0.0256,-0.0199,-0.0155,-0.0354,-0.0006,-0.0106,-0.0252,-0.4791,-1.7905,-10.2836,33.1229,-0.2522,False,False
28.7746,18,8,283,0.6657,2.9964,9.8625,0.9515,180,0,"",-0.0488,0.0099,-0.0169,-0.0038,0.0536,0.0083,-0.0284,-0.0039,-1.2476,-0.1712,-1.8029,-10.3003,37.6652,-0.7094,False,False
28.8761,18,8,284,0.6433,3.0121,9.9951,0.9252,180,0,"",-0.0099,-0.0580,-0.0457,-0.0214,0.0116,0.0022,0.0134,0.0134,0.6469,0.6466,-1.7963,-10.2901,33.7437,0.6468,False,False
28.9779,18,8,285,0.6156,2.9569,9.9686,0.9139,180,0,"",-0.0228,0.0163,-0.0242,0.0334,-0.0130,-0.0153,-0.0032,0.0217,-0.1380,0.9376,-1.7848,-10.2723,32.5908,0.3998,False,False
29.0802,18,8,286,0.6703,2.9685,10.0000,0.9570,180,0,"",-0.0415,0.0408,-0.0358,0.0036,0.0038,0.0226,-0.0037,-0.0041,-0.1664,-0.1845,-1.7830,-10.2694,34.4687,-0.1755,False,False
29.1819,18,8,287,0.6393,2.9330,9.9307,0.8996,180,0,"",-0.0973,-0.0422,-0.1359,0.0117,-0.0243,0.0041,0.0143,-0.0077,0.6521,-0.3487,-1.7711,-10.2466,25.6485,0.1517,False,False
29.2829,18,8,288,0.6194,3.0107,9.9541,0.8600,180,0,"",0.0365,0.1329,-0.0309,-0.0031,-0.0227,0.0014,0.0070,0.0200,0.3106,0.8832,-1.7660,-10.2376,28.5031,0.5969,False,False
29.3834,18,8,289,0.6642,2.9480,10.0000,0.8747,180,0,"",-0.0285,0.0571,0.0516,0.0031,-0.0126,-0.0042,0.0101,-0.0168,0.4779,-0.7972,-1.7783,-10.2602,25.5582,-0.1597,False,False
29.4839,18,8,290,0.6346,2.9277,9.9637,0.9233,180,0,"",0.0096,0.1100,0.0723,-0.0174,-0.0243,0.0091,-0.0097,0.0079,-0.4356,0.3564,-1.7823,-10.2683,29.9752,-0.0396,False,False
29.5864,18,8,291,0.6604,2.9403,9.9825,0.8551,180,0,"",-0.0220,0.0406,0.0617,-0.0127,-0.0102,-0.0254,0.0162,0.0012,0.7699,0.0581,-1.7715,-10.2529,32.4373,0.4140,False,False
29.6896,18,8,292,0.6003,2.9674,9.9908,0.9191,180,0,"",0.0002,0.0023,-0.0867,0.0271,0.0040,-0.0083,0.0026,-0.0075,0.1268,-0.3594,-1.7765,-10.2634,24.5853,-0.1163,False,False
29.7926,18,8,293,0.6448,2.9590,10.0000,0.8217,180,0,"",-0.0348,0.0257,0.0463,-0.0188,0.0163,0.0060,-0.0052,-0.0130,-0.2275,-0.5678,-1.7751,-10.2610,20.0360,-0.3977,False,False
29.8930,18,8,294,0.6077,3.0091,10.0000,0.9032,180,0,"",0.0272,0.0557,-0.0744,-0.0077,-0.0305,-0.0011,0.0130,-0.0021,0.6339,-0.1000,-1.7745,-10.2593,19.3334,0.2670,False,False
29.9934,18,8,295,0.6610,2.9434,9.9697,0.9418,180,0,"",0.0083,0.0271,0.0064,-0.0254,-0.0114,0.0234,0.0152,-0.0080,0.6821,-0.3600,-1.7729,-10.2534,14.6019,0.1611,False,False
30.0952,18,8,296,0.6471,2.9649,9.9758,0.8773,180,0,"",-0.0253,-0.0414,-0.0137,-0.0177,-0.0134,0.0155,-0.0055,0.0003,-0.2173,0.0107,-1.7831,-10.2858,17.8827,-0.1033,False,False
30.1968,18,8,297,0.6514,3.0001,10.0000,0.9458,180,0,"",0.0197,0.0176,-0.0904,0.0197,0.0167,-0.0085,-0.0180,0.0051,-0.8162,0.2321,-1.7820,-10.2826,15.4721,-0.2920,False,False
30.2993,18,8,298,0.6524,2.9372,9.9658,0.9184,180,0,"",0.0426,-0.1436,0.0276,0.0358,0.0127,-0.0017,0.0002,0.0038,0.0086,0.1743,-1.7834,-10.2883,15.4719,0.0915,False,False
30.4031,18,8,299,0.6550,2.9172,9.9837,0.8797,180,0,"",0.0012,-0.0620,0.0322,-0.0099,0.0166,0.0008,0.0252,0.0020,1.0858,0.0873,-1.7839,-10.2865,12.5096,0.5865,False,False
30.5031,18,8,300,0.6058,2.9384,10.0000,0.8731,180,0,"",0.0084,0.0723,-0.0018,-0.0097,0.0191,-0.0207,0.0213,0.0013,0.9854,0.0619,-1.7823,-10.2741,7.4806,0.5237,False,False
30.6039,18,8,301,0.6162,3.0329,10.0000,0.9030,180,0,"",0.0336,-0.0545,-0.0087,-0.0122,-0.0106,-0.0386,-0.0026,-0.0078,-0.1216,-0.3658,-1.7800,-10.2539,8.6542,-0.2437,False,False
30.7058,18,8,302,0.6225,2.9840,10.0000,0.8056,180,0,"",-0.0063,0.0600,-0.0350,-0.0203,0.0071,-0.0184,-0.0067,-0.0023,-0.2973,-0.1031,-1.7797,-10.2535,11.0976,-0.2002,False,False
30.8068,18,8,303,0.6278,2.9395,9.9871,0.9976,180,0,"",-0.0514,0.0107,0.0395,-0.0083,0.0498,-0.0082,-0.0042,-0.0087,-0.1693,-0.3543,-1.7766,-10.2425,13.9260,-0.2618,False,False
30.9080,18,8,304,0.6463,2.9996,10.0000,0.8628,180,0,"",-0.0764,-0.0694,-0.0741,0.0125,0.0299,0.0169,-0.0026,0.0016,-0.1108,0.0670,-1.7777,-10.2470,11.5178,-0.0219,False,False
31.0107,18,8,305,0.6682,2.8942,10.0000,0.8864,180,0,"",-0.0234,0.0511,-0.0039,-0.0101,-0.0038,0.0061,-0.0132,0.0021,-0.6322,0.0993,-1.7792,-10.2519,16.1212,-0.2665,False,False
31.1116,18,8,306,0.6444,2.9457,9.9849,0.8943,180,0,"",0.0546,-0.0412,0.0155,0.0230,0.0104,-0.0204,0.0014,0.0010,0.0641,0.0429,-1.7766,-10.2435,15.6037,0.0535,False,False
31.2134,18,8,307,0.6214,2.9894,10.0000,0.8675,180,0,"",0.0165,0.0680,0.0394,0.0316,-0.0113,0.0155,-0.0063,0.0008,-0.2997,0.0393,-1.7787,-10.2542,14.5027,-0.1302,False,False
31.3149,18,8,308,0.6232,2.9888,10.0000,0.9636,180,0,"",-0.1049,-0.0785,0.0850,-0.0073,-0.0248,0.0272,0.0064,0.0084,0.3115,0.4066,-1.7792,-10.2569,10.0217,0.3590,False,False
31.4186,18,8,309,0.6620,2.9564,10.0000,0.9103,180,0,"",-0.0386,-0.0249,-0.0572,-0.0181,0.0154,0.0224,-0.0074,0.0141,-0.2833,0.5391,-1.7764,-10.2428,13.3260,0.1279,False,False
31.5197,18,8,310,0.6872,2.9491,10.0000,0.8455,180,0,"",0.0456,0.0263,-0.0130,0.0335,-0.0252,-0.0244,-0.0101,-0.0013,-0.4731,-0.0621,-1.7825,-10.2828,5.6440,-0.2676,False,False
31.6203,18,8,311,0.6618,2.9744,10.0000,0.9054,180,0,"",-0.0679,-0.0001,-0.0332,-0.0086,0.0394,-0.0046,0.0031,0.0232,0.1352,1.0074,-1.7800,-10.2688,10.6849,0.5713,False,False
31.7230,18,8,312,0.6389,3.0235,9.9432,0.8594,180,0,"",0.0177,0.0474,-0.0061,0.0251,-0.0289,0.0238,-0.0116,-0.0126,-0.4974,-0.5429,-1.7810,-10.2763,9.0322,-0.5201,False,False
31.8240,18,8,313,0.6067,3.0269,9.9561,0.8557,180,0,"",-0.0956,0.0570,-0.1075,-0.0128,0.0083,0.0135,-0.0060,-0.0307,-0.2621,-1.3403,-1.7814,-10.2877,4.6791,-0.8012,False,False
31.9251,18,8,314,0.6469,3.0201,9.9983,0.8783,180,0,"",-0.0115,0.0444,-0.0627,0.0010,0.0062,-0.0206,0.0021,0.0034,0.1009,0.1634,-1.7824,-10.3011,5.4324,0.1321,False,False
32.0280,18,8,315,0.6681,2.9185,9.9805,0.9340,180,0,"",-0.0046,-0.0320,-0.0583,-0.0116,-0.0319,-0.0201,-0.0048,0.0023,-0.2172,0.1066,-1.7821,-10.2998,4.6716,-0.0553,False,False
32.1310,18,8,316,0.6369,3.0150,9.9942,0.9617,180,0,"",-0.0319,0.0477,0.0211,-0.0189,0.0028,-0.0052,0.0108,-0.0143,0.5011,-0.6638,-1.7774,-10.2738,6.0908,-0.0814,False,False
32.2332,18,8,317,0.6272,2.9849,10.0000,0.9329,180,0,"",0.0058,-0.0272,-0.0298,0.0021,-0.0085,0.0015,0.0058,-0.0068,0.2428,-0.2836,-1.7759,-10.2699,11.7229,-0.0204,False,False
32.3337,18,8,318,0.6262,2.9735,9.9964,0.9146,180,0,"",0.0686,0.1122,0.0950,-0.0276,0.0286,-0.0166,0.0047,0.0038,0.2308,0.1876,-1.7698,-10.2390,11.3793,0.2092,False,False
32.4358,18,8,319,0.6887,2.9613,10.0000,0.8838,180,0,"",-0.0461,-0.0630,-0.0620,-0.0065,-0.0004,-0.0190,0.0045,-0.0226,0.2031,-1.0165,-1.7739,-10.2518,15.7023,-0.4067,False,False
32.5362,18,8,320,0.6875,2.9919,10.0000,0.8831,180,0,"",-0.0088,-0.0129,0.0089,-0.0309,-0.0177,0.0030,-0.0066,0.0007,-0.3024,0.0335,-1.7712,-10.2428,16.5516,-0.1344,False,False
32.6385,18,8,321,0.6575,2.9187,9.9997,0.8675,180,0,"",-0.1159,0.0700,-0.0047,0.0145,-0.0093,-0.0189,0.0094,0.0069,0.4255,0.3101,-1.7711,-10.2449,12.9942,0.3678,False,False
32.7386,18,8,322,0.6447,2.9849,10.0000,0.8758,180,0,"",0.0730,-0.0339,-0.0293,-0.0155,0.0235,-0.0057,0.0111,0.0107,0.5115,0.4919,-1.7664,-10.2112,7.6128,0.5017,False,False
32.8394,18,8,323,0.6405,3.0213,9.9668,0.8825,180,0,"",-0.0500,-0.0759,-0.0445,-0.0035,-0.0133,-0.0013,-0.0114,0.0038,-0.5360,0.1787,-1.7703,-10.2292,14.0635,-0.1787,False,False
32.9420,18,8,324,0.5967,3.0331,9.9536,0.8987,180,0,"",-0.1143,0.0519,0.0109,0.0007,-0.0141,0.0196,0.0018,-0.0131,0.0823,-0.5921,-1.7756,-10.2524,10.2340,-0.2549,False,False
33.0443,18,8,325,0.6140,2.9494,10.0000,0.8917,180,0,"",0.0479,0.0105,0.0366,0.0078,0.0089,0.0010,0.0163,-0.0071,0.7200,-0.3145,-1.7759,-10.2524,8.5252,0.2028,False,False
33.1460,18,8,326,0.6754,2.9028,10.0000,0.8945,180,0,"",0.0455,-0.0254,-0.0412,-0.0156,0.0083,0.0033,0.0103,0.0113,0.4751,0.5211,-1.7701,-10.2190,10.6566,0.4981,False,False
33.2480,18,8,327,0.6599,2.9960,9.9997,0.8927,180,0,"",0.0640,-0.0665,-0.0740,-0.0185,0.0141,0.0091,0.0208,-0.0055,0.9470,-0.2522,-1.7716,-10.2293,1.5339,0.3474,False,False
33.3497,18,8,328,0.6518,2.9383,10.0000,0.8975,180,0,"",-0.0721,0.0311,-0.0629,-0.0197,0.0156,0.0105,0.0097,0.0028,0.4254,0.1239,-1.7730,-10.2095,-6.0040,0.2747,False,False
33.4520,18,8,329,0.6180,2.9949,9.9998,0.8854,180,0,"",-0.0762,0.0653,-0.0052,0.0022,-0.0241,-0.0318,0.0059,0.0116,0.2784,0.5502,-1.7766,-10.1881,-9.1240,0.4143,False,False
33.5547,18,8,330,0.6419,2.9502,9.9492,0.9247,180,0,"",0.0823,0.0125,0.0012,0.0020,-0.0029,0.0143,-0.0007,-0.0008,-0.0341,-0.0386,-1.7762,-10.1857,-5.4704,-0.0364,False,False
33.6571,18,8,331,0.6468,3.0037,9.9488,0.8787,180,0,"",-0.0947,0.0804,-0.0764,-0.0199,0.0307,0.0187,0.0082,0.0195,0.3670,0.8728,-1.7781,-10.1710,-6.1434,0.6199,False,False
33.7599,18,8,332,0.6943,3.0148,9.9887,0.8823,180,0,"",0.0132,-0.0045,0.0188,-0.0243,0.0150,0.0082,-0.0060,-0.0028,-0.2969,-0.1415,-1.7777,-10.1810,-10.2963,-0.2192,False,False
33.8633,18,8,333,0.6135,2.9248,10.0000,0.9347,180,0,"",-0.0169,-0.0118,-0.0239,0.0148,-0.0245,-0.0102,0.0000,0.0012,0.0008,0.0608,-1.7764,-10.1857,-5.9997,0.0308,False,False
33.9640,18,8,334,0.6379,2.8823,9.9841,0.8271,180,0,"",-0.0109,-0.0341,-0.0445,-0.0285,-0.0016,0.0010,-0.0064,-0.0068,-0.2911,-0.3087,-1.7749,-10.1986,-7.2748,-0.2999,False,False
34.0655,18,8,335,0.6206,3.0094,10.0000,0.8367,180,0,"",0.0827,-0.0383,0.0063,0.0044,-0.0054,0.0057,-0.0076,0.0020,-0.3384,0.0865,-1.7747,-10.1991,-1.6960,-0.1260,False,False
34.1688,18,8,336,0.6639,3.0508,9.9237,0.8410,180,0,"",0.0267,-0.0211,0.0279,-0.0019,0.0036,-0.0152,0.0125,-0.0139,0.6136,-0.6872,-1.7754,-10.1707,-5.2155,-0.0368,False,False
34.2693,18,8,337,0.6257,2.9499,9.9868,0.9372,180,0,"",0.0334,0.0323,0.0729,-0.0212,0.0006,0.0305,0.0016,-0.0144,0.0709,-0.6312,-1.7743,-10.1793,-8.1282,-0.2802,False,False
34.3729,18,8,338,0.6334,2.9453,10.0000,0.8932,180,0,"",-0.0243,-0.0176,0.0315,-0.0084,0.0058,-0.0481,0.0137,0.0176,0.6102,0.7805,-1.7772,-10.1565,-6.5239,0.6954,False,False
34.4739,18,8,339,0.6348,3.0564,9.9984,0.8884,180,0,"",-0.1082,0.0085,-0.0169,0.0046,-0.0231,0.0063,-0.0038,0.0016,-0.1689,0.0725,-1.7769,-10.1552,-2.6170,-0.0482,False,False
34.5741,18,8,340,0.6438,3.0085,10.0000,0.9749,180,0,"",-0.0609,0.0537,-0.0472,-0.0143,-0.0309,0.0166,-0.0272,-0.0010,-1.2584,-0.0459,-1.7753,-10.1725,-5.3534,-0.6521,False,False
34.6754,18,8,341,0.6879,3.0311,10.0000,0.9080,180,0,"",-0.0245,-0.0064,-0.0101,0.0044,0.0265,-0.0264,-0.0042,-0.0065,-0.1911,-0.2958,-1.7750,-10.1756,-7.4443,-0.2435,False,False
34.7771,18,8,342,0.6659,2.9343,9.9203,0.9536,180,0,"",-0.0139,-0.0552,-0.0818,-0.0354,0.0066,0.0237,-0.0100,0.0090,-0.4582,0.4144,-1.7731,-10.1840,-7.7931,-0.0219,False,False
34.8778,18,8,343,0.6397,2.9350,10.0000,0.9074,180,0,"",-0.0739,0.0022,0.0567,-0.0018,-0.0481,0.0257,-0.0032,-0.0070,-0.1441,-0.3153,-1.7678,-10.2137,-9.5049,-0.2297,False,False
34.9808,18,8,344,0.6515,2.9872,10.0000,0.9475,180,0,"",-0.0104,0.0161,0.0753,-0.0181,0.0020,0.0308,0.0028,-0.0123,0.1223,-0.5343,-1.7651,-10.2255,-14.5541,-0.2060,False,False
35.0834,18,8,345,0.6327,2.9977,10.0000,0.8825,180,0,"",-0.0232,0.0065,-0.0518,0.0063,0.0121,-0.0086,-0.0174,0.0034,-0.8001,0.1544,-1.7574,-10.2499,-17.6567,-0.3229,False,False
35.1845,18,8,346,0.6398,3.0493,9.9379,0.9217,180,0,"",-0.0871,-0.0434,-0.0615,0.0087,0.0201,0.0253,0.0073,0.0049,0.2978,0.1999,-1.7615,-10.2333,-15.2678,0.2488,False,False
35.2870,18,8,347,0.6643,2.9464,10.0000,0.9301,180,0,"",-0.1104,-0.0326,-0.0935,-0.0038,0.0262,0.0246,-0.0016,-0.0095,-0.0760,-0.4583,-1.7579,-10.2476,-14.2704,-0.2671,False,False
35.3873,18,8,348,0.6139,2.8879,10.0000,0.9018,180,0,"",-0.0966,-0.0010,0.1073,-0.0175,0.0331,0.0139,-0.0055,-0.0162,-0.2397,-0.7095,-1.7501,-10.2670,-24.8002,-0.4746,False,False
35.4884,18,8,349,0.6119,3.0251,10.0000,0.9741,180,0,"",-0.1271,-0.0421,0.0259,-0.0040,-0.0310,0.0025,0.0025,-0.0151,0.1107,-0.6606,-1.7543,-10.2555,-24.5151,-0.2749,False,False
35.5914,18,8,350,0.6050,3.0069,9.9852,0.8189,180,0,"",-0.0814,-0.0081,0.0202,-0.0398,-0.0006,0.0101,-0.0071,0.0083,-0.3454,0.4073,-1.7502,-10.2643,-23.6902,0.0309,False,False
35.6919,18,8,351,0.6437,2.9253,9.9903,1.0081,180,0,"",0.0379,-0.0624,-0.0830,-0.0090,0.0136,-0.0143,-0.0195,-0.0010,-0.9463,-0.0482,-1.7451,-10.2750,-24.8261,-0.4972,False,False
35.7935,18,8,352,0.6607,2.9509,9.9780,0.8865,180,0,"",0.0482,0.0098,0.0620,-0.0068,-0.0140,0.0014,-0.0010,-0.0122,-0.0396,-0.5031,-1.7453,-10.2740,-29.6012,-0.2713,False,False
35.8965,18,8,353,0.6607,2.9819,10.0000,0.9044,180,0,"",-0.0147,-0.0125,0.0111,-0.0431,-0.0328,-0.0064,-0.0023,-0.0073,-0.1043,-0.3266,-1.7425,-10.2774,-35.0804,-0.2154,False,False
35.9965,18,8,354,0.5996,2.9325,10.0000,0.9485,180,0,"",-0.0203,-0.0223,0.0253,0.0173,0.0068,0.0037,-0.0176,0.0033,-0.7369,0.1361,-1.7418,-10.2794,-28.8316,-0.3004,False,False
36.1002,18,8,355,0.6774,2.9250,10.0000,0.8740,180,0,"",0.0461,0.0634,0.0281,-0.0231,0.0133,-0.0189,-0.0056,-0.0037,-0.2482,-0.1614,-1.7407,-10.2804,-29.3207,-0.2048,False,False
36.2006,18,8,356,0.6145,2.9445,9.8948,0.9206,180,0,"",-0.0090,0.0881,-0.0230,-0.0064,0.0183,-0.0004,0.0066,0.0028,0.3066,0.1291,-1.7508,-10.2642,-32.4477,0.2179,False,False
36.3015,18,8,357,0.6309,2.9200,9.9557,0.9453,180,0,"",0.0897,-0.0213,-0.0093,0.0179,0.0282,0.0057,-0.0129,0.0013,-0.5645,0.0551,-1.7513,-10.2627,-31.3038,-0.2547,False,False
36.4054,18,8,358,0.6591,2.9160,10.0000,0.9124,180,0,"",0.0661,-0.0190,-0.0590,0.0188,0.0167,-0.0298,-0.0069,0.0186,-0.2945,0.7876,-1.7550,-10.2556,-28.9150,0.2465,False,False
36.5067,18,8,359,0.6624,2.9566,9.9486,0.9096,180,0,"",0.0359,0.0826,-0.0450,0.0376,-0.0127,-0.0282,-0.0068,0.0143,-0.2928,0.6148,-1.7601,-10.2434,-20.8020,0.1610,False,False
36.6071,18,8,360,0.6425,3.0363,9.9478,0.8974,180,0,"",0.0403,-0.0128,0.0706,0.0215,0.0361,0.0220,0.0059,0.0009,0.2850,0.0433,-1.7657,-10.2301,-23.7378,0.1642,False,False
36.7103,18,8,361,0.7050,2.9478,10.0000,0.9589,180,0,"",-0.0372,-0.0188,0.0317,0.0173,0.0044,0.0152,0.0014,0.0037,0.0663,0.1701,-1.7594,-10.2423,-25.7719,0.1182,False,False
36.8107,18,8,362,0.6544,2.9740,10.0000,0.9355,180,0,"",0.1352,0.0391,-0.0120,0.0280,-0.0201,0.0142,0.0093,0.0013,0.4399,0.0640,-1.7511,-10.2577,-27.1845,0.2520,False,False
36.9129,18,8,363,0.6109,3.0040,9.9456,0.9533,180,0,"",-0.0946,0.0051,-0.0034,0.0310,-0.0153,0.0248,0.0079,0.0143,0.3721,0.6766,-1.7549,-10.2503,-26.9813,0.5244,False,False
37.0135,18,8,364,0.6644,2.9617,9.9935,0.9261,180,0,"",-0.0690,-0.0069,-0.0821,0.0162,-0.0028,0.0151,0.0031,-0.0078,0.1396,-0.3515,-1.7468,-10.2670,-28.8344,-0.1060,False,False
37.1154,18,8,365,0.6549,3.0244,9.9909,0.9219,180,0,"",-0.0261,0.0523,0.0043,0.0001,-0.0425,-0.0266,-0.0137,-0.0102,-0.6426,-0.4818,-1.7556,-10.2515,-25.6437,-0.5622,False,False
37.2175,18,8,366,0.6803,2.8921,9.9572,0.9484,180,0,"",-0.0664,-0.0545,0.0264,-0.0136,-0.0213,-0.0287,0.0002,0.0052,0.0083,0.2441,-1.7629,-10.2366,-24.0498,0.1262,False,False
37.3182,18,8,367,0.6649,2.9190,9.9813,0.9265,180,0,"",0.0140,0.0638,0.0319,-0.0376,-0.0127,0.0093,-0.0100,0.0069,-0.4758,0.3295,-1.7587,-10.2435,-23.5417,-0.0731,False,False
37.4191,18,8,368,0.6430,2.9997,10.0000,0.8869,180,0,"",0.0606,-0.0080,0.0101,-0.0066,-0.0057,0.0081,-0.0053,-0.0188,-0.2321,-0.8271,-1.7528,-10.2540,-28.5882,-0.5296,False,False
37.5191,18,8,369,0.6526,2.9544,10.0000,0.9278,180,0,"",-0.0193,0.0246,0.0381,0.0020,-0.0101,0.0361,0.0068,0.0143,0.2968,0.6266,-1.7494,-10.2604,-27.9331,0.4617,False,False
37.6198,18,8,370,0.6934,2.9731,10.0000,0.9192,180,0,"",-0.0667,0.0398,-0.0070,0.0256,-0.0105,0.0301,0.0203,-0.0025,0.9243,-0.1128,-1.7566,-10.2467,-29.5411,0.4058,False,False
37.7219,18,8,371,0.6389,2.9240,10.0000,0.8739,180,0,"",-0.0008,0.0271,0.0346,-0.0111,-0.0170,0.0112,0.0034,0.0047,0.1597,0.2209,-1.7666,-10.2297,-28.8892,0.1903,False,False
37.8243,18,8,372,0.6301,2.9569,10.0000,0.9178,180,0,"",0.0310,-0.0109,-0.0747,-0.0141,-0.0007,-0.0388,-0.0013,0.0006,-0.0603,0.0268,-1.7644,-10.2330,-27.8622,-0.0168,False,False
37.9270,18,8,373,0.6344,2.9848,9.9450,0.8858,180,0,"",-0.0466,-0.0403,0.0275,0.0263,-0.0127,-0.0303,-0.0042,-0.0011,-0.1965,-0.0535,-1.7693,-10.2244,-29.8535,-0.1250,False,False
38.0294,18,8,374,0.6243,2.9724,9.8857,0.8839,180,0,"",0.0222,0.0290,-0.0611,-0.0003,0.0250,0.0085,0.0042,0.0069,0.1868,0.3042,-1.7709,-10.2214,-31.1329,0.2455,False,False
38.1306,18,8,375,0.5639,2.9514,10.0000,0.8951,180,0,"",0.0270,0.0332,-0.0287,0.0015,-0.0242,0.0218,-0.0025,0.0153,-0.1162,0.7089,-1.7694,-10.2240,-30.2176,0.2964,False,False
38.2318,18,8,376,0.6793,3.0110,9.9752,0.8493,180,0,"",0.0270,0.0216,-0.0538,0.0169,-0.0241,-0.0005,-0.0028,-0.0093,-0.1202,-0.4023,-1.7677,-10.2256,-35.3280,-0.2613,False,False
38.3341,18,8,377,0.6218,2.9601,10.0000,0.8630,180,0,"",0.0117,0.0163,-0.0111,-0.0159,0.0084,-0.0010,0.0007,0.0000,0.0296,-0.0001,-1.7555,-10.2446,-33.4027,0.0148,False,False
38.4372,18,8,378,0.6543,2.9123,10.0000,0.9622,180,0,"",-0.0565,0.0118,0.0414,-0.0308,0.0076,0.0006,0.0043,-0.0001,0.1895,-0.0055,-1.7621,-10.2345,-31.7377,0.0920,False,False
38.5386,18,8,379,0.6408,2.9811,10.0000,0.9003,180,0,"",-0.0287,0.0328,-0.0155,0.0162,-0.0140,-0.0069,-0.0116,0.0019,-0.5738,0.0957,-1.7585,-10.2410,-38.1313,-0.2390,False,False
38.6404,18,8,380,0.6462,2.9013,9.9647,0.8452,180,0,"",-0.0410,0.0570,0.0134,-0.0039,0.0296,0.0026,-0.0075,-0.0080,-0.3558,-0.3803,-1.7462,-10.2594,-33.8629,-0.3680,False,False
38.7406,18,8,381,0.6272,2.9601,10.0000,0.8938,180,0,"",0.0223,0.0729,0.0495,0.0277,-0.0091,0.0018,0.0085,0.0082,0.3977,0.3856,-1.7502,-10.2529,-26.8960,0.3916,False,False
38.8412,18,8,382,0.6158,2.9538,9.9987,0.9503,180,0,"",0.0853,-0.0968,-0.0018,0.0119,0.0057,0.0242,-0.0041,0.0067,-0.1853,0.3024,-1.7470,-10.2598,-27.7396,0.0586,False,False
38.9438,18,8,383,0.6755,2.9551,10.0000,0.8962,180,0,"",0.0165,-0.0554,0.0002,-0.0061,-0.0049,-0.0189,0.0065,0.0115,0.3032,0.5376,-1.7560,-10.2430,-27.2890,0.4204,False,False
39.0438,18,8,384,0.6691,2.9123,10.0000,0.9523,180,0,"",0.0185,0.0038,0.0480,-0.0143,-0.0177,-0.0168,0.0156,0.0059,0.7088,0.2667,-1.7618,-10.2313,-25.9284,0.4878,False,False
39.1458,18,8,385,0.6535,2.8805,9.9853,0.8137,180,0,"",-0.0360,-0.0942,0.0673,-0.0275,0.0048,0.0008,0.0081,-0.0057,0.3673,-0.2599,-1.7624,-10.2318,-30.2773,0.0537,False,False
39.2469,18,8,386,0.6838,2.9639,9.9897,0.8831,180,0,"",-0.0134,-0.0455,0.0253,0.0131,0.0014,-0.0013,-0.0117,0.0206,-0.5161,0.9124,-1.7807,-10.2029,-27.3283,0.1981,False,False
39.3487,18,8,387,0.6465,2.9800,9.9596,0.9141,180,0,"",0.0400,0.0214,-0.0789,-0.0319,0.0199,0.0029,0.0130,-0.0106,0.6067,-0.4969,-1.7788,-10.2060,-31.0448,0.0549,False,False
39.4496,18,8,388,0.6646,2.9647,9.9427,0.9459,180,0,"",-0.0311,0.0595,0.0075,0.0027,0.0149,0.0157,0.0141,0.0035,0.6135,0.1506,-1.7785,-10.2074,-24.6608,0.3821,False,False
39.5525,18,8,389,0.6531,2.9912,9.9623,0.9054,180,0,"",0.0679,-0.0369,0.0691,0.0040,0.0046,-0.0072,0.0051,-0.0107,0.2373,-0.4917,-1.7779,-10.2102,-24.1547,-0.1272,False,False
39.6530,18,8,390,0.6347,2.9654,9.9528,0.8736,180,0,"",-0.0237,0.0273,-0.0038,0.0198,-0.0068,-0.0085,0.0050,-0.0147,0.2206,-0.6519,-1.7767,-10.2117,-25.5436,-0.2157,False,False
39.7552,18,8,391,0.6331,2.9516,9.9700,0.9479,180,0,"",-0.0052,0.0367,-0.0059,0.0226,0.0181,0.0059,-0.0153,0.0086,-0.7135,0.4026,-1.7793,-10.2060,-20.4733,-0.1555,False,False
39.8570,18,8,392,0.6013,2.9666,9.9942,0.8874,180,0,"",0.0585,0.0050,0.0266,0.0006,0.0160,0.0257,-0.0088,-0.0014,-0.4047,-0.0654,-1.7838,-10.1951,-21.2450,-0.2350,False,False
39.9571,18,8,393,0.6551,3.0227,9.9785,0.9100,180,0,"",-0.0501,-0.0177,0.0473,-0.0020,0.0300,-0.0054,0.0079,0.0078,0.3371,0.3347,-1.7806,-10.2037,-19.1281,0.3359,False,False
40.0587,18,8,394,0.6565,2.9675,10.0000,0.9804,180,0,"",0.0306,-0.0397,-0.0807,-0.0160,0.0054,-0.0202,-0.0035,-0.0014,-0.1718,-0.0672,-1.7809,-10.2030,-22.6370,-0.1195,False,False
40.1601,18,8,395,0.5859,3.0014,9.9682,0.9372,180,0,"",-0.0175,0.0029,-0.0554,-0.0075,-0.0280,0.0258,-0.0157,0.0213,-0.6943,0.9396,-1.7772,-10.2121,-14.5284,0.1227,False,False
40.2606,18,8,396,0.6332,2.9603,10.0000,0.8312,180,0,"",0.0176,0.0207,-0.1144,0.0169,-0.0062,0.0177,0.0072,-0.0045,0.3543,-0.2229,-1.7751,-10.2242,-15.2955,0.0657,False,False
40.3613,18,8,397,0.6559,2.9373,10.0000,0.8770,180,0,"",-0.0081,-0.0014,0.0028,0.0161,0.0135,0.0125,-0.0040,0.0162,-0.1800,0.7283,-1.7809,-10.2015,-12.9269,0.2742,False,False
40.4622,18,8,398,0.6625,2.8766,9.9801,0.9261,180,0,"",-0.0185,-0.0263,0.0412,0.0119,0.0299,0.0639,0.0079,-0.0208,0.3621,-0.9561,-1.7788,-10.2038,-15.3019,-0.2970,False,False
40.5633,18,8,399,0.6489,2.9665,9.9686,0.9315,180,0,"",-0.0216,-0.0538,0.0189,-0.0151,0.0093,0.0082,-0.0110,-0.0062,-0.4949,-0.2769,-1.7787,-10.2040,-8.6248,-0.3859,False,False
40.6650,18,8,400,0.6022,2.9858,10.0000,0.8899,180,0,"",0.0698,0.0237,0.0410,-0.0083,0.0211,0.0227,-0.0062,-0.0088,-0.2763,-0.3925,-1.7822,-10.1775,-6.6501,-0.3344,False,False
40.7678,18,8,401,0.6627,2.9118,9.9427,0.8629,180,0,"",0.0657,0.0956,-0.0130,0.0359,-0.0219,0.0103,0.0005,-0.0019,0.0241,-0.0935,-1.7826,-10.1756,-9.3120,-0.0347,False,False
40.8680,18,8,402,0.6623,2.9583,10.0000,0.9219,180,0,"",-0.0268,0.0393,0.0193,-0.0098,-0.0041,-0.0059,-0.0175,0.0082,-0.8185,0.3837,-1.7839,-10.1698,2.2725,-0.2174,False,False
40.9701,18,8,403,0.6320,2.9483,10.0000,0.8750,180,0,"",0.0552,-0.1513,0.0055,-0.0137,-0.0200,-0.0018,-0.0085,-0.0048,-0.3816,-0.2177,-1.7849,-10.1910,2.5997,-0.2997,False,False
41.0723,18,8,404,0.6649,2.9032,9.9993,0.8316,180,0,"",0.0839,-0.0380,-0.0682,-0.0007,0.0334,-0.0129,-0.0067,0.0077,-0.3345,0.3865,-1.7840,-10.1760,6.0088,0.0260,False,False
41.1744,18,8,405,0.5980,2.9457,9.9587,0.9283,180,0,"",0.0056,0.0937,0.0370,0.0170,-0.0021,-0.0178,-0.0116,0.0138,-0.5173,0.6176,-1.7830,-10.1739,1.3509,0.0501,False,False
41.2776,18,8,406,0.6543,2.9739,10.0000,0.9749,180,0,"",-0.0002,0.0138,0.0089,0.0045,-0.0137,0.0013,0.0075,0.0005,0.3150,0.0211,-1.7829,-10.1707,-3.1350,0.1680,False,False
41.3794,18,8,407,0.6299,2.9701,10.0000,0.9002,180,0,"",0.0232,-0.0329,0.0350,-0.0581,0.0213,-0.0273,-0.0101,-0.0049,-0.4545,-0.2189,-1.7826,-10.1833,-3.1041,-0.3367,False,False
41.4812,18,8,408,0.6807,2.9402,9.9623,0.9222,180,0,"",-0.0641,-0.0311,-0.0401,0.0096,0.0446,-0.0323,-0.0048,-0.0046,-0.2165,-0.2050,-1.7823,-10.1889,-4.1924,-0.2107,False,False
41.5826,18,8,409,0.6084,2.9539,9.9898,0.9538,180,0,"",0.1119,-0.0319,0.0819,-0.0056,-0.0072,0.0221,-0.0067,0.0119,-0.2331,0.4123,-1.7830,-10.1749,0.6352,0.0896,False,False
41.6862,18,8,410,0.6448,2.9688,9.9698,0.9213,180,0,"",-0.0820,-0.0552,-0.0329,0.0214,-0.0014,0.0212,-0.0176,0.0012,-0.8693,0.0616,-1.7836,-10.1847,4.4045,-0.4039,False,False
41.7885,18,8,411,0.6613,2.9352,9.9711,0.9071,180,0,"",-0.0174,0.0777,0.0599,-0.0082,-0.0206,-0.0042,0.0052,-0.0082,0.2397,-0.3747,-1.7832,-10.1727,-1.5893,-0.0675,False,False
41.8911,18,8,412,0.6533,2.9495,9.9928,0.9083,180,0,"",0.0272,0.0528,-0.0393,0.0134,-0.0266,0.0041,0.0077,0.0155,0.3812,0.7622,-1.7843,-10.1568,-4.5019,0.5717,False,False
41.9928,18,8,413,0.6445,2.9282,9.8932,0.8357,180,0,"",-0.0816,-0.0128,-0.0345,0.0353,0.0080,0.0365,-0.0100,-0.0257,-0.4214,-1.0836,-1.7831,-10.1637,-8.4746,-0.7525,False,False
42.0950,18,8,414,0.6715,2.9747,10.0000,0.8768,180,0,"",0.0790,0.0424,0.0372,0.0005,-0.0282,-0.0120,0.0093,0.0024,0.4569,0.1205,-1.7863,-10.1491,-12.3212,0.2887,False,False
42.1964,18,8,415,0.6273,2.9680,9.9563,0.9084,180,0,"",-0.0381,-0.0277,0.0528,-0.0005,0.0000,0.0143,-0.0097,-0.0124,-0.4256,-0.5466,-1.7862,-10.1496,-14.5012,-0.4861,False,False
42.3000,18,8,416,0.6111,2.9919,9.9730,0.8662,180,0,"",0.0091,0.0132,0.0311,0.0224,-0.0304,-0.0309,0.0015,-0.0131,0.0757,-0.6488,-1.7886,-10.1399,-11.5267,-0.2865,False,False
42.4016,18,8,417,0.6086,2.9815,10.0000,0.9525,180,0,"",0.0001,-0.0349,-0.0220,-0.0268,-0.0010,0.0306,-0.0030,0.0044,-0.1509,0.2199,-1.7846,-10.1588,-11.4381,0.0345,False,False
42.5048,18,8,418,0.6051,2.9600,10.0000,0.9128,180,0,"",-0.0532,-0.0588,0.0703,0.0063,-0.0105,-0.0194,0.0103,-0.0099,0.5004,-0.4805,-1.7811,-10.1691,-17.4693,0.0099,False,False
42.6064,18,8,419,0.6361,2.9689,9.9861,0.8628,180,0,"",-0.0821,0.0421,-0.0221,-0.0128,-0.0024,0.0034,-0.0262,-0.0052,-1.2223,-0.2444,-1.7763,-10.1839,-17.9717,-0.7333,False,False
42.7064,18,8,420,0.6488,2.9774,10.0000,0.9408,180,0,"",0.0289,0.0255,-0.0215,0.0435,0.0237,0.0098,0.0080,0.0038,0.3560,0.1688,-1.7754,-10.1890,-13.2632,0.2624,False,False
42.8084,18,8,421,0.6393,3.0052,10.0000,0.9363,180,0,"",0.0143,0.0377,0.0574,0.0002,-0.0064,-0.0034,0.0053,-0.0123,0.2630,-0.6105,-1.7749,-10.1901,-19.1012,-0.1738,False,False
42.9087,18,8,422,0.6632,3.0305,9.9933,0.8571,180,0,"",0.0175,0.0334,-0.0274,0.0018,0.0127,-0.0162,-0.0078,-0.0014,-0.3558,-0.0625,-1.7750,-10.1882,-20.7600,-0.2092,False,False
43.0096,18,8,423,0.6512,3.0051,9.9919,0.7908,180,0,"",0.0328,0.0057,-0.0393,-0.0082,-0.0203,0.0028,-0.0140,0.0114,-0.6591,0.5356,-1.7750,-10.1910,-12.3428,-0.0617,False,False
43.1101,18,8,424,0.6807,3.0117,10.0000,0.9307,180,0,"",-0.0524,-0.0915,0.0284,0.0022,-0.0078,-0.0285,0.0012,-0.0027,0.0525,-0.1155,-1.7736,-10.1964,-17.4900,-0.0315,False,False
43.2107,18,8,425,0.6477,2.9399,9.9605,0.8828,180,0,"",-0.0994,0.0472,-0.0226,0.0095,0.0026,0.0035,0.0005,-0.0107,0.0202,-0.4740,-1.7645,-10.2191,-23.7045,-0.2269,False,False
43.3113,18,8,426,0.6641,2.9312,10.0000,0.9302,180,0,"",0.0849,-0.0373,-0.0374,0.0054,-0.0009,0.0059,0.0004,0.0020,0.0212,0.0984,-1.7712,-10.2053,-25.5065,0.0598,False,False
43.4139,18,8,427,0.6099,3.0367,10.0000,0.8909,180,0,"",0.0624,0.0221,-0.0649,0.0187,-0.0136,0.0002,0.0130,0.0117,0.6076,0.5445,-1.7754,-10.1925,-17.6928,0.5761,False,False
43.5168,18,8,428,0.6511,2.9765,9.9216,0.9394,180,0,"",0.0729,-0.0033,-0.0133,-0.0147,-0.0013,-0.0150,-0.0098,0.0024,-0.4442,0.1106,-1.7702,-10.2100,-16.7649,-0.1668,False,False
43.6200,18,8,429,0.6321,3.0266,9.9460,0.8998,180,0,"",0.0165,0.0827,-0.0430,0.0505,-0.0338,-0.0022,0.0054,0.0030,0.2394,0.1347,-1.7758,-10.1894,-15.8920,0.1870,False,False
43.7208,18,8,430,0.6535,2.9558,9.9972,0.9147,180,0,"",-0.0225,0.0378,-0.0292,-0.0033,-0.0095,0.0297,-0.0053,0.0082,-0.2441,0.3748,-1.7789,-10.1806,-19.3155,0.0654,False,False
43.8218,18,8,431,0.6437,2.9225,10.0000,0.9206,180,0,"",-0.1235,-0.0712,-0.0368,-0.0311,-0.0079,0.0040,-0.0166,-0.0011,-0.8117,-0.0514,-1.7741,-10.1927,-19.3156,-0.4316,False,False
43.9246,18,8,432,0.6202,3.0397,9.9256,0.9406,180,0,"",-0.0467,0.0466,0.0341,0.0040,-0.0116,0.0106,-0.0068,0.0060,-0.3052,0.2670,-1.7802,-10.1749,-15.4463,-0.0191,False,False
44.0272,18,8,433,0.6345,3.0145,9.9663,0.9092,180,0,"",0.0141,-0.0046,-0.0589,-0.0195,0.0083,0.0220,0.0014,0.0026,0.0609,0.1159,-1.7800,-10.1757,-13.0621,0.0884,False,False
44.1286,18,8,434,0.6744,2.9146,9.9925,0.9381,180,0,"",-0.0398,0.0796,0.0553,-0.0202,0.0255,0.0301,-0.0158,-0.0005,-0.7143,-0.0227,-1.7824,-10.1644,-8.1766,-0.3685,False,False
44.2287,18,8,435,0.6912,2.9388,9.9207,0.9300,180,0,"",0.0328,-0.1555,0.0081,0.0088,0.0090,0.0188,0.0178,0.0079,0.8161,0.3622,-1.7862,-10.1260,-7.5658,0.5891,False,False
44.3312,18,8,436,0.6829,2.9337,10.0000,0.9462,180,0,"",-0.0374,0.0331,0.0609,-0.0014,-0.0157,0.0047,0.0059,-0.0020,0.2935,-0.0989,-1.7903,-10.1037,-11.1617,0.0973,False,False
44.4332,18,8,437,0.7000,3.0220,10.0000,0.9632,180,0,"",-0.0282,-0.0539,0.0264,-0.0083,-0.0049,-0.0131,0.0152,0.0050,0.6537,0.2167,-1.7884,-10.1187,-8.8960,0.4352,False,False
44.5344,18,8,438,0.6674,2.9873,10.0000,0.8806,180,0,"",0.0289,0.0205,0.0673,-0.0163,0.0166,-0.0046,-0.0064,-0.0065,-0.2785,-0.2864,-1.7884,-10.1139,-15.2773,-0.2824,False,False
44.6346,18,8,439,0.6472,2.9504,9.9895,0.8704,180,0,"",-0.0203,-0.0755,0.0028,0.0012,0.0104,-0.0200,-0.0145,0.0113,-0.6830,0.5316,-1.7854,-10.1256,-9.7457,-0.0757,False,False
44.7350,18,8,440,0.6669,2.9126,10.0000,0.8514,180,0,"",0.0215,-0.0543,0.0175,-0.0003,0.0092,-0.0051,0.0003,0.0065,0.0150,0.3189,-1.7867,-10.1180,-7.3434,0.1669,False,False
44.8378,18,8,441,0.6474,2.9264,10.0000,0.8744,180,0,"",-0.0859,0.1306,0.0054,-0.0201,-0.0004,0.0028,0.0144,-0.0080,0.6800,-0.3768,-1.7859,-10.1226,-9.4478,0.1516,False,False
44.9402,18,8,442,0.6378,3.0476,9.9968,0.8333,180,0,"",-0.0307,0.0575,-0.0453,0.0120,-0.0042,-0.0129,-0.0141,0.0115,-0.6353,0.5217,-1.7845,-10.1295,-1.4994,-0.0568,False,False
45.0413,18,8,443,0.6131,2.9729,9.9462,0.9654,180,0,"",-0.0075,-0.0169,0.0894,0.0306,0.0088,0.0247,0.0051,-0.0075,0.2505,-0.3730,-1.7838,-10.1403,-1.1156,-0.0613,False,False
45.1434,18,8,444,0.6340,2.9467,9.9312,0.9098,180,0,"",0.0372,-0.0954,0.0368,-0.0369,0.0176,0.0256,0.0025,0.0013,0.1200,0.0630,-1.7839,-10.1630,3.1372,0.0915,False,False
45.2451,18,8,445,0.6326,2.9668,9.9752,0.9181,180,0,"",-0.0142,-0.0176,-0.0226,-0.0004,-0.0301,0.0130,0.0061,-0.0094,0.2697,-0.4165,-1.7841,-10.1630,5.8407,-0.0734,False,False
45.3473,18,8,446,0.5961,2.9557,9.9623,0.8603,180,0,"",0.0602,-0.0366,0.0148,-0.0022,-0.0083,-0.0099,0.0007,0.0121,0.0324,0.5703,-1.7839,-10.1597,4.9095,0.3014,False,False
45.4503,18,8,447,0.6651,2.9401,9.9834,0.8597,180,0,"",0.0320,0.0209,-0.0272,-0.0051,0.0426,0.0019,-0.0084,-0.0084,-0.3810,-0.3826,-1.7850,-10.1692,6.1678,-0.3818,False,False
45.5507,18,8,448,0.6424,2.9769,10.0000,0.9430,180,0,"",0.0314,0.0230,-0.0047,-0.0109,-0.0087,-0.0302,-0.0029,-0.0019,-0.1365,-0.0896,-1.7846,-10.1614,3.8840,-0.1131,False,False
45.6536,18,8,449,0.6375,2.9787,10.0000,0.9316,180,0,"",0.0653,0.0237,-0.0358,-0.0005,-0.0168,-0.0293,0.0124,0.0038,0.5705,0.1751,-1.7835,-10.1235,0.7029,0.3728,False,False
45.7560,18,8,450,0.7044,2.9895,9.9839,0.9385,180,0,"",-0.0087,-0.0644,-0.0273,0.0236,-0.0139,-0.0262,0.0003,-0.0096,0.0124,-0.4345,-1.7841,-10.1378,2.6084,-0.2110,False,False
45.8587,18,8,451,0.6335,2.9514,10.0000,1.0485,180,0,"",0.0171,0.0995,0.0435,0.0324,-0.0131,0.0194,-0.0046,0.0131,-0.2212,0.6241,-1.7839,-10.1305,2.0247,0.2015,False,False
45.9600,18,8,452,0.6524,3.0010,10.0000,0.9130,180,0,"",-0.0855,0.0159,-0.0266,-0.0200,0.0140,-0.0276,0.0262,-0.0103,1.1360,-0.4470,-1.7836,-10.1238,3.3143,0.3445,False,False
46.0628,18,8,453,0.6348,3.0124,10.0000,0.9012,180,0,"",0.0356,0.0634,-0.0181,0.0303,-0.0054,0.0257,0.0051,-0.0033,0.2371,-0.1517,-1.7833,-10.1245,6.1822,0.0427,False,False
46.1648,18,8,454,0.6222,2.9505,10.0000,0.9003,180,0,"",0.0073,-0.0272,0.0116,0.0128,0.0108,-0.0082,-0.0052,-0.0172,-0.2223,-0.7293,-1.7824,-10.1193,7.5114,-0.4758,False,False
46.2663,18,8,455,0.6332,2.8911,9.9830,0.8729,180,0,"",-0.0273,0.0630,-0.0226,-0.0048,0.0008,-0.0122,-0.0054,0.0156,-0.2404,0.6946,-1.7815,-10.1118,3.5426,0.2271,False,False
46.3682,18,8,456,0.6711,3.0038,9.9909,0.9180,180,0,"",-0.0718,-0.0010,0.0007,0.0169,-0.0019,-0.0146,0.0147,-0.0115,0.6608,-0.5171,-1.7808,-10.0905,-2.6718,0.0719,False,False
46.4686,18,8,457,0.6345,3.0614,10.0000,0.9524,180,0,"",-0.0045,0.0277,-0.0118,-0.0092,-0.0061,0.0179,0.0037,-0.0077,0.1663,-0.3489,-1.7822,-10.0484,-5.0856,-0.0913,False,False
46.5711,18,8,458,0.6429,2.9873,9.9751,0.9358,180,0,"",-0.1118,0.0056,0.0672,-0.0229,0.0181,-0.0032,-0.0155,-0.0073,-0.6751,-0.3176,-1.7798,-10.0665,-10.1736,-0.4963,False,False
46.6738,18,8,459,0.6761,3.0153,10.0000,0.9471,180,0,"",-0.0365,-0.0200,0.0189,0.0048,-0.0005,-0.0204,-0.0051,0.0029,-0.2413,0.1375,-1.7785,-10.0772,-10.1574,-0.0519,False,False
46.7756,18,8,460,0.6314,3.0105,10.0000,0.8835,180,0,"",0.0812,-0.1195,-0.0166,-0.0108,0.0163,-0.0003,0.0021,-0.0059,0.1018,-0.2817,-1.7822,-10.0531,-7.9496,-0.0899,False,False
46.8774,18,8,461,0.6365,2.9632,9.9972,0.8954,180,0,"",0.0525,0.0300,0.0773,0.0006,0.0057,0.0202,0.0171,0.0034,0.7835,0.1572,-1.7834,-10.0487,-10.5036,0.4703,False,False
46.9793,18,8,462,0.6018,2.9784,9.9814,0.9393,180,0,"",-0.0698,-0.0661,0.0516,-0.0141,-0.0051,0.0084,0.0137,0.0012,0.6023,0.0507,-1.7849,-10.0412,-13.8296,0.3265,False,False
47.0796,18,8,463,0.6455,2.9415,10.0000,0.8712,180,0,"",-0.0558,0.0065,-0.0240,-0.0092,0.0166,-0.0254,0.0050,0.0065,0.2320,0.3065,-1.7866,-10.0339,-15.0351,0.2692,False,False
47.1811,18,8,464,0.6686,3.0337,9.9399,0.8962,180,0,"",-0.0623,0.0012,-0.0319,-0.0072,-0.0015,0.0015,0.0050,-0.0023,0.2201,-0.1000,-1.7903,-10.0236,-18.2311,0.0600,False,False
47.2832,18,8,465,0.6271,3.0243,9.9491,0.8986,180,0,"",-0.0169,-0.0249,0.0260,0.0105,-0.0198,0.0298,0.0109,-0.0260,0.5267,-1.2507,-1.7793,-10.0476,-26.9116,-0.3620,False,False
47.3847,18,8,466,0.6896,2.9469,9.9809,0.8504,180,0,"",0.0548,0.0559,-0.0382,0.0026,-0.0331,0.0061,0.0013,-0.0115,0.0578,-0.5057,-1.7764,-10.0509,-31.9278,-0.2239,False,False
47.4867,18,8,467,0.6254,2.9039,9.9789,0.9008,180,0,"",-0.0056,0.0001,0.0396,0.0444,-0.0334,0.0223,0.0039,0.0104,0.1937,0.5109,-1.7675,-10.0656,-26.8628,0.3523,False,False
47.5879,18,8,468,0.6552,2.9312,9.9517,0.9613,180,0,"",-0.1199,0.0563,0.0045,0.0086,-0.0422,-0.0002,-0.0067,-0.0119,-0.3031,-0.5372,-1.7656,-10.0686,-27.6228,-0.4201,False,False
47.6910,18,8,469,0.6307,3.0452,10.0000,0.9232,180,0,"",0.0121,-0.0096,-0.0165,-0.0094,-0.0074,0.0250,-0.0042,0.0056,-0.2078,0.2781,-1.7640,-10.0715,-27.0154,0.0351,False,False
47.7921,18,8,470,0.6568,2.9436,9.9943,0.8803,180,0,"",0.0004,-0.0161,-0.0007,0.0015,-0.0251,0.0158,0.0179,0.0035,0.8155,0.1590,-1.7624,-10.0750,-29.9586,0.4873,False,False
47.8944,18,8,471,0.6251,2.9275,10.0000,0.8582,180,0,"",-0.0073,0.0241,0.0347,0.0135,-0.0220,0.0045,0.0044,-0.0090,0.2124,-0.4314,-1.7787,-10.0498,-36.3222,-0.1095,False,False
47.9975,18,8,472,0.6886,2.9506,9.9822,0.8484,180,0,"",-0.0228,0.0332,-0.0212,-0.0240,-0.0049,-0.0197,0.0174,-0.0007,0.7775,-0.0327,-1.7892,-10.0344,-36.0762,0.3724,False,False
48.1003,18,8,473,0.6307,2.9631,10.0000,0.8682,180,0,"",0.0554,0.0386,-0.0882,-0.0129,0.0357,0.0325,-0.0040,-0.0066,-0.1700,-0.2809,-1.7908,-10.0315,-38.7137,-0.2255,False,False
48.2010,18,8,474,0.6170,2.9376,9.9946,0.9271,180,0,"",0.0011,0.0295,0.0363,0.0235,0.0216,0.0258,0.0059,-0.0244,0.2601,-1.0685,-1.7748,-10.0498,-43.5448,-0.4042,False,False
48.3027,18,8,475,0.6467,2.9500,9.9642,0.9568,180,0,"",-0.0207,0.0374,0.0690,0.0335,0.0364,-0.0082,-0.0117,0.0019,-0.5679,0.0930,-1.7659,-10.0577,-46.2566,-0.2374,False,False
48.4052,18,8,476,0.6313,2.9272,10.0000,0.9029,180,0,"",0.0310,0.0955,0.0718,0.0033,-0.0081,-0.0397,0.0025,-0.0110,0.1136,-0.5087,-1.7674,-10.0555,-46.0747,-0.1976,False,False
48.5053,18,8,477,0.6183,2.9469,9.9218,0.9615,180,0,"",0.0239,0.0039,-0.0605,0.0155,-0.0001,0.0122,0.0126,-0.0132,0.5758,-0.6036,-1.7811,-10.0470,-64.1824,-0.0139,False,False
48.6067,18,8,478,0.6423,2.9373,10.0000,0.9378,180,0,"",-0.0248,0.0215,0.0160,-0.0034,-0.0054,0.0296,-0.0175,-0.0029,-0.7907,-0.1330,-1.7677,-10.0535,-62.5146,-0.4619,False,False
48.7072,18,8,479,0.5651,2.9695,10.0000,0.8820,180,0,"",-0.0834,0.0647,0.0493,-0.0172,-0.0286,-0.0293,-0.0062,-0.0036,-0.2814,-0.1645,-1.7684,-10.0534,-54.6997,-0.2230,False,False
48.8074,18,8,480,0.6684,2.9816,9.9611,0.8560,180,0,"",0.0613,0.0754,0.0198,0.0050,0.0053,-0.0134,-0.0040,-0.0167,-0.1785,-0.7475,-1.7596,-10.0626,-49.9592,-0.4630,False,False
48.9104,18,8,481,0.6338,2.9277,9.9500,0.8341,180,0,"",0.0426,-0.0710,-0.0119,-0.0298,0.0342,0.0028,-0.0050,0.0035,-0.2390,0.1688,-1.7787,-10.0471,-50.3900,-0.0351,False,False
49.0120,18,8,482,0.6419,2.8989,10.0000,0.9254,180,0,"",-0.0434,-0.0727,0.0488,-0.0094,0.0363,-0.0439,-0.0016,0.0032,-0.0788,0.1557,-1.7818,-10.0447,-46.5689,0.0385,False,False
49.1146,18,8,483,0.6839,3.0580,9.8749,0.8815,180,0,"",0.0100,-0.1259,-0.0704,-0.0182,-0.0150,0.0252,0.0106,-0.0075,0.4847,-0.3427,-1.7919,-10.0346,-48.9472,0.0710,False,False
49.2174,18,8,484,0.6344,2.9822,10.0000,0.8754,180,0,"",-0.0194,-0.0527,0.0358,-0.0167,0.0199,0.0142,-0.0058,-0.0117,-0.2855,-0.5771,-1.7771,-10.0492,-45.9378,-0.4313,False,False
49.3184,18,8,485,0.6293,2.9512,9.9695,0.8980,180,0,"",-0.0377,-0.0181,0.0280,0.0341,-0.0081,0.0209,-0.0182,-0.0025,-0.8125,-0.1116,-1.7870,-10.0405,-40.4637,-0.4620,False,False
49.4201,18,8,486,0.6241,3.0568,10.0000,0.8519,180,0,"",0.0091,0.0123,0.0069,-0.0075,0.0009,0.0054,0.0010,0.0072,0.0451,0.3364,-1.7893,-10.0368,-44.0460,0.1907,False,False
49.5220,18,8,487,0.6745,3.0024,10.0000,0.9629,180,0,"",0.0478,0.0574,0.0037,-0.0145,0.0065,0.0172,-0.0174,-0.0206,-0.8371,-0.9934,-1.7883,-10.0364,-46.4427,-0.9153,False,False
49.6244,18,8,488,0.6253,2.9792,10.0000,0.9310,180,0,"",0.0703,0.0163,0.0584,-0.0241,0.0084,-0.0110,0.0155,-0.0155,0.7242,-0.7246,-1.8063,-10.0200,-52.1858,-0.0002,False,False
49.7274,18,8,489,0.6693,2.9184,9.9815,0.9637,180,0,"",0.0390,0.1046,0.0252,0.0115,-0.0247,0.0450,-0.0067,0.0052,-0.3125,0.2413,-1.8084,-10.0187,-48.9810,-0.0356,False,False
49.8296,18,8,490,0.6354,2.9610,10.0000,0.9685,180,0,"",-0.1022,-0.0073,-0.0265,0.0239,-0.0042,-0.0399,-0.0015,0.0077,-0.0725,0.3670,-1.8220,-10.0092,-54.0559,0.1472,False,False
49.9301,18,8,491,0.6194,3.0136,10.0000,1.0187,180,0,"",-0.0146,0.0206,-0.0819,-0.0087,0.0065,-0.0091,0.0026,-0.0133,0.1255,-0.6316,-1.8296,-10.0040,-60.2136,-0.2531,False,False
50.0327,18,8,492,0.6567,2.9708,10.0000,0.9088,180,0,"",-0.0259,0.0494,0.0687,-0.0054,0.0225,-0.0303,-0.0069,-0.0117,-0.3152,-0.5384,-1.8261,-10.0056,-63.7402,-0.4268,False,False
50.1329,18,8,493,0.6297,2.9258,10.0000,0.8641,180,0,"",-0.0886,-0.0091,0.0355,0.0335,0.0157,0.0124,0.0275,0.0102,1.2447,0.4627,-1.8444,-9.9966,-65.5267,0.8537,False,False
50.2336,18,8,494,0.7063,3.0327,10.0000,0.9360,180,0,"",-0.0148,-0.0403,-0.0533,0.0222,0.0171,-0.0173,-0.0113,0.0056,-0.4917,0.2408,-1.8362,-10.0000,-67.2874,-0.1254,False,False
50.3345,18,8,495,0.6364,2.9956,9.9567,0.9235,180,0,"",-0.0748,-0.1064,0.0295,0.0053,0.0221,-0.0157,0.0095,0.0093,0.4344,0.4262,-1.8468,-9.9950,-64.6071,0.4303,False,False
50.4375,18,8,496,0.6600,2.9892,10.0000,0.9133,180,0,"",-0.1249,0.0866,0.0083,0.0151,-0.0161,-0.0378,-0.0017,0.0019,-0.0743,0.0824,-1.8502,-9.9932,-62.5440,0.0040,False,False
50.5403,18,8,497,0.6279,3.0286,9.9915,0.9081,180,0,"",-0.0888,0.0743,0.0362,-0.0174,0.0214,-0.0287,-0.0061,0.0021,-0.2712,0.0918,-1.8516,-9.9925,-53.4582,-0.0897,False,False
50.6407,18,8,498,0.6522,2.8440,10.0000,0.8940,180,0,"",0.0284,-0.0758,0.0269,0.0351,0.0090,-0.0014,0.0039,-0.0048,0.1851,-0.2285,-1.8647,-9.9830,-56.7192,-0.0217,False,False
50.7414,18,8,499,0.6826,2.9590,10.0000,0.8650,180,0,"",0.0119,0.0198,-0.0192,-0.0007,0.0123,0.0139,0.0073,-0.0103,0.3280,-0.4630,-1.8760,-9.9755,-64.1680,-0.0675,False,False
50.8415,18,8,500,0.6771,2.9793,9.9966,0.9244,180,0,"",0.0076,0.0015,-0.0155,0.0513,0.0158,-0.0102,0.0077,-0.0028,0.3735,-0.1346,-1.8684,-9.9780,-70.2059,0.1195,False,False
50.9421,18,8,501,0.6721,3.0254,9.9659,0.9394,180,0,"",0.0149,-0.0157,-0.0148,-0.0342,-0.0542,-0.0094,-0.0078,0.0025,-0.3435,0.1108,-1.8905,-9.9704,-71.7225,-0.1164,False,False
51.0425,18,8,502,0.6474,2.9616,10.0000,0.9304,180,0,"",0.0253,0.0362,0.0272,0.0020,0.0161,0.0518,-0.0116,-0.0176,-0.5745,-0.8717,-1.8898,-9.9707,-72.8448,-0.7231,False,False
51.1456,18,8,503,0.6690,2.9984,9.9999,0.8501,180,0,"",0.0142,0.0147,-0.0378,-0.0073,-0.0031,0.0236,0.0048,-0.0114,0.2099,-0.4973,-1.9025,-9.9676,-81.6347,-0.1437,False,False
51.2479,18,8,504,0.6434,3.0459,10.0000,0.8861,180,0,"",0.0228,0.0521,0.0172,0.0034,-0.0090,0.0086,-0.0007,-0.0004,-0.0307,-0.0188,-1.9094,-9.9662,-79.6820,-0.0248,False,False
51.3489,18,8,505,0.6659,2.9763,10.0000,0.9007,180,0,"",-0.1028,-0.0558,-0.0373,-0.0031,-0.0123,-0.0102,-0.0039,-0.0033,-0.1703,-0.1476,-1.8926,-9.9687,-81.4946,-0.1590,False,False
51.4490,18,8,506,0.6496,2.9659,9.9885,0.9293,180,0,"",-0.0117,0.0140,-0.0057,-0.0167,-0.0066,-0.0315,-0.0061,-0.0119,-0.2728,-0.5274,-1.8971,-9.9676,-84.7358,-0.4001,False,False
51.5512,18,8,507,0.6803,3.0319,9.8866,0.9101,180,0,"",0.0075,0.0049,-0.0194,-0.0123,-0.0008,-0.0053,-0.0043,0.0050,-0.1838,0.2141,-1.9041,-9.9669,-85.3546,0.0151,False,False
51.6537,18,8,508,0.6223,2.9702,9.9622,0.8903,180,0,"",-0.0672,-0.0057,-0.0048,-0.0382,-0.0168,-0.0078,-0.0098,0.0006,-0.4565,0.0267,-1.8796,-9.9695,-82.3914,-0.2149,False,False
51.7539,18,8,509,0.6621,2.9378,10.0000,0.8903,180,0,"",0.0363,-0.0132,0.0696,0.0039,0.0065,-0.0004,0.0115,0.0131,0.5237,0.5945,-1.8983,-9.9678,-84.8634,0.5591,False,False
51.8549,18,8,510,0.6607,2.9533,10.0000,0.8869,180,0,"",-0.1053,-0.0242,0.0093,0.0093,-0.0195,-0.0294,0.0094,0.0057,0.4360,0.2635,-1.9162,-9.9674,-89.2891,0.3498,False,False
51.9572,18,8,511,0.6790,2.9377,10.0000,0.9254,180,0,"",-0.0460,-0.0128,-0.0150,-0.0341,-0.0012,-0.0370,-0.0030,-0.0046,-0.1342,-0.2084,-1.9004,-9.9690,-85.5823,-0.1713,False,False
52.0579,18,8,512,0.6472,2.9836,9.9876,0.8771,180,0,"",-0.0561,0.0191,-0.0235,-0.0149,-0.0229,0.0248,0.0042,0.0138,0.2045,0.6714,-1.9151,-9.9664,-75.4148,0.4379,False,False
52.1593,18,8,513,0.6330,3.0039,10.0000,0.8559,180,0,"",0.1208,-0.0159,0.0158,-0.0104,0.0006,0.0013,0.0126,-0.0194,0.5815,-0.8949,-1.9184,-9.9648,-85.1775,-0.1567,False,False
52.2624,18,8,514,0.6522,2.9901,9.9825,0.9541,180,0,"",0.0179,0.0215,-0.0109,-0.0018,-0.0103,0.0262,0.0000,0.0004,-0.0016,0.0212,-1.8752,-9.9704,-80.2341,0.0098,False,False
52.3637,18,8,515,0.5954,2.9126,9.8844,0.9364,180,0,"",-0.0331,-0.0021,-0.0098,-0.0489,0.0140,0.0188,-0.0028,0.0072,-0.1231,0.3148,-1.8823,-9.9692,-85.2022,0.0959,False,False
52.4658,18,8,516,0.6448,2.9939,9.9399,0.9532,180,0,"",0.1246,-0.0234,-0.0230,-0.0254,-0.0100,-0.0238,0.0004,0.0046,0.0215,0.2217,-1.8771,-9.9697,-80.4862,0.1216,False,False
52.5664,18,8,517,0.6413,2.9620,9.9811,0.9236,180,0,"",0.0422,-0.0245,0.0244,0.0109,0.0211,0.0049,-0.0093,-0.0005,-0.4667,-0.0251,-1.8710,-9.9711,-79.7930,-0.2459,False,False
52.6674,18,8,518,0.6397,2.9011,10.0000,0.8649,180,0,"",-0.0973,0.0020,0.0482,-0.0403,0.0171,0.0137,0.0066,0.0041,0.3170,0.1968,-1.8693,-9.9717,-80.8968,0.2569,False,False
52.7701,18,8,519,0.5902,3.0104,9.9914,0.9369,180,0,"",-0.0135,0.0485,0.0445,-0.0165,-0.0278,-0.0291,0.0025,0.0063,0.1179,0.2974,-1.8785,-9.9703,-80.0274,0.2077,False,False
52.8718,18,8,520,0.6356,2.9841,10.0000,0.8900,180,0,"",-0.0439,-0.0130,-0.0038,0.0278,-0.0181,0.0070,0.0023,0.0069,0.1079,0.3290,-1.8765,-9.9701,-75.0745,0.2185,False,False
52.9738,18,8,521,0.6413,2.9852,10.0000,0.8876,180,0,"",0.0427,-0.0127,-0.0223,0.0189,-0.0108,0.0212,0.0129,0.0018,0.5878,0.0829,-1.8735,-9.9705,-83.4164,0.3353,False,False
53.0748,18,8,522,0.6281,2.9367,9.9617,0.9534,180,0,"",-0.0100,-0.0401,-0.0540,0.0122,0.0134,0.0162,0.0089,-0.0143,0.3420,-0.5529,-1.8291,-9.9720,-94.6577,-0.1054,False,False
53.1773,18,8,523,0.5890,2.9390,10.0000,0.8446,180,0,"",-0.0597,0.0271,0.0773,0.0205,-0.0158,0.0225,0.0114,0.0185,0.5050,0.8162,-1.8395,-9.9733,-99.9568,0.6606,False,False
53.2775,18,8,524,0.6704,3.0030,10.0000,0.8435,180,0,"",-0.0379,-0.0664,-0.0209,0.0051,0.0046,-0.0228,-0.0149,-0.0100,-0.7189,-0.4821,-1.8230,-9.9689,-103.9796,-0.6005,False,False
53.3783,18,8,525,0.6264,2.9593,10.0000,0.9875,180,0,"",0.0122,0.0017,0.0080,0.0085,0.0164,0.0346,0.0057,0.0071,0.2624,0.3295,-1.8368,-9.9705,-97.4431,0.2960,False,False
53.4787,18,8,526,0.6765,2.9391,9.9816,0.8635,180,0,"",0.0501,0.0240,-0.0003,0.0055,-0.0351,-0.0193,0.0256,0.0035,1.1391,0.1563,-1.8602,-9.9723,-94.9732,0.6477,False,False
53.5820,18,8,527,0.6034,2.9788,10.0000,0.8380,180,0,"",-0.0241,-0.0849,0.0957,0.0101,0.0115,-0.0154,-0.0087,-0.0027,-0.3679,-0.1147,-1.8585,-9.9723,-92.5433,-0.2413,False,False
53.6821,18,8,528,0.6408,2.8626,9.9763,0.9159,180,0,"",0.0499,0.0301,-0.0065,-0.0381,0.0062,0.0047,-0.0001,0.0023,-0.0043,0.1153,-1.8413,-9.9724,-90.0060,0.0555,False,False
53.7847,18,8,529,0.6428,2.9305,9.9397,0.8414,180,0,"",0.0389,-0.0154,-0.0144,-0.0157,-0.0067,0.0020,0.0144,-0.0059,0.6935,-0.2822,-1.8236,-9.9742,-81.1541,0.2057,False,False
53.8855,18,8,530,0.6198,3.0647,9.9796,0.9788,180,0,"",-0.0459,-0.0171,-0.0285,-0.0105,-0.0302,0.0201,0.0024,0.0148,0.1131,0.6882,-1.8372,-9.9718,-82.4322,0.4006,False,False
53.9874,18,8,531,0.6303,3.0048,10.0000,0.8854,180,0,"",-0.0813,0.0148,0.0952,0.0032,0.0001,0.0194,0.0008,0.0134,0.0340,0.5983,-1.8383,-9.9718,-83.7695,0.3161,False,False
54.0897,18,8,532,0.6557,2.9427,10.0000,0.8698,180,0,"",0.0002,-0.0083,-0.0252,-0.0220,0.0042,0.0113,-0.0129,0.0007,-0.5835,0.0329,-1.8129,-9.9740,-83.1299,-0.2753,False,False
54.1925,18,8,533,0.6324,2.9849,10.0000,0.9000,180,0,"",-0.0403,-0.0266,0.0197,-0.0423,0.0074,-0.0202,-0.0088,-0.0024,-0.3996,-0.1108,-1.7984,-9.9750,-87.8721,-0.2552,False,False
54.2948,18,8,534,0.6503,3.0210,10.0000,0.8823,180,0,"",0.0055,-0.1183,0.0041,-0.0104,0.0256,0.0250,0.0068,0.0078,0.3065,0.3541,-1.8029,-9.9744,-88.1730,0.3303,False,False
54.3955,18,8,535,0.6867,2.8851,10.0000,0.8607,180,0,"",0.0546,0.0523,-0.0410,-0.0037,-0.0097,-0.0563,0.0029,-0.0077,0.1247,-0.3282,-1.8023,-9.9744,-89.0751,-0.1018,False,False
54.4987,18,8,536,0.6291,2.9613,9.9816,0.9366,180,0,"",0.0023,0.1105,-0.0049,0.0158,0.0010,-0.0449,0.0031,-0.0134,0.1467,-0.6255,-1.7999,-9.9742,-93.9186,-0.2394,False,False
54.6006,18,8,537,0.6469,2.9375,10.0000,0.9230,180,0,"",-0.0057,-0.0593,-0.0067,0.0095,-0.0015,-0.0003,-0.0055,-0.0183,-0.2433,-0.8146,-1.7763,-9.9717,-97.0548,-0.5289,False,False
54.7017,18,8,538,0.6233,2.9399,9.9619,0.8740,180,0,"",0.0134,-0.1079,0.0155,0.0051,0.0123,-0.0365,-0.0057,0.0034,-0.2547,0.1501,-1.7680,-9.9712,-92.4062,-0.0523,False,False
54.8039,18,8,539,0.6407,2.9261,9.9520,0.8851,180,0,"",0.0936,-0.0018,0.0207,-0.0081,0.0306,0.0047,-0.0031,0.0111,-0.1401,0.5046,-1.7724,-9.9714,-91.2544,0.1823,False,False
54.9058,18,8,540,0.6030,3.0639,9.9822,0.8708,180,0,"",-0.0596,0.0102,0.0351,0.0221,0.0021,-0.0077,0.0039,0.0058,0.1756,0.2616,-1.7692,-9.9718,-86.8113,0.2186,False,False
55.0089,18,8,541,0.6766,2.9144,9.9766,0.9794,180,0,"",0.0543,-0.0022,-0.0154,-0.0363,-0.0189,-0.0100,-0.0011,-0.0044,-0.0504,-0.2083,-1.7641,-9.9721,-87.6366,-0.1293,False,False
55.1098,18,8,542,0.6390,2.9823,10.0000,0.9090,180,0,"",0.0578,-0.0425,0.0080,-0.0062,0.0176,0.0097,-0.0141,-0.0073,-0.6787,-0.3508,-1.7526,-9.9725,-80.7606,-0.5148,False,False
55.2127,18,8,543,0.6408,2.9417,10.0000,0.9307,180,0,"",-0.0752,-0.0321,0.0219,-0.0061,-0.0066,-0.0012,0.0084,0.0210,0.3924,0.9739,-1.7764,-9.9701,-83.9659,0.6832,False,False
55.3139,18,8,544,0.6900,2.9801,10.0000,0.8667,180,0,"",-0.0375,0.0814,-0.0844,-0.0123,-0.0126,-0.0183,-0.0118,0.0020,-0.5385,0.0933,-1.7787,-9.9698,-86.6381,-0.2226,False,False
55.4170,18,8,545,0.6396,2.9559,10.0000,0.8417,180,0,"",0.0685,-0.0020,-0.0285,0.0139,0.0125,-0.0053,0.0104,0.0028,0.4481,0.1209,-1.8077,-9.9670,-85.2005,0.2845,False,False
55.5203,18,8,546,0.6580,3.0059,9.9627,1.0071,180,0,"",0.0174,0.0576,0.0471,-0.0060,0.0220,0.0133,-0.0188,-0.0075,-0.9314,-0.3716,-1.8147,-9.9667,-84.7434,-0.6515,False,False
55.6219,18,8,547,0.6324,2.9920,10.0000,0.8408,180,0,"",-0.0162,-0.1042,-0.0581,-0.0142,0.0316,-0.0103,-0.0017,0.0054,-0.0735,0.2329,-1.8274,-9.9665,-87.0000,0.0797,False,False
55.7233,18,8,548,0.6249,2.9580,10.0000,0.8485,180,0,"",0.1130,0.0628,-0.0409,0.0072,-0.0044,0.0177,0.0042,0.0185,0.2031,0.9014,-1.8364,-9.9649,-80.8495,0.5522,False,False
55.8241,18,8,549,0.6509,3.0099,9.9301,0.9182,180,0,"",-0.0580,0.1006,0.0002,0.0076,-0.0142,0.0100,0.0086,-0.0047,0.3724,-0.2020,-1.8286,-9.9659,-81.0028,0.0852,False,False
55.9253,18,8,550,0.6522,2.9578,9.9600,0.8706,180,0,"",-0.0200,-0.0149,0.0255,-0.0261,0.0570,0.0158,-0.0072,0.0238,-0.3133,1.0293,-1.8356,-9.9642,-77.3580,0.3580,False,False
56.0265,18,8,551,0.6243,3.0111,9.9528,0.8991,180,0,"",0.0155,-0.0565,-0.0263,-0.0240,-0.0035,-0.0004,-0.0148,-0.0003,-0.6272,-0.0117,-1.8323,-9.9655,-72.8059,-0.3194,False,False
56.1271,18,8,552,0.6476,2.9195,10.0000,0.9166,180,0,"",-0.0085,0.0016,-0.0280,-0.0161,0.0132,-0.0113,0.0079,0.0177,0.2369,0.5346,-1.8462,-9.9619,-75.9177,0.3858,False,False
56.2301,18,8,553,0.6560,2.9564,10.0000,0.9598,180,0,"",-0.0579,-0.0054,0.0427,0.0038,-0.0149,0.0301,0.0078,-0.0091,0.3554,-0.4141,-1.8501,-9.9608,-74.2342,-0.0294,False,False
56.3319,18,8,554,0.6701,2.8920,9.9974,0.8896,180,0,"",0.0220,-0.0075,0.0252,0.0160,-0.0281,-0.0137,0.0010,-0.0077,0.0466,-0.3546,-1.8396,-9.9643,-72.7474,-0.1540,False,False
56.4350,18,8,555,0.6699,3.0262,10.0000,0.8456,180,0,"",-0.0264,-0.0803,0.0755,-0.0292,0.0176,-0.0083,-0.0111,0.0029,-0.5463,0.1431,-1.8359,-9.9653,-70.0656,-0.2016,False,False
56.5360,18,8,556,0.6354,3.0889,10.0000,0.9130,180,0,"",-0.0700,-0.0775,0.0869,0.0119,0.0072,-0.0662,-0.0200,0.0090,-0.9062,0.4059,-1.8348,-9.9663,-70.9763,-0.2501,False,False
56.6374,18,8,557,0.6746,2.9688,10.0000,0.8814,180,0,"",0.0073,0.0870,0.0039,-0.0017,0.0087,0.0007,0.0134,-0.0064,0.5886,-0.2809,-1.8326,-9.9670,-72.9093,0.1538,False,False
56.7380,18,8,558,0.6201,3.0637,9.9925,0.8571,180,0,"",0.0785,0.0689,0.0416,-0.0008,-0.0362,-0.0126,-0.0058,-0.0019,-0.2625,-0.0862,-1.8376,-9.9657,-72.7562,-0.1743,False,False
56.8399,18,8,559,0.6614,3.0193,10.0000,0.9275,180,0,"",0.0116,-0.1304,-0.0549,0.0290,-0.0279,0.0281,-0.0063,-0.0134,-0.2724,-0.5841,-1.8186,-9.9713,-74.4965,-0.4282,False,False
56.9429,18,8,560,0.6824,2.9601,10.0000,0.9270,180,0,"",-0.0782,-0.0501,0.0065,-0.0014,0.0517,0.0113,0.0049,0.0172,0.2451,0.8530,-1.8401,-9.9620,-64.4761,0.5491,False,False
57.0438,18,8,561,0.6978,2.9772,10.0000,0.8749,180,0,"",-0.0097,0.0270,-0.0151,0.0010,-0.0125,0.0024,-0.0234,0.0189,-1.0251,0.8257,-1.8226,-9.9701,-60.6853,-0.0997,False,False
57.1447,18,8,562,0.6207,2.9133,9.9896,0.9367,180,0,"",0.0146,-0.0319,-0.0499,-0.0338,0.0122,0.0220,0.0011,-0.0049,0.0478,-0.2125,-1.8130,-9.9756,-55.0212,-0.0823,False,False
57.2453,18,8,563,0.6372,2.9629,10.0000,0.9035,180,0,"",0.0566,0.0100,0.0284,0.0115,-0.0096,-0.0044,-0.0050,-0.0054,-0.2229,-0.2389,-1.8182,-9.9710,-56.1502,-0.2309,False,False
57.3490,18,8,564,0.6808,2.9844,9.9225,0.8281,180,0,"",-0.0570,-0.0587,0.0650,-0.0174,0.0215,0.0176,-0.0087,0.0120,-0.3795,0.5242,-1.8170,-9.9711,-51.0606,0.0724,False,False
57.4500,18,8,565,0.6288,2.9710,9.9355,0.9063,180,0,"",-0.0215,-0.0074,-0.0256,-0.0161,0.0119,-0.0232,0.0009,-0.0048,0.0442,-0.2271,-1.8188,-9.9691,-48.0727,-0.0915,False,False
57.5508,18,8,566,0.5895,2.9295,10.0000,0.9147,180,0,"",-0.0096,0.0237,-0.0162,-0.0098,-0.0183,0.0059,-0.0233,-0.0006,-0.9921,-0.0250,-1.8095,-9.9789,-42.0872,-0.5085,False,False
57.6518,18,8,567,0.6423,2.9833,9.9644,0.9570,180,0,"",-0.0259,0.0113,0.0280,0.0152,0.0174,0.0089,-0.0091,0.0100,-0.4142,0.4546,-1.8272,-9.9571,-32.8574,0.0202,False,False
57.7548,18,8,568,0.6284,2.9857,9.9822,0.8310,180,0,"",-0.0405,0.0257,0.0289,-0.0533,0.0076,0.0241,0.0052,-0.0119,0.2417,-0.5520,-1.8314,-9.9520,-39.7967,-0.1552,False,False
57.8577,18,8,569,0.5796,2.9483,10.0000,0.8776,180,0,"",0.0565,-0.0162,-0.0468,-0.0157,0.0177,0.0056,0.0062,0.0005,0.2825,0.0215,-1.8319,-9.9513,-36.1289,0.1520,False,False
57.9582,18,8,570,0.6929,3.0015,10.0000,0.9649,180,0,"",-0.0161,0.0202,0.0129,-0.0274,0.0092,-0.0446,0.0149,0.0140,0.6820,0.6375,-1.8293,-9.9537,-34.3824,0.6598,False,False
58.0607,18,8,571,0.7010,2.9161,9.9462,0.8773,180,0,"",-0.0061,0.0659,-0.0368,0.0053,0.0079,0.0133,-0.0148,0.0045,-0.7113,0.2170,-1.8290,-9.9550,-28.1947,-0.2472,False,False
58.1631,18,8,572,0.6738,2.9698,9.9729,0.9033,180,0,"",0.1093,-0.0238,0.0245,0.0517,0.0215,-0.0098,0.0255,-0.0074,1.2396,-0.3577,-1.8408,-9.9364,-37.1034,0.4410,False,False
58.2632,18,8,573,0.6709,2.9684,10.0000,0.8823,180,0,"",-0.0340,-0.0059,-0.1081,-0.0437,-0.0282,-0.0391,0.0116,-0.0080,0.5434,-0.3767,-1.8405,-9.9365,-31.8206,0.0834,False,False
58.3648,18,8,574,0.6585,2.9186,10.0000,0.9171,180,0,"",0.0807,0.0316,0.0638,-0.0039,0.0077,-0.0130,0.0191,0.0147,0.8734,0.6731,-1.8392,-9.9389,-27.7048,0.7732,False,False
58.4934,18,8,575,0.6751,2.9465,10.0000,0.9179,180,0,"",0.0747,-0.0273,-0.0091,-0.0265,-0.0235,0.0211,0.0102,0.0026,0.1609,0.0406,-1.8420,-9.9345,-31.8311,0.1008,False,False
58.5984,18,8,576,0.6763,2.9681,10.0000,0.8127,180,0,"",0.0692,-0.0640,0.0664,0.0085,-0.0071,-0.0236,-0.0068,0.0043,-0.2398,0.1500,-1.8476,-9.9258,-31.3439,-0.0449,False,False
58.6995,18,8,577,0.6781,2.9564,10.0000,0.8590,180,0,"",-0.0815,-0.0489,-0.0085,0.0316,0.0036,-0.0312,0.0136,0.0204,0.4675,0.7041,-1.8558,-9.9104,-28.4483,0.5858,False,False
58.7999,18,8,578,0.6663,3.0339,10.0000,0.8838,180,0,"",-0.0473,-0.0098,0.0256,-0.0137,-0.0115,0.0075,-0.0101,0.0037,-0.5031,0.1848,-1.8416,-9.9347,-27.8426,-0.1592,False,False
58.9012,18,8,579,0.6566,2.9294,10.0000,0.9296,180,0,"",-0.0316,0.0642,-0.0572,0.0090,0.0004,-0.0011,0.0113,-0.0019,0.5250,-0.0864,-1.8446,-9.9295,-28.9328,0.2193,False,False
