timestamp,scenario_id,episode_id,step_id,robot_x,robot_y,robot_z,robot_yaw,robot_linear_velocity,robot_angular_velocity,goal_x,goal_y,goal_z,distance_to_goal,number_of_dynamic_objects,obstacle_positions,obstacle_velocities,human_positions,human_velocities,forklift_positions,forklift_velocities,collision,goal_reached,navigation_status,warehouse_length,warehouse_width,aisle_width,scenario_type,station_availability,actor_work_states
0.1063,10,59,1,-24.0000,0.0500,-16.6000,0.0000,0.0000,0.0000,-24.0000,0.0000,-15.0000,1.6008,7,"","","9.333:0.050:13.500|-4.200:0.050:-13.500|-24.000:0.050:-15.000|24.000:0.050:-15.000|8.400:0.050:10.000","0.000:0.000:0.000|0.000:0.000:0.000|0.000:0.000:0.000|0.000:0.000:0.000|0.000:0.000:0.000","-9.333:0.050:13.500|-24.000:0.050:15.000","0.000:0.000:0.000|0.000:0.000:0.000",False,False,Idle,60.00,40.00,3.00,MultiAgentTraffic,"P1:False|P2:False|P3:False|D1:True|D2:True|D3:True","H1:H1 rack picking and carton handoff:Load / inspect at source:load=False:handoffs=0|H2:H2 cross-aisle carton transfer:Load / inspect at source:load=False:handoffs=0|H3:H3 station scan and dispatch verification:Load / inspect at source:load=False:handoffs=0|H4:H4 trolley supply transfer:Load / inspect at source:load=False:handoffs=0|H5:H5 rack inspection and replenishment:Load / inspect at source:load=False:handoffs=0|F1:F1 inbound pallet replenishment:Load / inspect at source:load=False:handoffs=0|F2:F2 outbound pallet dispatch:Load / inspect at source:load=False:handoffs=0"
0.2141,10,59,2,-24.0000,0.0500,-16.5874,0.0000,0.0000,0.0000,-24.0000,0.0000,-15.0000,1.5882,7,"","","9.333:0.050:13.500|-4.200:0.050:-13.500|-24.000:0.050:-15.000|24.000:0.050:-15.000|8.400:0.050:10.000","0.000:0.000:0.000|0.000:0.000:0.000|0.000:0.000:0.000|0.000:0.000:0.000|0.000:0.000:0.000","-9.333:0.050:13.500|-24.000:0.050:15.000","0.000:0.000:0.000|0.000:0.000:0.000",False,False,Moving,60.00,40.00,3.00,MultiAgentTraffic,"P1:False|P2:False|P3:False|D1:True|D2:True|D3:True","H1:H1 rack picking and carton handoff:Load / inspect at source:load=False:handoffs=0|H2:H2 cross-aisle carton transfer:Load / inspect at source:load=False:handoffs=0|H3:H3 station scan and dispatch verification:Load / inspect at source:load=False:handoffs=0|H4:H4 trolley supply transfer:Load / inspect at source:load=False:handoffs=0|H5:H5 rack inspection and replenishment:Load / inspect at source:load=False:handoffs=0|F1:F1 inbound pallet replenishment:Load / inspect at source:load=False:handoffs=0|F2:F2 outbound pallet dispatch:Load / inspect at source:load=False:handoffs=0"
0.3174,10,59,3,-24.0000,0.0500,-16.5638,0.0000,0.0000,0.0000,-24.0000,0.0000,-15.0000,1.5646,7,"","","9.333:0.050:13.500|-4.200:0.050:-13.500|-24.000:0.050:-15.000|24.000:0.050:-15.000|8.400:0.050:10.000","0.000:0.000:0.000|0.000:0.000:0.000|0.000:0.000:0.000|0.000:0.000:0.000|0.000:0.000:0.000","-9.333:0.050:13.500|-24.000:0.050:15.000","0.000:0.000:0.000|0.000:0.000:0.000",False,False,Moving,60.00,40.00,3.00,MultiAgentTraffic,"P1:False|P2:False|P3:False|D1:True|D2:True|D3:True","H1:H1 rack picking and carton handoff:Load / inspect at source:load=False:handoffs=0|H2:H2 cross-aisle carton transfer:Load / inspect at source:load=False:handoffs=0|H3:H3 station scan and dispatch verification:Load / inspect at source:load=False:handoffs=0|H4:H4 trolley supply transfer:Load / inspect at source:load=False:handoffs=0|H5:H5 rack inspection and replenishment:Load / inspect at source:load=False:handoffs=0|F1:F1 inbound pallet replenishment:Load / inspect at source:load=False:handoffs=0|F2:F2 outbound pallet dispatch:Load / inspect at source:load=False:handoffs=0"
0.4279,10,59,4,-24.0000,0.0500,-16.5268,0.0000,0.5249,0.0000,-24.0000,0.0000,-15.0000,1.5277,7,"","","9.333:0.050:13.500|-4.200:0.050:-13.500|-24.000:0.050:-15.000|24.000:0.050:-15.000|8.400:0.050:10.000","0.000:0.000:0.000|0.000:0.000:0.000|0.000:0.000:0.000|0.000:0.000:0.000|0.000:0.000:0.000","-9.333:0.050:13.500|-24.000:0.050:15.000","0.000:0.000:0.000|0.000:0.000:0.000",False,False,Moving,60.00,40.00,3.00,MultiAgentTraffic,"P1:False|P2:False|P3:False|D1:True|D2:True|D3:True","H1:H1 rack picking and carton handoff:Load / inspect at source:load=False:handoffs=0|H2:H2 cross-aisle carton transfer:Load / inspect at source:load=False:handoffs=0|H3:H3 station scan and dispatch verification:Load / inspect at source:load=False:handoffs=0|H4:H4 trolley supply transfer:Load / inspect at source:load=False:handoffs=0|H5:H5 rack inspection and replenishment:Load / inspect at source:load=False:handoffs=0|F1:F1 inbound pallet replenishment:Load / inspect at source:load=False:handoffs=0|F2:F2 outbound pallet dispatch:Load / inspect at source:load=False:handoffs=0"
0.5313,10,59,5,-24.0000,0.0500,-16.4811,0.0000,0.6171,0.0000,-24.0000,0.0000,-15.0000,1.4819,7,"","","9.333:0.050:13.500|-4.200:0.050:-13.500|-24.000:0.050:-15.000|24.000:0.050:-15.000|8.400:0.050:10.000","0.000:0.000:0.000|0.000:0.000:0.000|0.000:0.000:0.000|0.000:0.000:0.000|0.000:0.000:0.000","-9.333:0.050:13.500|-24.000:0.050:15.000","0.000:0.000:0.000|0.000:0.000:0.000",False,False,Moving,60.00,40.00,3.00,MultiAgentTraffic,"P1:False|P2:False|P3:False|D1:True|D2:True|D3:True","H1:H1 rack picking and carton handoff:Load / inspect at source:load=False:handoffs=0|H2:H2 cross-aisle carton transfer:Load / inspect at source:load=False:handoffs=0|H3:H3 station scan and dispatch verification:Load / inspect at source:load=False:handoffs=0|H4:H4 trolley supply transfer:Load / inspect at source:load=False:handoffs=0|H5:H5 rack inspection and replenishment:Load / inspect at source:load=False:handoffs=0|F1:F1 inbound pallet replenishment:Load / inspect at source:load=False:handoffs=0|F2:F2 outbound pallet dispatch:Load / inspect at source:load=False:handoffs=0"
0.6315,10,59,6,-24.0000,0.0500,-16.4265,0.0000,0.7078,0.0000,-24.0000,0.0000,-15.0000,1.4274,7,"","","9.333:0.050:13.500|-4.200:0.050:-13.500|-24.000:0.050:-15.000|24.000:0.050:-15.000|8.400:0.050:10.000","0.000:0.000:0.000|0.000:0.000:0.000|0.000:0.000:0.000|0.000:0.000:0.000|0.000:0.000:0.000","-9.333:0.050:13.500|-24.000:0.050:15.000","0.000:0.000:0.000|0.000:0.000:0.000",False,False,Moving,60.00,40.00,3.00,MultiAgentTraffic,"P1:False|P2:False|P3:False|D1:True|D2:True|D3:True","H1:H1 rack picking and carton handoff:Load / inspect at source:load=False:handoffs=0|H2:H2 cross-aisle carton transfer:Load / inspect at source:load=False:handoffs=0|H3:H3 station scan and dispatch verification:Load / inspect at source:load=False:handoffs=0|H4:H4 trolley supply transfer:Load / inspect at source:load=False:handoffs=0|H5:H5 rack inspection and replenishment:Load / inspect at source:load=False:handoffs=0|F1:F1 inbound pallet replenishment:Load / inspect at source:load=False:handoffs=0|F2:F2 outbound pallet dispatch:Load / inspect at source:load=False:handoffs=0"
0.7332,10,59,7,-24.0000,0.0500,-16.3609,0.0000,0.8856,0.0000,-24.0000,0.0000,-15.0000,1.3618,7,"","","9.333:0.050:13.500|-4.200:0.050:-13.500|-24.000:0.050:-15.000|24.000:0.050:-15.000|8.400:0.050:10.000","0.000:0.000:0.000|0.000:0.000:0.000|0.000:0.000:0.000|0.000:0.000:0.000|0.000:0.000:0.000","-9.333:0.050:13.500|-24.000:0.050:15.000","0.000:0.000:0.000|0.000:0.000:0.000",False,False,Moving,60.00,40.00,3.00,MultiAgentTraffic,"P1:False|P2:False|P3:False|D1:True|D2:True|D3:True","H1:H1 rack picking and carton handoff:Load / inspect at source:load=False:handoffs=0|H2:H2 cross-aisle carton transfer:Load / inspect at source:load=False:handoffs=0|H3:H3 station scan and dispatch verification:Load / inspect at source:load=False:handoffs=0|H4:H4 trolley supply transfer:Load / inspect at source:load=False:handoffs=0|H5:H5 rack inspection and replenishment:Load / inspect at source:load=False:handoffs=0|F1:F1 inbound pallet replenishment:Load / inspect at source:load=False:handoffs=0|F2:F2 outbound pallet dispatch:Load / inspect at source:load=False:handoffs=0"
0.8352,10,59,8,-24.0000,0.0500,-16.2886,0.0000,0.0000,0.0000,-24.0000,0.0000,-15.0000,1.2896,7,"","","9.333:0.050:13.500|-4.200:0.050:-13.500|-24.000:0.050:-15.000|24.000:0.050:-15.000|8.400:0.050:10.000","0.000:0.000:0.000|0.000:0.000:0.000|0.000:0.000:0.000|0.000:0.000:0.000|0.000:0.000:0.000","-9.333:0.050:13.500|-24.000:0.050:15.000","0.000:0.000:0.000|0.000:0.000:0.000",False,False,Stopped,60.00,40.00,3.00,MultiAgentTraffic,"P1:False|P2:False|P3:False|D1:True|D2:True|D3:True","H1:H1 rack picking and carton handoff:Load / inspect at source:load=False:handoffs=0|H2:H2 cross-aisle carton transfer:Load / inspect at source:load=False:handoffs=0|H3:H3 station scan and dispatch verification:Load / inspect at source:load=False:handoffs=0|H4:H4 trolley supply transfer:Load / inspect at source:load=False:handoffs=0|H5:H5 rack inspection and replenishment:Load / inspect at source:load=False:handoffs=0|F1:F1 inbound pallet replenishment:Load / inspect at source:load=False:handoffs=0|F2:F2 outbound pallet dispatch:Load / inspect at source:load=False:handoffs=0"
0.9567,10,59,9,-24.0000,0.0500,-16.2145,0.0000,0.0000,0.0000,-24.0000,0.0000,-15.0000,1.2156,7,"","","9.333:0.050:13.500|-4.200:0.050:-13.500|-24.000:0.050:-15.000|24.000:0.050:-15.000|8.400:0.050:10.000","0.000:0.000:0.000|0.000:0.000:0.000|0.000:0.000:0.000|0.000:0.000:0.000|0.000:0.000:0.000","-9.333:0.050:13.500|-24.000:0.050:15.000","0.000:0.000:0.000|0.000:0.000:0.000",False,False,Stopped,60.00,40.00,3.00,MultiAgentTraffic,"P1:False|P2:False|P3:False|D1:True|D2:True|D3:True","H1:H1 rack picking and carton handoff:Load / inspect at source:load=False:handoffs=0|H2:H2 cross-aisle carton transfer:Load / inspect at source:load=False:handoffs=0|H3:H3 station scan and dispatch verification:Load / inspect at source:load=False:handoffs=0|H4:H4 trolley supply transfer:Load / inspect at source:load=False:handoffs=0|H5:H5 rack inspection and replenishment:Load / inspect at source:load=False:handoffs=0|F1:F1 inbound pallet replenishment:Load / inspect at source:load=False:handoffs=0|F2:F2 outbound pallet dispatch:Load / inspect at source:load=False:handoffs=0"
1.0593,10,59,10,-24.0000,0.0500,-16.1634,0.0000,0.0000,0.0000,-24.0000,0.0000,-15.0000,1.1645,7,"","","9.333:0.050:13.500|-4.200:0.050:-13.500|-24.000:0.050:-15.000|24.000:0.050:-15.000|8.400:0.050:10.000","0.000:0.000:0.000|0.000:0.000:0.000|0.000:0.000:0.000|0.000:0.000:0.000|0.000:0.000:0.000","-9.333:0.050:13.500|-24.000:0.050:15.000","0.000:0.000:0.000|0.000:0.000:0.000",False,False,Stopped,60.00,40.00,3.00,MultiAgentTraffic,"P1:False|P2:False|P3:False|D1:True|D2:True|D3:True","H1:H1 rack picking and carton handoff:Load / inspect at source:load=False:handoffs=0|H2:H2 cross-aisle carton transfer:Load / inspect at source:load=False:handoffs=0|H3:H3 station scan and dispatch verification:Load / inspect at source:load=False:handoffs=0|H4:H4 trolley supply transfer:Load / inspect at source:load=False:handoffs=0|H5:H5 rack inspection and replenishment:Load / inspect at source:load=False:handoffs=0|F1:F1 inbound pallet replenishment:Load / inspect at source:load=False:handoffs=0|F2:F2 outbound pallet dispatch:Load / inspect at source:load=False:handoffs=0"
1.1618,10,59,11,-24.0000,0.0500,-16.1228,0.0000,0.4506,0.0000,-24.0000,0.0000,-15.0000,1.1239,7,"","","9.333:0.050:13.500|-4.200:0.050:-13.500|-24.000:0.050:-15.000|24.000:0.050:-15.000|8.400:0.050:10.000","0.000:0.000:0.000|0.000:0.000:0.000|0.000:0.000:0.000|0.000:0.000:0.000|0.000:0.000:0.000","-9.333:0.050:13.500|-24.000:0.050:15.000","0.000:0.000:0.000|0.000:0.000:0.000",False,False,Stopped,60.00,40.00,3.00,MultiAgentTraffic,"P1:False|P2:False|P3:False|D1:True|D2:True|D3:True","H1:H1 rack picking and carton handoff:Load / inspect at source:load=False:handoffs=0|H2:H2 cross-aisle carton transfer:Load / inspect at source:load=False:handoffs=0|H3:H3 station scan and dispatch verification:Load / inspect at source:load=False:handoffs=0|H4:H4 trolley supply transfer:Load / inspect at source:load=False:handoffs=0|H5:H5 rack inspection and replenishment:Load / inspect at source:load=False:handoffs=0|F1:F1 inbound pallet replenishment:Load / inspect at source:load=False:handoffs=0|F2:F2 outbound pallet dispatch:Load / inspect at source:load=False:handoffs=0"
1.2684,10,59,12,-24.0000,0.0500,-16.0917,0.0000,0.4576,0.0000,-24.0000,0.0000,-15.0000,1.0929,7,"","","9.333:0.050:13.500|-4.200:0.050:-13.500|-24.000:0.050:-15.000|24.000:0.050:-15.000|8.400:0.050:10.000","0.000:0.000:0.000|0.000:0.000:0.000|0.000:0.000:0.000|0.000:0.000:0.000|0.000:0.000:0.000","-9.333:0.050:13.500|-24.000:0.050:15.000","0.000:0.000:0.000|0.000:0.000:0.000",False,False,Stopped,60.00,40.00,3.00,MultiAgentTraffic,"P1:False|P2:False|P3:False|D1:True|D2:True|D3:True","H1:H1 rack picking and carton handoff:Load / inspect at source:load=False:handoffs=0|H2:H2 cross-aisle carton transfer:Load / inspect at source:load=False:handoffs=0|H3:H3 station scan and dispatch verification:Load / inspect at source:load=False:handoffs=0|H4:H4 trolley supply transfer:Load / inspect at source:load=False:handoffs=0|H5:H5 rack inspection and replenishment:Load / inspect at source:load=False:handoffs=0|F1:F1 inbound pallet replenishment:Load / inspect at source:load=False:handoffs=0|F2:F2 outbound pallet dispatch:Load / inspect at source:load=False:handoffs=0"
1.3758,10,59,13,-24.0000,0.0500,-16.0719,0.0000,0.0000,0.0000,-24.0000,0.0000,-15.0000,1.0730,7,"","","9.333:0.050:13.500|-4.200:0.050:-13.500|-24.000:0.050:-15.000|24.000:0.050:-15.000|8.400:0.050:10.000","0.000:0.000:0.000|0.000:0.000:0.000|0.000:0.000:0.000|0.000:0.000:0.000|0.000:0.000:0.000","-9.333:0.050:13.500|-24.000:0.050:15.000","0.000:0.000:0.000|0.000:0.000:0.000",False,False,Stopped,60.00,40.00,3.00,MultiAgentTraffic,"P1:False|P2:False|P3:False|D1:True|D2:True|D3:True","H1:H1 rack picking and carton handoff:Load / inspect at source:load=False:handoffs=0|H2:H2 cross-aisle carton transfer:Load / inspect at source:load=False:handoffs=0|H3:H3 station scan and dispatch verification:Load / inspect at source:load=False:handoffs=0|H4:H4 trolley supply transfer:Load / inspect at source:load=False:handoffs=0|H5:H5 rack inspection and replenishment:Load / inspect at source:load=False:handoffs=0|F1:F1 inbound pallet replenishment:Load / inspect at source:load=False:handoffs=0|F2:F2 outbound pallet dispatch:Load / inspect at source:load=False:handoffs=0"
1.5000,10,59,14,-24.0000,0.0500,-16.0634,0.0000,0.0000,0.0000,-24.0000,0.0000,-15.0000,1.0646,7,"","","9.333:0.050:13.500|-4.200:0.050:-13.500|-24.000:0.050:-15.000|24.000:0.050:-15.000|8.400:0.050:10.000","0.000:0.000:0.000|0.000:0.000:0.000|0.000:0.000:0.000|0.000:0.000:0.000|0.000:0.000:0.000","-9.333:0.050:13.500|-24.000:0.050:15.000","0.000:0.000:0.000|0.000:0.000:0.000",False,False,Stopped,60.00,40.00,3.00,MultiAgentTraffic,"P1:False|P2:False|P3:False|D1:True|D2:True|D3:True","H1:H1 rack picking and carton handoff:Load / inspect at source:load=False:handoffs=0|H2:H2 cross-aisle carton transfer:Load / inspect at source:load=False:handoffs=0|H3:H3 station scan and dispatch verification:Load / inspect at source:load=False:handoffs=0|H4:H4 trolley supply transfer:Load / inspect at source:load=False:handoffs=0|H5:H5 rack inspection and replenishment:Load / inspect at source:load=False:handoffs=0|F1:F1 inbound pallet replenishment:Load / inspect at source:load=False:handoffs=0|F2:F2 outbound pallet dispatch:Load / inspect at source:load=False:handoffs=0"
1.6169,10,59,15,-24.0000,0.0500,-16.0634,0.0000,0.0000,0.0000,-24.0000,0.0000,-15.0000,1.0646,7,"","","9.333:0.050:13.500|-4.200:0.050:-13.500|-24.000:0.050:-15.000|24.000:0.050:-15.000|8.400:0.050:10.000","0.000:0.000:0.000|0.000:0.000:0.000|0.000:0.000:0.000|0.000:0.000:0.000|0.000:0.000:0.000","-9.333:0.050:13.500|-24.000:0.050:15.000","0.000:0.000:0.000|0.000:0.000:0.000",False,False,Stopped,60.00,40.00,3.00,MultiAgentTraffic,"P1:False|P2:False|P3:False|D1:True|D2:True|D3:True","H1:H1 rack picking and carton handoff:Load / inspect at source:load=False:handoffs=0|H2:H2 cross-aisle carton transfer:Load / inspect at source:load=False:handoffs=0|H3:H3 station scan and dispatch verification:Load / inspect at source:load=False:handoffs=0|H4:H4 trolley supply transfer:Load / inspect at source:load=False:handoffs=0|H5:H5 rack inspection and replenishment:Load / inspect at source:load=False:handoffs=0|F1:F1 inbound pallet replenishment:Load / inspect at source:load=False:handoffs=0|F2:F2 outbound pallet dispatch:Load / inspect at source:load=False:handoffs=0"
1.7370,10,59,16,-24.0000,0.0500,-16.0634,0.0000,0.0000,0.0000,-24.0000,0.0000,-15.0000,1.0646,7,"","","9.333:0.050:13.500|-4.200:0.050:-13.500|-24.000:0.050:-15.000|24.000:0.050:-15.000|8.400:0.050:10.000","0.000:0.000:0.000|0.000:0.000:0.000|0.000:0.000:0.000|0.000:0.000:0.000|0.000:0.000:0.000","-9.333:0.050:13.500|-24.000:0.050:15.000","0.000:0.000:0.000|0.000:0.000:0.000",False,False,Stopped,60.00,40.00,3.00,MultiAgentTraffic,"P1:False|P2:False|P3:False|D1:True|D2:True|D3:True","H1:H1 rack picking and carton handoff:Load / inspect at source:load=False:handoffs=0|H2:H2 cross-aisle carton transfer:Load / inspect at source:load=False:handoffs=0|H3:H3 station scan and dispatch verification:Load / inspect at source:load=False:handoffs=0|H4:H4 trolley supply transfer:Load / inspect at source:load=False:handoffs=0|H5:H5 rack inspection and replenishment:Load / inspect at source:load=False:handoffs=0|F1:F1 inbound pallet replenishment:Load / inspect at source:load=False:handoffs=0|F2:F2 outbound pallet dispatch:Load / inspect at source:load=False:handoffs=0"
1.8382,10,59,17,-24.0000,0.0500,-16.0634,0.0000,0.0000,0.0000,-24.0000,0.0000,-15.0000,1.0646,7,"","","9.333:0.050:13.500|-4.200:0.050:-13.500|-24.000:0.050:-15.000|24.000:0.050:-15.000|8.400:0.050:10.000","0.000:0.000:0.000|0.000:0.000:0.000|0.000:0.000:0.000|0.000:0.000:0.000|0.000:0.000:0.000","-9.333:0.050:13.500|-24.000:0.050:15.000","0.000:0.000:0.000|0.000:0.000:0.000",False,False,Stopped,60.00,40.00,3.00,MultiAgentTraffic,"P1:False|P2:False|P3:False|D1:True|D2:True|D3:True","H1:H1 rack picking and carton handoff:Load / inspect at source:load=False:handoffs=0|H2:H2 cross-aisle carton transfer:Load / inspect at source:load=False:handoffs=0|H3:H3 station scan and dispatch verification:Load / inspect at source:load=False:handoffs=0|H4:H4 trolley supply transfer:Load / inspect at source:load=False:handoffs=0|H5:H5 rack inspection and replenishment:Load / inspect at source:load=False:handoffs=0|F1:F1 inbound pallet replenishment:Load / inspect at source:load=False:handoffs=0|F2:F2 outbound pallet dispatch:Load / inspect at source:load=False:handoffs=0"
1.9398,10,59,18,-24.0000,0.0500,-16.0634,0.0000,0.0000,0.0000,-24.0000,0.0000,-15.0000,1.0646,7,"","","9.333:0.050:13.500|-4.200:0.050:-13.500|-24.000:0.050:-15.000|24.000:0.050:-15.000|8.400:0.050:10.000","0.000:0.000:0.000|0.000:0.000:0.000|0.000:0.000:0.000|0.000:0.000:0.000|0.000:0.000:0.000","-9.333:0.050:13.500|-24.000:0.050:15.000","0.000:0.000:0.000|0.000:0.000:0.000",False,False,Stopped,60.00,40.00,3.00,MultiAgentTraffic,"P1:False|P2:False|P3:False|D1:True|D2:True|D3:True","H1:H1 rack picking and carton handoff:Load / inspect at source:load=False:handoffs=0|H2:H2 cross-aisle carton transfer:Load / inspect at source:load=False:handoffs=0|H3:H3 station scan and dispatch verification:Load / inspect at source:load=False:handoffs=0|H4:H4 trolley supply transfer:Load / inspect at source:load=False:handoffs=0|H5:H5 rack inspection and replenishment:Load / inspect at source:load=False:handoffs=0|F1:F1 inbound pallet replenishment:Load / inspect at source:load=False:handoffs=0|F2:F2 outbound pallet dispatch:Load / inspect at source:load=False:handoffs=0"
2.0583,10,59,19,-24.0000,0.0500,-16.0634,0.0000,0.0000,0.0000,-24.0000,0.0000,-15.0000,1.0646,7,"","","9.333:0.050:13.500|-4.200:0.050:-13.500|-24.000:0.050:-15.000|24.000:0.050:-15.000|8.400:0.050:10.000","0.000:0.000:0.000|0.000:0.000:0.000|0.000:0.000:0.000|0.000:0.000:0.000|0.000:0.000:0.000","-9.333:0.050:13.500|-24.000:0.050:15.000","0.000:0.000:0.000|0.000:0.000:0.000",False,False,Stopped,60.00,40.00,3.00,MultiAgentTraffic,"P1:False|P2:False|P3:False|D1:True|D2:True|D3:True","H1:H1 rack picking and carton handoff:Load / inspect at source:load=False:handoffs=0|H2:H2 cross-aisle carton transfer:Load / inspect at source:load=False:handoffs=0|H3:H3 station scan and dispatch verification:Load / inspect at source:load=False:handoffs=0|H4:H4 trolley supply transfer:Load / inspect at source:load=False:handoffs=0|H5:H5 rack inspection and replenishment:Load / inspect at source:load=False:handoffs=0|F1:F1 inbound pallet replenishment:Load / inspect at source:load=False:handoffs=0|F2:F2 outbound pallet dispatch:Load / inspect at source:load=False:handoffs=0"
2.1616,10,59,20,-24.0000,0.0500,-16.0634,0.0000,0.0000,0.0000,-24.0000,0.0000,-15.0000,1.0646,7,"","","9.333:0.050:13.500|-4.200:0.050:-13.500|-24.000:0.050:-15.000|24.000:0.050:-15.000|8.400:0.050:10.000","0.000:0.000:0.000|0.000:0.000:0.000|0.000:0.000:0.000|0.000:0.000:0.000|0.000:0.000:0.000","-9.333:0.050:13.500|-24.000:0.050:15.000","0.000:0.000:0.000|0.000:0.000:0.000",False,False,Stopped,60.00,40.00,3.00,MultiAgentTraffic,"P1:False|P2:False|P3:False|D1:True|D2:True|D3:True","H1:H1 rack picking and carton handoff:Load / inspect at source:load=False:handoffs=0|H2:H2 cross-aisle carton transfer:Load / inspect at source:load=False:handoffs=0|H3:H3 station scan and dispatch verification:Load / inspect at source:load=False:handoffs=0|H4:H4 trolley supply transfer:Load / inspect at source:load=False:handoffs=0|H5:H5 rack inspection and replenishment:Load / inspect at source:load=False:handoffs=0|F1:F1 inbound pallet replenishment:Load / inspect at source:load=False:handoffs=0|F2:F2 outbound pallet dispatch:Load / inspect at source:load=False:handoffs=0"
2.2823,10,59,21,-24.0000,0.0500,-16.0634,0.0000,0.0000,0.0000,-24.0000,0.0000,-15.0000,1.0646,7,"","","9.333:0.050:13.500|-4.200:0.050:-13.500|-24.000:0.050:-15.000|24.000:0.050:-15.000|8.400:0.050:10.000","0.000:0.000:0.000|0.000:0.000:0.000|0.000:0.000:0.000|0.000:0.000:0.000|0.000:0.000:0.000","-9.333:0.050:13.500|-24.000:0.050:15.000","0.000:0.000:0.000|0.000:0.000:0.000",False,False,Stopped,60.00,40.00,3.00,MultiAgentTraffic,"P1:False|P2:False|P3:False|D1:True|D2:True|D3:True","H1:H1 rack picking and carton handoff:Load / inspect at source:load=False:handoffs=0|H2:H2 cross-aisle carton transfer:Load / inspect at source:load=False:handoffs=0|H3:H3 station scan and dispatch verification:Load / inspect at source:load=False:handoffs=0|H4:H4 trolley supply transfer:Load / inspect at source:load=False:handoffs=0|H5:H5 rack inspection and replenishment:Load / inspect at source:load=False:handoffs=0|F1:F1 inbound pallet replenishment:Load / inspect at source:load=False:handoffs=0|F2:F2 outbound pallet dispatch:Load / inspect at source:load=False:handoffs=0"
2.4027,10,59,22,-24.0000,0.0500,-16.0634,0.0000,0.0000,0.0000,-24.0000,0.0000,-15.0000,1.0646,7,"","","9.333:0.050:13.500|-4.200:0.050:-13.500|-24.000:0.050:-15.000|24.000:0.050:-15.000|8.400:0.050:10.000","0.000:0.000:0.000|0.000:0.000:0.000|0.000:0.000:0.000|0.000:0.000:0.000|0.000:0.000:0.000","-9.333:0.050:13.500|-24.000:0.050:15.000","0.000:0.000:0.000|0.000:0.000:0.000",False,False,Stopped,60.00,40.00,3.00,MultiAgentTraffic,"P1:False|P2:False|P3:False|D1:True|D2:True|D3:True","H1:H1 rack picking and carton handoff:Load / inspect at source:load=False:handoffs=0|H2:H2 cross-aisle carton transfer:Load / inspect at source:load=False:handoffs=0|H3:H3 station scan and dispatch verification:Load / inspect at source:load=False:handoffs=0|H4:H4 trolley supply transfer:Load / inspect at source:load=False:handoffs=0|H5:H5 rack inspection and replenishment:Load / inspect at source:load=False:handoffs=0|F1:F1 inbound pallet replenishment:Load / inspect at source:load=False:handoffs=0|F2:F2 outbound pallet dispatch:Load / inspect at source:load=False:handoffs=0"
2.5095,10,59,23,-24.0000,0.0500,-16.0634,0.0000,0.0000,0.0000,-24.0000,0.0000,-15.0000,1.0646,7,"","","9.333:0.050:13.500|-4.200:0.050:-13.500|-24.000:0.050:-15.000|24.000:0.050:-15.000|8.400:0.050:10.000","0.000:0.000:0.000|0.000:0.000:0.000|0.000:0.000:0.000|0.000:0.000:0.000|0.000:0.000:0.000","-9.333:0.050:13.500|-24.000:0.050:15.000","0.000:0.000:0.000|0.000:0.000:0.000",False,False,Stopped,60.00,40.00,3.00,MultiAgentTraffic,"P1:False|P2:False|P3:False|D1:True|D2:True|D3:True","H1:H1 rack picking and carton handoff:Load / inspect at source:load=False:handoffs=0|H2:H2 cross-aisle carton transfer:Load / inspect at source:load=False:handoffs=0|H3:H3 station scan and dispatch verification:Load / inspect at source:load=False:handoffs=0|H4:H4 trolley supply transfer:Load / inspect at source:load=False:handoffs=0|H5:H5 rack inspection and replenishment:Load / inspect at source:load=False:handoffs=0|F1:F1 inbound pallet replenishment:Load / inspect at source:load=False:handoffs=0|F2:F2 outbound pallet dispatch:Load / inspect at source:load=False:handoffs=0"
2.6270,10,59,24,-24.0000,0.0500,-16.0634,0.0000,0.0000,0.0000,-24.0000,0.0000,-15.0000,1.0646,7,"","","9.333:0.050:13.500|-4.200:0.050:-13.493|-24.000:0.050:-15.000|23.998:0.050:-14.993|8.400:0.050:10.000","0.000:0.000:0.000|0.000:0.000:0.094|0.000:0.000:0.000|-0.030:0.000:0.089|0.000:0.000:0.000","-9.333:0.050:13.500|-24.000:0.050:15.000","0.000:0.000:0.000|0.000:0.000:0.000",False,False,Stopped,60.00,40.00,3.00,MultiAgentTraffic,"P1:False|P2:False|P3:False|D1:True|D2:True|D3:True","H1:H1 rack picking and carton handoff:Transport to work bay:load=True:handoffs=0|H2:H2 cross-aisle carton transfer:Transport to work bay:load=True:handoffs=0|H3:H3 station scan and dispatch verification:Transport to work bay:load=False:handoffs=0|H4:H4 trolley supply transfer:Transport to work bay:load=True:handoffs=0|H5:H5 rack inspection and replenishment:Transport to work bay:load=False:handoffs=0|F1:F1 inbound pallet replenishment:Transport to work bay:load=True:handoffs=0|F2:F2 outbound pallet dispatch:Transport to work bay:load=True:handoffs=0"
2.7442,10,59,25,-24.0000,0.0500,-16.0634,0.0000,0.0000,0.0000,-24.0000,0.0000,-15.0000,1.0646,7,"","","9.333:0.050:13.500|-4.200:0.050:-13.475|-23.999:0.050:-14.998|23.989:0.050:-14.978|8.400:0.050:10.000","0.000:0.000:0.000|0.000:0.000:0.188|0.030:0.000:0.040|-0.114:0.000:0.149|0.000:0.000:0.000","-9.333:0.050:13.500|-24.000:0.050:15.000","0.000:0.000:0.000|0.000:0.000:0.000",False,False,Stopped,60.00,40.00,3.00,MultiAgentTraffic,"P1:False|P2:False|P3:False|D1:True|D2:True|D3:True","H1:H1 rack picking and carton handoff:Transport to work bay:load=True:handoffs=0|H2:H2 cross-aisle carton transfer:Transport to work bay:load=True:handoffs=0|H3:H3 station scan and dispatch verification:Transport to work bay:load=False:handoffs=0|H4:H4 trolley supply transfer:Transport to work bay:load=True:handoffs=0|H5:H5 rack inspection and replenishment:Transport to work bay:load=False:handoffs=0|F1:F1 inbound pallet replenishment:Transport to work bay:load=True:handoffs=0|F2:F2 outbound pallet dispatch:Transport to work bay:load=True:handoffs=0"
2.8619,10,59,26,-24.0000,0.0500,-16.0634,0.0000,0.0000,0.0000,-24.0000,0.0000,-15.0000,1.0646,7,"","","9.333:0.050:13.500|-4.200:0.050:-13.447|-23.989:0.050:-14.990|23.970:0.050:-14.957|8.400:0.050:10.000","0.000:0.000:0.000|0.000:0.000:0.282|0.120:0.000:0.080|-0.188:0.000:0.210|0.000:0.000:0.000","-9.333:0.050:13.500|-24.000:0.050:15.000","0.000:0.000:0.000|0.000:0.000:0.000",False,False,Stopped,60.00,40.00,3.00,MultiAgentTraffic,"P1:False|P2:False|P3:False|D1:True|D2:True|D3:True","H1:H1 rack picking and carton handoff:Transport to work bay:load=True:handoffs=0|H2:H2 cross-aisle carton transfer:Transport to work bay:load=True:handoffs=0|H3:H3 station scan and dispatch verification:Transport to work bay:load=False:handoffs=0|H4:H4 trolley supply transfer:Transport to work bay:load=True:handoffs=0|H5:H5 rack inspection and replenishment:Transport to work bay:load=False:handoffs=0|F1:F1 inbound pallet replenishment:Transport to work bay:load=True:handoffs=0|F2:F2 outbound pallet dispatch:Transport to work bay:load=True:handoffs=0"
2.9853,10,59,27,-24.0000,0.0500,-16.0634,0.0000,0.0000,0.0000,-24.0000,0.0000,-15.0000,1.0646,7,"","","9.333:0.050:13.500|-4.200:0.050:-13.405|-23.966:0.050:-14.981|23.942:0.050:-14.925|8.400:0.050:10.000","0.000:0.000:0.000|0.000:0.000:0.381|0.236:0.000:0.059|-0.253:0.000:0.284|0.000:0.000:0.000","-9.333:0.050:13.500|-24.000:0.050:15.000","0.000:0.000:0.000|0.000:0.000:0.000",False,False,Stopped,60.00,40.00,3.00,MultiAgentTraffic,"P1:False|P2:False|P3:False|D1:True|D2:True|D3:True","H1:H1 rack picking and carton handoff:Transport to work bay:load=True:handoffs=0|H2:H2 cross-aisle carton transfer:Transport to work bay:load=True:handoffs=0|H3:H3 station scan and dispatch verification:Transport to work bay:load=False:handoffs=0|H4:H4 trolley supply transfer:Transport to work bay:load=True:handoffs=0|H5:H5 rack inspection and replenishment:Transport to work bay:load=False:handoffs=0|F1:F1 inbound pallet replenishment:Transport to work bay:load=True:handoffs=0|F2:F2 outbound pallet dispatch:Transport to work bay:load=True:handoffs=0"
3.0962,10,59,28,-24.0000,0.0500,-16.0634,0.0000,0.0000,0.0000,-24.0000,0.0000,-15.0000,1.0646,7,"","","9.333:0.050:13.500|-4.200:0.050:-13.356|-23.933:0.050:-14.980|23.910:0.050:-14.889|8.400:0.050:10.000","0.000:0.000:0.000|0.000:0.000:0.469|0.331:0.000:-0.022|-0.312:0.000:0.350|0.000:0.000:0.000","-9.333:0.050:13.500|-24.000:0.050:15.000","0.000:0.000:0.000|0.000:0.000:0.000",False,False,Stopped,60.00,40.00,3.00,MultiAgentTraffic,"P1:False|P2:False|P3:False|D1:True|D2:True|D3:True","H1:H1 rack picking and carton handoff:Transport to work bay:load=True:handoffs=0|H2:H2 cross-aisle carton transfer:Transport to work bay:load=True:handoffs=0|H3:H3 station scan and dispatch verification:Transport to work bay:load=False:handoffs=0|H4:H4 trolley supply transfer:Transport to work bay:load=True:handoffs=0|H5:H5 rack inspection and replenishment:Transport to work bay:load=False:handoffs=0|F1:F1 inbound pallet replenishment:Transport to work bay:load=True:handoffs=0|F2:F2 outbound pallet dispatch:Transport to work bay:load=True:handoffs=0"
3.2012,10,59,29,-24.0000,0.0500,-16.0634,0.0000,0.0000,0.0000,-24.0000,0.0000,-15.0000,1.0646,7,"","","9.331:0.050:13.499|-4.200:0.050:-13.301|-23.893:0.050:-14.986|23.873:0.050:-14.848|8.400:0.050:10.000","-0.043:0.000:-0.016|0.000:0.000:0.553|0.410:0.000:-0.066|-0.368:0.000:0.413|0.007:0.000:-0.003","-9.333:0.050:13.500|-23.999:0.050:15.001","0.000:0.000:0.000|0.033:0.000:0.033",False,False,Stopped,60.00,40.00,3.00,MultiAgentTraffic,"P1:False|P2:False|P3:False|D1:True|D2:True|D3:True","H1:H1 rack picking and carton handoff:Transport to work bay:load=True:handoffs=0|H2:H2 cross-aisle carton transfer:Transport to work bay:load=True:handoffs=0|H3:H3 station scan and dispatch verification:Transport to work bay:load=False:handoffs=0|H4:H4 trolley supply transfer:Transport to work bay:load=True:handoffs=0|H5:H5 rack inspection and replenishment:Transport to work bay:load=False:handoffs=0|F1:F1 inbound pallet replenishment:Transport to work bay:load=True:handoffs=0|F2:F2 outbound pallet dispatch:Transport to work bay:load=True:handoffs=0"
3.3188,10,59,30,-24.0000,0.0500,-16.0634,0.0000,0.0000,0.0000,-24.0000,0.0000,-15.0000,1.0646,7,"","","9.321:0.050:13.493|-4.200:0.050:-13.230|-23.838:0.050:-14.995|23.826:0.050:-14.795|8.406:0.050:9.996","-0.108:0.000:-0.089|0.000:0.000:0.647|0.503:0.000:-0.081|-0.431:0.000:0.483|0.079:0.000:-0.065","-9.333:0.050:13.500|-23.989:0.050:15.009","0.000:0.000:0.000|0.111:0.000:0.085",False,False,Stopped,60.00,40.00,3.00,MultiAgentTraffic,"P1:False|P2:False|P3:False|D1:True|D2:True|D3:True","H1:H1 rack picking and carton handoff:Transport to work bay:load=True:handoffs=0|H2:H2 cross-aisle carton transfer:Transport to work bay:load=True:handoffs=0|H3:H3 station scan and dispatch verification:Transport to work bay:load=False:handoffs=0|H4:H4 trolley supply transfer:Transport to work bay:load=True:handoffs=0|H5:H5 rack inspection and replenishment:Transport to work bay:load=False:handoffs=0|F1:F1 inbound pallet replenishment:Transport to work bay:load=True:handoffs=0|F2:F2 outbound pallet dispatch:Transport to work bay:load=True:handoffs=0"
3.5141,10,59,31,-24.0000,0.0500,-16.0634,0.0000,0.0000,0.0000,-24.0000,0.0000,-15.0000,1.0646,7,"","","9.300:0.050:13.450|-4.200:0.050:-13.102|-23.719:0.050:-15.014|23.740:0.050:-14.699|8.424:0.050:9.960","-0.098:0.000:-0.280|0.000:0.000:0.656|0.658:0.000:-0.105|-0.437:0.000:0.489|0.085:0.000:-0.244","-9.333:0.050:13.500|-23.947:0.050:15.032","0.000:0.000:0.000|0.269:0.000:0.124",False,False,Stopped,60.00,40.00,3.00,MultiAgentTraffic,"P1:False|P2:False|P3:False|D1:True|D2:True|D3:True","H1:H1 rack picking and carton handoff:Transport to work bay:load=True:handoffs=0|H2:H2 cross-aisle carton transfer:Transport to work bay:load=True:handoffs=0|H3:H3 station scan and dispatch verification:Transport to work bay:load=False:handoffs=0|H4:H4 trolley supply transfer:Transport to work bay:load=True:handoffs=0|H5:H5 rack inspection and replenishment:Transport to work bay:load=False:handoffs=0|F1:F1 inbound pallet replenishment:Transport to work bay:load=True:handoffs=0|F2:F2 outbound pallet dispatch:Transport to work bay:load=True:handoffs=0"
3.6177,10,59,32,-24.0000,0.0500,-16.0634,0.0000,0.0000,0.0000,-24.0000,0.0000,-15.0000,1.0646,7,"","","9.293:0.050:13.415|-4.200:0.050:-13.034|-23.646:0.050:-15.026|23.695:0.050:-14.649|8.429:0.050:9.928","-0.056:0.000:-0.375|0.000:0.000:0.656|0.739:0.000:-0.119|-0.437:0.000:0.489|0.016:0.000:-0.341","-9.333:0.050:13.500|-23.913:0.050:15.044","0.000:0.000:0.000|0.361:0.000:0.117",False,False,Stopped,60.00,40.00,3.00,MultiAgentTraffic,"P1:False|P2:False|P3:False|D1:True|D2:True|D3:True","H1:H1 rack picking and carton handoff:Transport to work bay:load=True:handoffs=0|H2:H2 cross-aisle carton transfer:Transport to work bay:load=True:handoffs=0|H3:H3 station scan and dispatch verification:Transport to work bay:load=False:handoffs=0|H4:H4 trolley supply transfer:Transport to work bay:load=True:handoffs=0|H5:H5 rack inspection and replenishment:Transport to work bay:load=False:handoffs=0|F1:F1 inbound pallet replenishment:Transport to work bay:load=True:handoffs=0|F2:F2 outbound pallet dispatch:Transport to work bay:load=True:handoffs=0"
3.7189,10,59,33,-24.0000,0.0500,-16.0634,0.0000,0.0000,0.0000,-24.0000,0.0000,-15.0000,1.0646,7,"","","9.287:0.050:13.372|-4.200:0.050:-12.967|-23.568:0.050:-15.038|23.651:0.050:-14.599|8.429:0.050:9.889","-0.068:0.000:-0.455|0.000:0.000:0.656|0.790:0.000:-0.127|-0.437:0.000:0.489|-0.001:0.000:-0.422","-9.333:0.050:13.500|-23.871:0.050:15.055","0.000:0.000:0.000|0.451:0.000:0.091",False,False,Stopped,60.00,40.00,3.00,MultiAgentTraffic,"P1:False|P2:False|P3:False|D1:True|D2:True|D3:True","H1:H1 rack picking and carton handoff:Transport to work bay:load=True:handoffs=0|H2:H2 cross-aisle carton transfer:Transport to work bay:load=True:handoffs=0|H3:H3 station scan and dispatch verification:Transport to work bay:load=False:handoffs=0|H4:H4 trolley supply transfer:Transport to work bay:load=True:handoffs=0|H5:H5 rack inspection and replenishment:Transport to work bay:load=False:handoffs=0|F1:F1 inbound pallet replenishment:Transport to work bay:load=True:handoffs=0|F2:F2 outbound pallet dispatch:Transport to work bay:load=True:handoffs=0"
3.8313,10,59,34,-24.0000,0.0500,-16.0634,0.0000,0.0000,0.0000,-24.0000,0.0000,-15.0000,1.0646,7,"","","9.279:0.050:13.315|-4.200:0.050:-12.893|-23.479:0.050:-15.052|23.602:0.050:-14.544|8.429:0.050:9.836","-0.081:0.000:-0.544|0.000:0.000:0.656|0.790:0.000:-0.127|-0.437:0.000:0.489|-0.001:0.000:-0.512","-9.333:0.050:13.500|-23.814:0.050:15.062","0.000:0.000:0.000|0.549:0.000:0.040",False,False,Stopped,60.00,40.00,3.00,MultiAgentTraffic,"P1:False|P2:False|P3:False|D1:True|D2:True|D3:True","H1:H1 rack picking and carton handoff:Transport to work bay:load=True:handoffs=0|H2:H2 cross-aisle carton transfer:Transport to work bay:load=True:handoffs=0|H3:H3 station scan and dispatch verification:Transport to work bay:load=False:handoffs=0|H4:H4 trolley supply transfer:Transport to work bay:load=True:handoffs=0|H5:H5 rack inspection and replenishment:Transport to work bay:load=False:handoffs=0|F1:F1 inbound pallet replenishment:Transport to work bay:load=True:handoffs=0|F2:F2 outbound pallet dispatch:Transport to work bay:load=True:handoffs=0"
3.9442,10,59,35,-24.0000,0.0500,-16.0634,0.0000,0.0000,0.0000,-24.0000,0.0000,-15.0000,1.0646,7,"","","9.269:0.050:13.248|-4.200:0.050:-12.819|-23.390:0.050:-15.067|23.553:0.050:-14.489|8.429:0.050:9.772","-0.094:0.000:-0.634|0.000:0.000:0.656|0.790:0.000:-0.127|-0.437:0.000:0.489|-0.001:0.000:-0.602","-9.333:0.050:13.500|-23.746:0.050:15.062","0.000:0.000:0.000|0.640:0.000:-0.035",False,False,Stopped,60.00,40.00,3.00,MultiAgentTraffic,"P1:False|P2:False|P3:False|D1:True|D2:True|D3:True","H1:H1 rack picking and carton handoff:Transport to work bay:load=True:handoffs=0|H2:H2 cross-aisle carton transfer:Transport to work bay:load=True:handoffs=0|H3:H3 station scan and dispatch verification:Transport to work bay:load=False:handoffs=0|H4:H4 trolley supply transfer:Transport to work bay:load=True:handoffs=0|H5:H5 rack inspection and replenishment:Transport to work bay:load=False:handoffs=0|F1:F1 inbound pallet replenishment:Transport to work bay:load=True:handoffs=0|F2:F2 outbound pallet dispatch:Transport to work bay:load=True:handoffs=0"
4.0545,10,59,36,-24.0000,0.0500,-16.0634,0.0000,0.0000,0.0000,-24.0000,0.0000,-15.0000,1.0646,7,"","","9.258:0.050:13.177|-4.200:0.050:-12.747|-23.302:0.050:-15.081|23.504:0.050:-14.435|8.429:0.050:9.700","-0.096:0.000:-0.649|0.000:0.000:0.656|0.790:0.000:-0.127|-0.437:0.000:0.489|-0.001:0.000:-0.690","-9.333:0.050:13.500|-23.671:0.050:15.052","0.000:0.000:0.000|0.717:0.000:-0.130",False,False,Stopped,60.00,40.00,3.00,MultiAgentTraffic,"P1:False|P2:False|P3:False|D1:True|D2:True|D3:True","H1:H1 rack picking and carton handoff:Transport to work bay:load=True:handoffs=0|H2:H2 cross-aisle carton transfer:Transport to work bay:load=True:handoffs=0|H3:H3 station scan and dispatch verification:Transport to work bay:load=False:handoffs=0|H4:H4 trolley supply transfer:Transport to work bay:load=True:handoffs=0|H5:H5 rack inspection and replenishment:Transport to work bay:load=False:handoffs=0|F1:F1 inbound pallet replenishment:Transport to work bay:load=True:handoffs=0|F2:F2 outbound pallet dispatch:Transport to work bay:load=True:handoffs=0"
4.1666,10,59,37,-24.0000,0.0500,-16.0634,0.0000,0.0000,0.0000,-24.0000,0.0000,-15.0000,1.0646,7,"","","9.247:0.050:13.104|-4.200:0.050:-12.673|-23.214:0.050:-15.095|23.455:0.050:-14.380|8.429:0.050:9.617","-0.096:0.000:-0.649|0.000:0.000:0.656|0.790:0.000:-0.127|-0.437:0.000:0.489|-0.002:0.000:-0.780","-9.329:0.050:13.499|-23.586:0.050:15.030","0.074:0.000:-0.024|0.780:0.000:-0.247",False,False,Idle,60.00,40.00,3.00,MultiAgentTraffic,"P1:False|P2:False|P3:False|D1:True|D2:True|D3:True","H1:H1 rack picking and carton handoff:Transport to work bay:load=True:handoffs=0|H2:H2 cross-aisle carton transfer:Transport to work bay:load=True:handoffs=0|H3:H3 station scan and dispatch verification:Transport to work bay:load=False:handoffs=0|H4:H4 trolley supply transfer:Transport to work bay:load=True:handoffs=0|H5:H5 rack inspection and replenishment:Transport to work bay:load=False:handoffs=0|F1:F1 inbound pallet replenishment:Transport to work bay:load=True:handoffs=0|F2:F2 outbound pallet dispatch:Transport to work bay:load=True:handoffs=0"
4.2717,10,59,38,-24.0000,0.0500,-16.0589,0.0000,0.0464,0.0000,-24.0000,0.0000,-15.0000,1.0601,7,"","","9.237:0.050:13.036|-4.200:0.050:-12.605|-23.131:0.050:-15.108|23.410:0.050:-14.328|8.428:0.050:9.533","-0.096:0.000:-0.649|0.000:0.000:0.656|0.790:0.000:-0.127|-0.437:0.000:0.489|-0.002:0.000:-0.800","-9.317:0.050:13.494|-23.501:0.050:14.997","0.147:0.000:-0.067|0.835:0.000:-0.343",False,False,Moving,60.00,40.00,3.00,MultiAgentTraffic,"P1:False|P2:False|P3:False|D1:True|D2:True|D3:True","H1:H1 rack picking and carton handoff:Transport to work bay:load=True:handoffs=0|H2:H2 cross-aisle carton transfer:Transport to work bay:load=True:handoffs=0|H3:H3 station scan and dispatch verification:Transport to work bay:load=False:handoffs=0|H4:H4 trolley supply transfer:Transport to work bay:load=True:handoffs=0|H5:H5 rack inspection and replenishment:Transport to work bay:load=False:handoffs=0|F1:F1 inbound pallet replenishment:Transport to work bay:load=True:handoffs=0|F2:F2 outbound pallet dispatch:Transport to work bay:load=True:handoffs=0"
4.3878,10,59,39,-24.0000,0.0500,-16.0409,0.0000,0.1417,0.0000,-24.0000,0.0000,-15.0000,1.0421,7,"","","9.226:0.050:12.960|-4.200:0.050:-12.528|-23.039:0.050:-15.123|23.359:0.050:-14.272|8.428:0.050:9.440","-0.096:0.000:-0.649|0.000:0.000:0.656|0.790:0.000:-0.127|-0.437:0.000:0.489|-0.002:0.000:-0.800","-9.295:0.050:13.482|-23.398:0.050:14.955","0.216:0.000:-0.135|0.921:0.000:-0.378",False,False,Moving,60.00,40.00,3.00,MultiAgentTraffic,"P1:False|P2:False|P3:False|D1:True|D2:True|D3:True","H1:H1 rack picking and carton handoff:Transport to work bay:load=True:handoffs=0|H2:H2 cross-aisle carton transfer:Transport to work bay:load=True:handoffs=0|H3:H3 station scan and dispatch verification:Transport to work bay:load=False:handoffs=0|H4:H4 trolley supply transfer:Transport to work bay:load=True:handoffs=0|H5:H5 rack inspection and replenishment:Transport to work bay:load=False:handoffs=0|F1:F1 inbound pallet replenishment:Transport to work bay:load=True:handoffs=0|F2:F2 outbound pallet dispatch:Transport to work bay:load=True:handoffs=0"
4.4960,10,59,40,-24.0000,0.0500,-16.0120,0.0000,0.2399,0.0000,-24.0000,0.0000,-15.0000,1.0132,7,"","","9.215:0.050:12.890|-4.200:0.050:-12.457|-22.954:0.050:-15.137|23.312:0.050:-14.219|8.428:0.050:9.353","-0.096:0.000:-0.649|0.000:0.000:0.656|0.790:0.000:-0.127|-0.437:0.000:0.489|-0.002:0.000:-0.800","-9.268:0.050:13.462|-23.294:0.050:14.912","0.265:0.000:-0.215|0.986:0.000:-0.405",False,False,Moving,60.00,40.00,3.00,MultiAgentTraffic,"P1:False|P2:False|P3:False|D1:True|D2:True|D3:True","H1:H1 rack picking and carton handoff:Transport to work bay:load=True:handoffs=0|H2:H2 cross-aisle carton transfer:Transport to work bay:load=True:handoffs=0|H3:H3 station scan and dispatch verification:Transport to work bay:load=False:handoffs=0|H4:H4 trolley supply transfer:Transport to work bay:load=True:handoffs=0|H5:H5 rack inspection and replenishment:Transport to work bay:load=False:handoffs=0|F1:F1 inbound pallet replenishment:Transport to work bay:load=True:handoffs=0|F2:F2 outbound pallet dispatch:Transport to work bay:load=True:handoffs=0"
4.5980,10,59,41,-24.0000,0.0500,-15.9741,0.0000,0.3152,0.0000,-24.0000,0.0000,-15.0000,0.9753,7,"","","9.206:0.050:12.824|-4.200:0.050:-12.391|-22.873:0.050:-15.150|23.267:0.050:-14.169|8.428:0.050:9.272","-0.096:0.000:-0.649|0.000:0.000:0.656|0.790:0.000:-0.127|-0.437:0.000:0.489|-0.002:0.000:-0.800","-9.240:0.050:13.435|-23.193:0.050:14.871","0.295:0.000:-0.303|0.986:0.000:-0.405",False,False,Moving,60.00,40.00,3.00,MultiAgentTraffic,"P1:False|P2:False|P3:False|D1:True|D2:True|D3:True","H1:H1 rack picking and carton handoff:Transport to work bay:load=True:handoffs=0|H2:H2 cross-aisle carton transfer:Transport to work bay:load=True:handoffs=0|H3:H3 station scan and dispatch verification:Transport to work bay:load=False:handoffs=0|H4:H4 trolley supply transfer:Transport to work bay:load=True:handoffs=0|H5:H5 rack inspection and replenishment:Transport to work bay:load=False:handoffs=0|F1:F1 inbound pallet replenishment:Transport to work bay:load=True:handoffs=0|F2:F2 outbound pallet dispatch:Transport to work bay:load=True:handoffs=0"
4.6996,10,59,42,-24.0000,0.0500,-15.9259,0.0000,0.3788,0.0000,-24.0000,0.0000,-15.0000,0.9273,7,"","","9.196:0.050:12.758|-4.200:0.050:-12.324|-22.793:0.050:-15.162|23.223:0.050:-14.119|8.428:0.050:9.190","-0.096:0.000:-0.649|0.000:0.000:0.656|0.790:0.000:-0.127|-0.437:0.000:0.489|-0.002:0.000:-0.800","-9.209:0.050:13.399|-23.093:0.050:14.830","0.308:0.000:-0.399|0.986:0.000:-0.405",False,False,Moving,60.00,40.00,3.00,MultiAgentTraffic,"P1:False|P2:False|P3:False|D1:True|D2:True|D3:True","H1:H1 rack picking and carton handoff:Transport to work bay:load=True:handoffs=0|H2:H2 cross-aisle carton transfer:Transport to work bay:load=True:handoffs=0|H3:H3 station scan and dispatch verification:Transport to work bay:load=False:handoffs=0|H4:H4 trolley supply transfer:Transport to work bay:load=True:handoffs=0|H5:H5 rack inspection and replenishment:Transport to work bay:load=False:handoffs=0|F1:F1 inbound pallet replenishment:Transport to work bay:load=True:handoffs=0|F2:F2 outbound pallet dispatch:Transport to work bay:load=True:handoffs=0"
4.8051,10,59,43,-24.0000,0.0500,-15.8651,0.0000,0.5082,0.0000,-24.0000,0.0000,-15.0000,0.8665,7,"","","9.186:0.050:12.689|-4.200:0.050:-12.255|-22.710:0.050:-15.176|23.177:0.050:-14.067|8.427:0.050:9.106","-0.096:0.000:-0.649|0.000:0.000:0.656|0.790:0.000:-0.127|-0.437:0.000:0.489|-0.002:0.000:-0.800","-9.176:0.050:13.350|-22.989:0.050:14.787","0.302:0.000:-0.505|0.986:0.000:-0.405",False,False,Moving,60.00,40.00,3.00,MultiAgentTraffic,"P1:False|P2:False|P3:False|D1:True|D2:True|D3:True","H1:H1 rack picking and carton handoff:Transport to work bay:load=True:handoffs=0|H2:H2 cross-aisle carton transfer:Transport to work bay:load=True:handoffs=0|H3:H3 station scan and dispatch verification:Transport to work bay:load=False:handoffs=0|H4:H4 trolley supply transfer:Transport to work bay:load=True:handoffs=0|H5:H5 rack inspection and replenishment:Transport to work bay:load=False:handoffs=0|F1:F1 inbound pallet replenishment:Transport to work bay:load=True:handoffs=0|F2:F2 outbound pallet dispatch:Transport to work bay:load=True:handoffs=0"
4.9073,10,59,44,-24.0000,0.0500,-15.7955,0.0000,0.6169,0.0000,-24.0000,0.0000,-15.0000,0.7970,7,"","","9.176:0.050:12.623|-4.200:0.050:-12.188|-22.629:0.050:-15.189|23.132:0.050:-14.017|8.427:0.050:9.024","-0.096:0.000:-0.649|0.000:0.000:0.656|0.790:0.000:-0.127|-0.437:0.000:0.489|-0.002:0.000:-0.800","-9.147:0.050:13.292|-22.888:0.050:14.746","0.276:0.000:-0.611|0.986:0.000:-0.405",False,False,Moving,60.00,40.00,3.00,MultiAgentTraffic,"P1:False|P2:False|P3:False|D1:True|D2:True|D3:True","H1:H1 rack picking and carton handoff:Transport to work bay:load=True:handoffs=0|H2:H2 cross-aisle carton transfer:Transport to work bay:load=True:handoffs=0|H3:H3 station scan and dispatch verification:Transport to work bay:load=False:handoffs=0|H4:H4 trolley supply transfer:Transport to work bay:load=True:handoffs=0|H5:H5 rack inspection and replenishment:Transport to work bay:load=False:handoffs=0|F1:F1 inbound pallet replenishment:Transport to work bay:load=True:handoffs=0|F2:F2 outbound pallet dispatch:Transport to work bay:load=True:handoffs=0"
5.0074,10,59,45,-24.0000,0.0500,-15.7172,0.0000,1.3280,0.0000,-24.0000,0.0000,-15.0000,0.7189,7,"","","9.166:0.050:12.558|-4.200:0.050:-12.122|-22.550:0.050:-15.201|23.088:0.050:-13.968|8.427:0.050:8.944","-0.096:0.000:-0.649|0.000:0.000:0.656|0.790:0.000:-0.127|-0.437:0.000:0.489|-0.002:0.000:-0.800","-9.122:0.050:13.225|-22.790:0.050:14.705","0.230:0.000:-0.714|0.986:0.000:-0.405",False,False,Moving,60.00,40.00,3.00,MultiAgentTraffic,"P1:False|P2:False|P3:False|D1:True|D2:True|D3:True","H1:H1 rack picking and carton handoff:Transport to work bay:load=True:handoffs=0|H2:H2 cross-aisle carton transfer:Transport to work bay:load=True:handoffs=0|H3:H3 station scan and dispatch verification:Transport to work bay:load=False:handoffs=0|H4:H4 trolley supply transfer:Transport to work bay:load=True:handoffs=0|H5:H5 rack inspection and replenishment:Transport to work bay:load=False:handoffs=0|F1:F1 inbound pallet replenishment:Transport to work bay:load=True:handoffs=0|F2:F2 outbound pallet dispatch:Transport to work bay:load=True:handoffs=0"
5.1114,10,59,46,-24.0000,0.0500,-15.6253,0.0000,0.8206,0.0000,-24.0000,0.0000,-15.0000,0.6273,7,"","","9.156:0.050:12.491|-4.200:0.050:-12.054|-22.468:0.050:-15.215|23.043:0.050:-13.917|8.427:0.050:8.861","-0.096:0.000:-0.649|0.000:0.000:0.656|0.790:0.000:-0.127|-0.437:0.000:0.489|-0.002:0.000:-0.800","-9.102:0.050:13.145|-22.687:0.050:14.663","0.160:0.000:-0.818|0.986:0.000:-0.405",False,False,Moving,60.00,40.00,3.00,MultiAgentTraffic,"P1:True|P2:False|P3:False|D1:True|D2:True|D3:True","H1:H1 rack picking and carton handoff:Transport to work bay:load=True:handoffs=0|H2:H2 cross-aisle carton transfer:Transport to work bay:load=True:handoffs=0|H3:H3 station scan and dispatch verification:Transport to work bay:load=False:handoffs=0|H4:H4 trolley supply transfer:Transport to work bay:load=True:handoffs=0|H5:H5 rack inspection and replenishment:Transport to work bay:load=False:handoffs=0|F1:F1 inbound pallet replenishment:Transport to work bay:load=True:handoffs=0|F2:F2 outbound pallet dispatch:Transport to work bay:load=True:handoffs=0"
5.2296,10,59,47,-24.0000,0.0500,-15.5077,0.0000,0.8788,0.0000,-24.0000,0.0000,-15.0000,0.5102,7,"","","9.145:0.050:12.414|-4.200:0.050:-11.976|-22.374:0.050:-15.230|22.991:0.050:-13.860|8.427:0.050:8.766","-0.096:0.000:-0.649|0.000:0.000:0.656|0.790:0.000:-0.127|-0.437:0.000:0.489|-0.002:0.000:-0.800","-9.087:0.050:13.040|-22.570:0.050:14.615","0.125:0.000:-0.920|0.986:0.000:-0.405",False,False,Moving,60.00,40.00,3.00,MultiAgentTraffic,"P1:True|P2:True|P3:False|D1:True|D2:True|D3:True","H1:H1 rack picking and carton handoff:Transport to work bay:load=True:handoffs=0|H2:H2 cross-aisle carton transfer:Transport to work bay:load=True:handoffs=0|H3:H3 station scan and dispatch verification:Transport to work bay:load=False:handoffs=0|H4:H4 trolley supply transfer:Transport to work bay:load=True:handoffs=0|H5:H5 rack inspection and replenishment:Transport to work bay:load=False:handoffs=0|F1:F1 inbound pallet replenishment:Transport to work bay:load=True:handoffs=0|F2:F2 outbound pallet dispatch:Transport to work bay:load=True:handoffs=0"
5.3410,10,59,48,-24.0000,0.0500,-15.3914,333.4082,1.0373,-644.2919,-24.0000,0.0000,-15.0000,0.3946,7,"","","9.134:0.050:12.342|-4.200:0.050:-11.903|-22.286:0.050:-15.244|22.943:0.050:-13.805|8.427:0.050:8.677","-0.096:0.000:-0.649|0.000:0.000:0.656|0.790:0.000:-0.127|-0.437:0.000:0.489|-0.002:0.000:-0.800","-9.072:0.050:12.932|-22.461:0.050:14.570","0.137:0.000:-1.008|0.986:0.000:-0.405",False,False,Idle,60.00,40.00,3.00,MultiAgentTraffic,"P1:True|P2:True|P3:True|D1:True|D2:True|D3:True","H1:H1 rack picking and carton handoff:Transport to work bay:load=True:handoffs=0|H2:H2 cross-aisle carton transfer:Transport to work bay:load=True:handoffs=0|H3:H3 station scan and dispatch verification:Transport to work bay:load=False:handoffs=0|H4:H4 trolley supply transfer:Transport to work bay:load=True:handoffs=0|H5:H5 rack inspection and replenishment:Transport to work bay:load=False:handoffs=0|F1:F1 inbound pallet replenishment:Transport to work bay:load=True:handoffs=0|F2:F2 outbound pallet dispatch:Transport to work bay:load=True:handoffs=0"
5.4487,10,59,49,-24.0000,0.0500,-15.2923,294.4381,0.8749,-255.5024,-24.0000,0.0000,-15.0000,0.2966,7,"","","9.124:0.050:12.272|-4.200:0.050:-11.832|-22.201:0.050:-15.257|22.896:0.050:-13.752|8.426:0.050:8.591","-0.096:0.000:-0.649|0.000:0.000:0.656|0.790:0.000:-0.127|-0.437:0.000:0.489|-0.002:0.000:-0.800","-9.057:0.050:12.820|-22.354:0.050:14.526","0.143:0.000:-1.056|0.986:0.000:-0.405",False,False,Idle,60.00,40.00,3.00,MultiAgentTraffic,"P1:True|P2:True|P3:True|D1:True|D2:True|D3:True","H1:H1 rack picking and carton handoff:Transport to work bay:load=True:handoffs=0|H2:H2 cross-aisle carton transfer:Transport to work bay:load=True:handoffs=0|H3:H3 station scan and dispatch verification:Transport to work bay:load=False:handoffs=0|H4:H4 trolley supply transfer:Transport to work bay:load=True:handoffs=0|H5:H5 rack inspection and replenishment:Transport to work bay:load=False:handoffs=0|F1:F1 inbound pallet replenishment:Transport to work bay:load=True:handoffs=0|F2:F2 outbound pallet dispatch:Transport to work bay:load=True:handoffs=0"
5.5544,10,59,50,-24.0000,0.0500,-15.2088,276.2560,0.7434,-140.9897,-24.0000,0.0000,-15.0000,0.2147,7,"","","9.113:0.050:12.203|-4.200:0.050:-11.763|-22.118:0.050:-15.271|22.849:0.050:-13.701|8.426:0.050:8.507","-0.096:0.000:-0.649|0.000:0.000:0.656|0.790:0.000:-0.127|-0.437:0.000:0.489|-0.002:0.000:-0.800","-9.042:0.050:12.708|-22.250:0.050:14.483","0.143:0.000:-1.056|0.986:0.000:-0.405",False,False,Idle,60.00,40.00,3.00,MultiAgentTraffic,"P1:True|P2:True|P3:True|D1:True|D2:True|D3:True","H1:H1 rack picking and carton handoff:Transport to work bay:load=True:handoffs=0|H2:H2 cross-aisle carton transfer:Transport to work bay:load=True:handoffs=0|H3:H3 station scan and dispatch verification:Transport to work bay:load=False:handoffs=0|H4:H4 trolley supply transfer:Transport to work bay:load=True:handoffs=0|H5:H5 rack inspection and replenishment:Transport to work bay:load=False:handoffs=0|F1:F1 inbound pallet replenishment:Transport to work bay:load=True:handoffs=0|F2:F2 outbound pallet dispatch:Transport to work bay:load=True:handoffs=0"
5.6561,10,59,51,-24.0000,0.0500,-15.1414,266.0005,0.5349,-66.6794,-24.0000,0.0000,-15.0000,0.1499,7,"","","9.104:0.050:12.137|-4.200:0.050:-11.696|-22.037:0.050:-15.284|22.805:0.050:-13.651|8.426:0.050:8.425","-0.096:0.000:-0.649|0.000:0.000:0.656|0.790:0.000:-0.127|-0.437:0.000:0.489|-0.002:0.000:-0.800","-9.027:0.050:12.600|-22.150:0.050:14.442","0.143:0.000:-1.056|0.986:0.000:-0.405",False,False,Idle,60.00,40.00,3.00,MultiAgentTraffic,"P1:True|P2:True|P3:True|D1:True|D2:True|D3:True","H1:H1 rack picking and carton handoff:Transport to work bay:load=True:handoffs=0|H2:H2 cross-aisle carton transfer:Transport to work bay:load=True:handoffs=0|H3:H3 station scan and dispatch verification:Transport to work bay:load=False:handoffs=0|H4:H4 trolley supply transfer:Transport to work bay:load=True:handoffs=0|H5:H5 rack inspection and replenishment:Transport to work bay:load=False:handoffs=0|F1:F1 inbound pallet replenishment:Transport to work bay:load=True:handoffs=0|F2:F2 outbound pallet dispatch:Transport to work bay:load=True:handoffs=0"
5.7728,10,59,52,-24.0000,0.0500,-15.0797,261.9199,0.4046,-41.0080,-24.0000,0.0000,-15.0000,0.0941,7,"","","9.092:0.050:12.062|-4.200:0.050:-11.620|-21.945:0.050:-15.298|22.754:0.050:-13.594|8.426:0.050:8.332","-0.096:0.000:-0.649|0.000:0.000:0.656|0.790:0.000:-0.127|-0.437:0.000:0.489|-0.002:0.000:-0.800","-9.011:0.050:12.477|-22.035:0.050:14.395","0.143:0.000:-1.056|0.986:0.000:-0.405",False,False,Idle,60.00,40.00,3.00,MultiAgentTraffic,"P1:True|P2:True|P3:True|D1:True|D2:True|D3:True","H1:H1 rack picking and carton handoff:Transport to work bay:load=True:handoffs=0|H2:H2 cross-aisle carton transfer:Transport to work bay:load=True:handoffs=0|H3:H3 station scan and dispatch verification:Transport to work bay:load=False:handoffs=0|H4:H4 trolley supply transfer:Transport to work bay:load=True:handoffs=0|H5:H5 rack inspection and replenishment:Transport to work bay:load=False:handoffs=0|F1:F1 inbound pallet replenishment:Transport to work bay:load=True:handoffs=0|F2:F2 outbound pallet dispatch:Transport to work bay:load=True:handoffs=0"
5.8752,10,59,53,-24.0000,0.0500,-15.0395,271.1393,0.3257,80.9098,-24.0000,0.0000,-15.0000,0.0637,7,"","","9.083:0.050:11.995|-4.200:0.050:-11.553|-21.864:0.050:-15.311|22.709:0.050:-13.544|8.426:0.050:8.250","-0.096:0.000:-0.649|0.000:0.000:0.656|0.790:0.000:-0.127|-0.437:0.000:0.489|-0.002:0.000:-0.800","-8.996:0.050:12.369|-21.934:0.050:14.354","0.143:0.000:-1.056|0.986:0.000:-0.405",False,False,Idle,60.00,40.00,3.00,MultiAgentTraffic,"P1:True|P2:True|P3:True|D1:True|D2:True|D3:True","H1:H1 rack picking and carton handoff:Transport to work bay:load=True:handoffs=0|H2:H2 cross-aisle carton transfer:Transport to work bay:load=True:handoffs=0|H3:H3 station scan and dispatch verification:Transport to work bay:load=False:handoffs=0|H4:H4 trolley supply transfer:Transport to work bay:load=True:handoffs=0|H5:H5 rack inspection and replenishment:Transport to work bay:load=False:handoffs=0|F1:F1 inbound pallet replenishment:Transport to work bay:load=True:handoffs=0|F2:F2 outbound pallet dispatch:Transport to work bay:load=True:handoffs=0"
5.9774,10,59,54,-24.0000,0.0500,-15.0127,280.3362,0.2042,79.4800,-24.0000,0.0000,-15.0000,0.0516,7,"","","9.073:0.050:11.929|-4.200:0.050:-11.486|-21.783:0.050:-15.324|22.665:0.050:-13.493|8.426:0.050:8.168","-0.096:0.000:-0.649|0.000:0.000:0.656|0.790:0.000:-0.127|-0.437:0.000:0.489|-0.002:0.000:-0.800","-8.981:0.050:12.261|-21.833:0.050:14.312","0.143:0.000:-1.056|0.986:0.000:-0.405",False,False,Idle,60.00,40.00,3.00,MultiAgentTraffic,"P1:True|P2:True|P3:True|D1:True|D2:True|D3:True","H1:H1 rack picking and carton handoff:Transport to work bay:load=True:handoffs=0|H2:H2 cross-aisle carton transfer:Transport to work bay:load=True:handoffs=0|H3:H3 station scan and dispatch verification:Transport to work bay:load=False:handoffs=0|H4:H4 trolley supply transfer:Transport to work bay:load=True:handoffs=0|H5:H5 rack inspection and replenishment:Transport to work bay:load=False:handoffs=0|F1:F1 inbound pallet replenishment:Transport to work bay:load=True:handoffs=0|F2:F2 outbound pallet dispatch:Transport to work bay:load=True:handoffs=0"
6.0925,10,59,55,-24.0000,0.0500,-15.0000,286.2626,0.1222,0.0000,-24.0000,0.0000,-15.0000,0.0500,7,"","","9.062:0.050:11.854|-4.200:0.050:-11.410|-21.693:0.050:-15.339|22.614:0.050:-13.437|8.425:0.050:8.076","-0.096:0.000:-0.649|0.000:0.000:0.656|0.790:0.000:-0.127|-0.437:0.000:0.489|-0.002:0.000:-0.800","-8.965:0.050:12.140|-21.720:0.050:14.266","0.143:0.000:-1.056|0.986:0.000:-0.405",False,False,Idle,60.00,40.00,3.00,MultiAgentTraffic,"P1:True|P2:True|P3:True|D1:True|D2:True|D3:True","H1:H1 rack picking and carton handoff:Transport to work bay:load=True:handoffs=0|H2:H2 cross-aisle carton transfer:Transport to work bay:load=True:handoffs=0|H3:H3 station scan and dispatch verification:Transport to work bay:load=False:handoffs=0|H4:H4 trolley supply transfer:Transport to work bay:load=True:handoffs=0|H5:H5 rack inspection and replenishment:Transport to work bay:load=False:handoffs=0|F1:F1 inbound pallet replenishment:Transport to work bay:load=True:handoffs=0|F2:F2 outbound pallet dispatch:Transport to work bay:load=True:handoffs=0"
6.1993,10,59,56,-24.0000,0.0500,-15.0000,286.2626,0.0000,0.0000,-24.0000,0.0000,-15.0000,0.0500,7,"","","9.051:0.050:11.785|-4.200:0.050:-11.340|-21.608:0.050:-15.352|22.568:0.050:-13.385|8.425:0.050:7.991","-0.096:0.000:-0.649|0.000:0.000:0.656|0.790:0.000:-0.127|-0.437:0.000:0.489|-0.002:0.000:-0.800","-8.950:0.050:12.027|-21.614:0.050:14.222","0.143:0.000:-1.056|0.986:0.000:-0.405",False,False,Idle,60.00,40.00,3.00,MultiAgentTraffic,"P1:True|P2:True|P3:True|D1:True|D2:True|D3:True","H1:H1 rack picking and carton handoff:Transport to work bay:load=True:handoffs=0|H2:H2 cross-aisle carton transfer:Transport to work bay:load=True:handoffs=0|H3:H3 station scan and dispatch verification:Transport to work bay:load=False:handoffs=0|H4:H4 trolley supply transfer:Transport to work bay:load=True:handoffs=0|H5:H5 rack inspection and replenishment:Transport to work bay:load=False:handoffs=0|F1:F1 inbound pallet replenishment:Transport to work bay:load=True:handoffs=0|F2:F2 outbound pallet dispatch:Transport to work bay:load=True:handoffs=0"
6.3087,10,59,57,-24.0000,0.0500,-15.0000,286.2626,0.0000,0.0000,-24.0000,0.0000,-15.0000,0.0500,7,"","","9.041:0.050:11.714|-4.200:0.050:-11.268|-21.522:0.050:-15.366|22.520:0.050:-13.331|8.425:0.050:7.903","-0.096:0.000:-0.649|0.000:0.000:0.656|0.790:0.000:-0.127|-0.437:0.000:0.489|-0.002:0.000:-0.800","-8.934:0.050:11.911|-21.506:0.050:14.178","0.143:0.000:-1.056|0.986:0.000:-0.405",False,False,Idle,60.00,40.00,3.00,MultiAgentTraffic,"P1:True|P2:True|P3:True|D1:True|D2:True|D3:True","H1:H1 rack picking and carton handoff:Transport to work bay:load=True:handoffs=0|H2:H2 cross-aisle carton transfer:Transport to work bay:load=True:handoffs=0|H3:H3 station scan and dispatch verification:Transport to work bay:load=False:handoffs=0|H4:H4 trolley supply transfer:Transport to work bay:load=True:handoffs=0|H5:H5 rack inspection and replenishment:Transport to work bay:load=False:handoffs=0|F1:F1 inbound pallet replenishment:Transport to work bay:load=True:handoffs=0|F2:F2 outbound pallet dispatch:Transport to work bay:load=True:handoffs=0"
6.4118,10,59,58,-24.0000,0.0500,-15.0000,286.2626,0.0000,0.0000,-24.0000,0.0000,-15.0000,0.0500,7,"","","9.031:0.050:11.647|-4.200:0.050:-11.201|-21.440:0.050:-15.379|22.475:0.050:-13.281|8.425:0.050:7.821","-0.096:0.000:-0.649|0.000:0.000:0.656|0.790:0.000:-0.127|-0.437:0.000:0.489|-0.002:0.000:-0.800","-8.919:0.050:11.802|-21.405:0.050:14.136","0.143:0.000:-1.056|0.986:0.000:-0.405",False,False,Idle,60.00,40.00,3.00,MultiAgentTraffic,"P1:True|P2:True|P3:True|D1:True|D2:True|D3:True","H1:H1 rack picking and carton handoff:Transport to work bay:load=True:handoffs=0|H2:H2 cross-aisle carton transfer:Transport to work bay:load=True:handoffs=0|H3:H3 station scan and dispatch verification:Transport to work bay:load=False:handoffs=0|H4:H4 trolley supply transfer:Transport to work bay:load=True:handoffs=0|H5:H5 rack inspection and replenishment:Transport to work bay:load=False:handoffs=0|F1:F1 inbound pallet replenishment:Transport to work bay:load=True:handoffs=0|F2:F2 outbound pallet dispatch:Transport to work bay:load=True:handoffs=0"
6.5305,10,59,59,-24.0000,0.0500,-15.0000,286.2626,0.0000,0.0000,-24.0000,0.0000,-15.0000,0.0500,7,"","","9.019:0.050:11.570|-4.200:0.050:-11.123|-21.347:0.050:-15.394|22.423:0.050:-13.223|8.425:0.050:7.726","-0.096:0.000:-0.649|0.000:0.000:0.656|0.790:0.000:-0.127|-0.437:0.000:0.489|-0.002:0.000:-0.800","-8.902:0.050:11.677|-21.288:0.050:14.088","0.143:0.000:-1.056|0.986:0.000:-0.405",False,False,Idle,60.00,40.00,3.00,MultiAgentTraffic,"P1:True|P2:True|P3:True|D1:True|D2:True|D3:True","H1:H1 rack picking and carton handoff:Transport to work bay:load=True:handoffs=0|H2:H2 cross-aisle carton transfer:Transport to work bay:load=True:handoffs=0|H3:H3 station scan and dispatch verification:Transport to work bay:load=False:handoffs=0|H4:H4 trolley supply transfer:Transport to work bay:load=True:handoffs=0|H5:H5 rack inspection and replenishment:Transport to work bay:load=False:handoffs=0|F1:F1 inbound pallet replenishment:Transport to work bay:load=True:handoffs=0|F2:F2 outbound pallet dispatch:Transport to work bay:load=True:handoffs=0"
6.6440,10,59,60,-24.0000,0.0500,-15.0000,286.2626,0.0000,0.0000,-24.0000,0.0000,-15.0000,0.0500,7,"","","9.009:0.050:11.496|-4.200:0.050:-11.048|-21.257:0.050:-15.409|22.373:0.050:-13.167|8.425:0.050:7.635","-0.096:0.000:-0.649|0.000:0.000:0.656|0.790:0.000:-0.127|-0.437:0.000:0.489|-0.002:0.000:-0.800","-8.886:0.050:11.557|-21.176:0.050:14.042","0.143:0.000:-1.056|0.986:0.000:-0.405",False,False,Idle,60.00,40.00,3.00,MultiAgentTraffic,"P1:True|P2:True|P3:True|D1:True|D2:True|D3:True","H1:H1 rack picking and carton handoff:Transport to work bay:load=True:handoffs=0|H2:H2 cross-aisle carton transfer:Transport to work bay:load=True:handoffs=0|H3:H3 station scan and dispatch verification:Transport to work bay:load=False:handoffs=0|H4:H4 trolley supply transfer:Transport to work bay:load=True:handoffs=0|H5:H5 rack inspection and replenishment:Transport to work bay:load=False:handoffs=0|F1:F1 inbound pallet replenishment:Transport to work bay:load=True:handoffs=0|F2:F2 outbound pallet dispatch:Transport to work bay:load=True:handoffs=0"
6.7597,10,59,61,-24.0000,0.0500,-15.0000,286.2626,0.0000,0.0000,-24.0000,0.0000,-15.0000,0.0500,7,"","","8.997:0.050:11.421|-4.200:0.050:-10.972|-21.166:0.050:-15.423|22.323:0.050:-13.111|8.424:0.050:7.542","-0.096:0.000:-0.649|0.000:0.000:0.656|0.790:0.000:-0.127|-0.437:0.000:0.489|-0.002:0.000:-0.800","-8.869:0.050:11.435|-21.062:0.050:13.995","0.143:0.000:-1.056|0.986:0.000:-0.405",False,False,Idle,60.00,40.00,3.00,MultiAgentTraffic,"P1:True|P2:True|P3:True|D1:True|D2:True|D3:True","H1:H1 rack picking and carton handoff:Transport to work bay:load=True:handoffs=0|H2:H2 cross-aisle carton transfer:Transport to work bay:load=True:handoffs=0|H3:H3 station scan and dispatch verification:Transport to work bay:load=False:handoffs=0|H4:H4 trolley supply transfer:Transport to work bay:load=True:handoffs=0|H5:H5 rack inspection and replenishment:Transport to work bay:load=False:handoffs=0|F1:F1 inbound pallet replenishment:Transport to work bay:load=True:handoffs=0|F2:F2 outbound pallet dispatch:Transport to work bay:load=True:handoffs=0"
6.8769,10,59,62,-24.0000,0.0500,-15.0000,286.2626,0.0000,0.0000,-24.0000,0.0000,-15.0000,0.0500,7,"","","8.986:0.050:11.345|-4.200:0.050:-10.896|-21.073:0.050:-15.438|22.272:0.050:-13.053|8.424:0.050:7.449","-0.096:0.000:-0.649|0.000:0.000:0.656|0.790:0.000:-0.127|-0.437:0.000:0.489|-0.002:0.000:-0.800","-8.852:0.050:11.311|-20.946:0.050:13.948","0.143:0.000:-1.056|0.986:0.000:-0.405",False,False,Idle,60.00,40.00,3.00,MultiAgentTraffic,"P1:True|P2:True|P3:True|D1:True|D2:True|D3:True","H1:H1 rack picking and carton handoff:Transport to work bay:load=True:handoffs=0|H2:H2 cross-aisle carton transfer:Transport to work bay:load=True:handoffs=0|H3:H3 station scan and dispatch verification:Transport to work bay:load=False:handoffs=0|H4:H4 trolley supply transfer:Transport to work bay:load=True:handoffs=0|H5:H5 rack inspection and replenishment:Transport to work bay:load=False:handoffs=0|F1:F1 inbound pallet replenishment:Transport to work bay:load=True:handoffs=0|F2:F2 outbound pallet dispatch:Transport to work bay:load=True:handoffs=0"
6.9906,10,59,63,-24.0000,0.0500,-15.0000,286.2626,0.0000,0.0000,-24.0000,0.0000,-15.0000,0.0500,7,"","","8.975:0.050:11.271|-4.200:0.050:-10.821|-20.983:0.050:-15.453|22.222:0.050:-12.998|8.424:0.050:7.358","-0.096:0.000:-0.649|0.000:0.000:0.656|0.790:0.000:-0.127|-0.437:0.000:0.489|-0.002:0.000:-0.800","-8.836:0.050:11.191|-20.834:0.050:13.902","0.143:0.000:-1.056|0.986:0.000:-0.405",False,False,Idle,60.00,40.00,3.00,MultiAgentTraffic,"P1:True|P2:True|P3:True|D1:True|D2:True|D3:True","H1:H1 rack picking and carton handoff:Transport to work bay:load=True:handoffs=0|H2:H2 cross-aisle carton transfer:Transport to work bay:load=True:handoffs=0|H3:H3 station scan and dispatch verification:Transport to work bay:load=False:handoffs=0|H4:H4 trolley supply transfer:Transport to work bay:load=True:handoffs=0|H5:H5 rack inspection and replenishment:Transport to work bay:load=False:handoffs=0|F1:F1 inbound pallet replenishment:Transport to work bay:load=True:handoffs=0|F2:F2 outbound pallet dispatch:Transport to work bay:load=True:handoffs=0"
7.1145,10,59,64,-24.0000,0.0500,-15.0000,286.2626,0.0000,0.0000,-24.0000,0.0000,-15.0000,0.0500,7,"","","8.963:0.050:11.191|-4.200:0.050:-10.740|-20.885:0.050:-15.468|22.168:0.050:-12.937|8.424:0.050:7.258","-0.096:0.000:-0.649|0.000:0.000:0.656|0.790:0.000:-0.127|-0.437:0.000:0.489|-0.002:0.000:-0.800","-8.818:0.050:11.060|-20.712:0.050:13.852","0.143:0.000:-1.056|0.986:0.000:-0.405",False,False,Idle,60.00,40.00,3.00,MultiAgentTraffic,"P1:True|P2:True|P3:True|D1:True|D2:True|D3:True","H1:H1 rack picking and carton handoff:Transport to work bay:load=True:handoffs=0|H2:H2 cross-aisle carton transfer:Transport to work bay:load=True:handoffs=0|H3:H3 station scan and dispatch verification:Transport to work bay:load=False:handoffs=0|H4:H4 trolley supply transfer:Transport to work bay:load=True:handoffs=0|H5:H5 rack inspection and replenishment:Transport to work bay:load=False:handoffs=0|F1:F1 inbound pallet replenishment:Transport to work bay:load=True:handoffs=0|F2:F2 outbound pallet dispatch:Transport to work bay:load=True:handoffs=0"
7.2181,10,59,65,-24.0000,0.0500,-15.0000,286.2626,0.0000,0.0000,-24.0000,0.0000,-15.0000,0.0500,7,"","","8.953:0.050:11.124|-4.200:0.050:-10.672|-20.803:0.050:-15.481|22.123:0.050:-12.886|8.424:0.050:7.176","-0.096:0.000:-0.649|0.000:0.000:0.656|0.790:0.000:-0.127|-0.437:0.000:0.489|-0.002:0.000:-0.800","-8.804:0.050:10.950|-20.610:0.050:13.810","0.143:0.000:-1.056|0.986:0.000:-0.405",False,False,Idle,60.00,40.00,3.00,MultiAgentTraffic,"P1:True|P2:True|P3:True|D1:True|D2:True|D3:True","H1:H1 rack picking and carton handoff:Transport to work bay:load=True:handoffs=0|H2:H2 cross-aisle carton transfer:Transport to work bay:load=True:handoffs=0|H3:H3 station scan and dispatch verification:Transport to work bay:load=False:handoffs=0|H4:H4 trolley supply transfer:Transport to work bay:load=True:handoffs=0|H5:H5 rack inspection and replenishment:Transport to work bay:load=False:handoffs=0|F1:F1 inbound pallet replenishment:Transport to work bay:load=True:handoffs=0|F2:F2 outbound pallet dispatch:Transport to work bay:load=True:handoffs=0"
7.3291,10,59,66,-24.0000,0.0500,-15.0000,286.2626,0.0000,0.0000,-24.0000,0.0000,-15.0000,0.0500,7,"","","8.943:0.050:11.052|-4.200:0.050:-10.599|-20.716:0.050:-15.496|22.074:0.050:-12.832|8.423:0.050:7.087","-0.096:0.000:-0.649|0.000:0.000:0.656|0.790:0.000:-0.127|-0.437:0.000:0.489|-0.002:0.000:-0.800","-8.788:0.050:10.833|-20.500:0.050:13.765","0.143:0.000:-1.056|0.986:0.000:-0.405",False,False,Idle,60.00,40.00,3.00,MultiAgentTraffic,"P1:True|P2:True|P3:True|D1:True|D2:True|D3:True","H1:H1 rack picking and carton handoff:Transport to work bay:load=True:handoffs=0|H2:H2 cross-aisle carton transfer:Transport to work bay:load=True:handoffs=0|H3:H3 station scan and dispatch verification:Transport to work bay:load=False:handoffs=0|H4:H4 trolley supply transfer:Transport to work bay:load=True:handoffs=0|H5:H5 rack inspection and replenishment:Transport to work bay:load=False:handoffs=0|F1:F1 inbound pallet replenishment:Transport to work bay:load=True:handoffs=0|F2:F2 outbound pallet dispatch:Transport to work bay:load=True:handoffs=0"
7.4310,10,59,67,-24.0000,0.0500,-15.0000,286.2626,0.0000,0.0000,-24.0000,0.0000,-15.0000,0.0500,7,"","","8.933:0.050:10.986|-4.200:0.050:-10.532|-20.635:0.050:-15.508|22.030:0.050:-12.782|8.423:0.050:7.005","-0.096:0.000:-0.649|0.000:0.000:0.656|0.790:0.000:-0.127|-0.437:0.000:0.489|-0.002:0.000:-0.800","-8.773:0.050:10.726|-20.400:0.050:13.723","0.143:0.000:-1.056|0.986:0.000:-0.405",False,False,Idle,60.00,40.00,3.00,MultiAgentTraffic,"P1:True|P2:True|P3:True|D1:True|D2:True|D3:True","H1:H1 rack picking and carton handoff:Transport to work bay:load=True:handoffs=0|H2:H2 cross-aisle carton transfer:Transport to work bay:load=True:handoffs=0|H3:H3 station scan and dispatch verification:Transport to work bay:load=False:handoffs=0|H4:H4 trolley supply transfer:Transport to work bay:load=True:handoffs=0|H5:H5 rack inspection and replenishment:Transport to work bay:load=False:handoffs=0|F1:F1 inbound pallet replenishment:Transport to work bay:load=True:handoffs=0|F2:F2 outbound pallet dispatch:Transport to work bay:load=True:handoffs=0"
7.5477,10,59,68,-24.0000,0.0500,-15.0000,286.2626,0.0000,0.0000,-24.0000,0.0000,-15.0000,0.0500,7,"","","8.921:0.050:10.910|-4.200:0.050:-10.456|-20.543:0.050:-15.523|21.979:0.050:-12.725|8.423:0.050:6.912","-0.096:0.000:-0.649|0.000:0.000:0.656|0.790:0.000:-0.127|-0.437:0.000:0.489|-0.002:0.000:-0.800","-8.756:0.050:10.602|-20.285:0.050:13.676","0.143:0.000:-1.056|0.986:0.000:-0.405",False,False,Idle,60.00,40.00,3.00,MultiAgentTraffic,"P1:True|P2:True|P3:True|D1:True|D2:True|D3:True","H1:H1 rack picking and carton handoff:Transport to work bay:load=True:handoffs=0|H2:H2 cross-aisle carton transfer:Transport to work bay:load=True:handoffs=0|H3:H3 station scan and dispatch verification:Transport to work bay:load=False:handoffs=0|H4:H4 trolley supply transfer:Transport to work bay:load=True:handoffs=0|H5:H5 rack inspection and replenishment:Transport to work bay:load=False:handoffs=0|F1:F1 inbound pallet replenishment:Transport to work bay:load=True:handoffs=0|F2:F2 outbound pallet dispatch:Transport to work bay:load=True:handoffs=0"
7.6497,10,59,69,-24.0000,0.0500,-15.0000,286.2626,0.0000,0.0000,-24.0000,0.0000,-15.0000,0.0500,7,"","","8.912:0.050:10.844|-4.200:0.050:-10.389|-20.463:0.050:-15.536|21.934:0.050:-12.675|8.423:0.050:6.830","-0.096:0.000:-0.649|0.000:0.000:0.656|0.790:0.000:-0.127|-0.437:0.000:0.489|-0.002:0.000:-0.800","-8.742:0.050:10.495|-20.184:0.050:13.635","0.143:0.000:-1.056|0.986:0.000:-0.405",False,False,Idle,60.00,40.00,3.00,MultiAgentTraffic,"P1:True|P2:True|P3:True|D1:True|D2:True|D3:True","H1:H1 rack picking and carton handoff:Transport to work bay:load=True:handoffs=0|H2:H2 cross-aisle carton transfer:Transport to work bay:load=True:handoffs=0|H3:H3 station scan and dispatch verification:Transport to work bay:load=False:handoffs=0|H4:H4 trolley supply transfer:Transport to work bay:load=True:handoffs=0|H5:H5 rack inspection and replenishment:Transport to work bay:load=False:handoffs=0|F1:F1 inbound pallet replenishment:Transport to work bay:load=True:handoffs=0|F2:F2 outbound pallet dispatch:Transport to work bay:load=True:handoffs=0"
7.7577,10,59,70,-24.0000,0.0500,-15.0000,286.2626,0.0000,0.0000,-24.0000,0.0000,-15.0000,0.0500,7,"","","8.901:0.050:10.774|-4.200:0.050:-10.318|-20.377:0.050:-15.550|21.887:0.050:-12.622|8.423:0.050:6.744","-0.096:0.000:-0.649|0.000:0.000:0.656|0.790:0.000:-0.127|-0.437:0.000:0.489|-0.002:0.000:-0.800","-8.726:0.050:10.380|-20.078:0.050:13.591","0.143:0.000:-1.056|0.986:0.000:-0.405",False,False,Idle,60.00,40.00,3.00,MultiAgentTraffic,"P1:True|P2:True|P3:True|D1:True|D2:True|D3:True","H1:H1 rack picking and carton handoff:Transport to work bay:load=True:handoffs=0|H2:H2 cross-aisle carton transfer:Transport to work bay:load=True:handoffs=0|H3:H3 station scan and dispatch verification:Transport to work bay:load=False:handoffs=0|H4:H4 trolley supply transfer:Transport to work bay:load=True:handoffs=0|H5:H5 rack inspection and replenishment:Transport to work bay:load=False:handoffs=0|F1:F1 inbound pallet replenishment:Transport to work bay:load=True:handoffs=0|F2:F2 outbound pallet dispatch:Transport to work bay:load=True:handoffs=0"
7.8600,10,59,71,-24.0000,0.0500,-15.0000,286.2626,0.0000,0.0000,-24.0000,0.0000,-15.0000,0.0500,7,"","","8.891:0.050:10.707|-4.200:0.050:-10.251|-20.296:0.050:-15.563|21.842:0.050:-12.572|8.423:0.050:6.662","-0.096:0.000:-0.649|0.000:0.000:0.656|0.790:0.000:-0.127|-0.437:0.000:0.489|-0.002:0.000:-0.800","-8.712:0.050:10.272|-19.977:0.050:13.550","0.143:0.000:-1.056|0.986:0.000:-0.405",False,False,Idle,60.00,40.00,3.00,MultiAgentTraffic,"P1:True|P2:True|P3:True|D1:True|D2:True|D3:True","H1:H1 rack picking and carton handoff:Transport to work bay:load=True:handoffs=0|H2:H2 cross-aisle carton transfer:Transport to work bay:load=True:handoffs=0|H3:H3 station scan and dispatch verification:Transport to work bay:load=False:handoffs=0|H4:H4 trolley supply transfer:Transport to work bay:load=True:handoffs=0|H5:H5 rack inspection and replenishment:Transport to work bay:load=False:handoffs=0|F1:F1 inbound pallet replenishment:Transport to work bay:load=True:handoffs=0|F2:F2 outbound pallet dispatch:Transport to work bay:load=True:handoffs=0"
7.9680,10,59,72,-24.0000,0.0500,-15.0000,286.2626,0.0000,0.0000,-24.0000,0.0000,-15.0000,0.0500,7,"","","8.881:0.050:10.637|-4.200:0.050:-10.180|-20.211:0.050:-15.576|21.795:0.050:-12.519|8.422:0.050:6.576","-0.096:0.000:-0.649|0.000:0.000:0.656|0.790:0.000:-0.127|-0.437:0.000:0.489|-0.002:0.000:-0.800","-8.696:0.050:10.158|-19.870:0.050:13.506","0.143:0.000:-1.056|0.986:0.000:-0.405",False,False,Idle,60.00,40.00,3.00,MultiAgentTraffic,"P1:True|P2:True|P3:True|D1:True|D2:True|D3:True","H1:H1 rack picking and carton handoff:Transport to work bay:load=True:handoffs=0|H2:H2 cross-aisle carton transfer:Transport to work bay:load=True:handoffs=0|H3:H3 station scan and dispatch verification:Transport to work bay:load=False:handoffs=0|H4:H4 trolley supply transfer:Transport to work bay:load=True:handoffs=0|H5:H5 rack inspection and replenishment:Transport to work bay:load=False:handoffs=0|F1:F1 inbound pallet replenishment:Transport to work bay:load=True:handoffs=0|F2:F2 outbound pallet dispatch:Transport to work bay:load=True:handoffs=0"
8.0716,10,59,73,-24.0000,0.0500,-15.0000,286.2626,0.0000,0.0000,-24.0000,0.0000,-15.0000,0.0500,7,"","","8.871:0.050:10.570|-4.200:0.050:-10.112|-20.129:0.050:-15.590|21.750:0.050:-12.468|8.422:0.050:6.493","-0.096:0.000:-0.649|0.000:0.000:0.656|0.790:0.000:-0.127|-0.437:0.000:0.489|-0.002:0.000:-0.800","-8.681:0.050:10.049|-19.768:0.050:13.464","0.143:0.000:-1.056|0.986:0.000:-0.405",False,False,Idle,60.00,40.00,3.00,MultiAgentTraffic,"P1:True|P2:True|P3:True|D1:True|D2:True|D3:True","H1:H1 rack picking and carton handoff:Transport to work bay:load=True:handoffs=0|H2:H2 cross-aisle carton transfer:Transport to work bay:load=True:handoffs=0|H3:H3 station scan and dispatch verification:Transport to work bay:load=False:handoffs=0|H4:H4 trolley supply transfer:Transport to work bay:load=True:handoffs=0|H5:H5 rack inspection and replenishment:Transport to work bay:load=False:handoffs=0|F1:F1 inbound pallet replenishment:Transport to work bay:load=True:handoffs=0|F2:F2 outbound pallet dispatch:Transport to work bay:load=True:handoffs=0"
8.1755,10,59,74,-24.0000,0.0500,-15.0000,286.2626,0.0000,0.0000,-24.0000,0.0000,-15.0000,0.0500,7,"","","8.861:0.050:10.502|-4.200:0.050:-10.044|-20.047:0.050:-15.603|21.705:0.050:-12.418|8.422:0.050:6.410","-0.096:0.000:-0.649|0.000:0.000:0.656|0.790:0.000:-0.127|-0.437:0.000:0.489|-0.002:0.000:-0.800","-8.667:0.050:9.939|-19.666:0.050:13.422","0.143:0.000:-1.056|0.986:0.000:-0.405",False,False,Idle,60.00,40.00,3.00,MultiAgentTraffic,"P1:True|P2:True|P3:True|D1:True|D2:True|D3:True","H1:H1 rack picking and carton handoff:Transport to work bay:load=True:handoffs=0|H2:H2 cross-aisle carton transfer:Transport to work bay:load=True:handoffs=0|H3:H3 station scan and dispatch verification:Transport to work bay:load=False:handoffs=0|H4:H4 trolley supply transfer:Transport to work bay:load=True:handoffs=0|H5:H5 rack inspection and replenishment:Transport to work bay:load=False:handoffs=0|F1:F1 inbound pallet replenishment:Transport to work bay:load=True:handoffs=0|F2:F2 outbound pallet dispatch:Transport to work bay:load=True:handoffs=0"
8.2814,10,59,75,-24.0000,0.0500,-15.0000,286.2626,0.0000,0.0000,-24.0000,0.0000,-15.0000,0.0500,7,"","","8.851:0.050:10.434|-4.200:0.050:-9.974|-19.964:0.050:-15.616|21.658:0.050:-12.366|8.422:0.050:6.325","-0.096:0.000:-0.649|0.000:0.000:0.656|0.790:0.000:-0.127|-0.437:0.000:0.489|-0.002:0.000:-0.800","-8.651:0.050:9.827|-19.561:0.050:13.379","0.143:0.000:-1.056|0.986:0.000:-0.405",False,False,Idle,60.00,40.00,3.00,MultiAgentTraffic,"P1:True|P2:True|P3:True|D1:True|D2:True|D3:True","H1:H1 rack picking and carton handoff:Transport to work bay:load=True:handoffs=0|H2:H2 cross-aisle carton transfer:Transport to work bay:load=True:handoffs=0|H3:H3 station scan and dispatch verification:Transport to work bay:load=False:handoffs=0|H4:H4 trolley supply transfer:Transport to work bay:load=True:handoffs=0|H5:H5 rack inspection and replenishment:Transport to work bay:load=False:handoffs=0|F1:F1 inbound pallet replenishment:Transport to work bay:load=True:handoffs=0|F2:F2 outbound pallet dispatch:Transport to work bay:load=True:handoffs=0"
8.3928,10,59,76,-24.0000,0.0500,-15.0000,286.2626,0.0000,0.0000,-24.0000,0.0000,-15.0000,0.0500,7,"","","8.840:0.050:10.361|-4.200:0.050:-9.901|-19.876:0.050:-15.630|21.610:0.050:-12.311|8.422:0.050:6.236","-0.096:0.000:-0.649|0.000:0.000:0.656|0.790:0.000:-0.127|-0.437:0.000:0.489|-0.002:0.000:-0.800","-8.635:0.050:9.710|-19.451:0.050:13.334","0.143:0.000:-1.056|0.986:0.000:-0.405",False,False,Idle,60.00,40.00,3.00,MultiAgentTraffic,"P1:True|P2:True|P3:True|D1:True|D2:True|D3:True","H1:H1 rack picking and carton handoff:Transport to work bay:load=True:handoffs=0|H2:H2 cross-aisle carton transfer:Transport to work bay:load=True:handoffs=0|H3:H3 station scan and dispatch verification:Transport to work bay:load=False:handoffs=0|H4:H4 trolley supply transfer:Transport to work bay:load=True:handoffs=0|H5:H5 rack inspection and replenishment:Transport to work bay:load=False:handoffs=0|F1:F1 inbound pallet replenishment:Transport to work bay:load=True:handoffs=0|F2:F2 outbound pallet dispatch:Transport to work bay:load=True:handoffs=0"
8.5016,10,59,77,-24.0000,0.0500,-15.0000,286.2626,0.0000,0.0000,-24.0000,0.0000,-15.0000,0.0500,7,"","","8.830:0.050:10.291|-4.200:0.050:-9.830|-19.790:0.050:-15.644|21.562:0.050:-12.258|8.422:0.050:6.149","-0.096:0.000:-0.649|0.000:0.000:0.656|0.790:0.000:-0.127|-0.437:0.000:0.489|-0.002:0.000:-0.800","-8.620:0.050:9.595|-19.344:0.050:13.290","0.143:0.000:-1.056|0.986:0.000:-0.405",False,False,Idle,60.00,40.00,3.00,MultiAgentTraffic,"P1:True|P2:True|P3:True|D1:True|D2:True|D3:True","H1:H1 rack picking and carton handoff:Transport to work bay:load=True:handoffs=0|H2:H2 cross-aisle carton transfer:Transport to work bay:load=True:handoffs=0|H3:H3 station scan and dispatch verification:Transport to work bay:load=False:handoffs=0|H4:H4 trolley supply transfer:Transport to work bay:load=True:handoffs=0|H5:H5 rack inspection and replenishment:Transport to work bay:load=False:handoffs=0|F1:F1 inbound pallet replenishment:Transport to work bay:load=True:handoffs=0|F2:F2 outbound pallet dispatch:Transport to work bay:load=True:handoffs=0"
8.6085,10,59,78,-24.0000,0.0500,-15.0000,286.2626,0.0000,0.0000,-24.0000,0.0000,-15.0000,0.0500,7,"","","8.819:0.050:10.221|-4.200:0.050:-9.760|-19.705:0.050:-15.658|21.516:0.050:-12.206|8.421:0.050:6.063","-0.096:0.000:-0.649|0.000:0.000:0.656|0.790:0.000:-0.127|-0.437:0.000:0.489|-0.002:0.000:-0.800","-8.605:0.050:9.482|-19.239:0.050:13.247","0.143:0.000:-1.056|0.986:0.000:-0.405",False,False,Idle,60.00,40.00,3.00,MultiAgentTraffic,"P1:True|P2:True|P3:True|D1:True|D2:True|D3:True","H1:H1 rack picking and carton handoff:Transport to work bay:load=True:handoffs=0|H2:H2 cross-aisle carton transfer:Transport to work bay:load=True:handoffs=0|H3:H3 station scan and dispatch verification:Transport to work bay:load=False:handoffs=0|H4:H4 trolley supply transfer:Transport to work bay:load=True:handoffs=0|H5:H5 rack inspection and replenishment:Transport to work bay:load=False:handoffs=0|F1:F1 inbound pallet replenishment:Transport to work bay:load=True:handoffs=0|F2:F2 outbound pallet dispatch:Transport to work bay:load=True:handoffs=0"
8.7168,10,59,79,-24.0000,0.0500,-15.0000,286.2626,0.0000,0.0000,-24.0000,0.0000,-15.0000,0.0500,7,"","","8.809:0.050:10.151|-4.200:0.050:-9.689|-19.620:0.050:-15.671|21.468:0.050:-12.153|8.421:0.050:5.977","-0.096:0.000:-0.649|0.000:0.000:0.656|0.790:0.000:-0.127|-0.437:0.000:0.489|-0.002:0.000:-0.800","-8.589:0.050:9.367|-19.132:0.050:13.203","0.143:0.000:-1.056|0.986:0.000:-0.405",False,False,Idle,60.00,40.00,3.00,MultiAgentTraffic,"P1:True|P2:True|P3:True|D1:True|D2:True|D3:True","H1:H1 rack picking and carton handoff:Transport to work bay:load=True:handoffs=0|H2:H2 cross-aisle carton transfer:Transport to work bay:load=True:handoffs=0|H3:H3 station scan and dispatch verification:Transport to work bay:load=False:handoffs=0|H4:H4 trolley supply transfer:Transport to work bay:load=True:handoffs=0|H5:H5 rack inspection and replenishment:Transport to work bay:load=False:handoffs=0|F1:F1 inbound pallet replenishment:Transport to work bay:load=True:handoffs=0|F2:F2 outbound pallet dispatch:Transport to work bay:load=True:handoffs=0"
8.8222,10,59,80,-24.0000,0.0500,-15.0000,286.2626,0.0000,0.0000,-24.0000,0.0000,-15.0000,0.0500,7,"","","8.799:0.050:10.083|-4.200:0.050:-9.619|-19.536:0.050:-15.685|21.422:0.050:-12.101|8.421:0.050:5.892","-0.096:0.000:-0.649|0.000:0.000:0.656|0.790:0.000:-0.127|-0.437:0.000:0.489|-0.002:0.000:-0.800","-8.574:0.050:9.256|-19.028:0.050:13.160","0.143:0.000:-1.056|0.986:0.000:-0.405",False,False,Idle,60.00,40.00,3.00,MultiAgentTraffic,"P1:True|P2:True|P3:True|D1:True|D2:True|D3:True","H1:H1 rack picking and carton handoff:Transport to work bay:load=True:handoffs=0|H2:H2 cross-aisle carton transfer:Transport to work bay:load=True:handoffs=0|H3:H3 station scan and dispatch verification:Transport to work bay:load=False:handoffs=0|H4:H4 trolley supply transfer:Transport to work bay:load=True:handoffs=0|H5:H5 rack inspection and replenishment:Transport to work bay:load=False:handoffs=0|F1:F1 inbound pallet replenishment:Transport to work bay:load=True:handoffs=0|F2:F2 outbound pallet dispatch:Transport to work bay:load=True:handoffs=0"
8.9273,10,59,81,-24.0000,0.0500,-15.0000,286.2626,0.0000,0.0000,-24.0000,0.0000,-15.0000,0.0500,7,"","","8.789:0.050:10.015|-4.200:0.050:-9.550|-19.453:0.050:-15.698|21.376:0.050:-12.049|8.421:0.050:5.808","-0.096:0.000:-0.649|0.000:0.000:0.656|0.790:0.000:-0.127|-0.437:0.000:0.489|-0.002:0.000:-0.800","-8.559:0.050:9.145|-18.924:0.050:13.117","0.143:0.000:-1.056|0.986:0.000:-0.405",False,False,Idle,60.00,40.00,3.00,MultiAgentTraffic,"P1:True|P2:True|P3:True|D1:True|D2:True|D3:True","H1:H1 rack picking and carton handoff:Transport to work bay:load=True:handoffs=0|H2:H2 cross-aisle carton transfer:Transport to work bay:load=True:handoffs=0|H3:H3 station scan and dispatch verification:Transport to work bay:load=False:handoffs=0|H4:H4 trolley supply transfer:Transport to work bay:load=True:handoffs=0|H5:H5 rack inspection and replenishment:Transport to work bay:load=False:handoffs=0|F1:F1 inbound pallet replenishment:Transport to work bay:load=True:handoffs=0|F2:F2 outbound pallet dispatch:Transport to work bay:load=True:handoffs=0"
9.0312,10,59,82,-24.0000,0.0500,-15.0000,286.2626,0.0000,0.0000,-24.0000,0.0000,-15.0000,0.0500,7,"","","8.779:0.050:9.947|-4.200:0.050:-9.482|-19.371:0.050:-15.711|21.331:0.050:-11.999|8.421:0.050:5.725","-0.096:0.000:-0.649|0.000:0.000:0.656|0.790:0.000:-0.127|-0.437:0.000:0.489|-0.002:0.000:-0.800","-8.544:0.050:9.035|-18.822:0.050:13.075","0.143:0.000:-1.056|0.986:0.000:-0.405",False,False,Idle,60.00,40.00,3.00,MultiAgentTraffic,"P1:True|P2:True|P3:True|D1:True|D2:True|D3:True","H1:H1 rack picking and carton handoff:Transport to work bay:load=True:handoffs=0|H2:H2 cross-aisle carton transfer:Transport to work bay:load=True:handoffs=0|H3:H3 station scan and dispatch verification:Transport to work bay:load=False:handoffs=0|H4:H4 trolley supply transfer:Transport to work bay:load=True:handoffs=0|H5:H5 rack inspection and replenishment:Transport to work bay:load=False:handoffs=0|F1:F1 inbound pallet replenishment:Transport to work bay:load=True:handoffs=0|F2:F2 outbound pallet dispatch:Transport to work bay:load=True:handoffs=0"
9.1460,10,59,83,-24.0000,0.0500,-15.0000,286.2626,0.0000,0.0000,-24.0000,0.0000,-15.0000,0.0500,7,"","","8.768:0.050:9.873|-4.200:0.050:-9.407|-19.281:0.050:-15.726|21.281:0.050:-11.942|8.420:0.050:5.633","-0.096:0.000:-0.649|0.000:0.000:0.656|0.790:0.000:-0.127|-0.437:0.000:0.489|-0.002:0.000:-0.800","-8.528:0.050:8.914|-18.709:0.050:13.029","0.143:0.000:-1.056|0.986:0.000:-0.405",False,False,Idle,60.00,40.00,3.00,MultiAgentTraffic,"P1:True|P2:True|P3:True|D1:True|D2:True|D3:True","H1:H1 rack picking and carton handoff:Transport to work bay:load=True:handoffs=0|H2:H2 cross-aisle carton transfer:Transport to work bay:load=True:handoffs=0|H3:H3 station scan and dispatch verification:Transport to work bay:load=False:handoffs=0|H4:H4 trolley supply transfer:Transport to work bay:load=True:handoffs=0|H5:H5 rack inspection and replenishment:Transport to work bay:load=False:handoffs=0|F1:F1 inbound pallet replenishment:Transport to work bay:load=True:handoffs=0|F2:F2 outbound pallet dispatch:Transport to work bay:load=True:handoffs=0"
9.2464,10,59,84,-24.0000,0.0500,-15.0000,286.2626,0.0000,0.0000,-24.0000,0.0000,-15.0000,0.0500,7,"","","8.758:0.050:9.808|-4.200:0.050:-9.341|-19.201:0.050:-15.738|21.237:0.050:-11.893|8.420:0.050:5.553","-0.096:0.000:-0.649|0.000:0.000:0.656|0.790:0.000:-0.127|-0.437:0.000:0.489|-0.002:0.000:-0.800","-8.513:0.050:8.808|-18.610:0.050:12.988","0.143:0.000:-1.056|0.986:0.000:-0.405",False,False,Idle,60.00,40.00,3.00,MultiAgentTraffic,"P1:True|P2:True|P3:True|D1:True|D2:True|D3:True","H1:H1 rack picking and carton handoff:Transport to work bay:load=True:handoffs=0|H2:H2 cross-aisle carton transfer:Transport to work bay:load=True:handoffs=0|H3:H3 station scan and dispatch verification:Transport to work bay:load=False:handoffs=0|H4:H4 trolley supply transfer:Transport to work bay:load=True:handoffs=0|H5:H5 rack inspection and replenishment:Transport to work bay:load=False:handoffs=0|F1:F1 inbound pallet replenishment:Transport to work bay:load=True:handoffs=0|F2:F2 outbound pallet dispatch:Transport to work bay:load=True:handoffs=0"
9.3518,10,59,85,-24.0000,0.0500,-15.0000,286.2626,0.0000,0.0000,-24.0000,0.0000,-15.0000,0.0500,7,"","","8.748:0.050:9.739|-4.200:0.050:-9.272|-19.118:0.050:-15.752|21.191:0.050:-11.842|8.420:0.050:5.469","-0.096:0.000:-0.649|0.000:0.000:0.656|0.790:0.000:-0.127|-0.437:0.000:0.489|-0.002:0.000:-0.800","-8.498:0.050:8.697|-18.506:0.050:12.946","0.143:0.000:-1.056|0.986:0.000:-0.405",False,False,Idle,60.00,40.00,3.00,MultiAgentTraffic,"P1:True|P2:True|P3:True|D1:True|D2:True|D3:True","H1:H1 rack picking and carton handoff:Transport to work bay:load=True:handoffs=0|H2:H2 cross-aisle carton transfer:Transport to work bay:load=True:handoffs=0|H3:H3 station scan and dispatch verification:Transport to work bay:load=False:handoffs=0|H4:H4 trolley supply transfer:Transport to work bay:load=True:handoffs=0|H5:H5 rack inspection and replenishment:Transport to work bay:load=False:handoffs=0|F1:F1 inbound pallet replenishment:Transport to work bay:load=True:handoffs=0|F2:F2 outbound pallet dispatch:Transport to work bay:load=True:handoffs=0"
9.4555,10,59,86,-24.0000,0.0500,-15.0000,286.2626,0.0000,0.0000,-24.0000,0.0000,-15.0000,0.0500,7,"","","8.738:0.050:9.672|-4.200:0.050:-9.204|-19.036:0.050:-15.765|21.146:0.050:-11.791|8.420:0.050:5.386","-0.096:0.000:-0.649|0.000:0.000:0.656|0.790:0.000:-0.127|-0.437:0.000:0.489|-0.002:0.000:-0.800","-8.483:0.050:8.587|-18.403:0.050:12.904","0.143:0.000:-1.056|0.986:0.000:-0.405",False,False,Idle,60.00,40.00,3.00,MultiAgentTraffic,"P1:True|P2:True|P3:True|D1:True|D2:True|D3:True","H1:H1 rack picking and carton handoff:Transport to work bay:load=True:handoffs=0|H2:H2 cross-aisle carton transfer:Transport to work bay:load=True:handoffs=0|H3:H3 station scan and dispatch verification:Transport to work bay:load=False:handoffs=0|H4:H4 trolley supply transfer:Transport to work bay:load=True:handoffs=0|H5:H5 rack inspection and replenishment:Transport to work bay:load=False:handoffs=0|F1:F1 inbound pallet replenishment:Transport to work bay:load=True:handoffs=0|F2:F2 outbound pallet dispatch:Transport to work bay:load=True:handoffs=0"
9.5603,10,59,87,-24.0000,0.0500,-15.0000,286.2626,0.0000,0.0000,-24.0000,0.0000,-15.0000,0.0500,7,"","","8.728:0.050:9.604|-4.200:0.050:-9.135|-18.953:0.050:-15.778|21.100:0.050:-11.740|8.420:0.050:5.302","-0.096:0.000:-0.649|0.000:0.000:0.656|0.790:0.000:-0.127|-0.437:0.000:0.489|-0.002:0.000:-0.800","-8.468:0.050:8.476|-18.300:0.050:12.861","0.143:0.000:-1.056|0.986:0.000:-0.405",False,False,Idle,60.00,40.00,3.00,MultiAgentTraffic,"P1:True|P2:True|P3:True|D1:True|D2:True|D3:True","H1:H1 rack picking and carton handoff:Transport to work bay:load=True:handoffs=0|H2:H2 cross-aisle carton transfer:Transport to work bay:load=True:handoffs=0|H3:H3 station scan and dispatch verification:Transport to work bay:load=False:handoffs=0|H4:H4 trolley supply transfer:Transport to work bay:load=True:handoffs=0|H5:H5 rack inspection and replenishment:Transport to work bay:load=False:handoffs=0|F1:F1 inbound pallet replenishment:Transport to work bay:load=True:handoffs=0|F2:F2 outbound pallet dispatch:Transport to work bay:load=True:handoffs=0"
9.6653,10,59,88,-24.0000,0.0500,-15.0000,286.2626,0.0000,0.0000,-24.0000,0.0000,-15.0000,0.0500,7,"","","8.718:0.050:9.536|-4.200:0.050:-9.066|-18.870:0.050:-15.791|21.054:0.050:-11.688|8.420:0.050:5.218","-0.096:0.000:-0.649|0.000:0.000:0.656|0.790:0.000:-0.127|-0.437:0.000:0.489|-0.002:0.000:-0.800","-8.453:0.050:8.365|-18.197:0.050:12.819","0.143:0.000:-1.056|0.986:0.000:-0.405",False,False,Idle,60.00,40.00,3.00,MultiAgentTraffic,"P1:True|P2:True|P3:True|D1:True|D2:True|D3:True","H1:H1 rack picking and carton handoff:Transport to work bay:load=True:handoffs=0|H2:H2 cross-aisle carton transfer:Transport to work bay:load=True:handoffs=0|H3:H3 station scan and dispatch verification:Transport to work bay:load=False:handoffs=0|H4:H4 trolley supply transfer:Transport to work bay:load=True:handoffs=0|H5:H5 rack inspection and replenishment:Transport to work bay:load=False:handoffs=0|F1:F1 inbound pallet replenishment:Transport to work bay:load=True:handoffs=0|F2:F2 outbound pallet dispatch:Transport to work bay:load=True:handoffs=0"
9.7789,10,59,89,-24.0000,0.0500,-15.0000,286.2626,0.0000,0.0000,-24.0000,0.0000,-15.0000,0.0500,7,"","","8.707:0.050:9.462|-4.200:0.050:-8.992|-18.781:0.050:-15.806|21.004:0.050:-11.633|8.419:0.050:5.127","-0.096:0.000:-0.649|0.000:0.000:0.656|0.790:0.000:-0.127|-0.437:0.000:0.489|-0.002:0.000:-0.800","-8.437:0.050:8.245|-18.085:0.050:12.773","0.143:0.000:-1.056|0.986:0.000:-0.405",False,False,Idle,60.00,40.00,3.00,MultiAgentTraffic,"P1:True|P2:True|P3:True|D1:True|D2:True|D3:True","H1:H1 rack picking and carton handoff:Transport to work bay:load=True:handoffs=0|H2:H2 cross-aisle carton transfer:Transport to work bay:load=True:handoffs=0|H3:H3 station scan and dispatch verification:Transport to work bay:load=False:handoffs=0|H4:H4 trolley supply transfer:Transport to work bay:load=True:handoffs=0|H5:H5 rack inspection and replenishment:Transport to work bay:load=False:handoffs=0|F1:F1 inbound pallet replenishment:Transport to work bay:load=True:handoffs=0|F2:F2 outbound pallet dispatch:Transport to work bay:load=True:handoffs=0"
9.8902,10,59,90,-24.0000,0.0500,-15.0000,286.2626,0.0000,0.0000,-24.0000,0.0000,-15.0000,0.0500,7,"","","8.696:0.050:9.390|-4.200:0.050:-8.919|-18.693:0.050:-15.820|20.956:0.050:-11.578|8.419:0.050:5.038","-0.096:0.000:-0.649|0.000:0.000:0.656|0.790:0.000:-0.127|-0.437:0.000:0.489|-0.002:0.000:-0.800","-8.421:0.050:8.128|-17.975:0.050:12.728","0.143:0.000:-1.056|0.986:0.000:-0.405",False,False,Idle,60.00,40.00,3.00,MultiAgentTraffic,"P1:True|P2:True|P3:True|D1:True|D2:True|D3:True","H1:H1 rack picking and carton handoff:Transport to work bay:load=True:handoffs=0|H2:H2 cross-aisle carton transfer:Transport to work bay:load=True:handoffs=0|H3:H3 station scan and dispatch verification:Transport to work bay:load=False:handoffs=0|H4:H4 trolley supply transfer:Transport to work bay:load=True:handoffs=0|H5:H5 rack inspection and replenishment:Transport to work bay:load=False:handoffs=0|F1:F1 inbound pallet replenishment:Transport to work bay:load=True:handoffs=0|F2:F2 outbound pallet dispatch:Transport to work bay:load=True:handoffs=0"
10.0002,10,59,91,-24.0000,0.0500,-15.0000,286.2626,0.0000,0.0000,-24.0000,0.0000,-15.0000,0.0500,7,"","","8.685:0.050:9.318|-4.200:0.050:-8.847|-18.606:0.050:-15.834|20.908:0.050:-11.524|8.419:0.050:4.950","-0.096:0.000:-0.649|0.000:0.000:0.656|0.790:0.000:-0.127|-0.437:0.000:0.489|-0.002:0.000:-0.800","-8.405:0.050:8.012|-17.866:0.050:12.683","0.143:0.000:-1.056|0.986:0.000:-0.405",False,False,Idle,60.00,40.00,3.00,MultiAgentTraffic,"P1:True|P2:True|P3:True|D1:True|D2:True|D3:True","H1:H1 rack picking and carton handoff:Transport to work bay:load=True:handoffs=0|H2:H2 cross-aisle carton transfer:Transport to work bay:load=True:handoffs=0|H3:H3 station scan and dispatch verification:Transport to work bay:load=False:handoffs=0|H4:H4 trolley supply transfer:Transport to work bay:load=True:handoffs=0|H5:H5 rack inspection and replenishment:Transport to work bay:load=False:handoffs=0|F1:F1 inbound pallet replenishment:Transport to work bay:load=True:handoffs=0|F2:F2 outbound pallet dispatch:Transport to work bay:load=True:handoffs=0"
10.1037,10,59,92,-24.0000,0.0500,-15.0000,286.2626,0.0000,0.0000,-24.0000,0.0000,-15.0000,0.0500,7,"","","8.675:0.050:9.251|-4.200:0.050:-8.779|-18.524:0.050:-15.847|20.863:0.050:-11.474|8.419:0.050:4.867","-0.096:0.000:-0.649|0.000:0.000:0.656|0.790:0.000:-0.127|-0.437:0.000:0.489|-0.002:0.000:-0.800","-8.390:0.050:7.902|-17.764:0.050:12.641","0.143:0.000:-1.056|0.986:0.000:-0.405",False,False,Idle,60.00,40.00,3.00,MultiAgentTraffic,"P1:True|P2:True|P3:True|D1:True|D2:True|D3:True","H1:H1 rack picking and carton handoff:Transport to work bay:load=True:handoffs=0|H2:H2 cross-aisle carton transfer:Transport to work bay:load=True:handoffs=0|H3:H3 station scan and dispatch verification:Transport to work bay:load=False:handoffs=0|H4:H4 trolley supply transfer:Transport to work bay:load=True:handoffs=0|H5:H5 rack inspection and replenishment:Transport to work bay:load=False:handoffs=0|F1:F1 inbound pallet replenishment:Transport to work bay:load=True:handoffs=0|F2:F2 outbound pallet dispatch:Transport to work bay:load=True:handoffs=0"
10.2241,10,59,93,-24.0000,0.0500,-15.0000,286.2626,0.0000,0.0000,-24.0000,0.0000,-15.0000,0.0500,7,"","","8.664:0.050:9.173|-4.200:0.050:-8.700|-18.429:0.050:-15.862|20.810:0.050:-11.415|8.419:0.050:4.771","-0.096:0.000:-0.649|0.000:0.000:0.656|0.790:0.000:-0.127|-0.437:0.000:0.489|-0.002:0.000:-0.800","-8.373:0.050:7.775|-17.646:0.050:12.592","0.143:0.000:-1.056|0.986:0.000:-0.405",False,False,Idle,60.00,40.00,3.00,MultiAgentTraffic,"P1:True|P2:True|P3:True|D1:True|D2:True|D3:True","H1:H1 rack picking and carton handoff:Transport to work bay:load=True:handoffs=0|H2:H2 cross-aisle carton transfer:Transport to work bay:load=True:handoffs=0|H3:H3 station scan and dispatch verification:Transport to work bay:load=False:handoffs=0|H4:H4 trolley supply transfer:Transport to work bay:load=True:handoffs=0|H5:H5 rack inspection and replenishment:Transport to work bay:load=False:handoffs=0|F1:F1 inbound pallet replenishment:Transport to work bay:load=True:handoffs=0|F2:F2 outbound pallet dispatch:Transport to work bay:load=True:handoffs=0"
10.3327,10,59,94,-24.0000,0.0500,-15.0000,286.2626,0.0000,0.0000,-24.0000,0.0000,-15.0000,0.0500,7,"","","8.653:0.050:9.103|-4.200:0.050:-8.629|-18.343:0.050:-15.876|20.763:0.050:-11.362|8.419:0.050:4.684","-0.096:0.000:-0.649|0.000:0.000:0.656|0.790:0.000:-0.127|-0.437:0.000:0.489|-0.002:0.000:-0.800","-8.358:0.050:7.660|-17.538:0.050:12.548","0.143:0.000:-1.056|0.986:0.000:-0.405",False,False,Idle,60.00,40.00,3.00,MultiAgentTraffic,"P1:True|P2:True|P3:True|D1:True|D2:True|D3:True","H1:H1 rack picking and carton handoff:Transport to work bay:load=True:handoffs=0|H2:H2 cross-aisle carton transfer:Transport to work bay:load=True:handoffs=0|H3:H3 station scan and dispatch verification:Transport to work bay:load=False:handoffs=0|H4:H4 trolley supply transfer:Transport to work bay:load=True:handoffs=0|H5:H5 rack inspection and replenishment:Transport to work bay:load=False:handoffs=0|F1:F1 inbound pallet replenishment:Transport to work bay:load=True:handoffs=0|F2:F2 outbound pallet dispatch:Transport to work bay:load=True:handoffs=0"
10.4329,10,59,95,-24.0000,0.0500,-15.0000,286.2626,0.0000,0.0000,-24.0000,0.0000,-15.0000,0.0500,7,"","","8.644:0.050:9.038|-4.200:0.050:-8.563|-18.264:0.050:-15.889|20.719:0.050:-11.313|8.418:0.050:4.604","-0.096:0.000:-0.649|0.000:0.000:0.656|0.790:0.000:-0.127|-0.437:0.000:0.489|-0.002:0.000:-0.800","-8.343:0.050:7.555|-17.440:0.050:12.508","0.143:0.000:-1.056|0.986:0.000:-0.405",False,False,Idle,60.00,40.00,3.00,MultiAgentTraffic,"P1:True|P2:True|P3:True|D1:True|D2:True|D3:True","H1:H1 rack picking and carton handoff:Transport to work bay:load=True:handoffs=0|H2:H2 cross-aisle carton transfer:Transport to work bay:load=True:handoffs=0|H3:H3 station scan and dispatch verification:Transport to work bay:load=False:handoffs=0|H4:H4 trolley supply transfer:Transport to work bay:load=True:handoffs=0|H5:H5 rack inspection and replenishment:Transport to work bay:load=False:handoffs=0|F1:F1 inbound pallet replenishment:Transport to work bay:load=True:handoffs=0|F2:F2 outbound pallet dispatch:Transport to work bay:load=True:handoffs=0"
10.5378,10,59,96,-24.0000,0.0500,-15.0000,286.2626,0.0000,0.0000,-24.0000,0.0000,-15.0000,0.0500,7,"","","8.633:0.050:8.970|-4.200:0.050:-8.494|-18.181:0.050:-15.902|20.673:0.050:-11.261|8.418:0.050:4.520","-0.096:0.000:-0.649|0.000:0.000:0.656|0.790:0.000:-0.127|-0.437:0.000:0.489|-0.002:0.000:-0.800","-8.328:0.050:7.444|-17.336:0.050:12.465","0.143:0.000:-1.056|0.986:0.000:-0.405",False,False,Idle,60.00,40.00,3.00,MultiAgentTraffic,"P1:True|P2:True|P3:True|D1:True|D2:True|D3:True","H1:H1 rack picking and carton handoff:Transport to work bay:load=True:handoffs=0|H2:H2 cross-aisle carton transfer:Transport to work bay:load=True:handoffs=0|H3:H3 station scan and dispatch verification:Transport to work bay:load=False:handoffs=0|H4:H4 trolley supply transfer:Transport to work bay:load=True:handoffs=0|H5:H5 rack inspection and replenishment:Transport to work bay:load=False:handoffs=0|F1:F1 inbound pallet replenishment:Transport to work bay:load=True:handoffs=0|F2:F2 outbound pallet dispatch:Transport to work bay:load=True:handoffs=0"
10.6384,10,59,97,-24.0000,0.0500,-15.0000,286.2626,0.0000,0.0000,-24.0000,0.0000,-15.0000,0.0500,7,"","","8.619:0.050:8.914|-4.200:0.050:-8.428|-18.102:0.050:-15.915|20.629:0.050:-11.212|8.418:0.050:4.439","-0.182:0.000:-0.453|0.000:0.000:0.656|0.790:0.000:-0.127|-0.437:0.000:0.489|-0.002:0.000:-0.800","-8.314:0.050:7.337|-17.237:0.050:12.425","0.143:0.000:-1.056|0.986:0.000:-0.405",False,False,Idle,60.00,40.00,3.00,MultiAgentTraffic,"P1:True|P2:True|P3:True|D1:True|D2:True|D3:True","H1:H1 rack picking and carton handoff:Transport to work bay:load=True:handoffs=0|H2:H2 cross-aisle carton transfer:Transport to work bay:load=True:handoffs=0|H3:H3 station scan and dispatch verification:Transport to work bay:load=False:handoffs=0|H4:H4 trolley supply transfer:Transport to work bay:load=True:handoffs=0|H5:H5 rack inspection and replenishment:Transport to work bay:load=False:handoffs=0|F1:F1 inbound pallet replenishment:Transport to work bay:load=True:handoffs=0|F2:F2 outbound pallet dispatch:Transport to work bay:load=True:handoffs=0"
10.7466,10,59,98,-24.0000,0.0500,-15.0000,286.2626,0.0000,0.0000,-24.0000,0.0000,-15.0000,0.0500,7,"","","8.599:0.050:8.880|-4.200:0.050:-8.357|-18.016:0.050:-15.928|20.582:0.050:-11.159|8.418:0.050:4.353","-0.172:0.000:-0.211|0.000:0.000:0.656|0.790:0.000:-0.127|-0.437:0.000:0.489|-0.002:0.000:-0.800","-8.298:0.050:7.223|-17.130:0.050:12.381","0.143:0.000:-1.056|0.986:0.000:-0.405",False,False,Idle,60.00,40.00,3.00,MultiAgentTraffic,"P1:True|P2:True|P3:True|D1:True|D2:True|D3:True","H1:H1 rack picking and carton handoff:Transport to work bay:load=True:handoffs=0|H2:H2 cross-aisle carton transfer:Transport to work bay:load=True:handoffs=0|H3:H3 station scan and dispatch verification:Transport to work bay:load=False:handoffs=0|H4:H4 trolley supply transfer:Transport to work bay:load=True:handoffs=0|H5:H5 rack inspection and replenishment:Transport to work bay:load=False:handoffs=0|F1:F1 inbound pallet replenishment:Transport to work bay:load=True:handoffs=0|F2:F2 outbound pallet dispatch:Transport to work bay:load=True:handoffs=0"
10.8496,10,59,99,-24.0000,0.0500,-15.0000,286.2626,0.0000,0.0000,-24.0000,0.0000,-15.0000,0.0500,7,"","","8.576:0.050:8.860|-4.200:0.050:-8.289|-17.935:0.050:-15.941|20.537:0.050:-11.109|8.418:0.050:4.270","-0.270:0.000:-0.185|0.000:0.000:0.656|0.790:0.000:-0.127|-0.437:0.000:0.489|-0.002:0.000:-0.800","-8.284:0.050:7.114|-17.029:0.050:12.339","0.143:0.000:-1.056|0.986:0.000:-0.405",False,False,Idle,60.00,40.00,3.00,MultiAgentTraffic,"P1:True|P2:True|P3:True|D1:True|D2:True|D3:True","H1:H1 rack picking and carton handoff:Transport to work bay:load=True:handoffs=0|H2:H2 cross-aisle carton transfer:Transport to work bay:load=True:handoffs=0|H3:H3 station scan and dispatch verification:Transport to work bay:load=False:handoffs=0|H4:H4 trolley supply transfer:Transport to work bay:load=True:handoffs=0|H5:H5 rack inspection and replenishment:Transport to work bay:load=False:handoffs=0|F1:F1 inbound pallet replenishment:Transport to work bay:load=True:handoffs=0|F2:F2 outbound pallet dispatch:Transport to work bay:load=True:handoffs=0"
10.9575,10,59,100,-24.0000,0.0500,-15.0000,286.2626,0.0000,0.0000,-24.0000,0.0000,-15.0000,0.0500,7,"","","8.539:0.050:8.844|-4.200:0.050:-8.219|-17.850:0.050:-15.955|20.490:0.050:-11.056|8.418:0.050:4.184","-0.395:0.000:-0.122|0.000:0.000:0.656|0.790:0.000:-0.127|-0.437:0.000:0.489|-0.002:0.000:-0.800","-8.268:0.050:7.000|-16.922:0.050:12.295","0.143:0.000:-1.056|0.986:0.000:-0.405",False,False,Idle,60.00,40.00,3.00,MultiAgentTraffic,"P1:True|P2:True|P3:True|D1:True|D2:True|D3:True","H1:H1 rack picking and carton handoff:Transport to work bay:load=True:handoffs=0|H2:H2 cross-aisle carton transfer:Transport to work bay:load=True:handoffs=0|H3:H3 station scan and dispatch verification:Transport to work bay:load=False:handoffs=0|H4:H4 trolley supply transfer:Transport to work bay:load=True:handoffs=0|H5:H5 rack inspection and replenishment:Transport to work bay:load=False:handoffs=0|F1:F1 inbound pallet replenishment:Transport to work bay:load=True:handoffs=0|F2:F2 outbound pallet dispatch:Transport to work bay:load=True:handoffs=0"
11.0708,10,59,101,-24.0000,0.0500,-15.0000,286.2626,0.0000,0.0000,-24.0000,0.0000,-15.0000,0.0500,7,"","","8.487:0.050:8.836|-4.200:0.050:-8.144|-17.760:0.050:-15.969|20.440:0.050:-11.000|8.417:0.050:4.093","-0.502:0.000:-0.047|0.000:0.000:0.656|0.790:0.000:-0.127|-0.437:0.000:0.489|-0.002:0.000:-0.800","-8.252:0.050:6.881|-16.811:0.050:12.249","0.143:0.000:-1.056|0.986:0.000:-0.405",False,False,Idle,60.00,40.00,3.00,MultiAgentTraffic,"P1:True|P2:True|P3:True|D1:True|D2:True|D3:True","H1:H1 rack picking and carton handoff:Transport to work bay:load=True:handoffs=0|H2:H2 cross-aisle carton transfer:Transport to work bay:load=True:handoffs=0|H3:H3 station scan and dispatch verification:Transport to work bay:load=False:handoffs=0|H4:H4 trolley supply transfer:Transport to work bay:load=True:handoffs=0|H5:H5 rack inspection and replenishment:Transport to work bay:load=False:handoffs=0|F1:F1 inbound pallet replenishment:Transport to work bay:load=True:handoffs=0|F2:F2 outbound pallet dispatch:Transport to work bay:load=True:handoffs=0"
11.1749,10,59,102,-24.0000,0.0500,-15.0000,286.2626,0.0000,0.0000,-24.0000,0.0000,-15.0000,0.0500,7,"","","8.429:0.050:8.831|-4.200:0.050:-8.076|-17.678:0.050:-15.983|20.395:0.050:-10.949|8.417:0.050:4.010","-0.585:0.000:-0.055|0.000:0.000:0.656|0.790:0.000:-0.127|-0.437:0.000:0.489|-0.002:0.000:-0.800","-8.237:0.050:6.771|-16.708:0.050:12.207","0.143:0.000:-1.056|0.986:0.000:-0.405",False,False,Idle,60.00,40.00,3.00,MultiAgentTraffic,"P1:True|P2:True|P3:True|D1:True|D2:True|D3:True","H1:H1 rack picking and carton handoff:Transport to work bay:load=True:handoffs=0|H2:H2 cross-aisle carton transfer:Transport to work bay:load=True:handoffs=0|H3:H3 station scan and dispatch verification:Transport to work bay:load=False:handoffs=0|H4:H4 trolley supply transfer:Transport to work bay:load=True:handoffs=0|H5:H5 rack inspection and replenishment:Transport to work bay:load=False:handoffs=0|F1:F1 inbound pallet replenishment:Transport to work bay:load=True:handoffs=0|F2:F2 outbound pallet dispatch:Transport to work bay:load=True:handoffs=0"
11.2906,10,59,103,-24.0000,0.0500,-15.0000,286.2626,0.0000,0.0000,-24.0000,0.0000,-15.0000,0.0500,7,"","","8.356:0.050:8.824|-4.200:0.050:-8.000|-17.587:0.050:-15.997|20.344:0.050:-10.893|8.417:0.050:3.918","-0.653:0.000:-0.061|0.000:0.000:0.656|0.790:0.000:-0.127|-0.437:0.000:0.489|-0.002:0.000:-0.800","-8.220:0.050:6.649|-16.594:0.050:12.160","0.143:0.000:-1.056|0.986:0.000:-0.405",False,False,Idle,60.00,40.00,3.00,MultiAgentTraffic,"P1:True|P2:True|P3:True|D1:True|D2:True|D3:True","H1:H1 rack picking and carton handoff:Transport to work bay:load=True:handoffs=0|H2:H2 cross-aisle carton transfer:Transport to work bay:load=True:handoffs=0|H3:H3 station scan and dispatch verification:Transport to work bay:load=False:handoffs=0|H4:H4 trolley supply transfer:Transport to work bay:load=True:handoffs=0|H5:H5 rack inspection and replenishment:Transport to work bay:load=False:handoffs=0|F1:F1 inbound pallet replenishment:Transport to work bay:load=True:handoffs=0|F2:F2 outbound pallet dispatch:Transport to work bay:load=True:handoffs=0"
11.4030,10,59,104,-24.0000,0.0500,-15.0000,286.2626,0.0000,0.0000,-24.0000,0.0000,-15.0000,0.0500,7,"","","8.283:0.050:8.817|-4.200:0.050:-7.926|-17.498:0.050:-16.012|20.295:0.050:-10.838|8.417:0.050:3.828","-0.653:0.000:-0.061|0.000:0.000:0.656|0.790:0.000:-0.127|-0.437:0.000:0.489|-0.002:0.000:-0.800","-8.204:0.050:6.530|-16.483:0.050:12.115","0.143:0.000:-1.056|0.986:0.000:-0.405",False,False,Idle,60.00,40.00,3.00,MultiAgentTraffic,"P1:True|P2:True|P3:True|D1:True|D2:True|D3:True","H1:H1 rack picking and carton handoff:Transport to work bay:load=True:handoffs=0|H2:H2 cross-aisle carton transfer:Transport to work bay:load=True:handoffs=0|H3:H3 station scan and dispatch verification:Transport to work bay:load=False:handoffs=0|H4:H4 trolley supply transfer:Transport to work bay:load=True:handoffs=0|H5:H5 rack inspection and replenishment:Transport to work bay:load=False:handoffs=0|F1:F1 inbound pallet replenishment:Transport to work bay:load=True:handoffs=0|F2:F2 outbound pallet dispatch:Transport to work bay:load=True:handoffs=0"
11.5187,10,59,105,-24.0000,0.0500,-15.0000,286.2626,0.0000,0.0000,-24.0000,0.0000,-15.0000,0.0500,7,"","","8.207:0.050:8.810|-4.200:0.050:-7.851|-17.406:0.050:-16.026|20.245:0.050:-10.781|8.417:0.050:3.735","-0.653:0.000:-0.061|0.000:0.000:0.656|0.790:0.000:-0.127|-0.437:0.000:0.489|-0.002:0.000:-0.800","-8.188:0.050:6.408|-16.369:0.050:12.068","0.143:0.000:-1.056|0.986:0.000:-0.405",False,False,Idle,60.00,40.00,3.00,MultiAgentTraffic,"P1:True|P2:True|P3:True|D1:True|D2:True|D3:True","H1:H1 rack picking and carton handoff:Transport to work bay:load=True:handoffs=0|H2:H2 cross-aisle carton transfer:Transport to work bay:load=True:handoffs=0|H3:H3 station scan and dispatch verification:Transport to work bay:load=False:handoffs=0|H4:H4 trolley supply transfer:Transport to work bay:load=True:handoffs=0|H5:H5 rack inspection and replenishment:Transport to work bay:load=False:handoffs=0|F1:F1 inbound pallet replenishment:Transport to work bay:load=True:handoffs=0|F2:F2 outbound pallet dispatch:Transport to work bay:load=True:handoffs=0"
11.6252,10,59,106,-24.0000,0.0500,-15.0000,286.2626,0.0000,0.0000,-24.0000,0.0000,-15.0000,0.0500,7,"","","8.137:0.050:8.804|-4.200:0.050:-7.781|-17.322:0.050:-16.040|20.198:0.050:-10.729|8.416:0.050:3.650","-0.653:0.000:-0.061|0.000:0.000:0.656|0.790:0.000:-0.127|-0.437:0.000:0.489|-0.002:0.000:-0.800","-8.173:0.050:6.295|-16.264:0.050:12.025","0.143:0.000:-1.056|0.986:0.000:-0.405",False,False,Idle,60.00,40.00,3.00,MultiAgentTraffic,"P1:True|P2:True|P3:True|D1:True|D2:True|D3:True","H1:H1 rack picking and carton handoff:Transport to work bay:load=True:handoffs=0|H2:H2 cross-aisle carton transfer:Transport to work bay:load=True:handoffs=0|H3:H3 station scan and dispatch verification:Transport to work bay:load=False:handoffs=0|H4:H4 trolley supply transfer:Transport to work bay:load=True:handoffs=0|H5:H5 rack inspection and replenishment:Transport to work bay:load=False:handoffs=0|F1:F1 inbound pallet replenishment:Transport to work bay:load=True:handoffs=0|F2:F2 outbound pallet dispatch:Transport to work bay:load=True:handoffs=0"
11.7342,10,59,107,-24.0000,0.0500,-15.0000,286.2626,0.0000,0.0000,-24.0000,0.0000,-15.0000,0.0500,7,"","","8.066:0.050:8.797|-4.200:0.050:-7.709|-17.236:0.050:-16.053|20.150:0.050:-10.676|8.416:0.050:3.563","-0.653:0.000:-0.061|0.000:0.000:0.656|0.790:0.000:-0.127|-0.437:0.000:0.489|-0.002:0.000:-0.800","-8.157:0.050:6.180|-16.157:0.050:11.981","0.143:0.000:-1.056|0.986:0.000:-0.405",False,False,Idle,60.00,40.00,3.00,MultiAgentTraffic,"P1:True|P2:True|P3:True|D1:True|D2:True|D3:True","H1:H1 rack picking and carton handoff:Transport to work bay:load=True:handoffs=0|H2:H2 cross-aisle carton transfer:Transport to work bay:load=True:handoffs=0|H3:H3 station scan and dispatch verification:Transport to work bay:load=False:handoffs=0|H4:H4 trolley supply transfer:Transport to work bay:load=True:handoffs=0|H5:H5 rack inspection and replenishment:Transport to work bay:load=False:handoffs=0|F1:F1 inbound pallet replenishment:Transport to work bay:load=True:handoffs=0|F2:F2 outbound pallet dispatch:Transport to work bay:load=True:handoffs=0"
11.8493,10,59,108,-24.0000,0.0500,-15.0000,286.2626,0.0000,0.0000,-24.0000,0.0000,-15.0000,0.0500,7,"","","7.991:0.050:8.790|-4.200:0.050:-7.634|-17.145:0.050:-16.068|20.100:0.050:-10.619|8.416:0.050:3.471","-0.653:0.000:-0.061|0.000:0.000:0.656|0.790:0.000:-0.127|-0.437:0.000:0.489|-0.002:0.000:-0.800","-8.140:0.050:6.058|-16.043:0.050:11.934","0.143:0.000:-1.056|0.986:0.000:-0.405",False,False,Idle,60.00,40.00,3.00,MultiAgentTraffic,"P1:True|P2:True|P3:True|D1:True|D2:True|D3:True","H1:H1 rack picking and carton handoff:Transport to work bay:load=True:handoffs=0|H2:H2 cross-aisle carton transfer:Transport to work bay:load=True:handoffs=0|H3:H3 station scan and dispatch verification:Transport to work bay:load=False:handoffs=0|H4:H4 trolley supply transfer:Transport to work bay:load=True:handoffs=0|H5:H5 rack inspection and replenishment:Transport to work bay:load=False:handoffs=0|F1:F1 inbound pallet replenishment:Transport to work bay:load=True:handoffs=0|F2:F2 outbound pallet dispatch:Transport to work bay:load=True:handoffs=0"
11.9692,10,59,109,-24.0000,0.0500,-15.0000,286.2626,0.0000,0.0000,-24.0000,0.0000,-15.0000,0.0500,7,"","","7.913:0.050:8.783|-4.200:0.050:-7.555|-17.051:0.050:-16.083|20.048:0.050:-10.561|8.416:0.050:3.375","-0.653:0.000:-0.061|0.000:0.000:0.656|0.790:0.000:-0.127|-0.437:0.000:0.489|-0.002:0.000:-0.800","-8.123:0.050:5.932|-15.925:0.050:11.886","0.143:0.000:-1.056|0.986:0.000:-0.405",False,False,Idle,60.00,40.00,3.00,MultiAgentTraffic,"P1:True|P2:True|P3:True|D1:True|D2:True|D3:True","H1:H1 rack picking and carton handoff:Transport to work bay:load=True:handoffs=0|H2:H2 cross-aisle carton transfer:Transport to work bay:load=True:handoffs=0|H3:H3 station scan and dispatch verification:Transport to work bay:load=False:handoffs=0|H4:H4 trolley supply transfer:Transport to work bay:load=True:handoffs=0|H5:H5 rack inspection and replenishment:Transport to work bay:load=False:handoffs=0|F1:F1 inbound pallet replenishment:Transport to work bay:load=True:handoffs=0|F2:F2 outbound pallet dispatch:Transport to work bay:load=True:handoffs=0"
12.0701,10,59,110,-24.0000,0.0500,-15.0000,286.2626,0.0000,0.0000,-24.0000,0.0000,-15.0000,0.0500,7,"","","7.847:0.050:8.776|-4.200:0.050:-7.489|-16.971:0.050:-16.096|20.004:0.050:-10.511|8.416:0.050:3.294","-0.653:0.000:-0.061|0.000:0.000:0.656|0.790:0.000:-0.127|-0.437:0.000:0.489|-0.002:0.000:-0.800","-8.109:0.050:5.825|-15.825:0.050:11.845","0.143:0.000:-1.056|0.986:0.000:-0.405",False,False,Idle,60.00,40.00,3.00,MultiAgentTraffic,"P1:True|P2:True|P3:True|D1:True|D2:True|D3:True","H1:H1 rack picking and carton handoff:Transport to work bay:load=True:handoffs=0|H2:H2 cross-aisle carton transfer:Transport to work bay:load=True:handoffs=0|H3:H3 station scan and dispatch verification:Transport to work bay:load=False:handoffs=0|H4:H4 trolley supply transfer:Transport to work bay:load=True:handoffs=0|H5:H5 rack inspection and replenishment:Transport to work bay:load=False:handoffs=0|F1:F1 inbound pallet replenishment:Transport to work bay:load=True:handoffs=0|F2:F2 outbound pallet dispatch:Transport to work bay:load=True:handoffs=0"
12.1715,10,59,111,-24.0000,0.0500,-15.0000,286.2626,0.0000,0.0000,-24.0000,0.0000,-15.0000,0.0500,7,"","","7.781:0.050:8.770|-4.200:0.050:-7.422|-16.891:0.050:-16.109|19.959:0.050:-10.461|8.416:0.050:3.213","-0.653:0.000:-0.061|0.000:0.000:0.656|0.790:0.000:-0.127|-0.437:0.000:0.489|-0.002:0.000:-0.800","-8.094:0.050:5.718|-15.725:0.050:11.804","0.143:0.000:-1.056|0.986:0.000:-0.405",False,False,Idle,60.00,40.00,3.00,MultiAgentTraffic,"P1:True|P2:True|P3:True|D1:True|D2:True|D3:True","H1:H1 rack picking and carton handoff:Transport to work bay:load=True:handoffs=0|H2:H2 cross-aisle carton transfer:Transport to work bay:load=True:handoffs=0|H3:H3 station scan and dispatch verification:Transport to work bay:load=False:handoffs=0|H4:H4 trolley supply transfer:Transport to work bay:load=True:handoffs=0|H5:H5 rack inspection and replenishment:Transport to work bay:load=False:handoffs=0|F1:F1 inbound pallet replenishment:Transport to work bay:load=True:handoffs=0|F2:F2 outbound pallet dispatch:Transport to work bay:load=True:handoffs=0"
12.2936,10,59,112,-24.0000,0.0500,-15.0000,286.2626,0.0000,0.0000,-24.0000,0.0000,-15.0000,0.0500,7,"","","7.701:0.050:8.763|-4.200:0.050:-7.342|-16.794:0.050:-16.124|19.906:0.050:-10.402|8.415:0.050:3.115","-0.653:0.000:-0.061|0.000:0.000:0.656|0.790:0.000:-0.127|-0.437:0.000:0.489|-0.002:0.000:-0.800","-8.077:0.050:5.589|-15.605:0.050:11.754","0.143:0.000:-1.056|0.986:0.000:-0.405",False,False,Idle,60.00,40.00,3.00,MultiAgentTraffic,"P1:True|P2:True|P3:True|D1:True|D2:True|D3:True","H1:H1 rack picking and carton handoff:Transport to work bay:load=True:handoffs=0|H2:H2 cross-aisle carton transfer:Transport to work bay:load=True:handoffs=0|H3:H3 station scan and dispatch verification:Transport to work bay:load=False:handoffs=0|H4:H4 trolley supply transfer:Transport to work bay:load=True:handoffs=0|H5:H5 rack inspection and replenishment:Transport to work bay:load=False:handoffs=0|F1:F1 inbound pallet replenishment:Transport to work bay:load=True:handoffs=0|F2:F2 outbound pallet dispatch:Transport to work bay:load=True:handoffs=0"
12.4097,10,59,113,-24.0000,0.0500,-15.0000,286.2626,0.0000,0.0000,-24.0000,0.0000,-15.0000,0.0500,7,"","","7.625:0.050:8.756|-4.200:0.050:-7.266|-16.703:0.050:-16.139|19.855:0.050:-10.345|8.415:0.050:3.022","-0.653:0.000:-0.061|0.000:0.000:0.656|0.790:0.000:-0.127|-0.437:0.000:0.489|-0.002:0.000:-0.800","-8.060:0.050:5.466|-15.490:0.050:11.707","0.143:0.000:-1.056|0.986:0.000:-0.405",False,False,Idle,60.00,40.00,3.00,MultiAgentTraffic,"P1:True|P2:True|P3:True|D1:True|D2:True|D3:True","H1:H1 rack picking and carton handoff:Transport to work bay:load=True:handoffs=0|H2:H2 cross-aisle carton transfer:Transport to work bay:load=True:handoffs=0|H3:H3 station scan and dispatch verification:Transport to work bay:load=False:handoffs=0|H4:H4 trolley supply transfer:Transport to work bay:load=True:handoffs=0|H5:H5 rack inspection and replenishment:Transport to work bay:load=False:handoffs=0|F1:F1 inbound pallet replenishment:Transport to work bay:load=True:handoffs=0|F2:F2 outbound pallet dispatch:Transport to work bay:load=True:handoffs=0"
12.5175,10,59,114,-23.9992,0.0500,-15.0000,287.6634,0.0127,0.0000,-19.8000,0.0000,-15.0000,4.1995,7,"","","7.555:0.050:8.749|-4.200:0.050:-7.195|-16.620:0.050:-16.149|19.808:0.050:-10.292|8.415:0.050:2.936","-0.653:0.000:-0.061|0.000:0.000:0.656|0.713:0.000:-0.027|-0.437:0.000:0.489|-0.002:0.000:-0.800","-8.045:0.050:5.353|-15.384:0.050:11.664","0.143:0.000:-1.056|0.986:0.000:-0.405",False,False,Moving,60.00,40.00,3.00,MultiAgentTraffic,"P1:True|P2:True|P3:True|D1:True|D2:False|D3:True","H1:H1 rack picking and carton handoff:Transport to work bay:load=True:handoffs=0|H2:H2 cross-aisle carton transfer:Transport to work bay:load=True:handoffs=0|H3:Legitimate operation occupying station receiving bay:Transport to work bay:load=True:handoffs=0|H4:H4 trolley supply transfer:Transport to work bay:load=True:handoffs=0|H5:H5 rack inspection and replenishment:Transport to work bay:load=False:handoffs=0|F1:F1 inbound pallet replenishment:Transport to work bay:load=True:handoffs=0|F2:Outbound dispatch pallet collection:Transport to work bay:load=True:handoffs=0"
12.6311,10,59,115,-23.9912,0.0500,-15.0000,295.3327,0.1353,107.9483,-19.8000,0.0000,-15.0000,4.1914,7,"","","7.480:0.050:8.742|-4.200:0.050:-7.121|-16.554:0.050:-16.141|19.759:0.050:-10.237|8.415:0.050:2.845","-0.653:0.000:-0.061|0.000:0.000:0.656|0.467:0.000:0.134|-0.437:0.000:0.489|-0.002:0.000:-0.800","-8.029:0.050:5.233|-15.272:0.050:11.618","0.143:0.000:-1.056|0.986:0.000:-0.405",False,False,Moving,60.00,40.00,3.00,MultiAgentTraffic,"P1:True|P2:True|P3:True|D1:True|D2:False|D3:True","H1:H1 rack picking and carton handoff:Transport to work bay:load=True:handoffs=0|H2:H2 cross-aisle carton transfer:Transport to work bay:load=True:handoffs=0|H3:Legitimate operation occupying station receiving bay:Transport to work bay:load=True:handoffs=0|H4:H4 trolley supply transfer:Transport to work bay:load=True:handoffs=0|H5:H5 rack inspection and replenishment:Transport to work bay:load=False:handoffs=0|F1:F1 inbound pallet replenishment:Transport to work bay:load=True:handoffs=0|F2:Outbound dispatch pallet collection:Transport to work bay:load=True:handoffs=0"
12.7337,10,59,116,-23.9768,0.0500,-15.0000,302.2607,0.0000,0.0000,-19.8000,0.0000,-15.0000,4.1771,7,"","","7.413:0.050:8.736|-4.200:0.050:-7.053|-16.521:0.050:-16.125|19.714:0.050:-10.186|8.415:0.050:2.763","-0.653:0.000:-0.061|0.000:0.000:0.656|0.241:0.000:0.153|-0.437:0.000:0.489|-0.002:0.000:-0.800","-8.014:0.050:5.124|-15.171:0.050:11.576","0.143:0.000:-1.056|0.986:0.000:-0.405",False,False,Moving,60.00,40.00,3.00,MultiAgentTraffic,"P1:True|P2:True|P3:True|D1:True|D2:False|D3:True","H1:H1 rack picking and carton handoff:Transport to work bay:load=True:handoffs=0|H2:H2 cross-aisle carton transfer:Transport to work bay:load=True:handoffs=0|H3:Legitimate operation occupying station receiving bay:Transport to work bay:load=True:handoffs=0|H4:H4 trolley supply transfer:Transport to work bay:load=True:handoffs=0|H5:H5 rack inspection and replenishment:Transport to work bay:load=False:handoffs=0|F1:F1 inbound pallet replenishment:Transport to work bay:load=True:handoffs=0|F2:Outbound dispatch pallet collection:Transport to work bay:load=True:handoffs=0"
12.8409,10,59,117,-23.9544,0.0500,-15.0000,309.4940,0.2124,63.4949,-19.8000,0.0000,-15.0000,4.1547,7,"","","7.343:0.050:8.729|-4.200:0.050:-6.983|-16.495:0.050:-16.101|19.667:0.050:-10.134|8.414:0.050:2.677","-0.653:0.000:-0.061|0.000:0.000:0.656|0.241:0.000:0.282|-0.437:0.000:0.489|-0.002:0.000:-0.800","-7.999:0.050:5.011|-15.065:0.050:11.533","0.143:0.000:-1.056|0.986:0.000:-0.405",False,False,Moving,60.00,40.00,3.00,MultiAgentTraffic,"P1:True|P2:True|P3:True|D1:True|D2:False|D3:True","H1:H1 rack picking and carton handoff:Transport to work bay:load=True:handoffs=0|H2:H2 cross-aisle carton transfer:Transport to work bay:load=True:handoffs=0|H3:Legitimate operation occupying station receiving bay:Transport to work bay:load=True:handoffs=0|H4:H4 trolley supply transfer:Transport to work bay:load=True:handoffs=0|H5:H5 rack inspection and replenishment:Transport to work bay:load=False:handoffs=0|F1:F1 inbound pallet replenishment:Transport to work bay:load=True:handoffs=0|F2:Outbound dispatch pallet collection:Transport to work bay:load=True:handoffs=0"
12.9551,10,59,118,-23.9224,0.0500,-15.0000,317.2024,0.3004,67.7369,-19.8000,0.0000,-15.0000,4.1227,7,"","","7.269:0.050:8.722|-4.200:0.050:-6.908|-16.471:0.050:-16.059|19.617:0.050:-10.078|8.414:0.050:2.586","-0.653:0.000:-0.061|0.000:0.000:0.656|0.175:0.000:0.428|-0.437:0.000:0.489|-0.002:0.000:-0.800","-7.982:0.050:4.890|-14.953:0.050:11.486","0.143:0.000:-1.056|0.986:0.000:-0.405",False,False,Moving,60.00,40.00,3.00,MultiAgentTraffic,"P1:True|P2:True|P3:True|D1:True|D2:False|D3:True","H1:H1 rack picking and carton handoff:Transport to work bay:load=True:handoffs=0|H2:H2 cross-aisle carton transfer:Transport to work bay:load=True:handoffs=0|H3:Legitimate operation occupying station receiving bay:Transport to work bay:load=True:handoffs=0|H4:H4 trolley supply transfer:Transport to work bay:load=True:handoffs=0|H5:H5 rack inspection and replenishment:Transport to work bay:load=False:handoffs=0|F1:F1 inbound pallet replenishment:Transport to work bay:load=True:handoffs=0|F2:Outbound dispatch pallet collection:Transport to work bay:load=True:handoffs=0"
13.0674,10,59,119,-23.8826,0.0500,-15.0000,324.7808,0.3592,64.9964,-19.8000,0.0000,-15.0000,4.0829,7,"","","7.195:0.050:8.715|-4.200:0.050:-6.835|-16.453:0.050:-16.004|19.568:0.050:-10.023|8.414:0.050:2.496","-0.653:0.000:-0.061|0.000:0.000:0.656|0.169:0.000:0.525|-0.437:0.000:0.489|-0.002:0.000:-0.800","-7.966:0.050:4.772|-14.842:0.050:11.441","0.143:0.000:-1.056|0.986:0.000:-0.405",False,False,Moving,60.00,40.00,3.00,MultiAgentTraffic,"P1:True|P2:True|P3:True|D1:True|D2:False|D3:True","H1:H1 rack picking and carton handoff:Transport to work bay:load=True:handoffs=0|H2:H2 cross-aisle carton transfer:Transport to work bay:load=True:handoffs=0|H3:Legitimate operation occupying station receiving bay:Transport to work bay:load=True:handoffs=0|H4:H4 trolley supply transfer:Transport to work bay:load=True:handoffs=0|H5:H5 rack inspection and replenishment:Transport to work bay:load=False:handoffs=0|F1:F1 inbound pallet replenishment:Transport to work bay:load=True:handoffs=0|F2:Outbound dispatch pallet collection:Transport to work bay:load=True:handoffs=0"
13.1806,10,59,120,-23.8342,0.0500,-15.0000,332.4263,0.4018,60.4889,-19.8000,0.0000,-15.0000,4.0345,7,"","","7.122:0.050:8.709|-4.200:0.050:-6.760|-16.432:0.050:-15.939|19.519:0.050:-9.968|8.414:0.050:2.406","-0.653:0.000:-0.061|0.000:0.000:0.656|0.197:0.000:0.611|-0.437:0.000:0.489|-0.002:0.000:-0.800","-7.950:0.050:4.652|-14.730:0.050:11.395","0.143:0.000:-1.056|0.986:0.000:-0.405",False,False,Moving,60.00,40.00,3.00,MultiAgentTraffic,"P1:True|P2:True|P3:True|D1:True|D2:False|D3:True","H1:H1 rack picking and carton handoff:Transport to work bay:load=True:handoffs=0|H2:H2 cross-aisle carton transfer:Transport to work bay:load=True:handoffs=0|H3:Legitimate operation occupying station receiving bay:Transport to work bay:load=True:handoffs=0|H4:H4 trolley supply transfer:Transport to work bay:load=True:handoffs=0|H5:H5 rack inspection and replenishment:Transport to work bay:load=False:handoffs=0|F1:F1 inbound pallet replenishment:Transport to work bay:load=True:handoffs=0|F2:Outbound dispatch pallet collection:Transport to work bay:load=True:handoffs=0"
13.2927,10,59,121,-23.7781,0.0500,-15.0000,339.9914,0.4723,62.7610,-19.8000,0.0000,-15.0000,3.9784,7,"","","7.048:0.050:8.702|-4.200:0.050:-6.687|-16.409:0.050:-15.869|19.470:0.050:-9.913|8.414:0.050:2.316","-0.653:0.000:-0.061|0.000:0.000:0.656|0.201:0.000:0.624|-0.437:0.000:0.489|-0.002:0.000:-0.800","-7.934:0.050:4.534|-14.620:0.050:11.350","0.143:0.000:-1.056|0.986:0.000:-0.405",False,False,Moving,60.00,40.00,3.00,MultiAgentTraffic,"P1:True|P2:True|P3:True|D1:True|D2:False|D3:True","H1:H1 rack picking and carton handoff:Transport to work bay:load=True:handoffs=0|H2:H2 cross-aisle carton transfer:Transport to work bay:load=True:handoffs=0|H3:Legitimate operation occupying station receiving bay:Transport to work bay:load=True:handoffs=0|H4:H4 trolley supply transfer:Transport to work bay:load=True:handoffs=0|H5:H5 rack inspection and replenishment:Transport to work bay:load=False:handoffs=0|F1:F1 inbound pallet replenishment:Transport to work bay:load=True:handoffs=0|F2:Outbound dispatch pallet collection:Transport to work bay:load=True:handoffs=0"
13.4037,10,59,122,-23.7145,0.0500,-15.0000,347.4846,0.4615,52.3575,-19.8000,0.0000,-15.0000,3.9148,7,"","","6.976:0.050:8.695|-4.200:0.050:-6.614|-16.387:0.050:-15.799|19.421:0.050:-9.858|8.414:0.050:2.227","-0.653:0.000:-0.061|0.000:0.000:0.656|0.201:0.000:0.624|-0.437:0.000:0.489|-0.002:0.000:-0.800","-7.918:0.050:4.416|-14.510:0.050:11.305","0.143:0.000:-1.056|0.986:0.000:-0.405",False,False,Moving,60.00,40.00,3.00,MultiAgentTraffic,"P1:True|P2:True|P3:True|D1:True|D2:False|D3:True","H1:H1 rack picking and carton handoff:Transport to work bay:load=True:handoffs=0|H2:H2 cross-aisle carton transfer:Transport to work bay:load=True:handoffs=0|H3:Legitimate operation occupying station receiving bay:Transport to work bay:load=True:handoffs=0|H4:H4 trolley supply transfer:Transport to work bay:load=True:handoffs=0|H5:H5 rack inspection and replenishment:Transport to work bay:load=False:handoffs=0|F1:F1 inbound pallet replenishment:Transport to work bay:load=True:handoffs=0|F2:Outbound dispatch pallet collection:Transport to work bay:load=True:handoffs=0"
13.5170,10,59,123,-23.6412,0.0500,-15.0000,355.1314,0.5000,50.4059,-19.8000,0.0000,-15.0000,3.8415,7,"","","6.902:0.050:8.688|-4.200:0.050:-6.540|-16.364:0.050:-15.729|19.372:0.050:-9.803|8.413:0.050:2.137","-0.653:0.000:-0.061|0.000:0.000:0.656|0.201:0.000:0.624|-0.437:0.000:0.489|-0.002:0.000:-0.800","-7.902:0.050:4.297|-14.398:0.050:11.259","0.143:0.000:-1.056|0.986:0.000:-0.405",False,False,Moving,60.00,40.00,3.00,MultiAgentTraffic,"P1:True|P2:True|P3:True|D1:True|D2:False|D3:True","H1:H1 rack picking and carton handoff:Transport to work bay:load=True:handoffs=0|H2:H2 cross-aisle carton transfer:Transport to work bay:load=True:handoffs=0|H3:Legitimate operation occupying station receiving bay:Transport to work bay:load=True:handoffs=0|H4:H4 trolley supply transfer:Transport to work bay:load=True:handoffs=0|H5:H5 rack inspection and replenishment:Transport to work bay:load=False:handoffs=0|F1:F1 inbound pallet replenishment:Transport to work bay:load=True:handoffs=0|F2:Outbound dispatch pallet collection:Transport to work bay:load=True:handoffs=0"
13.6445,10,59,124,-23.5488,0.0500,-15.0000,3.7399,0.5955,54.0831,-19.8000,0.0000,-15.0000,3.7492,7,"","","6.819:0.050:8.680|-4.200:0.050:-6.456|-16.338:0.050:-15.649|19.316:0.050:-9.740|8.413:0.050:2.035","-0.653:0.000:-0.061|0.000:0.000:0.656|0.201:0.000:0.624|-0.437:0.000:0.489|-0.002:0.000:-0.800","-7.883:0.050:4.162|-14.273:0.050:11.207","0.143:0.000:-1.056|0.986:0.000:-0.405",False,False,Moving,60.00,40.00,3.00,MultiAgentTraffic,"P1:True|P2:True|P3:True|D1:True|D2:False|D3:True","H1:H1 rack picking and carton handoff:Transport to work bay:load=True:handoffs=0|H2:H2 cross-aisle carton transfer:Transport to work bay:load=True:handoffs=0|H3:Legitimate operation occupying station receiving bay:Transport to work bay:load=True:handoffs=0|H4:H4 trolley supply transfer:Transport to work bay:load=True:handoffs=0|H5:H5 rack inspection and replenishment:Transport to work bay:load=False:handoffs=0|F1:F1 inbound pallet replenishment:Transport to work bay:load=True:handoffs=0|F2:Outbound dispatch pallet collection:Transport to work bay:load=True:handoffs=0"
13.7575,10,59,125,-23.4585,0.0500,-15.0000,11.3665,0.0000,0.0000,-19.8000,0.0000,-15.0000,3.6588,7,"","","6.745:0.050:8.673|-4.200:0.050:-6.382|-16.316:0.050:-15.578|19.267:0.050:-9.685|8.413:0.050:1.944","-0.653:0.000:-0.061|0.000:0.000:0.656|0.201:0.000:0.624|-0.437:0.000:0.489|-0.002:0.000:-0.800","-7.867:0.050:4.043|-14.161:0.050:11.161","0.143:0.000:-1.056|0.986:0.000:-0.405",False,False,Moving,60.00,40.00,3.00,MultiAgentTraffic,"P1:True|P2:True|P3:True|D1:True|D2:False|D3:True","H1:H1 rack picking and carton handoff:Transport to work bay:load=True:handoffs=0|H2:H2 cross-aisle carton transfer:Transport to work bay:load=True:handoffs=0|H3:Legitimate operation occupying station receiving bay:Transport to work bay:load=True:handoffs=0|H4:H4 trolley supply transfer:Transport to work bay:load=True:handoffs=0|H5:H5 rack inspection and replenishment:Transport to work bay:load=False:handoffs=0|F1:F1 inbound pallet replenishment:Transport to work bay:load=True:handoffs=0|F2:Outbound dispatch pallet collection:Transport to work bay:load=True:handoffs=0"
13.8650,10,59,126,-23.3649,0.0500,-15.0000,18.6182,0.9818,74.9797,-19.8000,0.0000,-15.0000,3.5652,7,"","","6.675:0.050:8.667|-4.200:0.050:-6.311|-16.294:0.050:-15.511|19.220:0.050:-9.633|8.413:0.050:1.858","-0.653:0.000:-0.061|0.000:0.000:0.656|0.201:0.000:0.624|-0.437:0.000:0.489|-0.002:0.000:-0.800","-7.852:0.050:3.929|-14.055:0.050:11.118","0.143:0.000:-1.056|0.986:0.000:-0.405",False,False,Moving,60.00,40.00,3.00,MultiAgentTraffic,"P1:True|P2:True|P3:True|D1:True|D2:False|D3:True","H1:H1 rack picking and carton handoff:Transport to work bay:load=True:handoffs=0|H2:H2 cross-aisle carton transfer:Transport to work bay:load=True:handoffs=0|H3:Legitimate operation occupying station receiving bay:Transport to work bay:load=True:handoffs=0|H4:H4 trolley supply transfer:Transport to work bay:load=True:handoffs=0|H5:H5 rack inspection and replenishment:Transport to work bay:load=False:handoffs=0|F1:F1 inbound pallet replenishment:Transport to work bay:load=True:handoffs=0|F2:Outbound dispatch pallet collection:Transport to work bay:load=True:handoffs=0"
13.9868,10,59,127,-23.2495,0.0500,-15.0000,26.8415,1.2259,86.0897,-19.8000,0.0000,-15.0000,3.4499,7,"","","6.595:0.050:8.659|-4.200:0.050:-6.231|-16.270:0.050:-15.435|19.167:0.050:-9.573|8.413:0.050:1.761","-0.653:0.000:-0.061|0.000:0.000:0.656|0.201:0.000:0.624|-0.437:0.000:0.489|-0.002:0.000:-0.800","-7.834:0.050:3.800|-13.935:0.050:11.069","0.143:0.000:-1.056|0.986:0.000:-0.405",False,False,Moving,60.00,40.00,3.00,MultiAgentTraffic,"P1:True|P2:True|P3:True|D1:True|D2:False|D3:True","H1:H1 rack picking and carton handoff:Transport to work bay:load=True:handoffs=0|H2:H2 cross-aisle carton transfer:Transport to work bay:load=True:handoffs=0|H3:Legitimate operation occupying station receiving bay:Transport to work bay:load=True:handoffs=0|H4:H4 trolley supply transfer:Transport to work bay:load=True:handoffs=0|H5:H5 rack inspection and replenishment:Transport to work bay:load=False:handoffs=0|F1:F1 inbound pallet replenishment:Transport to work bay:load=True:handoffs=0|F2:Outbound dispatch pallet collection:Transport to work bay:load=True:handoffs=0"
14.0894,10,59,128,-23.1450,0.0500,-15.0000,33.7649,1.3931,91.4031,-19.8000,0.0000,-15.0000,3.3453,7,"","","6.528:0.050:8.653|-4.200:0.050:-6.164|-16.249:0.050:-15.371|19.122:0.050:-9.523|8.412:0.050:1.679","-0.653:0.000:-0.061|0.000:0.000:0.656|0.201:0.000:0.624|-0.437:0.000:0.489|-0.002:0.000:-0.800","-7.820:0.050:3.692|-13.834:0.050:11.027","0.143:0.000:-1.056|0.986:0.000:-0.405",False,False,Moving,60.00,40.00,3.00,MultiAgentTraffic,"P1:True|P2:True|P3:True|D1:True|D2:False|D3:True","H1:H1 rack picking and carton handoff:Transport to work bay:load=True:handoffs=0|H2:H2 cross-aisle carton transfer:Transport to work bay:load=True:handoffs=0|H3:Legitimate operation occupying station receiving bay:Transport to work bay:load=True:handoffs=0|H4:H4 trolley supply transfer:Transport to work bay:load=True:handoffs=0|H5:H5 rack inspection and replenishment:Transport to work bay:load=False:handoffs=0|F1:F1 inbound pallet replenishment:Transport to work bay:load=True:handoffs=0|F2:Outbound dispatch pallet collection:Transport to work bay:load=True:handoffs=0"
14.2062,10,59,129,-23.0176,0.0500,-15.0000,41.6549,1.9340,119.2652,-19.8000,0.0000,-15.0000,3.2180,7,"","","6.452:0.050:8.646|-4.200:0.050:-6.088|-16.225:0.050:-15.298|19.071:0.050:-9.465|8.412:0.050:1.585","-0.653:0.000:-0.061|0.000:0.000:0.656|0.201:0.000:0.624|-0.437:0.000:0.489|-0.002:0.000:-0.800","-7.803:0.050:3.569|-13.719:0.050:10.980","0.143:0.000:-1.056|0.986:0.000:-0.405",False,False,Moving,60.00,40.00,3.00,MultiAgentTraffic,"P1:True|P2:True|P3:True|D1:True|D2:False|D3:True","H1:H1 rack picking and carton handoff:Transport to work bay:load=True:handoffs=0|H2:H2 cross-aisle carton transfer:Transport to work bay:load=True:handoffs=0|H3:Legitimate operation occupying station receiving bay:Transport to work bay:load=True:handoffs=0|H4:H4 trolley supply transfer:Transport to work bay:load=True:handoffs=0|H5:H5 rack inspection and replenishment:Transport to work bay:load=False:handoffs=0|F1:F1 inbound pallet replenishment:Transport to work bay:load=True:handoffs=0|F2:Outbound dispatch pallet collection:Transport to work bay:load=True:handoffs=0"
14.3169,10,59,130,-22.8889,0.0500,-15.0000,49.1223,0.0000,0.0000,-19.8000,0.0000,-15.0000,3.0893,7,"","","6.379:0.050:8.639|-4.200:0.050:-6.015|-16.203:0.050:-15.229|19.023:0.050:-9.411|8.412:0.050:1.497","-0.653:0.000:-0.061|0.000:0.000:0.656|0.201:0.000:0.624|-0.437:0.000:0.489|-0.002:0.000:-0.800","-7.787:0.050:3.452|-13.610:0.050:10.935","0.143:0.000:-1.056|0.986:0.000:-0.405",False,False,Moving,60.00,40.00,3.00,MultiAgentTraffic,"P1:True|P2:True|P3:True|D1:True|D2:False|D3:True","H1:H1 rack picking and carton handoff:Transport to work bay:load=True:handoffs=0|H2:H2 cross-aisle carton transfer:Transport to work bay:load=True:handoffs=0|H3:Legitimate operation occupying station receiving bay:Transport to work bay:load=True:handoffs=0|H4:H4 trolley supply transfer:Transport to work bay:load=True:handoffs=0|H5:H5 rack inspection and replenishment:Transport to work bay:load=False:handoffs=0|F1:F1 inbound pallet replenishment:Transport to work bay:load=True:handoffs=0|F2:Outbound dispatch pallet collection:Transport to work bay:load=True:handoffs=0"
14.4189,10,59,131,-22.7664,0.0500,-15.0000,56.0111,1.5754,88.6166,-19.8000,0.0000,-15.0000,2.9668,7,"","","6.313:0.050:8.633|-4.200:0.050:-5.948|-16.182:0.050:-15.165|18.978:0.050:-9.361|8.412:0.050:1.415","-0.653:0.000:-0.061|0.000:0.000:0.656|0.201:0.000:0.624|-0.437:0.000:0.489|-0.002:0.000:-0.800","-7.773:0.050:3.344|-13.509:0.050:10.894","0.143:0.000:-1.056|0.986:0.000:-0.405",False,False,Moving,60.00,40.00,3.00,MultiAgentTraffic,"P1:True|P2:True|P3:True|D1:True|D2:False|D3:True","H1:H1 rack picking and carton handoff:Transport to work bay:load=True:handoffs=0|H2:H2 cross-aisle carton transfer:Transport to work bay:load=True:handoffs=0|H3:Legitimate operation occupying station receiving bay:Transport to work bay:load=True:handoffs=0|H4:H4 trolley supply transfer:Transport to work bay:load=True:handoffs=0|H5:H5 rack inspection and replenishment:Transport to work bay:load=False:handoffs=0|F1:F1 inbound pallet replenishment:Transport to work bay:load=True:handoffs=0|F2:Outbound dispatch pallet collection:Transport to work bay:load=True:handoffs=0"
14.5194,10,59,132,-22.6459,0.0500,-15.0000,62.6820,1.4435,80.6353,-19.8000,0.0000,-15.0000,2.8463,7,"","","6.247:0.050:8.627|-4.200:0.050:-5.882|-16.162:0.050:-15.103|18.934:0.050:-9.312|8.412:0.050:1.335","-0.653:0.000:-0.061|0.000:0.000:0.656|0.201:0.000:0.624|-0.437:0.000:0.489|-0.002:0.000:-0.800","-7.758:0.050:3.238|-13.410:0.050:10.853","0.143:0.000:-1.056|0.986:0.000:-0.405",False,False,Moving,60.00,40.00,3.00,MultiAgentTraffic,"P1:True|P2:True|P3:True|D1:True|D2:False|D3:True","H1:H1 rack picking and carton handoff:Transport to work bay:load=True:handoffs=0|H2:H2 cross-aisle carton transfer:Transport to work bay:load=True:handoffs=0|H3:Legitimate operation occupying station receiving bay:Transport to work bay:load=True:handoffs=0|H4:H4 trolley supply transfer:Transport to work bay:load=True:handoffs=0|H5:H5 rack inspection and replenishment:Transport to work bay:load=False:handoffs=0|F1:F1 inbound pallet replenishment:Transport to work bay:load=True:handoffs=0|F2:Outbound dispatch pallet collection:Transport to work bay:load=True:handoffs=0"
14.6409,10,59,133,-22.5001,0.0500,-15.0000,69.2445,1.5135,64.0168,-19.8000,0.0000,-15.0000,2.7005,7,"","","6.168:0.050:8.619|-4.200:0.050:-5.802|-16.138:0.050:-15.027|18.881:0.050:-9.253|8.412:0.050:1.237","-0.653:0.000:-0.061|0.000:0.000:0.656|0.201:0.000:0.624|-0.437:0.000:0.489|-0.002:0.000:-0.800","-7.741:0.050:3.110|-13.290:0.050:10.804","0.143:0.000:-1.056|0.986:0.000:-0.405",False,False,Moving,60.00,40.00,3.00,MultiAgentTraffic,"P1:True|P2:True|P3:True|D1:True|D2:False|D3:True","H1:H1 rack picking and carton handoff:Transport to work bay:load=True:handoffs=0|H2:H2 cross-aisle carton transfer:Transport to work bay:load=True:handoffs=0|H3:Legitimate operation occupying station receiving bay:Transport to work bay:load=True:handoffs=0|H4:H4 trolley supply transfer:Transport to work bay:load=True:handoffs=0|H5:H5 rack inspection and replenishment:Transport to work bay:load=False:handoffs=0|F1:F1 inbound pallet replenishment:Transport to work bay:load=True:handoffs=0|F2:Outbound dispatch pallet collection:Transport to work bay:load=True:handoffs=0"
14.7603,10,59,134,-22.3567,0.0500,-15.0000,74.1554,1.4206,46.0404,-19.8000,0.0000,-15.0000,2.5572,7,"","","6.090:0.050:8.612|-4.200:0.050:-5.724|-16.114:0.050:-14.952|18.829:0.050:-9.194|8.411:0.050:1.142","-0.653:0.000:-0.061|0.000:0.000:0.656|0.201:0.000:0.624|-0.437:0.000:0.489|-0.002:0.000:-0.800","-7.724:0.050:2.983|-13.172:0.050:10.755","0.143:0.000:-1.056|0.986:0.000:-0.405",False,False,Moving,60.00,40.00,3.00,MultiAgentTraffic,"P1:True|P2:True|P3:True|D1:True|D2:False|D3:True","H1:H1 rack picking and carton handoff:Transport to work bay:load=True:handoffs=0|H2:H2 cross-aisle carton transfer:Transport to work bay:load=True:handoffs=0|H3:Legitimate operation occupying station receiving bay:Transport to work bay:load=True:handoffs=0|H4:H4 trolley supply transfer:Transport to work bay:load=True:handoffs=0|H5:H5 rack inspection and replenishment:Transport to work bay:load=False:handoffs=0|F1:F1 inbound pallet replenishment:Transport to work bay:load=True:handoffs=0|F2:Outbound dispatch pallet collection:Transport to work bay:load=True:handoffs=0"
14.8679,10,59,135,-22.2276,0.0500,-15.0000,77.5858,1.5218,39.0156,-19.8000,0.0000,-15.0000,2.4281,7,"","","6.019:0.050:8.605|-4.200:0.050:-5.653|-16.092:0.050:-14.885|18.782:0.050:-9.142|8.411:0.050:1.056","-0.653:0.000:-0.061|0.000:0.000:0.656|0.201:0.000:0.624|-0.437:0.000:0.489|-0.002:0.000:-0.800","-7.708:0.050:2.870|-13.066:0.050:10.712","0.143:0.000:-1.056|0.986:0.000:-0.405",False,False,Moving,60.00,40.00,3.00,MultiAgentTraffic,"P1:True|P2:True|P3:True|D1:True|D2:False|D3:True","H1:H1 rack picking and carton handoff:Transport to work bay:load=True:handoffs=0|H2:H2 cross-aisle carton transfer:Transport to work bay:load=True:handoffs=0|H3:Legitimate operation occupying station receiving bay:Transport to work bay:load=True:handoffs=0|H4:H4 trolley supply transfer:Transport to work bay:load=True:handoffs=0|H5:H5 rack inspection and replenishment:Transport to work bay:load=False:handoffs=0|F1:F1 inbound pallet replenishment:Transport to work bay:load=True:handoffs=0|F2:Outbound dispatch pallet collection:Transport to work bay:load=True:handoffs=0"
14.9753,10,59,136,-22.0988,0.0500,-15.0000,80.2693,0.0000,0.0000,-19.8000,0.0000,-15.0000,2.2993,7,"","","5.949:0.050:8.599|-4.200:0.050:-5.583|-16.070:0.050:-14.818|18.735:0.050:-9.089|8.411:0.050:0.970","-0.653:0.000:-0.061|0.000:0.000:0.656|0.201:0.000:0.624|-0.437:0.000:0.489|-0.002:0.000:-0.800","-7.693:0.050:2.756|-12.961:0.050:10.668","0.143:0.000:-1.056|0.986:0.000:-0.405",False,False,Moving,60.00,40.00,3.00,MultiAgentTraffic,"P1:True|P2:True|P3:True|D1:True|D2:False|D3:True","H1:H1 rack picking and carton handoff:Transport to work bay:load=True:handoffs=0|H2:H2 cross-aisle carton transfer:Transport to work bay:load=True:handoffs=0|H3:Legitimate operation occupying station receiving bay:Transport to work bay:load=True:handoffs=0|H4:H4 trolley supply transfer:Transport to work bay:load=True:handoffs=0|H5:H5 rack inspection and replenishment:Transport to work bay:load=False:handoffs=0|F1:F1 inbound pallet replenishment:Transport to work bay:load=True:handoffs=0|F2:Outbound dispatch pallet collection:Transport to work bay:load=True:handoffs=0"
15.0960,10,59,137,-21.9539,0.0500,-15.0000,82.6090,0.0000,0.0000,-19.8000,0.0000,-15.0000,2.1544,7,"","","5.870:0.050:8.591|-4.200:0.050:-5.504|-16.046:0.050:-14.743|18.682:0.050:-9.030|8.411:0.050:0.873","-0.653:0.000:-0.061|0.000:0.000:0.656|0.201:0.000:0.624|-0.437:0.000:0.489|-0.002:0.000:-0.800","-7.676:0.050:2.629|-12.841:0.050:10.619","0.143:0.000:-1.056|0.986:0.000:-0.405",False,False,Moving,60.00,40.00,3.00,MultiAgentTraffic,"P1:True|P2:True|P3:True|D1:True|D2:False|D3:True","H1:H1 rack picking and carton handoff:Transport to work bay:load=True:handoffs=0|H2:H2 cross-aisle carton transfer:Transport to work bay:load=True:handoffs=0|H3:Legitimate operation occupying station receiving bay:Transport to work bay:load=True:handoffs=0|H4:H4 trolley supply transfer:Transport to work bay:load=True:handoffs=0|H5:H5 rack inspection and replenishment:Transport to work bay:load=False:handoffs=0|F1:F1 inbound pallet replenishment:Transport to work bay:load=True:handoffs=0|F2:Outbound dispatch pallet collection:Transport to work bay:load=True:handoffs=0"
15.1988,10,59,138,-21.8305,0.0500,-15.0000,84.1441,0.0000,0.0000,-19.8000,0.0000,-15.0000,2.0311,7,"","","5.803:0.050:8.585|-4.200:0.050:-5.436|-16.025:0.050:-14.679|18.637:0.050:-8.980|8.411:0.050:0.791","-0.653:0.000:-0.061|0.000:0.000:0.656|0.201:0.000:0.624|-0.437:0.000:0.489|-0.002:0.000:-0.800","-7.661:0.050:2.520|-12.740:0.050:10.578","0.143:0.000:-1.056|0.986:0.000:-0.405",False,False,Moving,60.00,40.00,3.00,MultiAgentTraffic,"P1:True|P2:True|P3:True|D1:True|D2:False|D3:True","H1:H1 rack picking and carton handoff:Transport to work bay:load=True:handoffs=0|H2:H2 cross-aisle carton transfer:Transport to work bay:load=True:handoffs=0|H3:Legitimate operation occupying station receiving bay:Transport to work bay:load=True:handoffs=0|H4:H4 trolley supply transfer:Transport to work bay:load=True:handoffs=0|H5:H5 rack inspection and replenishment:Transport to work bay:load=False:handoffs=0|F1:F1 inbound pallet replenishment:Transport to work bay:load=True:handoffs=0|F2:Outbound dispatch pallet collection:Transport to work bay:load=True:handoffs=0"
15.3055,10,59,139,-21.7025,0.0500,-15.0000,85.4035,1.4127,13.2252,-19.8000,0.0000,-15.0000,1.9032,7,"","","5.734:0.050:8.579|-4.200:0.050:-5.366|-16.004:0.050:-14.612|18.591:0.050:-8.927|8.411:0.050:0.706","-0.653:0.000:-0.061|0.000:0.000:0.656|0.201:0.000:0.624|-0.437:0.000:0.489|-0.002:0.000:-0.800","-7.646:0.050:2.408|-12.635:0.050:10.535","0.143:0.000:-1.056|0.986:0.000:-0.405",False,False,Moving,60.00,40.00,3.00,MultiAgentTraffic,"P1:True|P2:True|P3:True|D1:True|D2:False|D3:True","H1:H1 rack picking and carton handoff:Transport to work bay:load=True:handoffs=0|H2:H2 cross-aisle carton transfer:Transport to work bay:load=True:handoffs=0|H3:Legitimate operation occupying station receiving bay:Transport to work bay:load=True:handoffs=0|H4:H4 trolley supply transfer:Transport to work bay:load=True:handoffs=0|H5:H5 rack inspection and replenishment:Transport to work bay:load=False:handoffs=0|F1:F1 inbound pallet replenishment:Transport to work bay:load=True:handoffs=0|F2:Outbound dispatch pallet collection:Transport to work bay:load=True:handoffs=0"
15.4071,10,59,140,-21.5806,0.0500,-15.0000,86.3483,1.4291,10.7617,-19.8000,0.0000,-15.0000,1.7813,7,"","","5.667:0.050:8.572|-4.200:0.050:-5.300|-15.983:0.050:-14.548|18.546:0.050:-8.878|8.410:0.050:0.624","-0.653:0.000:-0.061|0.000:0.000:0.656|0.201:0.000:0.624|-0.437:0.000:0.489|-0.002:0.000:-0.800","-7.631:0.050:2.300|-12.535:0.050:10.493","0.143:0.000:-1.056|0.986:0.000:-0.405",False,False,Moving,60.00,40.00,3.00,MultiAgentTraffic,"P1:True|P2:True|P3:True|D1:True|D2:False|D3:True","H1:H1 rack picking and carton handoff:Transport to work bay:load=True:handoffs=0|H2:H2 cross-aisle carton transfer:Transport to work bay:load=True:handoffs=0|H3:Legitimate operation occupying station receiving bay:Transport to work bay:load=True:handoffs=0|H4:H4 trolley supply transfer:Transport to work bay:load=True:handoffs=0|H5:H5 rack inspection and replenishment:Transport to work bay:load=False:handoffs=0|F1:F1 inbound pallet replenishment:Transport to work bay:load=True:handoffs=0|F2:Outbound dispatch pallet collection:Transport to work bay:load=True:handoffs=0"
15.5089,10,59,141,-21.4585,0.0500,-15.0000,87.1000,1.4028,8.3225,-19.8000,0.0000,-15.0000,1.6592,7,"","","5.601:0.050:8.566|-4.200:0.050:-5.233|-15.963:0.050:-14.485|18.502:0.050:-8.828|8.410:0.050:0.543","-0.653:0.000:-0.061|0.000:0.000:0.656|0.201:0.000:0.624|-0.437:0.000:0.489|-0.002:0.000:-0.800","-7.616:0.050:2.193|-12.434:0.050:10.452","0.143:0.000:-1.056|0.986:0.000:-0.405",False,False,Moving,60.00,40.00,3.00,MultiAgentTraffic,"P1:True|P2:True|P3:True|D1:True|D2:False|D3:True","H1:H1 rack picking and carton handoff:Transport to work bay:load=True:handoffs=0|H2:H2 cross-aisle carton transfer:Transport to work bay:load=True:handoffs=0|H3:Legitimate operation occupying station receiving bay:Transport to work bay:load=True:handoffs=0|H4:H4 trolley supply transfer:Transport to work bay:load=True:handoffs=0|H5:H5 rack inspection and replenishment:Transport to work bay:load=False:handoffs=0|F1:F1 inbound pallet replenishment:Transport to work bay:load=True:handoffs=0|F2:Outbound dispatch pallet collection:Transport to work bay:load=True:handoffs=0"
15.6287,10,59,142,-21.3147,0.0500,-15.0000,87.7879,1.3670,6.1794,-19.8000,0.0000,-15.0000,1.5155,7,"","","5.523:0.050:8.559|-4.200:0.050:-5.154|-15.939:0.050:-14.410|18.450:0.050:-8.769|8.410:0.050:0.447","-0.653:0.000:-0.061|0.000:0.000:0.656|0.201:0.000:0.624|-0.437:0.000:0.489|-0.002:0.000:-0.800","-7.599:0.050:2.066|-12.316:0.050:10.404","0.143:0.000:-1.056|0.986:0.000:-0.405",False,False,Moving,60.00,40.00,3.00,MultiAgentTraffic,"P1:True|P2:True|P3:True|D1:True|D2:False|D3:True","H1:H1 rack picking and carton handoff:Transport to work bay:load=True:handoffs=0|H2:H2 cross-aisle carton transfer:Transport to work bay:load=True:handoffs=0|H3:Legitimate operation occupying station receiving bay:Transport to work bay:load=True:handoffs=0|H4:H4 trolley supply transfer:Transport to work bay:load=True:handoffs=0|H5:H5 rack inspection and replenishment:Transport to work bay:load=False:handoffs=0|F1:F1 inbound pallet replenishment:Transport to work bay:load=True:handoffs=0|F2:Outbound dispatch pallet collection:Transport to work bay:load=True:handoffs=0"
15.7313,10,59,143,-21.1915,0.0500,-15.0000,88.2470,1.4680,5.3085,-19.8000,0.0000,-15.0000,1.3924,7,"","","5.456:0.050:8.553|-4.200:0.050:-5.087|-15.918:0.050:-14.346|18.405:0.050:-8.719|8.410:0.050:0.365","-0.653:0.000:-0.061|0.000:0.000:0.656|0.201:0.000:0.624|-0.437:0.000:0.489|-0.002:0.000:-0.800","-7.585:0.050:1.958|-12.215:0.050:10.362","0.143:0.000:-1.056|0.986:0.000:-0.405",False,False,Moving,60.00,40.00,3.00,MultiAgentTraffic,"P1:True|P2:True|P3:True|D1:True|D2:False|D3:True","H1:H1 rack picking and carton handoff:Transport to work bay:load=True:handoffs=0|H2:H2 cross-aisle carton transfer:Transport to work bay:load=True:handoffs=0|H3:Legitimate operation occupying station receiving bay:Transport to work bay:load=True:handoffs=0|H4:H4 trolley supply transfer:Transport to work bay:load=True:handoffs=0|H5:H5 rack inspection and replenishment:Transport to work bay:load=False:handoffs=0|F1:F1 inbound pallet replenishment:Transport to work bay:load=True:handoffs=0|F2:Outbound dispatch pallet collection:Transport to work bay:load=True:handoffs=0"
15.8364,10,59,144,-21.0655,0.0500,-15.0000,88.6184,0.0000,0.0000,-19.8000,0.0000,-15.0000,1.2665,7,"","","5.387:0.050:8.546|-4.200:0.050:-5.018|-15.897:0.050:-14.280|18.359:0.050:-8.668|8.410:0.050:0.281","-0.653:0.000:-0.061|0.000:0.000:0.656|0.201:0.000:0.624|-0.437:0.000:0.489|-0.002:0.000:-0.800","-7.570:0.050:1.847|-12.111:0.050:10.320","0.143:0.000:-1.056|0.986:0.000:-0.405",False,False,Moving,60.00,40.00,3.00,MultiAgentTraffic,"P1:True|P2:True|P3:True|D1:True|D2:False|D3:True","H1:H1 rack picking and carton handoff:Transport to work bay:load=True:handoffs=0|H2:H2 cross-aisle carton transfer:Transport to work bay:load=True:handoffs=0|H3:Legitimate operation occupying station receiving bay:Transport to work bay:load=True:handoffs=0|H4:H4 trolley supply transfer:Transport to work bay:load=True:handoffs=0|H5:H5 rack inspection and replenishment:Transport to work bay:load=False:handoffs=0|F1:F1 inbound pallet replenishment:Transport to work bay:load=True:handoffs=0|F2:Outbound dispatch pallet collection:Transport to work bay:load=True:handoffs=0"
15.9510,10,59,145,-20.9279,0.0500,-15.0000,88.9354,1.7259,3.8311,-19.8000,0.0000,-15.0000,1.1290,7,"","","5.312:0.050:8.539|-4.200:0.050:-4.943|-15.874:0.050:-14.209|18.309:0.050:-8.611|8.409:0.050:0.189","-0.653:0.000:-0.061|0.000:0.000:0.656|0.201:0.000:0.624|-0.437:0.000:0.489|-0.002:0.000:-0.800","-7.553:0.050:1.726|-11.998:0.050:10.273","0.143:0.000:-1.056|0.986:0.000:-0.405",False,False,Moving,60.00,40.00,3.00,MultiAgentTraffic,"P1:True|P2:True|P3:True|D1:True|D2:False|D3:True","H1:H1 rack picking and carton handoff:Transport to work bay:load=True:handoffs=0|H2:H2 cross-aisle carton transfer:Transport to work bay:load=True:handoffs=0|H3:Legitimate operation occupying station receiving bay:Transport to work bay:load=True:handoffs=0|H4:H4 trolley supply transfer:Transport to work bay:load=True:handoffs=0|H5:H5 rack inspection and replenishment:Transport to work bay:load=False:handoffs=0|F1:F1 inbound pallet replenishment:Transport to work bay:load=True:handoffs=0|F2:Outbound dispatch pallet collection:Transport to work bay:load=True:handoffs=0"
16.0657,10,59,146,-20.7903,0.0500,-15.0000,89.1797,1.7949,3.0571,-19.8000,0.0000,-15.0000,0.9916,7,"","","5.237:0.050:8.532|-4.200:0.050:-4.868|-15.851:0.050:-14.137|18.259:0.050:-8.555|8.409:0.050:0.098","-0.653:0.000:-0.061|0.000:0.000:0.656|0.201:0.000:0.624|-0.437:0.000:0.489|-0.002:0.000:-0.800","-7.540:0.050:1.609|-11.885:0.050:10.227","0.070:0.000:-0.954|0.986:0.000:-0.405",False,False,Moving,60.00,40.00,3.00,MultiAgentTraffic,"P1:True|P2:True|P3:True|D1:True|D2:False|D3:True","H1:H1 rack picking and carton handoff:Transport to work bay:load=True:handoffs=0|H2:H2 cross-aisle carton transfer:Transport to work bay:load=True:handoffs=0|H3:Legitimate operation occupying station receiving bay:Transport to work bay:load=True:handoffs=0|H4:H4 trolley supply transfer:Transport to work bay:load=True:handoffs=0|H5:H5 rack inspection and replenishment:Transport to work bay:load=False:handoffs=0|F1:F1 inbound pallet replenishment:Transport to work bay:load=True:handoffs=0|F2:Outbound dispatch pallet collection:Transport to work bay:load=True:handoffs=0"
16.1671,10,59,147,-20.6686,0.0500,-15.0000,89.3480,1.3819,1.8456,-19.8000,0.0000,-15.0000,0.8701,7,"","","5.171:0.050:8.526|-4.200:0.050:-4.801|-15.830:0.050:-14.074|18.215:0.050:-8.506|8.409:0.050:0.017","-0.653:0.000:-0.061|0.000:0.000:0.656|0.201:0.000:0.624|-0.437:0.000:0.489|-0.002:0.000:-0.800","-7.540:0.050:1.524|-11.785:0.050:10.186","-0.032:0.000:-0.787|0.986:0.000:-0.405",False,False,Moving,60.00,40.00,3.00,MultiAgentTraffic,"P1:True|P2:True|P3:True|D1:True|D2:False|D3:True","H1:H1 rack picking and carton handoff:Transport to work bay:load=True:handoffs=0|H2:H2 cross-aisle carton transfer:Transport to work bay:load=True:handoffs=0|H3:Legitimate operation occupying station receiving bay:Transport to work bay:load=True:handoffs=0|H4:H4 trolley supply transfer:Transport to work bay:load=True:handoffs=0|H5:H5 rack inspection and replenishment:Transport to work bay:load=False:handoffs=0|F1:F1 inbound pallet replenishment:Transport to work bay:load=True:handoffs=0|F2:Outbound dispatch pallet collection:Transport to work bay:load=True:handoffs=0"
16.2811,10,59,148,-20.5318,0.0500,-15.0000,89.4969,0.0000,0.0000,-19.8000,0.0000,-15.0000,0.7335,7,"","","5.096:0.050:8.519|-4.200:0.050:-4.726|-15.807:0.050:-14.003|18.165:0.050:-8.450|8.409:0.050:-0.075","-0.653:0.000:-0.061|0.000:0.000:0.656|0.201:0.000:0.624|-0.437:0.000:0.489|-0.002:0.000:-0.800","-7.551:0.050:1.428|-11.673:0.050:10.139","-0.149:0.000:-0.866|0.986:0.000:-0.405",False,False,Moving,60.00,40.00,3.00,MultiAgentTraffic,"P1:True|P2:True|P3:True|D1:True|D2:False|D3:True","H1:H1 rack picking and carton handoff:Transport to work bay:load=True:handoffs=0|H2:H2 cross-aisle carton transfer:Transport to work bay:load=True:handoffs=0|H3:Legitimate operation occupying station receiving bay:Transport to work bay:load=True:handoffs=0|H4:H4 trolley supply transfer:Transport to work bay:load=True:handoffs=0|H5:H5 rack inspection and replenishment:Transport to work bay:load=False:handoffs=0|F1:F1 inbound pallet replenishment:Transport to work bay:load=True:handoffs=0|F2:Outbound dispatch pallet collection:Transport to work bay:load=True:handoffs=0"
16.3815,10,59,149,-20.4132,0.0500,-15.0000,89.5976,1.4988,1.2280,-19.8000,0.0000,-15.0000,0.6152,7,"","","5.031:0.050:8.513|-4.200:0.050:-4.661|-15.787:0.050:-13.940|18.121:0.050:-8.401|8.409:0.050:-0.155","-0.653:0.000:-0.061|0.000:0.000:0.656|0.201:0.000:0.624|-0.437:0.000:0.489|-0.002:0.000:-0.800","-7.568:0.050:1.336|-11.582:0.050:10.098","-0.132:0.000:-0.950|0.819:0.000:-0.418",False,False,Moving,60.00,40.00,3.00,MultiAgentTraffic,"P1:True|P2:True|P3:True|D1:True|D2:False|D3:True","H1:H1 rack picking and carton handoff:Transport to work bay:load=True:handoffs=0|H2:H2 cross-aisle carton transfer:Transport to work bay:load=True:handoffs=0|H3:Legitimate operation occupying station receiving bay:Transport to work bay:load=True:handoffs=0|H4:H4 trolley supply transfer:Transport to work bay:load=True:handoffs=0|H5:H5 rack inspection and replenishment:Transport to work bay:load=False:handoffs=0|F1:F1 inbound pallet replenishment:Transport to work bay:load=True:handoffs=0|F2:Outbound dispatch pallet collection:Transport to work bay:load=True:handoffs=0"
16.4931,10,59,150,-20.2925,0.0500,-15.0000,89.6822,1.5511,1.0571,-19.8000,0.0000,-15.0000,0.4950,7,"","","4.958:0.050:8.506|-4.200:0.050:-4.587|-15.765:0.050:-13.870|18.072:0.050:-8.346|8.409:0.050:-0.244","-0.653:0.000:-0.061|0.000:0.000:0.656|0.201:0.000:0.624|-0.437:0.000:0.489|-0.002:0.000:-0.800","-7.573:0.050:1.245|-11.507:0.050:10.052","-0.008:0.000:-0.736|0.618:0.000:-0.421",False,False,Moving,60.00,40.00,3.00,MultiAgentTraffic,"P1:True|P2:True|P3:True|D1:True|D2:False|D3:True","H1:H1 rack picking and carton handoff:Transport to work bay:load=True:handoffs=0|H2:H2 cross-aisle carton transfer:Transport to work bay:load=True:handoffs=0|H3:Legitimate operation occupying station receiving bay:Transport to work bay:load=True:handoffs=0|H4:H4 trolley supply transfer:Transport to work bay:load=True:handoffs=0|H5:H5 rack inspection and replenishment:Transport to work bay:load=False:handoffs=0|F1:F1 inbound pallet replenishment:Transport to work bay:load=True:handoffs=0|F2:Outbound dispatch pallet collection:Transport to work bay:load=True:handoffs=0"
16.5951,10,59,151,-20.1926,0.0500,-15.0000,89.7415,0.0000,0.0000,-17.8000,0.0000,-15.0000,2.3931,7,"","","4.891:0.050:8.500|-4.200:0.050:-4.520|-15.744:0.050:-13.807|18.028:0.050:-8.296|8.408:0.050:-0.326","-0.653:0.000:-0.061|0.000:0.000:0.656|0.201:0.000:0.624|-0.437:0.000:0.489|-0.002:0.000:-0.800","-7.570:0.050:1.183|-11.443:0.050:10.001","0.056:0.000:-0.529|0.627:0.000:-0.543",False,False,Moving,60.00,40.00,3.00,MultiAgentTraffic,"P1:True|P2:True|P3:True|D1:True|D2:False|D3:True","H1:H1 rack picking and carton handoff:Transport to work bay:load=True:handoffs=0|H2:H2 cross-aisle carton transfer:Transport to work bay:load=True:handoffs=0|H3:Legitimate operation occupying station receiving bay:Transport to work bay:load=True:handoffs=0|H4:H4 trolley supply transfer:Transport to work bay:load=True:handoffs=0|H5:H5 rack inspection and replenishment:Transport to work bay:load=False:handoffs=0|F1:F1 inbound pallet replenishment:Transport to work bay:load=True:handoffs=0|F2:Outbound dispatch pallet collection:Transport to work bay:load=True:handoffs=0"
16.6987,10,59,152,-20.0878,0.0500,-15.0000,89.7917,0.0000,0.0000,-17.8000,0.0000,-15.0000,2.2884,7,"","","4.824:0.050:8.493|-4.200:0.050:-4.452|-15.723:0.050:-13.742|17.982:0.050:-8.245|8.408:0.050:-0.409","-0.653:0.000:-0.061|0.000:0.000:0.656|0.201:0.000:0.624|-0.437:0.000:0.489|-0.002:0.000:-0.800","-7.562:0.050:1.142|-11.379:0.050:9.937","0.072:0.000:-0.317|0.615:0.000:-0.674",False,False,Moving,60.00,40.00,3.00,MultiAgentTraffic,"P1:True|P2:True|P3:True|D1:True|D2:False|D3:True","H1:H1 rack picking and carton handoff:Transport to work bay:load=True:handoffs=0|H2:H2 cross-aisle carton transfer:Transport to work bay:load=True:handoffs=0|H3:Legitimate operation occupying station receiving bay:Transport to work bay:load=True:handoffs=0|H4:H4 trolley supply transfer:Transport to work bay:load=True:handoffs=0|H5:H5 rack inspection and replenishment:Transport to work bay:load=False:handoffs=0|F1:F1 inbound pallet replenishment:Transport to work bay:load=True:handoffs=0|F2:Outbound dispatch pallet collection:Transport to work bay:load=True:handoffs=0"
16.7994,10,59,153,-19.9793,0.0500,-15.0000,89.8323,0.0000,0.0000,-17.8000,0.0000,-15.0000,2.1799,7,"","","4.758:0.050:8.487|-4.200:0.050:-4.386|-15.703:0.050:-13.679|17.938:0.050:-8.196|8.408:0.050:-0.489","-0.653:0.000:-0.061|0.000:0.000:0.656|0.201:0.000:0.624|-0.437:0.000:0.489|-0.002:0.000:-0.800","-7.555:0.050:1.118|-11.321:0.050:9.882","0.085:0.000:-0.245|0.536:0.000:-0.467",False,False,Moving,60.00,40.00,3.00,MultiAgentTraffic,"P1:True|P2:True|P3:True|D1:True|D2:False|D3:True","H1:H1 rack picking and carton handoff:Transport to work bay:load=True:handoffs=0|H2:H2 cross-aisle carton transfer:Transport to work bay:load=True:handoffs=0|H3:Legitimate operation occupying station receiving bay:Transport to work bay:load=True:handoffs=0|H4:H4 trolley supply transfer:Transport to work bay:load=True:handoffs=0|H5:H5 rack inspection and replenishment:Transport to work bay:load=False:handoffs=0|F1:F1 inbound pallet replenishment:Transport to work bay:load=True:handoffs=0|F2:Outbound dispatch pallet collection:Transport to work bay:load=True:handoffs=0"
16.9183,10,59,154,-19.8426,0.0500,-15.0000,89.8712,1.4881,0.4002,-17.8000,0.0000,-15.0000,2.0432,7,"","","4.680:0.050:8.480|-4.200:0.050:-4.308|-15.679:0.050:-13.605|17.886:0.050:-8.138|8.408:0.050:-0.584","-0.653:0.000:-0.061|0.000:0.000:0.656|0.201:0.000:0.624|-0.437:0.000:0.489|-0.002:0.000:-0.800","-7.541:0.050:1.086|-11.266:0.050:9.841","0.133:0.000:-0.297|0.458:0.000:-0.302",False,False,Moving,60.00,40.00,3.00,MultiAgentTraffic,"P1:True|P2:True|P3:True|D1:True|D2:False|D3:True","H1:H1 rack picking and carton handoff:Transport to work bay:load=True:handoffs=0|H2:H2 cross-aisle carton transfer:Transport to work bay:load=True:handoffs=0|H3:Legitimate operation occupying station receiving bay:Transport to work bay:load=True:handoffs=0|H4:H4 trolley supply transfer:Transport to work bay:load=True:handoffs=0|H5:H5 rack inspection and replenishment:Transport to work bay:load=False:handoffs=0|F1:F1 inbound pallet replenishment:Transport to work bay:load=True:handoffs=0|F2:Outbound dispatch pallet collection:Transport to work bay:load=True:handoffs=0"
17.0210,10,59,155,-19.7194,0.0500,-15.0000,89.8980,0.0000,0.0000,-17.8000,0.0000,-15.0000,1.9201,7,"","","4.613:0.050:8.474|-4.200:0.050:-4.241|-15.658:0.050:-13.541|17.842:0.050:-8.088|8.408:0.050:-0.667","-0.653:0.000:-0.061|0.000:0.000:0.656|0.201:0.000:0.624|-0.437:0.000:0.489|-0.002:0.000:-0.800","-7.525:0.050:1.050|-11.212:0.050:9.811","0.176:0.000:-0.368|0.563:0.000:-0.284",False,False,Moving,60.00,40.00,3.00,MultiAgentTraffic,"P1:True|P2:True|P3:True|D1:True|D2:False|D3:True","H1:H1 rack picking and carton handoff:Transport to work bay:load=True:handoffs=0|H2:H2 cross-aisle carton transfer:Transport to work bay:load=True:handoffs=0|H3:Legitimate operation occupying station receiving bay:Transport to work bay:load=True:handoffs=0|H4:H4 trolley supply transfer:Transport to work bay:load=True:handoffs=0|H5:H5 rack inspection and replenishment:Transport to work bay:load=False:handoffs=0|F1:F1 inbound pallet replenishment:Transport to work bay:load=True:handoffs=0|F2:Outbound dispatch pallet collection:Transport to work bay:load=True:handoffs=0"
17.1279,10,59,156,-19.5911,0.0500,-15.0000,89.9199,1.7536,0.2892,-17.8000,0.0000,-15.0000,1.7918,7,"","","4.543:0.050:8.467|-4.200:0.050:-4.171|-15.637:0.050:-13.474|17.795:0.050:-8.035|8.408:0.050:-0.752","-0.653:0.000:-0.061|0.000:0.000:0.656|0.201:0.000:0.624|-0.437:0.000:0.489|-0.002:0.000:-0.800","-7.503:0.050:1.010|-11.144:0.050:9.783","0.226:0.000:-0.362|0.674:0.000:-0.243",False,False,Moving,60.00,40.00,3.00,MultiAgentTraffic,"P1:True|P2:True|P3:True|D1:True|D2:False|D3:True","H1:H1 rack picking and carton handoff:Transport to work bay:load=True:handoffs=0|H2:H2 cross-aisle carton transfer:Transport to work bay:load=True:handoffs=0|H3:Legitimate operation occupying station receiving bay:Transport to work bay:load=True:handoffs=0|H4:H4 trolley supply transfer:Transport to work bay:load=True:handoffs=0|H5:H5 rack inspection and replenishment:Transport to work bay:load=False:handoffs=0|F1:F1 inbound pallet replenishment:Transport to work bay:load=True:handoffs=0|F2:Outbound dispatch pallet collection:Transport to work bay:load=True:handoffs=0"
17.2457,10,59,157,-19.4498,0.0500,-15.0000,89.9386,1.2845,0.1606,-17.8000,0.0000,-15.0000,1.6505,7,"","","4.466:0.050:8.460|-4.200:0.050:-4.094|-15.613:0.050:-13.401|17.743:0.050:-7.978|8.407:0.050:-0.846","-0.653:0.000:-0.061|0.000:0.000:0.656|0.201:0.000:0.624|-0.437:0.000:0.489|-0.002:0.000:-0.800","-7.469:0.050:0.965|-11.056:0.050:9.759","0.332:0.000:-0.402|0.792:0.000:-0.171",False,False,Moving,60.00,40.00,3.00,MultiAgentTraffic,"P1:True|P2:True|P3:True|D1:True|D2:False|D3:True","H1:H1 rack picking and carton handoff:Transport to work bay:load=True:handoffs=0|H2:H2 cross-aisle carton transfer:Transport to work bay:load=True:handoffs=0|H3:Legitimate operation occupying station receiving bay:Transport to work bay:load=True:handoffs=0|H4:H4 trolley supply transfer:Transport to work bay:load=True:handoffs=0|H5:H5 rack inspection and replenishment:Transport to work bay:load=False:handoffs=0|F1:F1 inbound pallet replenishment:Transport to work bay:load=True:handoffs=0|F2:Outbound dispatch pallet collection:Transport to work bay:load=True:handoffs=0"
17.3629,10,59,158,-19.3091,0.0500,-15.0000,89.9530,2.1816,0.2174,-17.8000,0.0000,-15.0000,1.5099,7,"","","4.390:0.050:8.453|-4.200:0.050:-4.017|-15.590:0.050:-13.327|17.692:0.050:-7.920|8.407:0.050:-0.940","-0.653:0.000:-0.061|0.000:0.000:0.656|0.201:0.000:0.624|-0.437:0.000:0.489|-0.002:0.000:-0.800","-7.421:0.050:0.916|-10.955:0.050:9.746","0.451:0.000:-0.418|0.902:0.000:-0.072",False,False,Moving,60.00,40.00,3.00,MultiAgentTraffic,"P1:True|P2:True|P3:True|D1:True|D2:False|D3:True","H1:H1 rack picking and carton handoff:Transport to work bay:load=True:handoffs=0|H2:H2 cross-aisle carton transfer:Transport to work bay:load=True:handoffs=0|H3:Legitimate operation occupying station receiving bay:Transport to work bay:load=True:handoffs=0|H4:H4 trolley supply transfer:Transport to work bay:load=True:handoffs=0|H5:H5 rack inspection and replenishment:Transport to work bay:load=False:handoffs=0|F1:F1 inbound pallet replenishment:Transport to work bay:load=True:handoffs=0|F2:Outbound dispatch pallet collection:Transport to work bay:load=True:handoffs=0"
17.4873,10,59,159,-19.1599,0.0500,-15.0000,89.9645,1.4470,0.1049,-17.8000,0.0000,-15.0000,1.3608,7,"","","4.309:0.050:8.445|-4.200:0.050:-3.935|-15.565:0.050:-13.250|17.638:0.050:-7.859|8.407:0.050:-1.040","-0.653:0.000:-0.061|0.000:0.000:0.656|0.201:0.000:0.624|-0.437:0.000:0.489|-0.002:0.000:-0.800","-7.355:0.050:0.865|-10.835:0.050:9.745","0.586:0.000:-0.408|1.004:0.000:0.012",False,False,Moving,60.00,40.00,3.00,MultiAgentTraffic,"P1:True|P2:True|P3:True|D1:True|D2:False|D3:True","H1:H1 rack picking and carton handoff:Transport to work bay:load=True:handoffs=0|H2:H2 cross-aisle carton transfer:Transport to work bay:load=True:handoffs=0|H3:Legitimate operation occupying station receiving bay:Transport to work bay:load=True:handoffs=0|H4:H4 trolley supply transfer:Transport to work bay:load=True:handoffs=0|H5:H5 rack inspection and replenishment:Transport to work bay:load=False:handoffs=0|F1:F1 inbound pallet replenishment:Transport to work bay:load=True:handoffs=0|F2:Outbound dispatch pallet collection:Transport to work bay:load=True:handoffs=0"
17.5936,10,59,160,-19.0323,0.0500,-15.0000,89.9721,1.6687,0.0954,-17.8000,0.0000,-15.0000,1.2333,7,"","","4.239:0.050:8.439|-4.200:0.050:-3.865|-15.543:0.050:-13.183|17.591:0.050:-7.807|8.407:0.050:-1.125","-0.653:0.000:-0.061|0.000:0.000:0.656|0.201:0.000:0.624|-0.437:0.000:0.489|-0.002:0.000:-0.800","-7.285:0.050:0.823|-10.724:0.050:9.746","0.706:0.000:-0.375|1.066:0.000:0.012",False,False,Moving,60.00,40.00,3.00,MultiAgentTraffic,"P1:True|P2:True|P3:True|D1:True|D2:False|D3:True","H1:H1 rack picking and carton handoff:Transport to work bay:load=True:handoffs=0|H2:H2 cross-aisle carton transfer:Transport to work bay:load=True:handoffs=0|H3:Legitimate operation occupying station receiving bay:Transport to work bay:load=True:handoffs=0|H4:H4 trolley supply transfer:Transport to work bay:load=True:handoffs=0|H5:H5 rack inspection and replenishment:Transport to work bay:load=False:handoffs=0|F1:F1 inbound pallet replenishment:Transport to work bay:load=True:handoffs=0|F2:Outbound dispatch pallet collection:Transport to work bay:load=True:handoffs=0"
17.7090,10,59,161,-18.8938,0.0500,-15.0000,89.9785,1.3094,0.0572,-17.8000,0.0000,-15.0000,1.0949,7,"","","4.164:0.050:8.432|-4.200:0.050:-3.790|-15.520:0.050:-13.111|17.541:0.050:-7.751|8.407:0.050:-1.217","-0.653:0.000:-0.061|0.000:0.000:0.656|0.201:0.000:0.624|-0.437:0.000:0.489|-0.002:0.000:-0.800","-7.195:0.050:0.784|-10.601:0.050:9.748","0.835:0.000:-0.312|1.066:0.000:0.012",False,False,Moving,60.00,40.00,3.00,MultiAgentTraffic,"P1:True|P2:True|P3:True|D1:True|D2:False|D3:True","H1:H1 rack picking and carton handoff:Transport to work bay:load=True:handoffs=0|H2:H2 cross-aisle carton transfer:Transport to work bay:load=True:handoffs=0|H3:Legitimate operation occupying station receiving bay:Transport to work bay:load=True:handoffs=0|H4:H4 trolley supply transfer:Transport to work bay:load=True:handoffs=0|H5:H5 rack inspection and replenishment:Transport to work bay:load=False:handoffs=0|F1:F1 inbound pallet replenishment:Transport to work bay:load=True:handoffs=0|F2:Outbound dispatch pallet collection:Transport to work bay:load=True:handoffs=0"
17.8226,10,59,162,-18.7575,0.0500,-15.0000,89.9834,1.2980,0.0431,-17.8000,0.0000,-15.0000,0.9588,7,"","","4.090:0.050:8.425|-4.200:0.050:-3.715|-15.497:0.050:-13.040|17.491:0.050:-7.695|8.406:0.050:-1.308","-0.653:0.000:-0.061|0.000:0.000:0.656|0.201:0.000:0.624|-0.437:0.000:0.489|-0.002:0.000:-0.800","-7.091:0.050:0.754|-10.480:0.050:9.749","0.949:0.000:-0.254|1.066:0.000:0.012",False,False,Moving,60.00,40.00,3.00,MultiAgentTraffic,"P1:True|P2:True|P3:True|D1:True|D2:False|D3:True","H1:H1 rack picking and carton handoff:Transport to work bay:load=True:handoffs=0|H2:H2 cross-aisle carton transfer:Transport to work bay:load=True:handoffs=0|H3:Legitimate operation occupying station receiving bay:Transport to work bay:load=True:handoffs=0|H4:H4 trolley supply transfer:Transport to work bay:load=True:handoffs=0|H5:H5 rack inspection and replenishment:Transport to work bay:load=False:handoffs=0|F1:F1 inbound pallet replenishment:Transport to work bay:load=True:handoffs=0|F2:Outbound dispatch pallet collection:Transport to work bay:load=True:handoffs=0"
17.9377,10,59,163,-18.6194,0.0500,-15.0000,89.9872,0.0000,0.0000,-17.8000,0.0000,-15.0000,0.8209,7,"","","4.014:0.050:8.418|-4.200:0.050:-3.640|-15.474:0.050:-12.969|17.441:0.050:-7.639|8.406:0.050:-1.400","-0.653:0.000:-0.061|0.000:0.000:0.656|0.201:0.000:0.624|-0.437:0.000:0.489|-0.002:0.000:-0.800","-6.976:0.050:0.723|-10.357:0.050:9.750","1.030:0.000:-0.276|1.066:0.000:0.012",False,False,Moving,60.00,40.00,3.00,MultiAgentTraffic,"P1:True|P2:True|P3:True|D1:True|D2:False|D3:True","H1:H1 rack picking and carton handoff:Transport to work bay:load=True:handoffs=0|H2:H2 cross-aisle carton transfer:Transport to work bay:load=True:handoffs=0|H3:Legitimate operation occupying station receiving bay:Transport to work bay:load=True:handoffs=0|H4:H4 trolley supply transfer:Transport to work bay:load=True:handoffs=0|H5:H5 rack inspection and replenishment:Transport to work bay:load=False:handoffs=0|F1:F1 inbound pallet replenishment:Transport to work bay:load=True:handoffs=0|F2:Outbound dispatch pallet collection:Transport to work bay:load=True:handoffs=0"
18.0421,10,59,164,-18.4940,0.0500,-15.0000,89.9899,1.7644,0.0374,-17.8000,0.0000,-15.0000,0.6958,7,"","","3.946:0.050:8.411|-4.200:0.050:-3.571|-15.453:0.050:-12.903|17.396:0.050:-7.588|8.406:0.050:-1.484","-0.653:0.000:-0.061|0.000:0.000:0.656|0.201:0.000:0.624|-0.437:0.000:0.489|-0.002:0.000:-0.800","-6.869:0.050:0.694|-10.246:0.050:9.752","1.030:0.000:-0.276|1.066:0.000:0.012",False,False,Moving,60.00,40.00,3.00,MultiAgentTraffic,"P1:True|P2:True|P3:True|D1:True|D2:False|D3:True","H1:H1 rack picking and carton handoff:Transport to work bay:load=True:handoffs=0|H2:H2 cross-aisle carton transfer:Transport to work bay:load=True:handoffs=0|H3:Legitimate operation occupying station receiving bay:Transport to work bay:load=True:handoffs=0|H4:H4 trolley supply transfer:Transport to work bay:load=True:handoffs=0|H5:H5 rack inspection and replenishment:Transport to work bay:load=False:handoffs=0|F1:F1 inbound pallet replenishment:Transport to work bay:load=True:handoffs=0|F2:Outbound dispatch pallet collection:Transport to work bay:load=True:handoffs=0"
18.1581,10,59,165,-18.3601,0.0500,-15.0000,89.9922,0.0000,0.0000,-17.8000,0.0000,-15.0000,0.5623,7,"","","3.870:0.050:8.404|-4.200:0.050:-3.495|-15.429:0.050:-12.831|17.345:0.050:-7.531|8.406:0.050:-1.576","-0.653:0.000:-0.061|0.000:0.000:0.656|0.201:0.000:0.624|-0.437:0.000:0.489|-0.002:0.000:-0.800","-6.749:0.050:0.662|-10.122:0.050:9.753","1.030:0.000:-0.276|1.066:0.000:0.012",False,False,Moving,60.00,40.00,3.00,MultiAgentTraffic,"P1:True|P2:True|P3:True|D1:True|D2:False|D3:True","H1:H1 rack picking and carton handoff:Transport to work bay:load=True:handoffs=0|H2:H2 cross-aisle carton transfer:Transport to work bay:load=True:handoffs=0|H3:Legitimate operation occupying station receiving bay:Transport to work bay:load=True:handoffs=0|H4:H4 trolley supply transfer:Transport to work bay:load=True:handoffs=0|H5:H5 rack inspection and replenishment:Transport to work bay:load=False:handoffs=0|F1:F1 inbound pallet replenishment:Transport to work bay:load=True:handoffs=0|F2:Outbound dispatch pallet collection:Transport to work bay:load=True:handoffs=0"
18.2816,10,59,166,-18.2327,0.0500,-15.0000,89.9939,0.0000,0.0000,-17.8000,0.0000,-15.0000,0.4356,7,"","","3.790:0.050:8.397|-4.200:0.050:-3.414|-15.405:0.050:-12.754|17.291:0.050:-7.471|8.406:0.050:-1.675","-0.653:0.000:-0.061|0.000:0.000:0.656|0.201:0.000:0.624|-0.437:0.000:0.489|-0.002:0.000:-0.800","-6.622:0.050:0.628|-9.990:0.050:9.755","1.030:0.000:-0.276|1.066:0.000:0.012",False,False,Moving,60.00,40.00,3.00,MultiAgentTraffic,"P1:True|P2:True|P3:True|D1:True|D2:False|D3:True","H1:H1 rack picking and carton handoff:Transport to work bay:load=True:handoffs=0|H2:H2 cross-aisle carton transfer:Transport to work bay:load=True:handoffs=0|H3:Legitimate operation occupying station receiving bay:Transport to work bay:load=True:handoffs=0|H4:H4 trolley supply transfer:Transport to work bay:load=True:handoffs=0|H5:H5 rack inspection and replenishment:Transport to work bay:load=False:handoffs=0|F1:F1 inbound pallet replenishment:Transport to work bay:load=True:handoffs=0|F2:Outbound dispatch pallet collection:Transport to work bay:load=True:handoffs=0"
18.4075,10,59,167,-18.2319,0.0500,-14.9983,85.4025,0.0000,0.0000,12.3000,0.0000,13.5000,41.7655,7,"","","3.708:0.050:8.389|-4.200:0.050:-3.331|-15.379:0.050:-12.675|17.236:0.050:-7.409|8.405:0.050:-1.776","-0.653:0.000:-0.061|0.000:0.000:0.656|0.201:0.000:0.624|-0.437:0.000:0.489|-0.002:0.000:-0.800","-6.493:0.050:0.593|-9.856:0.050:9.756","1.030:0.000:-0.276|1.066:0.000:0.012",False,False,Moving,60.00,40.00,3.00,MultiAgentTraffic,"P1:True|P2:True|P3:True|D1:True|D2:False|D3:True","H1:H1 rack picking and carton handoff:Transport to work bay:load=True:handoffs=0|H2:H2 cross-aisle carton transfer:Transport to work bay:load=True:handoffs=0|H3:Legitimate operation occupying station receiving bay:Transport to work bay:load=True:handoffs=0|H4:H4 trolley supply transfer:Transport to work bay:load=True:handoffs=0|H5:H5 rack inspection and replenishment:Transport to work bay:load=False:handoffs=0|F1:F1 inbound pallet replenishment:Transport to work bay:load=True:handoffs=0|F2:Outbound dispatch pallet collection:Transport to work bay:load=True:handoffs=0"
18.5182,10,59,168,-18.2278,0.0500,-14.9896,78.3903,0.0000,0.0000,12.3000,0.0000,13.5000,41.7565,7,"","","3.635:0.050:8.382|-4.200:0.050:-3.259|-15.357:0.050:-12.606|17.188:0.050:-7.355|8.405:0.050:-1.864","-0.653:0.000:-0.061|0.000:0.000:0.656|0.201:0.000:0.624|-0.437:0.000:0.489|-0.002:0.000:-0.800","-6.379:0.050:0.563|-9.738:0.050:9.758","1.030:0.000:-0.276|1.066:0.000:0.012",False,False,Moving,60.00,40.00,3.00,MultiAgentTraffic,"P1:True|P2:True|P3:True|D1:True|D2:False|D3:True","H1:H1 rack picking and carton handoff:Transport to work bay:load=True:handoffs=0|H2:H2 cross-aisle carton transfer:Transport to work bay:load=True:handoffs=0|H3:Legitimate operation occupying station receiving bay:Transport to work bay:load=True:handoffs=0|H4:H4 trolley supply transfer:Transport to work bay:load=True:handoffs=0|H5:H5 rack inspection and replenishment:Transport to work bay:load=False:handoffs=0|F1:F1 inbound pallet replenishment:Transport to work bay:load=True:handoffs=0|F2:Outbound dispatch pallet collection:Transport to work bay:load=True:handoffs=0"
18.6394,10,59,169,-18.2193,0.0500,-14.9718,71.1945,0.0000,0.0000,12.3000,0.0000,13.5000,41.7382,7,"","","3.556:0.050:8.375|-4.200:0.050:-3.179|-15.332:0.050:-12.530|17.135:0.050:-7.295|8.405:0.050:-1.961","-0.653:0.000:-0.061|0.000:0.000:0.656|0.201:0.000:0.624|-0.437:0.000:0.489|-0.002:0.000:-0.800","-6.254:0.050:0.529|-9.609:0.050:9.759","1.030:0.000:-0.276|1.066:0.000:0.012",False,False,Moving,60.00,40.00,3.00,MultiAgentTraffic,"P1:True|P2:True|P3:True|D1:True|D2:False|D3:True","H1:H1 rack picking and carton handoff:Transport to work bay:load=True:handoffs=0|H2:H2 cross-aisle carton transfer:Transport to work bay:load=True:handoffs=0|H3:Legitimate operation occupying station receiving bay:Transport to work bay:load=True:handoffs=0|H4:H4 trolley supply transfer:Transport to work bay:load=True:handoffs=0|H5:H5 rack inspection and replenishment:Transport to work bay:load=False:handoffs=0|F1:F1 inbound pallet replenishment:Transport to work bay:load=True:handoffs=0|F2:Outbound dispatch pallet collection:Transport to work bay:load=True:handoffs=0"
18.7529,10,59,170,-18.2077,0.0500,-14.9474,64.9960,0.3120,-65.6433,12.3000,0.0000,13.5000,41.7130,7,"","","3.482:0.050:8.368|-4.200:0.050:-3.105|-15.310:0.050:-12.460|17.085:0.050:-7.240|8.405:0.050:-2.052","-0.653:0.000:-0.061|0.000:0.000:0.656|0.201:0.000:0.624|-0.437:0.000:0.489|-0.002:0.000:-0.800","-6.137:0.050:0.498|-9.488:0.050:9.760","1.030:0.000:-0.276|1.066:0.000:0.012",False,False,Moving,60.00,40.00,3.00,MultiAgentTraffic,"P1:True|P2:True|P3:True|D1:True|D2:False|D3:True","H1:H1 rack picking and carton handoff:Transport to work bay:load=True:handoffs=0|H2:H2 cross-aisle carton transfer:Transport to work bay:load=True:handoffs=0|H3:Legitimate operation occupying station receiving bay:Transport to work bay:load=True:handoffs=0|H4:H4 trolley supply transfer:Transport to work bay:load=True:handoffs=0|H5:H5 rack inspection and replenishment:Transport to work bay:load=False:handoffs=0|F1:F1 inbound pallet replenishment:Transport to work bay:load=True:handoffs=0|F2:Outbound dispatch pallet collection:Transport to work bay:load=True:handoffs=0"
18.9080,10,59,171,-18.1874,0.0500,-14.9046,56.9520,0.0000,0.0000,12.3000,0.0000,13.5000,41.6690,7,"","","3.381:0.050:8.358|-4.200:0.050:-3.003|-15.278:0.050:-12.363|17.017:0.050:-7.164|8.405:0.050:-2.176","-0.653:0.000:-0.061|0.000:0.000:0.656|0.201:0.000:0.624|-0.437:0.000:0.489|-0.002:0.000:-0.800","-5.977:0.050:0.455|-9.323:0.050:9.762","1.030:0.000:-0.276|1.066:0.000:0.012",False,False,Moving,60.00,40.00,3.00,MultiAgentTraffic,"P1:True|P2:True|P3:True|D1:True|D2:False|D3:True","H1:H1 rack picking and carton handoff:Transport to work bay:load=True:handoffs=0|H2:H2 cross-aisle carton transfer:Transport to work bay:load=True:handoffs=0|H3:Legitimate operation occupying station receiving bay:Transport to work bay:load=True:handoffs=0|H4:H4 trolley supply transfer:Transport to work bay:load=True:handoffs=0|H5:H5 rack inspection and replenishment:Transport to work bay:load=False:handoffs=0|F1:F1 inbound pallet replenishment:Transport to work bay:load=True:handoffs=0|F2:Outbound dispatch pallet collection:Transport to work bay:load=True:handoffs=0"
19.0137,10,59,172,-18.1686,0.0500,-14.8650,52.4816,0.3257,-32.4768,12.3000,0.0000,13.5000,41.6283,7,"","","3.312:0.050:8.352|-4.200:0.050:-2.934|-15.257:0.050:-12.297|16.971:0.050:-7.112|8.405:0.050:-2.261","-0.653:0.000:-0.061|0.000:0.000:0.656|0.201:0.000:0.624|-0.437:0.000:0.489|-0.002:0.000:-0.800","-5.868:0.050:0.426|-9.210:0.050:9.764","1.030:0.000:-0.276|1.066:0.000:0.012",False,False,Moving,60.00,40.00,3.00,MultiAgentTraffic,"P1:True|P2:True|P3:True|D1:True|D2:False|D3:True","H1:H1 rack picking and carton handoff:Transport to work bay:load=True:handoffs=0|H2:H2 cross-aisle carton transfer:Transport to work bay:load=True:handoffs=0|H3:Legitimate operation occupying station receiving bay:Transport to work bay:load=True:handoffs=0|H4:H4 trolley supply transfer:Transport to work bay:load=True:handoffs=0|H5:H5 rack inspection and replenishment:Transport to work bay:load=False:handoffs=0|F1:F1 inbound pallet replenishment:Transport to work bay:load=True:handoffs=0|F2:Outbound dispatch pallet collection:Transport to work bay:load=True:handoffs=0"
19.1166,10,59,173,-18.1473,0.0500,-14.8201,48.5749,0.3963,-29.2603,12.3000,0.0000,13.5000,41.5821,7,"","","3.244:0.050:8.346|-4.200:0.050:-2.866|-15.236:0.050:-12.233|16.926:0.050:-7.062|8.404:0.050:-2.343","-0.653:0.000:-0.061|0.000:0.000:0.656|0.201:0.000:0.624|-0.437:0.000:0.489|-0.002:0.000:-0.800","-5.762:0.050:0.398|-9.100:0.050:9.765","1.030:0.000:-0.276|1.066:0.000:0.012",False,False,Moving,60.00,40.00,3.00,MultiAgentTraffic,"P1:True|P2:True|P3:True|D1:True|D2:False|D3:True","H1:H1 rack picking and carton handoff:Transport to work bay:load=True:handoffs=0|H2:H2 cross-aisle carton transfer:Transport to work bay:load=True:handoffs=0|H3:Legitimate operation occupying station receiving bay:Transport to work bay:load=True:handoffs=0|H4:H4 trolley supply transfer:Transport to work bay:load=True:handoffs=0|H5:H5 rack inspection and replenishment:Transport to work bay:load=False:handoffs=0|F1:F1 inbound pallet replenishment:Transport to work bay:load=True:handoffs=0|F2:Outbound dispatch pallet collection:Transport to work bay:load=True:handoffs=0"
19.2258,10,59,174,-18.1215,0.0500,-14.7658,44.8876,0.4437,-25.6607,12.3000,0.0000,13.5000,41.5262,7,"","","3.173:0.050:8.339|-4.200:0.050:-2.795|-15.214:0.050:-12.164|16.879:0.050:-7.008|8.404:0.050:-2.431","-0.653:0.000:-0.061|0.000:0.000:0.656|0.201:0.000:0.624|-0.437:0.000:0.489|-0.002:0.000:-0.800","-5.650:0.050:0.368|-8.984:0.050:9.766","1.030:0.000:-0.276|1.066:0.000:0.012",False,False,Moving,60.00,40.00,3.00,MultiAgentTraffic,"P1:True|P2:True|P3:True|D1:True|D2:False|D3:True","H1:H1 rack picking and carton handoff:Transport to work bay:load=True:handoffs=0|H2:H2 cross-aisle carton transfer:Transport to work bay:load=True:handoffs=0|H3:Legitimate operation occupying station receiving bay:Transport to work bay:load=True:handoffs=0|H4:H4 trolley supply transfer:Transport to work bay:load=True:handoffs=0|H5:H5 rack inspection and replenishment:Transport to work bay:load=False:handoffs=0|F1:F1 inbound pallet replenishment:Transport to work bay:load=True:handoffs=0|F2:Outbound dispatch pallet collection:Transport to work bay:load=True:handoffs=0"
19.3440,10,59,175,-18.0899,0.0500,-14.6991,41.4070,0.6376,-28.2364,12.3000,0.0000,13.5000,41.4577,7,"","","3.096:0.050:8.332|-4.200:0.050:-2.717|-15.191:0.050:-12.091|16.827:0.050:-6.951|8.404:0.050:-2.525","-0.653:0.000:-0.061|0.000:0.000:0.656|0.201:0.000:0.624|-0.437:0.000:0.489|-0.002:0.000:-0.800","-5.528:0.050:0.335|-8.858:0.050:9.768","1.030:0.000:-0.276|1.066:0.000:0.012",False,False,Moving,60.00,40.00,3.00,MultiAgentTraffic,"P1:True|P2:True|P3:True|D1:True|D2:False|D3:True","H1:H1 rack picking and carton handoff:Transport to work bay:load=True:handoffs=0|H2:H2 cross-aisle carton transfer:Transport to work bay:load=True:handoffs=0|H3:Legitimate operation occupying station receiving bay:Transport to work bay:load=True:handoffs=0|H4:H4 trolley supply transfer:Transport to work bay:load=True:handoffs=0|H5:H5 rack inspection and replenishment:Transport to work bay:load=False:handoffs=0|F1:F1 inbound pallet replenishment:Transport to work bay:load=True:handoffs=0|F2:Outbound dispatch pallet collection:Transport to work bay:load=True:handoffs=0"
19.4465,10,59,176,-18.0593,0.0500,-14.6347,38.7880,0.9014,-31.7414,12.3000,0.0000,13.5000,41.3914,7,"","","3.029:0.050:8.325|-4.200:0.050:-2.650|-15.170:0.050:-12.027|16.782:0.050:-6.900|8.404:0.050:-2.607","-0.653:0.000:-0.061|0.000:0.000:0.656|0.201:0.000:0.624|-0.437:0.000:0.489|-0.002:0.000:-0.800","-5.423:0.050:0.307|-8.749:0.050:9.769","1.030:0.000:-0.276|1.066:0.000:0.012",False,False,Moving,60.00,40.00,3.00,MultiAgentTraffic,"P1:True|P2:True|P3:True|D1:True|D2:False|D3:True","H1:H1 rack picking and carton handoff:Transport to work bay:load=True:handoffs=0|H2:H2 cross-aisle carton transfer:Transport to work bay:load=True:handoffs=0|H3:Legitimate operation occupying station receiving bay:Transport to work bay:load=True:handoffs=0|H4:H4 trolley supply transfer:Transport to work bay:load=True:handoffs=0|H5:H5 rack inspection and replenishment:Transport to work bay:load=False:handoffs=0|F1:F1 inbound pallet replenishment:Transport to work bay:load=True:handoffs=0|F2:Outbound dispatch pallet collection:Transport to work bay:load=True:handoffs=0"
19.5539,10,59,177,-18.0241,0.0500,-14.5605,36.4266,0.6960,-19.4641,12.3000,0.0000,13.5000,41.3151,7,"","","2.959:0.050:8.319|-4.200:0.050:-2.579|-15.148:0.050:-11.960|16.735:0.050:-6.848|8.404:0.050:-2.693","-0.653:0.000:-0.061|0.000:0.000:0.656|0.201:0.000:0.624|-0.437:0.000:0.489|-0.002:0.000:-0.800","-5.312:0.050:0.277|-8.634:0.050:9.770","1.030:0.000:-0.276|1.066:0.000:0.012",False,False,Moving,60.00,40.00,3.00,MultiAgentTraffic,"P1:True|P2:True|P3:True|D1:True|D2:False|D3:True","H1:H1 rack picking and carton handoff:Transport to work bay:load=True:handoffs=0|H2:H2 cross-aisle carton transfer:Transport to work bay:load=True:handoffs=0|H3:Legitimate operation occupying station receiving bay:Transport to work bay:load=True:handoffs=0|H4:H4 trolley supply transfer:Transport to work bay:load=True:handoffs=0|H5:H5 rack inspection and replenishment:Transport to work bay:load=False:handoffs=0|F1:F1 inbound pallet replenishment:Transport to work bay:load=True:handoffs=0|F2:Outbound dispatch pallet collection:Transport to work bay:load=True:handoffs=0"
19.6624,10,59,178,-17.9852,0.0500,-14.4786,34.3923,0.8493,-17.9901,12.3000,0.0000,13.5000,41.2311,7,"","","2.888:0.050:8.312|-4.200:0.050:-2.508|-15.126:0.050:-11.892|16.688:0.050:-6.795|8.403:0.050:-2.780","-0.653:0.000:-0.061|0.000:0.000:0.656|0.201:0.000:0.624|-0.437:0.000:0.489|-0.002:0.000:-0.800","-5.200:0.050:0.247|-8.518:0.050:9.772","1.030:0.000:-0.276|1.066:0.000:0.012",False,False,Moving,60.00,40.00,3.00,MultiAgentTraffic,"P1:True|P2:True|P3:True|D1:True|D2:False|D3:True","H1:H1 rack picking and carton handoff:Transport to work bay:load=True:handoffs=0|H2:H2 cross-aisle carton transfer:Transport to work bay:load=True:handoffs=0|H3:Legitimate operation occupying station receiving bay:Transport to work bay:load=True:handoffs=0|H4:H4 trolley supply transfer:Transport to work bay:load=True:handoffs=0|H5:H5 rack inspection and replenishment:Transport to work bay:load=False:handoffs=0|F1:F1 inbound pallet replenishment:Transport to work bay:load=True:handoffs=0|F2:Outbound dispatch pallet collection:Transport to work bay:load=True:handoffs=0"
19.7656,10,59,179,-17.9452,0.0500,-14.3943,32.7526,0.8734,-14.5050,12.3000,0.0000,13.5000,41.1445,7,"","","2.821:0.050:8.306|-4.200:0.050:-2.441|-15.106:0.050:-11.827|16.643:0.050:-6.744|8.403:0.050:-2.862","-0.653:0.000:-0.061|0.000:0.000:0.656|0.201:0.000:0.624|-0.437:0.000:0.489|-0.002:0.000:-0.800","-5.094:0.050:0.219|-8.408:0.050:9.773","1.030:0.000:-0.276|1.066:0.000:0.012",False,False,Moving,60.00,40.00,3.00,MultiAgentTraffic,"P1:True|P2:True|P3:True|D1:True|D2:False|D3:True","H1:H1 rack picking and carton handoff:Transport to work bay:load=True:handoffs=0|H2:H2 cross-aisle carton transfer:Transport to work bay:load=True:handoffs=0|H3:Legitimate operation occupying station receiving bay:Transport to work bay:load=True:handoffs=0|H4:H4 trolley supply transfer:Transport to work bay:load=True:handoffs=0|H5:H5 rack inspection and replenishment:Transport to work bay:load=False:handoffs=0|F1:F1 inbound pallet replenishment:Transport to work bay:load=True:handoffs=0|F2:Outbound dispatch pallet collection:Transport to work bay:load=True:handoffs=0"
19.8663,10,59,180,-17.9033,0.0500,-14.3060,31.4000,0.7516,-9.7931,12.3000,0.0000,13.5000,41.0538,7,"","","2.755:0.050:8.300|-4.200:0.050:-2.375|-15.085:0.050:-11.764|16.599:0.050:-6.695|8.403:0.050:-2.943","-0.653:0.000:-0.061|0.000:0.000:0.656|0.201:0.000:0.624|-0.437:0.000:0.489|-0.002:0.000:-0.800","-4.990:0.050:0.191|-8.301:0.050:9.774","1.030:0.000:-0.276|1.066:0.000:0.012",False,False,Moving,60.00,40.00,3.00,MultiAgentTraffic,"P1:True|P2:True|P3:True|D1:True|D2:False|D3:True","H1:H1 rack picking and carton handoff:Transport to work bay:load=True:handoffs=0|H2:H2 cross-aisle carton transfer:Transport to work bay:load=True:handoffs=0|H3:Legitimate operation occupying station receiving bay:Transport to work bay:load=True:handoffs=0|H4:H4 trolley supply transfer:Transport to work bay:load=True:handoffs=0|H5:H5 rack inspection and replenishment:Transport to work bay:load=False:handoffs=0|F1:F1 inbound pallet replenishment:Transport to work bay:load=True:handoffs=0|F2:Outbound dispatch pallet collection:Transport to work bay:load=True:handoffs=0"
19.9777,10,59,181,-17.8536,0.0500,-14.2013,30.1553,0.8220,-8.1802,12.3000,0.0000,13.5000,40.9464,7,"","","2.682:0.050:8.293|-4.200:0.050:-2.301|-15.063:0.050:-11.695|16.550:0.050:-6.640|8.403:0.050:-3.032","-0.653:0.000:-0.061|0.000:0.000:0.656|0.201:0.000:0.624|-0.437:0.000:0.489|-0.002:0.000:-0.800","-4.876:0.050:0.160|-8.182:0.050:9.775","1.030:0.000:-0.276|1.066:0.000:0.012",False,False,Moving,60.00,40.00,3.00,MultiAgentTraffic,"P1:True|P2:True|P3:True|D1:True|D2:False|D3:True","H1:H1 rack picking and carton handoff:Transport to work bay:load=True:handoffs=0|H2:H2 cross-aisle carton transfer:Transport to work bay:load=True:handoffs=0|H3:Legitimate operation occupying station receiving bay:Transport to work bay:load=True:handoffs=0|H4:H4 trolley supply transfer:Transport to work bay:load=True:handoffs=0|H5:H5 rack inspection and replenishment:Transport to work bay:load=False:handoffs=0|F1:F1 inbound pallet replenishment:Transport to work bay:load=True:handoffs=0|F2:Outbound dispatch pallet collection:Transport to work bay:load=True:handoffs=0"
20.0903,10,59,182,-17.7999,0.0500,-14.0883,29.1226,1.8347,-14.2304,12.3000,0.0000,13.5000,40.8304,7,"","","2.608:0.050:8.286|-4.200:0.050:-2.228|-15.040:0.050:-11.625|16.501:0.050:-6.585|8.403:0.050:-3.122","-0.653:0.000:-0.061|0.000:0.000:0.656|0.201:0.000:0.624|-0.437:0.000:0.489|-0.002:0.000:-0.800","-4.760:0.050:0.129|-8.062:0.050:9.777","1.030:0.000:-0.276|1.066:0.000:0.012",False,False,Moving,60.00,40.00,3.00,MultiAgentTraffic,"P1:True|P2:True|P3:True|D1:True|D2:False|D3:True","H1:H1 rack picking and carton handoff:Transport to work bay:load=True:handoffs=0|H2:H2 cross-aisle carton transfer:Transport to work bay:load=True:handoffs=0|H3:Legitimate operation occupying station receiving bay:Transport to work bay:load=True:handoffs=0|H4:H4 trolley supply transfer:Transport to work bay:load=True:handoffs=0|H5:H5 rack inspection and replenishment:Transport to work bay:load=False:handoffs=0|F1:F1 inbound pallet replenishment:Transport to work bay:load=True:handoffs=0|F2:Outbound dispatch pallet collection:Transport to work bay:load=True:handoffs=0"
20.2047,10,59,183,-17.7420,0.0500,-13.9661,28.2830,0.9312,-5.2826,12.3000,0.0000,13.5000,40.7052,7,"","","2.534:0.050:8.279|-4.200:0.050:-2.153|-15.017:0.050:-11.553|16.451:0.050:-6.529|8.403:0.050:-3.214","-0.653:0.000:-0.061|0.000:0.000:0.656|0.201:0.000:0.624|-0.437:0.000:0.489|-0.002:0.000:-0.800","-4.642:0.050:0.098|-7.940:0.050:9.778","1.030:0.000:-0.276|1.066:0.000:0.012",False,False,Moving,60.00,40.00,3.00,MultiAgentTraffic,"P1:True|P2:True|P3:True|D1:True|D2:False|D3:True","H1:H1 rack picking and carton handoff:Transport to work bay:load=True:handoffs=0|H2:H2 cross-aisle carton transfer:Transport to work bay:load=True:handoffs=0|H3:Legitimate operation occupying station receiving bay:Transport to work bay:load=True:handoffs=0|H4:H4 trolley supply transfer:Transport to work bay:load=True:handoffs=0|H5:H5 rack inspection and replenishment:Transport to work bay:load=False:handoffs=0|F1:F1 inbound pallet replenishment:Transport to work bay:load=True:handoffs=0|F2:Outbound dispatch pallet collection:Transport to work bay:load=True:handoffs=0"
20.3090,10,59,184,-17.6883,0.0500,-13.8529,27.6791,1.9727,-9.0683,12.3000,0.0000,13.5000,40.5892,7,"","","2.466:0.050:8.273|-4.200:0.050:-2.084|-14.996:0.050:-11.488|16.406:0.050:-6.478|8.402:0.050:-3.297","-0.653:0.000:-0.061|0.000:0.000:0.656|0.201:0.000:0.624|-0.437:0.000:0.489|-0.002:0.000:-0.800","-4.535:0.050:0.069|-7.829:0.050:9.780","1.030:0.000:-0.276|1.066:0.000:0.012",False,False,Moving,60.00,40.00,3.00,MultiAgentTraffic,"P1:True|P2:True|P3:True|D1:True|D2:False|D3:True","H1:H1 rack picking and carton handoff:Transport to work bay:load=True:handoffs=0|H2:H2 cross-aisle carton transfer:Transport to work bay:load=True:handoffs=0|H3:Legitimate operation occupying station receiving bay:Transport to work bay:load=True:handoffs=0|H4:H4 trolley supply transfer:Transport to work bay:load=True:handoffs=0|H5:H5 rack inspection and replenishment:Transport to work bay:load=False:handoffs=0|F1:F1 inbound pallet replenishment:Transport to work bay:load=True:handoffs=0|F2:Outbound dispatch pallet collection:Transport to work bay:load=True:handoffs=0"
20.4217,10,59,185,-17.6303,0.0500,-13.7308,27.1675,1.1491,-4.0878,12.3000,0.0000,13.5000,40.4641,7,"","","2.392:0.050:8.266|-4.200:0.050:-2.010|-14.974:0.050:-11.418|16.356:0.050:-6.423|8.402:0.050:-3.387","-0.653:0.000:-0.061|0.000:0.000:0.656|0.201:0.000:0.624|-0.437:0.000:0.489|-0.002:0.000:-0.800","-4.419:0.050:0.038|-7.709:0.050:9.781","1.030:0.000:-0.276|1.066:0.000:0.012",False,False,Moving,60.00,40.00,3.00,MultiAgentTraffic,"P1:True|P2:True|P3:True|D1:True|D2:False|D3:True","H1:H1 rack picking and carton handoff:Transport to work bay:load=True:handoffs=0|H2:H2 cross-aisle carton transfer:Transport to work bay:load=True:handoffs=0|H3:Legitimate operation occupying station receiving bay:Transport to work bay:load=True:handoffs=0|H4:H4 trolley supply transfer:Transport to work bay:load=True:handoffs=0|H5:H5 rack inspection and replenishment:Transport to work bay:load=False:handoffs=0|F1:F1 inbound pallet replenishment:Transport to work bay:load=True:handoffs=0|F2:Outbound dispatch pallet collection:Transport to work bay:load=True:handoffs=0"
20.5289,10,59,186,-17.5751,0.0500,-13.6146,26.7875,1.9499,-5.4657,12.3000,0.0000,13.5000,40.3451,7,"","","2.322:0.050:8.259|-4.200:0.050:-1.940|-14.952:0.050:-11.351|16.310:0.050:-6.371|8.402:0.050:-3.473","-0.653:0.000:-0.061|0.000:0.000:0.656|0.201:0.000:0.624|-0.437:0.000:0.489|-0.002:0.000:-0.800","-4.308:0.050:0.008|-7.595:0.050:9.782","1.030:0.000:-0.276|1.066:0.000:0.012",False,False,Moving,60.00,40.00,3.00,MultiAgentTraffic,"P1:True|P2:True|P3:True|D1:True|D2:False|D3:True","H1:H1 rack picking and carton handoff:Transport to work bay:load=True:handoffs=0|H2:H2 cross-aisle carton transfer:Transport to work bay:load=True:handoffs=0|H3:Legitimate operation occupying station receiving bay:Transport to work bay:load=True:handoffs=0|H4:H4 trolley supply transfer:Transport to work bay:load=True:handoffs=0|H5:H5 rack inspection and replenishment:Transport to work bay:load=False:handoffs=0|F1:F1 inbound pallet replenishment:Transport to work bay:load=True:handoffs=0|F2:Outbound dispatch pallet collection:Transport to work bay:load=True:handoffs=0"
20.6300,10,59,187,-17.5231,0.0500,-13.5050,26.5044,2.0634,-4.6188,12.3000,0.0000,13.5000,40.2329,7,"","","2.256:0.050:8.253|-4.200:0.050:-1.874|-14.932:0.050:-11.288|16.265:0.050:-6.321|8.402:0.050:-3.554","-0.653:0.000:-0.061|0.000:0.000:0.656|0.201:0.000:0.624|-0.437:0.000:0.489|-0.002:0.000:-0.800","-4.204:0.050:-0.020|-7.487:0.050:9.783","1.030:0.000:-0.276|1.066:0.000:0.012",False,False,Moving,60.00,40.00,3.00,MultiAgentTraffic,"P1:True|P2:True|P3:True|D1:True|D2:False|D3:True","H1:H1 rack picking and carton handoff:Transport to work bay:load=True:handoffs=0|H2:H2 cross-aisle carton transfer:Transport to work bay:load=True:handoffs=0|H3:Legitimate operation occupying station receiving bay:Transport to work bay:load=True:handoffs=0|H4:H4 trolley supply transfer:Transport to work bay:load=True:handoffs=0|H5:H5 rack inspection and replenishment:Transport to work bay:load=False:handoffs=0|F1:F1 inbound pallet replenishment:Transport to work bay:load=True:handoffs=0|F2:Outbound dispatch pallet collection:Transport to work bay:load=True:handoffs=0"
20.7415,10,59,188,-17.4657,0.0500,-13.3841,26.2585,0.8775,-1.4938,12.3000,0.0000,13.5000,40.1093,7,"","","2.183:0.050:8.246|-4.200:0.050:-1.800|-14.909:0.050:-11.218|16.217:0.050:-6.267|8.402:0.050:-3.643","-0.653:0.000:-0.061|0.000:0.000:0.656|0.201:0.000:0.624|-0.437:0.000:0.489|-0.002:0.000:-0.800","-4.089:0.050:-0.050|-7.368:0.050:9.785","1.030:0.000:-0.276|1.066:0.000:0.012",False,False,Moving,60.00,40.00,3.00,MultiAgentTraffic,"P1:True|P2:True|P3:True|D1:True|D2:False|D3:True","H1:H1 rack picking and carton handoff:Transport to work bay:load=True:handoffs=0|H2:H2 cross-aisle carton transfer:Transport to work bay:load=True:handoffs=0|H3:Legitimate operation occupying station receiving bay:Transport to work bay:load=True:handoffs=0|H4:H4 trolley supply transfer:Transport to work bay:load=True:handoffs=0|H5:H5 rack inspection and replenishment:Transport to work bay:load=False:handoffs=0|F1:F1 inbound pallet replenishment:Transport to work bay:load=True:handoffs=0|F2:Outbound dispatch pallet collection:Transport to work bay:load=True:handoffs=0"
20.8524,10,59,189,-17.4086,0.0500,-13.2639,26.0677,0.8969,-1.2283,12.3000,0.0000,13.5000,39.9864,7,"","","2.111:0.050:8.239|-4.200:0.050:-1.728|-14.887:0.050:-11.149|16.168:0.050:-6.212|8.402:0.050:-3.732","-0.653:0.000:-0.061|0.000:0.000:0.656|0.201:0.000:0.624|-0.437:0.000:0.489|-0.002:0.000:-0.800","-3.975:0.050:-0.081|-7.250:0.050:9.786","1.030:0.000:-0.276|1.066:0.000:0.012",False,False,Moving,60.00,40.00,3.00,MultiAgentTraffic,"P1:True|P2:True|P3:True|D1:True|D2:False|D3:True","H1:H1 rack picking and carton handoff:Transport to work bay:load=True:handoffs=0|H2:H2 cross-aisle carton transfer:Transport to work bay:load=True:handoffs=0|H3:Legitimate operation occupying station receiving bay:Transport to work bay:load=True:handoffs=0|H4:H4 trolley supply transfer:Transport to work bay:load=True:handoffs=0|H5:H5 rack inspection and replenishment:Transport to work bay:load=False:handoffs=0|F1:F1 inbound pallet replenishment:Transport to work bay:load=True:handoffs=0|F2:Outbound dispatch pallet collection:Transport to work bay:load=True:handoffs=0"
20.9594,10,59,190,-17.3536,0.0500,-13.1479,25.9237,0.8876,-0.9247,12.3000,0.0000,13.5000,39.8679,7,"","","2.041:0.050:8.233|-4.200:0.050:-1.677|-14.865:0.050:-11.082|16.122:0.050:-6.160|8.401:0.050:-3.817","-0.653:0.000:-0.061|0.000:0.000:0.000|0.201:0.000:0.624|-0.437:0.000:0.489|-0.002:0.000:-0.800","-3.865:0.050:-0.111|-7.136:0.050:9.787","1.030:0.000:-0.276|1.066:0.000:0.012",False,False,Moving,60.00,40.00,3.00,MultiAgentTraffic,"P1:True|P2:True|P3:True|D1:True|D2:False|D3:True","H1:H1 rack picking and carton handoff:Transport to work bay:load=True:handoffs=0|H2:H2 cross-aisle carton transfer:Transport to work bay:load=True:handoffs=0|H3:Legitimate operation occupying station receiving bay:Transport to work bay:load=True:handoffs=0|H4:H4 trolley supply transfer:Transport to work bay:load=True:handoffs=0|H5:H5 rack inspection and replenishment:Transport to work bay:load=False:handoffs=0|F1:F1 inbound pallet replenishment:Transport to work bay:load=True:handoffs=0|F2:Outbound dispatch pallet collection:Transport to work bay:load=True:handoffs=0"
21.0706,10,59,191,-17.2964,0.0500,-13.0274,25.8064,1.8022,-1.4954,12.3000,0.0000,13.5000,39.7448,7,"","","1.968:0.050:8.226|-4.201:0.050:-1.631|-14.843:0.050:-11.013|16.073:0.050:-6.105|8.401:0.050:-3.906","-0.653:0.000:-0.061|0.000:0.000:0.555|0.201:0.000:0.624|-0.437:0.000:0.489|-0.002:0.000:-0.800","-3.750:0.050:-0.141|-7.017:0.050:9.789","1.030:0.000:-0.276|1.066:0.000:0.012",False,False,Moving,60.00,40.00,3.00,MultiAgentTraffic,"P1:True|P2:True|P3:True|D1:True|D2:False|D3:True","H1:H1 rack picking and carton handoff:Transport to work bay:load=True:handoffs=0|H2:H2 cross-aisle carton transfer:Transport to work bay:load=True:handoffs=0|H3:Legitimate operation occupying station receiving bay:Transport to work bay:load=True:handoffs=0|H4:H4 trolley supply transfer:Transport to work bay:load=True:handoffs=0|H5:H5 rack inspection and replenishment:Transport to work bay:load=False:handoffs=0|F1:F1 inbound pallet replenishment:Transport to work bay:load=True:handoffs=0|F2:Outbound dispatch pallet collection:Transport to work bay:load=True:handoffs=0"
21.1759,10,59,192,-17.2422,0.0500,-12.9133,25.7194,0.8907,-0.5722,12.3000,0.0000,13.5000,39.6283,7,"","","1.899:0.050:8.220|-4.201:0.050:-1.608|-14.822:0.050:-10.947|16.027:0.050:-6.054|8.401:0.050:-3.991","-0.653:0.000:-0.061|0.000:0.000:0.000|0.201:0.000:0.624|-0.437:0.000:0.489|-0.002:0.000:-0.800","-3.642:0.050:-0.170|-6.905:0.050:9.790","1.030:0.000:-0.276|1.066:0.000:0.012",False,False,Moving,60.00,40.00,3.00,MultiAgentTraffic,"P1:True|P2:True|P3:True|D1:True|D2:False|D3:True","H1:H1 rack picking and carton handoff:Transport to work bay:load=True:handoffs=0|H2:H2 cross-aisle carton transfer:Transport to work bay:load=True:handoffs=0|H3:Legitimate operation occupying station receiving bay:Transport to work bay:load=True:handoffs=0|H4:H4 trolley supply transfer:Transport to work bay:load=True:handoffs=0|H5:H5 rack inspection and replenishment:Transport to work bay:load=False:handoffs=0|F1:F1 inbound pallet replenishment:Transport to work bay:load=True:handoffs=0|F2:Outbound dispatch pallet collection:Transport to work bay:load=True:handoffs=0"
21.2917,10,59,193,-17.1826,0.0500,-12.7876,25.6443,0.8711,-0.4395,12.3000,0.0000,13.5000,39.5002,7,"","","1.824:0.050:8.213|-4.201:0.050:-1.570|-14.798:0.050:-10.875|15.976:0.050:-5.997|8.401:0.050:-4.083","-0.653:0.000:-0.061|0.000:0.000:0.435|0.201:0.000:0.624|-0.437:0.000:0.489|-0.002:0.000:-0.800","-3.523:0.050:-0.202|-6.782:0.050:9.792","1.030:0.000:-0.276|1.066:0.000:0.012",False,False,Moving,60.00,40.00,3.00,MultiAgentTraffic,"P1:True|P2:True|P3:True|D1:True|D2:False|D3:True","H1:H1 rack picking and carton handoff:Transport to work bay:load=True:handoffs=0|H2:H2 cross-aisle carton transfer:Transport to work bay:load=True:handoffs=0|H3:Legitimate operation occupying station receiving bay:Transport to work bay:load=True:handoffs=0|H4:H4 trolley supply transfer:Transport to work bay:load=True:handoffs=0|H5:H5 rack inspection and replenishment:Transport to work bay:load=False:handoffs=0|F1:F1 inbound pallet replenishment:Transport to work bay:load=True:handoffs=0|F2:Outbound dispatch pallet collection:Transport to work bay:load=True:handoffs=0"
21.4045,10,59,194,-17.1246,0.0500,-12.6654,25.5879,0.8995,-0.3464,12.3000,0.0000,13.5000,39.3756,7,"","","1.750:0.050:8.206|-4.204:0.050:-1.538|-14.776:0.050:-10.804|15.927:0.050:-5.942|8.401:0.050:-4.173","-0.653:0.000:-0.061|-0.042:0.000:0.292|0.201:0.000:0.624|-0.437:0.000:0.489|-0.002:0.000:-0.800","-3.407:0.050:-0.233|-6.662:0.050:9.793","1.030:0.000:-0.276|1.066:0.000:0.012",False,False,Moving,60.00,40.00,3.00,MultiAgentTraffic,"P1:True|P2:True|P3:True|D1:True|D2:False|D3:True","H1:H1 rack picking and carton handoff:Transport to work bay:load=True:handoffs=0|H2:H2 cross-aisle carton transfer:Transport to work bay:load=True:handoffs=0|H3:Legitimate operation occupying station receiving bay:Transport to work bay:load=True:handoffs=0|H4:H4 trolley supply transfer:Transport to work bay:load=True:handoffs=0|H5:H5 rack inspection and replenishment:Transport to work bay:load=False:handoffs=0|F1:F1 inbound pallet replenishment:Transport to work bay:load=True:handoffs=0|F2:Outbound dispatch pallet collection:Transport to work bay:load=True:handoffs=0"
21.5144,10,59,195,-17.0680,0.0500,-12.5463,25.5451,0.8713,-0.2731,12.3000,0.0000,13.5000,39.2542,7,"","","1.678:0.050:8.199|-4.209:0.050:-1.509|-14.753:0.050:-10.736|15.879:0.050:-5.888|8.401:0.050:-4.223","-0.653:0.000:-0.061|-0.073:0.000:0.256|0.201:0.000:0.624|-0.437:0.000:0.489|0.000:0.000:0.000","-3.293:0.050:-0.264|-6.544:0.050:9.794","1.030:0.000:-0.276|1.066:0.000:0.012",False,False,Moving,60.00,40.00,3.00,MultiAgentTraffic,"P1:True|P2:True|P3:True|D1:True|D2:False|D3:True","H1:H1 rack picking and carton handoff:Transport to work bay:load=True:handoffs=0|H2:H2 cross-aisle carton transfer:Transport to work bay:load=True:handoffs=0|H3:Legitimate operation occupying station receiving bay:Transport to work bay:load=True:handoffs=0|H4:H4 trolley supply transfer:Transport to work bay:load=True:handoffs=0|H5:H5 rack inspection and replenishment:Inspect / replenish rack:load=False:handoffs=1|F1:F1 inbound pallet replenishment:Transport to work bay:load=True:handoffs=0|F2:Outbound dispatch pallet collection:Transport to work bay:load=True:handoffs=0"
21.6239,10,59,196,-17.0117,0.0500,-12.4276,25.5117,0.8665,-0.2045,12.3000,0.0000,13.5000,39.1333,7,"","","1.619:0.050:8.183|-4.224:0.050:-1.478|-14.731:0.050:-10.667|15.831:0.050:-5.835|8.401:0.050:-4.223","-0.522:0.000:-0.220|-0.194:0.000:0.296|0.201:0.000:0.624|-0.437:0.000:0.489|0.000:0.000:0.000","-3.181:0.050:-0.294|-6.428:0.050:9.796","1.030:0.000:-0.276|1.066:0.000:0.012",False,False,Moving,60.00,40.00,3.00,MultiAgentTraffic,"P1:True|P2:True|P3:True|D1:True|D2:False|D3:True","H1:H1 rack picking and carton handoff:Transport to work bay:load=True:handoffs=0|H2:H2 cross-aisle carton transfer:Transport to work bay:load=True:handoffs=0|H3:Legitimate operation occupying station receiving bay:Transport to work bay:load=True:handoffs=0|H4:H4 trolley supply transfer:Transport to work bay:load=True:handoffs=0|H5:H5 rack inspection and replenishment:Inspect / replenish rack:load=False:handoffs=1|F1:F1 inbound pallet replenishment:Transport to work bay:load=True:handoffs=0|F2:Outbound dispatch pallet collection:Transport to work bay:load=True:handoffs=0"
21.7287,10,59,197,-16.9578,0.0500,-12.3140,25.4865,1.3224,-0.2533,12.3000,0.0000,13.5000,39.0177,7,"","","1.593:0.050:8.170|-4.253:0.050:-1.448|-14.710:0.050:-10.602|15.786:0.050:-5.783|8.401:0.050:-4.223","0.000:0.000:0.000|-0.336:0.000:0.281|0.201:0.000:0.624|-0.437:0.000:0.489|0.000:0.000:0.000","-3.073:0.050:-0.323|-6.316:0.050:9.797","1.030:0.000:-0.276|1.066:0.000:0.012",False,False,Moving,60.00,40.00,3.00,MultiAgentTraffic,"P1:True|P2:True|P3:True|D1:True|D2:False|D3:True","H1:H1 rack picking and carton handoff:Transport to work bay:load=True:handoffs=0|H2:H2 cross-aisle carton transfer:Transport to work bay:load=True:handoffs=0|H3:Legitimate operation occupying station receiving bay:Transport to work bay:load=True:handoffs=0|H4:H4 trolley supply transfer:Transport to work bay:load=True:handoffs=0|H5:H5 rack inspection and replenishment:Inspect / replenish rack:load=False:handoffs=1|F1:F1 inbound pallet replenishment:Transport to work bay:load=True:handoffs=0|F2:Outbound dispatch pallet collection:Transport to work bay:load=True:handoffs=0"
21.8396,10,59,198,-16.9007,0.0500,-12.1937,25.4655,0.9756,-0.1419,12.3000,0.0000,13.5000,38.8954,7,"","","1.593:0.050:8.170|-4.298:0.050:-1.416|-14.688:0.050:-10.533|15.737:0.050:-5.729|8.401:0.050:-4.223","0.000:0.000:0.000|-0.430:0.000:0.305|0.201:0.000:0.624|-0.437:0.000:0.489|0.000:0.000:0.000","-2.959:0.050:-0.353|-6.198:0.050:9.798","1.030:0.000:-0.276|1.066:0.000:0.012",False,False,Moving,60.00,40.00,3.00,MultiAgentTraffic,"P1:True|P2:True|P3:True|D1:True|D2:False|D3:True","H1:H1 rack picking and carton handoff:Transport to work bay:load=True:handoffs=0|H2:H2 cross-aisle carton transfer:Transport to work bay:load=True:handoffs=0|H3:Legitimate operation occupying station receiving bay:Transport to work bay:load=True:handoffs=0|H4:H4 trolley supply transfer:Transport to work bay:load=True:handoffs=0|H5:H5 rack inspection and replenishment:Inspect / replenish rack:load=False:handoffs=1|F1:F1 inbound pallet replenishment:Transport to work bay:load=True:handoffs=0|F2:Outbound dispatch pallet collection:Transport to work bay:load=True:handoffs=0"
21.9529,10,59,199,-16.8424,0.0500,-12.0709,25.4489,1.0526,-0.1236,12.3000,0.0000,13.5000,38.7705,7,"","","1.593:0.050:8.170|-4.351:0.050:-1.378|-14.665:0.050:-10.462|15.688:0.050:-5.674|8.401:0.050:-4.223","0.000:0.000:0.000|-0.502:0.000:0.359|0.201:0.000:0.624|-0.437:0.000:0.489|0.000:0.000:0.000","-2.842:0.050:-0.385|-6.077:0.050:9.800","1.030:0.000:-0.276|1.066:0.000:0.012",False,False,Moving,60.00,40.00,3.00,MultiAgentTraffic,"P1:True|P2:True|P3:True|D1:True|D2:False|D3:True","H1:H1 rack picking and carton handoff:Transport to work bay:load=True:handoffs=0|H2:H2 cross-aisle carton transfer:Transport to work bay:load=True:handoffs=0|H3:Legitimate operation occupying station receiving bay:Transport to work bay:load=True:handoffs=0|H4:H4 trolley supply transfer:Transport to work bay:load=True:handoffs=0|H5:H5 rack inspection and replenishment:Inspect / replenish rack:load=False:handoffs=1|F1:F1 inbound pallet replenishment:Transport to work bay:load=True:handoffs=0|F2:Outbound dispatch pallet collection:Transport to work bay:load=True:handoffs=0"
22.0534,10,59,200,-16.7907,0.0500,-11.9619,25.4374,1.3536,-0.1282,12.3000,0.0000,13.5000,38.6598,7,"","","1.593:0.050:8.170|-4.404:0.050:-1.340|-14.645:0.050:-10.399|15.644:0.050:-5.624|8.401:0.050:-4.223","0.000:0.000:0.000|-0.532:0.000:0.383|0.201:0.000:0.624|-0.437:0.000:0.489|0.000:0.000:0.000","-2.738:0.050:-0.412|-5.970:0.050:9.801","1.030:0.000:-0.276|1.066:0.000:0.012",False,False,Moving,60.00,40.00,3.00,MultiAgentTraffic,"P1:True|P2:True|P3:True|D1:True|D2:False|D3:True","H1:H1 rack picking and carton handoff:Transport to work bay:load=True:handoffs=0|H2:H2 cross-aisle carton transfer:Transport to work bay:load=True:handoffs=0|H3:Legitimate operation occupying station receiving bay:Transport to work bay:load=True:handoffs=0|H4:H4 trolley supply transfer:Transport to work bay:load=True:handoffs=0|H5:H5 rack inspection and replenishment:Inspect / replenish rack:load=False:handoffs=1|F1:F1 inbound pallet replenishment:Transport to work bay:load=True:handoffs=0|F2:Outbound dispatch pallet collection:Transport to work bay:load=True:handoffs=0"
22.1551,10,59,201,-16.7383,0.0500,-11.8517,25.4280,1.3481,-0.0977,12.3000,0.0000,13.5000,38.5478,7,"","","1.593:0.050:8.170|-4.458:0.050:-1.301|-14.624:0.050:-10.336|15.599:0.050:-5.575|8.401:0.050:-4.223","0.000:0.000:0.000|-0.531:0.000:0.385|0.201:0.000:0.624|-0.437:0.000:0.489|0.000:0.000:0.000","-2.634:0.050:-0.440|-5.861:0.050:9.802","1.030:0.000:-0.276|1.066:0.000:0.012",False,False,Moving,60.00,40.00,3.00,MultiAgentTraffic,"P1:True|P2:True|P3:True|D1:True|D2:False|D3:True","H1:H1 rack picking and carton handoff:Transport to work bay:load=True:handoffs=0|H2:H2 cross-aisle carton transfer:Transport to work bay:load=True:handoffs=0|H3:Legitimate operation occupying station receiving bay:Transport to work bay:load=True:handoffs=0|H4:H4 trolley supply transfer:Transport to work bay:load=True:handoffs=0|H5:H5 rack inspection and replenishment:Inspect / replenish rack:load=False:handoffs=1|F1:F1 inbound pallet replenishment:Transport to work bay:load=True:handoffs=0|F2:Outbound dispatch pallet collection:Transport to work bay:load=True:handoffs=0"
22.2645,10,59,202,-16.6821,0.0500,-11.7331,25.4201,0.9099,-0.0519,12.3000,0.0000,13.5000,38.4275,7,"","","1.593:0.050:8.170|-4.516:0.050:-1.258|-14.602:0.050:-10.267|15.552:0.050:-5.521|8.401:0.050:-4.223","0.000:0.000:0.000|-0.529:0.000:0.387|0.201:0.000:0.624|-0.437:0.000:0.489|0.000:0.000:0.000","-2.521:0.050:-0.471|-5.745:0.050:9.803","1.030:0.000:-0.276|1.066:0.000:0.012",False,False,Moving,60.00,40.00,3.00,MultiAgentTraffic,"P1:True|P2:True|P3:True|D1:True|D2:False|D3:True","H1:H1 rack picking and carton handoff:Transport to work bay:load=True:handoffs=0|H2:H2 cross-aisle carton transfer:Transport to work bay:load=True:handoffs=0|H3:Legitimate operation occupying station receiving bay:Transport to work bay:load=True:handoffs=0|H4:H4 trolley supply transfer:Transport to work bay:load=True:handoffs=0|H5:H5 rack inspection and replenishment:Inspect / replenish rack:load=False:handoffs=1|F1:F1 inbound pallet replenishment:Transport to work bay:load=True:handoffs=0|F2:Outbound dispatch pallet collection:Transport to work bay:load=True:handoffs=0"
22.3681,10,59,203,-16.6287,0.0500,-11.6207,25.4141,1.4462,-0.0656,12.3000,0.0000,13.5000,38.3135,7,"","","1.593:0.050:8.170|-4.570:0.050:-1.218|-14.582:0.050:-10.203|15.506:0.050:-5.470|8.401:0.050:-4.223","0.000:0.000:0.000|-0.481:0.000:0.392|0.201:0.000:0.624|-0.437:0.000:0.489|0.000:0.000:0.000","-2.414:0.050:-0.499|-5.634:0.050:9.805","1.030:0.000:-0.276|1.066:0.000:0.012",False,False,Moving,60.00,40.00,3.00,MultiAgentTraffic,"P1:True|P2:True|P3:True|D1:True|D2:False|D3:True","H1:H1 rack picking and carton handoff:Transport to work bay:load=True:handoffs=0|H2:H2 cross-aisle carton transfer:Transport to work bay:load=True:handoffs=0|H3:Legitimate operation occupying station receiving bay:Transport to work bay:load=True:handoffs=0|H4:H4 trolley supply transfer:Transport to work bay:load=True:handoffs=0|H5:H5 rack inspection and replenishment:Inspect / replenish rack:load=False:handoffs=1|F1:F1 inbound pallet replenishment:Transport to work bay:load=True:handoffs=0|F2:Outbound dispatch pallet collection:Transport to work bay:load=True:handoffs=0"
22.4801,10,59,204,-16.5711,0.0500,-11.4994,25.4091,0.9358,-0.0320,12.3000,0.0000,13.5000,38.1905,7,"","","1.593:0.050:8.170|-4.606:0.050:-1.177|-14.559:0.050:-10.133|15.457:0.050:-5.415|8.401:0.050:-4.223","0.000:0.000:0.000|-0.216:0.000:0.333|0.201:0.000:0.624|-0.437:0.000:0.489|0.000:0.000:0.000","-2.299:0.050:-0.530|-5.515:0.050:9.806","1.030:0.000:-0.276|1.066:0.000:0.012",False,False,Moving,60.00,40.00,3.00,MultiAgentTraffic,"P1:True|P2:True|P3:True|D1:True|D2:False|D3:True","H1:H1 rack picking and carton handoff:Transport to work bay:load=True:handoffs=0|H2:H2 cross-aisle carton transfer:Transport to work bay:load=True:handoffs=0|H3:Legitimate operation occupying station receiving bay:Transport to work bay:load=True:handoffs=0|H4:H4 trolley supply transfer:Transport to work bay:load=True:handoffs=0|H5:H5 rack inspection and replenishment:Inspect / replenish rack:load=False:handoffs=1|F1:F1 inbound pallet replenishment:Transport to work bay:load=True:handoffs=0|F2:Outbound dispatch pallet collection:Transport to work bay:load=True:handoffs=0"
22.5885,10,59,205,-16.5153,0.0500,-11.3818,25.4053,1.7708,-0.0488,12.3000,0.0000,13.5000,38.0714,7,"","","1.593:0.050:8.170|-4.623:0.050:-1.137|-14.537:0.050:-10.065|15.410:0.050:-5.362|8.401:0.050:-4.223","0.000:0.000:0.000|-0.118:0.000:0.419|0.201:0.000:0.624|-0.437:0.000:0.489|0.000:0.000:0.000","-2.187:0.050:-0.560|-5.399:0.050:9.807","1.030:0.000:-0.276|1.066:0.000:0.012",False,False,Moving,60.00,40.00,3.00,MultiAgentTraffic,"P1:True|P2:True|P3:True|D1:True|D2:False|D3:True","H1:H1 rack picking and carton handoff:Transport to work bay:load=True:handoffs=0|H2:H2 cross-aisle carton transfer:Transport to work bay:load=True:handoffs=0|H3:Legitimate operation occupying station receiving bay:Transport to work bay:load=True:handoffs=0|H4:H4 trolley supply transfer:Transport to work bay:load=True:handoffs=0|H5:H5 rack inspection and replenishment:Inspect / replenish rack:load=False:handoffs=1|F1:F1 inbound pallet replenishment:Transport to work bay:load=True:handoffs=0|F2:Outbound dispatch pallet collection:Transport to work bay:load=True:handoffs=0"
22.6924,10,59,206,-16.4619,0.0500,-11.2692,25.4025,0.8546,-0.0183,12.3000,0.0000,13.5000,37.9573,7,"","","1.593:0.050:8.170|-4.628:0.050:-1.087|-14.516:0.050:-10.000|15.365:0.050:-5.312|8.401:0.050:-4.223","0.000:0.000:0.000|0.008:0.000:0.518|0.201:0.000:0.624|-0.437:0.000:0.489|0.000:0.000:0.000","-2.080:0.050:-0.589|-5.289:0.050:9.809","1.030:0.000:-0.276|1.066:0.000:0.012",False,False,Moving,60.00,40.00,3.00,MultiAgentTraffic,"P1:True|P2:True|P3:True|D1:True|D2:False|D3:True","H1:H1 rack picking and carton handoff:Transport to work bay:load=True:handoffs=0|H2:H2 cross-aisle carton transfer:Transport to work bay:load=True:handoffs=0|H3:Legitimate operation occupying station receiving bay:Transport to work bay:load=True:handoffs=0|H4:H4 trolley supply transfer:Transport to work bay:load=True:handoffs=0|H5:H5 rack inspection and replenishment:Inspect / replenish rack:load=False:handoffs=1|F1:F1 inbound pallet replenishment:Transport to work bay:load=True:handoffs=0|F2:Outbound dispatch pallet collection:Transport to work bay:load=True:handoffs=0"
22.8072,10,59,207,-16.4028,0.0500,-11.1448,25.4000,1.9806,-0.0336,12.3000,0.0000,13.5000,37.8315,7,"","","1.593:0.050:8.170|-4.626:0.050:-1.022|-14.493:0.050:-9.928|15.315:0.050:-5.255|8.401:0.050:-4.223","0.000:0.000:0.000|0.018:0.000:0.610|0.201:0.000:0.624|-0.437:0.000:0.489|0.000:0.000:0.000","-1.962:0.050:-0.620|-5.166:0.050:9.810","1.030:0.000:-0.276|1.066:0.000:0.012",False,False,Moving,60.00,40.00,3.00,MultiAgentTraffic,"P1:True|P2:True|P3:True|D1:True|D2:False|D3:True","H1:H1 rack picking and carton handoff:Transport to work bay:load=True:handoffs=0|H2:H2 cross-aisle carton transfer:Transport to work bay:load=True:handoffs=0|H3:Legitimate operation occupying station receiving bay:Transport to work bay:load=True:handoffs=0|H4:H4 trolley supply transfer:Transport to work bay:load=True:handoffs=0|H5:H5 rack inspection and replenishment:Inspect / replenish rack:load=False:handoffs=1|F1:F1 inbound pallet replenishment:Transport to work bay:load=True:handoffs=0|F2:Outbound dispatch pallet collection:Transport to work bay:load=True:handoffs=0"
22.9122,10,59,208,-16.3488,0.0500,-11.0309,25.3982,1.1192,-0.0153,12.3000,0.0000,13.5000,37.7163,7,"","","1.593:0.050:8.170|-4.624:0.050:-0.954|-14.472:0.050:-9.863|15.269:0.050:-5.204|8.401:0.050:-4.223","0.000:0.000:0.000|0.019:0.000:0.656|0.201:0.000:0.624|-0.437:0.000:0.489|0.000:0.000:0.000","-1.854:0.050:-0.649|-5.054:0.050:9.811","1.030:0.000:-0.276|1.066:0.000:0.012",False,False,Moving,60.00,40.00,3.00,MultiAgentTraffic,"P1:True|P2:True|P3:True|D1:True|D2:False|D3:True","H1:H1 rack picking and carton handoff:Transport to work bay:load=True:handoffs=0|H2:H2 cross-aisle carton transfer:Transport to work bay:load=True:handoffs=0|H3:Legitimate operation occupying station receiving bay:Transport to work bay:load=True:handoffs=0|H4:H4 trolley supply transfer:Transport to work bay:load=True:handoffs=0|H5:H5 rack inspection and replenishment:Inspect / replenish rack:load=False:handoffs=1|F1:F1 inbound pallet replenishment:Transport to work bay:load=True:handoffs=0|F2:Outbound dispatch pallet collection:Transport to work bay:load=True:handoffs=0"
23.0301,10,59,209,-16.2881,0.0500,-10.9031,25.3966,1.8888,-0.0198,12.3000,0.0000,13.5000,37.5872,7,"","","1.593:0.050:8.170|-4.622:0.050:-0.877|-14.448:0.050:-9.789|15.217:0.050:-5.146|8.401:0.050:-4.223","0.000:0.000:0.000|0.019:0.000:0.656|0.201:0.000:0.624|-0.437:0.000:0.489|0.000:0.000:0.000","-1.733:0.050:-0.682|-4.929:0.050:9.813","1.030:0.000:-0.276|1.066:0.000:0.012",False,False,Moving,60.00,40.00,3.00,MultiAgentTraffic,"P1:True|P2:True|P3:True|D1:True|D2:False|D3:True","H1:H1 rack picking and carton handoff:Transport to work bay:load=True:handoffs=0|H2:H2 cross-aisle carton transfer:Transport to work bay:load=True:handoffs=0|H3:Legitimate operation occupying station receiving bay:Transport to work bay:load=True:handoffs=0|H4:H4 trolley supply transfer:Transport to work bay:load=True:handoffs=0|H5:H5 rack inspection and replenishment:Inspect / replenish rack:load=False:handoffs=1|F1:F1 inbound pallet replenishment:Transport to work bay:load=True:handoffs=0|F2:Outbound dispatch pallet collection:Transport to work bay:load=True:handoffs=0"
23.1461,10,59,210,-16.2284,0.0500,-10.7773,25.3955,0.9475,-0.0076,12.3000,0.0000,13.5000,37.4601,7,"","","1.593:0.050:8.170|-4.620:0.050:-0.801|-14.425:0.050:-9.717|15.167:0.050:-5.089|8.401:0.050:-4.223","0.000:0.000:0.000|0.019:0.000:0.656|0.201:0.000:0.624|-0.437:0.000:0.489|0.000:0.000:0.000","-1.613:0.050:-0.714|-4.805:0.050:9.814","1.030:0.000:-0.276|1.066:0.000:0.012",False,False,Moving,60.00,40.00,3.00,MultiAgentTraffic,"P1:True|P2:True|P3:True|D1:True|D2:False|D3:True","H1:H1 rack picking and carton handoff:Transport to work bay:load=True:handoffs=0|H2:H2 cross-aisle carton transfer:Transport to work bay:load=True:handoffs=0|H3:Legitimate operation occupying station receiving bay:Transport to work bay:load=True:handoffs=0|H4:H4 trolley supply transfer:Transport to work bay:load=True:handoffs=0|H5:H5 rack inspection and replenishment:Inspect / replenish rack:load=False:handoffs=1|F1:F1 inbound pallet replenishment:Transport to work bay:load=True:handoffs=0|F2:Outbound dispatch pallet collection:Transport to work bay:load=True:handoffs=0"
23.2540,10,59,211,-16.1729,0.0500,-10.6604,25.3946,1.2057,-0.0076,12.3000,0.0000,13.5000,37.3421,7,"","","1.593:0.050:8.170|-4.618:0.050:-0.730|-14.403:0.050:-9.649|15.119:0.050:-5.037|8.401:0.050:-4.223","0.000:0.000:0.000|0.019:0.000:0.656|0.201:0.000:0.624|-0.437:0.000:0.489|0.000:0.000:0.000","-1.502:0.050:-0.743|-4.690:0.050:9.816","1.030:0.000:-0.276|1.066:0.000:0.012",False,False,Moving,60.00,40.00,3.00,MultiAgentTraffic,"P1:True|P2:True|P3:True|D1:True|D2:False|D3:True","H1:H1 rack picking and carton handoff:Transport to work bay:load=True:handoffs=0|H2:H2 cross-aisle carton transfer:Transport to work bay:load=True:handoffs=0|H3:Legitimate operation occupying station receiving bay:Transport to work bay:load=True:handoffs=0|H4:H4 trolley supply transfer:Transport to work bay:load=True:handoffs=0|H5:H5 rack inspection and replenishment:Inspect / replenish rack:load=False:handoffs=1|F1:F1 inbound pallet replenishment:Transport to work bay:load=True:handoffs=0|F2:Outbound dispatch pallet collection:Transport to work bay:load=True:handoffs=0"
23.3594,10,59,212,-16.1186,0.0500,-10.5461,25.3939,1.2257,-0.0061,12.3000,0.0000,13.5000,37.2268,7,"","","1.593:0.050:8.170|-4.616:0.050:-0.661|-14.382:0.050:-9.584|15.073:0.050:-4.985|8.401:0.050:-4.223","0.000:0.000:0.000|0.019:0.000:0.656|0.201:0.000:0.624|-0.437:0.000:0.489|0.000:0.000:0.000","-1.408:0.050:-0.776|-4.578:0.050:9.817","0.819:0.000:-0.328|1.066:0.000:0.012",False,False,Moving,60.00,40.00,3.00,MultiAgentTraffic,"P1:True|P2:True|P3:True|D1:True|D2:False|D3:True","H1:H1 rack picking and carton handoff:Transport to work bay:load=True:handoffs=0|H2:H2 cross-aisle carton transfer:Transport to work bay:load=True:handoffs=0|H3:Legitimate operation occupying station receiving bay:Transport to work bay:load=True:handoffs=0|H4:H4 trolley supply transfer:Transport to work bay:load=True:handoffs=0|H5:H5 rack inspection and replenishment:Inspect / replenish rack:load=False:handoffs=1|F1:F1 inbound pallet replenishment:Transport to work bay:load=True:handoffs=0|F2:Outbound dispatch pallet collection:Transport to work bay:load=True:handoffs=0"
23.4772,10,59,213,-16.0580,0.0500,-10.4184,25.3934,1.1164,-0.0046,12.3000,0.0000,13.5000,37.0981,7,"","","1.593:0.050:8.170|-4.613:0.050:-0.584|-14.358:0.050:-9.510|15.022:0.050:-4.927|8.401:0.050:-4.223","0.000:0.000:0.000|0.019:0.000:0.656|0.201:0.000:0.624|-0.437:0.000:0.489|0.000:0.000:0.000","-1.309:0.050:-0.825|-4.452:0.050:9.818","0.848:0.000:-0.479|1.066:0.000:0.012",False,False,Moving,60.00,40.00,3.00,MultiAgentTraffic,"P1:True|P2:True|P3:True|D1:True|D2:False|D3:True","H1:H1 rack picking and carton handoff:Transport to work bay:load=True:handoffs=0|H2:H2 cross-aisle carton transfer:Transport to work bay:load=True:handoffs=0|H3:Legitimate operation occupying station receiving bay:Transport to work bay:load=True:handoffs=0|H4:H4 trolley supply transfer:Transport to work bay:load=True:handoffs=0|H5:H5 rack inspection and replenishment:Inspect / replenish rack:load=False:handoffs=1|F1:F1 inbound pallet replenishment:Transport to work bay:load=True:handoffs=0|F2:Outbound dispatch pallet collection:Transport to work bay:load=True:handoffs=0"
23.5955,10,59,214,-15.9972,0.0500,-10.2902,25.3929,1.1127,-0.0031,12.3000,0.0000,13.5000,36.9690,7,"","","1.593:0.050:8.170|-4.611:0.050:-0.506|-14.334:0.050:-9.436|14.970:0.050:-4.870|8.401:0.050:-4.223","0.000:0.000:0.000|0.019:0.000:0.656|0.201:0.000:0.624|-0.437:0.000:0.489|0.000:0.000:0.000","-1.309:0.050:-0.825|-4.326:0.050:9.820","0.000:0.000:0.000|1.066:0.000:0.012",False,False,Moving,60.00,40.00,3.00,MultiAgentTraffic,"P1:True|P2:True|P3:True|D1:True|D2:False|D3:True","H1:H1 rack picking and carton handoff:Transport to work bay:load=True:handoffs=0|H2:H2 cross-aisle carton transfer:Transport to work bay:load=True:handoffs=0|H3:Legitimate operation occupying station receiving bay:Transport to work bay:load=True:handoffs=0|H4:H4 trolley supply transfer:Transport to work bay:load=True:handoffs=0|H5:H5 rack inspection and replenishment:Inspect / replenish rack:load=False:handoffs=1|F1:F1 inbound pallet replenishment:Transport to work bay:load=True:handoffs=0|F2:Outbound dispatch pallet collection:Transport to work bay:load=True:handoffs=0"
23.7321,10,59,215,-15.9269,0.0500,-10.1421,25.3925,0.0000,0.0000,12.3000,0.0000,13.5000,36.8199,7,"","","1.593:0.050:8.170|-4.608:0.050:-0.416|-14.307:0.050:-9.351|14.911:0.050:-4.803|8.401:0.050:-4.223","0.000:0.000:0.000|0.019:0.000:0.656|0.201:0.000:0.624|-0.437:0.000:0.489|0.000:0.000:0.000","-1.309:0.050:-0.825|-4.180:0.050:9.821","0.000:0.000:0.000|1.066:0.000:0.012",False,False,Moving,60.00,40.00,3.00,MultiAgentTraffic,"P1:True|P2:True|P3:True|D1:True|D2:False|D3:True","H1:H1 rack picking and carton handoff:Transport to work bay:load=True:handoffs=0|H2:H2 cross-aisle carton transfer:Transport to work bay:load=True:handoffs=0|H3:Legitimate operation occupying station receiving bay:Transport to work bay:load=True:handoffs=0|H4:H4 trolley supply transfer:Transport to work bay:load=True:handoffs=0|H5:H5 rack inspection and replenishment:Inspect / replenish rack:load=False:handoffs=1|F1:F1 inbound pallet replenishment:Transport to work bay:load=True:handoffs=0|F2:Outbound dispatch pallet collection:Transport to work bay:load=True:handoffs=0"
23.8478,10,59,216,-15.8674,0.0500,-10.0167,25.3923,0.9348,-0.0015,12.3000,0.0000,13.5000,36.6938,7,"","","1.593:0.050:8.170|-4.606:0.050:-0.341|-14.284:0.050:-9.279|14.860:0.050:-4.746|8.401:0.050:-4.223","0.000:0.000:0.000|0.019:0.000:0.656|0.201:0.000:0.624|-0.437:0.000:0.489|0.000:0.000:0.000","-1.309:0.050:-0.825|-4.057:0.050:9.823","0.000:0.000:0.000|1.066:0.000:0.012",False,False,Moving,60.00,40.00,3.00,MultiAgentTraffic,"P1:True|P2:True|P3:True|D1:True|D2:False|D3:True","H1:H1 rack picking and carton handoff:Transport to work bay:load=True:handoffs=0|H2:H2 cross-aisle carton transfer:Transport to work bay:load=True:handoffs=0|H3:Legitimate operation occupying station receiving bay:Transport to work bay:load=True:handoffs=0|H4:H4 trolley supply transfer:Transport to work bay:load=True:handoffs=0|H5:H5 rack inspection and replenishment:Inspect / replenish rack:load=False:handoffs=1|F1:F1 inbound pallet replenishment:Transport to work bay:load=True:handoffs=0|F2:Outbound dispatch pallet collection:Transport to work bay:load=True:handoffs=0"
23.9544,10,59,217,-15.8125,0.0500,-9.9011,25.3921,1.0122,-0.0015,12.3000,0.0000,13.5000,36.5777,7,"","","1.593:0.050:8.170|-4.604:0.050:-0.271|-14.262:0.050:-9.212|14.814:0.050:-4.694|8.401:0.050:-4.223","0.000:0.000:0.000|0.019:0.000:0.656|0.201:0.000:0.624|-0.437:0.000:0.489|0.000:0.000:0.000","-1.309:0.050:-0.825|-3.943:0.050:9.824","0.000:0.000:0.000|1.066:0.000:0.012",False,False,Moving,60.00,40.00,3.00,MultiAgentTraffic,"P1:True|P2:True|P3:True|D1:True|D2:False|D3:True","H1:H1 rack picking and carton handoff:Transport to work bay:load=True:handoffs=0|H2:H2 cross-aisle carton transfer:Transport to work bay:load=True:handoffs=0|H3:Legitimate operation occupying station receiving bay:Transport to work bay:load=True:handoffs=0|H4:H4 trolley supply transfer:Transport to work bay:load=True:handoffs=0|H5:H5 rack inspection and replenishment:Inspect / replenish rack:load=False:handoffs=1|F1:F1 inbound pallet replenishment:Transport to work bay:load=True:handoffs=0|F2:Outbound dispatch pallet collection:Transport to work bay:load=True:handoffs=0"
24.0659,10,59,218,-15.7551,0.0500,-9.7802,25.3920,1.8523,-0.0015,12.3000,0.0000,13.5000,36.4563,7,"","","1.593:0.050:8.170|-4.602:0.050:-0.197|-14.240:0.050:-9.143|14.765:0.050:-4.639|8.401:0.050:-4.223","0.000:0.000:0.000|0.019:0.000:0.656|0.201:0.000:0.624|-0.437:0.000:0.489|0.000:0.000:0.000","-1.309:0.050:-0.825|-3.825:0.050:9.826","0.000:0.000:0.000|1.066:0.000:0.012",False,False,Moving,60.00,40.00,3.00,MultiAgentTraffic,"P1:True|P2:True|P3:True|D1:True|D2:False|D3:True","H1:H1 rack picking and carton handoff:Transport to work bay:load=True:handoffs=0|H2:H2 cross-aisle carton transfer:Transport to work bay:load=True:handoffs=0|H3:Legitimate operation occupying station receiving bay:Transport to work bay:load=True:handoffs=0|H4:H4 trolley supply transfer:Transport to work bay:load=True:handoffs=0|H5:H5 rack inspection and replenishment:Inspect / replenish rack:load=False:handoffs=1|F1:F1 inbound pallet replenishment:Transport to work bay:load=True:handoffs=0|F2:Outbound dispatch pallet collection:Transport to work bay:load=True:handoffs=0"
24.1802,10,59,219,-15.6963,0.0500,-9.6564,25.3919,1.0478,-0.0015,12.3000,0.0000,13.5000,36.3320,7,"","","1.593:0.050:8.170|-4.600:0.050:-0.123|-14.217:0.050:-9.071|14.715:0.050:-4.583|8.401:0.050:-4.223","0.000:0.000:0.000|0.019:0.000:0.656|0.201:0.000:0.624|-0.437:0.000:0.489|0.000:0.000:0.000","-1.309:0.050:-0.825|-3.703:0.050:9.827","0.000:0.000:0.000|1.066:0.000:0.012",False,False,Moving,60.00,40.00,3.00,MultiAgentTraffic,"P1:True|P2:True|P3:True|D1:True|D2:False|D3:True","H1:H1 rack picking and carton handoff:Transport to work bay:load=True:handoffs=0|H2:H2 cross-aisle carton transfer:Transport to work bay:load=True:handoffs=0|H3:Legitimate operation occupying station receiving bay:Transport to work bay:load=True:handoffs=0|H4:H4 trolley supply transfer:Transport to work bay:load=True:handoffs=0|H5:H5 rack inspection and replenishment:Inspect / replenish rack:load=False:handoffs=1|F1:F1 inbound pallet replenishment:Transport to work bay:load=True:handoffs=0|F2:Outbound dispatch pallet collection:Transport to work bay:load=True:handoffs=0"
24.2864,10,59,220,-15.6417,0.0500,-9.5412,25.3918,0.9646,0.0000,12.3000,0.0000,13.5000,36.2165,7,"","","1.593:0.050:8.170|-4.598:0.050:-0.053|-14.195:0.050:-9.005|14.669:0.050:-4.531|8.401:0.050:-4.223","0.000:0.000:0.000|0.019:0.000:0.656|0.201:0.000:0.624|-0.437:0.000:0.489|0.000:0.000:0.000","-1.309:0.050:-0.825|-3.590:0.050:9.828","0.000:0.000:0.000|1.066:0.000:0.012",False,False,Moving,60.00,40.00,3.00,MultiAgentTraffic,"P1:True|P2:True|P3:True|D1:True|D2:False|D3:True","H1:H1 rack picking and carton handoff:Transport to work bay:load=True:handoffs=0|H2:H2 cross-aisle carton transfer:Transport to work bay:load=True:handoffs=0|H3:Legitimate operation occupying station receiving bay:Transport to work bay:load=True:handoffs=0|H4:H4 trolley supply transfer:Transport to work bay:load=True:handoffs=0|H5:H5 rack inspection and replenishment:Inspect / replenish rack:load=False:handoffs=1|F1:F1 inbound pallet replenishment:Transport to work bay:load=True:handoffs=0|F2:Outbound dispatch pallet collection:Transport to work bay:load=True:handoffs=0"
24.4010,10,59,221,-15.5827,0.0500,-9.4170,25.3917,1.7358,0.0000,12.3000,0.0000,13.5000,36.0921,7,"","","1.593:0.050:8.170|-4.596:0.050:0.022|-14.172:0.050:-8.933|14.619:0.050:-4.475|8.401:0.050:-4.223","0.000:0.000:0.000|0.019:0.000:0.656|0.201:0.000:0.624|-0.437:0.000:0.489|0.000:0.000:0.000","-1.309:0.050:-0.825|-3.467:0.050:9.830","0.000:0.000:0.000|1.066:0.000:0.012",False,False,Moving,60.00,40.00,3.00,MultiAgentTraffic,"P1:True|P2:True|P3:True|D1:True|D2:False|D3:True","H1:H1 rack picking and carton handoff:Transport to work bay:load=True:handoffs=0|H2:H2 cross-aisle carton transfer:Transport to work bay:load=True:handoffs=0|H3:Legitimate operation occupying station receiving bay:Transport to work bay:load=True:handoffs=0|H4:H4 trolley supply transfer:Transport to work bay:load=True:handoffs=0|H5:H5 rack inspection and replenishment:Inspect / replenish rack:load=False:handoffs=1|F1:F1 inbound pallet replenishment:Transport to work bay:load=True:handoffs=0|F2:Outbound dispatch pallet collection:Transport to work bay:load=True:handoffs=0"
24.5262,10,59,222,-15.5183,0.0500,-9.2813,25.3917,1.4591,0.0000,12.3000,0.0000,13.5000,35.9562,7,"","","1.593:0.050:8.170|-4.593:0.050:0.104|-14.147:0.050:-8.855|14.564:0.050:-4.414|8.401:0.050:-4.223","0.000:0.000:0.000|0.019:0.000:0.656|0.201:0.000:0.624|-0.437:0.000:0.489|0.000:0.000:0.000","-1.309:0.050:-0.825|-3.334:0.050:9.831","0.000:0.000:0.000|1.066:0.000:0.012",False,False,Moving,60.00,40.00,3.00,MultiAgentTraffic,"P1:True|P2:True|P3:True|D1:True|D2:False|D3:True","H1:H1 rack picking and carton handoff:Transport to work bay:load=True:handoffs=0|H2:H2 cross-aisle carton transfer:Transport to work bay:load=True:handoffs=0|H3:Legitimate operation occupying station receiving bay:Transport to work bay:load=True:handoffs=0|H4:H4 trolley supply transfer:Transport to work bay:load=True:handoffs=0|H5:H5 rack inspection and replenishment:Inspect / replenish rack:load=False:handoffs=1|F1:F1 inbound pallet replenishment:Transport to work bay:load=True:handoffs=0|F2:Outbound dispatch pallet collection:Transport to work bay:load=True:handoffs=0"
24.6269,10,59,223,-15.4665,0.0500,-9.1721,25.3916,1.5430,0.0000,12.3000,0.0000,13.5000,35.8469,7,"","","1.593:0.050:8.170|-4.591:0.050:0.170|-14.127:0.050:-8.792|14.520:0.050:-4.365|8.401:0.050:-4.223","0.000:0.000:0.000|0.019:0.000:0.656|0.201:0.000:0.624|-0.437:0.000:0.489|0.000:0.000:0.000","-1.309:0.050:-0.825|-3.227:0.050:9.832","0.000:0.000:0.000|1.066:0.000:0.012",False,False,Moving,60.00,40.00,3.00,MultiAgentTraffic,"P1:True|P2:True|P3:True|D1:True|D2:False|D3:True","H1:H1 rack picking and carton handoff:Transport to work bay:load=True:handoffs=0|H2:H2 cross-aisle carton transfer:Transport to work bay:load=True:handoffs=0|H3:Legitimate operation occupying station receiving bay:Transport to work bay:load=True:handoffs=0|H4:H4 trolley supply transfer:Transport to work bay:load=True:handoffs=0|H5:H5 rack inspection and replenishment:Inspect / replenish rack:load=False:handoffs=1|F1:F1 inbound pallet replenishment:Transport to work bay:load=True:handoffs=0|F2:Outbound dispatch pallet collection:Transport to work bay:load=True:handoffs=0"
24.7458,10,59,224,-15.4053,0.0500,-9.0432,25.3916,1.4713,0.0000,12.3000,0.0000,13.5000,35.7180,7,"","","1.593:0.050:8.170|-4.589:0.050:0.248|-14.103:0.050:-8.718|14.468:0.050:-4.306|8.401:0.050:-4.223","0.000:0.000:0.000|0.019:0.000:0.656|0.201:0.000:0.624|-0.437:0.000:0.489|0.000:0.000:0.000","-1.309:0.050:-0.825|-3.100:0.050:9.834","0.000:0.000:0.000|1.066:0.000:0.012",False,False,Moving,60.00,40.00,3.00,MultiAgentTraffic,"P1:True|P2:True|P3:True|D1:True|D2:False|D3:True","H1:H1 rack picking and carton handoff:Transport to work bay:load=True:handoffs=0|H2:H2 cross-aisle carton transfer:Transport to work bay:load=True:handoffs=0|H3:Legitimate operation occupying station receiving bay:Transport to work bay:load=True:handoffs=0|H4:H4 trolley supply transfer:Transport to work bay:load=True:handoffs=0|H5:H5 rack inspection and replenishment:Inspect / replenish rack:load=False:handoffs=1|F1:F1 inbound pallet replenishment:Transport to work bay:load=True:handoffs=0|F2:Outbound dispatch pallet collection:Transport to work bay:load=True:handoffs=0"
24.8524,10,59,225,-15.3504,0.0500,-8.9276,25.3916,1.7720,0.0000,12.3000,0.0000,13.5000,35.6026,7,"","","1.593:0.050:8.170|-4.587:0.050:0.318|-14.081:0.050:-8.652|14.421:0.050:-4.254|8.401:0.050:-4.223","0.000:0.000:0.000|0.019:0.000:0.656|0.201:0.000:0.624|-0.437:0.000:0.489|0.000:0.000:0.000","-1.309:0.050:-0.825|-2.986:0.050:9.835","0.000:0.000:0.000|1.066:0.000:0.012",False,False,Moving,60.00,40.00,3.00,MultiAgentTraffic,"P1:True|P2:True|P3:True|D1:True|D2:False|D3:True","H1:H1 rack picking and carton handoff:Transport to work bay:load=True:handoffs=0|H2:H2 cross-aisle carton transfer:Transport to work bay:load=True:handoffs=0|H3:Legitimate operation occupying station receiving bay:Transport to work bay:load=True:handoffs=0|H4:H4 trolley supply transfer:Transport to work bay:load=True:handoffs=0|H5:H5 rack inspection and replenishment:Inspect / replenish rack:load=False:handoffs=1|F1:F1 inbound pallet replenishment:Transport to work bay:load=True:handoffs=0|F2:Outbound dispatch pallet collection:Transport to work bay:load=True:handoffs=0"
24.9550,10,59,226,-15.2976,0.0500,-8.8164,25.3915,1.4732,0.0000,12.3000,0.0000,13.5000,35.4916,7,"","","1.593:0.050:8.170|-4.585:0.050:0.385|-14.061:0.050:-8.588|14.377:0.050:-4.204|8.401:0.050:-4.223","0.000:0.000:0.000|0.019:0.000:0.656|0.201:0.000:0.624|-0.437:0.000:0.489|0.000:0.000:0.000","-1.309:0.050:-0.825|-2.877:0.050:9.836","0.000:0.000:0.000|1.066:0.000:0.012",False,False,Moving,60.00,40.00,3.00,MultiAgentTraffic,"P1:True|P2:True|P3:True|D1:True|D2:False|D3:True","H1:H1 rack picking and carton handoff:Transport to work bay:load=True:handoffs=0|H2:H2 cross-aisle carton transfer:Transport to work bay:load=True:handoffs=0|H3:Legitimate operation occupying station receiving bay:Transport to work bay:load=True:handoffs=0|H4:H4 trolley supply transfer:Transport to work bay:load=True:handoffs=0|H5:H5 rack inspection and replenishment:Inspect / replenish rack:load=False:handoffs=1|F1:F1 inbound pallet replenishment:Transport to work bay:load=True:handoffs=0|F2:Outbound dispatch pallet collection:Transport to work bay:load=True:handoffs=0"
25.0565,10,59,227,-15.2454,0.0500,-8.7063,25.3915,0.0000,0.0000,12.3000,0.0000,13.5000,35.3818,7,"","","1.593:0.050:8.170|-4.583:0.050:0.452|-14.040:0.050:-8.524|14.332:0.050:-4.154|8.401:0.050:-4.223","0.000:0.000:0.000|0.019:0.000:0.656|0.201:0.000:0.624|-0.437:0.000:0.489|0.000:0.000:0.000","-1.309:0.050:-0.825|-2.769:0.050:9.838","0.000:0.000:0.000|1.066:0.000:0.012",False,False,Moving,60.00,40.00,3.00,MultiAgentTraffic,"P1:True|P2:True|P3:True|D1:True|D2:False|D3:True","H1:H1 rack picking and carton handoff:Transport to work bay:load=True:handoffs=0|H2:H2 cross-aisle carton transfer:Transport to work bay:load=True:handoffs=0|H3:Legitimate operation occupying station receiving bay:Transport to work bay:load=True:handoffs=0|H4:H4 trolley supply transfer:Transport to work bay:load=True:handoffs=0|H5:H5 rack inspection and replenishment:Inspect / replenish rack:load=False:handoffs=1|F1:F1 inbound pallet replenishment:Transport to work bay:load=True:handoffs=0|F2:Outbound dispatch pallet collection:Transport to work bay:load=True:handoffs=0"
25.1770,10,59,228,-15.1834,0.0500,-8.5757,25.3915,0.0000,0.0000,12.3000,0.0000,13.5000,35.2517,7,"","","1.593:0.050:8.170|-4.581:0.050:0.531|-14.016:0.050:-8.449|14.280:0.050:-4.095|8.401:0.050:-4.223","0.000:0.000:0.000|0.019:0.000:0.656|0.201:0.000:0.624|-0.437:0.000:0.489|0.000:0.000:0.000","-1.309:0.050:-0.825|-2.640:0.050:9.839","0.000:0.000:0.000|1.066:0.000:0.012",False,False,Moving,60.00,40.00,3.00,MultiAgentTraffic,"P1:True|P2:True|P3:True|D1:True|D2:False|D3:True","H1:H1 rack picking and carton handoff:Transport to work bay:load=True:handoffs=0|H2:H2 cross-aisle carton transfer:Transport to work bay:load=True:handoffs=0|H3:Legitimate operation occupying station receiving bay:Transport to work bay:load=True:handoffs=0|H4:H4 trolley supply transfer:Transport to work bay:load=True:handoffs=0|H5:H5 rack inspection and replenishment:Inspect / replenish rack:load=False:handoffs=1|F1:F1 inbound pallet replenishment:Transport to work bay:load=True:handoffs=0|F2:Outbound dispatch pallet collection:Transport to work bay:load=True:handoffs=0"
25.2971,10,59,229,-15.1216,0.0500,-8.4455,25.3915,0.0000,0.0000,12.3000,0.0000,13.5000,35.1220,7,"","","1.593:0.050:8.170|-4.578:0.050:0.610|-13.992:0.050:-8.374|14.227:0.050:-4.037|8.401:0.050:-4.223","0.000:0.000:0.000|0.019:0.000:0.656|0.201:0.000:0.624|-0.437:0.000:0.489|0.000:0.000:0.000","-1.309:0.050:-0.825|-2.512:0.050:9.841","0.000:0.000:0.000|1.066:0.000:0.012",False,False,Moving,60.00,40.00,3.00,MultiAgentTraffic,"P1:True|P2:True|P3:True|D1:True|D2:False|D3:True","H1:H1 rack picking and carton handoff:Transport to work bay:load=True:handoffs=0|H2:H2 cross-aisle carton transfer:Transport to work bay:load=True:handoffs=0|H3:Legitimate operation occupying station receiving bay:Transport to work bay:load=True:handoffs=0|H4:H4 trolley supply transfer:Transport to work bay:load=True:handoffs=0|H5:H5 rack inspection and replenishment:Inspect / replenish rack:load=False:handoffs=1|F1:F1 inbound pallet replenishment:Transport to work bay:load=True:handoffs=0|F2:Outbound dispatch pallet collection:Transport to work bay:load=True:handoffs=0"
25.4040,10,59,230,-15.0666,0.0500,-8.3297,25.3915,1.6965,0.0000,12.3000,0.0000,13.5000,35.0067,7,"","","1.593:0.050:8.170|-4.576:0.050:0.680|-13.970:0.050:-8.307|14.181:0.050:-3.984|8.401:0.050:-4.223","0.000:0.000:0.000|0.019:0.000:0.656|0.201:0.000:0.624|-0.437:0.000:0.489|0.000:0.000:0.000","-1.309:0.050:-0.825|-2.398:0.050:9.842","0.000:0.000:0.000|1.066:0.000:0.012",False,False,Moving,60.00,40.00,3.00,MultiAgentTraffic,"P1:True|P2:True|P3:True|D1:True|D2:False|D3:True","H1:H1 rack picking and carton handoff:Transport to work bay:load=True:handoffs=0|H2:H2 cross-aisle carton transfer:Transport to work bay:load=True:handoffs=0|H3:Legitimate operation occupying station receiving bay:Transport to work bay:load=True:handoffs=0|H4:H4 trolley supply transfer:Transport to work bay:load=True:handoffs=0|H5:H5 rack inspection and replenishment:Inspect / replenish rack:load=False:handoffs=1|F1:F1 inbound pallet replenishment:Transport to work bay:load=True:handoffs=0|F2:Outbound dispatch pallet collection:Transport to work bay:load=True:handoffs=0"
25.5086,10,59,231,-15.0128,0.0500,-8.2162,25.3915,1.6328,0.0000,12.3000,0.0000,13.5000,34.8939,7,"","","1.593:0.050:8.170|-4.574:0.050:0.748|-13.949:0.050:-8.242|14.135:0.050:-3.933|8.401:0.050:-4.223","0.000:0.000:0.000|0.019:0.000:0.656|0.201:0.000:0.624|-0.437:0.000:0.489|0.000:0.000:0.000","-1.309:0.050:-0.825|-2.287:0.050:9.843","0.000:0.000:0.000|1.066:0.000:0.012",False,False,Moving,60.00,40.00,3.00,MultiAgentTraffic,"P1:True|P2:True|P3:True|D1:True|D2:False|D3:True","H1:H1 rack picking and carton handoff:Transport to work bay:load=True:handoffs=0|H2:H2 cross-aisle carton transfer:Transport to work bay:load=True:handoffs=0|H3:Legitimate operation occupying station receiving bay:Transport to work bay:load=True:handoffs=0|H4:H4 trolley supply transfer:Transport to work bay:load=True:handoffs=0|H5:H5 rack inspection and replenishment:Return for next assignment:load=False:handoffs=1|F1:F1 inbound pallet replenishment:Transport to work bay:load=True:handoffs=0|F2:Outbound dispatch pallet collection:Transport to work bay:load=True:handoffs=0"
25.6305,10,59,232,-14.9501,0.0500,-8.0841,25.3915,1.3254,0.0000,12.3000,0.0000,13.5000,34.7627,7,"","","1.593:0.050:8.170|-4.572:0.050:0.828|-13.925:0.050:-8.166|14.082:0.050:-3.873|8.401:0.050:-4.223","0.000:0.000:0.000|0.019:0.000:0.656|0.201:0.000:0.624|-0.437:0.000:0.489|0.000:0.000:0.000","-1.309:0.050:-0.825|-2.157:0.050:9.845","0.000:0.000:0.000|1.066:0.000:0.012",False,False,Moving,60.00,40.00,3.00,MultiAgentTraffic,"P1:True|P2:True|P3:True|D1:True|D2:False|D3:True","H1:H1 rack picking and carton handoff:Transport to work bay:load=True:handoffs=0|H2:H2 cross-aisle carton transfer:Transport to work bay:load=True:handoffs=0|H3:Legitimate operation occupying station receiving bay:Transport to work bay:load=True:handoffs=0|H4:H4 trolley supply transfer:Transport to work bay:load=True:handoffs=0|H5:H5 rack inspection and replenishment:Return for next assignment:load=False:handoffs=1|F1:F1 inbound pallet replenishment:Transport to work bay:load=True:handoffs=0|F2:Outbound dispatch pallet collection:Transport to work bay:load=True:handoffs=0"
25.7407,10,59,233,-14.8933,0.0500,-7.9646,25.3915,0.0000,0.0000,12.3000,0.0000,13.5000,34.6440,7,"","","1.593:0.050:8.170|-4.570:0.050:0.901|-13.902:0.050:-8.097|14.033:0.050:-3.819|8.401:0.050:-4.223","0.000:0.000:0.000|0.019:0.000:0.656|0.201:0.000:0.624|-0.437:0.000:0.489|0.000:0.000:0.000","-1.309:0.050:-0.825|-2.039:0.050:9.846","0.000:0.000:0.000|1.066:0.000:0.012",False,False,Moving,60.00,40.00,3.00,MultiAgentTraffic,"P1:True|P2:True|P3:True|D1:True|D2:False|D3:True","H1:H1 rack picking and carton handoff:Transport to work bay:load=True:handoffs=0|H2:H2 cross-aisle carton transfer:Transport to work bay:load=True:handoffs=0|H3:Legitimate operation occupying station receiving bay:Transport to work bay:load=True:handoffs=0|H4:H4 trolley supply transfer:Transport to work bay:load=True:handoffs=0|H5:H5 rack inspection and replenishment:Return for next assignment:load=False:handoffs=1|F1:F1 inbound pallet replenishment:Transport to work bay:load=True:handoffs=0|F2:Outbound dispatch pallet collection:Transport to work bay:load=True:handoffs=0"
25.8550,10,59,234,-14.8345,0.0500,-7.8407,25.3915,0.0000,0.0000,12.3000,0.0000,13.5000,34.5211,7,"","","1.593:0.050:8.170|-4.568:0.050:0.976|-13.879:0.050:-8.026|13.984:0.050:-3.763|8.401:0.050:-4.223","0.000:0.000:0.000|0.019:0.000:0.656|0.201:0.000:0.624|-0.437:0.000:0.489|0.000:0.000:0.000","-1.309:0.050:-0.825|-1.918:0.050:9.848","0.000:0.000:0.000|1.066:0.000:0.012",False,False,Moving,60.00,40.00,3.00,MultiAgentTraffic,"P1:True|P2:True|P3:True|D1:True|D2:False|D3:True","H1:H1 rack picking and carton handoff:Transport to work bay:load=True:handoffs=0|H2:H2 cross-aisle carton transfer:Transport to work bay:load=True:handoffs=0|H3:Legitimate operation occupying station receiving bay:Transport to work bay:load=True:handoffs=0|H4:H4 trolley supply transfer:Transport to work bay:load=True:handoffs=0|H5:H5 rack inspection and replenishment:Return for next assignment:load=False:handoffs=1|F1:F1 inbound pallet replenishment:Transport to work bay:load=True:handoffs=0|F2:Outbound dispatch pallet collection:Transport to work bay:load=True:handoffs=0"
25.9762,10,59,235,-14.7722,0.0500,-7.7094,25.3915,0.0000,0.0000,12.3000,0.0000,13.5000,34.3910,7,"","","1.593:0.050:8.170|-4.565:0.050:1.055|-13.855:0.050:-7.950|13.931:0.050:-3.704|8.401:0.050:-4.223","0.000:0.000:0.000|0.019:0.000:0.656|0.201:0.000:0.624|-0.437:0.000:0.489|0.000:0.000:0.000","-1.309:0.050:-0.825|-1.788:0.050:9.849","0.000:0.000:0.000|1.066:0.000:0.012",False,False,Moving,60.00,40.00,3.00,MultiAgentTraffic,"P1:True|P2:True|P3:True|D1:True|D2:False|D3:True","H1:H1 rack picking and carton handoff:Transport to work bay:load=True:handoffs=0|H2:H2 cross-aisle carton transfer:Transport to work bay:load=True:handoffs=0|H3:Legitimate operation occupying station receiving bay:Transport to work bay:load=True:handoffs=0|H4:H4 trolley supply transfer:Transport to work bay:load=True:handoffs=0|H5:H5 rack inspection and replenishment:Return for next assignment:load=False:handoffs=1|F1:F1 inbound pallet replenishment:Transport to work bay:load=True:handoffs=0|F2:Outbound dispatch pallet collection:Transport to work bay:load=True:handoffs=0"
26.0807,10,59,236,-14.7184,0.0500,-7.5960,25.3915,1.6062,0.0000,12.3000,0.0000,13.5000,34.2788,7,"","","1.593:0.050:8.170|-4.563:0.050:1.124|-13.834:0.050:-7.885|13.885:0.050:-3.653|8.401:0.050:-4.223","0.000:0.000:0.000|0.019:0.000:0.656|0.201:0.000:0.624|-0.437:0.000:0.489|0.000:0.000:0.000","-1.309:0.050:-0.825|-1.677:0.050:9.850","0.000:0.000:0.000|1.066:0.000:0.012",False,False,Moving,60.00,40.00,3.00,MultiAgentTraffic,"P1:True|P2:True|P3:True|D1:True|D2:False|D3:True","H1:H1 rack picking and carton handoff:Transport to work bay:load=True:handoffs=0|H2:H2 cross-aisle carton transfer:Transport to work bay:load=True:handoffs=0|H3:Legitimate operation occupying station receiving bay:Transport to work bay:load=True:handoffs=0|H4:H4 trolley supply transfer:Transport to work bay:load=True:handoffs=0|H5:H5 rack inspection and replenishment:Return for next assignment:load=False:handoffs=1|F1:F1 inbound pallet replenishment:Transport to work bay:load=True:handoffs=0|F2:Outbound dispatch pallet collection:Transport to work bay:load=True:handoffs=0"
26.1895,10,59,237,-14.6624,0.0500,-7.4781,25.3915,1.6150,0.0000,12.3000,0.0000,13.5000,34.1621,7,"","","1.593:0.050:8.170|-4.561:0.050:1.195|-13.812:0.050:-7.817|13.837:0.050:-3.600|8.399:0.050:-4.223","0.000:0.000:0.000|0.019:0.000:0.656|0.201:0.000:0.624|-0.437:0.000:0.489|-0.037:0.000:0.019","-1.309:0.050:-0.825|-1.561:0.050:9.852","0.000:0.000:0.000|1.066:0.000:0.012",False,False,Moving,60.00,40.00,3.00,MultiAgentTraffic,"P1:True|P2:True|P3:True|D1:True|D2:False|D3:True","H1:H1 rack picking and carton handoff:Transport to work bay:load=True:handoffs=0|H2:H2 cross-aisle carton transfer:Transport to work bay:load=True:handoffs=0|H3:Legitimate operation occupying station receiving bay:Transport to work bay:load=True:handoffs=0|H4:H4 trolley supply transfer:Transport to work bay:load=True:handoffs=0|H5:H5 rack inspection and replenishment:Return for next assignment:load=False:handoffs=1|F1:F1 inbound pallet replenishment:Transport to work bay:load=True:handoffs=0|F2:Outbound dispatch pallet collection:Transport to work bay:load=True:handoffs=0"
26.2899,10,59,238,-14.6107,0.0500,-7.3692,25.3915,1.4794,0.0000,12.3000,0.0000,13.5000,34.0546,7,"","","1.593:0.050:8.170|-4.559:0.050:1.261|-13.792:0.050:-7.754|13.794:0.050:-3.551|8.392:0.050:-4.217","0.000:0.000:0.000|0.019:0.000:0.656|0.201:0.000:0.624|-0.437:0.000:0.489|-0.089:0.000:0.084","-1.309:0.050:-0.825|-1.454:0.050:9.853","0.000:0.000:0.000|1.066:0.000:0.012",False,False,Moving,60.00,40.00,3.00,MultiAgentTraffic,"P1:True|P2:True|P3:True|D1:True|D2:False|D3:True","H1:H1 rack picking and carton handoff:Transport to work bay:load=True:handoffs=0|H2:H2 cross-aisle carton transfer:Transport to work bay:load=True:handoffs=0|H3:Legitimate operation occupying station receiving bay:Transport to work bay:load=True:handoffs=0|H4:H4 trolley supply transfer:Transport to work bay:load=True:handoffs=0|H5:H5 rack inspection and replenishment:Return for next assignment:load=False:handoffs=1|F1:F1 inbound pallet replenishment:Transport to work bay:load=True:handoffs=0|F2:Outbound dispatch pallet collection:Transport to work bay:load=True:handoffs=0"
26.3973,10,59,239,-14.5555,0.0500,-7.2528,25.3915,0.0000,0.0000,12.3000,0.0000,13.5000,33.9396,7,"","","1.593:0.050:8.170|-4.557:0.050:1.331|-13.770:0.050:-7.687|13.747:0.050:-3.498|8.381:0.050:-4.202","0.000:0.000:0.000|0.019:0.000:0.656|0.201:0.000:0.624|-0.437:0.000:0.489|-0.103:0.000:0.181","-1.309:0.050:-0.825|-1.339:0.050:9.854","0.000:0.000:0.000|1.066:0.000:0.012",False,False,Moving,60.00,40.00,3.00,MultiAgentTraffic,"P1:True|P2:True|P3:True|D1:True|D2:False|D3:True","H1:H1 rack picking and carton handoff:Transport to work bay:load=True:handoffs=0|H2:H2 cross-aisle carton transfer:Transport to work bay:load=True:handoffs=0|H3:Legitimate operation occupying station receiving bay:Transport to work bay:load=True:handoffs=0|H4:H4 trolley supply transfer:Transport to work bay:load=True:handoffs=0|H5:H5 rack inspection and replenishment:Return for next assignment:load=False:handoffs=1|F1:F1 inbound pallet replenishment:Transport to work bay:load=True:handoffs=0|F2:Outbound dispatch pallet collection:Transport to work bay:load=True:handoffs=0"
26.4991,10,59,240,-14.5031,0.0500,-7.1424,25.3915,1.4637,0.0000,12.3000,0.0000,13.5000,33.8307,7,"","","1.593:0.050:8.170|-4.555:0.050:1.398|-13.750:0.050:-7.624|13.702:0.050:-3.448|8.372:0.050:-4.177","0.000:0.000:0.000|0.019:0.000:0.656|0.201:0.000:0.624|-0.437:0.000:0.489|-0.067:0.000:0.281","-1.309:0.050:-0.825|-1.231:0.050:9.855","0.000:0.000:0.000|1.066:0.000:0.012",False,False,Moving,60.00,40.00,3.00,MultiAgentTraffic,"P1:True|P2:True|P3:True|D1:True|D2:False|D3:True","H1:H1 rack picking and carton handoff:Transport to work bay:load=True:handoffs=0|H2:H2 cross-aisle carton transfer:Transport to work bay:load=True:handoffs=0|H3:Legitimate operation occupying station receiving bay:Transport to work bay:load=True:handoffs=0|H4:H4 trolley supply transfer:Transport to work bay:load=True:handoffs=0|H5:H5 rack inspection and replenishment:Return for next assignment:load=False:handoffs=1|F1:F1 inbound pallet replenishment:Transport to work bay:load=True:handoffs=0|F2:Outbound dispatch pallet collection:Transport to work bay:load=True:handoffs=0"
26.6024,10,59,241,-14.4499,0.0500,-7.0304,25.3915,1.4985,0.0000,12.3000,0.0000,13.5000,33.7203,7,"","","1.593:0.050:8.170|-4.553:0.050:1.466|-13.729:0.050:-7.559|13.657:0.050:-3.398|8.370:0.050:-4.142","0.000:0.000:0.000|0.019:0.000:0.656|0.201:0.000:0.624|-0.437:0.000:0.489|0.001:0.000:0.372","-1.309:0.050:-0.825|-1.121:0.050:9.857","0.000:0.000:0.000|1.066:0.000:0.012",False,False,Moving,60.00,40.00,3.00,MultiAgentTraffic,"P1:True|P2:True|P3:True|D1:True|D2:False|D3:True","H1:H1 rack picking and carton handoff:Transport to work bay:load=True:handoffs=0|H2:H2 cross-aisle carton transfer:Transport to work bay:load=True:handoffs=0|H3:Legitimate operation occupying station receiving bay:Transport to work bay:load=True:handoffs=0|H4:H4 trolley supply transfer:Transport to work bay:load=True:handoffs=0|H5:H5 rack inspection and replenishment:Return for next assignment:load=False:handoffs=1|F1:F1 inbound pallet replenishment:Transport to work bay:load=True:handoffs=0|F2:Outbound dispatch pallet collection:Transport to work bay:load=True:handoffs=0"
26.7065,10,59,242,-14.3964,0.0500,-6.9176,25.3915,1.5679,0.0000,12.3000,0.0000,13.5000,33.6092,7,"","","1.593:0.050:8.170|-4.551:0.050:1.534|-13.708:0.050:-7.494|13.612:0.050:-3.347|8.370:0.050:-4.098","0.000:0.000:0.000|0.019:0.000:0.656|0.201:0.000:0.624|-0.437:0.000:0.489|0.001:0.000:0.455","-1.309:0.050:-0.825|-1.010:0.050:9.858","0.000:0.000:0.000|1.066:0.000:0.012",False,False,Moving,60.00,40.00,3.00,MultiAgentTraffic,"P1:True|P2:True|P3:True|D1:True|D2:False|D3:True","H1:H1 rack picking and carton handoff:Transport to work bay:load=True:handoffs=0|H2:H2 cross-aisle carton transfer:Transport to work bay:load=True:handoffs=0|H3:Legitimate operation occupying station receiving bay:Transport to work bay:load=True:handoffs=0|H4:H4 trolley supply transfer:Transport to work bay:load=True:handoffs=0|H5:H5 rack inspection and replenishment:Return for next assignment:load=False:handoffs=1|F1:F1 inbound pallet replenishment:Transport to work bay:load=True:handoffs=0|F2:Outbound dispatch pallet collection:Transport to work bay:load=True:handoffs=0"
26.8110,10,59,243,-14.3426,0.0500,-6.8043,25.3915,1.4367,0.0000,12.3000,0.0000,13.5000,33.4977,7,"","","1.593:0.050:8.170|-4.549:0.050:1.603|-13.687:0.050:-7.429|13.566:0.050:-3.295|8.370:0.050:-4.045","0.000:0.000:0.000|0.019:0.000:0.656|0.201:0.000:0.624|-0.437:0.000:0.489|0.001:0.000:0.539","-1.309:0.050:-0.825|-0.898:0.050:9.859","0.000:0.000:0.000|1.066:0.000:0.012",False,False,Moving,60.00,40.00,3.00,MultiAgentTraffic,"P1:True|P2:True|P3:True|D1:True|D2:False|D3:True","H1:H1 rack picking and carton handoff:Transport to work bay:load=True:handoffs=0|H2:H2 cross-aisle carton transfer:Transport to work bay:load=True:handoffs=0|H3:Legitimate operation occupying station receiving bay:Transport to work bay:load=True:handoffs=0|H4:H4 trolley supply transfer:Transport to work bay:load=True:handoffs=0|H5:H5 rack inspection and replenishment:Return for next assignment:load=False:handoffs=1|F1:F1 inbound pallet replenishment:Transport to work bay:load=True:handoffs=0|F2:Outbound dispatch pallet collection:Transport to work bay:load=True:handoffs=0"
26.9265,10,59,244,-14.2832,0.0500,-6.6791,25.3915,1.8113,0.0000,12.3000,0.0000,13.5000,33.3746,7,"","","1.593:0.050:8.170|-4.547:0.050:1.678|-13.663:0.050:-7.357|13.516:0.050:-3.239|8.371:0.050:-3.976","0.000:0.000:0.000|0.019:0.000:0.656|0.201:0.000:0.624|-0.437:0.000:0.489|0.001:0.000:0.631","-1.309:0.050:-0.825|-0.775:0.050:9.861","0.000:0.000:0.000|1.066:0.000:0.012",False,False,Moving,60.00,40.00,3.00,MultiAgentTraffic,"P1:True|P2:True|P3:True|D1:True|D2:False|D3:True","H1:H1 rack picking and carton handoff:Transport to work bay:load=True:handoffs=0|H2:H2 cross-aisle carton transfer:Transport to work bay:load=True:handoffs=0|H3:Legitimate operation occupying station receiving bay:Transport to work bay:load=True:handoffs=0|H4:H4 trolley supply transfer:Transport to work bay:load=True:handoffs=0|H5:H5 rack inspection and replenishment:Return for next assignment:load=False:handoffs=1|F1:F1 inbound pallet replenishment:Transport to work bay:load=True:handoffs=0|F2:Outbound dispatch pallet collection:Transport to work bay:load=True:handoffs=0"
27.0283,10,59,245,-14.2308,0.0500,-6.5688,25.3915,1.4944,0.0000,12.3000,0.0000,13.5000,33.2662,7,"","","1.593:0.050:8.170|-4.545:0.050:1.745|-13.643:0.050:-7.293|13.471:0.050:-3.189|8.371:0.050:-3.906","0.000:0.000:0.000|0.019:0.000:0.656|0.201:0.000:0.624|-0.437:0.000:0.489|0.001:0.000:0.713","-1.309:0.050:-0.825|-0.667:0.050:9.862","0.000:0.000:0.000|1.066:0.000:0.012",False,False,Moving,60.00,40.00,3.00,MultiAgentTraffic,"P1:True|P2:True|P3:True|D1:True|D2:False|D3:True","H1:H1 rack picking and carton handoff:Transport to work bay:load=True:handoffs=0|H2:H2 cross-aisle carton transfer:Transport to work bay:load=True:handoffs=0|H3:Legitimate operation occupying station receiving bay:Transport to work bay:load=True:handoffs=0|H4:H4 trolley supply transfer:Transport to work bay:load=True:handoffs=0|H5:H5 rack inspection and replenishment:Return for next assignment:load=False:handoffs=1|F1:F1 inbound pallet replenishment:Transport to work bay:load=True:handoffs=0|F2:Outbound dispatch pallet collection:Transport to work bay:load=True:handoffs=0"
27.1525,10,59,246,-14.1669,0.0500,-6.4341,25.3915,1.4279,0.0000,12.3000,0.0000,13.5000,33.1340,7,"","","1.593:0.050:8.170|-4.543:0.050:1.826|-13.618:0.050:-7.216|13.417:0.050:-3.128|8.371:0.050:-3.811","0.000:0.000:0.000|0.019:0.000:0.656|0.201:0.000:0.624|-0.437:0.000:0.489|0.002:0.000:0.800","-1.309:0.050:-0.825|-0.534:0.050:9.863","0.000:0.000:0.000|1.066:0.000:0.012",False,False,Moving,60.00,40.00,3.00,MultiAgentTraffic,"P1:True|P2:True|P3:True|D1:True|D2:False|D3:True","H1:H1 rack picking and carton handoff:Transport to work bay:load=True:handoffs=0|H2:H2 cross-aisle carton transfer:Transport to work bay:load=True:handoffs=0|H3:Legitimate operation occupying station receiving bay:Transport to work bay:load=True:handoffs=0|H4:H4 trolley supply transfer:Transport to work bay:load=True:handoffs=0|H5:H5 rack inspection and replenishment:Return for next assignment:load=False:handoffs=1|F1:F1 inbound pallet replenishment:Transport to work bay:load=True:handoffs=0|F2:Outbound dispatch pallet collection:Transport to work bay:load=True:handoffs=0"
27.2538,10,59,247,-14.1148,0.0500,-6.3243,25.3915,1.5027,0.0000,12.3000,0.0000,13.5000,33.0265,7,"","","1.593:0.050:8.170|-4.541:0.050:1.893|-13.598:0.050:-7.152|13.373:0.050:-3.079|8.371:0.050:-3.730","0.000:0.000:0.000|0.019:0.000:0.656|0.201:0.000:0.624|-0.437:0.000:0.489|0.002:0.000:0.800","-1.309:0.050:-0.825|-0.427:0.050:9.865","0.000:0.000:0.000|1.066:0.000:0.012",False,False,Moving,60.00,40.00,3.00,MultiAgentTraffic,"P1:True|P2:True|P3:True|D1:True|D2:False|D3:True","H1:H1 rack picking and carton handoff:Transport to work bay:load=True:handoffs=0|H2:H2 cross-aisle carton transfer:Transport to work bay:load=True:handoffs=0|H3:Legitimate operation occupying station receiving bay:Transport to work bay:load=True:handoffs=0|H4:H4 trolley supply transfer:Transport to work bay:load=True:handoffs=0|H5:H5 rack inspection and replenishment:Return for next assignment:load=False:handoffs=1|F1:F1 inbound pallet replenishment:Transport to work bay:load=True:handoffs=0|F2:Outbound dispatch pallet collection:Transport to work bay:load=True:handoffs=0"
27.3585,10,59,248,-14.0609,0.0500,-6.2108,25.3915,0.0000,0.0000,12.3000,0.0000,13.5000,32.9152,7,"","","1.593:0.050:8.170|-4.539:0.050:1.962|-13.576:0.050:-7.087|13.327:0.050:-3.027|8.371:0.050:-3.646","0.000:0.000:0.000|0.019:0.000:0.656|0.201:0.000:0.624|-0.437:0.000:0.489|0.002:0.000:0.800","-1.309:0.050:-0.825|-0.315:0.050:9.866","0.000:0.000:0.000|1.066:0.000:0.012",False,False,Moving,60.00,40.00,3.00,MultiAgentTraffic,"P1:True|P2:True|P3:True|D1:True|D2:False|D3:True","H1:H1 rack picking and carton handoff:Transport to work bay:load=True:handoffs=0|H2:H2 cross-aisle carton transfer:Transport to work bay:load=True:handoffs=0|H3:Legitimate operation occupying station receiving bay:Transport to work bay:load=True:handoffs=0|H4:H4 trolley supply transfer:Transport to work bay:load=True:handoffs=0|H5:H5 rack inspection and replenishment:Return for next assignment:load=False:handoffs=1|F1:F1 inbound pallet replenishment:Transport to work bay:load=True:handoffs=0|F2:Outbound dispatch pallet collection:Transport to work bay:load=True:handoffs=0"
27.4678,10,59,249,-14.0047,0.0500,-6.0923,25.3915,1.9049,0.0000,12.3000,0.0000,13.5000,32.7994,7,"","","1.593:0.050:8.170|-4.537:0.050:2.033|-13.554:0.050:-7.019|13.279:0.050:-2.974|8.372:0.050:-3.558","0.000:0.000:0.000|0.019:0.000:0.656|0.201:0.000:0.624|-0.437:0.000:0.489|0.002:0.000:0.800","-1.309:0.050:-0.825|-0.198:0.050:9.867","0.000:0.000:0.000|1.066:0.000:0.012",False,False,Moving,60.00,40.00,3.00,MultiAgentTraffic,"P1:True|P2:True|P3:True|D1:True|D2:False|D3:True","H1:H1 rack picking and carton handoff:Transport to work bay:load=True:handoffs=0|H2:H2 cross-aisle carton transfer:Transport to work bay:load=True:handoffs=0|H3:Legitimate operation occupying station receiving bay:Transport to work bay:load=True:handoffs=0|H4:H4 trolley supply transfer:Transport to work bay:load=True:handoffs=0|H5:H5 rack inspection and replenishment:Return for next assignment:load=False:handoffs=1|F1:F1 inbound pallet replenishment:Transport to work bay:load=True:handoffs=0|F2:Outbound dispatch pallet collection:Transport to work bay:load=True:handoffs=0"
27.5689,10,59,250,-13.9526,0.0500,-5.9827,25.3915,1.4160,0.0000,12.3000,0.0000,13.5000,32.6922,7,"","","1.593:0.050:8.170|-4.535:0.050:2.099|-13.534:0.050:-6.956|13.235:0.050:-2.925|8.372:0.050:-3.478","0.000:0.000:0.000|0.019:0.000:0.656|0.201:0.000:0.624|-0.437:0.000:0.489|0.002:0.000:0.800","-1.309:0.050:-0.825|-0.091:0.050:9.869","0.000:0.000:0.000|1.066:0.000:0.012",False,False,Moving,60.00,40.00,3.00,MultiAgentTraffic,"P1:True|P2:True|P3:True|D1:True|D2:False|D3:True","H1:H1 rack picking and carton handoff:Transport to work bay:load=True:handoffs=0|H2:H2 cross-aisle carton transfer:Transport to work bay:load=True:handoffs=0|H3:Legitimate operation occupying station receiving bay:Transport to work bay:load=True:handoffs=0|H4:H4 trolley supply transfer:Transport to work bay:load=True:handoffs=0|H5:H5 rack inspection and replenishment:Return for next assignment:load=False:handoffs=1|F1:F1 inbound pallet replenishment:Transport to work bay:load=True:handoffs=0|F2:Outbound dispatch pallet collection:Transport to work bay:load=True:handoffs=0"
27.6736,10,59,251,-13.8988,0.0500,-5.8692,25.3915,1.3836,0.0000,12.3000,0.0000,13.5000,32.5813,7,"","","1.593:0.050:8.170|-4.533:0.050:2.168|-13.513:0.050:-6.890|13.189:0.050:-2.873|8.372:0.050:-3.394","0.000:0.000:0.000|0.019:0.000:0.656|0.201:0.000:0.624|-0.437:0.000:0.489|0.002:0.000:0.800","-1.309:0.050:-0.825|0.021:0.050:9.870","0.000:0.000:0.000|1.066:0.000:0.012",False,False,Moving,60.00,40.00,3.00,MultiAgentTraffic,"P1:True|P2:True|P3:True|D1:True|D2:False|D3:True","H1:H1 rack picking and carton handoff:Transport to work bay:load=True:handoffs=0|H2:H2 cross-aisle carton transfer:Transport to work bay:load=True:handoffs=0|H3:Legitimate operation occupying station receiving bay:Transport to work bay:load=True:handoffs=0|H4:H4 trolley supply transfer:Transport to work bay:load=True:handoffs=0|H5:H5 rack inspection and replenishment:Return for next assignment:load=False:handoffs=1|F1:F1 inbound pallet replenishment:Transport to work bay:load=True:handoffs=0|F2:Outbound dispatch pallet collection:Transport to work bay:load=True:handoffs=0"
27.7953,10,59,252,-13.8361,0.0500,-5.7372,25.3915,0.0000,0.0000,12.3000,0.0000,13.5000,32.4526,7,"","","1.593:0.050:8.170|-4.530:0.050:2.248|-13.489:0.050:-6.814|13.136:0.050:-2.814|8.372:0.050:-3.296","0.000:0.000:0.000|0.019:0.000:0.656|0.201:0.000:0.624|-0.437:0.000:0.489|0.002:0.000:0.800","-1.309:0.050:-0.825|0.151:0.050:9.871","0.000:0.000:0.000|1.066:0.000:0.012",False,False,Moving,60.00,40.00,3.00,MultiAgentTraffic,"P1:True|P2:True|P3:True|D1:True|D2:False|D3:True","H1:H1 rack picking and carton handoff:Transport to work bay:load=True:handoffs=0|H2:H2 cross-aisle carton transfer:Transport to work bay:load=True:handoffs=0|H3:Legitimate operation occupying station receiving bay:Transport to work bay:load=True:handoffs=0|H4:H4 trolley supply transfer:Transport to work bay:load=True:handoffs=0|H5:H5 rack inspection and replenishment:Return for next assignment:load=False:handoffs=1|F1:F1 inbound pallet replenishment:Transport to work bay:load=True:handoffs=0|F2:Outbound dispatch pallet collection:Transport to work bay:load=True:handoffs=0"
27.9183,10,59,253,-13.7728,0.0500,-5.6039,25.3915,0.0000,0.0000,12.3000,0.0000,13.5000,32.3226,7,"","","1.593:0.050:8.170|-4.528:0.050:2.329|-13.464:0.050:-6.737|13.082:0.050:-2.753|8.372:0.050:-3.198","0.000:0.000:0.000|0.019:0.000:0.656|0.201:0.000:0.624|-0.437:0.000:0.489|0.002:0.000:0.800","-1.309:0.050:-0.825|0.282:0.050:9.873","0.000:0.000:0.000|1.066:0.000:0.012",False,False,Moving,60.00,40.00,3.00,MultiAgentTraffic,"P1:True|P2:True|P3:True|D1:True|D2:False|D3:True","H1:H1 rack picking and carton handoff:Transport to work bay:load=True:handoffs=0|H2:H2 cross-aisle carton transfer:Transport to work bay:load=True:handoffs=0|H3:Legitimate operation occupying station receiving bay:Transport to work bay:load=True:handoffs=0|H4:H4 trolley supply transfer:Transport to work bay:load=True:handoffs=0|H5:H5 rack inspection and replenishment:Return for next assignment:load=False:handoffs=1|F1:F1 inbound pallet replenishment:Transport to work bay:load=True:handoffs=0|F2:Outbound dispatch pallet collection:Transport to work bay:load=True:handoffs=0"
28.0443,10,59,254,-13.7080,0.0500,-5.4673,25.3915,0.0000,0.0000,12.3000,0.0000,13.5000,32.1897,7,"","","1.593:0.050:8.170|-4.525:0.050:2.411|-13.438:0.050:-6.659|13.027:0.050:-2.692|8.372:0.050:-3.097","0.000:0.000:0.000|0.019:0.000:0.656|0.201:0.000:0.624|-0.437:0.000:0.489|0.002:0.000:0.800","-1.309:0.050:-0.825|0.416:0.050:9.874","0.000:0.000:0.000|1.066:0.000:0.012",False,False,Moving,60.00,40.00,3.00,MultiAgentTraffic,"P1:True|P2:True|P3:True|D1:True|D2:False|D3:True","H1:H1 rack picking and carton handoff:Transport to work bay:load=True:handoffs=0|H2:H2 cross-aisle carton transfer:Transport to work bay:load=True:handoffs=0|H3:Legitimate operation occupying station receiving bay:Transport to work bay:load=True:handoffs=0|H4:H4 trolley supply transfer:Transport to work bay:load=True:handoffs=0|H5:H5 rack inspection and replenishment:Return for next assignment:load=False:handoffs=1|F1:F1 inbound pallet replenishment:Transport to work bay:load=True:handoffs=0|F2:Outbound dispatch pallet collection:Transport to work bay:load=True:handoffs=0"
28.1660,10,59,255,-13.6454,0.0500,-5.3354,25.3915,1.3290,0.0000,12.3000,0.0000,13.5000,32.0614,7,"","","1.593:0.050:8.170|-4.523:0.050:2.491|-13.414:0.050:-6.583|12.974:0.050:-2.632|8.373:0.050:-3.000","0.000:0.000:0.000|0.019:0.000:0.656|0.201:0.000:0.624|-0.437:0.000:0.489|0.002:0.000:0.800","-1.309:0.050:-0.825|0.546:0.050:9.876","0.000:0.000:0.000|1.066:0.000:0.012",False,False,Moving,60.00,40.00,3.00,MultiAgentTraffic,"P1:True|P2:True|P3:True|D1:True|D2:False|D3:True","H1:H1 rack picking and carton handoff:Transport to work bay:load=True:handoffs=0|H2:H2 cross-aisle carton transfer:Transport to work bay:load=True:handoffs=0|H3:Legitimate operation occupying station receiving bay:Transport to work bay:load=True:handoffs=0|H4:H4 trolley supply transfer:Transport to work bay:load=True:handoffs=0|H5:H5 rack inspection and replenishment:Return for next assignment:load=False:handoffs=1|F1:F1 inbound pallet replenishment:Transport to work bay:load=True:handoffs=0|F2:Outbound dispatch pallet collection:Transport to work bay:load=True:handoffs=0"
28.3076,10,59,256,-13.5725,0.0500,-5.1819,25.3915,0.0000,0.0000,12.3000,0.0000,13.5000,31.9124,7,"","","1.593:0.050:8.170|-4.520:0.050:2.584|-13.385:0.050:-6.494|12.912:0.050:-2.563|8.373:0.050:-2.887","0.000:0.000:0.000|0.019:0.000:0.656|0.201:0.000:0.624|-0.437:0.000:0.489|0.002:0.000:0.800","-1.309:0.050:-0.825|0.697:0.050:9.878","0.000:0.000:0.000|1.066:0.000:0.012",False,False,Moving,60.00,40.00,3.00,MultiAgentTraffic,"P1:True|P2:True|P3:True|D1:True|D2:False|D3:True","H1:H1 rack picking and carton handoff:Transport to work bay:load=True:handoffs=0|H2:H2 cross-aisle carton transfer:Transport to work bay:load=True:handoffs=0|H3:Legitimate operation occupying station receiving bay:Transport to work bay:load=True:handoffs=0|H4:H4 trolley supply transfer:Transport to work bay:load=True:handoffs=0|H5:H5 rack inspection and replenishment:Return for next assignment:load=False:handoffs=1|F1:F1 inbound pallet replenishment:Transport to work bay:load=True:handoffs=0|F2:Outbound dispatch pallet collection:Transport to work bay:load=True:handoffs=0"
28.4202,10,59,257,-13.5145,0.0500,-5.0598,25.3915,1.0433,0.0000,12.3000,0.0000,13.5000,31.7940,7,"","","1.593:0.050:8.170|-4.518:0.050:2.658|-13.363:0.050:-6.424|12.863:0.050:-2.508|8.373:0.050:-2.796","0.000:0.000:0.000|0.019:0.000:0.656|0.201:0.000:0.624|-0.437:0.000:0.489|0.002:0.000:0.800","-1.309:0.050:-0.825|0.817:0.050:9.879","0.000:0.000:0.000|1.066:0.000:0.012",False,False,Moving,60.00,40.00,3.00,MultiAgentTraffic,"P1:True|P2:True|P3:True|D1:True|D2:False|D3:True","H1:H1 rack picking and carton handoff:Transport to work bay:load=True:handoffs=0|H2:H2 cross-aisle carton transfer:Transport to work bay:load=True:handoffs=0|H3:Legitimate operation occupying station receiving bay:Transport to work bay:load=True:handoffs=0|H4:H4 trolley supply transfer:Transport to work bay:load=True:handoffs=0|H5:H5 rack inspection and replenishment:Return for next assignment:load=False:handoffs=1|F1:F1 inbound pallet replenishment:Transport to work bay:load=True:handoffs=0|F2:Outbound dispatch pallet collection:Transport to work bay:load=True:handoffs=0"
28.5382,10,59,258,-13.4539,0.0500,-4.9319,25.3915,0.0000,0.0000,12.3000,0.0000,13.5000,31.6702,7,"","","1.593:0.050:8.170|-4.516:0.050:2.735|-13.339:0.050:-6.351|12.812:0.050:-2.450|8.373:0.050:-2.702","0.000:0.000:0.000|0.019:0.000:0.656|0.201:0.000:0.624|-0.437:0.000:0.489|0.002:0.000:0.800","-1.309:0.050:-0.825|0.943:0.050:9.880","0.000:0.000:0.000|1.066:0.000:0.012",False,False,Moving,60.00,40.00,3.00,MultiAgentTraffic,"P1:True|P2:True|P3:True|D1:True|D2:False|D3:True","H1:H1 rack picking and carton handoff:Transport to work bay:load=True:handoffs=0|H2:H2 cross-aisle carton transfer:Transport to work bay:load=True:handoffs=0|H3:Legitimate operation occupying station receiving bay:Transport to work bay:load=True:handoffs=0|H4:H4 trolley supply transfer:Transport to work bay:load=True:handoffs=0|H5:H5 rack inspection and replenishment:Return for next assignment:load=False:handoffs=1|F1:F1 inbound pallet replenishment:Transport to work bay:load=True:handoffs=0|F2:Outbound dispatch pallet collection:Transport to work bay:load=True:handoffs=0"
28.6480,10,59,259,-13.3973,0.0500,-4.8128,25.3915,1.7669,0.0000,12.3000,0.0000,13.5000,31.5550,7,"","","1.593:0.050:8.170|-4.514:0.050:2.807|-13.317:0.050:-6.282|12.764:0.050:-2.396|8.374:0.050:-2.614","0.000:0.000:0.000|0.019:0.000:0.656|0.201:0.000:0.624|-0.437:0.000:0.489|0.002:0.000:0.800","-1.309:0.050:-0.825|1.060:0.050:9.882","0.000:0.000:0.000|1.066:0.000:0.012",False,False,Moving,60.00,40.00,3.00,MultiAgentTraffic,"P1:True|P2:True|P3:True|D1:True|D2:False|D3:True","H1:H1 rack picking and carton handoff:Transport to work bay:load=True:handoffs=0|H2:H2 cross-aisle carton transfer:Transport to work bay:load=True:handoffs=0|H3:Legitimate operation occupying station receiving bay:Transport to work bay:load=True:handoffs=0|H4:H4 trolley supply transfer:Transport to work bay:load=True:handoffs=0|H5:H5 rack inspection and replenishment:Return for next assignment:load=False:handoffs=1|F1:F1 inbound pallet replenishment:Transport to work bay:load=True:handoffs=0|F2:Outbound dispatch pallet collection:Transport to work bay:load=True:handoffs=0"
28.7612,10,59,260,-13.3391,0.0500,-4.6901,25.3915,1.0124,0.0000,12.3000,0.0000,13.5000,31.4364,7,"","","1.593:0.050:8.170|-4.512:0.050:2.881|-13.294:0.050:-6.211|12.714:0.050:-2.341|8.374:0.050:-2.524","0.000:0.000:0.000|0.019:0.000:0.656|0.201:0.000:0.624|-0.437:0.000:0.489|0.002:0.000:0.800","-1.309:0.050:-0.825|1.180:0.050:9.883","0.000:0.000:0.000|1.066:0.000:0.012",False,False,Moving,60.00,40.00,3.00,MultiAgentTraffic,"P1:True|P2:True|P3:True|D1:True|D2:False|D3:True","H1:H1 rack picking and carton handoff:Transport to work bay:load=True:handoffs=0|H2:H2 cross-aisle carton transfer:Transport to work bay:load=True:handoffs=0|H3:Legitimate operation occupying station receiving bay:Transport to work bay:load=True:handoffs=0|H4:H4 trolley supply transfer:Transport to work bay:load=True:handoffs=0|H5:H5 rack inspection and replenishment:Return for next assignment:load=False:handoffs=1|F1:F1 inbound pallet replenishment:Transport to work bay:load=True:handoffs=0|F2:Outbound dispatch pallet collection:Transport to work bay:load=True:handoffs=0"
28.8658,10,59,261,-13.2853,0.0500,-4.5768,25.3915,1.0857,0.0000,12.3000,0.0000,13.5000,31.3270,7,"","","1.593:0.050:8.170|-4.510:0.050:2.950|-13.273:0.050:-6.146|12.669:0.050:-2.290|8.374:0.050:-2.440","0.000:0.000:0.000|0.019:0.000:0.656|0.201:0.000:0.624|-0.437:0.000:0.489|0.002:0.000:0.800","-1.309:0.050:-0.825|1.292:0.050:9.884","0.000:0.000:0.000|1.066:0.000:0.012",False,False,Moving,60.00,40.00,3.00,MultiAgentTraffic,"P1:True|P2:True|P3:True|D1:True|D2:False|D3:True","H1:H1 rack picking and carton handoff:Transport to work bay:load=True:handoffs=0|H2:H2 cross-aisle carton transfer:Transport to work bay:load=True:handoffs=0|H3:Legitimate operation occupying station receiving bay:Transport to work bay:load=True:handoffs=0|H4:H4 trolley supply transfer:Transport to work bay:load=True:handoffs=0|H5:H5 rack inspection and replenishment:Return for next assignment:load=False:handoffs=1|F1:F1 inbound pallet replenishment:Transport to work bay:load=True:handoffs=0|F2:Outbound dispatch pallet collection:Transport to work bay:load=True:handoffs=0"
28.9712,10,59,262,-13.2311,0.0500,-4.4625,25.3915,1.0154,0.0000,12.3000,0.0000,13.5000,31.2168,7,"","","1.593:0.050:8.170|-4.508:0.050:3.019|-13.252:0.050:-6.080|12.623:0.050:-2.238|8.374:0.050:-2.356","0.000:0.000:0.000|0.019:0.000:0.656|0.201:0.000:0.624|-0.437:0.000:0.489|0.002:0.000:0.800","-1.309:0.050:-0.825|1.404:0.050:9.886","0.000:0.000:0.000|1.066:0.000:0.012",False,False,Moving,60.00,40.00,3.00,MultiAgentTraffic,"P1:True|P2:True|P3:True|D1:True|D2:False|D3:True","H1:H1 rack picking and carton handoff:Transport to work bay:load=True:handoffs=0|H2:H2 cross-aisle carton transfer:Transport to work bay:load=True:handoffs=0|H3:Legitimate operation occupying station receiving bay:Transport to work bay:load=True:handoffs=0|H4:H4 trolley supply transfer:Transport to work bay:load=True:handoffs=0|H5:H5 rack inspection and replenishment:Return for next assignment:load=False:handoffs=1|F1:F1 inbound pallet replenishment:Transport to work bay:load=True:handoffs=0|F2:Outbound dispatch pallet collection:Transport to work bay:load=True:handoffs=0"
29.0733,10,59,263,-13.1785,0.0500,-4.3518,25.3915,1.0328,0.0000,12.3000,0.0000,13.5000,31.1102,7,"","","1.593:0.050:8.170|-4.506:0.050:3.086|-13.231:0.050:-6.016|12.578:0.050:-2.188|8.374:0.050:-2.274","0.000:0.000:0.000|0.019:0.000:0.656|0.201:0.000:0.624|-0.437:0.000:0.489|0.002:0.000:0.800","-1.309:0.050:-0.825|1.513:0.050:9.887","0.000:0.000:0.000|1.066:0.000:0.012",False,False,Moving,60.00,40.00,3.00,MultiAgentTraffic,"P1:True|P2:True|P3:True|D1:True|D2:False|D3:True","H1:H1 rack picking and carton handoff:Transport to work bay:load=True:handoffs=0|H2:H2 cross-aisle carton transfer:Transport to work bay:load=True:handoffs=0|H3:Legitimate operation occupying station receiving bay:Transport to work bay:load=True:handoffs=0|H4:H4 trolley supply transfer:Transport to work bay:load=True:handoffs=0|H5:H5 rack inspection and replenishment:Return for next assignment:load=False:handoffs=1|F1:F1 inbound pallet replenishment:Transport to work bay:load=True:handoffs=0|F2:Outbound dispatch pallet collection:Transport to work bay:load=True:handoffs=0"
29.1735,10,59,264,-13.1269,0.0500,-4.2432,25.3915,1.0246,0.0000,12.3000,0.0000,13.5000,31.0057,7,"","","1.593:0.050:8.170|-4.504:0.050:3.152|-13.211:0.050:-5.954|12.534:0.050:-2.139|8.374:0.050:-2.194","0.000:0.000:0.000|0.019:0.000:0.656|0.201:0.000:0.624|-0.437:0.000:0.489|0.002:0.000:0.800","-1.309:0.050:-0.825|1.620:0.050:9.888","0.000:0.000:0.000|1.066:0.000:0.012",False,False,Moving,60.00,40.00,3.00,MultiAgentTraffic,"P1:True|P2:True|P3:True|D1:True|D2:False|D3:True","H1:H1 rack picking and carton handoff:Transport to work bay:load=True:handoffs=0|H2:H2 cross-aisle carton transfer:Transport to work bay:load=True:handoffs=0|H3:Legitimate operation occupying station receiving bay:Transport to work bay:load=True:handoffs=0|H4:H4 trolley supply transfer:Transport to work bay:load=True:handoffs=0|H5:H5 rack inspection and replenishment:Return for next assignment:load=False:handoffs=1|F1:F1 inbound pallet replenishment:Transport to work bay:load=True:handoffs=0|F2:Outbound dispatch pallet collection:Transport to work bay:load=True:handoffs=0"
29.2880,10,59,265,-13.0680,0.0500,-4.1190,25.3915,1.9451,0.0000,12.3000,0.0000,13.5000,30.8864,7,"","","1.593:0.050:8.170|-4.502:0.050:3.227|-13.188:0.050:-5.882|12.484:0.050:-2.083|8.375:0.050:-2.102","0.000:0.000:0.000|0.019:0.000:0.656|0.201:0.000:0.624|-0.437:0.000:0.489|0.002:0.000:0.800","-1.309:0.050:-0.825|1.742:0.050:9.890","0.000:0.000:0.000|1.066:0.000:0.012",False,False,Moving,60.00,40.00,3.00,MultiAgentTraffic,"P1:True|P2:True|P3:True|D1:True|D2:False|D3:True","H1:H1 rack picking and carton handoff:Transport to work bay:load=True:handoffs=0|H2:H2 cross-aisle carton transfer:Transport to work bay:load=True:handoffs=0|H3:Legitimate operation occupying station receiving bay:Transport to work bay:load=True:handoffs=0|H4:H4 trolley supply transfer:Transport to work bay:load=True:handoffs=0|H5:H5 rack inspection and replenishment:Return for next assignment:load=False:handoffs=1|F1:F1 inbound pallet replenishment:Transport to work bay:load=True:handoffs=0|F2:Outbound dispatch pallet collection:Transport to work bay:load=True:handoffs=0"
29.3953,10,59,266,-13.0128,0.0500,-4.0027,25.3915,1.4859,0.0000,12.3000,0.0000,13.5000,30.7748,7,"","","1.593:0.050:8.170|-4.499:0.050:3.297|-13.166:0.050:-5.815|12.437:0.050:-2.031|8.375:0.050:-2.016","0.000:0.000:0.000|0.019:0.000:0.656|0.201:0.000:0.624|-0.437:0.000:0.489|0.002:0.000:0.800","-1.309:0.050:-0.825|1.856:0.050:9.891","0.000:0.000:0.000|1.066:0.000:0.012",False,False,Moving,60.00,40.00,3.00,MultiAgentTraffic,"P1:True|P2:True|P3:True|D1:True|D2:False|D3:True","H1:H1 rack picking and carton handoff:Transport to work bay:load=True:handoffs=0|H2:H2 cross-aisle carton transfer:Transport to work bay:load=True:handoffs=0|H3:Legitimate operation occupying station receiving bay:Transport to work bay:load=True:handoffs=0|H4:H4 trolley supply transfer:Transport to work bay:load=True:handoffs=0|H5:H5 rack inspection and replenishment:Return for next assignment:load=False:handoffs=1|F1:F1 inbound pallet replenishment:Transport to work bay:load=True:handoffs=0|F2:Outbound dispatch pallet collection:Transport to work bay:load=True:handoffs=0"
29.5121,10,59,267,-12.9527,0.0500,-3.8762,25.3915,1.8324,0.0000,12.3000,0.0000,13.5000,30.6535,7,"","","1.593:0.050:8.170|-4.497:0.050:3.374|-13.143:0.050:-5.742|12.386:0.050:-1.973|8.375:0.050:-1.923","0.000:0.000:0.000|0.019:0.000:0.656|0.201:0.000:0.624|-0.437:0.000:0.489|0.002:0.000:0.800","-1.309:0.050:-0.825|1.981:0.050:9.892","0.000:0.000:0.000|1.066:0.000:0.012",False,False,Moving,60.00,40.00,3.00,MultiAgentTraffic,"P1:True|P2:True|P3:True|D1:True|D2:False|D3:True","H1:H1 rack picking and carton handoff:Transport to work bay:load=True:handoffs=0|H2:H2 cross-aisle carton transfer:Transport to work bay:load=True:handoffs=0|H3:Legitimate operation occupying station receiving bay:Transport to work bay:load=True:handoffs=0|H4:H4 trolley supply transfer:Transport to work bay:load=True:handoffs=0|H5:H5 rack inspection and replenishment:Return for next assignment:load=False:handoffs=1|F1:F1 inbound pallet replenishment:Transport to work bay:load=True:handoffs=0|F2:Outbound dispatch pallet collection:Transport to work bay:load=True:handoffs=0"
29.6245,10,59,268,-12.8949,0.0500,-3.7542,25.3915,0.9160,0.0000,12.3000,0.0000,13.5000,30.5367,7,"","","1.593:0.050:8.170|-4.495:0.050:3.447|-13.120:0.050:-5.672|12.337:0.050:-1.918|8.375:0.050:-1.833","0.000:0.000:0.000|0.019:0.000:0.656|0.201:0.000:0.624|-0.437:0.000:0.489|0.002:0.000:0.800","-1.309:0.050:-0.825|2.101:0.050:9.894","0.000:0.000:0.000|1.066:0.000:0.012",False,False,Moving,60.00,40.00,3.00,MultiAgentTraffic,"P1:True|P2:True|P3:True|D1:True|D2:False|D3:True","H1:H1 rack picking and carton handoff:Transport to work bay:load=True:handoffs=0|H2:H2 cross-aisle carton transfer:Transport to work bay:load=True:handoffs=0|H3:Legitimate operation occupying station receiving bay:Transport to work bay:load=True:handoffs=0|H4:H4 trolley supply transfer:Transport to work bay:load=True:handoffs=0|H5:H5 rack inspection and replenishment:Return for next assignment:load=False:handoffs=1|F1:F1 inbound pallet replenishment:Transport to work bay:load=True:handoffs=0|F2:Outbound dispatch pallet collection:Transport to work bay:load=True:handoffs=0"
29.7359,10,59,269,-12.8376,0.0500,-3.6335,25.3915,0.9513,0.0000,12.3000,0.0000,13.5000,30.4213,7,"","","1.593:0.050:8.170|-4.493:0.050:3.520|-13.098:0.050:-5.603|12.289:0.050:-1.864|8.375:0.050:-1.744","0.000:0.000:0.000|0.019:0.000:0.656|0.201:0.000:0.624|-0.437:0.000:0.489|0.002:0.000:0.800","-1.309:0.050:-0.825|2.219:0.050:9.895","0.000:0.000:0.000|1.066:0.000:0.012",False,False,Moving,60.00,40.00,3.00,MultiAgentTraffic,"P1:True|P2:True|P3:True|D1:True|D2:False|D3:True","H1:H1 rack picking and carton handoff:Transport to work bay:load=True:handoffs=0|H2:H2 cross-aisle carton transfer:Transport to work bay:load=True:handoffs=0|H3:Legitimate operation occupying station receiving bay:Transport to work bay:load=True:handoffs=0|H4:H4 trolley supply transfer:Transport to work bay:load=True:handoffs=0|H5:H5 rack inspection and replenishment:Return for next assignment:load=False:handoffs=1|F1:F1 inbound pallet replenishment:Transport to work bay:load=True:handoffs=0|F2:Outbound dispatch pallet collection:Transport to work bay:load=True:handoffs=0"
29.8431,10,59,270,-12.7824,0.0500,-3.5172,25.3915,1.1415,0.0000,12.3000,0.0000,13.5000,30.3103,7,"","","1.593:0.050:8.170|-4.491:0.050:3.591|-13.076:0.050:-5.536|12.242:0.050:-1.811|8.376:0.050:-1.658","0.000:0.000:0.000|0.019:0.000:0.656|0.201:0.000:0.624|-0.437:0.000:0.489|0.002:0.000:0.800","-1.309:0.050:-0.825|2.334:0.050:9.896","0.000:0.000:0.000|1.066:0.000:0.012",False,False,Moving,60.00,40.00,3.00,MultiAgentTraffic,"P1:True|P2:True|P3:True|D1:True|D2:False|D3:True","H1:H1 rack picking and carton handoff:Transport to work bay:load=True:handoffs=0|H2:H2 cross-aisle carton transfer:Transport to work bay:load=True:handoffs=0|H3:Legitimate operation occupying station receiving bay:Transport to work bay:load=True:handoffs=0|H4:H4 trolley supply transfer:Transport to work bay:load=True:handoffs=0|H5:H5 rack inspection and replenishment:Return for next assignment:load=False:handoffs=1|F1:F1 inbound pallet replenishment:Transport to work bay:load=True:handoffs=0|F2:Outbound dispatch pallet collection:Transport to work bay:load=True:handoffs=0"
29.9615,10,59,271,-12.7215,0.0500,-3.3890,25.3915,1.2689,0.0000,12.3000,0.0000,13.5000,30.1880,7,"","","1.593:0.050:8.170|-4.489:0.050:3.668|-13.052:0.050:-5.462|12.190:0.050:-1.753|8.376:0.050:-1.564","0.000:0.000:0.000|0.019:0.000:0.656|0.201:0.000:0.624|-0.437:0.000:0.489|0.002:0.000:0.800","-1.309:0.050:-0.825|2.460:0.050:9.898","0.000:0.000:0.000|1.066:0.000:0.012",False,False,Moving,60.00,40.00,3.00,MultiAgentTraffic,"P1:True|P2:True|P3:True|D1:True|D2:False|D3:True","H1:H1 rack picking and carton handoff:Transport to work bay:load=True:handoffs=0|H2:H2 cross-aisle carton transfer:Transport to work bay:load=True:handoffs=0|H3:Legitimate operation occupying station receiving bay:Transport to work bay:load=True:handoffs=0|H4:H4 trolley supply transfer:Transport to work bay:load=True:handoffs=0|H5:H5 rack inspection and replenishment:Return for next assignment:load=False:handoffs=1|F1:F1 inbound pallet replenishment:Transport to work bay:load=True:handoffs=0|F2:Outbound dispatch pallet collection:Transport to work bay:load=True:handoffs=0"
30.0792,10,59,272,-12.6609,0.0500,-3.2614,25.3915,1.2006,0.0000,12.3000,0.0000,13.5000,30.0665,7,"","","1.593:0.050:8.170|-4.486:0.050:3.746|-13.029:0.050:-5.388|12.139:0.050:-1.696|8.376:0.050:-1.469","0.000:0.000:0.000|0.019:0.000:0.656|0.201:0.000:0.624|-0.437:0.000:0.489|0.002:0.000:0.800","-1.309:0.050:-0.825|2.585:0.050:9.899","0.000:0.000:0.000|1.066:0.000:0.012",False,False,Moving,60.00,40.00,3.00,MultiAgentTraffic,"P1:True|P2:True|P3:True|D1:True|D2:False|D3:True","H1:H1 rack picking and carton handoff:Transport to work bay:load=True:handoffs=0|H2:H2 cross-aisle carton transfer:Transport to work bay:load=True:handoffs=0|H3:Legitimate operation occupying station receiving bay:Transport to work bay:load=True:handoffs=0|H4:H4 trolley supply transfer:Transport to work bay:load=True:handoffs=0|H5:H5 rack inspection and replenishment:Return for next assignment:load=False:handoffs=1|F1:F1 inbound pallet replenishment:Transport to work bay:load=True:handoffs=0|F2:Outbound dispatch pallet collection:Transport to work bay:load=True:handoffs=0"
30.1883,10,59,273,-12.6048,0.0500,-3.1430,25.3915,1.0439,0.0000,12.3000,0.0000,13.5000,29.9540,7,"","","1.593:0.050:8.170|-4.484:0.050:3.817|-13.007:0.050:-5.320|12.091:0.050:-1.642|8.376:0.050:-1.382","0.000:0.000:0.000|0.019:0.000:0.656|0.201:0.000:0.624|-0.437:0.000:0.489|0.002:0.000:0.800","-1.309:0.050:-0.825|2.701:0.050:9.901","0.000:0.000:0.000|1.066:0.000:0.012",False,False,Moving,60.00,40.00,3.00,MultiAgentTraffic,"P1:True|P2:True|P3:True|D1:True|D2:False|D3:True","H1:H1 rack picking and carton handoff:Transport to work bay:load=True:handoffs=0|H2:H2 cross-aisle carton transfer:Transport to work bay:load=True:handoffs=0|H3:Legitimate operation occupying station receiving bay:Transport to work bay:load=True:handoffs=0|H4:H4 trolley supply transfer:Transport to work bay:load=True:handoffs=0|H5:H5 rack inspection and replenishment:Return for next assignment:load=False:handoffs=1|F1:F1 inbound pallet replenishment:Transport to work bay:load=True:handoffs=0|F2:Outbound dispatch pallet collection:Transport to work bay:load=True:handoffs=0"
30.2888,10,59,274,-12.5531,0.0500,-3.0341,25.3915,1.9292,0.0000,12.3000,0.0000,13.5000,29.8505,7,"","","1.593:0.050:8.170|-4.482:0.050:3.883|-12.986:0.050:-5.258|12.047:0.050:-1.593|8.376:0.050:-1.302","0.000:0.000:0.000|0.019:0.000:0.656|0.201:0.000:0.624|-0.437:0.000:0.489|0.002:0.000:0.800","-1.309:0.050:-0.825|2.809:0.050:9.902","0.000:0.000:0.000|1.066:0.000:0.012",False,False,Moving,60.00,40.00,3.00,MultiAgentTraffic,"P1:True|P2:True|P3:True|D1:True|D2:False|D3:True","H1:H1 rack picking and carton handoff:Transport to work bay:load=True:handoffs=0|H2:H2 cross-aisle carton transfer:Transport to work bay:load=True:handoffs=0|H3:Legitimate operation occupying station receiving bay:Transport to work bay:load=True:handoffs=0|H4:H4 trolley supply transfer:Transport to work bay:load=True:handoffs=0|H5:H5 rack inspection and replenishment:Return for next assignment:load=False:handoffs=1|F1:F1 inbound pallet replenishment:Transport to work bay:load=True:handoffs=0|F2:Outbound dispatch pallet collection:Transport to work bay:load=True:handoffs=0"
30.3904,10,59,275,-12.5008,0.0500,-2.9240,25.3915,2.0217,0.0002,12.3000,0.0000,13.5000,29.7461,7,"","","1.593:0.050:8.170|-4.480:0.050:3.950|-12.966:0.050:-5.194|12.003:0.050:-1.543|8.376:0.050:-1.220","0.000:0.000:0.000|0.019:0.000:0.656|0.201:0.000:0.624|-0.437:0.000:0.489|0.002:0.000:0.800","-1.309:0.050:-0.825|2.917:0.050:9.903","0.000:0.000:0.000|1.066:0.000:0.012",False,False,Moving,60.00,40.00,3.00,MultiAgentTraffic,"P1:True|P2:True|P3:True|D1:True|D2:False|D3:True","H1:H1 rack picking and carton handoff:Transport to work bay:load=True:handoffs=0|H2:H2 cross-aisle carton transfer:Transport to work bay:load=True:handoffs=0|H3:Legitimate operation occupying station receiving bay:Transport to work bay:load=True:handoffs=0|H4:H4 trolley supply transfer:Transport to work bay:load=True:handoffs=0|H5:H5 rack inspection and replenishment:Return for next assignment:load=False:handoffs=1|F1:F1 inbound pallet replenishment:Transport to work bay:load=True:handoffs=0|F2:Outbound dispatch pallet collection:Transport to work bay:load=True:handoffs=0"
30.4925,10,59,276,-12.4482,0.0500,-2.8133,25.3915,1.1361,0.0000,12.3000,0.0000,13.5000,29.6412,7,"","","1.593:0.050:8.170|-4.478:0.050:4.017|-12.945:0.050:-5.130|11.958:0.050:-1.493|8.377:0.050:-1.139","0.000:0.000:0.000|0.019:0.000:0.656|0.201:0.000:0.624|-0.437:0.000:0.489|0.002:0.000:0.800","-1.309:0.050:-0.825|3.026:0.050:9.904","0.000:0.000:0.000|1.066:0.000:0.012",False,False,Moving,60.00,40.00,3.00,MultiAgentTraffic,"P1:True|P2:True|P3:True|D1:True|D2:False|D3:True","H1:H1 rack picking and carton handoff:Transport to work bay:load=True:handoffs=0|H2:H2 cross-aisle carton transfer:Transport to work bay:load=True:handoffs=0|H3:Legitimate operation occupying station receiving bay:Transport to work bay:load=True:handoffs=0|H4:H4 trolley supply transfer:Transport to work bay:load=True:handoffs=0|H5:H5 rack inspection and replenishment:Return for next assignment:load=False:handoffs=1|F1:F1 inbound pallet replenishment:Transport to work bay:load=True:handoffs=0|F2:Outbound dispatch pallet collection:Transport to work bay:load=True:handoffs=0"
30.6033,10,59,277,-12.3912,0.0500,-2.6932,25.3915,1.0450,0.0000,12.3000,0.0000,13.5000,29.5276,7,"","","1.593:0.050:8.170|-4.476:0.050:4.089|-12.918:0.050:-5.079|11.910:0.050:-1.439|8.377:0.050:-1.050","0.000:0.000:0.000|0.019:0.000:0.656|0.253:0.000:0.353|-0.437:0.000:0.489|0.002:0.000:0.800","-1.309:0.050:-0.825|3.134:0.050:9.898","0.000:0.000:0.000|0.972:0.000:-0.111",False,False,Moving,60.00,40.00,3.00,MultiAgentTraffic,"P1:True|P2:True|P3:True|D1:True|D2:True|D3:True","H1:H1 rack picking and carton handoff:Transport to work bay:load=True:handoffs=0|H2:H2 cross-aisle carton transfer:Transport to work bay:load=True:handoffs=0|H3:H3 station scan and dispatch verification:Transport to work bay:load=True:handoffs=0|H4:H4 trolley supply transfer:Transport to work bay:load=True:handoffs=0|H5:H5 rack inspection and replenishment:Return for next assignment:load=False:handoffs=1|F1:F1 inbound pallet replenishment:Transport to work bay:load=True:handoffs=0|F2:F2 outbound pallet dispatch:Transport to work bay:load=True:handoffs=0"
30.7044,10,59,278,-12.3392,0.0500,-2.5836,25.3915,1.0947,0.0000,12.3000,0.0000,13.5000,29.4241,7,"","","1.593:0.050:8.170|-4.474:0.050:4.155|-12.896:0.050:-5.056|11.865:0.050:-1.391|8.377:0.050:-0.969","0.000:0.000:0.000|0.019:0.000:0.656|0.182:0.000:0.144|-0.453:0.000:0.475|0.002:0.000:0.800","-1.309:0.050:-0.825|3.236:0.050:9.879","0.000:0.000:0.000|1.036:0.000:-0.219",False,False,Moving,60.00,40.00,3.00,MultiAgentTraffic,"P1:True|P2:True|P3:True|D1:True|D2:True|D3:True","H1:H1 rack picking and carton handoff:Transport to work bay:load=True:handoffs=0|H2:H2 cross-aisle carton transfer:Transport to work bay:load=True:handoffs=0|H3:H3 station scan and dispatch verification:Transport to work bay:load=True:handoffs=0|H4:H4 trolley supply transfer:Transport to work bay:load=True:handoffs=0|H5:H5 rack inspection and replenishment:Return for next assignment:load=False:handoffs=1|F1:F1 inbound pallet replenishment:Transport to work bay:load=True:handoffs=0|F2:F2 outbound pallet dispatch:Transport to work bay:load=True:handoffs=0"
30.8086,10,59,279,-12.2856,0.0500,-2.4706,25.3915,1.2860,0.0000,12.3000,0.0000,13.5000,29.3175,7,"","","1.593:0.050:8.170|-4.472:0.050:4.224|-12.887:0.050:-5.051|11.817:0.050:-1.341|8.377:0.050:-0.886","0.000:0.000:0.000|0.019:0.000:0.656|0.022:0.000:0.009|-0.453:0.000:0.475|0.002:0.000:0.800","-1.309:0.050:-0.825|3.344:0.050:9.856","0.000:0.000:0.000|1.043:0.000:-0.221",False,False,Moving,60.00,40.00,3.00,MultiAgentTraffic,"P1:True|P2:True|P3:True|D1:True|D2:True|D3:True","H1:H1 rack picking and carton handoff:Transport to work bay:load=True:handoffs=0|H2:H2 cross-aisle carton transfer:Transport to work bay:load=True:handoffs=0|H3:H3 station scan and dispatch verification:Transport to work bay:load=True:handoffs=0|H4:H4 trolley supply transfer:Transport to work bay:load=True:handoffs=0|H5:H5 rack inspection and replenishment:Return for next assignment:load=False:handoffs=1|F1:F1 inbound pallet replenishment:Transport to work bay:load=True:handoffs=0|F2:F2 outbound pallet dispatch:Transport to work bay:load=True:handoffs=0"
30.9274,10,59,280,-12.2245,0.0500,-2.3418,25.3915,1.0418,0.0000,12.3000,0.0000,13.5000,29.1962,7,"","","1.593:0.050:8.170|-4.470:0.050:4.302|-12.886:0.050:-5.051|11.764:0.050:-1.285|8.377:0.050:-0.791","0.000:0.000:0.000|0.019:0.000:0.656|0.017:0.000:0.001|-0.453:0.000:0.475|0.002:0.000:0.800","-1.309:0.050:-0.825|3.468:0.050:9.830","0.000:0.000:0.000|1.043:0.000:-0.221",False,False,Moving,60.00,40.00,3.00,MultiAgentTraffic,"P1:True|P2:True|P3:True|D1:True|D2:True|D3:True","H1:H1 rack picking and carton handoff:Transport to work bay:load=True:handoffs=0|H2:H2 cross-aisle carton transfer:Transport to work bay:load=True:handoffs=0|H3:H3 station scan and dispatch verification:Transport to work bay:load=True:handoffs=0|H4:H4 trolley supply transfer:Transport to work bay:load=True:handoffs=0|H5:H5 rack inspection and replenishment:Return for next assignment:load=False:handoffs=1|F1:F1 inbound pallet replenishment:Transport to work bay:load=True:handoffs=0|F2:F2 outbound pallet dispatch:Transport to work bay:load=True:handoffs=0"
31.0440,10,59,281,-12.1645,0.0500,-2.2154,25.3690,0.9936,0.0000,12.3000,0.0000,13.5000,29.0772,7,"","","1.593:0.050:8.170|-4.468:0.050:4.378|-12.878:0.050:-5.052|11.711:0.050:-1.229|8.378:0.050:-0.697","0.000:0.000:0.000|0.019:0.000:0.656|0.106:0.000:-0.031|-0.453:0.000:0.475|0.002:0.000:0.800","-1.309:0.050:-0.825|3.590:0.050:9.804","0.000:0.000:0.000|1.043:0.000:-0.221",False,False,Moving,60.00,40.00,3.00,MultiAgentTraffic,"P1:True|P2:True|P3:True|D1:True|D2:True|D3:True","H1:H1 rack picking and carton handoff:Transport to work bay:load=True:handoffs=0|H2:H2 cross-aisle carton transfer:Transport to work bay:load=True:handoffs=0|H3:H3 station scan and dispatch verification:Transport to work bay:load=True:handoffs=0|H4:H4 trolley supply transfer:Transport to work bay:load=True:handoffs=0|H5:H5 rack inspection and replenishment:Return for next assignment:load=False:handoffs=1|F1:F1 inbound pallet replenishment:Transport to work bay:load=True:handoffs=0|F2:F2 outbound pallet dispatch:Transport to work bay:load=True:handoffs=0"
31.1540,10,59,282,-12.1084,0.0500,-2.0964,25.3566,2.1302,-0.1770,12.3000,0.0000,13.5000,28.9658,7,"","","1.593:0.050:8.170|-4.466:0.050:4.450|-12.862:0.050:-5.060|11.670:0.050:-1.186|8.378:0.050:-0.609","0.000:0.000:0.000|0.019:0.000:0.656|0.165:0.000:-0.110|0.000:0.000:0.000|0.002:0.000:0.800","-1.309:0.050:-0.825|3.705:0.050:9.780","0.000:0.000:0.000|1.043:0.000:-0.221",False,False,Moving,60.00,40.00,3.00,MultiAgentTraffic,"P1:True|P2:True|P3:True|D1:True|D2:True|D3:True","H1:H1 rack picking and carton handoff:Transport to work bay:load=True:handoffs=0|H2:H2 cross-aisle carton transfer:Transport to work bay:load=True:handoffs=0|H3:H3 station scan and dispatch verification:Transport to work bay:load=True:handoffs=0|H4:H4 trolley supply transfer:Transport to work bay:load=True:handoffs=0|H5:H5 rack inspection and replenishment:Return for next assignment:load=False:handoffs=1|F1:F1 inbound pallet replenishment:Transport to work bay:load=True:handoffs=0|F2:F2 outbound pallet dispatch:Transport to work bay:load=True:handoffs=0"
31.2708,10,59,283,-12.0488,0.0500,-1.9701,25.3266,1.2498,-0.2380,12.3000,0.0000,13.5000,28.8477,7,"","","1.593:0.050:8.170|-4.463:0.050:4.527|-12.842:0.050:-5.081|11.670:0.050:-1.186|8.378:0.050:-0.516","0.000:0.000:0.000|0.019:0.000:0.656|0.178:0.000:-0.231|0.000:0.000:0.000|0.002:0.000:0.800","-1.309:0.050:-0.825|3.826:0.050:9.754","0.000:0.000:0.000|1.043:0.000:-0.221",False,False,Moving,60.00,40.00,3.00,MultiAgentTraffic,"P1:True|P2:True|P3:True|D1:True|D2:True|D3:True","H1:H1 rack picking and carton handoff:Transport to work bay:load=True:handoffs=0|H2:H2 cross-aisle carton transfer:Transport to work bay:load=True:handoffs=0|H3:H3 station scan and dispatch verification:Transport to work bay:load=True:handoffs=0|H4:H4 trolley supply transfer:Transport to work bay:load=True:handoffs=0|H5:H5 rack inspection and replenishment:Return for next assignment:load=False:handoffs=1|F1:F1 inbound pallet replenishment:Transport to work bay:load=True:handoffs=0|F2:F2 outbound pallet dispatch:Transport to work bay:load=True:handoffs=0"
31.3748,10,59,284,-11.9957,0.0500,-1.8577,25.3199,1.1885,0.3060,12.3000,0.0000,13.5000,28.7428,7,"","","1.593:0.050:8.170|-4.461:0.050:4.595|-12.825:0.050:-5.112|11.670:0.050:-1.186|8.378:0.050:-0.433","0.000:0.000:0.000|0.019:0.000:0.656|0.155:0.000:-0.341|0.000:0.000:0.000|0.002:0.000:0.800","-1.309:0.050:-0.825|3.935:0.050:9.731","0.000:0.000:0.000|1.043:0.000:-0.221",False,False,Moving,60.00,40.00,3.00,MultiAgentTraffic,"P1:True|P2:True|P3:True|D1:True|D2:True|D3:True","H1:H1 rack picking and carton handoff:Transport to work bay:load=True:handoffs=0|H2:H2 cross-aisle carton transfer:Transport to work bay:load=True:handoffs=0|H3:H3 station scan and dispatch verification:Transport to work bay:load=True:handoffs=0|H4:H4 trolley supply transfer:Transport to work bay:load=True:handoffs=0|H5:H5 rack inspection and replenishment:Return for next assignment:load=False:handoffs=1|F1:F1 inbound pallet replenishment:Transport to work bay:load=True:handoffs=0|F2:F2 outbound pallet dispatch:Transport to work bay:load=True:handoffs=0"
31.4751,10,59,285,-11.9444,0.0500,-1.7493,25.3187,0.0000,0.0000,12.3000,0.0000,13.5000,28.6415,7,"","","1.593:0.050:8.170|-4.459:0.050:4.661|-12.807:0.050:-5.151|11.670:0.050:-1.186|8.378:0.050:-0.353","0.000:0.000:0.000|0.019:0.000:0.656|0.188:0.000:-0.414|0.000:0.000:0.000|0.002:0.000:0.800","-1.309:0.050:-0.825|4.040:0.050:9.709","0.000:0.000:0.000|1.043:0.000:-0.221",False,False,Moving,60.00,40.00,3.00,MultiAgentTraffic,"P1:True|P2:True|P3:True|D1:True|D2:True|D3:True","H1:H1 rack picking and carton handoff:Transport to work bay:load=True:handoffs=0|H2:H2 cross-aisle carton transfer:Transport to work bay:load=True:handoffs=0|H3:H3 station scan and dispatch verification:Transport to work bay:load=True:handoffs=0|H4:H4 trolley supply transfer:Transport to work bay:load=True:handoffs=0|H5:H5 rack inspection and replenishment:Return for next assignment:load=False:handoffs=1|F1:F1 inbound pallet replenishment:Transport to work bay:load=True:handoffs=0|F2:F2 outbound pallet dispatch:Transport to work bay:load=True:handoffs=0"
31.5791,10,59,286,-11.8912,0.0500,-1.6369,25.3249,1.1816,-0.0275,12.3000,0.0000,13.5000,28.5367,7,"","","1.593:0.050:8.170|-4.457:0.050:4.729|-12.786:0.050:-5.199|11.670:0.050:-1.186|8.378:0.050:-0.269","0.000:0.000:0.000|0.019:0.000:0.656|0.222:0.000:-0.490|0.000:0.000:0.000|0.002:0.000:0.800","-1.309:0.050:-0.825|4.148:0.050:9.686","0.000:0.000:0.000|1.043:0.000:-0.221",False,False,Moving,60.00,40.00,3.00,MultiAgentTraffic,"P1:True|P2:True|P3:True|D1:True|D2:True|D3:True","H1:H1 rack picking and carton handoff:Transport to work bay:load=True:handoffs=0|H2:H2 cross-aisle carton transfer:Transport to work bay:load=True:handoffs=0|H3:H3 station scan and dispatch verification:Transport to work bay:load=True:handoffs=0|H4:H4 trolley supply transfer:Transport to work bay:load=True:handoffs=0|H5:H5 rack inspection and replenishment:Return for next assignment:load=False:handoffs=1|F1:F1 inbound pallet replenishment:Transport to work bay:load=True:handoffs=0|F2:F2 outbound pallet dispatch:Transport to work bay:load=True:handoffs=0"
31.6902,10,59,287,-11.8343,0.0500,-1.5170,25.3388,1.3538,0.0489,12.3000,0.0000,13.5000,28.4249,7,"","","1.593:0.050:8.170|-4.455:0.050:4.802|-12.758:0.050:-5.259|11.670:0.050:-1.186|8.379:0.050:-0.181","0.000:0.000:0.000|0.019:0.000:0.656|0.259:0.000:-0.571|0.000:0.000:0.000|0.002:0.000:0.800","-1.309:0.050:-0.825|4.264:0.050:9.662","0.000:0.000:0.000|1.043:0.000:-0.221",False,False,Moving,60.00,40.00,3.00,MultiAgentTraffic,"P1:True|P2:True|P3:True|D1:True|D2:True|D3:True","H1:H1 rack picking and carton handoff:Transport to work bay:load=True:handoffs=0|H2:H2 cross-aisle carton transfer:Transport to work bay:load=True:handoffs=0|H3:H3 station scan and dispatch verification:Transport to work bay:load=True:handoffs=0|H4:H4 trolley supply transfer:Transport to work bay:load=True:handoffs=0|H5:H5 rack inspection and replenishment:Return for next assignment:load=False:handoffs=1|F1:F1 inbound pallet replenishment:Transport to work bay:load=True:handoffs=0|F2:F2 outbound pallet dispatch:Transport to work bay:load=True:handoffs=0"
31.8024,10,59,288,-11.7767,0.0500,-1.3958,25.3641,1.4011,0.1910,12.3000,0.0000,13.5000,28.3121,7,"","","1.593:0.050:8.170|-4.453:0.050:4.875|-12.728:0.050:-5.326|11.670:0.050:-1.186|8.379:0.050:-0.091","0.000:0.000:0.000|0.019:0.000:0.656|0.271:0.000:-0.597|0.000:0.000:0.000|0.002:0.000:0.800","-1.309:0.050:-0.825|4.381:0.050:9.637","0.000:0.000:0.000|1.043:0.000:-0.221",False,False,Moving,60.00,40.00,3.00,MultiAgentTraffic,"P1:True|P2:True|P3:True|D1:True|D2:True|D3:True","H1:H1 rack picking and carton handoff:Transport to work bay:load=True:handoffs=0|H2:H2 cross-aisle carton transfer:Transport to work bay:load=True:handoffs=0|H3:H3 station scan and dispatch verification:Transport to work bay:load=True:handoffs=0|H4:H4 trolley supply transfer:Transport to work bay:load=True:handoffs=0|H5:H5 rack inspection and replenishment:Return for next assignment:load=False:handoffs=1|F1:F1 inbound pallet replenishment:Transport to work bay:load=True:handoffs=0|F2:F2 outbound pallet dispatch:Transport to work bay:load=True:handoffs=0"
31.9162,10,59,289,-11.7181,0.0500,-1.2731,25.4179,0.0000,0.0000,12.3000,0.0000,13.5000,28.1978,7,"","","1.593:0.050:8.170|-4.451:0.050:4.950|-12.697:0.050:-5.394|11.670:0.050:-1.186|8.379:0.050:0.000","0.000:0.000:0.000|0.019:0.000:0.656|0.271:0.000:-0.597|0.000:0.000:0.000|0.002:0.000:0.800","-1.309:0.050:-0.825|4.500:0.050:9.612","0.000:0.000:0.000|1.043:0.000:-0.221",False,False,Moving,60.00,40.00,3.00,MultiAgentTraffic,"P1:True|P2:True|P3:True|D1:True|D2:True|D3:True","H1:H1 rack picking and carton handoff:Transport to work bay:load=True:handoffs=0|H2:H2 cross-aisle carton transfer:Transport to work bay:load=True:handoffs=0|H3:H3 station scan and dispatch verification:Transport to work bay:load=True:handoffs=0|H4:H4 trolley supply transfer:Transport to work bay:load=True:handoffs=0|H5:H5 rack inspection and replenishment:Return for next assignment:load=False:handoffs=1|F1:F1 inbound pallet replenishment:Transport to work bay:load=True:handoffs=0|F2:F2 outbound pallet dispatch:Transport to work bay:load=True:handoffs=0"
32.0213,10,59,290,-11.6634,0.0500,-1.1597,25.5109,1.1051,0.9585,12.3000,0.0000,13.5000,28.0919,7,"","","1.593:0.050:8.170|-4.449:0.050:5.019|-12.669:0.050:-5.456|11.670:0.050:-1.186|8.379:0.050:0.084","0.000:0.000:0.000|0.019:0.000:0.656|0.271:0.000:-0.597|0.000:0.000:0.000|0.002:0.000:0.800","-1.309:0.050:-0.825|4.609:0.050:9.589","0.000:0.000:0.000|1.043:0.000:-0.221",False,False,Moving,60.00,40.00,3.00,MultiAgentTraffic,"P1:True|P2:True|P3:True|D1:True|D2:True|D3:True","H1:H1 rack picking and carton handoff:Transport to work bay:load=True:handoffs=0|H2:H2 cross-aisle carton transfer:Transport to work bay:load=True:handoffs=0|H3:H3 station scan and dispatch verification:Transport to work bay:load=True:handoffs=0|H4:H4 trolley supply transfer:Transport to work bay:load=True:handoffs=0|H5:H5 rack inspection and replenishment:Return for next assignment:load=False:handoffs=1|F1:F1 inbound pallet replenishment:Transport to work bay:load=True:handoffs=0|F2:F2 outbound pallet dispatch:Transport to work bay:load=True:handoffs=0"
32.1260,10,59,291,-11.6054,0.0500,-1.0487,26.0969,1.1930,6.9009,12.3000,0.0000,13.5000,27.9845,7,"","","1.593:0.050:8.170|-4.447:0.050:5.088|-12.641:0.050:-5.519|11.670:0.050:-1.186|8.379:0.050:0.168","0.000:0.000:0.000|0.019:0.000:0.656|0.271:0.000:-0.597|0.000:0.000:0.000|0.002:0.000:0.800","-1.309:0.050:-0.825|4.718:0.050:9.566","0.000:0.000:0.000|1.043:0.000:-0.221",False,False,Moving,60.00,40.00,3.00,MultiAgentTraffic,"P1:True|P2:True|P3:True|D1:True|D2:True|D3:True","H1:H1 rack picking and carton handoff:Transport to work bay:load=True:handoffs=0|H2:H2 cross-aisle carton transfer:Transport to work bay:load=True:handoffs=0|H3:H3 station scan and dispatch verification:Transport to work bay:load=True:handoffs=0|H4:H4 trolley supply transfer:Transport to work bay:load=True:handoffs=0|H5:H5 rack inspection and replenishment:Return for next assignment:load=False:handoffs=1|F1:F1 inbound pallet replenishment:Transport to work bay:load=True:handoffs=0|F2:F2 outbound pallet dispatch:Transport to work bay:load=True:handoffs=0"
32.2391,10,59,292,-11.5366,0.0500,-0.9339,27.3501,0.0000,0.0000,12.3000,0.0000,13.5000,27.8662,7,"","","1.593:0.050:8.170|-4.445:0.050:5.162|-12.610:0.050:-5.587|11.670:0.050:-1.186|8.380:0.050:0.259","0.000:0.000:0.000|0.019:0.000:0.656|0.271:0.000:-0.597|0.000:0.000:0.000|0.002:0.000:0.800","-1.309:0.050:-0.825|4.836:0.050:9.541","0.000:0.000:0.000|1.043:0.000:-0.221",False,False,Moving,60.00,40.00,3.00,MultiAgentTraffic,"P1:True|P2:True|P3:True|D1:True|D2:True|D3:True","H1:H1 rack picking and carton handoff:Transport to work bay:load=True:handoffs=0|H2:H2 cross-aisle carton transfer:Transport to work bay:load=True:handoffs=0|H3:H3 station scan and dispatch verification:Transport to work bay:load=True:handoffs=0|H4:H4 trolley supply transfer:Transport to work bay:load=True:handoffs=0|H5:H5 rack inspection and replenishment:Return for next assignment:load=False:handoffs=1|F1:F1 inbound pallet replenishment:Transport to work bay:load=True:handoffs=0|F2:F2 outbound pallet dispatch:Transport to work bay:load=True:handoffs=0"
32.3525,10,59,293,-11.4618,0.0500,-0.8246,29.0943,1.2932,17.9079,12.3000,0.0000,13.5000,27.7456,7,"","","1.593:0.050:8.170|-4.443:0.050:5.236|-12.579:0.050:-5.654|11.670:0.050:-1.186|8.380:0.050:0.349","0.000:0.000:0.000|0.019:0.000:0.656|0.271:0.000:-0.597|0.000:0.000:0.000|0.002:0.000:0.800","-1.309:0.050:-0.825|4.955:0.050:9.516","0.000:0.000:0.000|1.043:0.000:-0.221",False,False,Moving,60.00,40.00,3.00,MultiAgentTraffic,"P1:True|P2:True|P3:True|D1:True|D2:True|D3:True","H1:H1 rack picking and carton handoff:Transport to work bay:load=True:handoffs=0|H2:H2 cross-aisle carton transfer:Transport to work bay:load=True:handoffs=0|H3:H3 station scan and dispatch verification:Transport to work bay:load=True:handoffs=0|H4:H4 trolley supply transfer:Transport to work bay:load=True:handoffs=0|H5:H5 rack inspection and replenishment:Return for next assignment:load=False:handoffs=1|F1:F1 inbound pallet replenishment:Transport to work bay:load=True:handoffs=0|F2:F2 outbound pallet dispatch:Transport to work bay:load=True:handoffs=0"
32.4658,10,59,294,-11.3821,0.0500,-0.7223,31.2030,1.3101,22.0803,12.3000,0.0000,13.5000,27.6246,7,"","","1.593:0.050:8.170|-4.440:0.050:5.310|-12.548:0.050:-5.722|11.670:0.050:-1.186|8.380:0.050:0.440","0.000:0.000:0.000|0.019:0.000:0.656|0.271:0.000:-0.597|0.000:0.000:0.000|0.002:0.000:0.800","-1.309:0.050:-0.825|5.073:0.050:9.491","0.000:0.000:0.000|1.043:0.000:-0.221",False,False,Moving,60.00,40.00,3.00,MultiAgentTraffic,"P1:True|P2:True|P3:True|D1:True|D2:True|D3:True","H1:H1 rack picking and carton handoff:Transport to work bay:load=True:handoffs=0|H2:H2 cross-aisle carton transfer:Transport to work bay:load=True:handoffs=0|H3:H3 station scan and dispatch verification:Transport to work bay:load=True:handoffs=0|H4:H4 trolley supply transfer:Transport to work bay:load=True:handoffs=0|H5:H5 rack inspection and replenishment:Return for next assignment:load=False:handoffs=1|F1:F1 inbound pallet replenishment:Transport to work bay:load=True:handoffs=0|F2:F2 outbound pallet dispatch:Transport to work bay:load=True:handoffs=0"
32.5804,10,59,295,-11.2967,0.0500,-0.6257,33.6543,1.1889,23.1571,12.3000,0.0000,13.5000,27.5017,7,"","","1.593:0.050:8.170|-4.438:0.050:5.386|-12.517:0.050:-5.791|11.670:0.050:-1.186|8.380:0.050:0.532","0.000:0.000:0.000|0.019:0.000:0.656|0.271:0.000:-0.597|0.000:0.000:0.000|0.002:0.000:0.800","-1.309:0.050:-0.825|5.192:0.050:9.465","0.000:0.000:0.000|1.043:0.000:-0.221",False,False,Moving,60.00,40.00,3.00,MultiAgentTraffic,"P1:True|P2:True|P3:True|D1:True|D2:True|D3:True","H1:H1 rack picking and carton handoff:Transport to work bay:load=True:handoffs=0|H2:H2 cross-aisle carton transfer:Transport to work bay:load=True:handoffs=0|H3:H3 station scan and dispatch verification:Transport to work bay:load=True:handoffs=0|H4:H4 trolley supply transfer:Transport to work bay:load=True:handoffs=0|H5:H5 rack inspection and replenishment:Return for next assignment:load=False:handoffs=1|F1:F1 inbound pallet replenishment:Transport to work bay:load=True:handoffs=0|F2:F2 outbound pallet dispatch:Transport to work bay:load=True:handoffs=0"
32.6860,10,59,296,-11.2138,0.0500,-0.5431,36.1387,1.0489,22.6391,12.3000,0.0000,13.5000,27.3881,7,"","","1.593:0.050:8.170|-4.436:0.050:5.455|-12.489:0.050:-5.854|11.670:0.050:-1.186|8.380:0.050:0.616","0.000:0.000:0.000|0.019:0.000:0.656|0.271:0.000:-0.597|0.000:0.000:0.000|0.002:0.000:0.800","-1.309:0.050:-0.825|5.302:0.050:9.442","0.000:0.000:0.000|1.043:0.000:-0.221",False,False,Moving,60.00,40.00,3.00,MultiAgentTraffic,"P1:True|P2:True|P3:True|D1:True|D2:True|D3:True","H1:H1 rack picking and carton handoff:Transport to work bay:load=True:handoffs=0|H2:H2 cross-aisle carton transfer:Transport to work bay:load=True:handoffs=0|H3:H3 station scan and dispatch verification:Transport to work bay:load=True:handoffs=0|H4:H4 trolley supply transfer:Transport to work bay:load=True:handoffs=0|H5:H5 rack inspection and replenishment:Return for next assignment:load=False:handoffs=1|F1:F1 inbound pallet replenishment:Transport to work bay:load=True:handoffs=0|F2:F2 outbound pallet dispatch:Transport to work bay:load=True:handoffs=0"
32.7941,10,59,297,-11.1247,0.0500,-0.4647,38.8945,1.1884,28.0508,12.3000,0.0000,13.5000,27.2714,7,"","","1.593:0.050:8.170|-4.434:0.050:5.526|-12.460:0.050:-5.918|11.670:0.050:-1.186|8.380:0.050:0.703","0.000:0.000:0.000|0.019:0.000:0.656|0.271:0.000:-0.597|0.000:0.000:0.000|0.002:0.000:0.800","-1.309:0.050:-0.825|5.415:0.050:9.418","0.000:0.000:0.000|1.043:0.000:-0.221",False,False,Moving,60.00,40.00,3.00,MultiAgentTraffic,"P1:True|P2:True|P3:True|D1:True|D2:True|D3:True","H1:H1 rack picking and carton handoff:Transport to work bay:load=True:handoffs=0|H2:H2 cross-aisle carton transfer:Transport to work bay:load=True:handoffs=0|H3:H3 station scan and dispatch verification:Transport to work bay:load=True:handoffs=0|H4:H4 trolley supply transfer:Transport to work bay:load=True:handoffs=0|H5:H5 rack inspection and replenishment:Return for next assignment:load=False:handoffs=1|F1:F1 inbound pallet replenishment:Transport to work bay:load=True:handoffs=0|F2:F2 outbound pallet dispatch:Transport to work bay:load=True:handoffs=0"
32.9108,10,59,298,-11.0238,0.0500,-0.3872,42.0548,1.0389,26.2377,12.3000,0.0000,13.5000,27.1451,7,"","","1.593:0.050:8.170|-4.432:0.050:5.602|-12.428:0.050:-5.988|11.670:0.050:-1.186|8.381:0.050:0.796","0.000:0.000:0.000|0.019:0.000:0.656|0.271:0.000:-0.597|0.000:0.000:0.000|0.002:0.000:0.800","-1.309:0.050:-0.825|5.537:0.050:9.393","0.000:0.000:0.000|1.043:0.000:-0.221",False,False,Moving,60.00,40.00,3.00,MultiAgentTraffic,"P1:True|P2:True|P3:True|D1:True|D2:True|D3:True","H1:H1 rack picking and carton handoff:Transport to work bay:load=True:handoffs=0|H2:H2 cross-aisle carton transfer:Transport to work bay:load=True:handoffs=0|H3:H3 station scan and dispatch verification:Transport to work bay:load=True:handoffs=0|H4:H4 trolley supply transfer:Transport to work bay:load=True:handoffs=0|H5:H5 rack inspection and replenishment:Return for next assignment:load=False:handoffs=1|F1:F1 inbound pallet replenishment:Transport to work bay:load=True:handoffs=0|F2:F2 outbound pallet dispatch:Transport to work bay:load=True:handoffs=0"
33.0127,10,59,299,-10.9318,0.0500,-0.3257,44.9688,1.0483,27.7455,12.3000,0.0000,13.5000,27.0346,7,"","","1.593:0.050:8.170|-4.430:0.050:5.669|-12.400:0.050:-6.049|11.670:0.050:-1.186|8.381:0.050:0.877","0.000:0.000:0.000|0.019:0.000:0.656|0.271:0.000:-0.597|0.000:0.000:0.000|0.002:0.000:0.800","-1.309:0.050:-0.825|5.643:0.050:9.370","0.000:0.000:0.000|1.043:0.000:-0.221",False,False,Moving,60.00,40.00,3.00,MultiAgentTraffic,"P1:True|P2:True|P3:True|D1:True|D2:True|D3:True","H1:H1 rack picking and carton handoff:Transport to work bay:load=True:handoffs=0|H2:H2 cross-aisle carton transfer:Transport to work bay:load=True:handoffs=0|H3:H3 station scan and dispatch verification:Transport to work bay:load=True:handoffs=0|H4:H4 trolley supply transfer:Transport to work bay:load=True:handoffs=0|H5:H5 rack inspection and replenishment:Return for next assignment:load=False:handoffs=1|F1:F1 inbound pallet replenishment:Transport to work bay:load=True:handoffs=0|F2:F2 outbound pallet dispatch:Transport to work bay:load=True:handoffs=0"
33.1238,10,59,300,-10.8273,0.0500,-0.2649,48.2899,1.0767,29.5925,12.3000,0.0000,13.5000,26.9137,7,"","","1.593:0.050:8.170|-4.428:0.050:5.742|-12.370:0.050:-6.115|11.670:0.050:-1.186|8.381:0.050:0.966","0.000:0.000:0.000|0.019:0.000:0.656|0.271:0.000:-0.597|0.000:0.000:0.000|0.002:0.000:0.800","-1.309:0.050:-0.825|5.759:0.050:9.346","0.000:0.000:0.000|1.043:0.000:-0.221",False,False,Moving,60.00,40.00,3.00,MultiAgentTraffic,"P1:True|P2:True|P3:True|D1:True|D2:True|D3:True","H1:H1 rack picking and carton handoff:Transport to work bay:load=True:handoffs=0|H2:H2 cross-aisle carton transfer:Transport to work bay:load=True:handoffs=0|H3:H3 station scan and dispatch verification:Transport to work bay:load=True:handoffs=0|H4:H4 trolley supply transfer:Transport to work bay:load=True:handoffs=0|H5:H5 rack inspection and replenishment:Return for next assignment:load=False:handoffs=1|F1:F1 inbound pallet replenishment:Transport to work bay:load=True:handoffs=0|F2:F2 outbound pallet dispatch:Transport to work bay:load=True:handoffs=0"
33.2406,10,59,301,-10.7128,0.0500,-0.2083,51.9036,1.1585,32.7164,12.3000,0.0000,13.5000,26.7864,7,"","","1.593:0.050:8.170|-4.425:0.050:5.818|-12.339:0.050:-6.185|11.670:0.050:-1.186|8.381:0.050:1.060","0.000:0.000:0.000|0.019:0.000:0.656|0.271:0.000:-0.597|0.000:0.000:0.000|0.002:0.000:0.800","-1.309:0.050:-0.825|5.881:0.050:9.320","0.000:0.000:0.000|1.043:0.000:-0.221",False,False,Moving,60.00,40.00,3.00,MultiAgentTraffic,"P1:True|P2:True|P3:True|D1:True|D2:True|D3:True","H1:H1 rack picking and carton handoff:Transport to work bay:load=True:handoffs=0|H2:H2 cross-aisle carton transfer:Transport to work bay:load=True:handoffs=0|H3:H3 station scan and dispatch verification:Transport to work bay:load=True:handoffs=0|H4:H4 trolley supply transfer:Transport to work bay:load=True:handoffs=0|H5:H5 rack inspection and replenishment:Return for next assignment:load=False:handoffs=1|F1:F1 inbound pallet replenishment:Transport to work bay:load=True:handoffs=0|F2:F2 outbound pallet dispatch:Transport to work bay:load=True:handoffs=0"
33.3495,10,59,302,-10.6017,0.0500,-0.1623,55.3367,1.1589,33.0673,12.3000,0.0000,13.5000,26.6674,7,"","","1.593:0.050:8.170|-4.423:0.050:5.890|-12.309:0.050:-6.250|11.670:0.050:-1.186|8.381:0.050:1.147","0.000:0.000:0.000|0.019:0.000:0.656|0.271:0.000:-0.597|0.000:0.000:0.000|0.002:0.000:0.800","-1.309:0.050:-0.825|5.994:0.050:9.296","0.000:0.000:0.000|1.043:0.000:-0.221",False,False,Moving,60.00,40.00,3.00,MultiAgentTraffic,"P1:True|P2:True|P3:True|D1:True|D2:True|D3:True","H1:H1 rack picking and carton handoff:Transport to work bay:load=True:handoffs=0|H2:H2 cross-aisle carton transfer:Transport to work bay:load=True:handoffs=0|H3:H3 station scan and dispatch verification:Transport to work bay:load=True:handoffs=0|H4:H4 trolley supply transfer:Transport to work bay:load=True:handoffs=0|H5:H5 rack inspection and replenishment:Return for next assignment:load=False:handoffs=1|F1:F1 inbound pallet replenishment:Transport to work bay:load=True:handoffs=0|F2:F2 outbound pallet dispatch:Transport to work bay:load=True:handoffs=0"
33.4617,10,59,303,-10.4831,0.0500,-0.1218,58.9301,1.0750,30.5334,12.3000,0.0000,13.5000,26.5448,7,"","","1.593:0.050:8.170|-4.421:0.050:5.963|-12.279:0.050:-6.317|11.670:0.050:-1.186|8.382:0.050:1.237","0.000:0.000:0.000|0.019:0.000:0.656|0.271:0.000:-0.597|0.000:0.000:0.000|0.002:0.000:0.800","-1.309:0.050:-0.825|6.111:0.050:9.271","0.000:0.000:0.000|1.043:0.000:-0.221",False,False,Moving,60.00,40.00,3.00,MultiAgentTraffic,"P1:True|P2:True|P3:True|D1:True|D2:True|D3:True","H1:H1 rack picking and carton handoff:Transport to work bay:load=True:handoffs=0|H2:H2 cross-aisle carton transfer:Transport to work bay:load=True:handoffs=0|H3:H3 station scan and dispatch verification:Transport to work bay:load=True:handoffs=0|H4:H4 trolley supply transfer:Transport to work bay:load=True:handoffs=0|H5:H5 rack inspection and replenishment:Return for next assignment:load=False:handoffs=1|F1:F1 inbound pallet replenishment:Transport to work bay:load=True:handoffs=0|F2:F2 outbound pallet dispatch:Transport to work bay:load=True:handoffs=0"
33.5689,10,59,304,-10.3657,0.0500,-0.0896,62.3773,1.2078,34.0807,12.3000,0.0000,13.5000,26.4275,7,"","","1.593:0.050:8.170|-4.419:0.050:6.034|-12.250:0.050:-6.381|11.670:0.050:-1.186|8.382:0.050:1.322","0.000:0.000:0.000|0.019:0.000:0.656|0.271:0.000:-0.597|0.000:0.000:0.000|0.002:0.000:0.800","-1.309:0.050:-0.825|6.223:0.050:9.247","0.000:0.000:0.000|1.043:0.000:-0.221",False,False,Moving,60.00,40.00,3.00,MultiAgentTraffic,"P1:True|P2:True|P3:True|D1:True|D2:True|D3:True","H1:H1 rack picking and carton handoff:Transport to work bay:load=True:handoffs=0|H2:H2 cross-aisle carton transfer:Transport to work bay:load=True:handoffs=0|H3:H3 station scan and dispatch verification:Transport to work bay:load=True:handoffs=0|H4:H4 trolley supply transfer:Transport to work bay:load=True:handoffs=0|H5:H5 rack inspection and replenishment:Return for next assignment:load=False:handoffs=1|F1:F1 inbound pallet replenishment:Transport to work bay:load=True:handoffs=0|F2:F2 outbound pallet dispatch:Transport to work bay:load=True:handoffs=0"
33.6890,10,59,305,-10.2297,0.0500,-0.0610,66.2596,1.1897,32.6649,12.3000,0.0000,13.5000,26.2962,7,"","","1.593:0.050:8.170|-4.417:0.050:6.113|-12.217:0.050:-6.453|11.670:0.050:-1.186|8.382:0.050:1.418","0.000:0.000:0.000|0.019:0.000:0.656|0.271:0.000:-0.597|0.000:0.000:0.000|0.002:0.000:0.800","-1.309:0.050:-0.825|6.348:0.050:9.221","0.000:0.000:0.000|1.043:0.000:-0.221",False,False,Moving,60.00,40.00,3.00,MultiAgentTraffic,"P1:True|P2:True|P3:True|D1:True|D2:True|D3:True","H1:H1 rack picking and carton handoff:Transport to work bay:load=True:handoffs=0|H2:H2 cross-aisle carton transfer:Transport to work bay:load=True:handoffs=0|H3:H3 station scan and dispatch verification:Transport to work bay:load=True:handoffs=0|H4:H4 trolley supply transfer:Transport to work bay:load=True:handoffs=0|H5:H5 rack inspection and replenishment:Return for next assignment:load=False:handoffs=1|F1:F1 inbound pallet replenishment:Transport to work bay:load=True:handoffs=0|F2:F2 outbound pallet dispatch:Transport to work bay:load=True:handoffs=0"
33.8055,10,59,306,-10.0931,0.0500,-0.0410,69.9644,1.3145,35.0929,12.3000,0.0000,13.5000,26.1689,7,"","","1.593:0.050:8.170|-4.415:0.050:6.189|-12.186:0.050:-6.522|11.670:0.050:-1.186|8.382:0.050:1.512","0.000:0.000:0.000|0.019:0.000:0.656|0.271:0.000:-0.597|0.000:0.000:0.000|0.002:0.000:0.800","-1.309:0.050:-0.825|6.470:0.050:9.195","0.000:0.000:0.000|1.043:0.000:-0.221",False,False,Moving,60.00,40.00,3.00,MultiAgentTraffic,"P1:True|P2:True|P3:True|D1:True|D2:True|D3:True","H1:H1 rack picking and carton handoff:Transport to work bay:load=True:handoffs=0|H2:H2 cross-aisle carton transfer:Transport to work bay:load=True:handoffs=0|H3:H3 station scan and dispatch verification:Transport to work bay:load=True:handoffs=0|H4:H4 trolley supply transfer:Transport to work bay:load=True:handoffs=0|H5:H5 rack inspection and replenishment:Return for next assignment:load=False:handoffs=1|F1:F1 inbound pallet replenishment:Transport to work bay:load=True:handoffs=0|F2:F2 outbound pallet dispatch:Transport to work bay:load=True:handoffs=0"
33.9144,10,59,307,-9.9632,0.0500,-0.0258,72.8790,1.3124,27.7607,12.3000,0.0000,13.5000,26.0500,7,"","","1.593:0.050:8.170|-4.412:0.050:6.260|-12.156:0.050:-6.588|11.670:0.050:-1.186|8.382:0.050:1.599","0.000:0.000:0.000|0.019:0.000:0.656|0.271:0.000:-0.597|0.000:0.000:0.000|0.002:0.000:0.800","-1.309:0.050:-0.825|6.584:0.050:9.171","0.000:0.000:0.000|1.043:0.000:-0.221",False,False,Moving,60.00,40.00,3.00,MultiAgentTraffic,"P1:True|P2:True|P3:True|D1:True|D2:True|D3:True","H1:H1 rack picking and carton handoff:Transport to work bay:load=True:handoffs=0|H2:H2 cross-aisle carton transfer:Transport to work bay:load=True:handoffs=0|H3:H3 station scan and dispatch verification:Transport to work bay:load=True:handoffs=0|H4:H4 trolley supply transfer:Transport to work bay:load=True:handoffs=0|H5:H5 rack inspection and replenishment:Return for next assignment:load=False:handoffs=1|F1:F1 inbound pallet replenishment:Transport to work bay:load=True:handoffs=0|F2:F2 outbound pallet dispatch:Transport to work bay:load=True:handoffs=0"
34.0297,10,59,308,-9.8258,0.0500,-0.0098,75.2794,1.4131,23.1106,12.3000,0.0000,13.5000,25.9243,7,"","","1.593:0.050:8.170|-4.410:0.050:6.336|-12.125:0.050:-6.656|11.670:0.050:-1.186|8.383:0.050:1.691","0.000:0.000:0.000|0.019:0.000:0.656|0.271:0.000:-0.597|0.000:0.000:0.000|0.002:0.000:0.800","-1.309:0.050:-0.825|6.704:0.050:9.146","0.000:0.000:0.000|1.043:0.000:-0.221",False,False,Moving,60.00,40.00,3.00,MultiAgentTraffic,"P1:True|P2:True|P3:True|D1:True|D2:True|D3:True","H1:H1 rack picking and carton handoff:Transport to work bay:load=True:handoffs=0|H2:H2 cross-aisle carton transfer:Transport to work bay:load=True:handoffs=0|H3:H3 station scan and dispatch verification:Transport to work bay:load=True:handoffs=0|H4:H4 trolley supply transfer:Transport to work bay:load=True:handoffs=0|H5:H5 rack inspection and replenishment:Return for next assignment:load=False:handoffs=1|F1:F1 inbound pallet replenishment:Transport to work bay:load=True:handoffs=0|F2:F2 outbound pallet dispatch:Transport to work bay:load=True:handoffs=0"
34.1373,10,59,309,-9.6976,0.0500,0.0051,77.0161,1.1219,14.2403,12.3000,0.0000,13.5000,25.8071,7,"","","1.593:0.050:8.170|-4.408:0.050:6.406|-12.096:0.050:-6.721|11.670:0.050:-1.186|8.383:0.050:1.777","0.000:0.000:0.000|0.019:0.000:0.656|0.271:0.000:-0.597|0.000:0.000:0.000|0.002:0.000:0.800","-1.309:0.050:-0.825|6.816:0.050:9.122","0.000:0.000:0.000|1.043:0.000:-0.221",False,False,Moving,60.00,40.00,3.00,MultiAgentTraffic,"P1:True|P2:True|P3:True|D1:True|D2:True|D3:True","H1:H1 rack picking and carton handoff:Transport to work bay:load=True:handoffs=0|H2:H2 cross-aisle carton transfer:Transport to work bay:load=True:handoffs=0|H3:H3 station scan and dispatch verification:Transport to work bay:load=True:handoffs=0|H4:H4 trolley supply transfer:Transport to work bay:load=True:handoffs=0|H5:H5 rack inspection and replenishment:Return for next assignment:load=False:handoffs=1|F1:F1 inbound pallet replenishment:Transport to work bay:load=True:handoffs=0|F2:F2 outbound pallet dispatch:Transport to work bay:load=True:handoffs=0"
34.2555,10,59,310,-9.5566,0.0500,0.0216,78.5009,0.0000,0.0000,12.3000,0.0000,13.5000,25.6785,7,"","","1.593:0.050:8.170|-4.406:0.050:6.484|-12.064:0.050:-6.791|11.670:0.050:-1.186|8.383:0.050:1.872","0.000:0.000:0.000|0.019:0.000:0.656|0.271:0.000:-0.597|0.000:0.000:0.000|0.002:0.000:0.800","-1.309:0.050:-0.825|6.939:0.050:9.096","0.000:0.000:0.000|1.043:0.000:-0.221",False,False,Moving,60.00,40.00,3.00,MultiAgentTraffic,"P1:True|P2:True|P3:True|D1:True|D2:True|D3:True","H1:H1 rack picking and carton handoff:Transport to work bay:load=True:handoffs=0|H2:H2 cross-aisle carton transfer:Transport to work bay:load=True:handoffs=0|H3:H3 station scan and dispatch verification:Transport to work bay:load=True:handoffs=0|H4:H4 trolley supply transfer:Transport to work bay:load=True:handoffs=0|H5:H5 rack inspection and replenishment:Return for next assignment:load=False:handoffs=1|F1:F1 inbound pallet replenishment:Transport to work bay:load=True:handoffs=0|F2:F2 outbound pallet dispatch:Transport to work bay:load=True:handoffs=0"
34.3609,10,59,311,-9.4310,0.0500,0.0362,79.5254,1.3840,10.6751,12.3000,0.0000,13.5000,25.5639,7,"","","1.593:0.050:8.170|-4.404:0.050:6.553|-12.035:0.050:-6.854|11.670:0.050:-1.186|8.383:0.050:1.956","0.000:0.000:0.000|0.019:0.000:0.656|0.271:0.000:-0.597|0.000:0.000:0.000|0.002:0.000:0.800","-1.309:0.050:-0.825|7.049:0.050:9.073","0.000:0.000:0.000|1.043:0.000:-0.221",False,False,Moving,60.00,40.00,3.00,MultiAgentTraffic,"P1:True|P2:True|P3:True|D1:True|D2:True|D3:True","H1:H1 rack picking and carton handoff:Transport to work bay:load=True:handoffs=0|H2:H2 cross-aisle carton transfer:Transport to work bay:load=True:handoffs=0|H3:H3 station scan and dispatch verification:Transport to work bay:load=True:handoffs=0|H4:H4 trolley supply transfer:Transport to work bay:load=True:handoffs=0|H5:H5 rack inspection and replenishment:Return for next assignment:load=False:handoffs=1|F1:F1 inbound pallet replenishment:Transport to work bay:load=True:handoffs=0|F2:F2 outbound pallet dispatch:Transport to work bay:load=True:handoffs=0"
34.4806,10,59,312,-9.2883,0.0500,0.0529,80.4323,1.7824,10.6892,12.3000,0.0000,13.5000,25.4339,7,"","","1.593:0.050:8.170|-4.402:0.050:6.632|-12.003:0.050:-6.926|11.670:0.050:-1.186|8.383:0.050:2.052","0.000:0.000:0.000|0.019:0.000:0.656|0.271:0.000:-0.597|0.000:0.000:0.000|0.002:0.000:0.800","-1.309:0.050:-0.825|7.174:0.050:9.046","0.000:0.000:0.000|1.043:0.000:-0.221",False,False,Moving,60.00,40.00,3.00,MultiAgentTraffic,"P1:True|P2:True|P3:True|D1:True|D2:True|D3:True","H1:H1 rack picking and carton handoff:Transport to work bay:load=True:handoffs=0|H2:H2 cross-aisle carton transfer:Transport to work bay:load=True:handoffs=0|H3:H3 station scan and dispatch verification:Transport to work bay:load=True:handoffs=0|H4:H4 trolley supply transfer:Transport to work bay:load=True:handoffs=0|H5:H5 rack inspection and replenishment:Return for next assignment:load=False:handoffs=1|F1:F1 inbound pallet replenishment:Transport to work bay:load=True:handoffs=0|F2:F2 outbound pallet dispatch:Transport to work bay:load=True:handoffs=0"
34.5928,10,59,313,-9.1547,0.0500,0.0685,81.0840,1.2992,5.9593,12.3000,0.0000,13.5000,25.3123,7,"","","1.593:0.050:8.170|-4.399:0.050:6.705|-11.972:0.050:-6.993|11.670:0.050:-1.186|8.383:0.050:2.141","0.000:0.000:0.000|0.019:0.000:0.656|0.271:0.000:-0.597|0.000:0.000:0.000|0.002:0.000:0.800","-1.309:0.050:-0.825|7.291:0.050:9.022","0.000:0.000:0.000|1.043:0.000:-0.221",False,False,Moving,60.00,40.00,3.00,MultiAgentTraffic,"P1:True|P2:True|P3:True|D1:True|D2:True|D3:True","H1:H1 rack picking and carton handoff:Transport to work bay:load=True:handoffs=0|H2:H2 cross-aisle carton transfer:Transport to work bay:load=True:handoffs=0|H3:H3 station scan and dispatch verification:Transport to work bay:load=True:handoffs=0|H4:H4 trolley supply transfer:Transport to work bay:load=True:handoffs=0|H5:H5 rack inspection and replenishment:Return for next assignment:load=False:handoffs=1|F1:F1 inbound pallet replenishment:Transport to work bay:load=True:handoffs=0|F2:F2 outbound pallet dispatch:Transport to work bay:load=True:handoffs=0"
34.7052,10,59,314,-9.0207,0.0500,0.0841,81.5915,1.2508,4.4399,12.3000,0.0000,13.5000,25.1905,7,"","","1.593:0.050:8.170|-4.397:0.050:6.779|-11.942:0.050:-7.060|11.670:0.050:-1.186|8.384:0.050:2.231","0.000:0.000:0.000|0.019:0.000:0.656|0.271:0.000:-0.597|0.000:0.000:0.000|0.002:0.000:0.800","-1.309:0.050:-0.825|7.408:0.050:8.997","0.000:0.000:0.000|1.043:0.000:-0.221",False,False,Moving,60.00,40.00,3.00,MultiAgentTraffic,"P1:True|P2:True|P3:True|D1:True|D2:True|D3:True","H1:H1 rack picking and carton handoff:Transport to work bay:load=True:handoffs=0|H2:H2 cross-aisle carton transfer:Transport to work bay:load=True:handoffs=0|H3:H3 station scan and dispatch verification:Transport to work bay:load=True:handoffs=0|H4:H4 trolley supply transfer:Transport to work bay:load=True:handoffs=0|H5:H5 rack inspection and replenishment:Return for next assignment:load=False:handoffs=1|F1:F1 inbound pallet replenishment:Transport to work bay:load=True:handoffs=0|F2:F2 outbound pallet dispatch:Transport to work bay:load=True:handoffs=0"
34.8246,10,59,315,-8.8784,0.0500,0.1007,82.0069,1.3814,3.7968,12.3000,0.0000,13.5000,25.0613,7,"","","1.593:0.050:8.170|-4.395:0.050:6.857|-11.909:0.050:-7.131|11.670:0.050:-1.186|8.384:0.050:2.327","0.000:0.000:0.000|0.019:0.000:0.656|0.271:0.000:-0.597|0.000:0.000:0.000|0.002:0.000:0.800","-1.309:0.050:-0.825|7.533:0.050:8.970","0.000:0.000:0.000|1.043:0.000:-0.221",False,False,Moving,60.00,40.00,3.00,MultiAgentTraffic,"P1:True|P2:True|P3:True|D1:True|D2:True|D3:True","H1:H1 rack picking and carton handoff:Transport to work bay:load=True:handoffs=0|H2:H2 cross-aisle carton transfer:Transport to work bay:load=True:handoffs=0|H3:H3 station scan and dispatch verification:Transport to work bay:load=True:handoffs=0|H4:H4 trolley supply transfer:Transport to work bay:load=True:handoffs=0|H5:H5 rack inspection and replenishment:Return for next assignment:load=False:handoffs=1|F1:F1 inbound pallet replenishment:Transport to work bay:load=True:handoffs=0|F2:F2 outbound pallet dispatch:Transport to work bay:load=True:handoffs=0"
34.9367,10,59,316,-8.7447,0.0500,0.1163,82.3069,1.1773,2.4639,12.3000,0.0000,13.5000,24.9400,7,"","","1.593:0.050:8.170|-4.393:0.050:6.931|-11.879:0.050:-7.198|11.670:0.050:-1.186|8.384:0.050:2.417","0.000:0.000:0.000|0.019:0.000:0.656|0.271:0.000:-0.597|0.000:0.000:0.000|0.002:0.000:0.800","-1.309:0.050:-0.825|7.650:0.050:8.946","0.000:0.000:0.000|1.043:0.000:-0.221",False,False,Moving,60.00,40.00,3.00,MultiAgentTraffic,"P1:True|P2:True|P3:True|D1:True|D2:True|D3:True","H1:H1 rack picking and carton handoff:Transport to work bay:load=True:handoffs=0|H2:H2 cross-aisle carton transfer:Transport to work bay:load=True:handoffs=0|H3:H3 station scan and dispatch verification:Transport to work bay:load=True:handoffs=0|H4:H4 trolley supply transfer:Transport to work bay:load=True:handoffs=0|H5:H5 rack inspection and replenishment:Return for next assignment:load=False:handoffs=1|F1:F1 inbound pallet replenishment:Transport to work bay:load=True:handoffs=0|F2:F2 outbound pallet dispatch:Transport to work bay:load=True:handoffs=0"
35.0437,10,59,317,-8.6172,0.0500,0.1311,82.5300,1.2874,2.1206,12.3000,0.0000,13.5000,24.8246,7,"","","1.593:0.050:8.170|-4.391:0.050:7.001|-11.850:0.050:-7.262|11.670:0.050:-1.186|8.384:0.050:2.502","0.000:0.000:0.000|0.019:0.000:0.656|0.271:0.000:-0.597|0.000:0.000:0.000|0.002:0.000:0.800","-1.309:0.050:-0.825|7.761:0.050:8.922","0.000:0.000:0.000|1.043:0.000:-0.221",False,False,Moving,60.00,40.00,3.00,MultiAgentTraffic,"P1:True|P2:True|P3:True|D1:True|D2:True|D3:True","H1:H1 rack picking and carton handoff:Transport to work bay:load=True:handoffs=0|H2:H2 cross-aisle carton transfer:Transport to work bay:load=True:handoffs=0|H3:H3 station scan and dispatch verification:Transport to work bay:load=True:handoffs=0|H4:H4 trolley supply transfer:Transport to work bay:load=True:handoffs=0|H5:H5 rack inspection and replenishment:Return for next assignment:load=False:handoffs=1|F1:F1 inbound pallet replenishment:Transport to work bay:load=True:handoffs=0|F2:F2 outbound pallet dispatch:Transport to work bay:load=True:handoffs=0"
35.1503,10,59,318,-8.4901,0.0500,0.1460,82.7048,1.2354,1.5984,12.3000,0.0000,13.5000,24.7095,7,"","","1.593:0.050:8.170|-4.389:0.050:7.071|-11.821:0.050:-7.326|11.670:0.050:-1.186|8.384:0.050:2.588","0.000:0.000:0.000|0.019:0.000:0.656|0.271:0.000:-0.597|0.000:0.000:0.000|0.002:0.000:0.800","-1.309:0.050:-0.825|7.873:0.050:8.899","0.000:0.000:0.000|1.043:0.000:-0.221",False,False,Moving,60.00,40.00,3.00,MultiAgentTraffic,"P1:True|P2:True|P3:True|D1:True|D2:True|D3:True","H1:H1 rack picking and carton handoff:Transport to work bay:load=True:handoffs=0|H2:H2 cross-aisle carton transfer:Transport to work bay:load=True:handoffs=0|H3:H3 station scan and dispatch verification:Transport to work bay:load=True:handoffs=0|H4:H4 trolley supply transfer:Transport to work bay:load=True:handoffs=0|H5:H5 rack inspection and replenishment:Return for next assignment:load=False:handoffs=1|F1:F1 inbound pallet replenishment:Transport to work bay:load=True:handoffs=0|F2:F2 outbound pallet dispatch:Transport to work bay:load=True:handoffs=0"
35.2613,10,59,319,-8.3578,0.0500,0.1614,82.8473,1.4970,1.5251,12.3000,0.0000,13.5000,24.5900,7,"","","1.593:0.050:8.170|-4.387:0.050:7.144|-11.788:0.050:-7.387|11.670:0.050:-1.186|8.385:0.050:2.676","0.000:0.000:0.000|0.019:0.000:0.656|0.361:0.000:-0.514|0.000:0.000:0.000|0.002:0.000:0.800","-1.309:0.050:-0.825|7.988:0.050:8.874","0.000:0.000:0.000|1.043:0.000:-0.221",False,False,Moving,60.00,40.00,3.00,MultiAgentTraffic,"P1:True|P2:True|P3:True|D1:True|D2:True|D3:True","H1:H1 rack picking and carton handoff:Transport to work bay:load=True:handoffs=0|H2:H2 cross-aisle carton transfer:Transport to work bay:load=True:handoffs=0|H3:H3 station scan and dispatch verification:Transport to work bay:load=True:handoffs=0|H4:H4 trolley supply transfer:Transport to work bay:load=True:handoffs=0|H5:H5 rack inspection and replenishment:Return for next assignment:load=False:handoffs=1|F1:F1 inbound pallet replenishment:Transport to work bay:load=True:handoffs=0|F2:F2 outbound pallet dispatch:Transport to work bay:load=True:handoffs=0"
35.3669,10,59,320,-8.2320,0.0500,0.1761,82.9534,1.2717,1.0113,12.3000,0.0000,13.5000,24.4763,7,"","","1.593:0.050:8.170|-4.385:0.050:7.213|-11.747:0.050:-7.443|11.670:0.050:-1.186|8.385:0.050:2.761","0.000:0.000:0.000|0.019:0.000:0.656|0.391:0.000:-0.527|0.000:0.000:0.000|0.002:0.000:0.800","-1.309:0.050:-0.825|8.098:0.050:8.851","0.000:0.000:0.000|1.043:0.000:-0.221",False,False,Moving,60.00,40.00,3.00,MultiAgentTraffic,"P1:True|P2:True|P3:True|D1:True|D2:True|D3:True","H1:H1 rack picking and carton handoff:Transport to work bay:load=True:handoffs=0|H2:H2 cross-aisle carton transfer:Transport to work bay:load=True:handoffs=0|H3:H3 station scan and dispatch verification:Transport to work bay:load=True:handoffs=0|H4:H4 trolley supply transfer:Transport to work bay:load=True:handoffs=0|H5:H5 rack inspection and replenishment:Return for next assignment:load=False:handoffs=1|F1:F1 inbound pallet replenishment:Transport to work bay:load=True:handoffs=0|F2:F2 outbound pallet dispatch:Transport to work bay:load=True:handoffs=0"
35.4700,10,59,321,-8.1091,0.0500,0.1904,83.0352,1.1670,0.7317,12.3000,0.0000,13.5000,24.3655,7,"","","1.593:0.050:8.170|-4.383:0.050:7.280|-11.706:0.050:-7.497|11.670:0.050:-1.186|8.385:0.050:2.843","0.000:0.000:0.000|0.019:0.000:0.656|0.391:0.000:-0.527|0.000:0.000:0.000|0.002:0.000:0.800","-1.309:0.050:-0.825|8.206:0.050:8.828","0.000:0.000:0.000|1.043:0.000:-0.221",False,False,Moving,60.00,40.00,3.00,MultiAgentTraffic,"P1:True|P2:True|P3:True|D1:True|D2:True|D3:True","H1:H1 rack picking and carton handoff:Transport to work bay:load=True:handoffs=0|H2:H2 cross-aisle carton transfer:Transport to work bay:load=True:handoffs=0|H3:H3 station scan and dispatch verification:Transport to work bay:load=True:handoffs=0|H4:H4 trolley supply transfer:Transport to work bay:load=True:handoffs=0|H5:H5 rack inspection and replenishment:Return for next assignment:load=False:handoffs=1|F1:F1 inbound pallet replenishment:Transport to work bay:load=True:handoffs=0|F2:F2 outbound pallet dispatch:Transport to work bay:load=True:handoffs=0"
35.5854,10,59,322,-7.9715,0.0500,0.2064,83.1071,1.2472,0.6062,12.3000,0.0000,13.5000,24.2416,7,"","","1.593:0.050:8.170|-4.380:0.050:7.356|-11.669:0.050:-7.547|11.670:0.050:-1.186|8.385:0.050:2.936","0.000:0.000:0.000|0.019:0.000:0.656|0.000:0.000:0.000|0.000:0.000:0.000|0.002:0.000:0.800","-1.309:0.050:-0.825|8.326:0.050:8.803","0.000:0.000:0.000|1.043:0.000:-0.221",False,False,Moving,60.00,40.00,3.00,MultiAgentTraffic,"P1:True|P2:True|P3:True|D1:True|D2:True|D3:True","H1:H1 rack picking and carton handoff:Transport to work bay:load=True:handoffs=0|H2:H2 cross-aisle carton transfer:Transport to work bay:load=True:handoffs=0|H3:H3 station scan and dispatch verification:Transport to work bay:load=True:handoffs=0|H4:H4 trolley supply transfer:Transport to work bay:load=True:handoffs=0|H5:H5 rack inspection and replenishment:Return for next assignment:load=False:handoffs=1|F1:F1 inbound pallet replenishment:Transport to work bay:load=True:handoffs=0|F2:F2 outbound pallet dispatch:Transport to work bay:load=True:handoffs=0"
35.6894,10,59,323,-7.8476,0.0500,0.2209,83.1574,1.4074,0.5436,12.3000,0.0000,13.5000,24.1301,7,"","","1.593:0.050:8.170|-4.378:0.050:7.424|-11.669:0.050:-7.547|11.670:0.050:-1.186|8.385:0.050:3.019","0.000:0.000:0.000|0.019:0.000:0.656|0.000:0.000:0.000|0.000:0.000:0.000|0.002:0.000:0.800","-1.309:0.050:-0.825|8.435:0.050:8.780","0.000:0.000:0.000|1.043:0.000:-0.221",False,False,Moving,60.00,40.00,3.00,MultiAgentTraffic,"P1:True|P2:True|P3:True|D1:True|D2:True|D3:True","H1:H1 rack picking and carton handoff:Transport to work bay:load=True:handoffs=0|H2:H2 cross-aisle carton transfer:Transport to work bay:load=True:handoffs=0|H3:H3 station scan and dispatch verification:Transport to work bay:load=True:handoffs=0|H4:H4 trolley supply transfer:Transport to work bay:load=True:handoffs=0|H5:H5 rack inspection and replenishment:Return for next assignment:load=False:handoffs=1|F1:F1 inbound pallet replenishment:Transport to work bay:load=True:handoffs=0|F2:F2 outbound pallet dispatch:Transport to work bay:load=True:handoffs=0"
35.7939,10,59,324,-7.7230,0.0500,0.2354,83.1975,1.2733,0.3860,12.3000,0.0000,13.5000,24.0182,7,"","","1.593:0.050:8.170|-4.376:0.050:7.493|-11.669:0.050:-7.547|11.670:0.050:-1.186|8.386:0.050:3.102","0.000:0.000:0.000|0.019:0.000:0.656|0.000:0.000:0.000|0.000:0.000:0.000|0.002:0.000:0.800","-1.309:0.050:-0.825|8.544:0.050:8.757","0.000:0.000:0.000|1.043:0.000:-0.221",False,False,Moving,60.00,40.00,3.00,MultiAgentTraffic,"P1:True|P2:True|P3:True|D1:True|D2:True|D3:True","H1:H1 rack picking and carton handoff:Transport to work bay:load=True:handoffs=0|H2:H2 cross-aisle carton transfer:Transport to work bay:load=True:handoffs=0|H3:H3 station scan and dispatch verification:Transport to work bay:load=True:handoffs=0|H4:H4 trolley supply transfer:Transport to work bay:load=True:handoffs=0|H5:H5 rack inspection and replenishment:Return for next assignment:load=False:handoffs=1|F1:F1 inbound pallet replenishment:Transport to work bay:load=True:handoffs=0|F2:F2 outbound pallet dispatch:Transport to work bay:load=True:handoffs=0"
35.8971,10,59,325,-7.6000,0.0500,0.2498,83.2288,1.3094,0.3155,12.3000,0.0000,13.5000,23.9078,7,"","","1.593:0.050:8.170|-4.374:0.050:7.560|-11.669:0.050:-7.547|11.670:0.050:-1.186|8.386:0.050:3.185","0.000:0.000:0.000|0.019:0.000:0.656|0.000:0.000:0.000|0.000:0.000:0.000|0.002:0.000:0.800","-1.309:0.050:-0.825|8.651:0.050:8.734","0.000:0.000:0.000|1.043:0.000:-0.221",False,False,Moving,60.00,40.00,3.00,MultiAgentTraffic,"P1:True|P2:True|P3:True|D1:True|D2:True|D3:True","H1:H1 rack picking and carton handoff:Transport to work bay:load=True:handoffs=0|H2:H2 cross-aisle carton transfer:Transport to work bay:load=True:handoffs=0|H3:H3 station scan and dispatch verification:Transport to work bay:load=True:handoffs=0|H4:H4 trolley supply transfer:Transport to work bay:load=True:handoffs=0|H5:H5 rack inspection and replenishment:Return for next assignment:load=False:handoffs=1|F1:F1 inbound pallet replenishment:Transport to work bay:load=True:handoffs=0|F2:F2 outbound pallet dispatch:Transport to work bay:load=True:handoffs=0"
36.0052,10,59,326,-7.4712,0.0500,0.2648,83.2546,1.2751,0.2403,12.3000,0.0000,13.5000,23.7923,7,"","","1.593:0.050:8.170|-4.372:0.050:7.631|-11.669:0.050:-7.547|11.670:0.050:-1.186|8.386:0.050:3.271","0.000:0.000:0.000|0.019:0.000:0.656|0.000:0.000:0.000|0.000:0.000:0.000|0.002:0.000:0.800","-1.309:0.050:-0.825|8.764:0.050:8.710","0.000:0.000:0.000|1.043:0.000:-0.221",False,False,Moving,60.00,40.00,3.00,MultiAgentTraffic,"P1:True|P2:True|P3:True|D1:True|D2:True|D3:True","H1:H1 rack picking and carton handoff:Transport to work bay:load=True:handoffs=0|H2:H2 cross-aisle carton transfer:Transport to work bay:load=True:handoffs=0|H3:H3 station scan and dispatch verification:Transport to work bay:load=True:handoffs=0|H4:H4 trolley supply transfer:Transport to work bay:load=True:handoffs=0|H5:H5 rack inspection and replenishment:Return for next assignment:load=False:handoffs=1|F1:F1 inbound pallet replenishment:Transport to work bay:load=True:handoffs=0|F2:F2 outbound pallet dispatch:Transport to work bay:load=True:handoffs=0"
36.1093,10,59,327,-7.3471,0.0500,0.2793,83.2742,1.2368,0.1854,12.3000,0.0000,13.5000,23.6812,7,"","","1.593:0.050:8.170|-4.370:0.050:7.700|-11.669:0.050:-7.547|11.670:0.050:-1.186|8.386:0.050:3.355","0.000:0.000:0.000|0.019:0.000:0.656|0.000:0.000:0.000|0.000:0.000:0.000|0.002:0.000:0.800","-1.309:0.050:-0.825|8.873:0.050:8.687","0.000:0.000:0.000|1.043:0.000:-0.221",False,False,Moving,60.00,40.00,3.00,MultiAgentTraffic,"P1:True|P2:True|P3:True|D1:True|D2:True|D3:True","H1:H1 rack picking and carton handoff:Transport to work bay:load=True:handoffs=0|H2:H2 cross-aisle carton transfer:Transport to work bay:load=True:handoffs=0|H3:H3 station scan and dispatch verification:Transport to work bay:load=True:handoffs=0|H4:H4 trolley supply transfer:Transport to work bay:load=True:handoffs=0|H5:H5 rack inspection and replenishment:Return for next assignment:load=False:handoffs=1|F1:F1 inbound pallet replenishment:Transport to work bay:load=True:handoffs=0|F2:F2 outbound pallet dispatch:Transport to work bay:load=True:handoffs=0"
36.2246,10,59,328,-7.2097,0.0500,0.2953,83.2912,1.2766,0.1484,12.3000,0.0000,13.5000,23.5584,7,"","","1.593:0.050:8.170|-4.368:0.050:7.775|-11.669:0.050:-7.547|11.670:0.050:-1.186|8.386:0.050:3.447","0.000:0.000:0.000|0.019:0.000:0.656|0.000:0.000:0.000|0.000:0.000:0.000|0.002:0.000:0.800","-1.309:0.050:-0.825|8.993:0.050:8.662","0.000:0.000:0.000|1.043:0.000:-0.221",False,False,Moving,60.00,40.00,3.00,MultiAgentTraffic,"P1:True|P2:True|P3:True|D1:True|D2:True|D3:True","H1:H1 rack picking and carton handoff:Transport to work bay:load=True:handoffs=0|H2:H2 cross-aisle carton transfer:Transport to work bay:load=True:handoffs=0|H3:H3 station scan and dispatch verification:Transport to work bay:load=True:handoffs=0|H4:H4 trolley supply transfer:Transport to work bay:load=True:handoffs=0|H5:H5 rack inspection and replenishment:Return for next assignment:load=False:handoffs=1|F1:F1 inbound pallet replenishment:Transport to work bay:load=True:handoffs=0|F2:F2 outbound pallet dispatch:Transport to work bay:load=True:handoffs=0"
36.3407,10,59,329,-7.0713,0.0500,0.3114,83.3044,1.5596,0.1404,12.3000,0.0000,13.5000,23.4348,7,"","","1.593:0.050:8.170|-4.366:0.050:7.851|-11.669:0.050:-7.547|11.670:0.050:-1.186|8.386:0.050:3.540","0.000:0.000:0.000|0.019:0.000:0.656|0.000:0.000:0.000|0.000:0.000:0.000|0.002:0.000:0.800","-1.309:0.050:-0.825|9.114:0.050:8.636","0.000:0.000:0.000|1.043:0.000:-0.221",False,False,Moving,60.00,40.00,3.00,MultiAgentTraffic,"P1:True|P2:True|P3:True|D1:True|D2:True|D3:True","H1:H1 rack picking and carton handoff:Transport to work bay:load=True:handoffs=0|H2:H2 cross-aisle carton transfer:Transport to work bay:load=True:handoffs=0|H3:H3 station scan and dispatch verification:Transport to work bay:load=True:handoffs=0|H4:H4 trolley supply transfer:Transport to work bay:load=True:handoffs=0|H5:H5 rack inspection and replenishment:Return for next assignment:load=False:handoffs=1|F1:F1 inbound pallet replenishment:Transport to work bay:load=True:handoffs=0|F2:F2 outbound pallet dispatch:Transport to work bay:load=True:handoffs=0"
36.4567,10,59,330,-6.9330,0.0500,0.3275,83.3145,0.0000,0.0000,12.3000,0.0000,13.5000,23.3115,7,"","","1.593:0.050:8.170|-4.364:0.050:7.927|-11.669:0.050:-7.547|11.670:0.050:-1.186|8.387:0.050:3.633","0.000:0.000:0.000|0.019:0.000:0.656|0.000:0.000:0.000|0.000:0.000:0.000|0.002:0.000:0.800","-1.309:0.050:-0.825|9.235:0.050:8.610","0.000:0.000:0.000|1.043:0.000:-0.221",False,False,Moving,60.00,40.00,3.00,MultiAgentTraffic,"P1:True|P2:True|P3:True|D1:True|D2:True|D3:True","H1:H1 rack picking and carton handoff:Transport to work bay:load=True:handoffs=0|H2:H2 cross-aisle carton transfer:Transport to work bay:load=True:handoffs=0|H3:H3 station scan and dispatch verification:Transport to work bay:load=True:handoffs=0|H4:H4 trolley supply transfer:Transport to work bay:load=True:handoffs=0|H5:H5 rack inspection and replenishment:Return for next assignment:load=False:handoffs=1|F1:F1 inbound pallet replenishment:Transport to work bay:load=True:handoffs=0|F2:F2 outbound pallet dispatch:Transport to work bay:load=True:handoffs=0"
36.5816,10,59,331,-6.7841,0.0500,0.3449,83.3229,0.0000,0.0000,12.3000,0.0000,13.5000,23.1790,7,"","","1.593:0.050:8.170|-4.361:0.050:8.009|-11.669:0.050:-7.547|11.670:0.050:-1.186|8.387:0.050:3.733","0.000:0.000:0.000|0.019:0.000:0.656|0.000:0.000:0.000|0.000:0.000:0.000|0.002:0.000:0.800","-1.309:0.050:-0.825|9.365:0.050:8.583","0.000:0.000:0.000|1.043:0.000:-0.221",False,False,Moving,60.00,40.00,3.00,MultiAgentTraffic,"P1:True|P2:True|P3:True|D1:True|D2:True|D3:True","H1:H1 rack picking and carton handoff:Transport to work bay:load=True:handoffs=0|H2:H2 cross-aisle carton transfer:Transport to work bay:load=True:handoffs=0|H3:H3 station scan and dispatch verification:Transport to work bay:load=True:handoffs=0|H4:H4 trolley supply transfer:Transport to work bay:load=True:handoffs=0|H5:H5 rack inspection and replenishment:Return for next assignment:load=False:handoffs=1|F1:F1 inbound pallet replenishment:Transport to work bay:load=True:handoffs=0|F2:F2 outbound pallet dispatch:Transport to work bay:load=True:handoffs=0"
36.6836,10,59,332,-6.6626,0.0500,0.3591,83.3281,1.3877,0.0568,12.3000,0.0000,13.5000,23.0709,7,"","","1.593:0.050:8.170|-4.359:0.050:8.076|-11.669:0.050:-7.547|11.670:0.050:-1.186|8.387:0.050:3.814","0.000:0.000:0.000|0.019:0.000:0.656|0.000:0.000:0.000|0.000:0.000:0.000|0.002:0.000:0.800","-1.309:0.050:-0.825|9.472:0.050:8.560","0.000:0.000:0.000|1.043:0.000:-0.221",False,False,Moving,60.00,40.00,3.00,MultiAgentTraffic,"P1:True|P2:True|P3:True|D1:True|D2:True|D3:True","H1:H1 rack picking and carton handoff:Transport to work bay:load=True:handoffs=0|H2:H2 cross-aisle carton transfer:Transport to work bay:load=True:handoffs=0|H3:H3 station scan and dispatch verification:Transport to work bay:load=True:handoffs=0|H4:H4 trolley supply transfer:Transport to work bay:load=True:handoffs=0|H5:H5 rack inspection and replenishment:Return for next assignment:load=False:handoffs=1|F1:F1 inbound pallet replenishment:Transport to work bay:load=True:handoffs=0|F2:F2 outbound pallet dispatch:Transport to work bay:load=True:handoffs=0"
36.7864,10,59,333,-6.5400,0.0500,0.3734,83.3323,1.2197,0.0397,12.3000,0.0000,13.5000,22.9621,7,"","","1.593:0.050:8.170|-4.357:0.050:8.144|-11.669:0.050:-7.547|11.670:0.050:-1.186|8.387:0.050:3.896","0.000:0.000:0.000|0.019:0.000:0.656|0.000:0.000:0.000|0.000:0.000:0.000|0.002:0.000:0.800","-1.309:0.050:-0.825|9.579:0.050:8.538","0.000:0.000:0.000|1.043:0.000:-0.221",False,False,Moving,60.00,40.00,3.00,MultiAgentTraffic,"P1:True|P2:True|P3:True|D1:True|D2:True|D3:True","H1:H1 rack picking and carton handoff:Transport to work bay:load=True:handoffs=0|H2:H2 cross-aisle carton transfer:Transport to work bay:load=True:handoffs=0|H3:H3 station scan and dispatch verification:Transport to work bay:load=True:handoffs=0|H4:H4 trolley supply transfer:Transport to work bay:load=True:handoffs=0|H5:H5 rack inspection and replenishment:Return for next assignment:load=False:handoffs=1|F1:F1 inbound pallet replenishment:Transport to work bay:load=True:handoffs=0|F2:F2 outbound pallet dispatch:Transport to work bay:load=True:handoffs=0"
36.8874,10,59,334,-6.4196,0.0500,0.3874,83.3355,1.1421,0.0294,12.3000,0.0000,13.5000,22.8553,7,"","","1.593:0.050:8.170|-4.355:0.050:8.210|-11.669:0.050:-7.547|11.670:0.050:-1.186|8.387:0.050:3.977","0.000:0.000:0.000|0.019:0.000:0.656|0.000:0.000:0.000|0.000:0.000:0.000|0.002:0.000:0.800","-1.309:0.050:-0.825|9.684:0.050:8.515","0.000:0.000:0.000|1.043:0.000:-0.221",False,False,Moving,60.00,40.00,3.00,MultiAgentTraffic,"P1:True|P2:True|P3:True|D1:True|D2:True|D3:True","H1:H1 rack picking and carton handoff:Transport to work bay:load=True:handoffs=0|H2:H2 cross-aisle carton transfer:Transport to work bay:load=True:handoffs=0|H3:H3 station scan and dispatch verification:Transport to work bay:load=True:handoffs=0|H4:H4 trolley supply transfer:Transport to work bay:load=True:handoffs=0|H5:H5 rack inspection and replenishment:Return for next assignment:load=False:handoffs=1|F1:F1 inbound pallet replenishment:Transport to work bay:load=True:handoffs=0|F2:F2 outbound pallet dispatch:Transport to work bay:load=True:handoffs=0"
36.9880,10,59,335,-6.2998,0.0500,0.4014,83.3381,1.2360,0.0252,12.3000,0.0000,13.5000,22.7493,7,"","","1.593:0.050:8.170|-4.353:0.050:8.276|-11.669:0.050:-7.547|11.670:0.050:-1.186|8.388:0.050:4.058","0.000:0.000:0.000|0.019:0.000:0.656|0.000:0.000:0.000|0.000:0.000:0.000|0.002:0.000:0.800","-1.309:0.050:-0.825|9.789:0.050:8.493","0.000:0.000:0.000|1.043:0.000:-0.221",False,False,Moving,60.00,40.00,3.00,MultiAgentTraffic,"P1:True|P2:True|P3:True|D1:True|D2:True|D3:True","H1:H1 rack picking and carton handoff:Transport to work bay:load=True:handoffs=0|H2:H2 cross-aisle carton transfer:Transport to work bay:load=True:handoffs=0|H3:H3 station scan and dispatch verification:Transport to work bay:load=True:handoffs=0|H4:H4 trolley supply transfer:Transport to work bay:load=True:handoffs=0|H5:H5 rack inspection and replenishment:Return for next assignment:load=False:handoffs=1|F1:F1 inbound pallet replenishment:Transport to work bay:load=True:handoffs=0|F2:F2 outbound pallet dispatch:Transport to work bay:load=True:handoffs=0"
37.0881,10,59,336,-6.1804,0.0500,0.4153,83.3402,1.1633,0.0191,12.3000,0.0000,13.5000,22.6437,7,"","","1.593:0.050:8.170|-4.351:0.050:8.341|-11.669:0.050:-7.547|11.670:0.050:-1.186|8.388:0.050:4.138","0.000:0.000:0.000|0.019:0.000:0.656|0.000:0.000:0.000|0.000:0.000:0.000|0.002:0.000:0.800","-1.309:0.050:-0.825|9.894:0.050:8.471","0.000:0.000:0.000|1.043:0.000:-0.221",False,False,Moving,60.00,40.00,3.00,MultiAgentTraffic,"P1:True|P2:True|P3:True|D1:True|D2:True|D3:True","H1:H1 rack picking and carton handoff:Transport to work bay:load=True:handoffs=0|H2:H2 cross-aisle carton transfer:Transport to work bay:load=True:handoffs=0|H3:H3 station scan and dispatch verification:Transport to work bay:load=True:handoffs=0|H4:H4 trolley supply transfer:Transport to work bay:load=True:handoffs=0|H5:H5 rack inspection and replenishment:Return for next assignment:load=False:handoffs=1|F1:F1 inbound pallet replenishment:Transport to work bay:load=True:handoffs=0|F2:F2 outbound pallet dispatch:Transport to work bay:load=True:handoffs=0"
37.2079,10,59,337,-6.0376,0.0500,0.4320,83.3421,1.2299,0.0153,12.3000,0.0000,13.5000,22.5176,7,"","","1.593:0.050:8.170|-4.349:0.050:8.420|-11.669:0.050:-7.547|11.670:0.050:-1.186|8.388:0.050:4.234","0.000:0.000:0.000|0.019:0.000:0.656|0.000:0.000:0.000|0.000:0.000:0.000|0.002:0.000:0.800","-1.309:0.050:-0.825|10.018:0.050:8.445","0.000:0.000:0.000|1.043:0.000:-0.221",False,False,Moving,60.00,40.00,3.00,MultiAgentTraffic,"P1:True|P2:True|P3:True|D1:True|D2:True|D3:True","H1:H1 rack picking and carton handoff:Transport to work bay:load=True:handoffs=0|H2:H2 cross-aisle carton transfer:Transport to work bay:load=True:handoffs=0|H3:H3 station scan and dispatch verification:Transport to work bay:load=True:handoffs=0|H4:H4 trolley supply transfer:Transport to work bay:load=True:handoffs=0|H5:H5 rack inspection and replenishment:Return for next assignment:load=False:handoffs=1|F1:F1 inbound pallet replenishment:Transport to work bay:load=True:handoffs=0|F2:F2 outbound pallet dispatch:Transport to work bay:load=True:handoffs=0"
37.3087,10,59,338,-5.9175,0.0500,0.4460,83.3434,1.1287,0.0111,12.3000,0.0000,13.5000,22.4118,7,"","","1.593:0.050:8.170|-4.347:0.050:8.486|-11.669:0.050:-7.547|11.670:0.050:-1.186|8.388:0.050:4.314","0.000:0.000:0.000|0.019:0.000:0.656|0.000:0.000:0.000|0.000:0.000:0.000|0.002:0.000:0.800","-1.309:0.050:-0.825|10.124:0.050:8.423","0.000:0.000:0.000|1.043:0.000:-0.221",False,False,Moving,60.00,40.00,3.00,MultiAgentTraffic,"P1:True|P2:True|P3:True|D1:True|D2:True|D3:True","H1:H1 rack picking and carton handoff:Transport to work bay:load=True:handoffs=0|H2:H2 cross-aisle carton transfer:Transport to work bay:load=True:handoffs=0|H3:H3 station scan and dispatch verification:Transport to work bay:load=True:handoffs=0|H4:H4 trolley supply transfer:Transport to work bay:load=True:handoffs=0|H5:H5 rack inspection and replenishment:Return for next assignment:load=False:handoffs=1|F1:F1 inbound pallet replenishment:Transport to work bay:load=True:handoffs=0|F2:F2 outbound pallet dispatch:Transport to work bay:load=True:handoffs=0"
37.4094,10,59,339,-5.7974,0.0500,0.4600,83.3444,1.1093,0.0088,12.3000,0.0000,13.5000,22.3061,7,"","","1.593:0.050:8.170|-4.345:0.050:8.552|-11.669:0.050:-7.547|11.670:0.050:-1.186|8.388:0.050:4.395","0.000:0.000:0.000|0.019:0.000:0.656|0.000:0.000:0.000|0.000:0.000:0.000|0.002:0.000:0.800","-1.309:0.050:-0.825|10.229:0.050:8.400","0.000:0.000:0.000|1.043:0.000:-0.221",False,False,Moving,60.00,40.00,3.00,MultiAgentTraffic,"P1:True|P2:True|P3:True|D1:True|D2:True|D3:True","H1:H1 rack picking and carton handoff:Transport to work bay:load=True:handoffs=0|H2:H2 cross-aisle carton transfer:Transport to work bay:load=True:handoffs=0|H3:H3 station scan and dispatch verification:Transport to work bay:load=True:handoffs=0|H4:H4 trolley supply transfer:Transport to work bay:load=True:handoffs=0|H5:H5 rack inspection and replenishment:Return for next assignment:load=False:handoffs=1|F1:F1 inbound pallet replenishment:Transport to work bay:load=True:handoffs=0|F2:F2 outbound pallet dispatch:Transport to work bay:load=True:handoffs=0"
37.5104,10,59,340,-5.6771,0.0500,0.4740,83.3452,1.1467,0.0072,12.3000,0.0000,13.5000,22.2003,7,"","","1.593:0.050:8.170|-4.343:0.050:8.618|-11.669:0.050:-7.547|11.670:0.050:-1.186|8.388:0.050:4.476","0.000:0.000:0.000|0.019:0.000:0.656|0.000:0.000:0.000|0.000:0.000:0.000|0.002:0.000:0.800","-1.309:0.050:-0.825|10.334:0.050:8.378","0.000:0.000:0.000|1.043:0.000:-0.221",False,False,Moving,60.00,40.00,3.00,MultiAgentTraffic,"P1:True|P2:True|P3:True|D1:True|D2:True|D3:True","H1:H1 rack picking and carton handoff:Transport to work bay:load=True:handoffs=0|H2:H2 cross-aisle carton transfer:Transport to work bay:load=True:handoffs=0|H3:H3 station scan and dispatch verification:Transport to work bay:load=True:handoffs=0|H4:H4 trolley supply transfer:Transport to work bay:load=True:handoffs=0|H5:H5 rack inspection and replenishment:Return for next assignment:load=False:handoffs=1|F1:F1 inbound pallet replenishment:Transport to work bay:load=True:handoffs=0|F2:F2 outbound pallet dispatch:Transport to work bay:load=True:handoffs=0"
37.6235,10,59,341,-5.5423,0.0500,0.4897,83.3459,0.0000,0.0000,12.3000,0.0000,13.5000,22.0821,7,"","","1.593:0.050:8.170|-4.341:0.050:8.692|-11.669:0.050:-7.547|11.670:0.050:-1.186|8.389:0.050:4.566","0.000:0.000:0.000|0.019:0.000:0.656|0.000:0.000:0.000|0.000:0.000:0.000|0.002:0.000:0.800","-1.309:0.050:-0.825|10.452:0.050:8.353","0.000:0.000:0.000|1.043:0.000:-0.221",False,False,Moving,60.00,40.00,3.00,MultiAgentTraffic,"P1:True|P2:True|P3:True|D1:True|D2:True|D3:True","H1:H1 rack picking and carton handoff:Transport to work bay:load=True:handoffs=0|H2:H2 cross-aisle carton transfer:Transport to work bay:load=True:handoffs=0|H3:H3 station scan and dispatch verification:Transport to work bay:load=True:handoffs=0|H4:H4 trolley supply transfer:Transport to work bay:load=True:handoffs=0|H5:H5 rack inspection and replenishment:Return for next assignment:load=False:handoffs=1|F1:F1 inbound pallet replenishment:Transport to work bay:load=True:handoffs=0|F2:F2 outbound pallet dispatch:Transport to work bay:load=True:handoffs=0"
37.7418,10,59,342,-5.4012,0.0500,0.5062,83.3465,1.1834,0.0046,12.3000,0.0000,13.5000,21.9585,7,"","","1.593:0.050:8.170|-4.339:0.050:8.770|-11.669:0.050:-7.547|11.670:0.050:-1.186|8.389:0.050:4.661","0.000:0.000:0.000|0.019:0.000:0.656|0.000:0.000:0.000|0.000:0.000:0.000|0.002:0.000:0.800","-1.309:0.050:-0.825|10.575:0.050:8.327","0.000:0.000:0.000|1.043:0.000:-0.221",False,False,Moving,60.00,40.00,3.00,MultiAgentTraffic,"P1:True|P2:True|P3:True|D1:True|D2:True|D3:True","H1:H1 rack picking and carton handoff:Transport to work bay:load=True:handoffs=0|H2:H2 cross-aisle carton transfer:Transport to work bay:load=True:handoffs=0|H3:H3 station scan and dispatch verification:Transport to work bay:load=True:handoffs=0|H4:H4 trolley supply transfer:Transport to work bay:load=True:handoffs=0|H5:H5 rack inspection and replenishment:Return for next assignment:load=False:handoffs=1|F1:F1 inbound pallet replenishment:Transport to work bay:load=True:handoffs=0|F2:F2 outbound pallet dispatch:Transport to work bay:load=True:handoffs=0"
37.8490,10,59,343,-5.2735,0.0500,0.5211,83.3469,1.2764,0.0034,12.3000,0.0000,13.5000,21.8468,7,"","","1.593:0.050:8.170|-4.337:0.050:8.840|-11.669:0.050:-7.547|11.670:0.050:-1.186|8.389:0.050:4.746","0.000:0.000:0.000|0.019:0.000:0.656|0.000:0.000:0.000|0.000:0.000:0.000|0.002:0.000:0.800","-1.309:0.050:-0.825|10.687:0.050:8.303","0.000:0.000:0.000|1.043:0.000:-0.221",False,False,Moving,60.00,40.00,3.00,MultiAgentTraffic,"P1:True|P2:True|P3:True|D1:True|D2:True|D3:True","H1:H1 rack picking and carton handoff:Transport to work bay:load=True:handoffs=0|H2:H2 cross-aisle carton transfer:Transport to work bay:load=True:handoffs=0|H3:H3 station scan and dispatch verification:Transport to work bay:load=True:handoffs=0|H4:H4 trolley supply transfer:Transport to work bay:load=True:handoffs=0|H5:H5 rack inspection and replenishment:Return for next assignment:load=False:handoffs=1|F1:F1 inbound pallet replenishment:Transport to work bay:load=True:handoffs=0|F2:F2 outbound pallet dispatch:Transport to work bay:load=True:handoffs=0"
37.9552,10,59,344,-5.1469,0.0500,0.5358,83.3472,0.0000,0.0000,12.3000,0.0000,13.5000,21.7363,7,"","","1.593:0.050:8.170|-4.335:0.050:8.910|-11.669:0.050:-7.547|11.670:0.050:-1.186|8.389:0.050:4.831","0.000:0.000:0.000|0.019:0.000:0.656|0.000:0.000:0.000|0.000:0.000:0.000|0.002:0.000:0.800","-1.309:0.050:-0.825|10.798:0.050:8.280","0.000:0.000:0.000|1.043:0.000:-0.221",False,False,Moving,60.00,40.00,3.00,MultiAgentTraffic,"P1:True|P2:True|P3:True|D1:True|D2:True|D3:True","H1:H1 rack picking and carton handoff:Transport to work bay:load=True:handoffs=0|H2:H2 cross-aisle carton transfer:Transport to work bay:load=True:handoffs=0|H3:H3 station scan and dispatch verification:Transport to work bay:load=True:handoffs=0|H4:H4 trolley supply transfer:Transport to work bay:load=True:handoffs=0|H5:H5 rack inspection and replenishment:Return for next assignment:load=False:handoffs=1|F1:F1 inbound pallet replenishment:Transport to work bay:load=True:handoffs=0|F2:F2 outbound pallet dispatch:Transport to work bay:load=True:handoffs=0"
38.0618,10,59,345,-5.0198,0.0500,0.5507,83.3474,1.3537,0.0027,12.3000,0.0000,13.5000,21.6256,7,"","","1.593:0.050:8.170|-4.333:0.050:8.980|-11.669:0.050:-7.547|11.670:0.050:-1.186|8.389:0.050:4.917","0.000:0.000:0.000|0.019:0.000:0.656|0.000:0.000:0.000|0.000:0.000:0.000|0.002:0.000:0.800","-1.309:0.050:-0.825|10.909:0.050:8.256","0.000:0.000:0.000|1.043:0.000:-0.221",False,False,Moving,60.00,40.00,3.00,MultiAgentTraffic,"P1:True|P2:True|P3:True|D1:True|D2:True|D3:True","H1:H1 rack picking and carton handoff:Transport to work bay:load=True:handoffs=0|H2:H2 cross-aisle carton transfer:Transport to work bay:load=True:handoffs=0|H3:H3 station scan and dispatch verification:Transport to work bay:load=True:handoffs=0|H4:H4 trolley supply transfer:Transport to work bay:load=True:handoffs=0|H5:H5 rack inspection and replenishment:Return for next assignment:load=False:handoffs=1|F1:F1 inbound pallet replenishment:Transport to work bay:load=True:handoffs=0|F2:F2 outbound pallet dispatch:Transport to work bay:load=True:handoffs=0"
38.1633,10,59,346,-4.8989,0.0500,0.5648,83.3476,1.1410,0.0015,12.3000,0.0000,13.5000,21.5204,7,"","","1.593:0.050:8.170|-4.331:0.050:9.046|-11.669:0.050:-7.547|11.670:0.050:-1.186|8.389:0.050:4.998","0.000:0.000:0.000|0.019:0.000:0.656|0.000:0.000:0.000|0.000:0.000:0.000|0.002:0.000:0.800","-1.309:0.050:-0.825|11.014:0.050:8.234","0.000:0.000:0.000|0.998:0.000:-0.235",False,False,Moving,60.00,40.00,3.00,MultiAgentTraffic,"P1:True|P2:True|P3:True|D1:True|D2:True|D3:True","H1:H1 rack picking and carton handoff:Transport to work bay:load=True:handoffs=0|H2:H2 cross-aisle carton transfer:Transport to work bay:load=True:handoffs=0|H3:H3 station scan and dispatch verification:Transport to work bay:load=True:handoffs=0|H4:H4 trolley supply transfer:Transport to work bay:load=True:handoffs=0|H5:H5 rack inspection and replenishment:Return for next assignment:load=False:handoffs=1|F1:F1 inbound pallet replenishment:Transport to work bay:load=True:handoffs=0|F2:F2 outbound pallet dispatch:Transport to work bay:load=True:handoffs=0"
38.2647,10,59,347,-4.7781,0.0500,0.5788,83.3478,1.2466,0.0015,12.3000,0.0000,13.5000,21.4154,7,"","","1.593:0.050:8.170|-4.329:0.050:9.113|-11.669:0.050:-7.547|11.670:0.050:-1.186|8.390:0.050:5.079","0.000:0.000:0.000|0.019:0.000:0.656|0.000:0.000:0.000|0.000:0.000:0.000|0.002:0.000:0.800","-1.309:0.050:-0.825|11.103:0.050:8.206","0.000:0.000:0.000|0.835:0.000:-0.301",False,False,Moving,60.00,40.00,3.00,MultiAgentTraffic,"P1:True|P2:True|P3:True|D1:True|D2:True|D3:True","H1:H1 rack picking and carton handoff:Transport to work bay:load=True:handoffs=0|H2:H2 cross-aisle carton transfer:Transport to work bay:load=True:handoffs=0|H3:H3 station scan and dispatch verification:Transport to work bay:load=True:handoffs=0|H4:H4 trolley supply transfer:Transport to work bay:load=True:handoffs=0|H5:H5 rack inspection and replenishment:Return for next assignment:load=False:handoffs=1|F1:F1 inbound pallet replenishment:Transport to work bay:load=True:handoffs=0|F2:F2 outbound pallet dispatch:Transport to work bay:load=True:handoffs=0"
38.3674,10,59,348,-4.6556,0.0500,0.5931,83.3479,1.1559,0.0008,12.3000,0.0000,13.5000,21.3092,7,"","","1.593:0.050:8.170|-4.327:0.050:9.180|-11.669:0.050:-7.547|11.670:0.050:-1.186|8.390:0.050:5.161","0.000:0.000:0.000|0.019:0.000:0.656|0.000:0.000:0.000|0.000:0.000:0.000|0.002:0.000:0.800","-1.309:0.050:-0.825|11.191:0.050:8.167","0.000:0.000:0.000|0.868:0.000:-0.433",False,False,Moving,60.00,40.00,3.00,MultiAgentTraffic,"P1:True|P2:True|P3:True|D1:True|D2:True|D3:True","H1:H1 rack picking and carton handoff:Transport to work bay:load=True:handoffs=0|H2:H2 cross-aisle carton transfer:Transport to work bay:load=True:handoffs=0|H3:H3 station scan and dispatch verification:Transport to work bay:load=True:handoffs=0|H4:H4 trolley supply transfer:Transport to work bay:load=True:handoffs=0|H5:H5 rack inspection and replenishment:Return for next assignment:load=False:handoffs=1|F1:F1 inbound pallet replenishment:Transport to work bay:load=True:handoffs=0|F2:F2 outbound pallet dispatch:Transport to work bay:load=True:handoffs=0"
38.4761,10,59,349,-4.5260,0.0500,0.6082,83.3480,0.0000,0.0000,12.3000,0.0000,13.5000,21.1970,7,"","","1.593:0.050:8.170|-4.325:0.050:9.252|-11.669:0.050:-7.547|11.670:0.050:-1.186|8.390:0.050:5.248","0.000:0.000:0.000|0.019:0.000:0.656|0.000:0.000:0.000|0.000:0.000:0.000|0.002:0.000:0.800","-1.309:0.050:-0.825|11.191:0.050:8.167","0.000:0.000:0.000|0.000:0.000:0.000",False,False,Moving,60.00,40.00,3.00,MultiAgentTraffic,"P1:True|P2:True|P3:True|D1:True|D2:True|D3:True","H1:H1 rack picking and carton handoff:Transport to work bay:load=True:handoffs=0|H2:H2 cross-aisle carton transfer:Transport to work bay:load=True:handoffs=0|H3:H3 station scan and dispatch verification:Transport to work bay:load=True:handoffs=0|H4:H4 trolley supply transfer:Transport to work bay:load=True:handoffs=0|H5:H5 rack inspection and replenishment:Return for next assignment:load=False:handoffs=1|F1:F1 inbound pallet replenishment:Transport to work bay:load=True:handoffs=0|F2:F2 outbound pallet dispatch:Transport to work bay:load=True:handoffs=0"
38.5782,10,59,350,-4.4043,0.0500,0.6224,83.3481,0.0000,0.0000,12.3000,0.0000,13.5000,21.0919,7,"","","1.593:0.050:8.170|-4.323:0.050:9.318|-11.669:0.050:-7.547|11.670:0.050:-1.186|8.390:0.050:5.330","0.000:0.000:0.000|0.019:0.000:0.656|0.000:0.000:0.000|0.000:0.000:0.000|0.002:0.000:0.800","-1.309:0.050:-0.825|11.191:0.050:8.167","0.000:0.000:0.000|0.000:0.000:0.000",False,False,Moving,60.00,40.00,3.00,MultiAgentTraffic,"P1:True|P2:True|P3:True|D1:True|D2:True|D3:True","H1:H1 rack picking and carton handoff:Transport to work bay:load=True:handoffs=0|H2:H2 cross-aisle carton transfer:Transport to work bay:load=True:handoffs=0|H3:H3 station scan and dispatch verification:Transport to work bay:load=True:handoffs=0|H4:H4 trolley supply transfer:Transport to work bay:load=True:handoffs=0|H5:H5 rack inspection and replenishment:Return for next assignment:load=False:handoffs=1|F1:F1 inbound pallet replenishment:Transport to work bay:load=True:handoffs=0|F2:F2 outbound pallet dispatch:Transport to work bay:load=True:handoffs=0"
38.6888,10,59,351,-4.2725,0.0500,0.6378,83.3481,1.8381,0.0008,12.3000,0.0000,13.5000,20.9783,7,"","","1.593:0.050:8.170|-4.321:0.050:9.391|-11.669:0.050:-7.547|11.670:0.050:-1.186|8.390:0.050:5.418","0.000:0.000:0.000|0.019:0.000:0.656|0.000:0.000:0.000|0.000:0.000:0.000|0.002:0.000:0.800","-1.309:0.050:-0.825|11.191:0.050:8.167","0.000:0.000:0.000|0.000:0.000:0.000",False,False,Moving,60.00,40.00,3.00,MultiAgentTraffic,"P1:True|P2:True|P3:True|D1:True|D2:True|D3:True","H1:H1 rack picking and carton handoff:Transport to work bay:load=True:handoffs=0|H2:H2 cross-aisle carton transfer:Transport to work bay:load=True:handoffs=0|H3:H3 station scan and dispatch verification:Transport to work bay:load=True:handoffs=0|H4:H4 trolley supply transfer:Transport to work bay:load=True:handoffs=0|H5:H5 rack inspection and replenishment:Return for next assignment:load=False:handoffs=1|F1:F1 inbound pallet replenishment:Transport to work bay:load=True:handoffs=0|F2:F2 outbound pallet dispatch:Transport to work bay:load=True:handoffs=0"
38.8010,10,59,352,-4.1387,0.0500,0.6534,83.3482,1.5241,0.0008,12.3000,0.0000,13.5000,20.8631,7,"","","1.593:0.050:8.170|-4.318:0.050:9.465|-11.669:0.050:-7.547|11.670:0.050:-1.186|8.391:0.050:5.508","0.000:0.000:0.000|0.019:0.000:0.656|0.000:0.000:0.000|0.000:0.000:0.000|0.002:0.000:0.800","-1.309:0.050:-0.825|11.191:0.050:8.167","0.000:0.000:0.000|0.000:0.000:0.000",False,False,Moving,60.00,40.00,3.00,MultiAgentTraffic,"P1:True|P2:True|P3:True|D1:True|D2:True|D3:True","H1:H1 rack picking and carton handoff:Transport to work bay:load=True:handoffs=0|H2:H2 cross-aisle carton transfer:Transport to work bay:load=True:handoffs=0|H3:H3 station scan and dispatch verification:Transport to work bay:load=True:handoffs=0|H4:H4 trolley supply transfer:Transport to work bay:load=True:handoffs=0|H5:H5 rack inspection and replenishment:Return for next assignment:load=False:handoffs=1|F1:F1 inbound pallet replenishment:Transport to work bay:load=True:handoffs=0|F2:F2 outbound pallet dispatch:Transport to work bay:load=True:handoffs=0"
38.9185,10,59,353,-3.9987,0.0500,0.6697,83.3482,1.2309,0.0004,12.3000,0.0000,13.5000,20.7428,7,"","","1.593:0.050:8.170|-4.316:0.050:9.542|-11.669:0.050:-7.547|11.670:0.050:-1.186|8.391:0.050:5.602","0.000:0.000:0.000|0.019:0.000:0.656|0.000:0.000:0.000|0.000:0.000:0.000|0.002:0.000:0.800","-1.309:0.050:-0.825|11.191:0.050:8.167","0.000:0.000:0.000|0.000:0.000:0.000",False,False,Moving,60.00,40.00,3.00,MultiAgentTraffic,"P1:True|P2:True|P3:True|D1:True|D2:True|D3:True","H1:H1 rack picking and carton handoff:Transport to work bay:load=True:handoffs=0|H2:H2 cross-aisle carton transfer:Transport to work bay:load=True:handoffs=0|H3:H3 station scan and dispatch verification:Transport to work bay:load=True:handoffs=0|H4:H4 trolley supply transfer:Transport to work bay:load=True:handoffs=0|H5:H5 rack inspection and replenishment:Return for next assignment:load=False:handoffs=1|F1:F1 inbound pallet replenishment:Transport to work bay:load=True:handoffs=0|F2:F2 outbound pallet dispatch:Transport to work bay:load=True:handoffs=0"
39.0400,10,59,354,-3.8539,0.0500,0.6866,83.3483,1.6118,0.0004,12.3000,0.0000,13.5000,20.6188,7,"","","1.593:0.050:8.170|-4.314:0.050:9.621|-11.669:0.050:-7.547|11.670:0.050:-1.186|8.391:0.050:5.699","0.000:0.000:0.000|0.019:0.000:0.656|0.000:0.000:0.000|0.000:0.000:0.000|0.002:0.000:0.800","-1.309:0.050:-0.825|11.191:0.050:8.167","0.000:0.000:0.000|0.000:0.000:0.000",False,False,Moving,60.00,40.00,3.00,MultiAgentTraffic,"P1:True|P2:True|P3:True|D1:True|D2:True|D3:True","H1:H1 rack picking and carton handoff:Transport to work bay:load=True:handoffs=0|H2:H2 cross-aisle carton transfer:Transport to work bay:load=True:handoffs=0|H3:H3 station scan and dispatch verification:Transport to work bay:load=True:handoffs=0|H4:H4 trolley supply transfer:Transport to work bay:load=True:handoffs=0|H5:H5 rack inspection and replenishment:Return for next assignment:load=False:handoffs=1|F1:F1 inbound pallet replenishment:Transport to work bay:load=True:handoffs=0|F2:F2 outbound pallet dispatch:Transport to work bay:load=True:handoffs=0"
39.1590,10,59,355,-3.7120,0.0500,0.7032,83.3483,0.0000,0.0000,12.3000,0.0000,13.5000,20.4975,7,"","","1.593:0.050:8.170|-4.312:0.050:9.699|-11.669:0.050:-7.547|11.670:0.050:-1.186|8.391:0.050:5.795","0.000:0.000:0.000|0.019:0.000:0.656|0.000:0.000:0.000|0.000:0.000:0.000|0.002:0.000:0.800","-1.309:0.050:-0.825|11.191:0.050:8.167","0.000:0.000:0.000|0.000:0.000:0.000",False,False,Stopped,60.00,40.00,3.00,MultiAgentTraffic,"P1:True|P2:True|P3:True|D1:True|D2:True|D3:True","H1:H1 rack picking and carton handoff:Transport to work bay:load=True:handoffs=0|H2:H2 cross-aisle carton transfer:Transport to work bay:load=True:handoffs=0|H3:H3 station scan and dispatch verification:Transport to work bay:load=True:handoffs=0|H4:H4 trolley supply transfer:Transport to work bay:load=True:handoffs=0|H5:H5 rack inspection and replenishment:Return for next assignment:load=False:handoffs=1|F1:F1 inbound pallet replenishment:Transport to work bay:load=True:handoffs=0|F2:F2 outbound pallet dispatch:Transport to work bay:load=True:handoffs=0"
39.2795,10,59,356,-3.5722,0.0500,0.7195,83.3483,1.4944,0.0004,12.3000,0.0000,13.5000,20.3782,7,"","","1.593:0.050:8.170|-4.309:0.050:9.778|-11.669:0.050:-7.547|11.670:0.050:-1.186|8.391:0.050:5.891","0.000:0.000:0.000|0.019:0.000:0.656|0.000:0.000:0.000|0.000:0.000:0.000|0.002:0.000:0.800","-1.309:0.050:-0.825|11.191:0.050:8.167","0.000:0.000:0.000|0.000:0.000:0.000",False,False,Stopped,60.00,40.00,3.00,MultiAgentTraffic,"P1:True|P2:True|P3:True|D1:True|D2:True|D3:True","H1:H1 rack picking and carton handoff:Transport to work bay:load=True:handoffs=0|H2:H2 cross-aisle carton transfer:Transport to work bay:load=True:handoffs=0|H3:H3 station scan and dispatch verification:Transport to work bay:load=True:handoffs=0|H4:H4 trolley supply transfer:Transport to work bay:load=True:handoffs=0|H5:H5 rack inspection and replenishment:Return for next assignment:load=False:handoffs=1|F1:F1 inbound pallet replenishment:Transport to work bay:load=True:handoffs=0|F2:F2 outbound pallet dispatch:Transport to work bay:load=True:handoffs=0"
39.3858,10,59,357,-3.4565,0.0500,0.7330,83.3483,1.3003,0.0000,12.3000,0.0000,13.5000,20.2797,7,"","","1.593:0.050:8.170|-4.307:0.050:9.848|-11.669:0.050:-7.547|11.670:0.050:-1.186|8.392:0.050:5.976","0.000:0.000:0.000|0.019:0.000:0.656|0.000:0.000:0.000|0.000:0.000:0.000|0.002:0.000:0.800","-1.309:0.050:-0.825|11.191:0.050:8.167","0.000:0.000:0.000|0.000:0.000:0.000",False,False,Stopped,60.00,40.00,3.00,MultiAgentTraffic,"P1:True|P2:True|P3:True|D1:True|D2:True|D3:True","H1:H1 rack picking and carton handoff:Transport to work bay:load=True:handoffs=0|H2:H2 cross-aisle carton transfer:Transport to work bay:load=True:handoffs=0|H3:H3 station scan and dispatch verification:Transport to work bay:load=True:handoffs=0|H4:H4 trolley supply transfer:Transport to work bay:load=True:handoffs=0|H5:H5 rack inspection and replenishment:Return for next assignment:load=False:handoffs=1|F1:F1 inbound pallet replenishment:Transport to work bay:load=True:handoffs=0|F2:F2 outbound pallet dispatch:Transport to work bay:load=True:handoffs=0"
39.5132,10,59,358,-3.3275,0.0500,0.7480,83.3483,1.0945,0.0000,12.3000,0.0000,13.5000,20.1701,7,"","","1.593:0.050:8.170|-4.305:0.050:9.932|-11.669:0.050:-7.547|11.670:0.050:-1.186|8.392:0.050:6.078","0.000:0.000:0.000|0.019:0.000:0.656|0.000:0.000:0.000|0.000:0.000:0.000|0.002:0.000:0.800","-1.309:0.050:-0.825|11.191:0.050:8.167","0.000:0.000:0.000|0.000:0.000:0.000",False,False,Stopped,60.00,40.00,3.00,MultiAgentTraffic,"P1:True|P2:True|P3:True|D1:True|D2:True|D3:True","H1:H1 rack picking and carton handoff:Transport to work bay:load=True:handoffs=0|H2:H2 cross-aisle carton transfer:Transport to work bay:load=True:handoffs=0|H3:H3 station scan and dispatch verification:Transport to work bay:load=True:handoffs=0|H4:H4 trolley supply transfer:Transport to work bay:load=True:handoffs=0|H5:H5 rack inspection and replenishment:Return for next assignment:load=False:handoffs=1|F1:F1 inbound pallet replenishment:Transport to work bay:load=True:handoffs=0|F2:F2 outbound pallet dispatch:Transport to work bay:load=True:handoffs=0"
39.6299,10,59,359,-3.2186,0.0500,0.7607,83.3483,1.0723,0.0000,12.3000,0.0000,13.5000,20.0778,7,"","","1.593:0.050:8.170|-4.302:0.050:10.008|-11.669:0.050:-7.547|11.670:0.050:-1.186|8.392:0.050:6.171","0.000:0.000:0.000|0.019:0.000:0.656|0.000:0.000:0.000|0.000:0.000:0.000|0.002:0.000:0.800","-1.309:0.050:-0.825|11.191:0.050:8.167","0.000:0.000:0.000|0.000:0.000:0.000",False,False,Stopped,60.00,40.00,3.00,MultiAgentTraffic,"P1:True|P2:True|P3:True|D1:True|D2:True|D3:True","H1:H1 rack picking and carton handoff:Transport to work bay:load=True:handoffs=0|H2:H2 cross-aisle carton transfer:Transport to work bay:load=True:handoffs=0|H3:H3 station scan and dispatch verification:Transport to work bay:load=True:handoffs=0|H4:H4 trolley supply transfer:Transport to work bay:load=True:handoffs=0|H5:H5 rack inspection and replenishment:Return for next assignment:load=False:handoffs=1|F1:F1 inbound pallet replenishment:Transport to work bay:load=True:handoffs=0|F2:F2 outbound pallet dispatch:Transport to work bay:load=True:handoffs=0"
39.7509,10,59,360,-3.1149,0.0500,0.7728,83.3483,0.9547,0.0000,12.3000,0.0000,13.5000,19.9901,7,"","","1.593:0.050:8.170|-4.300:0.050:10.087|-11.669:0.050:-7.547|11.670:0.050:-1.186|8.392:0.050:6.268","0.000:0.000:0.000|0.019:0.000:0.656|0.000:0.000:0.000|0.000:0.000:0.000|0.002:0.000:0.800","-1.309:0.050:-0.825|11.191:0.050:8.167","0.000:0.000:0.000|0.000:0.000:0.000",False,False,Stopped,60.00,40.00,3.00,MultiAgentTraffic,"P1:True|P2:True|P3:True|D1:True|D2:True|D3:True","H1:H1 rack picking and carton handoff:Transport to work bay:load=True:handoffs=0|H2:H2 cross-aisle carton transfer:Transport to work bay:load=True:handoffs=0|H3:H3 station scan and dispatch verification:Transport to work bay:load=True:handoffs=0|H4:H4 trolley supply transfer:Transport to work bay:load=True:handoffs=0|H5:H5 rack inspection and replenishment:Return for next assignment:load=False:handoffs=1|F1:F1 inbound pallet replenishment:Transport to work bay:load=True:handoffs=0|F2:F2 outbound pallet dispatch:Transport to work bay:load=True:handoffs=0"
39.8722,10,59,361,-3.0205,0.0500,0.7838,83.3483,0.8150,0.0000,12.3000,0.0000,13.5000,19.9103,7,"","","1.593:0.050:8.170|-4.298:0.050:10.167|-11.669:0.050:-7.547|11.670:0.050:-1.186|8.392:0.050:6.365","0.000:0.000:0.000|0.019:0.000:0.656|0.000:0.000:0.000|0.000:0.000:0.000|0.002:0.000:0.800","-1.309:0.050:-0.825|11.191:0.050:8.167","0.000:0.000:0.000|0.000:0.000:0.000",False,False,Stopped,60.00,40.00,3.00,MultiAgentTraffic,"P1:True|P2:True|P3:True|D1:True|D2:True|D3:True","H1:H1 rack picking and carton handoff:Transport to work bay:load=True:handoffs=0|H2:H2 cross-aisle carton transfer:Transport to work bay:load=True:handoffs=0|H3:H3 station scan and dispatch verification:Transport to work bay:load=True:handoffs=0|H4:H4 trolley supply transfer:Transport to work bay:load=True:handoffs=0|H5:H5 rack inspection and replenishment:Return for next assignment:load=False:handoffs=1|F1:F1 inbound pallet replenishment:Transport to work bay:load=True:handoffs=0|F2:F2 outbound pallet dispatch:Transport to work bay:load=True:handoffs=0"
39.9910,10,59,362,-2.9372,0.0500,0.7935,83.3483,0.7517,0.0000,12.3000,0.0000,13.5000,19.8401,7,"","","1.593:0.050:8.170|-4.296:0.050:10.245|-11.669:0.050:-7.547|11.670:0.050:-1.186|8.393:0.050:6.460","0.000:0.000:0.000|0.019:0.000:0.656|0.000:0.000:0.000|0.000:0.000:0.000|0.002:0.000:0.800","-1.309:0.050:-0.825|11.191:0.050:8.167","0.000:0.000:0.000|0.000:0.000:0.000",False,False,Stopped,60.00,40.00,3.00,MultiAgentTraffic,"P1:True|P2:True|P3:True|D1:True|D2:True|D3:True","H1:H1 rack picking and carton handoff:Transport to work bay:load=True:handoffs=0|H2:H2 cross-aisle carton transfer:Transport to work bay:load=True:handoffs=0|H3:H3 station scan and dispatch verification:Transport to work bay:load=True:handoffs=0|H4:H4 trolley supply transfer:Transport to work bay:load=True:handoffs=0|H5:H5 rack inspection and replenishment:Return for next assignment:load=False:handoffs=1|F1:F1 inbound pallet replenishment:Transport to work bay:load=True:handoffs=0|F2:F2 outbound pallet dispatch:Transport to work bay:load=True:handoffs=0"
40.1067,10,59,363,-2.8649,0.0500,0.8020,83.3483,0.6337,0.0000,12.3000,0.0000,13.5000,19.7792,7,"","","1.593:0.050:8.170|-4.293:0.050:10.321|-11.669:0.050:-7.547|11.670:0.050:-1.186|8.393:0.050:6.553","0.000:0.000:0.000|0.019:0.000:0.656|0.000:0.000:0.000|0.000:0.000:0.000|0.002:0.000:0.800","-1.309:0.050:-0.825|11.191:0.050:8.167","0.000:0.000:0.000|0.000:0.000:0.000",False,False,Stopped,60.00,40.00,3.00,MultiAgentTraffic,"P1:True|P2:True|P3:True|D1:True|D2:True|D3:True","H1:H1 rack picking and carton handoff:Transport to work bay:load=True:handoffs=0|H2:H2 cross-aisle carton transfer:Transport to work bay:load=True:handoffs=0|H3:H3 station scan and dispatch verification:Transport to work bay:load=True:handoffs=0|H4:H4 trolley supply transfer:Transport to work bay:load=True:handoffs=0|H5:H5 rack inspection and replenishment:Return for next assignment:load=False:handoffs=1|F1:F1 inbound pallet replenishment:Transport to work bay:load=True:handoffs=0|F2:F2 outbound pallet dispatch:Transport to work bay:load=True:handoffs=0"
40.2156,10,59,364,-2.8048,0.0500,0.8090,83.3483,0.5611,0.0000,12.3000,0.0000,13.5000,19.7286,7,"","","1.593:0.050:8.170|-4.291:0.050:10.392|-11.669:0.050:-7.547|11.670:0.050:-1.186|8.393:0.050:6.640","0.000:0.000:0.000|0.019:0.000:0.656|0.000:0.000:0.000|0.000:0.000:0.000|0.002:0.000:0.800","-1.309:0.050:-0.825|11.191:0.050:8.167","0.000:0.000:0.000|0.000:0.000:0.000",False,False,Stopped,60.00,40.00,3.00,MultiAgentTraffic,"P1:True|P2:True|P3:True|D1:True|D2:True|D3:True","H1:H1 rack picking and carton handoff:Transport to work bay:load=True:handoffs=0|H2:H2 cross-aisle carton transfer:Transport to work bay:load=True:handoffs=0|H3:H3 station scan and dispatch verification:Transport to work bay:load=True:handoffs=0|H4:H4 trolley supply transfer:Transport to work bay:load=True:handoffs=0|H5:H5 rack inspection and replenishment:Return for next assignment:load=False:handoffs=1|F1:F1 inbound pallet replenishment:Transport to work bay:load=True:handoffs=0|F2:F2 outbound pallet dispatch:Transport to work bay:load=True:handoffs=0"
40.3355,10,59,365,-2.7474,0.0500,0.8157,83.3483,0.0000,0.0000,12.3000,0.0000,13.5000,19.6804,7,"","","1.593:0.050:8.170|-4.289:0.050:10.471|-11.669:0.050:-7.547|11.670:0.050:-1.186|8.393:0.050:6.736","0.000:0.000:0.000|0.019:0.000:0.656|0.000:0.000:0.000|0.000:0.000:0.000|0.002:0.000:0.800","-1.309:0.050:-0.825|11.191:0.050:8.167","0.000:0.000:0.000|0.000:0.000:0.000",False,False,Stopped,60.00,40.00,3.00,MultiAgentTraffic,"P1:True|P2:True|P3:True|D1:True|D2:True|D3:True","H1:H1 rack picking and carton handoff:Transport to work bay:load=True:handoffs=0|H2:H2 cross-aisle carton transfer:Transport to work bay:load=True:handoffs=0|H3:H3 station scan and dispatch verification:Transport to work bay:load=True:handoffs=0|H4:H4 trolley supply transfer:Transport to work bay:load=True:handoffs=0|H5:H5 rack inspection and replenishment:Return for next assignment:load=False:handoffs=1|F1:F1 inbound pallet replenishment:Transport to work bay:load=True:handoffs=0|F2:F2 outbound pallet dispatch:Transport to work bay:load=True:handoffs=0"
40.3355,10,59,366,-2.7358,0.0500,0.8170,83.3483,0.5050,0.0000,12.3000,0.0000,13.5000,19.6707,7,"","","1.593:0.050:8.170|-4.288:0.050:10.488|-11.669:0.050:-7.547|11.670:0.050:-1.186|8.393:0.050:6.757","0.000:0.000:0.000|0.019:0.000:0.656|0.000:0.000:0.000|0.000:0.000:0.000|0.002:0.000:0.800","-1.309:0.050:-0.825|11.191:0.050:8.167","0.000:0.000:0.000|0.000:0.000:0.000",False,False,Idle,60.00,40.00,3.00,MultiAgentTraffic,"P1:True|P2:True|P3:True|D1:True|D2:True|D3:True","H1:H1 rack picking and carton handoff:Transport to work bay:load=True:handoffs=0|H2:H2 cross-aisle carton transfer:Transport to work bay:load=True:handoffs=0|H3:H3 station scan and dispatch verification:Transport to work bay:load=True:handoffs=0|H4:H4 trolley supply transfer:Transport to work bay:load=True:handoffs=0|H5:H5 rack inspection and replenishment:Return for next assignment:load=False:handoffs=1|F1:F1 inbound pallet replenishment:Transport to work bay:load=True:handoffs=0|F2:F2 outbound pallet dispatch:Transport to work bay:load=True:handoffs=0"
