timestamp,scenario_id,episode_id,step_id,lidar_min_distance,lidar_front_distance,lidar_left_distance,lidar_right_distance,lidar_measurement_count,camera_detection_count,camera_detected_objects,ax,ay,az,gx,gy,gz,left_wheel_distance,right_wheel_distance,left_wheel_velocity,right_wheel_velocity,estimated_x,estimated_y,estimated_yaw,estimated_velocity,missing_sensor_flag,sensor_dropout_flag,parcel_id,parcel_position,source_id,destination_id,parcel_mass,carrying_status,grasp_status,rack_available,PD1_available,PD2_available,PD3_available,human_positions,human_velocities,forklift_positions,forklift_velocities,h1_position,h1_velocity,h2_position,h2_velocity,h3_position,h3_velocity,h4_position,h4_velocity,h5_position,h5_velocity,f1_position,f1_velocity,f2_position,f2_velocity,battery_level,sensor_status,communication_delay,task_priority,current_task_stage
0.1003,5,5,1,3.6820,9.9915,5.8820,9.9944,180,3,"Parcel_1_PD2_to_R2:-21.99:0.34:-0.05|Human(Clone):-21.96:0.00:-0.01|Human(Clone):-22.00:-0.02:-10.01",1.1208,-0.0389,7.9972,-0.0081,0.1891,-0.0403,0.0294,0.0249,1.3922,1.1810,-25.0216,-13.5430,0.7155,1.2866,False,False,"Parcel_1","-22.000:0.350:0.000","PD2","R2",3.000,False,False,False,False,False,False,"H1:-8.400:0.000:-9.922|H2:-4.200:0.000:-13.422|H3:-22.000:0.000:-9.922|H4:-22.000:0.000:0.000|H5:8.400:0.000:9.922","H1:0.000:0.000:0.800|H2:0.000:0.000:0.800|H3:0.000:0.000:0.800|H4:0.000:0.000:0.000|H5:0.000:0.000:-0.800","F1:0.000:0.000:-13.374|F2:21.969:0.000:11.877","F1:0.000:0.000:1.300|F2:-0.315:0.000:-1.261","-8.400:0.000:-9.922","0.000:0.000:0.800","-4.200:0.000:-13.422","0.000:0.000:0.800","-22.000:0.000:-9.922","0.000:0.000:0.800","-22.000:0.000:0.000","0.000:0.000:0.000","8.400:0.000:9.922","0.000:0.000:-0.800","0.000:0.000:-13.374","0.000:0.000:1.300","21.969:0.000:11.877","-0.315:0.000:-1.261",99.998,"Nominal",0.000,1,"NavigateToSource:Forward"
0.2014,5,5,2,3.6442,9.9880,5.8661,9.9470,180,3,"Parcel_1_PD2_to_R2:-22.01:0.35:-0.04|Human(Clone):-22.03:-0.02:-0.01|Human(Clone):-22.01:-0.01:-9.90",1.2001,0.0610,7.8347,0.0251,0.2914,-0.0225,0.0397,0.0566,1.7425,2.4847,-25.0107,-13.4112,7.2567,2.1136,False,False,"Parcel_1","-22.000:0.350:0.000","PD2","R2",3.000,False,False,False,False,False,False,"H1:-8.400:0.000:-9.841|H2:-4.200:0.000:-13.341|H3:-22.000:0.000:-9.841|H4:-22.000:0.000:0.000|H5:8.400:0.000:9.841","H1:0.000:0.000:0.800|H2:0.000:0.000:0.800|H3:0.000:0.000:0.800|H4:0.000:0.000:0.000|H5:0.000:0.000:-0.800","F1:0.000:0.000:-13.242|F2:21.937:0.000:11.750","F1:0.000:0.000:1.300|F2:-0.315:0.000:-1.261","-8.400:0.000:-9.841","0.000:0.000:0.800","-4.200:0.000:-13.341","0.000:0.000:0.800","-22.000:0.000:-9.841","0.000:0.000:0.800","-22.000:0.000:0.000","0.000:0.000:0.000","8.400:0.000:9.841","0.000:0.000:-0.800","0.000:0.000:-13.242","0.000:0.000:1.300","21.937:0.000:11.750","-0.315:0.000:-1.261",99.996,"Nominal",0.000,1,"NavigateToSource:Forward"
0.3029,5,5,3,3.5633,10.0000,5.9483,10.0000,180,3,"Parcel_1_PD2_to_R2:-22.02:0.31:-0.01|Human(Clone):-21.99:0.02:0.00|Human(Clone):-21.99:-0.02:-9.83",-0.0117,0.0681,0.0345,0.0042,0.2125,0.0227,0.0455,0.0164,2.0727,0.7476,-24.9958,-13.2597,4.0689,1.4102,False,False,"Parcel_1","-22.000:0.350:0.000","PD2","R2",3.000,False,False,False,False,False,False,"H1:-8.400:0.000:-9.760|H2:-4.200:0.000:-13.260|H3:-22.000:0.000:-9.760|H4:-22.000:0.000:0.000|H5:8.400:0.000:9.760","H1:0.000:0.000:0.800|H2:0.000:0.000:0.800|H3:0.000:0.000:0.800|H4:0.000:0.000:0.000|H5:0.000:0.000:-0.800","F1:0.000:0.000:-13.110|F2:21.905:0.000:11.622","F1:0.000:0.000:1.300|F2:-0.315:0.000:-1.261","-8.400:0.000:-9.760","0.000:0.000:0.800","-4.200:0.000:-13.260","0.000:0.000:0.800","-22.000:0.000:-9.760","0.000:0.000:0.800","-22.000:0.000:0.000","0.000:0.000:0.000","8.400:0.000:9.760","0.000:0.000:-0.800","0.000:0.000:-13.110","0.000:0.000:1.300","21.905:0.000:11.622","-0.315:0.000:-1.261",99.994,"Nominal",0.000,1,"NavigateToSource:Forward"
0.4036,5,5,4,3.5111,10.0000,5.9276,9.9878,180,3,"Parcel_1_PD2_to_R2:-22.02:0.38:-0.03|Human(Clone):-21.97:-0.02:-0.02|Human(Clone):-22.00:0.04:-9.70",-0.0100,-0.0371,-0.0758,0.0236,0.1730,-0.0001,0.0398,0.0481,1.7919,2.1678,-24.9828,-13.1172,5.5588,1.9799,False,False,"Parcel_1","-22.000:0.350:0.000","PD2","R2",3.000,False,False,False,False,False,False,"H1:-8.400:0.000:-9.680|H2:-4.200:0.000:-13.180|H3:-22.000:0.000:-9.680|H4:-22.000:0.000:0.000|H5:8.400:0.000:9.680","H1:0.000:0.000:0.800|H2:0.000:0.000:0.800|H3:0.000:0.000:0.800|H4:0.000:0.000:0.000|H5:0.000:0.000:-0.800","F1:0.000:0.000:-12.979|F2:21.874:0.000:11.495","F1:0.000:0.000:1.300|F2:-0.315:0.000:-1.261","-8.400:0.000:-9.680","0.000:0.000:0.800","-4.200:0.000:-13.180","0.000:0.000:0.800","-22.000:0.000:-9.680","0.000:0.000:0.800","-22.000:0.000:0.000","0.000:0.000:0.000","8.400:0.000:9.680","0.000:0.000:-0.800","0.000:0.000:-12.979","0.000:0.000:1.300","21.874:0.000:11.495","-0.315:0.000:-1.261",99.992,"Nominal",0.000,1,"NavigateToSource:Forward"
0.5057,5,5,5,3.4285,10.0000,6.0021,9.9761,180,3,"Parcel_1_PD2_to_R2:-22.03:0.37:0.02|Human(Clone):-22.01:-0.02:0.00|Human(Clone):-21.98:0.03:-9.68",-0.0429,0.0811,0.0004,-0.0237,0.1240,-0.0112,0.0266,0.0418,1.3111,2.0591,-24.9641,-12.9701,8.9148,1.6851,False,False,"Parcel_1","-22.000:0.350:0.000","PD2","R2",3.000,False,False,False,False,False,False,"H1:-8.400:0.000:-9.598|H2:-4.200:0.000:-13.098|H3:-22.000:0.000:-9.598|H4:-22.000:0.000:0.000|H5:8.400:0.000:9.598","H1:0.000:0.000:0.800|H2:0.000:0.000:0.800|H3:0.000:0.000:0.800|H4:0.000:0.000:0.000|H5:0.000:0.000:-0.800","F1:0.000:0.000:-12.847|F2:21.842:0.000:11.366","F1:0.000:0.000:1.300|F2:-0.315:0.000:-1.261","-8.400:0.000:-9.598","0.000:0.000:0.800","-4.200:0.000:-13.098","0.000:0.000:0.800","-22.000:0.000:-9.598","0.000:0.000:0.800","-22.000:0.000:0.000","0.000:0.000:0.000","8.400:0.000:9.598","0.000:0.000:-0.800","0.000:0.000:-12.847","0.000:0.000:1.300","21.842:0.000:11.366","-0.315:0.000:-1.261",99.990,"Nominal",0.000,1,"NavigateToSource:Forward"
0.6071,5,5,6,3.3666,9.9987,6.0451,9.9849,180,3,"Parcel_1_PD2_to_R2:-21.98:0.35:0.03|Human(Clone):-22.05:-0.02:-0.01|Human(Clone):-22.03:0.00:-9.50",0.0127,0.0260,0.0609,0.0175,0.0811,-0.0157,0.0311,0.0351,1.5145,1.7087,-24.9454,-12.8353,8.1022,1.6116,False,False,"Parcel_1","-22.000:0.350:0.000","PD2","R2",3.000,False,False,False,False,False,False,"H1:-8.400:0.000:-9.517|H2:-4.200:0.000:-13.017|H3:-22.000:0.000:-9.517|H4:-22.000:0.000:0.000|H5:8.400:0.000:9.517","H1:0.000:0.000:0.800|H2:0.000:0.000:0.800|H3:0.000:0.000:0.800|H4:0.000:0.000:0.000|H5:0.000:0.000:-0.800","F1:0.000:0.000:-12.715|F2:21.810:0.000:11.238","F1:0.000:0.000:1.300|F2:-0.315:0.000:-1.261","-8.400:0.000:-9.517","0.000:0.000:0.800","-4.200:0.000:-13.017","0.000:0.000:0.800","-22.000:0.000:-9.517","0.000:0.000:0.800","-22.000:0.000:0.000","0.000:0.000:0.000","8.400:0.000:9.517","0.000:0.000:-0.800","0.000:0.000:-12.715","0.000:0.000:1.300","21.810:0.000:11.238","-0.315:0.000:-1.261",99.988,"Nominal",0.000,1,"NavigateToSource:Forward"
0.7098,5,5,7,3.2589,10.0000,6.0619,9.9927,180,3,"Parcel_1_PD2_to_R2:-21.98:0.32:0.02|Human(Clone):-21.99:-0.02:0.04|Human(Clone):-21.98:-0.02:-9.47",-0.0672,0.0403,0.0284,0.0128,0.0691,-0.0280,0.0289,0.0228,1.4429,1.1376,-24.9270,-12.6913,6.5933,1.2902,False,False,"Parcel_1","-22.000:0.350:0.000","PD2","R2",3.000,False,False,False,False,False,False,"H1:-8.400:0.000:-9.435|H2:-4.200:0.000:-12.935|H3:-22.000:0.000:-9.435|H4:-22.000:0.000:0.000|H5:8.400:0.000:9.435","H1:0.000:0.000:0.800|H2:0.000:0.000:0.800|H3:0.000:0.000:0.800|H4:0.000:0.000:0.000|H5:0.000:0.000:-0.800","F1:0.000:0.000:-12.581|F2:21.777:0.000:11.109","F1:0.000:0.000:1.300|F2:-0.315:0.000:-1.261","-8.400:0.000:-9.435","0.000:0.000:0.800","-4.200:0.000:-12.935","0.000:0.000:0.800","-22.000:0.000:-9.435","0.000:0.000:0.800","-22.000:0.000:0.000","0.000:0.000:0.000","8.400:0.000:9.435","0.000:0.000:-0.800","0.000:0.000:-12.581","0.000:0.000:1.300","21.777:0.000:11.109","-0.315:0.000:-1.261",99.986,"Nominal",0.000,1,"NavigateToSource:Forward"
0.8110,5,5,8,3.2225,9.9662,6.0866,10.0000,180,3,"Parcel_1_PD2_to_R2:-22.00:0.32:0.02|Human(Clone):-22.04:0.01:0.01|Human(Clone):-22.01:0.00:-9.33",0.0629,-0.0426,-0.0449,0.0188,0.0747,-0.0305,0.0454,0.0328,2.0217,1.4637,-24.9111,-12.5490,6.6245,1.7427,False,False,"Parcel_1","-22.000:0.350:0.000","PD2","R2",3.000,False,False,False,False,False,False,"H1:-8.400:0.000:-9.354|H2:-4.200:0.000:-12.854|H3:-22.000:0.000:-9.354|H4:-22.000:0.000:0.000|H5:8.400:0.000:9.354","H1:0.000:0.000:0.800|H2:0.000:0.000:0.800|H3:0.000:0.000:0.800|H4:0.000:0.000:0.000|H5:0.000:0.000:-0.800","F1:0.000:0.000:-12.450|F2:21.745:0.000:10.981","F1:0.000:0.000:1.300|F2:-0.315:0.000:-1.261","-8.400:0.000:-9.354","0.000:0.000:0.800","-4.200:0.000:-12.854","0.000:0.000:0.800","-22.000:0.000:-9.354","0.000:0.000:0.800","-22.000:0.000:0.000","0.000:0.000:0.000","8.400:0.000:9.354","0.000:0.000:-0.800","0.000:0.000:-12.450","0.000:0.000:1.300","21.745:0.000:10.981","-0.315:0.000:-1.261",99.984,"Nominal",0.000,1,"NavigateToSource:Forward"
0.9132,5,5,9,3.1363,10.0000,6.0761,9.9704,180,3,"Parcel_1_PD2_to_R2:-21.96:0.35:-0.02|Human(Clone):-22.03:-0.02:0.01|Human(Clone):-22.00:-0.01:-9.35",-0.0343,0.0237,0.0268,-0.0018,0.0384,0.0445,0.0332,0.0324,1.5151,1.4771,-24.8746,-12.3675,12.8020,1.4961,False,False,"Parcel_1","-22.000:0.350:0.000","PD2","R2",3.000,False,False,False,False,False,True,"H1:-8.400:0.000:-9.272|H2:-4.200:0.000:-12.772|H3:-22.000:0.000:-9.272|H4:-22.000:0.000:0.000|H5:8.400:0.000:9.272","H1:0.000:0.000:0.800|H2:0.000:0.000:0.800|H3:0.000:0.000:0.800|H4:0.000:0.000:0.000|H5:0.000:0.000:-0.800","F1:0.000:0.000:-12.317|F2:21.713:0.000:10.852","F1:0.000:0.000:1.300|F2:-0.315:0.000:-1.261","-8.400:0.000:-9.272","0.000:0.000:0.800","-4.200:0.000:-12.772","0.000:0.000:0.800","-22.000:0.000:-9.272","0.000:0.000:0.800","-22.000:0.000:0.000","0.000:0.000:0.000","8.400:0.000:9.272","0.000:0.000:-0.800","0.000:0.000:-12.317","0.000:0.000:1.300","21.713:0.000:10.852","-0.315:0.000:-1.261",99.982,"Nominal",0.000,1,"NavigateToSource:Forward"
1.0158,5,5,10,3.0401,10.0000,6.1473,9.9938,180,3,"Parcel_1_PD2_to_R2:-21.98:0.33:0.03|Human(Clone):-21.98:0.03:-0.03|Human(Clone):-22.00:0.02:-9.20",-0.0054,-0.0134,0.0504,0.0065,0.0258,0.0047,0.0348,0.0275,1.5129,1.1961,-24.8519,-12.2126,5.7818,1.3545,False,False,"Parcel_1","-22.000:0.350:0.000","PD2","R2",3.000,False,False,False,False,False,True,"H1:-8.400:0.000:-9.190|H2:-4.200:0.000:-12.690|H3:-22.000:0.000:-9.190|H4:-22.000:0.000:0.000|H5:8.400:0.000:9.190","H1:0.000:0.000:0.800|H2:0.000:0.000:0.800|H3:0.000:0.000:0.800|H4:0.000:0.000:0.000|H5:0.000:0.000:-0.800","F1:0.000:0.000:-12.184|F2:21.681:0.000:10.723","F1:0.000:0.000:1.300|F2:-0.315:0.000:-1.261","-8.400:0.000:-9.190","0.000:0.000:0.800","-4.200:0.000:-12.690","0.000:0.000:0.800","-22.000:0.000:-9.190","0.000:0.000:0.800","-22.000:0.000:0.000","0.000:0.000:0.000","8.400:0.000:9.190","0.000:0.000:-0.800","0.000:0.000:-12.184","0.000:0.000:1.300","21.681:0.000:10.723","-0.315:0.000:-1.261",99.980,"Nominal",0.000,1,"NavigateToSource:Forward"
1.1165,5,5,11,3.0120,10.0000,6.1463,9.9944,180,3,"Parcel_1_PD2_to_R2:-21.99:0.32:-0.02|Human(Clone):-22.00:0.03:0.03|Human(Clone):-22.00:0.02:-9.15",0.0306,0.0252,0.1530,0.0293,0.0058,-0.0306,0.0458,0.0402,2.0958,1.8384,-24.8347,-12.0427,4.5208,1.9671,False,False,"Parcel_1","-22.000:0.350:0.000","PD2","R2",3.000,False,False,False,False,False,True,"H1:-8.400:0.000:-9.109|H2:-4.200:0.000:-12.609|H3:-22.000:0.000:-9.109|H4:-22.000:0.000:0.000|H5:8.400:0.000:9.109","H1:0.000:0.000:0.800|H2:0.000:0.000:0.800|H3:0.000:0.000:0.800|H4:0.000:0.000:0.000|H5:0.000:0.000:-0.800","F1:0.000:0.000:-12.053|F2:21.649:0.000:10.596","F1:0.000:0.000:1.300|F2:-0.315:0.000:-1.261","-8.400:0.000:-9.109","0.000:0.000:0.800","-4.200:0.000:-12.609","0.000:0.000:0.800","-22.000:0.000:-9.109","0.000:0.000:0.800","-22.000:0.000:0.000","0.000:0.000:0.000","8.400:0.000:9.109","0.000:0.000:-0.800","0.000:0.000:-12.053","0.000:0.000:1.300","21.649:0.000:10.596","-0.315:0.000:-1.261",99.978,"Nominal",0.000,1,"NavigateToSource:Forward"
1.2171,5,5,12,2.9253,9.9814,6.2068,10.0000,180,3,"Parcel_1_PD2_to_R2:-21.98:0.33:0.02|Human(Clone):-21.99:-0.02:0.00|Human(Clone):-21.99:0.00:-9.08",0.0297,-0.0036,-0.0752,-0.0051,0.0301,0.0241,0.0376,0.0392,1.6783,1.7484,-24.8222,-11.8931,4.9695,1.7133,False,False,"Parcel_1","-22.000:0.350:0.000","PD2","R2",3.000,False,False,False,False,False,True,"H1:-8.400:0.000:-9.029|H2:-4.200:0.000:-12.529|H3:-22.000:0.000:-9.029|H4:-22.000:0.000:0.000|H5:8.400:0.000:9.029","H1:0.000:0.000:0.800|H2:0.000:0.000:0.800|H3:0.000:0.000:0.800|H4:0.000:0.000:0.000|H5:0.000:0.000:-0.800","F1:0.000:0.000:-11.922|F2:21.617:0.000:10.469","F1:0.000:0.000:1.300|F2:-0.315:0.000:-1.261","-8.400:0.000:-9.029","0.000:0.000:0.800","-4.200:0.000:-12.529","0.000:0.000:0.800","-22.000:0.000:-9.029","0.000:0.000:0.800","-22.000:0.000:0.000","0.000:0.000:0.000","8.400:0.000:9.029","0.000:0.000:-0.800","0.000:0.000:-11.922","0.000:0.000:1.300","21.617:0.000:10.469","-0.315:0.000:-1.261",99.976,"Nominal",0.000,1,"NavigateToSource:Forward"
1.3175,5,5,13,2.8741,9.9823,6.1955,9.9691,180,3,"Parcel_1_PD2_to_R2:-21.98:0.33:0.04|Human(Clone):-22.00:0.00:-0.04|Human(Clone):-21.99:0.00:-9.00",-0.0160,0.0145,-0.0063,-0.0167,0.0302,-0.0229,0.0289,0.0335,1.2804,1.4807,-24.7988,-11.7307,9.7359,1.3805,False,False,"Parcel_1","-22.000:0.350:0.000","PD2","R2",3.000,False,False,False,False,False,True,"H1:-8.400:0.000:-8.948|H2:-4.200:0.000:-12.448|H3:-22.000:0.000:-8.948|H4:-22.000:0.000:0.000|H5:8.400:0.000:8.948","H1:0.000:0.000:0.800|H2:0.000:0.000:0.800|H3:0.000:0.000:0.800|H4:0.000:0.000:0.000|H5:0.000:0.000:-0.800","F1:0.000:0.000:-11.791|F2:21.586:0.000:10.342","F1:0.000:0.000:1.300|F2:-0.315:0.000:-1.261","-8.400:0.000:-8.948","0.000:0.000:0.800","-4.200:0.000:-12.448","0.000:0.000:0.800","-22.000:0.000:-8.948","0.000:0.000:0.800","-22.000:0.000:0.000","0.000:0.000:0.000","8.400:0.000:8.948","0.000:0.000:-0.800","0.000:0.000:-11.791","0.000:0.000:1.300","21.586:0.000:10.342","-0.315:0.000:-1.261",99.974,"Nominal",0.000,1,"NavigateToSource:Forward"
1.4200,5,5,14,2.7694,9.9844,6.2610,9.9604,180,3,"Parcel_1_PD2_to_R2:-22.02:0.38:0.01|Human(Clone):-22.02:0.00:0.01|Human(Clone):-22.01:0.02:-8.92",-0.0296,-0.0455,-0.0438,-0.0036,0.0008,0.0260,0.0413,0.0322,2.0144,1.5711,-24.7745,-11.5869,9.9859,1.7927,False,False,"Parcel_1","-22.000:0.350:0.000","PD2","R2",3.000,False,False,False,True,False,True,"H1:-8.400:0.000:-8.866|H2:-4.200:0.000:-12.367|H3:-22.000:0.000:-8.866|H4:-22.000:0.000:0.000|H5:8.400:0.000:8.866","H1:0.000:0.000:0.800|H2:0.000:0.000:0.800|H3:0.000:0.000:0.800|H4:0.000:0.000:0.000|H5:0.000:0.000:-0.800","F1:0.000:0.000:-11.658|F2:21.553:0.000:10.213","F1:0.000:0.000:1.300|F2:-0.315:0.000:-1.261","-8.400:0.000:-8.866","0.000:0.000:0.800","-4.200:0.000:-12.367","0.000:0.000:0.800","-22.000:0.000:-8.866","0.000:0.000:0.800","-22.000:0.000:0.000","0.000:0.000:0.000","8.400:0.000:8.866","0.000:0.000:-0.800","0.000:0.000:-11.658","0.000:0.000:1.300","21.553:0.000:10.213","-0.315:0.000:-1.261",99.972,"Nominal",0.000,1,"NavigateToSource:Forward"
1.5203,5,5,15,2.7384,9.9714,6.2524,10.0000,180,3,"Parcel_1_PD2_to_R2:-22.01:0.35:-0.04|Human(Clone):-21.99:0.04:0.00|Human(Clone):-21.98:-0.04:-8.84",-0.0206,-0.0856,-0.0072,-0.0356,0.0107,-0.0096,0.0216,0.0445,1.0149,2.0897,-24.7535,-11.4419,10.3109,1.5523,False,False,"Parcel_1","-22.000:0.350:0.000","PD2","R2",3.000,False,False,False,True,False,True,"H1:-8.400:0.000:-8.786|H2:-4.200:0.000:-12.286|H3:-22.000:0.000:-8.786|H4:-22.000:0.000:0.000|H5:8.400:0.000:8.786","H1:0.000:0.000:0.800|H2:0.000:0.000:0.800|H3:0.000:0.000:0.800|H4:0.000:0.000:0.000|H5:0.000:0.000:-0.800","F1:0.000:0.000:-11.528|F2:21.522:0.000:10.087","F1:0.000:0.000:1.300|F2:-0.315:0.000:-1.261","-8.400:0.000:-8.786","0.000:0.000:0.800","-4.200:0.000:-12.286","0.000:0.000:0.800","-22.000:0.000:-8.786","0.000:0.000:0.800","-22.000:0.000:0.000","0.000:0.000:0.000","8.400:0.000:8.786","0.000:0.000:-0.800","0.000:0.000:-11.528","0.000:0.000:1.300","21.522:0.000:10.087","-0.315:0.000:-1.261",99.970,"Nominal",0.000,1,"NavigateToSource:Forward"
1.6205,5,5,16,2.6404,9.9962,6.2888,9.9996,180,3,"Parcel_1_PD2_to_R2:-22.01:0.39:-0.01|Human(Clone):-21.98:0.02:0.03|Human(Clone):-21.95:0.01:-8.72",0.0052,0.0703,-0.0303,-0.0266,0.0094,-0.0108,0.0393,0.0287,1.9374,1.4182,-24.7259,-11.2770,9.0404,1.6778,False,False,"Parcel_1","-22.000:0.350:0.000","PD2","R2",3.000,False,False,False,True,False,True,"H1:-8.400:0.000:-8.706|H2:-4.200:0.000:-12.206|H3:-22.000:0.000:-8.706|H4:-22.000:0.000:0.000|H5:8.400:0.000:8.706","H1:0.000:0.000:0.800|H2:0.000:0.000:0.800|H3:0.000:0.000:0.800|H4:0.000:0.000:0.000|H5:0.000:0.000:-0.800","F1:0.000:0.000:-11.397|F2:21.490:0.000:9.960","F1:0.000:0.000:1.300|F2:-0.315:0.000:-1.261","-8.400:0.000:-8.706","0.000:0.000:0.800","-4.200:0.000:-12.206","0.000:0.000:0.800","-22.000:0.000:-8.706","0.000:0.000:0.800","-22.000:0.000:0.000","0.000:0.000:0.000","8.400:0.000:8.706","0.000:0.000:-0.800","0.000:0.000:-11.397","0.000:0.000:1.300","21.490:0.000:9.960","-0.315:0.000:-1.261",99.968,"Nominal",0.000,1,"NavigateToSource:Forward"
1.7216,5,5,17,2.5702,9.9889,6.2928,9.9959,180,3,"Parcel_1_PD2_to_R2:-21.99:0.34:-0.01|Human(Clone):-22.02:0.03:-0.03|Human(Clone):-21.98:-0.01:-8.68",0.1039,0.0155,0.0674,0.0258,0.0450,-0.0040,0.0175,0.0415,0.8353,1.9792,-24.7049,-11.1165,9.8279,1.4072,False,False,"Parcel_1","-22.000:0.350:0.000","PD2","R2",3.000,False,False,False,True,False,True,"H1:-8.400:0.000:-8.625|H2:-4.200:0.000:-12.125|H3:-22.000:0.000:-8.625|H4:-22.000:0.000:0.000|H5:8.400:0.000:8.625","H1:0.000:0.000:0.800|H2:0.000:0.000:0.800|H3:0.000:0.000:0.800|H4:0.000:0.000:0.000|H5:0.000:0.000:-0.800","F1:0.000:0.000:-11.266|F2:21.458:0.000:9.833","F1:0.000:0.000:1.300|F2:-0.315:0.000:-1.261","-8.400:0.000:-8.625","0.000:0.000:0.800","-4.200:0.000:-12.125","0.000:0.000:0.800","-22.000:0.000:-8.625","0.000:0.000:0.800","-22.000:0.000:0.000","0.000:0.000:0.000","8.400:0.000:8.625","0.000:0.000:-0.800","0.000:0.000:-11.266","0.000:0.000:1.300","21.458:0.000:9.833","-0.315:0.000:-1.261",99.966,"Nominal",0.000,1,"NavigateToSource:Forward"
1.8248,5,5,18,2.4955,10.0000,6.3364,10.0000,180,3,"Parcel_1_PD2_to_R2:-22.05:0.35:0.01|Human(Clone):-22.03:0.01:0.04|Human(Clone):-21.98:-0.01:-8.60",0.0792,-0.0465,-0.0391,-0.0058,0.0112,-0.0153,0.0275,0.0272,1.2267,1.2105,-24.6713,-10.9694,13.2488,1.2186,False,False,"Parcel_1","-22.000:0.350:0.000","PD2","R2",3.000,False,False,False,True,False,True,"H1:-8.400:0.000:-8.543|H2:-4.200:0.000:-12.043|H3:-22.000:0.000:-8.543|H4:-22.000:0.000:0.000|H5:8.400:0.000:8.543","H1:0.000:0.000:0.800|H2:0.000:0.000:0.800|H3:0.000:0.000:0.800|H4:0.000:0.000:0.000|H5:0.000:0.000:-0.800","F1:0.000:0.000:-11.132|F2:21.426:0.000:9.702","F1:0.000:0.000:1.300|F2:-0.315:0.000:-1.261","-8.400:0.000:-8.543","0.000:0.000:0.800","-4.200:0.000:-12.043","0.000:0.000:0.800","-22.000:0.000:-8.543","0.000:0.000:0.800","-22.000:0.000:0.000","0.000:0.000:0.000","8.400:0.000:8.543","0.000:0.000:-0.800","0.000:0.000:-11.132","0.000:0.000:1.300","21.426:0.000:9.702","-0.315:0.000:-1.261",99.963,"Nominal",0.000,1,"NavigateToSource:Forward"
1.9263,5,5,19,2.4468,10.0000,6.3336,9.9941,180,3,"Parcel_1_PD2_to_R2:-22.02:0.35:0.02|Human(Clone):-22.01:0.00:-0.01|Human(Clone):-21.98:-0.03:-8.48",-0.0267,0.0347,0.0639,-0.0103,0.0020,-0.0079,0.0299,0.0366,1.3327,1.6313,-24.6394,-10.8291,15.0316,1.4820,False,False,"Parcel_1","-22.000:0.350:0.000","PD2","R2",3.000,False,False,False,True,False,True,"H1:-8.400:0.000:-8.461|H2:-4.200:0.000:-11.961|H3:-22.000:0.000:-8.461|H4:-22.000:0.000:0.000|H5:8.400:0.000:8.461","H1:0.000:0.000:0.800|H2:0.000:0.000:0.800|H3:0.000:0.000:0.800|H4:0.000:0.000:0.000|H5:0.000:0.000:-0.800","F1:0.000:0.000:-11.000|F2:21.394:0.000:9.575","F1:0.000:0.000:1.300|F2:-0.315:0.000:-1.261","-8.400:0.000:-8.461","0.000:0.000:0.800","-4.200:0.000:-11.961","0.000:0.000:0.800","-22.000:0.000:-8.461","0.000:0.000:0.800","-22.000:0.000:0.000","0.000:0.000:0.000","8.400:0.000:8.461","0.000:0.000:-0.800","0.000:0.000:-11.000","0.000:0.000:1.300","21.394:0.000:9.575","-0.315:0.000:-1.261",99.961,"Nominal",0.000,1,"NavigateToSource:Forward"
2.0264,5,5,20,2.3582,9.9962,6.3850,10.0000,180,3,"Parcel_1_PD2_to_R2:-21.99:0.35:0.04|Human(Clone):-21.98:-0.02:-0.04|Human(Clone):-22.03:0.03:-8.42",0.0171,-0.0435,0.0736,-0.0484,-0.0019,0.0174,0.0419,0.0167,1.9735,0.7879,-24.6093,-10.7095,11.5107,1.3807,False,False,"Parcel_1","-22.000:0.350:0.000","PD2","R2",3.000,False,False,False,True,False,True,"H1:-8.400:0.000:-8.381|H2:-4.200:0.000:-11.881|H3:-22.000:0.000:-8.381|H4:-22.000:0.000:0.000|H5:8.400:0.000:8.381","H1:0.000:0.000:0.800|H2:0.000:0.000:0.800|H3:0.000:0.000:0.800|H4:0.000:0.000:0.000|H5:0.000:0.000:-0.800","F1:0.000:0.000:-10.870|F2:21.362:0.000:9.448","F1:0.000:0.000:1.300|F2:-0.315:0.000:-1.261","-8.400:0.000:-8.381","0.000:0.000:0.800","-4.200:0.000:-11.881","0.000:0.000:0.800","-22.000:0.000:-8.381","0.000:0.000:0.800","-22.000:0.000:0.000","0.000:0.000:0.000","8.400:0.000:8.381","0.000:0.000:-0.800","0.000:0.000:-10.870","0.000:0.000:1.300","21.362:0.000:9.448","-0.315:0.000:-1.261",99.959,"Nominal",0.000,1,"NavigateToSource:Forward"
2.1290,5,5,21,2.2923,9.9722,6.3792,9.9610,180,3,"Parcel_1_PD2_to_R2:-21.99:0.33:0.04|Human(Clone):-21.99:-0.01:-0.03|Human(Clone):-22.01:0.01:-8.35",-0.0114,-0.0141,0.0067,0.0056,-0.0063,0.0341,0.0405,0.0304,1.9867,1.4900,-24.5743,-10.5491,12.7917,1.7383,False,False,"Parcel_1","-22.000:0.350:0.000","PD2","R2",3.000,False,False,False,True,False,True,"H1:-8.400:0.000:-8.299|H2:-4.200:0.000:-11.799|H3:-22.000:0.000:-8.299|H4:-22.000:0.000:0.000|H5:8.400:0.000:8.299","H1:0.000:0.000:0.800|H2:0.000:0.000:0.800|H3:0.000:0.000:0.800|H4:0.000:0.000:0.000|H5:0.000:0.000:-0.800","F1:0.000:0.000:-10.736|F2:21.330:0.000:9.319","F1:0.000:0.000:1.300|F2:-0.315:0.000:-1.261","-8.400:0.000:-8.299","0.000:0.000:0.800","-4.200:0.000:-11.799","0.000:0.000:0.800","-22.000:0.000:-8.299","0.000:0.000:0.800","-22.000:0.000:0.000","0.000:0.000:0.000","8.400:0.000:8.299","0.000:0.000:-0.800","0.000:0.000:-10.736","0.000:0.000:1.300","21.330:0.000:9.319","-0.315:0.000:-1.261",99.957,"Nominal",0.000,1,"NavigateToSource:Forward"
2.2293,5,5,22,2.1992,9.9869,6.4525,9.9919,180,3,"Parcel_1_PD2_to_R2:-22.04:0.35:-0.03|Human(Clone):-21.99:-0.01:0.00|Human(Clone):-21.98:-0.01:-8.22",0.0386,0.0202,-0.0134,0.0008,0.0120,-0.0292,0.0426,0.0189,1.8121,0.8020,-24.5416,-10.3875,8.5629,1.3070,False,False,"Parcel_1","-22.000:0.350:0.000","PD2","R2",3.000,False,False,False,True,False,True,"H1:-8.400:0.000:-8.219|H2:-4.200:0.000:-11.719|H3:-22.000:0.000:-8.219|H4:-22.000:0.000:0.000|H5:8.400:0.000:8.219","H1:0.000:0.000:0.800|H2:0.000:0.000:0.800|H3:0.000:0.000:0.800|H4:0.000:0.000:0.000|H5:0.000:0.000:-0.800","F1:0.000:0.000:-10.606|F2:21.298:0.000:9.192","F1:0.000:0.000:1.300|F2:-0.315:0.000:-1.261","-8.400:0.000:-8.219","0.000:0.000:0.800","-4.200:0.000:-11.719","0.000:0.000:0.800","-22.000:0.000:-8.219","0.000:0.000:0.800","-22.000:0.000:0.000","0.000:0.000:0.000","8.400:0.000:8.219","0.000:0.000:-0.800","0.000:0.000:-10.606","0.000:0.000:1.300","21.298:0.000:9.192","-0.315:0.000:-1.261",99.955,"Nominal",0.000,1,"NavigateToSource:Forward"
2.3305,5,5,23,2.1208,9.9861,6.4290,10.0000,180,3,"Parcel_1_PD2_to_R2:-22.03:0.38:-0.01|Human(Clone):-21.98:0.03:0.02|Human(Clone):-22.01:-0.05:-8.16",0.0135,0.0300,0.0609,0.0140,0.0187,-0.0011,0.0404,0.0265,1.7374,1.1386,-24.5256,-10.2568,3.6234,1.4380,False,False,"Parcel_1","-22.000:0.350:0.000","PD2","R2",3.000,False,False,False,True,False,True,"H1:-8.400:0.000:-8.138|H2:-4.200:0.000:-11.638|H3:-22.000:0.000:-8.138|H4:-22.000:0.000:0.000|H5:8.400:0.000:8.138","H1:0.000:0.000:0.800|H2:0.000:0.000:0.800|H3:0.000:0.000:0.800|H4:0.000:0.000:0.000|H5:0.000:0.000:-0.800","F1:0.000:0.000:-10.474|F2:21.266:0.000:9.065","F1:0.000:0.000:1.300|F2:-0.315:0.000:-1.261","-8.400:0.000:-8.138","0.000:0.000:0.800","-4.200:0.000:-11.638","0.000:0.000:0.800","-22.000:0.000:-8.138","0.000:0.000:0.800","-22.000:0.000:0.000","0.000:0.000:0.000","8.400:0.000:8.138","0.000:0.000:-0.800","0.000:0.000:-10.474","0.000:0.000:1.300","21.266:0.000:9.065","-0.315:0.000:-1.261",99.953,"Nominal",0.000,1,"NavigateToSource:Forward"
2.4313,5,5,24,2.0698,9.8650,6.4662,9.9960,180,3,"Parcel_1_PD2_to_R2:-21.99:0.35:-0.04|Human(Clone):-22.04:0.01:-0.01|Human(Clone):-21.97:0.02:-8.03",-0.0735,-0.0502,0.0139,-0.0206,-0.0096,0.0147,0.0354,0.0450,1.6266,2.0658,-24.5074,-10.1039,8.7336,1.8462,False,False,"Parcel_1","-22.000:0.350:0.000","PD2","R2",3.000,False,False,False,True,False,True,"H1:-8.400:0.000:-8.057|H2:-4.200:0.000:-11.557|H3:-22.000:0.000:-8.057|H4:-22.000:0.000:0.000|H5:8.400:0.000:8.057","H1:0.000:0.000:0.800|H2:0.000:0.000:0.800|H3:0.000:0.000:0.800|H4:0.000:0.000:0.000|H5:0.000:0.000:-0.800","F1:0.000:0.000:-10.343|F2:21.234:0.000:8.938","F1:0.000:0.000:1.300|F2:-0.315:0.000:-1.261","-8.400:0.000:-8.057","0.000:0.000:0.800","-4.200:0.000:-11.557","0.000:0.000:0.800","-22.000:0.000:-8.057","0.000:0.000:0.800","-22.000:0.000:0.000","0.000:0.000:0.000","8.400:0.000:8.057","0.000:0.000:-0.800","0.000:0.000:-10.343","0.000:0.000:1.300","21.234:0.000:8.938","-0.315:0.000:-1.261",99.951,"Nominal",0.000,1,"NavigateToSource:Forward"
2.5339,5,5,25,2.0076,9.7031,6.4879,9.9735,180,3,"Parcel_1_PD2_to_R2:-22.04:0.38:-0.01|Human(Clone):-22.02:0.00:0.03|Human(Clone):-22.01:0.01:-7.97",0.0079,0.0460,0.0484,-0.0052,-0.0015,-0.0221,0.0167,0.0264,0.7719,1.2190,-24.4913,-9.9505,7.9607,0.9955,False,False,"Parcel_1","-22.000:0.350:0.000","PD2","R2",3.000,False,False,False,True,False,True,"H1:-8.400:0.000:-7.975|H2:-4.200:0.000:-11.475|H3:-22.000:0.000:-7.975|H4:-22.000:0.000:0.000|H5:8.400:0.000:7.975","H1:0.000:0.000:0.800|H2:0.000:0.000:0.800|H3:0.000:0.000:0.800|H4:0.000:0.000:0.000|H5:0.000:0.000:-0.800","F1:0.000:0.000:-10.210|F2:21.202:0.000:8.808","F1:0.000:0.000:1.300|F2:-0.315:0.000:-1.261","-8.400:0.000:-7.975","0.000:0.000:0.800","-4.200:0.000:-11.475","0.000:0.000:0.800","-22.000:0.000:-7.975","0.000:0.000:0.800","-22.000:0.000:0.000","0.000:0.000:0.000","8.400:0.000:7.975","0.000:0.000:-0.800","0.000:0.000:-10.210","0.000:0.000:1.300","21.202:0.000:8.808","-0.315:0.000:-1.261",99.949,"Nominal",0.000,1,"NavigateToSource:Forward"
2.6357,5,5,26,1.9378,9.6084,6.4674,9.9949,180,3,"Parcel_1_PD2_to_R2:-21.99:0.35:-0.01|Human(Clone):-22.04:-0.01:-0.03|Human(Clone):-22.03:0.01:-7.88",-0.0306,-0.0702,0.0131,-0.0126,-0.0202,-0.0134,0.0391,0.0107,1.7329,0.4751,-24.4839,-9.8260,-2.7824,1.1040,False,False,"Parcel_1","-22.000:0.350:0.000","PD2","R2",3.000,False,False,False,True,False,True,"H1:-8.400:0.000:-7.894|H2:-4.200:0.000:-11.394|H3:-22.000:0.000:-7.894|H4:-22.000:0.000:0.000|H5:8.400:0.000:7.894","H1:0.000:0.000:0.800|H2:0.000:0.000:0.800|H3:0.000:0.000:0.800|H4:0.000:0.000:0.000|H5:0.000:0.000:-0.800","F1:0.000:0.000:-10.078|F2:21.170:0.000:8.680","F1:0.000:0.000:1.300|F2:-0.315:0.000:-1.261","-8.400:0.000:-7.894","0.000:0.000:0.800","-4.200:0.000:-11.394","0.000:0.000:0.800","-22.000:0.000:-7.894","0.000:0.000:0.800","-22.000:0.000:0.000","0.000:0.000:0.000","8.400:0.000:7.894","0.000:0.000:-0.800","0.000:0.000:-10.078","0.000:0.000:1.300","21.170:0.000:8.680","-0.315:0.000:-1.261",99.947,"Nominal",0.000,1,"NavigateToSource:Forward"
2.7382,5,5,27,1.8891,9.3753,6.5233,9.9907,180,3,"Parcel_1_PD2_to_R2:-22.01:0.39:0.00|Human(Clone):-22.03:0.02:0.03|Human(Clone):-21.98:-0.01:-7.87",-0.0199,-0.0028,-0.0338,0.0137,-0.0155,0.0213,0.0370,0.0259,1.7570,1.2323,-24.4992,-9.6449,-6.1101,1.4946,False,False,"Parcel_1","-22.000:0.350:0.000","PD2","R2",3.000,False,False,False,True,False,True,"H1:-8.400:0.000:-7.812|H2:-4.200:0.000:-11.312|H3:-22.000:0.000:-7.812|H4:-22.000:0.000:0.000|H5:8.400:0.000:7.812","H1:0.000:0.000:0.800|H2:0.000:0.000:0.800|H3:0.000:0.000:0.800|H4:0.000:0.000:0.000|H5:0.000:0.000:-0.800","F1:0.000:0.000:-9.944|F2:21.138:0.000:8.551","F1:0.000:0.000:1.300|F2:-0.315:0.000:-1.261","-8.400:0.000:-7.812","0.000:0.000:0.800","-4.200:0.000:-11.312","0.000:0.000:0.800","-22.000:0.000:-7.812","0.000:0.000:0.800","-22.000:0.000:0.000","0.000:0.000:0.000","8.400:0.000:7.812","0.000:0.000:-0.800","0.000:0.000:-9.944","0.000:0.000:1.300","21.138:0.000:8.551","-0.315:0.000:-1.261",99.945,"Nominal",0.000,1,"NavigateToSource:Forward"
2.8392,5,5,28,1.8012,9.2174,6.5616,9.9504,180,3,"Parcel_1_PD2_to_R2:-21.98:0.37:0.00|Human(Clone):-22.02:0.01:0.02|Human(Clone):-21.99:-0.02:-7.76",0.1032,0.0331,0.0561,0.0304,0.0058,-0.0134,0.0444,0.0377,2.1368,1.8140,-24.5330,-9.4557,-13.6838,1.9754,False,False,"Parcel_1","-22.000:0.350:0.000","PD2","R2",3.000,False,False,False,True,False,True,"H1:-8.400:0.000:-7.731|H2:-4.200:0.000:-11.231|H3:-22.000:0.000:-7.731|H4:-22.000:0.000:0.000|H5:8.400:0.000:7.731","H1:0.000:0.000:0.800|H2:0.000:0.000:0.800|H3:0.000:0.000:0.800|H4:0.000:0.000:0.000|H5:0.000:0.000:-0.800","F1:0.000:0.000:-9.813|F2:21.106:0.000:8.423","F1:0.000:0.000:1.300|F2:-0.315:0.000:-1.261","-8.400:0.000:-7.731","0.000:0.000:0.800","-4.200:0.000:-11.231","0.000:0.000:0.800","-22.000:0.000:-7.731","0.000:0.000:0.800","-22.000:0.000:0.000","0.000:0.000:0.000","8.400:0.000:7.731","0.000:0.000:-0.800","0.000:0.000:-9.813","0.000:0.000:1.300","21.106:0.000:8.423","-0.315:0.000:-1.261",99.943,"Nominal",0.000,1,"NavigateToSource:Forward"
2.9422,5,5,29,1.7480,9.0993,6.5799,9.9700,180,3,"Parcel_1_PD2_to_R2:-21.97:0.35:-0.02|Human(Clone):-21.96:0.01:-0.03|Human(Clone):-21.99:0.01:-7.67",-0.0216,0.0001,-0.0197,-0.0215,0.0223,-0.0041,0.0343,0.0255,1.5979,1.1854,-24.5675,-9.3410,-18.9691,1.3916,False,False,"Parcel_1","-22.000:0.350:0.000","PD2","R2",3.000,False,False,False,True,False,True,"H1:-8.400:0.000:-7.649|H2:-4.200:0.000:-11.149|H3:-22.000:0.000:-7.649|H4:-22.000:0.000:0.000|H5:8.400:0.000:7.649","H1:0.000:0.000:0.800|H2:0.000:0.000:0.800|H3:0.000:0.000:0.800|H4:0.000:0.000:0.000|H5:0.000:0.000:-0.800","F1:0.000:0.000:-9.679|F2:21.073:0.000:8.293","F1:0.000:0.000:1.300|F2:-0.315:0.000:-1.261","-8.400:0.000:-7.649","0.000:0.000:0.800","-4.200:0.000:-11.149","0.000:0.000:0.800","-22.000:0.000:-7.649","0.000:0.000:0.800","-22.000:0.000:0.000","0.000:0.000:0.000","8.400:0.000:7.649","0.000:0.000:-0.800","0.000:0.000:-9.679","0.000:0.000:1.300","21.073:0.000:8.293","-0.315:0.000:-1.261",99.941,"Nominal",0.000,1,"NavigateToSource:Forward"
3.0453,5,5,30,1.6670,8.9445,6.6123,10.0000,180,3,"Parcel_1_PD2_to_R2:-21.96:0.34:0.01|Human(Clone):-22.03:0.03:0.02|Human(Clone):-22.01:-0.03:-7.56",-0.0105,0.0143,-0.0149,0.0020,-0.0015,-0.0262,0.0180,0.0220,0.8259,1.0115,-24.6302,-9.1786,-20.5592,0.9187,False,False,"Parcel_1","-22.000:0.350:0.000","PD2","R2",3.000,False,False,False,True,False,True,"H1:-8.400:0.000:-7.566|H2:-4.200:0.000:-11.066|H3:-22.000:0.000:-7.566|H4:-22.000:0.000:0.000|H5:8.400:0.000:7.566","H1:0.000:0.000:0.800|H2:0.000:0.000:0.800|H3:0.000:0.000:0.800|H4:0.000:0.000:0.000|H5:0.000:0.000:-0.800","F1:0.000:0.000:-9.545|F2:21.041:0.000:8.163","F1:0.000:0.000:1.300|F2:-0.315:0.000:-1.261","-8.400:0.000:-7.566","0.000:0.000:0.800","-4.200:0.000:-11.066","0.000:0.000:0.800","-22.000:0.000:-7.566","0.000:0.000:0.800","-22.000:0.000:0.000","0.000:0.000:0.000","8.400:0.000:7.566","0.000:0.000:-0.800","0.000:0.000:-9.545","0.000:0.000:1.300","21.041:0.000:8.163","-0.315:0.000:-1.261",99.939,"Nominal",0.000,1,"NavigateToSource:Forward"
3.1460,5,5,31,1.6108,8.7635,6.6245,9.9973,180,3,"Parcel_1_PD2_to_R2:-21.98:0.35:-0.03|Human(Clone):-22.00:0.00:-0.05|Human(Clone):-21.99:0.00:-7.49",0.0937,0.0501,-0.0318,0.0115,0.0212,-0.0004,0.0358,0.0275,1.6070,1.2344,-24.6749,-9.0483,-18.7756,1.4207,False,False,"Parcel_1","-22.000:0.350:0.000","PD2","R2",3.000,False,False,False,True,False,True,"H1:-8.400:0.000:-7.486|H2:-4.200:0.000:-10.986|H3:-22.000:0.000:-7.486|H4:-22.000:0.000:0.000|H5:8.400:0.000:7.486","H1:0.000:0.000:0.800|H2:0.000:0.000:0.800|H3:0.000:0.000:0.800|H4:0.000:0.000:0.000|H5:0.000:0.000:-0.800","F1:0.000:0.000:-9.414|F2:21.009:0.000:8.036","F1:0.000:0.000:1.300|F2:-0.315:0.000:-1.261","-8.400:0.000:-7.486","0.000:0.000:0.800","-4.200:0.000:-10.986","0.000:0.000:0.800","-22.000:0.000:-7.486","0.000:0.000:0.800","-22.000:0.000:0.000","0.000:0.000:0.000","8.400:0.000:7.486","0.000:0.000:-0.800","0.000:0.000:-9.414","0.000:0.000:1.300","21.009:0.000:8.036","-0.315:0.000:-1.261",99.937,"Nominal",0.000,1,"NavigateToSource:Forward"
3.2483,5,5,32,1.5311,8.6265,6.6037,10.0000,180,3,"Parcel_1_PD2_to_R2:-22.02:0.35:0.01|Human(Clone):-22.01:0.04:0.03|Human(Clone):-21.98:-0.03:-7.41",-0.0307,0.0136,-0.0298,-0.0256,-0.0106,0.0350,0.0156,0.0225,0.7586,1.0947,-24.7267,-8.9118,-19.7714,0.9267,False,False,"Parcel_1","-22.000:0.350:0.000","PD2","R2",3.000,False,False,False,True,False,True,"H1:-8.400:0.000:-7.404|H2:-4.200:0.000:-10.904|H3:-22.000:0.000:-7.404|H4:-22.000:0.000:0.000|H5:8.400:0.000:7.404","H1:0.000:0.000:0.800|H2:0.000:0.000:0.800|H3:0.000:0.000:0.800|H4:0.000:0.000:0.000|H5:0.000:0.000:-0.800","F1:0.000:0.000:-9.281|F2:20.977:0.000:7.907","F1:0.000:0.000:1.300|F2:-0.315:0.000:-1.261","-8.400:0.000:-7.404","0.000:0.000:0.800","-4.200:0.000:-10.904","0.000:0.000:0.800","-22.000:0.000:-7.404","0.000:0.000:0.800","-22.000:0.000:0.000","0.000:0.000:0.000","8.400:0.000:7.404","0.000:0.000:-0.800","0.000:0.000:-9.281","0.000:0.000:1.300","20.977:0.000:7.907","-0.315:0.000:-1.261",99.935,"Nominal",0.000,1,"NavigateToSource:Forward"
3.3500,5,5,33,1.4811,8.4976,6.6485,9.9771,180,3,"Parcel_1_PD2_to_R2:-21.97:0.37:0.03|Human(Clone):-22.00:-0.01:0.03|Human(Clone):-22.00:-0.02:-7.32",-0.0065,-0.0347,-0.0502,0.0497,-0.0161,-0.0078,0.0284,0.0309,1.3008,1.4151,-24.7847,-8.7400,-18.2097,1.3579,False,False,"Parcel_1","-22.000:0.350:0.000","PD2","R2",3.000,False,False,False,True,False,True,"H1:-8.400:0.000:-7.323|H2:-4.200:0.000:-10.823|H3:-22.000:0.000:-7.323|H4:-22.000:0.000:0.000|H5:8.400:0.000:7.323","H1:0.000:0.000:0.800|H2:0.000:0.000:0.800|H3:0.000:0.000:0.800|H4:0.000:0.000:0.000|H5:0.000:0.000:-0.800","F1:0.000:0.000:-9.149|F2:20.945:0.000:7.779","F1:0.000:0.000:1.300|F2:-0.315:0.000:-1.261","-8.400:0.000:-7.323","0.000:0.000:0.800","-4.200:0.000:-10.823","0.000:0.000:0.800","-22.000:0.000:-7.323","0.000:0.000:0.800","-22.000:0.000:0.000","0.000:0.000:0.000","8.400:0.000:7.323","0.000:0.000:-0.800","0.000:0.000:-9.149","0.000:0.000:1.300","20.945:0.000:7.779","-0.315:0.000:-1.261",99.933,"Nominal",0.000,1,"NavigateToSource:Forward"
3.4522,5,5,34,1.3899,8.3686,6.6593,9.9840,180,4,"Parcel_1_PD2_to_R2:-22.00:0.37:0.04|Human(Clone):-22.00:-0.02:0.00|Human(Clone):-21.99:0.04:-7.22|Human(Clone):8.38:0.00:7.28",0.0272,-0.1256,0.0798,-0.0229,-0.0020,-0.0050,0.0428,0.0434,1.9025,1.9265,-24.8277,-8.5863,-14.2859,1.9145,False,False,"Parcel_1","-22.000:0.350:0.000","PD2","R2",3.000,False,False,False,True,False,True,"H1:-8.400:0.000:-7.241|H2:-4.200:0.000:-10.741|H3:-22.000:0.000:-7.241|H4:-22.000:0.000:0.000|H5:8.400:0.000:7.241","H1:0.000:0.000:0.800|H2:0.000:0.000:0.800|H3:0.000:0.000:0.800|H4:0.000:0.000:0.000|H5:0.000:0.000:-0.800","F1:0.000:0.000:-9.016|F2:20.913:0.000:7.650","F1:0.000:0.000:1.300|F2:-0.315:0.000:-1.261","-8.400:0.000:-7.241","0.000:0.000:0.800","-4.200:0.000:-10.741","0.000:0.000:0.800","-22.000:0.000:-7.241","0.000:0.000:0.800","-22.000:0.000:0.000","0.000:0.000:0.000","8.400:0.000:7.241","0.000:0.000:-0.800","0.000:0.000:-9.016","0.000:0.000:1.300","20.913:0.000:7.650","-0.315:0.000:-1.261",99.931,"Nominal",0.000,1,"NavigateToSource:Forward"
3.5540,5,5,35,1.3149,8.1870,6.6984,10.0000,180,4,"Parcel_1_PD2_to_R2:-22.02:0.34:0.04|Human(Clone):-22.01:0.02:0.02|Human(Clone):-21.98:-0.01:-7.16|Human(Clone):8.41:-0.01:7.20",0.0114,0.1020,0.0004,0.0021,-0.0102,0.0116,0.0338,0.0340,1.6641,1.6721,-24.8747,-8.4378,-16.2635,1.6681,False,False,"Parcel_1","-22.000:0.350:0.000","PD2","R2",3.000,False,False,False,True,False,True,"H1:-8.400:0.000:-7.159|H2:-4.200:0.000:-10.659|H3:-22.000:0.000:-7.159|H4:-22.000:0.000:0.000|H5:8.400:0.000:7.159","H1:0.000:0.000:0.800|H2:0.000:0.000:0.800|H3:0.000:0.000:0.800|H4:0.000:0.000:0.000|H5:0.000:0.000:-0.800","F1:0.000:0.000:-8.884|F2:20.880:0.000:7.522","F1:0.000:0.000:1.300|F2:-0.315:0.000:-1.261","-8.400:0.000:-7.159","0.000:0.000:0.800","-4.200:0.000:-10.659","0.000:0.000:0.800","-22.000:0.000:-7.159","0.000:0.000:0.800","-22.000:0.000:0.000","0.000:0.000:0.000","8.400:0.000:7.159","0.000:0.000:-0.800","0.000:0.000:-8.884","0.000:0.000:1.300","20.880:0.000:7.522","-0.315:0.000:-1.261",99.929,"Nominal",0.000,1,"NavigateToSource:Forward"
3.6559,5,5,36,1.2607,8.0046,6.7522,9.9941,180,4,"Parcel_1_PD2_to_R2:-22.00:0.37:-0.03|Human(Clone):-21.98:-0.02:0.02|Human(Clone):-21.96:0.00:-7.06|Human(Clone):8.39:0.04:7.11",-0.0913,0.0038,0.0437,-0.0038,0.0096,0.0047,0.0346,0.0385,1.5091,1.6799,-24.8982,-8.3209,-10.5327,1.5945,False,False,"Parcel_1","-22.000:0.350:0.000","PD2","R2",3.000,False,False,False,True,False,True,"H1:-8.400:0.000:-7.078|H2:-4.200:0.000:-10.578|H3:-22.000:0.000:-7.078|H4:-22.000:0.000:0.000|H5:8.400:0.000:7.078","H1:0.000:0.000:0.800|H2:0.000:0.000:0.800|H3:0.000:0.000:0.800|H4:0.000:0.000:0.000|H5:0.000:0.000:-0.800","F1:0.000:0.000:-8.751|F2:20.848:0.000:7.393","F1:0.000:0.000:1.300|F2:-0.315:0.000:-1.261","-8.400:0.000:-7.078","0.000:0.000:0.800","-4.200:0.000:-10.578","0.000:0.000:0.800","-22.000:0.000:-7.078","0.000:0.000:0.800","-22.000:0.000:0.000","0.000:0.000:0.000","8.400:0.000:7.078","0.000:0.000:-0.800","0.000:0.000:-8.751","0.000:0.000:1.300","20.848:0.000:7.393","-0.315:0.000:-1.261",99.927,"Nominal",0.000,1,"NavigateToSource:Forward"
3.7570,5,5,37,1.1593,7.9061,6.7222,9.9888,180,4,"Parcel_1_PD2_to_R2:-22.00:0.35:0.01|Human(Clone):-22.01:-0.02:0.04|Human(Clone):-22.03:0.04:-7.04|Human(Clone):8.39:0.01:7.07",-0.0159,-0.0595,-0.0499,0.0296,0.0125,-0.0057,0.0367,0.0344,1.6201,1.5160,-24.9292,-8.1394,-10.2051,1.5681,False,False,"Parcel_1","-22.000:0.350:0.000","PD2","R2",3.000,False,False,False,True,False,True,"H1:-8.400:0.000:-6.997|H2:-4.200:0.000:-10.497|H3:-22.000:0.000:-6.997|H4:-22.000:0.000:0.000|H5:8.400:0.000:6.997","H1:0.000:0.000:0.800|H2:0.000:0.000:0.800|H3:0.000:0.000:0.800|H4:0.000:0.000:0.000|H5:0.000:0.000:-0.800","F1:0.000:0.000:-8.620|F2:20.816:0.000:7.266","F1:0.000:0.000:1.300|F2:-0.315:0.000:-1.261","-8.400:0.000:-6.997","0.000:0.000:0.800","-4.200:0.000:-10.497","0.000:0.000:0.800","-22.000:0.000:-6.997","0.000:0.000:0.800","-22.000:0.000:0.000","0.000:0.000:0.000","8.400:0.000:6.997","0.000:0.000:-0.800","0.000:0.000:-8.620","0.000:0.000:1.300","20.816:0.000:7.266","-0.315:0.000:-1.261",99.925,"Nominal",0.000,1,"NavigateToSource:Forward"
3.8573,5,5,38,1.1081,7.7330,6.7876,10.0000,180,5,"Forklift(Clone):20.78:0.04:7.15|Parcel_1_PD2_to_R2:-22.03:0.32:0.01|Human(Clone):-21.97:0.03:0.02|Human(Clone):-21.99:-0.04:-6.91|Human(Clone):8.40:0.02:6.95",-0.0256,-0.0182,0.0089,-0.0080,0.0170,0.0128,0.0304,0.0476,1.3353,2.0866,-24.9593,-7.9687,-6.5943,1.7109,False,False,"Parcel_1","-22.000:0.350:0.000","PD2","R2",3.000,False,False,False,True,False,True,"H1:-8.400:0.000:-6.917|H2:-4.200:0.000:-10.417|H3:-22.000:0.000:-6.917|H4:-22.000:0.000:0.000|H5:8.400:0.000:6.917","H1:0.000:0.000:0.800|H2:0.000:0.000:0.800|H3:0.000:0.000:0.800|H4:0.000:0.000:0.000|H5:0.000:0.000:-0.800","F1:0.000:0.000:-8.490|F2:20.785:0.000:7.139","F1:0.000:0.000:1.300|F2:-0.315:0.000:-1.261","-8.400:0.000:-6.917","0.000:0.000:0.800","-4.200:0.000:-10.417","0.000:0.000:0.800","-22.000:0.000:-6.917","0.000:0.000:0.800","-22.000:0.000:0.000","0.000:0.000:0.000","8.400:0.000:6.917","0.000:0.000:-0.800","0.000:0.000:-8.490","0.000:0.000:1.300","20.785:0.000:7.139","-0.315:0.000:-1.261",99.923,"Nominal",0.000,1,"NavigateToSource:Forward"
3.9600,5,5,39,1.0738,7.5824,6.7715,10.0000,180,5,"Forklift(Clone):20.73:-0.01:7.06|Parcel_1_PD2_to_R2:-21.98:0.36:0.01|Human(Clone):-21.99:0.03:0.03|Human(Clone):-22.03:0.02:-6.89|Human(Clone):8.41:0.04:6.90",-0.0491,0.0165,-0.0301,-0.0092,0.0102,-0.0041,0.0205,0.0246,1.0235,1.2286,-24.9699,-7.8519,-3.3764,1.1260,False,False,"Parcel_1","-22.000:0.350:0.000","PD2","R2",3.000,False,False,False,True,False,True,"H1:-8.400:0.000:-6.834|H2:-4.200:0.000:-10.334|H3:-22.000:0.000:-6.834|H4:-22.000:0.000:0.000|H5:8.400:0.000:6.834","H1:0.000:0.000:0.800|H2:0.000:0.000:0.800|H3:0.000:0.000:0.800|H4:0.000:0.000:0.000|H5:0.000:0.000:-0.800","F1:0.000:0.000:-8.356|F2:20.752:0.000:7.010","F1:0.000:0.000:1.300|F2:-0.315:0.000:-1.261","-8.400:0.000:-6.834","0.000:0.000:0.800","-4.200:0.000:-10.334","0.000:0.000:0.800","-22.000:0.000:-6.834","0.000:0.000:0.800","-22.000:0.000:0.000","0.000:0.000:0.000","8.400:0.000:6.834","0.000:0.000:-0.800","0.000:0.000:-8.356","0.000:0.000:1.300","20.752:0.000:7.010","-0.315:0.000:-1.261",99.921,"Nominal",0.000,1,"NavigateToSource:Forward"
4.0613,5,5,40,1.0181,7.4251,6.8092,9.9666,180,5,"Forklift(Clone):20.68:0.00:6.91|Parcel_1_PD2_to_R2:-22.00:0.36:0.00|Human(Clone):-21.96:-0.02:-0.01|Human(Clone):-22.01:-0.02:-6.77|Human(Clone):8.38:-0.01:6.80",-0.0700,0.0167,0.0218,0.0318,-0.0004,-0.0242,0.0639,0.0489,3.1956,2.4423,-24.9975,-7.6786,-13.0761,2.8190,False,False,"Parcel_1","-22.000:0.350:0.000","PD2","R2",3.000,False,False,False,True,False,True,"H1:-8.400:0.000:-6.753|H2:-4.200:0.000:-10.253|H3:-22.000:0.000:-6.753|H4:-22.000:0.000:0.000|H5:8.400:0.000:6.753","H1:0.000:0.000:0.800|H2:0.000:0.000:0.800|H3:0.000:0.000:0.800|H4:0.000:0.000:0.000|H5:0.000:0.000:-0.800","F1:0.000:0.000:-8.224|F2:20.720:0.000:6.882","F1:0.000:0.000:1.300|F2:-0.315:0.000:-1.261","-8.400:0.000:-6.753","0.000:0.000:0.800","-4.200:0.000:-10.253","0.000:0.000:0.800","-22.000:0.000:-6.753","0.000:0.000:0.800","-22.000:0.000:0.000","0.000:0.000:0.000","8.400:0.000:6.753","0.000:0.000:-0.800","0.000:0.000:-8.224","0.000:0.000:1.300","20.720:0.000:6.882","-0.315:0.000:-1.261",99.919,"Nominal",0.000,1,"NavigateToSource:Forward"
4.1616,5,5,41,0.9389,7.2694,6.8259,10.0000,180,5,"Forklift(Clone):20.72:-0.04:6.80|Parcel_1_PD2_to_R2:-22.03:0.36:0.00|Human(Clone):-21.95:-0.01:0.00|Human(Clone):-21.99:0.00:-6.68|Human(Clone):8.42:-0.01:6.72",-0.0531,0.0040,0.0103,-0.0126,-0.0304,0.0007,0.0387,0.0209,1.7653,0.9522,-25.0372,-7.5482,-18.4560,1.3587,False,False,"Parcel_1","-22.000:0.350:0.000","PD2","R2",3.000,False,False,False,True,False,True,"H1:-8.400:0.000:-6.673|H2:-4.200:0.000:-10.173|H3:-22.000:0.000:-6.673|H4:-22.000:0.000:0.000|H5:8.400:0.000:6.673","H1:0.000:0.000:0.800|H2:0.000:0.000:0.800|H3:0.000:0.000:0.800|H4:0.000:0.000:0.000|H5:0.000:0.000:-0.800","F1:0.000:0.000:-8.094|F2:20.689:0.000:6.755","F1:0.000:0.000:1.300|F2:-0.315:0.000:-1.261","-8.400:0.000:-6.673","0.000:0.000:0.800","-4.200:0.000:-10.173","0.000:0.000:0.800","-22.000:0.000:-6.673","0.000:0.000:0.800","-22.000:0.000:0.000","0.000:0.000:0.000","8.400:0.000:6.673","0.000:0.000:-0.800","0.000:0.000:-8.094","0.000:0.000:1.300","20.689:0.000:6.755","-0.315:0.000:-1.261",99.917,"Nominal",0.000,1,"NavigateToSource:Forward"
4.2629,5,5,42,0.8689,7.0879,6.8461,9.9834,180,5,"Forklift(Clone):20.67:0.01:6.61|Parcel_1_PD2_to_R2:-22.02:0.34:-0.01|Human(Clone):-22.05:-0.01:0.00|Human(Clone):-22.04:0.00:-6.62|Human(Clone):8.38:-0.01:6.57",0.0301,-0.0808,-0.0393,-0.0030,-0.0065,0.0043,0.0149,0.0184,0.7075,0.8781,-25.0917,-7.4124,-20.6587,0.7928,False,False,"Parcel_1","-22.000:0.350:0.000","PD2","R2",3.000,False,False,False,True,False,True,"H1:-8.400:0.000:-6.592|H2:-4.200:0.000:-10.092|H3:-22.000:0.000:-6.592|H4:-22.000:0.000:0.000|H5:8.400:0.000:6.592","H1:0.000:0.000:0.800|H2:0.000:0.000:0.800|H3:0.000:0.000:0.800|H4:0.000:0.000:0.000|H5:0.000:0.000:-0.800","F1:0.000:0.000:-7.962|F2:20.657:0.000:6.628","F1:0.000:0.000:1.300|F2:-0.315:0.000:-1.261","-8.400:0.000:-6.592","0.000:0.000:0.800","-4.200:0.000:-10.092","0.000:0.000:0.800","-22.000:0.000:-6.592","0.000:0.000:0.800","-22.000:0.000:0.000","0.000:0.000:0.000","8.400:0.000:6.592","0.000:0.000:-0.800","0.000:0.000:-7.962","0.000:0.000:1.300","20.657:0.000:6.628","-0.315:0.000:-1.261",99.915,"Nominal",0.000,1,"NavigateToSource:Forward"
4.3650,5,5,43,0.7887,6.9794,6.8740,9.9642,180,5,"Forklift(Clone):20.62:0.02:6.53|Parcel_1_PD2_to_R2:-21.99:0.35:0.03|Human(Clone):-22.00:0.00:-0.01|Human(Clone):-21.98:0.02:-6.51|Human(Clone):8.37:-0.03:6.57",-0.0305,0.0395,-0.0188,0.0177,0.0005,-0.0150,0.0225,0.0335,1.0362,1.5466,-25.1382,-7.3038,-24.1659,1.2914,False,False,"Parcel_1","-22.000:0.350:0.000","PD2","R2",3.000,False,False,False,True,False,True,"H1:-8.400:0.000:-6.510|H2:-4.200:0.000:-10.011|H3:-22.000:0.000:-6.510|H4:-22.000:0.000:0.000|H5:8.400:0.000:6.510","H1:0.000:0.000:0.800|H2:0.000:0.000:0.800|H3:0.000:0.000:0.800|H4:0.000:0.000:0.000|H5:0.000:0.000:-0.800","F1:0.000:0.000:-7.830|F2:20.625:0.000:6.499","F1:0.000:0.000:1.300|F2:-0.315:0.000:-1.261","-8.400:0.000:-6.510","0.000:0.000:0.800","-4.200:0.000:-10.011","0.000:0.000:0.800","-22.000:0.000:-6.510","0.000:0.000:0.800","-22.000:0.000:0.000","0.000:0.000:0.000","8.400:0.000:6.510","0.000:0.000:-0.800","0.000:0.000:-7.830","0.000:0.000:1.300","20.625:0.000:6.499","-0.315:0.000:-1.261",99.913,"Nominal",0.000,1,"NavigateToSource:Forward"
4.4676,5,5,44,0.7343,6.8008,6.9066,10.0000,180,5,"Forklift(Clone):20.61:0.01:6.35|Parcel_1_PD2_to_R2:-22.04:0.36:0.02|Human(Clone):-21.98:-0.01:-0.03|Human(Clone):-21.97:-0.01:-6.45|Human(Clone):8.41:0.05:6.44",0.0247,0.0844,0.0716,-0.0503,-0.0271,-0.0047,0.0378,0.0436,1.8123,2.0859,-25.2030,-7.1357,-17.9026,1.9491,False,False,"Parcel_1","-22.000:0.350:0.000","PD2","R2",3.000,False,False,False,True,False,True,"H1:-8.400:0.000:-6.428|H2:-4.200:0.000:-9.928|H3:-22.000:0.000:-6.428|H4:-22.000:0.000:0.000|H5:8.400:0.000:6.428","H1:0.000:0.000:0.800|H2:0.000:0.000:0.800|H3:0.000:0.000:0.800|H4:0.000:0.000:0.000|H5:0.000:0.000:-0.800","F1:0.000:0.000:-7.696|F2:20.592:0.000:6.369","F1:0.000:0.000:1.300|F2:-0.315:0.000:-1.261","-8.400:0.000:-6.428","0.000:0.000:0.800","-4.200:0.000:-9.928","0.000:0.000:0.800","-22.000:0.000:-6.428","0.000:0.000:0.800","-22.000:0.000:0.000","0.000:0.000:0.000","8.400:0.000:6.428","0.000:0.000:-0.800","0.000:0.000:-7.696","0.000:0.000:1.300","20.592:0.000:6.369","-0.315:0.000:-1.261",99.911,"Nominal",0.000,1,"NavigateToSource:Forward"
4.5684,5,5,45,0.6770,6.6719,6.9138,9.9679,180,5,"Forklift(Clone):20.61:-0.02:6.28|Parcel_1_PD2_to_R2:-22.00:0.39:0.03|Human(Clone):-21.95:0.00:-0.01|Human(Clone):-21.99:0.01:-6.39|Human(Clone):8.37:-0.04:6.39",0.1041,0.0913,-0.0474,-0.0191,0.0008,0.0146,0.0300,0.0251,1.4355,1.2043,-25.2528,-7.0056,-19.1657,1.3199,False,False,"Parcel_1","-22.000:0.350:0.000","PD2","R2",3.000,False,False,False,True,False,True,"H1:-8.400:0.000:-6.348|H2:-4.200:0.000:-9.848|H3:-22.000:0.000:-6.348|H4:-22.000:0.000:0.000|H5:8.400:0.000:6.348","H1:0.000:0.000:0.800|H2:0.000:0.000:0.800|H3:0.000:0.000:0.800|H4:0.000:0.000:0.000|H5:0.000:0.000:-0.800","F1:0.000:0.000:-7.565|F2:20.561:0.000:6.242","F1:0.000:0.000:1.300|F2:-0.315:0.000:-1.261","-8.400:0.000:-6.348","0.000:0.000:0.800","-4.200:0.000:-9.848","0.000:0.000:0.800","-22.000:0.000:-6.348","0.000:0.000:0.800","-22.000:0.000:0.000","0.000:0.000:0.000","8.400:0.000:6.348","0.000:0.000:-0.800","0.000:0.000:-7.565","0.000:0.000:1.300","20.561:0.000:6.242","-0.315:0.000:-1.261",99.909,"Nominal",0.000,1,"NavigateToSource:Forward"
4.6739,5,5,46,0.6290,6.4947,6.9162,9.9979,180,5,"Forklift(Clone):20.52:0.02:6.16|Parcel_1_PD2_to_R2:-22.00:0.33:0.00|Human(Clone):-22.00:0.04:0.04|Human(Clone):-22.02:-0.03:-6.26|Human(Clone):8.37:-0.02:6.25",-0.0182,-0.0422,-0.0240,-0.0159,-0.0228,-0.0068,0.0278,0.0446,1.0919,1.7542,-25.3084,-6.8615,-18.7736,1.4231,False,False,"Parcel_1","-22.000:0.350:0.000","PD2","R2",3.000,False,False,False,True,False,True,"H1:-8.400:0.000:-6.263|H2:-4.200:0.000:-9.763|H3:-22.000:0.000:-6.263|H4:-22.000:0.000:0.000|H5:8.400:0.000:6.263","H1:0.000:0.000:0.800|H2:0.000:0.000:0.800|H3:0.000:0.000:0.800|H4:0.000:0.000:0.000|H5:0.000:0.000:-0.800","F1:0.000:0.000:-7.428|F2:20.527:0.000:6.109","F1:0.000:0.000:1.300|F2:-0.315:0.000:-1.261","-8.400:0.000:-6.263","0.000:0.000:0.800","-4.200:0.000:-9.763","0.000:0.000:0.800","-22.000:0.000:-6.263","0.000:0.000:0.800","-22.000:0.000:0.000","0.000:0.000:0.000","8.400:0.000:6.263","0.000:0.000:-0.800","0.000:0.000:-7.428","0.000:0.000:1.300","20.527:0.000:6.109","-0.315:0.000:-1.261",99.906,"Nominal",0.000,1,"NavigateToSource:Forward"
4.7757,5,5,47,0.5275,6.2815,6.9093,9.9874,180,5,"Forklift(Clone):20.55:0.00:6.05|Parcel_1_PD2_to_R2:-22.00:0.38:-0.01|Human(Clone):-21.98:-0.04:0.02|Human(Clone):-22.00:0.02:-6.24|Human(Clone):8.44:0.01:6.21",0.0730,-0.0028,-0.0016,0.0053,-0.0058,0.0076,0.0997,0.0872,2.1521,1.8814,-25.3595,-6.7027,-19.1588,2.0167,False,False,"Parcel_1","-22.000:0.350:0.000","PD2","R2",3.000,False,False,False,True,False,True,"H1:-8.400:0.000:-6.182|H2:-4.200:0.000:-9.682|H3:-22.000:0.000:-6.182|H4:-22.000:0.000:0.000|H5:8.400:0.000:6.182","H1:0.000:0.000:0.800|H2:0.000:0.000:0.800|H3:0.000:0.000:0.800|H4:0.000:0.000:0.000|H5:0.000:0.000:-0.800","F1:0.000:0.000:-7.296|F2:20.495:0.000:5.981","F1:0.000:0.000:1.300|F2:-0.315:0.000:-1.261","-8.400:0.000:-6.182","0.000:0.000:0.800","-4.200:0.000:-9.682","0.000:0.000:0.800","-22.000:0.000:-6.182","0.000:0.000:0.800","-22.000:0.000:0.000","0.000:0.000:0.000","8.400:0.000:6.182","0.000:0.000:-0.800","0.000:0.000:-7.296","0.000:0.000:1.300","20.495:0.000:5.981","-0.315:0.000:-1.261",99.904,"Nominal",0.000,1,"NavigateToSource:Forward"
4.8758,5,5,48,0.5145,6.1654,6.9661,10.0000,180,5,"Forklift(Clone):20.45:-0.04:5.86|Parcel_1_PD2_to_R2:-21.99:0.36:0.00|Human(Clone):-21.97:0.03:0.00|Human(Clone):-21.99:-0.04:-6.13|Human(Clone):8.38:-0.01:6.10",0.0092,0.0463,0.0786,-0.0106,-0.0305,0.0085,0.0464,0.0407,2.2060,1.9364,-25.4187,-6.5416,-21.1936,2.0712,False,False,"Parcel_1","-22.000:0.350:0.000","PD2","R2",3.000,False,False,False,True,False,True,"H1:-8.400:0.000:-6.102|H2:-4.200:0.000:-9.602|H3:-22.000:0.000:-6.102|H4:-22.000:0.000:0.000|H5:8.400:0.000:6.102","H1:0.000:0.000:0.800|H2:0.000:0.000:0.800|H3:0.000:0.000:0.800|H4:0.000:0.000:0.000|H5:0.000:0.000:-0.800","F1:0.000:0.000:-7.166|F2:20.464:0.000:5.855","F1:0.000:0.000:1.300|F2:-0.315:0.000:-1.261","-8.400:0.000:-6.102","0.000:0.000:0.800","-4.200:0.000:-9.602","0.000:0.000:0.800","-22.000:0.000:-6.102","0.000:0.000:0.800","-22.000:0.000:0.000","0.000:0.000:0.000","8.400:0.000:6.102","0.000:0.000:-0.800","0.000:0.000:-7.166","0.000:0.000:1.300","20.464:0.000:5.855","-0.315:0.000:-1.261",99.902,"Nominal",0.000,1,"NavigateToSource:Forward"
4.9779,5,5,49,0.4496,5.9981,7.0062,10.0000,180,5,"Forklift(Clone):20.46:0.00:5.79|Parcel_1_PD2_to_R2:-22.00:0.34:-0.02|Human(Clone):-22.03:-0.01:-0.01|Human(Clone):-21.97:-0.03:-6.06|Human(Clone):8.38:-0.02:6.08",-0.0402,-0.0184,0.0176,0.0105,0.0153,0.0120,0.0181,0.0320,0.8718,1.5417,-25.4854,-6.4013,-25.1830,1.2067,False,False,"Parcel_1","-22.000:0.350:0.000","PD2","R2",3.000,False,False,False,True,False,True,"H1:-8.400:0.000:-6.020|H2:-4.200:0.000:-9.520|H3:-22.000:0.000:-6.020|H4:-22.000:0.000:0.000|H5:8.400:0.000:6.020","H1:0.000:0.000:0.800|H2:0.000:0.000:0.800|H3:0.000:0.000:0.800|H4:0.000:0.000:0.000|H5:0.000:0.000:-0.800","F1:0.000:0.000:-7.033|F2:20.431:0.000:5.726","F1:0.000:0.000:1.300|F2:-0.315:0.000:-1.261","-8.400:0.000:-6.020","0.000:0.000:0.800","-4.200:0.000:-9.520","0.000:0.000:0.800","-22.000:0.000:-6.020","0.000:0.000:0.800","-22.000:0.000:0.000","0.000:0.000:0.000","8.400:0.000:6.020","0.000:0.000:-0.800","0.000:0.000:-7.033","0.000:0.000:1.300","20.431:0.000:5.726","-0.315:0.000:-1.261",99.900,"Nominal",0.000,1,"NavigateToSource:Forward"
5.0802,5,5,50,0.4189,5.8370,7.0519,0.5893,180,5,"Forklift(Clone):20.39:0.00:5.58|Parcel_1_PD2_to_R2:-22.03:0.38:-0.01|Human(Clone):-21.96:0.01:-0.02|Human(Clone):-21.98:-0.01:-5.91|Human(Clone):8.40:0.00:5.92",0.0009,0.0766,-0.0623,0.0065,0.0007,0.0028,0.0326,0.0316,1.5712,1.5242,-25.5605,-6.2517,-26.3906,1.5477,False,False,"Parcel_1","-22.000:0.350:0.000","PD2","R2",3.000,False,False,False,True,False,True,"H1:-8.400:0.000:-5.938|H2:-4.200:0.000:-9.438|H3:-22.000:0.000:-5.938|H4:-22.000:0.000:0.000|H5:8.400:0.000:5.938","H1:0.000:0.000:0.800|H2:0.000:0.000:0.800|H3:0.000:0.000:0.800|H4:0.000:0.000:0.000|H5:0.000:0.000:-0.800","F1:0.000:0.000:-6.900|F2:20.399:0.000:5.597","F1:0.000:0.000:1.300|F2:-0.315:0.000:-1.261","-8.400:0.000:-5.938","0.000:0.000:0.800","-4.200:0.000:-9.438","0.000:0.000:0.800","-22.000:0.000:-5.938","0.000:0.000:0.800","-22.000:0.000:0.000","0.000:0.000:0.000","8.400:0.000:5.938","0.000:0.000:-0.800","0.000:0.000:-6.900","0.000:0.000:1.300","20.399:0.000:5.597","-0.315:0.000:-1.261",99.898,"Nominal",0.000,1,"NavigateToSource:Forward"
5.1819,5,5,51,0.3863,5.6956,7.0306,0.5094,180,5,"Forklift(Clone):20.35:-0.03:5.50|Parcel_1_PD2_to_R2:-22.03:0.31:-0.01|Human(Clone):-21.98:-0.02:0.04|Human(Clone):-22.03:0.02:-5.93|Human(Clone):8.41:-0.01:5.85",-0.0130,-0.0018,0.0332,-0.0124,-0.0371,0.0225,0.0228,0.0491,1.1335,2.4430,-25.6281,-6.1106,-21.8566,1.7882,False,False,"Parcel_1","-22.000:0.350:0.000","PD2","R2",3.000,False,False,False,True,False,True,"H1:-8.400:0.000:-5.857|H2:-4.200:0.000:-9.357|H3:-22.000:0.000:-5.857|H4:-22.000:0.000:0.000|H5:8.400:0.000:5.857","H1:0.000:0.000:0.800|H2:0.000:0.000:0.800|H3:0.000:0.000:0.800|H4:0.000:0.000:0.000|H5:0.000:0.000:-0.800","F1:0.000:0.000:-6.768|F2:20.367:0.000:5.469","F1:0.000:0.000:1.300|F2:-0.315:0.000:-1.261","-8.400:0.000:-5.857","0.000:0.000:0.800","-4.200:0.000:-9.357","0.000:0.000:0.800","-22.000:0.000:-5.857","0.000:0.000:0.800","-22.000:0.000:0.000","0.000:0.000:0.000","8.400:0.000:5.857","0.000:0.000:-0.800","0.000:0.000:-6.768","0.000:0.000:1.300","20.367:0.000:5.469","-0.315:0.000:-1.261",99.896,"Nominal",0.000,1,"NavigateToSource:Forward"
5.2836,5,5,52,0.3391,5.5702,7.1124,0.4159,180,5,"Forklift(Clone):20.33:0.01:5.33|Parcel_1_PD2_to_R2:-21.98:0.34:0.02|Human(Clone):-21.98:0.02:0.03|Human(Clone):-21.95:-0.01:-5.77|Human(Clone):8.42:-0.01:5.79",0.0770,-0.0324,0.0150,-0.0099,0.0129,0.0236,0.0419,0.0185,1.9653,0.8663,-25.6974,-5.9424,-24.6788,1.4158,False,False,"Parcel_1","-22.000:0.350:0.000","PD2","R2",3.000,False,False,False,True,False,True,"H1:-8.400:0.000:-5.776|H2:-4.200:0.000:-9.276|H3:-22.000:0.000:-5.776|H4:-22.000:0.000:0.000|H5:8.400:0.000:5.776","H1:0.000:0.000:0.800|H2:0.000:0.000:0.800|H3:0.000:0.000:0.800|H4:0.000:0.000:0.000|H5:0.000:0.000:-0.800","F1:0.000:0.000:-6.635|F2:20.335:0.000:5.340","F1:0.000:0.000:1.300|F2:-0.315:0.000:-1.261","-8.400:0.000:-5.776","0.000:0.000:0.800","-4.200:0.000:-9.276","0.000:0.000:0.800","-22.000:0.000:-5.776","0.000:0.000:0.800","-22.000:0.000:0.000","0.000:0.000:0.000","8.400:0.000:5.776","0.000:0.000:-0.800","0.000:0.000:-6.635","0.000:0.000:1.300","20.335:0.000:5.340","-0.315:0.000:-1.261",99.894,"Nominal",0.000,1,"NavigateToSource:Forward"
5.3852,5,5,53,0.3057,5.3788,7.0937,0.3733,180,5,"Forklift(Clone):20.34:-0.04:5.28|Parcel_1_PD2_to_R2:-22.00:0.31:0.02|Human(Clone):-21.99:-0.01:0.03|Human(Clone):-22.03:0.01:-5.77|Human(Clone):8.43:-0.03:5.70",0.0107,-0.0096,0.0462,-0.0004,0.0100,-0.0142,0.0252,0.0276,1.2003,1.3166,-25.7698,-5.8072,-29.9926,1.2584,False,False,"Parcel_1","-22.000:0.350:0.000","PD2","R2",3.000,False,False,False,True,False,True,"H1:-8.400:0.000:-5.694|H2:-4.200:0.000:-9.194|H3:-22.000:0.000:-5.694|H4:-22.000:0.000:0.000|H5:8.400:0.000:5.694","H1:0.000:0.000:0.800|H2:0.000:0.000:0.800|H3:0.000:0.000:0.800|H4:0.000:0.000:0.000|H5:0.000:0.000:-0.800","F1:0.000:0.000:-6.503|F2:20.303:0.000:5.212","F1:0.000:0.000:1.300|F2:-0.315:0.000:-1.261","-8.400:0.000:-5.694","0.000:0.000:0.800","-4.200:0.000:-9.194","0.000:0.000:0.800","-22.000:0.000:-5.694","0.000:0.000:0.800","-22.000:0.000:0.000","0.000:0.000:0.000","8.400:0.000:5.694","0.000:0.000:-0.800","0.000:0.000:-6.503","0.000:0.000:1.300","20.303:0.000:5.212","-0.315:0.000:-1.261",99.892,"Nominal",0.000,1,"NavigateToSource:Forward"
5.4872,5,5,54,0.2800,5.2305,7.1185,0.3265,180,4,"Parcel_1_PD2_to_R2:-22.00:0.37:0.00|Human(Clone):-22.01:0.02:-0.03|Human(Clone):-22.00:0.04:-5.64|Human(Clone):8.36:0.00:5.59",0.0050,-0.0947,0.0015,-0.0003,-0.0003,0.0103,0.0380,0.0182,1.6972,0.8150,-25.8332,-5.7044,-33.6473,1.2561,False,False,"Parcel_1","-22.000:0.350:0.000","PD2","R2",3.000,False,False,False,True,False,True,"H1:-8.400:0.000:-5.613|H2:-4.200:0.000:-9.113|H3:-22.000:0.000:-5.613|H4:-22.000:0.000:0.000|H5:8.400:0.000:5.613","H1:0.000:0.000:0.800|H2:0.000:0.000:0.800|H3:0.000:0.000:0.800|H4:0.000:0.000:0.000|H5:0.000:0.000:-0.800","F1:0.000:0.000:-6.371|F2:20.271:0.000:5.083","F1:0.000:0.000:1.300|F2:-0.315:0.000:-1.261","-8.400:0.000:-5.613","0.000:0.000:0.800","-4.200:0.000:-9.113","0.000:0.000:0.800","-22.000:0.000:-5.613","0.000:0.000:0.800","-22.000:0.000:0.000","0.000:0.000:0.000","8.400:0.000:5.613","0.000:0.000:-0.800","0.000:0.000:-6.371","0.000:0.000:1.300","20.271:0.000:5.083","-0.315:0.000:-1.261",99.890,"Nominal",0.000,1,"NavigateToSource:Forward"
5.5884,5,5,55,0.2687,5.0764,7.1057,0.3081,180,4,"Parcel_1_PD2_to_R2:-21.99:0.33:-0.03|Human(Clone):-22.02:-0.03:-0.02|Human(Clone):-22.01:0.01:-5.59|Human(Clone):8.38:0.04:5.59",-0.0139,-0.0088,0.1165,0.0116,0.0151,0.0027,0.0278,0.0191,1.3315,0.9151,-25.9001,-5.6003,-33.9403,1.1233,False,False,"Parcel_1","-22.000:0.350:0.000","PD2","R2",3.000,False,False,False,True,False,True,"H1:-8.400:0.000:-5.532|H2:-4.200:0.000:-9.032|H3:-22.000:0.000:-5.532|H4:-22.000:0.000:0.000|H5:8.400:0.000:5.532","H1:0.000:0.000:0.800|H2:0.000:0.000:0.800|H3:0.000:0.000:0.800|H4:0.000:0.000:0.000|H5:0.000:0.000:-0.800","F1:0.000:0.000:-6.239|F2:20.239:0.000:4.956","F1:0.000:0.000:1.300|F2:-0.315:0.000:-1.261","-8.400:0.000:-5.532","0.000:0.000:0.800","-4.200:0.000:-9.032","0.000:0.000:0.800","-22.000:0.000:-5.532","0.000:0.000:0.800","-22.000:0.000:0.000","0.000:0.000:0.000","8.400:0.000:5.532","0.000:0.000:-0.800","0.000:0.000:-6.239","0.000:0.000:1.300","20.239:0.000:4.956","-0.315:0.000:-1.261",99.888,"Nominal",0.000,1,"NavigateToSource:Forward"
5.6899,5,5,56,0.2373,4.9269,7.2044,0.2836,180,4,"Parcel_1_PD2_to_R2:-22.01:0.37:0.03|Human(Clone):-21.97:0.01:-0.03|Human(Clone):-22.02:-0.02:-5.50|Human(Clone):8.39:0.03:5.49",-0.0408,-0.0074,-0.0053,0.0002,-0.0021,0.0230,0.0221,0.0221,1.0712,1.0692,-25.9830,-5.4528,-27.6694,1.0702,False,False,"Parcel_1","-22.000:0.350:0.000","PD2","R2",3.000,False,False,False,True,False,True,"H1:-8.400:0.000:-5.451|H2:-4.200:0.000:-8.951|H3:-22.000:0.000:-5.451|H4:-22.000:0.000:0.000|H5:8.400:0.000:5.451","H1:0.000:0.000:0.800|H2:0.000:0.000:0.800|H3:0.000:0.000:0.800|H4:0.000:0.000:0.000|H5:0.000:0.000:-0.800","F1:0.000:0.000:-6.107|F2:20.207:0.000:4.828","F1:0.000:0.000:1.300|F2:-0.315:0.000:-1.261","-8.400:0.000:-5.451","0.000:0.000:0.800","-4.200:0.000:-8.951","0.000:0.000:0.800","-22.000:0.000:-5.451","0.000:0.000:0.800","-22.000:0.000:0.000","0.000:0.000:0.000","8.400:0.000:5.451","0.000:0.000:-0.800","0.000:0.000:-6.107","0.000:0.000:1.300","20.207:0.000:4.828","-0.315:0.000:-1.261",99.886,"Nominal",0.000,1,"NavigateToSource:Forward"
5.7904,5,5,57,0.2398,4.7713,7.1842,0.2639,180,4,"Parcel_1_PD2_to_R2:-21.97:0.38:0.00|Human(Clone):-22.04:0.00:-0.01|Human(Clone):-22.02:0.03:-5.38|Human(Clone):8.36:-0.03:5.40",0.0821,-0.0097,0.0013,-0.0232,-0.0420,-0.0006,0.0355,0.0440,1.7554,2.1787,-26.0653,-5.3030,-27.7919,1.9671,False,False,"Parcel_1","-22.000:0.350:0.000","PD2","R2",3.000,False,False,False,True,False,True,"H1:-8.400:0.000:-5.370|H2:-4.200:0.000:-8.870|H3:-22.000:0.000:-5.370|H4:-22.000:0.000:0.000|H5:8.400:0.000:5.370","H1:0.000:0.000:0.800|H2:0.000:0.000:0.800|H3:0.000:0.000:0.800|H4:0.000:0.000:0.000|H5:0.000:0.000:-0.800","F1:0.000:0.000:-5.976|F2:20.175:0.000:4.701","F1:0.000:0.000:1.300|F2:-0.315:0.000:-1.261","-8.400:0.000:-5.370","0.000:0.000:0.800","-4.200:0.000:-8.870","0.000:0.000:0.800","-22.000:0.000:-5.370","0.000:0.000:0.800","-22.000:0.000:0.000","0.000:0.000:0.000","8.400:0.000:5.370","0.000:0.000:-0.800","0.000:0.000:-5.976","0.000:0.000:1.300","20.175:0.000:4.701","-0.315:0.000:-1.261",99.884,"Nominal",0.000,1,"NavigateToSource:Forward"
5.8905,5,5,58,0.2202,4.6468,7.1827,0.2578,180,4,"Parcel_1_PD2_to_R2:-21.97:0.32:-0.01|Human(Clone):-21.97:-0.01:-0.01|Human(Clone):-21.99:-0.02:-5.38|Human(Clone):8.43:0.02:5.32",-0.0466,0.0259,0.1210,-0.0111,-0.0194,0.0120,0.0291,0.0486,1.3301,2.2245,-26.1293,-5.1715,-22.9594,1.7773,False,False,"Parcel_1","-22.000:0.350:0.000","PD2","R2",3.000,False,False,False,True,False,True,"H1:-8.400:0.000:-5.290|H2:-4.200:0.000:-8.790|H3:-22.000:0.000:-5.290|H4:-22.000:0.000:0.000|H5:8.400:0.000:5.290","H1:0.000:0.000:0.800|H2:0.000:0.000:0.800|H3:0.000:0.000:0.800|H4:0.000:0.000:0.000|H5:0.000:0.000:-0.800","F1:0.000:0.000:-5.846|F2:20.144:0.000:4.575","F1:0.000:0.000:1.300|F2:-0.315:0.000:-1.261","-8.400:0.000:-5.290","0.000:0.000:0.800","-4.200:0.000:-8.790","0.000:0.000:0.800","-22.000:0.000:-5.290","0.000:0.000:0.800","-22.000:0.000:0.000","0.000:0.000:0.000","8.400:0.000:5.290","0.000:0.000:-0.800","0.000:0.000:-5.846","0.000:0.000:1.300","20.144:0.000:4.575","-0.315:0.000:-1.261",99.882,"Nominal",0.000,1,"NavigateToSource:Forward"
5.9920,5,5,59,0.2095,4.4550,7.2321,0.2524,180,4,"Parcel_1_PD2_to_R2:-22.01:0.34:0.02|Human(Clone):-21.99:0.00:0.02|Human(Clone):-21.98:0.00:-5.27|Human(Clone):8.37:0.01:5.23",-0.0145,-0.0357,-0.0638,0.0160,0.0019,-0.0289,0.0179,0.0096,0.8530,0.4581,-26.1790,-5.0366,-20.1093,0.6555,False,False,"Parcel_1","-22.000:0.350:0.000","PD2","R2",3.000,False,False,False,True,False,True,"H1:-8.400:0.000:-5.209|H2:-4.200:0.000:-8.709|H3:-22.000:0.000:-5.209|H4:-22.000:0.000:0.000|H5:8.400:0.000:5.209","H1:0.000:0.000:0.800|H2:0.000:0.000:0.800|H3:0.000:0.000:0.800|H4:0.000:0.000:0.000|H5:0.000:0.000:-0.800","F1:0.000:0.000:-5.714|F2:20.112:0.000:4.447","F1:0.000:0.000:1.300|F2:-0.315:0.000:-1.261","-8.400:0.000:-5.209","0.000:0.000:0.800","-4.200:0.000:-8.709","0.000:0.000:0.800","-22.000:0.000:-5.209","0.000:0.000:0.800","-22.000:0.000:0.000","0.000:0.000:0.000","8.400:0.000:5.209","0.000:0.000:-0.800","0.000:0.000:-5.714","0.000:0.000:1.300","20.112:0.000:4.447","-0.315:0.000:-1.261",99.880,"Nominal",0.000,1,"NavigateToSource:Forward"
6.0924,5,5,60,0.2598,4.3128,7.2230,0.2808,180,4,"Parcel_1_PD2_to_R2:-22.04:0.38:0.00|Human(Clone):-22.02:0.02:0.01|Human(Clone):-22.02:0.01:-5.15|Human(Clone):8.44:0.02:5.18",-0.0894,-0.0713,-0.0783,-0.0226,-0.0083,0.0127,0.0436,0.0386,2.0531,1.8180,-26.2107,-4.9168,-14.6329,1.9355,False,False,"Parcel_1","-22.000:0.350:0.000","PD2","R2",3.000,False,False,False,True,False,True,"H1:-8.400:0.000:-5.129|H2:-4.200:0.000:-8.629|H3:-22.000:0.000:-5.129|H4:-22.000:0.000:0.000|H5:8.400:0.000:5.129","H1:0.000:0.000:0.800|H2:0.000:0.000:0.800|H3:0.000:0.000:0.800|H4:0.000:0.000:0.000|H5:0.000:0.000:-0.800","F1:0.000:0.000:-5.584|F2:20.080:0.000:4.320","F1:0.000:0.000:1.300|F2:-0.315:0.000:-1.261","-8.400:0.000:-5.129","0.000:0.000:0.800","-4.200:0.000:-8.629","0.000:0.000:0.800","-22.000:0.000:-5.129","0.000:0.000:0.800","-22.000:0.000:0.000","0.000:0.000:0.000","8.400:0.000:5.129","0.000:0.000:-0.800","0.000:0.000:-5.584","0.000:0.000:1.300","20.080:0.000:4.320","-0.315:0.000:-1.261",99.878,"Nominal",0.000,1,"NavigateToSource:Forward"
6.1951,5,5,61,0.2684,4.1630,7.2766,0.3257,180,4,"Parcel_1_PD2_to_R2:-22.03:0.34:0.02|Human(Clone):-22.00:0.02:-0.04|Human(Clone):-22.00:-0.02:-5.09|Human(Clone):8.42:-0.04:5.08",0.0764,-0.0209,-0.0677,-0.0060,-0.0174,0.0072,0.0434,0.0339,2.1211,1.6567,-26.2483,-4.7589,-13.5260,1.8889,False,False,"Parcel_1","-22.000:0.350:0.000","PD2","R2",3.000,False,False,False,True,False,True,"H1:-8.400:0.000:-5.046|H2:-4.200:0.000:-8.546|H3:-22.000:0.000:-5.046|H4:-22.000:0.000:0.000|H5:8.400:0.000:5.046","H1:0.000:0.000:0.800|H2:0.000:0.000:0.800|H3:0.000:0.000:0.800|H4:0.000:0.000:0.000|H5:0.000:0.000:-0.800","F1:0.000:0.000:-5.450|F2:20.048:0.000:4.191","F1:0.000:0.000:1.300|F2:-0.315:0.000:-1.261","-8.400:0.000:-5.046","0.000:0.000:0.800","-4.200:0.000:-8.546","0.000:0.000:0.800","-22.000:0.000:-5.046","0.000:0.000:0.800","-22.000:0.000:0.000","0.000:0.000:0.000","8.400:0.000:5.046","0.000:0.000:-0.800","0.000:0.000:-5.450","0.000:0.000:1.300","20.048:0.000:4.191","-0.315:0.000:-1.261",99.876,"Nominal",0.000,1,"NavigateToSource:Forward"
6.2961,5,5,62,0.2967,4.0226,7.2906,0.4198,180,3,"Parcel_1_PD2_to_R2:-22.00:0.38:0.00|Human(Clone):-21.98:0.01:-0.02|Human(Clone):8.42:0.01:4.97",0.0799,0.0541,0.1357,0.0010,0.0134,0.0150,0.0381,0.0258,1.6361,1.1092,-26.2788,-4.6005,-9.7738,1.3726,False,False,"Parcel_1","-22.000:0.350:0.000","PD2","R2",3.000,False,False,False,True,False,True,"H1:-8.400:0.000:-4.966|H2:-4.200:0.000:-8.466|H3:-22.000:0.000:-4.966|H4:-22.000:0.000:0.000|H5:8.400:0.000:4.966","H1:0.000:0.000:0.800|H2:0.000:0.000:0.800|H3:0.000:0.000:0.800|H4:0.000:0.000:0.000|H5:0.000:0.000:-0.800","F1:0.000:0.000:-5.319|F2:20.056:0.000:4.222","F1:0.000:0.000:1.300|F2:0.315:0.000:1.261","-8.400:0.000:-4.966","0.000:0.000:0.800","-4.200:0.000:-8.466","0.000:0.000:0.800","-22.000:0.000:-4.966","0.000:0.000:0.800","-22.000:0.000:0.000","0.000:0.000:0.000","8.400:0.000:4.966","0.000:0.000:-0.800","0.000:0.000:-5.319","0.000:0.000:1.300","20.056:0.000:4.222","0.315:0.000:1.261",99.874,"Nominal",0.000,1,"NavigateToSource:Forward"
6.3978,5,5,63,0.3328,3.8555,7.3062,0.6498,180,3,"Parcel_1_PD2_to_R2:-21.96:0.37:-0.01|Human(Clone):-22.04:-0.01:-0.01|Human(Clone):8.40:-0.04:4.93",0.0756,0.1408,-0.0438,0.0154,-0.0054,-0.0119,0.0486,0.0148,2.0832,0.6362,-26.3032,-4.4247,-10.3955,1.3597,False,False,"Parcel_1","-22.000:0.350:0.000","PD2","R2",3.000,False,False,False,True,False,True,"H1:-8.400:0.000:-4.884|H2:-4.200:0.000:-8.384|H3:-22.000:0.000:-4.884|H4:-22.000:0.000:0.000|H5:8.400:0.000:4.884","H1:0.000:0.000:0.800|H2:0.000:0.000:0.800|H3:0.000:0.000:0.800|H4:0.000:0.000:0.000|H5:0.000:0.000:-0.800","F1:0.000:0.000:-5.187|F2:20.088:0.000:4.350","F1:0.000:0.000:1.300|F2:0.315:0.000:1.261","-8.400:0.000:-4.884","0.000:0.000:0.800","-4.200:0.000:-8.384","0.000:0.000:0.800","-22.000:0.000:-4.884","0.000:0.000:0.800","-22.000:0.000:0.000","0.000:0.000:0.000","8.400:0.000:4.884","0.000:0.000:-0.800","0.000:0.000:-5.187","0.000:0.000:1.300","20.088:0.000:4.350","0.315:0.000:1.261",99.872,"Nominal",0.000,1,"NavigateToSource:Forward"
6.4997,5,5,64,0.3177,3.7161,7.3464,9.9753,180,3,"Parcel_1_PD2_to_R2:-22.00:0.39:0.03|Human(Clone):-21.99:-0.02:-0.04|Human(Clone):8.40:0.01:4.83",-0.0966,0.0613,0.1061,0.0014,-0.0108,-0.0596,0.0318,0.0490,1.4335,2.2121,-26.3244,-4.2957,-7.3597,1.8228,False,False,"Parcel_1","-22.000:0.350:0.000","PD2","R2",3.000,False,False,False,True,False,True,"H1:-8.400:0.000:-4.803|H2:-4.200:0.000:-8.303|H3:-22.000:0.000:-4.803|H4:-22.000:0.000:0.000|H5:8.400:0.000:4.803","H1:0.000:0.000:0.800|H2:0.000:0.000:0.800|H3:0.000:0.000:0.800|H4:0.000:0.000:0.000|H5:0.000:0.000:-0.800","F1:0.000:0.000:-5.054|F2:20.120:0.000:4.479","F1:0.000:0.000:1.300|F2:0.315:0.000:1.261","-8.400:0.000:-4.803","0.000:0.000:0.800","-4.200:0.000:-8.303","0.000:0.000:0.800","-22.000:0.000:-4.803","0.000:0.000:0.800","-22.000:0.000:0.000","0.000:0.000:0.000","8.400:0.000:4.803","0.000:0.000:-0.800","0.000:0.000:-5.054","0.000:0.000:1.300","20.120:0.000:4.479","0.315:0.000:1.261",99.870,"Nominal",0.000,1,"NavigateToSource:Forward"
6.5998,5,5,65,0.4115,3.5456,7.3380,10.0000,180,3,"Parcel_1_PD2_to_R2:-22.04:0.35:-0.02|Human(Clone):-22.04:0.01:0.02|Human(Clone):8.41:-0.05:4.72",0.0316,-0.0894,0.0172,0.0023,0.0130,0.0407,0.0283,0.0362,1.3627,1.7444,-26.3479,-4.1381,-9.1108,1.5536,False,False,"Parcel_1","-22.000:0.350:0.000","PD2","R2",3.000,False,False,False,True,False,True,"H1:-8.400:0.000:-4.723|H2:-4.200:0.000:-8.223|H3:-22.000:0.000:-4.723|H4:-22.000:0.000:0.000|H5:8.400:0.000:4.723","H1:0.000:0.000:0.800|H2:0.000:0.000:0.800|H3:0.000:0.000:0.800|H4:0.000:0.000:0.000|H5:0.000:0.000:-0.800","F1:0.000:0.000:-4.924|F2:20.151:0.000:4.605","F1:0.000:0.000:1.300|F2:0.315:0.000:1.261","-8.400:0.000:-4.723","0.000:0.000:0.800","-4.200:0.000:-8.223","0.000:0.000:0.800","-22.000:0.000:-4.723","0.000:0.000:0.800","-22.000:0.000:0.000","0.000:0.000:0.000","8.400:0.000:4.723","0.000:0.000:-0.800","0.000:0.000:-4.924","0.000:0.000:1.300","20.151:0.000:4.605","0.315:0.000:1.261",99.868,"Nominal",0.000,1,"NavigateToSource:Forward"
6.7026,5,5,66,0.4634,3.4113,7.3731,10.0000,180,3,"Parcel_1_PD2_to_R2:-21.96:0.34:-0.01|Human(Clone):-22.04:0.02:0.02|Human(Clone):8.42:0.01:4.69",-0.0054,0.0068,-0.0113,-0.0078,0.0324,0.0128,0.0473,0.0469,2.0667,2.0490,-26.3623,-3.9973,-4.2970,2.0579,False,False,"Parcel_1","-22.000:0.350:0.000","PD2","R2",3.000,False,False,False,True,False,True,"H1:-8.400:0.000:-4.654|H2:-4.200:0.000:-8.140|H3:-22.000:0.000:-4.640|H4:-22.000:0.000:0.000|H5:8.400:0.000:4.640","H1:0.000:0.000:-0.800|H2:0.000:0.000:0.800|H3:0.000:0.000:0.800|H4:0.000:0.000:0.000|H5:0.000:0.000:-0.800","F1:0.000:0.000:-4.791|F2:20.184:0.000:4.735","F1:0.000:0.000:1.300|F2:0.315:0.000:1.261","-8.400:0.000:-4.654","0.000:0.000:-0.800","-4.200:0.000:-8.140","0.000:0.000:0.800","-22.000:0.000:-4.640","0.000:0.000:0.800","-22.000:0.000:0.000","0.000:0.000:0.000","8.400:0.000:4.640","0.000:0.000:-0.800","0.000:0.000:-4.791","0.000:0.000:1.300","20.184:0.000:4.735","0.315:0.000:1.261",99.866,"Nominal",0.000,1,"NavigateToSource:Forward"
6.8046,5,5,67,0.4974,3.2674,7.3900,10.0000,180,2,"Parcel_1_PD2_to_R2:-22.01:0.31:-0.02|Human(Clone):-21.99:0.04:0.00",-0.0636,-0.0396,0.0228,0.0091,-0.0353,-0.0028,0.0269,0.0205,1.2527,0.9541,-26.3722,-3.8545,-1.3905,1.1034,False,False,"Parcel_1","-22.000:0.350:0.000","PD2","R2",3.000,False,False,False,True,False,True,"H1:-8.400:0.000:-4.736|H2:-4.200:0.000:-8.059|H3:-22.000:0.000:-4.559|H4:-22.000:0.000:0.000|H5:8.400:0.000:4.559","H1:0.000:0.000:-0.800|H2:0.000:0.000:0.800|H3:0.000:0.000:0.800|H4:0.000:0.000:0.000|H5:0.000:0.000:-0.800","F1:0.000:0.000:-4.658|F2:20.216:0.000:4.863","F1:0.000:0.000:1.300|F2:0.315:0.000:1.261","-8.400:0.000:-4.736","0.000:0.000:-0.800","-4.200:0.000:-8.059","0.000:0.000:0.800","-22.000:0.000:-4.559","0.000:0.000:0.800","-22.000:0.000:0.000","0.000:0.000:0.000","8.400:0.000:4.559","0.000:0.000:-0.800","0.000:0.000:-4.658","0.000:0.000:1.300","20.216:0.000:4.863","0.315:0.000:1.261",99.864,"Nominal",0.000,1,"NavigateToSource:Forward"
6.9070,5,5,68,0.5800,3.0914,7.3958,9.9819,180,2,"Parcel_1_PD2_to_R2:-22.01:0.36:-0.03|Human(Clone):-22.00:0.02:0.01",-0.0307,0.0460,-0.0339,-0.0084,-0.0081,-0.0367,0.0416,0.0284,1.9793,1.3498,-26.3819,-3.7068,-4.7511,1.6645,False,False,"Parcel_1","-22.000:0.350:0.000","PD2","R2",3.000,False,False,False,True,False,True,"H1:-8.400:0.000:-4.818|H2:-4.200:0.000:-7.977|H3:-22.000:0.000:-4.477|H4:-22.000:0.000:0.000|H5:8.400:0.000:4.477","H1:0.000:0.000:-0.800|H2:0.000:0.000:0.800|H3:0.000:0.000:0.800|H4:0.000:0.000:0.000|H5:0.000:0.000:-0.800","F1:0.000:0.000:-4.525|F2:20.248:0.000:4.992","F1:0.000:0.000:1.300|F2:0.315:0.000:1.261","-8.400:0.000:-4.818","0.000:0.000:-0.800","-4.200:0.000:-7.977","0.000:0.000:0.800","-22.000:0.000:-4.477","0.000:0.000:0.800","-22.000:0.000:0.000","0.000:0.000:0.000","8.400:0.000:4.477","0.000:0.000:-0.800","0.000:0.000:-4.525","0.000:0.000:1.300","20.248:0.000:4.992","0.315:0.000:1.261",99.862,"Nominal",0.000,1,"NavigateToSource:Forward"
7.0098,5,5,69,0.6407,2.9256,7.4633,9.9460,180,2,"Parcel_1_PD2_to_R2:-21.98:0.34:-0.01|Human(Clone):-21.99:0.01:-0.04",0.0781,-0.0124,-0.0299,0.0084,0.0076,0.0117,0.0333,0.0360,1.5029,1.6212,-26.3967,-3.5395,-4.1527,1.5621,False,False,"Parcel_1","-22.000:0.350:0.000","PD2","R2",3.000,False,False,False,True,False,True,"H1:-8.400:0.000:-4.900|H2:-4.200:0.000:-7.895|H3:-22.000:0.000:-4.395|H4:-22.000:0.000:0.000|H5:8.400:0.000:4.395","H1:0.000:0.000:-0.800|H2:0.000:0.000:0.800|H3:0.000:0.000:0.800|H4:0.000:0.000:0.000|H5:0.000:0.000:-0.800","F1:0.000:0.000:-4.391|F2:20.281:0.000:5.122","F1:0.000:0.000:1.300|F2:0.315:0.000:1.261","-8.400:0.000:-4.900","0.000:0.000:-0.800","-4.200:0.000:-7.895","0.000:0.000:0.800","-22.000:0.000:-4.395","0.000:0.000:0.800","-22.000:0.000:0.000","0.000:0.000:0.000","8.400:0.000:4.395","0.000:0.000:-0.800","0.000:0.000:-4.391","0.000:0.000:1.300","20.281:0.000:5.122","0.315:0.000:1.261",99.860,"Nominal",0.000,1,"NavigateToSource:Forward"
7.1108,5,5,70,0.7283,2.7840,7.4710,9.9688,180,2,"Parcel_1_PD2_to_R2:-22.02:0.38:0.02|Human(Clone):-22.00:-0.03:-0.02",-0.0272,-0.0737,0.1714,-0.0138,0.0026,0.0066,0.0207,0.0348,0.9831,1.6534,-26.4068,-3.3823,-0.5883,1.3182,False,False,"Parcel_1","-22.000:0.350:0.000","PD2","R2",3.000,False,False,False,True,False,True,"H1:-8.400:0.000:-4.981|H2:-4.200:0.000:-7.814|H3:-22.000:0.000:-4.314|H4:-22.000:0.000:0.000|H5:8.400:0.000:4.314","H1:0.000:0.000:-0.800|H2:0.000:0.000:0.800|H3:0.000:0.000:0.800|H4:0.000:0.000:0.000|H5:0.000:0.000:-0.800","F1:0.000:0.000:-4.260|F2:20.312:0.000:5.249","F1:0.000:0.000:1.300|F2:0.315:0.000:1.261","-8.400:0.000:-4.981","0.000:0.000:-0.800","-4.200:0.000:-7.814","0.000:0.000:0.800","-22.000:0.000:-4.314","0.000:0.000:0.800","-22.000:0.000:0.000","0.000:0.000:0.000","8.400:0.000:4.314","0.000:0.000:-0.800","0.000:0.000:-4.260","0.000:0.000:1.300","20.312:0.000:5.249","0.315:0.000:1.261",99.858,"Nominal",0.000,1,"NavigateToSource:Forward"
7.2125,5,5,71,0.8325,2.6422,7.4941,10.0000,180,2,"Parcel_1_PD2_to_R2:-21.98:0.35:-0.01|Human(Clone):-22.02:-0.02:0.03",-0.0326,-0.0430,-0.0450,0.0193,-0.0139,0.0015,0.0198,0.0150,0.9705,0.7325,-26.4065,-3.2756,0.2487,0.8515,False,False,"Parcel_1","-22.000:0.350:0.000","PD2","R2",3.000,False,False,False,True,False,True,"H1:-8.400:0.000:-5.062|H2:-4.200:0.000:-7.732|H3:-22.000:0.000:-4.232|H4:-22.000:0.000:0.000|H5:8.400:0.000:4.232","H1:0.000:0.000:-0.800|H2:0.000:0.000:0.800|H3:0.000:0.000:0.800|H4:0.000:0.000:0.000|H5:0.000:0.000:-0.800","F1:0.000:0.000:-4.128|F2:20.344:0.000:5.378","F1:0.000:0.000:1.300|F2:0.315:0.000:1.261","-8.400:0.000:-5.062","0.000:0.000:-0.800","-4.200:0.000:-7.732","0.000:0.000:0.800","-22.000:0.000:-4.232","0.000:0.000:0.800","-22.000:0.000:0.000","0.000:0.000:0.000","8.400:0.000:4.232","0.000:0.000:-0.800","0.000:0.000:-4.128","0.000:0.000:1.300","20.344:0.000:5.378","0.315:0.000:1.261",99.856,"Nominal",0.000,1,"NavigateToSource:Forward"
7.3136,5,5,72,0.9033,2.4763,7.5088,10.0000,180,2,"Parcel_1_PD2_to_R2:-22.03:0.37:0.01|Human(Clone):-21.99:0.01:0.04",-0.1056,0.0442,-0.0380,-0.0124,0.0166,0.0117,0.0293,0.0385,1.4189,1.8659,-26.3969,-3.1004,5.0417,1.6424,False,False,"Parcel_1","-22.000:0.350:0.000","PD2","R2",3.000,False,False,False,True,False,True,"H1:-8.400:0.000:-5.143|H2:-4.200:0.000:-7.652|H3:-22.000:0.000:-4.152|H4:-22.000:0.000:0.000|H5:8.400:0.000:4.152","H1:0.000:0.000:-0.800|H2:0.000:0.000:0.800|H3:0.000:0.000:0.800|H4:0.000:0.000:0.000|H5:0.000:0.000:-0.800","F1:0.000:0.000:-3.996|F2:20.376:0.000:5.505","F1:0.000:0.000:1.300|F2:0.315:0.000:1.261","-8.400:0.000:-5.143","0.000:0.000:-0.800","-4.200:0.000:-7.652","0.000:0.000:0.800","-22.000:0.000:-4.152","0.000:0.000:0.800","-22.000:0.000:0.000","0.000:0.000:0.000","8.400:0.000:4.152","0.000:0.000:-0.800","0.000:0.000:-3.996","0.000:0.000:1.300","20.376:0.000:5.505","0.315:0.000:1.261",99.854,"Nominal",0.000,1,"NavigateToSource:Forward"
7.4166,5,5,73,1.0677,2.3380,7.5495,9.9995,180,2,"Parcel_1_PD2_to_R2:-22.00:0.34:-0.01|Human(Clone):-22.00:-0.03:-0.03",0.0009,0.0624,-0.1714,-0.0295,-0.0068,0.0058,0.0207,0.0232,0.9113,1.0224,-26.3909,-2.9746,2.1203,0.9669,False,False,"Parcel_1","-22.000:0.350:0.000","PD2","R2",3.000,False,False,False,True,False,True,"H1:-8.400:0.000:-5.225|H2:-4.200:0.000:-7.569|H3:-22.000:0.000:-4.069|H4:-22.000:0.000:0.000|H5:8.400:0.000:4.069","H1:0.000:0.000:-0.800|H2:0.000:0.000:0.800|H3:0.000:0.000:0.800|H4:0.000:0.000:0.000|H5:0.000:0.000:-0.800","F1:0.000:0.000:-3.862|F2:20.409:0.000:5.635","F1:0.000:0.000:1.300|F2:0.315:0.000:1.261","-8.400:0.000:-5.225","0.000:0.000:-0.800","-4.200:0.000:-7.569","0.000:0.000:0.800","-22.000:0.000:-4.069","0.000:0.000:0.800","-22.000:0.000:0.000","0.000:0.000:0.000","8.400:0.000:4.069","0.000:0.000:-0.800","0.000:0.000:-3.862","0.000:0.000:1.300","20.409:0.000:5.635","0.315:0.000:1.261",99.852,"Nominal",0.000,1,"NavigateToSource:Forward"
7.5200,5,5,74,2.1421,2.1421,7.5415,9.9992,180,2,"Parcel_1_PD2_to_R2:-22.03:0.37:-0.04|Human(Clone):-22.01:0.02:0.00",-0.0281,-0.0194,-0.1277,-0.0102,-0.0072,0.0202,0.0313,0.0463,1.4035,2.0770,-26.4065,-2.7963,-3.0323,1.7403,False,False,"Parcel_1","-22.000:0.350:0.000","PD2","R2",3.000,False,False,False,True,False,True,"H1:-8.400:0.000:-5.308|H2:-4.200:0.000:-7.486|H3:-22.000:0.000:-3.986|H4:-22.000:0.000:0.000|H5:8.400:0.000:3.986","H1:0.000:0.000:-0.800|H2:0.000:0.000:0.800|H3:0.000:0.000:0.800|H4:0.000:0.000:0.000|H5:0.000:0.000:-0.800","F1:0.000:0.000:-3.728|F2:20.441:0.000:5.766","F1:0.000:0.000:1.300|F2:0.315:0.000:1.261","-8.400:0.000:-5.308","0.000:0.000:-0.800","-4.200:0.000:-7.486","0.000:0.000:0.800","-22.000:0.000:-3.986","0.000:0.000:0.800","-22.000:0.000:0.000","0.000:0.000:0.000","8.400:0.000:3.986","0.000:0.000:-0.800","0.000:0.000:-3.728","0.000:0.000:1.300","20.441:0.000:5.766","0.315:0.000:1.261",99.850,"Nominal",0.000,1,"NavigateToSource:Forward"
7.6210,5,5,75,1.9852,2.0431,7.6068,9.9892,180,2,"Parcel_1_PD2_to_R2:-21.99:0.36:-0.01|Human(Clone):-22.01:-0.02:0.00",0.0084,0.0416,0.0630,0.0192,0.0404,-0.0216,0.0294,0.0254,1.3685,1.1826,-26.4046,-2.6783,3.0224,1.2756,False,False,"Parcel_1","-22.000:0.350:0.000","PD2","R2",3.000,False,False,False,True,False,True,"H1:-8.400:0.000:-5.389|H2:-4.200:0.000:-7.406|H3:-22.000:0.000:-3.906|H4:-22.000:0.000:0.000|H5:8.400:0.000:3.906","H1:0.000:0.000:-0.800|H2:0.000:0.000:0.800|H3:0.000:0.000:0.800|H4:0.000:0.000:0.000|H5:0.000:0.000:-0.800","F1:0.000:0.000:-3.597|F2:20.473:0.000:5.893","F1:0.000:0.000:1.300|F2:0.315:0.000:1.261","-8.400:0.000:-5.389","0.000:0.000:-0.800","-4.200:0.000:-7.406","0.000:0.000:0.800","-22.000:0.000:-3.906","0.000:0.000:0.800","-22.000:0.000:0.000","0.000:0.000:0.000","8.400:0.000:3.906","0.000:0.000:-0.800","0.000:0.000:-3.597","0.000:0.000:1.300","20.473:0.000:5.893","0.315:0.000:1.261",99.848,"Nominal",0.000,1,"NavigateToSource:Forward"
7.7226,5,5,76,1.8626,1.8895,7.5942,10.0000,180,2,"Parcel_1_PD2_to_R2:-22.00:0.38:-0.02|Human(Clone):-22.03:-0.01:-0.01",0.0247,-0.0383,0.0731,0.0233,-0.0091,0.0142,0.0183,0.0249,0.8622,1.1704,-26.3958,-2.5222,6.6676,1.0163,False,False,"Parcel_1","-22.000:0.350:0.000","PD2","R2",3.000,False,False,False,True,False,True,"H1:-8.400:0.000:-5.470|H2:-4.200:0.000:-7.324|H3:-22.000:0.000:-3.824|H4:-22.000:0.000:0.000|H5:8.400:0.000:3.824","H1:0.000:0.000:-0.800|H2:0.000:0.000:0.800|H3:0.000:0.000:0.800|H4:0.000:0.000:0.000|H5:0.000:0.000:-0.800","F1:0.000:0.000:-3.465|F2:20.505:0.000:6.021","F1:0.000:0.000:1.300|F2:0.315:0.000:1.261","-8.400:0.000:-5.470","0.000:0.000:-0.800","-4.200:0.000:-7.324","0.000:0.000:0.800","-22.000:0.000:-3.824","0.000:0.000:0.800","-22.000:0.000:0.000","0.000:0.000:0.000","8.400:0.000:3.824","0.000:0.000:-0.800","0.000:0.000:-3.465","0.000:0.000:1.300","20.505:0.000:6.021","0.315:0.000:1.261",99.846,"Nominal",0.000,1,"NavigateToSource:Forward"
7.8253,5,5,77,1.6711,1.6711,7.6404,9.9948,180,2,"Parcel_1_PD2_to_R2:-22.00:0.33:0.04|Human(Clone):-22.01:0.03:0.03",-0.0631,0.0557,-0.0862,-0.0008,-0.0458,-0.0022,0.0202,0.0339,0.9220,1.5520,-26.3684,-2.3675,11.5615,1.2370,False,False,"Parcel_1","-22.000:0.350:0.000","PD2","R2",3.000,False,False,False,True,False,True,"H1:-8.400:0.000:-5.552|H2:-4.200:0.000:-7.242|H3:-22.000:0.000:-3.742|H4:-22.000:0.000:0.000|H5:8.400:0.000:3.742","H1:0.000:0.000:-0.800|H2:0.000:0.000:0.800|H3:0.000:0.000:0.800|H4:0.000:0.000:0.000|H5:0.000:0.000:-0.800","F1:0.000:0.000:-3.331|F2:20.538:0.000:6.151","F1:0.000:0.000:1.300|F2:0.315:0.000:1.261","-8.400:0.000:-5.552","0.000:0.000:-0.800","-4.200:0.000:-7.242","0.000:0.000:0.800","-22.000:0.000:-3.742","0.000:0.000:0.800","-22.000:0.000:0.000","0.000:0.000:0.000","8.400:0.000:3.742","0.000:0.000:-0.800","0.000:0.000:-3.331","0.000:0.000:1.300","20.538:0.000:6.151","0.315:0.000:1.261",99.843,"Nominal",0.000,1,"NavigateToSource:Forward"
7.9283,5,5,78,1.5164,1.5451,7.6375,10.0000,180,2,"Parcel_1_PD2_to_R2:-22.03:0.35:-0.02|Human(Clone):-22.00:-0.02:0.00",-0.1310,-0.0658,-0.0318,-0.0111,-0.0202,0.0106,0.0333,0.0105,1.5602,0.4934,-26.3442,-2.2716,11.6799,1.0268,False,False,"Parcel_1","-22.000:0.350:0.000","PD2","R2",3.000,False,False,False,True,False,True,"H1:-8.400:0.000:-5.635|H2:-4.200:0.000:-7.160|H3:-22.000:0.000:-3.660|H4:-22.000:0.000:0.000|H5:8.400:0.000:3.660","H1:0.000:0.000:-0.800|H2:0.000:0.000:0.800|H3:0.000:0.000:0.800|H4:0.000:0.000:0.000|H5:0.000:0.000:-0.800","F1:0.000:0.000:-3.197|F2:20.570:0.000:6.280","F1:0.000:0.000:1.300|F2:0.315:0.000:1.261","-8.400:0.000:-5.635","0.000:0.000:-0.800","-4.200:0.000:-7.160","0.000:0.000:0.800","-22.000:0.000:-3.660","0.000:0.000:0.800","-22.000:0.000:0.000","0.000:0.000:0.000","8.400:0.000:3.660","0.000:0.000:-0.800","0.000:0.000:-3.197","0.000:0.000:1.300","20.570:0.000:6.280","0.315:0.000:1.261",99.841,"Nominal",0.000,1,"NavigateToSource:Forward"
8.0288,5,5,79,1.3761,1.4145,7.6389,10.0000,180,2,"Parcel_1_PD2_to_R2:-21.97:0.33:0.03|Human(Clone):-22.00:0.02:0.03",0.0143,0.0291,-0.0243,-0.0249,-0.0042,-0.0339,0.0125,0.0343,0.5746,1.5805,-26.3040,-2.1115,15.8851,1.0776,False,False,"Parcel_1","-22.000:0.350:0.000","PD2","R2",3.000,False,False,False,True,False,True,"H1:-8.400:0.000:-5.715|H2:-4.200:0.000:-7.079|H3:-22.000:0.000:-3.579|H4:-22.000:0.000:0.000|H5:8.400:0.000:3.579","H1:0.000:0.000:-0.800|H2:0.000:0.000:0.800|H3:0.000:0.000:0.800|H4:0.000:0.000:0.000|H5:0.000:0.000:-0.800","F1:0.000:0.000:-3.067|F2:20.602:0.000:6.407","F1:0.000:0.000:1.300|F2:0.315:0.000:1.261","-8.400:0.000:-5.715","0.000:0.000:-0.800","-4.200:0.000:-7.079","0.000:0.000:0.800","-22.000:0.000:-3.579","0.000:0.000:0.800","-22.000:0.000:0.000","0.000:0.000:0.000","8.400:0.000:3.579","0.000:0.000:-0.800","0.000:0.000:-3.067","0.000:0.000:1.300","20.602:0.000:6.407","0.315:0.000:1.261",99.839,"Nominal",0.000,1,"NavigateToSource:Forward"
8.1320,5,5,80,1.2259,1.2259,7.6897,9.9405,180,2,"Parcel_1_PD2_to_R2:-21.99:0.37:0.01|Human(Clone):-22.03:0.03:0.02",-0.0764,0.0068,-0.0275,-0.0151,-0.0277,0.0134,0.0216,0.0162,0.9908,0.7446,-26.2706,-1.9518,10.7084,0.8677,False,False,"Parcel_1","-22.000:0.350:0.000","PD2","R2",3.000,False,False,False,True,False,True,"H1:-8.400:0.000:-5.798|H2:-4.200:0.000:-6.997|H3:-22.000:0.000:-3.497|H4:-22.000:0.000:0.000|H5:8.400:0.000:3.497","H1:0.000:0.000:-0.800|H2:0.000:0.000:0.800|H3:0.000:0.000:0.800|H4:0.000:0.000:0.000|H5:0.000:0.000:-0.800","F1:0.000:0.000:-2.932|F2:20.634:0.000:6.537","F1:0.000:0.000:1.300|F2:0.315:0.000:1.261","-8.400:0.000:-5.798","0.000:0.000:-0.800","-4.200:0.000:-6.997","0.000:0.000:0.800","-22.000:0.000:-3.497","0.000:0.000:0.800","-22.000:0.000:0.000","0.000:0.000:0.000","8.400:0.000:3.497","0.000:0.000:-0.800","0.000:0.000:-2.932","0.000:0.000:1.300","20.634:0.000:6.537","0.315:0.000:1.261",99.837,"Nominal",0.000,1,"NavigateToSource:Forward"
8.2354,5,5,81,1.0870,1.0933,7.6509,9.9875,180,2,"Parcel_1_PD2_to_R2:-21.97:0.38:-0.01|Human(Clone):-22.03:0.00:-0.03",0.0810,-0.0748,0.0262,0.0137,-0.0207,-0.0049,0.0174,0.0247,0.8014,1.1413,-26.2470,-1.8547,15.5649,0.9713,False,False,"Parcel_1","-22.000:0.350:0.000","PD2","R2",3.000,False,False,False,True,False,True,"H1:-8.400:0.000:-5.880|H2:-4.200:0.000:-6.914|H3:-22.000:0.000:-3.414|H4:-22.000:0.000:0.000|H5:8.400:0.000:3.414","H1:0.000:0.000:-0.800|H2:0.000:0.000:0.800|H3:0.000:0.000:0.800|H4:0.000:0.000:0.000|H5:0.000:0.000:-0.800","F1:0.000:0.000:-2.798|F2:20.667:0.000:6.668","F1:0.000:0.000:1.300|F2:0.315:0.000:1.261","-8.400:0.000:-5.880","0.000:0.000:-0.800","-4.200:0.000:-6.914","0.000:0.000:0.800","-22.000:0.000:-3.414","0.000:0.000:0.800","-22.000:0.000:0.000","0.000:0.000:0.000","8.400:0.000:3.414","0.000:0.000:-0.800","0.000:0.000:-2.798","0.000:0.000:1.300","20.667:0.000:6.668","0.315:0.000:1.261",99.835,"Nominal",0.000,1,"NavigateToSource:Forward"
8.3374,5,5,82,0.9299,0.9679,7.7330,9.9959,180,2,"Parcel_1_PD2_to_R2:-21.99:0.32:0.00|Human(Clone):-21.98:-0.03:-0.02",-0.0534,0.0072,-0.1016,0.0032,-0.0383,-0.0004,0.0469,0.0365,2.3169,1.8008,-26.1996,-1.6929,12.9741,2.0589,False,False,"Parcel_1","-22.000:0.350:0.000","PD2","R2",3.000,False,False,False,True,False,True,"H1:-8.400:0.000:-5.962|H2:-4.200:0.000:-6.833|H3:-22.000:0.000:-3.333|H4:-22.000:0.000:0.000|H5:8.400:0.000:3.333","H1:0.000:0.000:-0.800|H2:0.000:0.000:0.800|H3:0.000:0.000:0.800|H4:0.000:0.000:0.000|H5:0.000:0.000:-0.800","F1:0.000:0.000:-2.665|F2:20.699:0.000:6.796","F1:0.000:0.000:1.300|F2:0.315:0.000:1.261","-8.400:0.000:-5.962","0.000:0.000:-0.800","-4.200:0.000:-6.833","0.000:0.000:0.800","-22.000:0.000:-3.333","0.000:0.000:0.800","-22.000:0.000:0.000","0.000:0.000:0.000","8.400:0.000:3.333","0.000:0.000:-0.800","0.000:0.000:-2.665","0.000:0.000:1.300","20.699:0.000:6.796","0.315:0.000:1.261",99.833,"Nominal",0.000,1,"NavigateToSource:Forward"
8.4414,5,5,83,0.7570,0.8012,7.7632,10.0000,180,2,"Parcel_1_PD2_to_R2:-22.01:0.38:0.00|Human(Clone):-21.99:0.01:0.00",-0.0874,-0.0118,-0.0692,-0.0227,0.0255,0.0195,0.0228,0.0368,0.9777,1.5756,-26.1538,-1.5432,17.6182,1.2767,False,False,"Parcel_1","-22.000:0.350:0.000","PD2","R2",3.000,False,False,False,True,False,True,"H1:-8.400:0.000:-6.045|H2:-4.200:0.000:-6.749|H3:-22.000:0.000:-3.249|H4:-22.000:0.000:0.000|H5:8.400:0.000:3.249","H1:0.000:0.000:-0.800|H2:0.000:0.000:0.800|H3:0.000:0.000:0.800|H4:0.000:0.000:0.000|H5:0.000:0.000:-0.800","F1:0.000:0.000:-2.530|F2:20.732:0.000:6.928","F1:0.000:0.000:1.300|F2:0.315:0.000:1.261","-8.400:0.000:-6.045","0.000:0.000:-0.800","-4.200:0.000:-6.749","0.000:0.000:0.800","-22.000:0.000:-3.249","0.000:0.000:0.800","-22.000:0.000:0.000","0.000:0.000:0.000","8.400:0.000:3.249","0.000:0.000:-0.800","0.000:0.000:-2.530","0.000:0.000:1.300","20.732:0.000:6.928","0.315:0.000:1.261",99.831,"Nominal",0.000,1,"NavigateToSource:Forward"
8.5414,5,5,84,0.5871,0.6686,7.8008,9.9802,180,2,"Parcel_1_PD2_to_R2:-21.99:0.33:0.01|Human(Clone):-22.00:-0.01:0.03",-0.0108,-0.0267,-0.0692,-0.0337,0.0307,-0.0233,0.0378,0.0382,1.5994,1.6178,-26.1084,-1.4112,19.5934,1.6086,False,False,"Parcel_1","-22.000:0.350:0.000","PD2","R2",3.000,False,False,False,True,False,True,"H1:-8.400:0.000:-6.125|H2:-4.200:0.000:-6.669|H3:-22.000:0.000:-3.169|H4:-22.000:0.000:0.000|H5:8.400:0.000:3.169","H1:0.000:0.000:-0.800|H2:0.000:0.000:0.800|H3:0.000:0.000:0.800|H4:0.000:0.000:0.000|H5:0.000:0.000:-0.800","F1:0.000:0.000:-2.400|F2:20.763:0.000:7.054","F1:0.000:0.000:1.300|F2:0.315:0.000:1.261","-8.400:0.000:-6.125","0.000:0.000:-0.800","-4.200:0.000:-6.669","0.000:0.000:0.800","-22.000:0.000:-3.169","0.000:0.000:0.800","-22.000:0.000:0.000","0.000:0.000:0.000","8.400:0.000:3.169","0.000:0.000:-0.800","0.000:0.000:-2.400","0.000:0.000:1.300","20.763:0.000:7.054","0.315:0.000:1.261",99.829,"Nominal",0.000,1,"NavigateToSource:Forward"
8.6428,5,5,85,0.4877,0.5026,7.8017,9.9962,180,2,"Parcel_1_PD2_to_R2:-21.96:0.37:-0.02|Human(Clone):-22.04:0.00:-0.02",-1.1659,-0.0018,-8.1392,0.0283,0.0061,0.0216,0.0254,0.0205,1.1654,0.9401,-26.0651,-1.2761,18.0346,1.0528,False,False,"Parcel_1","-22.000:0.350:0.000","PD2","R2",3.000,False,False,False,True,False,True,"H1:-8.400:0.000:-6.206|H2:-4.200:0.000:-6.588|H3:-22.000:0.000:-3.088|H4:-22.000:0.000:0.000|H5:8.400:0.000:3.088","H1:0.000:0.000:-0.800|H2:0.000:0.000:0.800|H3:0.000:0.000:0.800|H4:0.000:0.000:0.000|H5:0.000:0.000:-0.800","F1:0.000:0.000:-2.268|F2:20.795:0.000:7.182","F1:0.000:0.000:1.300|F2:0.315:0.000:1.261","-8.400:0.000:-6.206","0.000:0.000:-0.800","-4.200:0.000:-6.588","0.000:0.000:0.800","-22.000:0.000:-3.088","0.000:0.000:0.800","-22.000:0.000:0.000","0.000:0.000:0.000","8.400:0.000:3.088","0.000:0.000:-0.800","0.000:0.000:-2.268","0.000:0.000:1.300","20.795:0.000:7.182","0.315:0.000:1.261",99.827,"Nominal",0.000,1,"NavigateToSource:Forward"
8.7431,5,5,86,0.4708,0.4907,7.8195,10.0000,180,2,"Parcel_1_PD2_to_R2:-21.99:0.37:0.03|Human(Clone):-22.01:-0.01:0.01",-0.9042,-0.0343,-6.7409,-0.0475,-0.0170,-0.0044,0.0008,-0.0100,0.0365,-0.4385,-26.0591,-1.2577,21.3667,-0.2010,False,False,"Parcel_1","-22.000:0.350:0.000","PD2","R2",3.000,False,False,False,True,False,True,"H1:-8.400:0.000:-6.286|H2:-4.200:0.000:-6.508|H3:-22.000:0.000:-3.008|H4:-22.000:0.000:0.000|H5:8.400:0.000:3.008","H1:0.000:0.000:-0.800|H2:0.000:0.000:0.800|H3:0.000:0.000:0.800|H4:0.000:0.000:0.000|H5:0.000:0.000:-0.800","F1:0.000:0.000:-2.138|F2:20.827:0.000:7.308","F1:0.000:0.000:1.300|F2:0.315:0.000:1.261","-8.400:0.000:-6.286","0.000:0.000:-0.800","-4.200:0.000:-6.508","0.000:0.000:0.800","-22.000:0.000:-3.008","0.000:0.000:0.800","-22.000:0.000:0.000","0.000:0.000:0.000","8.400:0.000:3.008","0.000:0.000:-0.800","0.000:0.000:-2.138","0.000:0.000:1.300","20.827:0.000:7.308","0.315:0.000:1.261",99.825,"Nominal",0.000,1,"NavigateToSource:Forward"
8.8467,5,5,87,0.4636,0.4968,7.7760,9.9939,180,2,"Parcel_1_PD2_to_R2:-22.01:0.33:0.02|Human(Clone):-21.97:0.02:-0.03",-0.0287,0.0281,-0.0050,-0.0086,0.0042,0.0077,0.0031,-0.0040,0.1410,-0.1829,-26.0554,-1.2472,19.6262,-0.0209,False,False,"Parcel_1","-22.000:0.350:0.000","PD2","R2",3.000,False,False,False,True,False,True,"H1:-8.400:0.000:-6.369|H2:-4.200:0.000:-6.425|H3:-22.000:0.000:-2.925|H4:-22.000:0.000:0.000|H5:8.400:0.000:2.925","H1:0.000:0.000:-0.800|H2:0.000:0.000:0.800|H3:0.000:0.000:0.800|H4:0.000:0.000:0.000|H5:0.000:0.000:-0.800","F1:0.000:0.000:-2.003|F2:20.860:0.000:7.439","F1:0.000:0.000:1.300|F2:0.315:0.000:1.261","-8.400:0.000:-6.369","0.000:0.000:-0.800","-4.200:0.000:-6.425","0.000:0.000:0.800","-22.000:0.000:-2.925","0.000:0.000:0.800","-22.000:0.000:0.000","0.000:0.000:0.000","8.400:0.000:2.925","0.000:0.000:-0.800","0.000:0.000:-2.003","0.000:0.000:1.300","20.860:0.000:7.439","0.315:0.000:1.261",99.823,"Nominal",0.000,1,"NavigateToSource:Forward"
8.9470,5,5,88,0.4556,0.5170,7.7968,9.9977,180,2,"Parcel_1_PD2_to_R2:-22.00:0.34:-0.03|Human(Clone):-21.99:-0.04:-0.02",-0.0447,-0.0213,-0.0514,-0.0025,-0.0365,-0.0065,-0.0101,0.0051,-0.4950,0.2487,-26.0622,-1.2663,19.6517,-0.1232,False,False,"Parcel_1","-22.000:0.350:0.000","PD2","R2",3.000,False,False,False,True,False,True,"H1:-8.400:0.000:-6.450|H2:-4.200:0.000:-6.345|H3:-22.000:0.000:-2.845|H4:-22.000:0.000:0.000|H5:8.400:0.000:2.845","H1:0.000:0.000:-0.800|H2:0.000:0.000:0.800|H3:0.000:0.000:0.800|H4:0.000:0.000:0.000|H5:0.000:0.000:-0.800","F1:0.000:0.000:-1.873|F2:20.891:0.000:7.565","F1:0.000:0.000:1.300|F2:0.315:0.000:1.261","-8.400:0.000:-6.450","0.000:0.000:-0.800","-4.200:0.000:-6.345","0.000:0.000:0.800","-22.000:0.000:-2.845","0.000:0.000:0.800","-22.000:0.000:0.000","0.000:0.000:0.000","8.400:0.000:2.845","0.000:0.000:-0.800","0.000:0.000:-1.873","0.000:0.000:1.300","20.891:0.000:7.565","0.315:0.000:1.261",99.821,"Nominal",0.000,1,"NavigateToSource:Forward"
9.0504,5,5,89,0.4619,0.4855,7.7721,9.9787,180,2,"Parcel_1_PD2_to_R2:-21.99:0.32:-0.02|Human(Clone):-22.00:0.03:0.04",-0.0205,0.0190,-0.1050,0.0080,-0.0107,-0.0090,-0.0150,0.0055,-0.6858,0.2514,-26.0659,-1.2743,25.2035,-0.2172,False,False,"Parcel_1","-22.000:0.350:0.000","PD2","R2",3.000,False,False,False,True,False,True,"H1:-8.400:0.000:-6.532|H2:-4.200:0.000:-6.262|H3:-22.000:0.000:-2.762|H4:-22.000:0.000:0.000|H5:8.400:0.000:2.762","H1:0.000:0.000:-0.800|H2:0.000:0.000:0.800|H3:0.000:0.000:0.800|H4:0.000:0.000:0.000|H5:0.000:0.000:-0.800","F1:0.000:0.000:-1.739|F2:20.924:0.000:7.696","F1:0.000:0.000:1.300|F2:0.315:0.000:1.261","-8.400:0.000:-6.532","0.000:0.000:-0.800","-4.200:0.000:-6.262","0.000:0.000:0.800","-22.000:0.000:-2.762","0.000:0.000:0.800","-22.000:0.000:0.000","0.000:0.000:0.000","8.400:0.000:2.762","0.000:0.000:-0.800","0.000:0.000:-1.739","0.000:0.000:1.300","20.924:0.000:7.696","0.315:0.000:1.261",99.819,"Nominal",0.000,1,"NavigateToSource:Forward"
9.1505,5,5,90,0.4666,0.5149,7.7900,10.0000,180,2,"Parcel_1_PD2_to_R2:-22.01:0.37:-0.01|Human(Clone):-21.99:0.05:0.00",0.0171,-0.0457,-0.0776,-0.0157,0.0050,0.0010,-0.0066,-0.0021,-0.3063,-0.0989,-26.0690,-1.2812,24.0252,-0.2026,False,False,"Parcel_1","-22.000:0.350:0.000","PD2","R2",3.000,False,False,False,True,False,True,"H1:-8.400:0.000:-6.612|H2:-4.200:0.000:-6.182|H3:-22.000:0.000:-2.682|H4:-22.000:0.000:0.000|H5:8.400:0.000:2.682","H1:0.000:0.000:-0.800|H2:0.000:0.000:0.800|H3:0.000:0.000:0.800|H4:0.000:0.000:0.000|H5:0.000:0.000:-0.800","F1:0.000:0.000:-1.608|F2:20.955:0.000:7.822","F1:0.000:0.000:1.300|F2:0.315:0.000:1.261","-8.400:0.000:-6.612","0.000:0.000:-0.800","-4.200:0.000:-6.182","0.000:0.000:0.800","-22.000:0.000:-2.682","0.000:0.000:0.800","-22.000:0.000:0.000","0.000:0.000:0.000","8.400:0.000:2.682","0.000:0.000:-0.800","0.000:0.000:-1.608","0.000:0.000:1.300","20.955:0.000:7.822","0.315:0.000:1.261",99.817,"Nominal",0.000,1,"NavigateToSource:Forward"
9.2529,5,5,91,0.4457,0.4708,7.7521,9.9770,180,2,"Parcel_1_PD2_to_R2:-21.99:0.33:-0.03|Human(Clone):-21.99:-0.02:0.02",-0.0573,0.0404,0.0509,-0.0145,0.0215,-0.0142,0.0016,-0.0190,0.0749,-0.8949,-26.0716,-1.2878,21.6243,-0.4100,False,False,"Parcel_1","-22.000:0.350:0.000","PD2","R2",3.000,False,False,False,True,False,True,"H1:-8.400:0.000:-6.694|H2:-4.200:0.000:-6.100|H3:-22.000:0.000:-2.600|H4:-22.000:0.000:0.000|H5:8.400:0.000:2.600","H1:0.000:0.000:-0.800|H2:0.000:0.000:0.800|H3:0.000:0.000:0.800|H4:0.000:0.000:0.000|H5:0.000:0.000:-0.800","F1:0.000:0.000:-1.475|F2:20.988:0.000:7.951","F1:0.000:0.000:1.300|F2:0.315:0.000:1.261","-8.400:0.000:-6.694","0.000:0.000:-0.800","-4.200:0.000:-6.100","0.000:0.000:0.800","-22.000:0.000:-2.600","0.000:0.000:0.800","-22.000:0.000:0.000","0.000:0.000:0.000","8.400:0.000:2.600","0.000:0.000:-0.800","0.000:0.000:-1.475","0.000:0.000:1.300","20.988:0.000:7.951","0.315:0.000:1.261",99.815,"Nominal",0.000,1,"NavigateToSource:Forward"
9.3582,5,5,92,0.4743,0.5159,7.8001,9.9856,180,2,"Parcel_1_PD2_to_R2:-21.97:0.38:-0.01|Human(Clone):-21.97:0.03:-0.02",0.0465,0.0006,-0.0533,-0.0253,0.0016,-0.0094,-0.0103,0.0068,-0.4509,0.2989,-26.0673,-1.2744,21.2440,-0.0760,False,False,"Parcel_1","-22.000:0.350:0.000","PD2","R2",3.000,False,False,False,True,False,True,"H1:-8.400:0.000:-6.778|H2:-4.200:0.000:-6.016|H3:-22.000:0.000:-2.516|H4:-22.000:0.000:0.000|H5:8.400:0.000:2.516","H1:0.000:0.000:-0.800|H2:0.000:0.000:0.800|H3:0.000:0.000:0.800|H4:0.000:0.000:0.000|H5:0.000:0.000:-0.800","F1:0.000:0.000:-1.338|F2:21.021:0.000:8.084","F1:0.000:0.000:1.300|F2:0.315:0.000:1.261","-8.400:0.000:-6.778","0.000:0.000:-0.800","-4.200:0.000:-6.016","0.000:0.000:0.800","-22.000:0.000:-2.516","0.000:0.000:0.800","-22.000:0.000:0.000","0.000:0.000:0.000","8.400:0.000:2.516","0.000:0.000:-0.800","0.000:0.000:-1.338","0.000:0.000:1.300","21.021:0.000:8.084","0.315:0.000:1.261",99.813,"Nominal",0.000,1,"NavigateToSource:Forward"
9.4590,5,5,93,0.4751,0.4751,7.7887,9.9972,180,2,"Parcel_1_PD2_to_R2:-22.01:0.32:0.01|Human(Clone):-22.01:0.02:-0.01",0.0358,0.0229,-0.0436,-0.0097,-0.0067,-0.0066,-0.0091,0.0042,-0.4320,0.1988,-26.0755,-1.2953,23.6418,-0.1166,False,False,"Parcel_1","-22.000:0.350:0.000","PD2","R2",3.000,False,False,False,True,False,True,"H1:-8.400:0.000:-6.859|H2:-4.200:0.000:-5.935|H3:-22.000:0.000:-2.435|H4:-22.000:0.000:0.000|H5:8.400:0.000:2.435","H1:0.000:0.000:-0.800|H2:0.000:0.000:0.800|H3:0.000:0.000:0.800|H4:0.000:0.000:0.000|H5:0.000:0.000:-0.800","F1:0.000:0.000:-1.207|F2:21.053:0.000:8.211","F1:0.000:0.000:1.300|F2:0.315:0.000:1.261","-8.400:0.000:-6.859","0.000:0.000:-0.800","-4.200:0.000:-5.935","0.000:0.000:0.800","-22.000:0.000:-2.435","0.000:0.000:0.800","-22.000:0.000:0.000","0.000:0.000:0.000","8.400:0.000:2.435","0.000:0.000:-0.800","0.000:0.000:-1.207","0.000:0.000:1.300","21.053:0.000:8.211","0.315:0.000:1.261",99.811,"Nominal",0.000,1,"NavigateToSource:Forward"
9.5616,5,5,94,0.4605,0.4786,7.8195,9.9955,180,2,"Parcel_1_PD2_to_R2:-22.01:0.38:0.00|Human(Clone):-21.99:0.01:-0.02",0.0220,0.0855,-0.0163,-0.0170,0.0086,0.0006,0.0026,0.0002,0.1307,0.0089,-26.0701,-1.2856,29.2049,0.0698,False,False,"Parcel_1","-22.000:0.350:0.000","PD2","R2",3.000,False,False,False,True,False,True,"H1:-8.400:0.000:-6.941|H2:-4.200:0.000:-5.853|H3:-22.000:0.000:-2.353|H4:-22.000:0.000:0.000|H5:8.400:0.000:2.353","H1:0.000:0.000:-0.800|H2:0.000:0.000:0.800|H3:0.000:0.000:0.800|H4:0.000:0.000:0.000|H5:0.000:0.000:-0.800","F1:0.000:0.000:-1.074|F2:21.085:0.000:8.340","F1:0.000:0.000:1.300|F2:0.315:0.000:1.261","-8.400:0.000:-6.941","0.000:0.000:-0.800","-4.200:0.000:-5.853","0.000:0.000:0.800","-22.000:0.000:-2.353","0.000:0.000:0.800","-22.000:0.000:0.000","0.000:0.000:0.000","8.400:0.000:2.353","0.000:0.000:-0.800","0.000:0.000:-1.074","0.000:0.000:1.300","21.085:0.000:8.340","0.315:0.000:1.261",99.809,"Nominal",0.000,1,"NavigateToSource:Forward"
9.6628,5,5,95,0.4672,0.4896,7.8309,10.0000,180,2,"Parcel_1_PD2_to_R2:-21.99:0.34:0.01|Human(Clone):-22.02:-0.03:0.01",-0.0616,-0.0403,-0.0539,-0.0137,0.0084,-0.0033,-0.0007,-0.0024,-0.0307,-0.1103,-26.0704,-1.2859,32.6612,-0.0705,False,False,"Parcel_1","-22.000:0.350:0.000","PD2","R2",3.000,False,False,False,True,False,True,"H1:-8.400:0.000:-7.022|H2:-4.200:0.000:-5.772|H3:-22.000:0.000:-2.272|H4:-22.000:0.000:0.000|H5:8.400:0.000:2.272","H1:0.000:0.000:-0.800|H2:0.000:0.000:0.800|H3:0.000:0.000:0.800|H4:0.000:0.000:0.000|H5:0.000:0.000:-0.800","F1:0.000:0.000:-0.942|F2:21.117:0.000:8.468","F1:0.000:0.000:1.300|F2:0.315:0.000:1.261","-8.400:0.000:-7.022","0.000:0.000:-0.800","-4.200:0.000:-5.772","0.000:0.000:0.800","-22.000:0.000:-2.272","0.000:0.000:0.800","-22.000:0.000:0.000","0.000:0.000:0.000","8.400:0.000:2.272","0.000:0.000:-0.800","0.000:0.000:-0.942","0.000:0.000:1.300","21.117:0.000:8.468","0.315:0.000:1.261",99.807,"Nominal",0.000,1,"NavigateToSource:Forward"
9.7632,5,5,96,0.4647,0.4647,7.7918,9.9894,180,2,"Parcel_1_PD2_to_R2:-21.97:0.35:0.00|Human(Clone):-21.99:-0.03:-0.03",0.1104,-0.0111,-0.0511,0.0123,0.0051,-0.0063,-0.0056,-0.0172,-0.2605,-0.8014,-26.0789,-1.2987,33.8791,-0.5309,False,False,"Parcel_1","-22.000:0.350:0.000","PD2","R2",3.000,False,False,False,True,False,True,"H1:-8.400:0.000:-7.102|H2:-4.200:0.000:-5.692|H3:-22.000:0.000:-2.192|H4:-22.000:0.000:0.000|H5:8.400:0.000:2.192","H1:0.000:0.000:-0.800|H2:0.000:0.000:0.800|H3:0.000:0.000:0.800|H4:0.000:0.000:0.000|H5:0.000:0.000:-0.800","F1:0.000:0.000:-0.812|F2:21.149:0.000:8.595","F1:0.000:0.000:1.300|F2:0.315:0.000:1.261","-8.400:0.000:-7.102","0.000:0.000:-0.800","-4.200:0.000:-5.692","0.000:0.000:0.800","-22.000:0.000:-2.192","0.000:0.000:0.800","-22.000:0.000:0.000","0.000:0.000:0.000","8.400:0.000:2.192","0.000:0.000:-0.800","0.000:0.000:-0.812","0.000:0.000:1.300","21.149:0.000:8.595","0.315:0.000:1.261",99.805,"Nominal",0.000,1,"NavigateToSource:Forward"
9.8656,5,5,97,0.4734,0.4774,7.8214,10.0000,180,2,"Parcel_1_PD2_to_R2:-21.99:0.38:0.00|Human(Clone):-22.01:0.00:-0.04",-0.0309,0.0191,0.0200,0.0188,0.0113,0.0000,0.0031,0.0139,0.1443,0.6545,-26.0828,-1.3053,31.2650,0.3994,False,False,"Parcel_1","-22.000:0.350:0.000","PD2","R2",3.000,False,False,False,True,False,True,"H1:-8.400:0.000:-7.184|H2:-4.200:0.000:-5.610|H3:-22.000:0.000:-2.110|H4:-22.000:0.000:0.000|H5:8.400:0.000:2.110","H1:0.000:0.000:-0.800|H2:0.000:0.000:0.800|H3:0.000:0.000:0.800|H4:0.000:0.000:0.000|H5:0.000:0.000:-0.800","F1:0.000:0.000:-0.679|F2:21.181:0.000:8.724","F1:0.000:0.000:1.300|F2:0.315:0.000:1.261","-8.400:0.000:-7.184","0.000:0.000:-0.800","-4.200:0.000:-5.610","0.000:0.000:0.800","-22.000:0.000:-2.110","0.000:0.000:0.800","-22.000:0.000:0.000","0.000:0.000:0.000","8.400:0.000:2.110","0.000:0.000:-0.800","0.000:0.000:-0.679","0.000:0.000:1.300","21.181:0.000:8.724","0.315:0.000:1.261",99.803,"Nominal",0.000,1,"NavigateToSource:Forward"
9.9683,5,5,98,0.4724,0.5248,7.8199,9.9799,180,2,"Parcel_1_PD2_to_R2:-22.03:0.37:0.02|Human(Clone):-21.98:0.03:-0.01",-0.0610,0.0107,0.0055,-0.0383,0.0100,-0.0294,0.0161,-0.0119,0.7587,-0.5613,-26.0821,-1.3049,34.8583,0.0987,False,False,"Parcel_1","-22.000:0.350:0.000","PD2","R2",3.000,False,False,False,True,False,True,"H1:-8.400:0.000:-7.267|H2:-4.200:0.000:-5.528|H3:-22.000:0.000:-2.028|H4:-22.000:0.000:0.000|H5:8.400:0.000:2.028","H1:0.000:0.000:-0.800|H2:0.000:0.000:0.800|H3:0.000:0.000:0.800|H4:0.000:0.000:0.000|H5:0.000:0.000:-0.800","F1:0.000:0.000:-0.545|F2:21.213:0.000:8.853","F1:0.000:0.000:1.300|F2:0.315:0.000:1.261","-8.400:0.000:-7.267","0.000:0.000:-0.800","-4.200:0.000:-5.528","0.000:0.000:0.800","-22.000:0.000:-2.028","0.000:0.000:0.800","-22.000:0.000:0.000","0.000:0.000:0.000","8.400:0.000:2.028","0.000:0.000:-0.800","0.000:0.000:-0.545","0.000:0.000:1.300","21.213:0.000:8.853","0.315:0.000:1.261",99.801,"Nominal",0.000,1,"NavigateToSource:Forward"
10.0673,5,5,99,0.4659,0.4903,7.7956,9.9923,180,2,"Parcel_1_PD2_to_R2:-22.00:0.35:0.04|Human(Clone):-21.96:0.02:-0.01",0.0292,0.0647,-0.0917,-0.0036,-0.0144,-0.0054,-0.0026,0.0143,-0.1113,0.6228,-26.0792,-1.3011,34.2035,0.2558,False,False,"Parcel_1","-22.000:0.350:0.000","PD2","R2",3.000,False,False,False,True,False,True,"H1:-8.400:0.000:-7.348|H2:-4.200:0.000:-5.446|H3:-22.000:0.000:-1.946|H4:-22.000:0.000:0.000|H5:8.400:0.000:1.946","H1:0.000:0.000:-0.800|H2:0.000:0.000:0.800|H3:0.000:0.000:0.800|H4:0.000:0.000:0.000|H5:0.000:0.000:-0.800","F1:0.000:0.000:-0.412|F2:21.246:0.000:8.982","F1:0.000:0.000:1.300|F2:0.315:0.000:1.261","-8.400:0.000:-7.348","0.000:0.000:-0.800","-4.200:0.000:-5.446","0.000:0.000:0.800","-22.000:0.000:-1.946","0.000:0.000:0.800","-22.000:0.000:0.000","0.000:0.000:0.000","8.400:0.000:1.946","0.000:0.000:-0.800","0.000:0.000:-0.412","0.000:0.000:1.300","21.246:0.000:8.982","0.315:0.000:1.261",99.798,"Nominal",0.000,1,"Complete:Wait"
