timestamp,scenario_id,episode_id,step_id,lidar_trust,camera_trust,imu_trust,encoder_trust,communication_trust,overall_trust,robot_x,robot_z,h1_position,twin_age,context_status
0.1305,1,88,1,1.0000,1.0000,1.0000,1.0000,1.0000,1.0000,-24.0026,-17.1514,"15.759:0.000:18.000",0.0000,"A1 actors are outside the blind-corner conflict zone"
0.2431,1,88,2,1.0000,1.0000,1.0000,1.0000,1.0000,1.0000,-24.0055,-17.1230,"15.715:0.000:18.000",0.1126,"A1 actors are outside the blind-corner conflict zone"
0.3445,1,88,3,1.0000,1.0000,1.0000,1.0000,1.0000,1.0000,-24.0084,-17.0977,"15.675:0.000:18.000",0.2139,"A1 actors are outside the blind-corner conflict zone"
0.4473,1,88,4,1.0000,1.0000,1.0000,1.0000,1.0000,1.0000,-24.0108,-17.0543,"15.635:0.000:18.000",0.3168,"A1 actors are outside the blind-corner conflict zone"
0.5474,1,88,5,1.0000,1.0000,1.0000,1.0000,1.0000,1.0000,-24.0108,-17.0264,"15.596:0.000:18.000",0.4169,"A1 actors are outside the blind-corner conflict zone"
0.6508,1,88,6,1.0000,1.0000,1.0000,1.0000,1.0000,1.0000,-24.0092,-16.9907,"15.556:0.000:18.000",0.5203,"A1 actors are outside the blind-corner conflict zone"
0.7538,1,88,7,1.0000,1.0000,1.0000,1.0000,1.0000,1.0000,-24.0059,-16.9124,"15.516:0.000:18.000",0.6233,"A1 actors are outside the blind-corner conflict zone"
0.8611,1,88,8,1.0000,1.0000,1.0000,1.0000,1.0000,1.0000,-24.0053,-16.8433,"15.474:0.000:18.000",0.7306,"A1 actors are outside the blind-corner conflict zone"
0.9638,1,88,9,1.0000,1.0000,1.0000,1.0000,1.0000,1.0000,-24.0152,-16.7354,"15.434:0.000:18.000",0.0000,"A1 actors are outside the blind-corner conflict zone"
1.0762,1,88,10,1.0000,1.0000,1.0000,1.0000,1.0000,1.0000,-24.0330,-16.5890,"15.390:0.000:18.000",0.1124,"A1 actors are outside the blind-corner conflict zone"
1.1764,1,88,11,1.0000,1.0000,1.0000,1.0000,1.0000,1.0000,-24.0379,-16.4730,"15.351:0.000:18.000",0.2126,"A1 actors are outside the blind-corner conflict zone"
1.5308,1,88,12,1.0000,1.0000,1.0000,1.0000,1.0000,1.0000,-24.0413,-16.0476,"15.213:0.000:18.000",0.0000,"A1 actors are outside the blind-corner conflict zone"
1.6464,1,88,13,1.0000,1.0000,1.0000,1.0000,1.0000,1.0000,-24.0386,-15.8908,"15.168:0.000:18.000",0.0000,"A1 actors are outside the blind-corner conflict zone"
1.7493,1,88,14,1.0000,1.0000,1.0000,1.0000,1.0000,1.0000,-24.0285,-15.7359,"15.127:0.000:18.000",0.1029,"A1 actors are outside the blind-corner conflict zone"
1.8519,1,88,15,1.0000,1.0000,1.0000,1.0000,1.0000,1.0000,-24.0120,-15.5857,"15.087:0.000:18.000",0.2055,"A1 actors are outside the blind-corner conflict zone"
1.9570,1,88,16,1.0000,1.0000,1.0000,1.0000,1.0000,1.0000,-23.9922,-15.4103,"15.046:0.000:18.000",0.3106,"A1 actors are outside the blind-corner conflict zone"
2.0688,1,88,17,1.0000,1.0000,1.0000,0.2000,1.0000,0.8800,-24.0197,-15.2560,"15.003:0.000:18.000",0.0000,"A1 actors are outside the blind-corner conflict zone"
2.1717,1,88,18,1.0000,1.0000,1.0000,1.0000,1.0000,1.0000,-24.0871,-15.2066,"14.963:0.000:18.000",0.0000,"A1 actors are outside the blind-corner conflict zone"
2.2837,1,88,19,1.0000,1.0000,1.0000,1.0000,1.0000,1.0000,-24.1956,-15.1984,"14.919:0.000:18.000",0.0000,"A1 actors are outside the blind-corner conflict zone"
2.3949,1,88,20,1.0000,1.0000,1.0000,1.0000,1.0000,1.0000,-24.2596,-15.2194,"14.876:0.000:18.000",0.0000,"A1 actors are outside the blind-corner conflict zone"
2.5043,1,88,21,1.0000,1.0000,1.0000,1.0000,1.0000,1.0000,-24.3349,-15.2539,"14.833:0.000:18.000",0.1095,"A1 actors are outside the blind-corner conflict zone"
2.6182,1,88,22,1.0000,1.0000,1.0000,1.0000,1.0000,1.0000,-24.3875,-15.2731,"14.789:0.000:18.000",0.2233,"A1 actors are outside the blind-corner conflict zone"
2.7296,1,88,23,1.0000,1.0000,1.0000,1.0000,1.0000,1.0000,-24.3934,-15.2746,"14.745:0.000:18.000",0.0000,"A1 actors are outside the blind-corner conflict zone"
2.8386,1,88,24,1.0000,1.0000,1.0000,1.0000,1.0000,1.0000,-24.3832,-15.2711,"14.703:0.000:18.000",0.0000,"A1 actors are outside the blind-corner conflict zone"
2.9387,1,88,25,1.0000,1.0000,1.0000,1.0000,1.0000,1.0000,-24.3759,-15.2688,"14.664:0.000:18.000",0.0000,"A1 actors are outside the blind-corner conflict zone"
3.0589,1,88,26,1.0000,1.0000,1.0000,1.0000,1.0000,1.0000,-24.3752,-15.2683,"14.617:0.000:18.000",0.1202,"A1 actors are outside the blind-corner conflict zone"
3.1698,1,88,27,1.0000,1.0000,1.0000,1.0000,1.0000,1.0000,-24.3799,-15.2693,"14.573:0.000:18.000",0.2311,"A1 actors are outside the blind-corner conflict zone"
3.2789,1,88,28,1.0000,1.0000,1.0000,1.0000,1.0000,1.0000,-24.3939,-15.2731,"14.531:0.000:18.000",0.3403,"A1 actors are outside the blind-corner conflict zone"
3.3900,1,88,29,1.0000,1.0000,1.0000,1.0000,1.0000,1.0000,-24.3792,-15.2686,"14.488:0.000:18.000",0.4513,"A1 actors are outside the blind-corner conflict zone"
3.4970,1,88,30,1.0000,1.0000,1.0000,1.0000,1.0000,1.0000,-24.3826,-15.2696,"14.446:0.000:18.000",0.5583,"A1 actors are outside the blind-corner conflict zone"
3.6095,1,88,31,1.0000,1.0000,1.0000,1.0000,1.0000,1.0000,-24.4043,-15.2781,"14.402:0.000:18.000",0.6709,"A1 actors are outside the blind-corner conflict zone"
3.7236,1,88,32,1.0000,1.0000,1.0000,1.0000,1.0000,1.0000,-24.4300,-15.2858,"14.357:0.000:18.000",0.0000,"A1 actors are outside the blind-corner conflict zone"
3.8362,1,88,33,1.0000,1.0000,1.0000,1.0000,1.0000,1.0000,-24.4536,-15.2921,"14.314:0.000:18.000",0.0000,"A1 actors are outside the blind-corner conflict zone"
3.9470,1,88,34,1.0000,1.0000,1.0000,1.0000,1.0000,1.0000,-24.4518,-15.2918,"14.270:0.000:18.000",0.0000,"A1 actors are outside the blind-corner conflict zone"
4.0599,1,88,35,1.0000,1.0000,1.0000,1.0000,1.0000,1.0000,-24.4572,-15.2934,"14.226:0.000:18.000",0.0000,"A1 actors are outside the blind-corner conflict zone"
4.1749,1,88,36,1.0000,1.0000,1.0000,1.0000,1.0000,1.0000,-24.4331,-15.2856,"14.181:0.000:18.000",0.0000,"A1 actors are outside the blind-corner conflict zone"
4.2852,1,88,37,1.0000,1.0000,1.0000,1.0000,1.0000,1.0000,-24.4356,-15.2870,"14.138:0.000:18.000",0.0000,"A1 actors are outside the blind-corner conflict zone"
4.3997,1,88,38,1.0000,1.0000,1.0000,1.0000,1.0000,1.0000,-24.4324,-15.2861,"14.094:0.000:18.000",0.1145,"A1 actors are outside the blind-corner conflict zone"
4.5097,1,88,39,1.0000,1.0000,1.0000,1.0000,1.0000,1.0000,-24.4244,-15.2843,"14.051:0.000:18.000",0.0000,"A1 actors are outside the blind-corner conflict zone"
4.6235,1,88,40,1.0000,1.0000,1.0000,1.0000,1.0000,1.0000,-24.4332,-15.2867,"14.006:0.000:18.000",0.1139,"A1 actors are outside the blind-corner conflict zone"
4.7381,1,88,41,1.0000,1.0000,1.0000,1.0000,1.0000,1.0000,-24.4759,-15.2961,"13.962:0.000:18.000",0.0000,"A1 actors are outside the blind-corner conflict zone"
4.8445,1,88,42,1.0000,1.0000,1.0000,1.0000,1.0000,1.0000,-24.4762,-15.2961,"13.920:0.000:18.000",0.0000,"A1 actors are outside the blind-corner conflict zone"
4.9515,1,88,43,1.0000,1.0000,1.0000,1.0000,1.0000,1.0000,-24.4823,-15.2984,"13.879:0.000:18.000",0.1070,"A1 actors are outside the blind-corner conflict zone"
5.0580,1,88,44,1.0000,1.0000,1.0000,1.0000,1.0000,1.0000,-24.4904,-15.3020,"13.837:0.000:18.000",0.2136,"A1 actors are outside the blind-corner conflict zone"
5.1702,1,88,45,1.0000,1.0000,1.0000,1.0000,1.0000,1.0000,-24.4769,-15.2961,"13.793:0.000:18.000",0.3257,"A1 actors are outside the blind-corner conflict zone"
5.2811,1,88,46,1.0000,1.0000,1.0000,1.0000,1.0000,1.0000,-24.4786,-15.2964,"13.750:0.000:18.000",0.4366,"A1 actors are outside the blind-corner conflict zone"
5.3874,1,88,47,1.0000,1.0000,1.0000,1.0000,1.0000,1.0000,-24.4797,-15.2972,"13.709:0.000:18.000",0.0000,"A1 actors are outside the blind-corner conflict zone"
5.4910,1,88,48,1.0000,1.0000,1.0000,1.0000,1.0000,1.0000,-24.5016,-15.3037,"13.668:0.000:18.000",0.0000,"A1 actors are outside the blind-corner conflict zone"
5.6230,1,88,49,1.0000,1.0000,1.0000,1.0000,1.0000,1.0000,-24.5156,-15.3073,"13.617:0.000:18.000",0.0000,"A1 actors are outside the blind-corner conflict zone"
5.7448,1,88,50,1.0000,1.0000,1.0000,1.0000,1.0000,1.0000,-24.5217,-15.3094,"13.569:0.000:18.000",0.0000,"A1 actors are outside the blind-corner conflict zone"
5.8449,1,88,51,1.0000,1.0000,1.0000,1.0000,1.0000,1.0000,-24.5116,-15.3060,"13.530:0.000:18.000",0.0000,"A1 actors are outside the blind-corner conflict zone"
5.9790,1,88,52,1.0000,1.0000,1.0000,1.0000,1.0000,1.0000,-24.4936,-15.2987,"13.478:0.000:18.000",0.1341,"A1 actors are outside the blind-corner conflict zone"
6.1009,1,88,53,1.0000,1.0000,1.0000,1.0000,1.0000,1.0000,-24.4745,-15.2891,"13.430:0.000:18.000",0.0000,"A1 actors are outside the blind-corner conflict zone"
6.2080,1,88,54,1.0000,1.0000,1.0000,1.0000,1.0000,1.0000,-24.4868,-15.2944,"13.389:0.000:18.000",0.1071,"A1 actors are outside the blind-corner conflict zone"
6.3082,1,88,55,1.0000,1.0000,1.0000,1.0000,1.0000,1.0000,-24.4833,-15.2934,"13.349:0.000:18.000",0.2074,"A1 actors are outside the blind-corner conflict zone"
6.4083,1,88,56,1.0000,1.0000,1.0000,1.0000,1.0000,1.0000,-24.4832,-15.2932,"13.310:0.000:18.000",0.0000,"A1 actors are outside the blind-corner conflict zone"
6.5146,1,88,57,1.0000,1.0000,1.0000,1.0000,1.0000,1.0000,-24.4905,-15.2953,"13.269:0.000:18.000",0.1062,"A1 actors are outside the blind-corner conflict zone"
6.6293,1,88,58,1.0000,1.0000,1.0000,1.0000,1.0000,1.0000,-24.4854,-15.2939,"13.224:0.000:18.000",0.0000,"A1 actors are outside the blind-corner conflict zone"
6.7300,1,88,59,1.0000,1.0000,1.0000,1.0000,1.0000,1.0000,-24.5114,-15.3011,"13.185:0.000:18.000",0.0000,"A1 actors are outside the blind-corner conflict zone"
6.8428,1,88,60,1.0000,1.0000,1.0000,1.0000,1.0000,1.0000,-24.4961,-15.2956,"13.141:0.000:18.000",0.1128,"A1 actors are outside the blind-corner conflict zone"
6.9599,1,88,61,1.0000,1.0000,1.0000,1.0000,1.0000,1.0000,-24.4891,-15.2929,"13.095:0.000:18.000",0.2300,"A1 actors are outside the blind-corner conflict zone"
7.0663,1,88,62,1.0000,1.0000,1.0000,1.0000,1.0000,1.0000,-24.5073,-15.3001,"13.054:0.000:18.000",0.3363,"A1 actors are outside the blind-corner conflict zone"
7.1680,1,88,63,1.0000,1.0000,1.0000,1.0000,1.0000,1.0000,-24.5123,-15.3023,"13.014:0.000:18.000",0.0000,"A1 actors are outside the blind-corner conflict zone"
7.2708,1,88,64,1.0000,1.0000,1.0000,1.0000,1.0000,1.0000,-24.4916,-15.2957,"12.974:0.000:18.000",0.0000,"A1 actors are outside the blind-corner conflict zone"
7.3858,1,88,65,1.0000,1.0000,1.0000,1.0000,1.0000,1.0000,-24.4805,-15.2924,"12.929:0.000:18.000",0.1151,"A1 actors are outside the blind-corner conflict zone"
7.4898,1,88,66,1.0000,1.0000,1.0000,1.0000,1.0000,1.0000,-24.4738,-15.2910,"12.889:0.000:18.000",0.0000,"A1 actors are outside the blind-corner conflict zone"
7.5903,1,88,67,1.0000,1.0000,1.0000,1.0000,1.0000,1.0000,-24.4642,-15.2881,"12.849:0.000:18.000",0.0000,"A1 actors are outside the blind-corner conflict zone"
7.6960,1,88,68,1.0000,1.0000,1.0000,1.0000,1.0000,1.0000,-24.4863,-15.2948,"12.808:0.000:18.000",0.0000,"A1 actors are outside the blind-corner conflict zone"
7.8110,1,88,69,1.0000,1.0000,1.0000,1.0000,1.0000,1.0000,-24.5218,-15.3053,"12.763:0.000:18.000",0.0000,"A1 actors are outside the blind-corner conflict zone"
7.9129,1,88,70,1.0000,1.0000,1.0000,1.0000,1.0000,1.0000,-24.5314,-15.3068,"12.724:0.000:18.000",0.0000,"A1 actors are outside the blind-corner conflict zone"
8.0137,1,88,71,1.0000,1.0000,1.0000,1.0000,1.0000,1.0000,-24.5418,-15.3069,"12.684:0.000:18.000",0.1008,"A1 actors are outside the blind-corner conflict zone"
8.1236,1,88,72,1.0000,1.0000,1.0000,1.0000,1.0000,1.0000,-24.5706,-15.3072,"12.641:0.000:18.000",0.0000,"A1 actors are outside the blind-corner conflict zone"
8.2311,1,88,73,1.0000,1.0000,1.0000,1.0000,1.0000,1.0000,-24.5976,-15.3049,"12.600:0.000:18.000",0.0000,"A1 actors are outside the blind-corner conflict zone"
8.3358,1,88,74,1.0000,1.0000,1.0000,1.0000,1.0000,1.0000,-24.6101,-15.3027,"12.559:0.000:18.000",0.1048,"A1 actors are outside the blind-corner conflict zone"
8.4418,1,88,75,1.0000,1.0000,1.0000,1.0000,1.0000,1.0000,-24.6563,-15.2873,"12.517:0.000:18.000",0.0000,"A1 actors are outside the blind-corner conflict zone"
8.5569,1,88,76,1.0000,1.0000,1.0000,1.0000,1.0000,1.0000,-24.7009,-15.2620,"12.472:0.000:18.000",0.0000,"A1 actors are outside the blind-corner conflict zone"
8.6588,1,88,77,1.0000,1.0000,1.0000,1.0000,1.0000,1.0000,-24.7561,-15.2168,"12.433:0.000:18.000",0.0000,"A1 actors are outside the blind-corner conflict zone"
8.7661,1,88,78,1.0000,1.0000,1.0000,1.0000,1.0000,1.0000,-24.8143,-15.1621,"12.391:0.000:18.000",0.0000,"A1 actors are outside the blind-corner conflict zone"
8.8730,1,88,79,1.0000,1.0000,1.0000,1.0000,1.0000,1.0000,-24.8689,-15.1037,"12.349:0.000:18.000",0.1069,"A1 actors are outside the blind-corner conflict zone"
8.9776,1,88,80,1.0000,1.0000,1.0000,1.0000,1.0000,1.0000,-24.9027,-15.0591,"12.308:0.000:18.000",0.0000,"A1 actors are outside the blind-corner conflict zone"
9.0820,1,88,81,1.0000,1.0000,1.0000,1.0000,1.0000,1.0000,-24.9478,-14.9903,"12.268:0.000:18.000",0.1044,"A1 actors are outside the blind-corner conflict zone"
9.1897,1,88,82,1.0000,1.0000,1.0000,1.0000,1.0000,1.0000,-24.9967,-14.8947,"12.226:0.000:18.000",0.2121,"A1 actors are outside the blind-corner conflict zone"
9.2959,1,88,83,1.0000,1.0000,1.0000,1.0000,1.0000,1.0000,-25.0358,-14.7861,"12.184:0.000:18.000",0.0000,"A1 actors are outside the blind-corner conflict zone"
9.4034,1,88,84,1.0000,1.0000,1.0000,1.0000,1.0000,1.0000,-25.0674,-14.6855,"12.142:0.000:18.000",0.0000,"A1 actors are outside the blind-corner conflict zone"
9.5064,1,88,85,1.0000,1.0000,1.0000,1.0000,1.0000,1.0000,-25.0975,-14.5941,"12.102:0.000:18.000",0.0000,"A1 actors are outside the blind-corner conflict zone"
9.6087,1,88,86,1.0000,1.0000,1.0000,1.0000,1.0000,1.0000,-25.1359,-14.4662,"12.062:0.000:18.000",0.0000,"A1 actors are outside the blind-corner conflict zone"
9.7098,1,88,87,1.0000,1.0000,1.0000,1.0000,1.0000,1.0000,-25.1690,-14.3401,"12.023:0.000:18.000",0.1012,"A1 actors are outside the blind-corner conflict zone"
9.8100,1,88,88,1.0000,1.0000,1.0000,1.0000,1.0000,1.0000,-25.1839,-14.2271,"11.984:0.000:18.000",0.0000,"A1 actors are outside the blind-corner conflict zone"
9.9261,1,88,89,1.0000,1.0000,1.0000,1.0000,1.0000,1.0000,-25.1886,-14.1137,"11.938:0.000:18.000",0.1162,"A1 actors are outside the blind-corner conflict zone"
10.0412,1,88,90,1.0000,1.0000,1.0000,1.0000,1.0000,1.0000,-25.2133,-13.9484,"11.894:0.000:18.000",0.2313,"A1 actors are outside the blind-corner conflict zone"
10.1564,1,88,91,1.0000,1.0000,1.0000,1.0000,1.0000,1.0000,-25.2468,-13.8207,"11.849:0.000:18.000",0.0000,"A1 actors are outside the blind-corner conflict zone"
10.2566,1,88,92,1.0000,1.0000,1.0000,1.0000,1.0000,1.0000,-25.2691,-13.7196,"11.810:0.000:18.000",0.0000,"A1 actors are outside the blind-corner conflict zone"
10.3742,1,88,93,1.0000,1.0000,1.0000,1.0000,1.0000,1.0000,-25.3043,-13.6031,"11.764:0.000:18.000",0.1176,"A1 actors are outside the blind-corner conflict zone"
10.4979,1,88,94,1.0000,1.0000,1.0000,1.0000,1.0000,1.0000,-25.3406,-13.4581,"11.715:0.000:18.000",0.0000,"A1 actors are outside the blind-corner conflict zone"
10.6422,1,88,95,1.0000,1.0000,1.0000,1.0000,1.0000,1.0000,-25.3724,-13.2927,"11.659:0.000:18.000",0.0000,"A1 actors are outside the blind-corner conflict zone"
10.7485,1,88,96,1.0000,1.0000,1.0000,1.0000,1.0000,1.0000,-25.3986,-13.1693,"11.618:0.000:18.000",0.1063,"A1 actors are outside the blind-corner conflict zone"
10.8578,1,88,97,1.0000,1.0000,1.0000,1.0000,1.0000,1.0000,-25.4320,-13.0623,"11.575:0.000:18.000",0.0000,"A1 actors are outside the blind-corner conflict zone"
10.9640,1,88,98,1.0000,1.0000,1.0000,1.0000,1.0000,1.0000,-25.4659,-12.9360,"11.534:0.000:18.000",0.0000,"A1 actors are outside the blind-corner conflict zone"
11.0677,1,88,99,1.0000,1.0000,1.0000,1.0000,1.0000,1.0000,-25.4988,-12.8139,"11.493:0.000:18.000",0.1038,"A1 actors are outside the blind-corner conflict zone"
11.1758,1,88,100,1.0000,1.0000,1.0000,1.0000,1.0000,1.0000,-25.5223,-12.6688,"11.451:0.000:18.000",0.0000,"A1 actors are outside the blind-corner conflict zone"
11.2860,1,88,101,1.0000,1.0000,1.0000,1.0000,1.0000,1.0000,-25.5460,-12.5589,"11.408:0.000:18.000",0.1102,"A1 actors are outside the blind-corner conflict zone"
11.3997,1,88,102,1.0000,1.0000,1.0000,1.0000,1.0000,1.0000,-25.5909,-12.4210,"11.364:0.000:18.000",0.0000,"A1 actors are outside the blind-corner conflict zone"
11.5172,1,88,103,1.0000,1.0000,1.0000,1.0000,1.0000,1.0000,-25.6366,-12.3115,"11.318:0.000:18.000",0.0000,"A1 actors are outside the blind-corner conflict zone"
11.6285,1,88,104,1.0000,1.0000,1.0000,1.0000,1.0000,1.0000,-25.6845,-12.1719,"11.275:0.000:18.000",0.0000,"A1 actors are outside the blind-corner conflict zone"
11.7428,1,88,105,1.0000,1.0000,1.0000,1.0000,1.0000,1.0000,-25.7197,-12.0337,"11.230:0.000:18.000",0.0000,"A1 actors are outside the blind-corner conflict zone"
11.8587,1,88,106,1.0000,1.0000,1.0000,1.0000,1.0000,1.0000,-25.7619,-11.8814,"11.185:0.000:18.000",0.1159,"A1 actors are outside the blind-corner conflict zone"
11.9669,1,88,107,1.0000,1.0000,1.0000,1.0000,1.0000,1.0000,-25.7985,-11.7656,"11.143:0.000:18.000",0.0000,"A1 actors are outside the blind-corner conflict zone"
12.0812,1,88,108,1.0000,1.0000,1.0000,1.0000,1.0000,1.0000,-25.8252,-11.6346,"11.098:0.000:18.000",0.0000,"A1 actors are outside the blind-corner conflict zone"
12.1851,1,88,109,1.0000,1.0000,1.0000,1.0000,1.0000,1.0000,-25.8424,-11.5010,"11.057:0.000:18.000",0.0000,"A1 actors are outside the blind-corner conflict zone"
12.3009,1,88,110,1.0000,1.0000,1.0000,1.0000,1.0000,1.0000,-25.8542,-11.3490,"11.012:0.000:18.000",0.1158,"A1 actors are outside the blind-corner conflict zone"
12.4113,1,88,111,1.0000,1.0000,1.0000,1.0000,1.0000,1.0000,-25.8618,-11.2150,"10.969:0.000:18.000",0.2263,"A1 actors are outside the blind-corner conflict zone"
12.5136,1,88,112,1.0000,1.0000,1.0000,1.0000,1.0000,1.0000,-25.8659,-11.1075,"10.929:0.000:18.000",0.0000,"A1 actors are outside the blind-corner conflict zone"
12.6263,1,88,113,1.0000,1.0000,1.0000,1.0000,1.0000,1.0000,-25.8631,-10.9662,"10.885:0.000:18.000",0.0000,"A1 actors are outside the blind-corner conflict zone"
12.7388,1,88,114,1.0000,1.0000,1.0000,1.0000,1.0000,1.0000,-25.8476,-10.8406,"10.841:0.000:18.000",0.1125,"A1 actors are outside the blind-corner conflict zone"
12.8495,1,88,115,1.0000,1.0000,1.0000,1.0000,1.0000,1.0000,-25.8271,-10.6962,"10.798:0.000:18.000",0.2232,"A1 actors are outside the blind-corner conflict zone"
12.9612,1,88,116,1.0000,1.0000,1.0000,1.0000,1.0000,1.0000,-25.8187,-10.5871,"10.755:0.000:18.000",0.3349,"A1 actors are outside the blind-corner conflict zone"
13.0694,1,88,117,1.0000,1.0000,1.0000,1.0000,1.0000,1.0000,-25.8005,-10.4349,"10.713:0.000:18.000",0.0000,"A1 actors are outside the blind-corner conflict zone"
13.1792,1,88,118,1.0000,1.0000,1.0000,1.0000,1.0000,1.0000,-25.7825,-10.3228,"10.670:0.000:18.000",0.0000,"A1 actors are outside the blind-corner conflict zone"
13.2884,1,88,119,1.0000,1.0000,1.0000,1.0000,1.0000,1.0000,-25.7452,-10.1697,"10.627:0.000:18.000",0.0000,"A1 actors are outside the blind-corner conflict zone"
13.4133,1,88,120,1.0000,1.0000,1.0000,1.0000,1.0000,1.0000,-25.6935,-9.9944,"10.578:0.000:18.000",0.1250,"A1 actors are outside the blind-corner conflict zone"
13.5502,1,88,121,1.0000,1.0000,1.0000,1.0000,1.0000,1.0000,-25.6491,-9.8639,"10.525:0.000:18.000",0.0000,"A1 actors are outside the blind-corner conflict zone"
13.7053,1,88,122,1.0000,1.0000,1.0000,1.0000,1.0000,1.0000,-25.6006,-9.6778,"10.465:0.000:18.000",0.0000,"A1 actors are outside the blind-corner conflict zone"
13.8256,1,88,123,1.0000,1.0000,1.0000,1.0000,1.0000,1.0000,-25.5686,-9.5292,"10.418:0.000:18.000",0.0000,"A1 actors are outside the blind-corner conflict zone"
13.9560,1,88,124,1.0000,1.0000,1.0000,1.0000,1.0000,1.0000,-25.5443,-9.3687,"10.367:0.000:18.000",0.1304,"A1 actors are outside the blind-corner conflict zone"
14.0571,1,88,125,1.0000,1.0000,1.0000,1.0000,1.0000,1.0000,-25.5300,-9.2621,"10.327:0.000:18.000",0.0000,"A1 actors are outside the blind-corner conflict zone"
14.1661,1,88,126,1.0000,1.0000,1.0000,1.0000,1.0000,1.0000,-25.5139,-9.1398,"10.285:0.000:18.000",0.1089,"A1 actors are outside the blind-corner conflict zone"
14.2665,1,88,127,1.0000,1.0000,1.0000,1.0000,1.0000,1.0000,-25.5001,-9.0024,"10.246:0.000:18.000",0.0000,"A1 actors are outside the blind-corner conflict zone"
14.3820,1,88,128,1.0000,1.0000,1.0000,1.0000,1.0000,1.0000,-25.4751,-8.8580,"10.201:0.000:18.000",0.1155,"A1 actors are outside the blind-corner conflict zone"
14.4943,1,88,129,1.0000,1.0000,1.0000,1.0000,1.0000,1.0000,-25.4562,-8.7500,"10.157:0.000:18.000",0.0000,"A1 actors are outside the blind-corner conflict zone"
14.6072,1,88,130,1.0000,1.0000,1.0000,1.0000,1.0000,1.0000,-25.4296,-8.6043,"10.113:0.000:18.000",0.0000,"A1 actors are outside the blind-corner conflict zone"
14.7110,1,88,131,1.0000,1.0000,1.0000,1.0000,1.0000,1.0000,-25.4134,-8.4794,"10.072:0.000:18.000",0.0000,"A1 actors are outside the blind-corner conflict zone"
14.8214,1,88,132,1.0000,1.0000,1.0000,1.0000,1.0000,1.0000,-25.4020,-8.3290,"10.029:0.000:18.000",0.0000,"A1 actors are outside the blind-corner conflict zone"
14.9317,1,88,133,1.0000,1.0000,1.0000,1.0000,1.0000,1.0000,-25.3973,-8.2020,"9.986:0.000:18.000",0.0000,"A1 actors are outside the blind-corner conflict zone"
15.0504,1,88,134,1.0000,1.0000,1.0000,1.0000,1.0000,1.0000,-25.3958,-8.0909,"9.940:0.000:18.000",0.0000,"A1 actors are outside the blind-corner conflict zone"
15.1591,1,88,135,1.0000,1.0000,1.0000,1.0000,1.0000,1.0000,-25.3940,-7.9701,"9.898:0.000:18.000",0.1086,"A1 actors are outside the blind-corner conflict zone"
15.2673,1,88,136,1.0000,1.0000,1.0000,1.0000,1.0000,1.0000,-25.3969,-7.8665,"9.855:0.000:18.000",0.2169,"A1 actors are outside the blind-corner conflict zone"
15.3781,1,88,137,1.0000,1.0000,1.0000,1.0000,1.0000,1.0000,-25.4045,-7.7236,"9.812:0.000:18.000",0.0000,"A1 actors are outside the blind-corner conflict zone"
15.4859,1,88,138,1.0000,1.0000,1.0000,1.0000,1.0000,1.0000,-25.4127,-7.5958,"9.770:0.000:18.000",0.1077,"A1 actors are outside the blind-corner conflict zone"
15.5880,1,88,139,1.0000,1.0000,1.0000,1.0000,1.0000,1.0000,-25.4252,-7.4659,"9.730:0.000:18.000",0.0000,"A1 actors are outside the blind-corner conflict zone"
15.6988,1,88,140,1.0000,1.0000,1.0000,1.0000,1.0000,1.0000,-25.4421,-7.3456,"9.687:0.000:18.000",0.0000,"A1 actors are outside the blind-corner conflict zone"
15.8031,1,88,141,1.0000,1.0000,1.0000,1.0000,1.0000,1.0000,-25.4723,-7.2138,"9.646:0.000:18.000",0.0000,"A1 actors are outside the blind-corner conflict zone"
15.9092,1,88,142,1.0000,1.0000,1.0000,1.0000,1.0000,1.0000,-25.5006,-7.1030,"9.605:0.000:18.000",0.0000,"A1 actors are outside the blind-corner conflict zone"
16.0162,1,88,143,1.0000,1.0000,1.0000,1.0000,1.0000,1.0000,-25.5393,-6.9634,"9.563:0.000:18.000",0.0000,"A1 actors are outside the blind-corner conflict zone"
16.1197,1,88,144,1.0000,1.0000,1.0000,1.0000,1.0000,1.0000,-25.5691,-6.8370,"9.523:0.000:18.000",0.0000,"A1 actors are outside the blind-corner conflict zone"
16.2282,1,88,145,1.0000,1.0000,1.0000,1.0000,1.0000,1.0000,-25.5951,-6.7337,"9.481:0.000:18.000",0.0000,"A1 actors are outside the blind-corner conflict zone"
16.3391,1,88,146,1.0000,1.0000,1.0000,1.0000,1.0000,1.0000,-25.6322,-6.5837,"9.437:0.000:18.000",0.0000,"A1 actors are outside the blind-corner conflict zone"
16.4474,1,88,147,1.0000,1.0000,1.0000,1.0000,1.0000,1.0000,-25.6592,-6.4358,"9.395:0.000:18.000",0.1083,"A1 actors are outside the blind-corner conflict zone"
16.5659,1,88,148,1.0000,1.0000,1.0000,1.0000,1.0000,1.0000,-25.6902,-6.2879,"9.349:0.000:18.000",0.2268,"A1 actors are outside the blind-corner conflict zone"
16.6712,1,88,149,1.0000,1.0000,1.0000,1.0000,1.0000,1.0000,-25.7144,-6.1519,"9.308:0.000:18.000",0.0000,"A1 actors are outside the blind-corner conflict zone"
16.7759,1,88,150,1.0000,1.0000,1.0000,1.0000,1.0000,1.0000,-25.7295,-6.0417,"9.267:0.000:18.000",0.0000,"A1 actors are outside the blind-corner conflict zone"
16.8809,1,88,151,1.0000,1.0000,1.0000,1.0000,1.0000,1.0000,-25.7470,-5.9199,"9.226:0.000:18.000",0.0000,"A1 actors are outside the blind-corner conflict zone"
16.9952,1,88,152,1.0000,1.0000,1.0000,1.0000,1.0000,1.0000,-25.7669,-5.7745,"9.181:0.000:18.000",0.1143,"A1 actors are outside the blind-corner conflict zone"
17.1090,1,88,153,1.0000,1.0000,1.0000,1.0000,1.0000,1.0000,-25.7784,-5.6230,"9.137:0.000:18.000",0.0000,"A1 actors are outside the blind-corner conflict zone"
17.2172,1,88,154,1.0000,1.0000,1.0000,1.0000,1.0000,1.0000,-25.7955,-5.4885,"9.095:0.000:18.000",0.1083,"A1 actors are outside the blind-corner conflict zone"
17.3236,1,88,155,1.0000,1.0000,1.0000,1.0000,1.0000,1.0000,-25.8086,-5.3788,"9.053:0.000:18.000",0.2147,"A1 actors are outside the blind-corner conflict zone"
17.4276,1,88,156,1.0000,1.0000,1.0000,1.0000,1.0000,1.0000,-25.8352,-5.2428,"9.013:0.000:18.000",0.0000,"A1 actors are outside the blind-corner conflict zone"
17.5434,1,88,157,1.0000,1.0000,1.0000,1.0000,1.0000,1.0000,-25.8567,-5.1378,"8.968:0.000:18.000",0.1158,"A1 actors are outside the blind-corner conflict zone"
17.6445,1,88,158,1.0000,1.0000,1.0000,1.0000,1.0000,1.0000,-25.8844,-4.9963,"8.928:0.000:18.000",0.0000,"A1 actors are outside the blind-corner conflict zone"
17.7508,1,88,159,1.0000,1.0000,1.0000,1.0000,1.0000,1.0000,-25.9074,-4.8611,"8.887:0.000:18.000",0.1063,"A1 actors are outside the blind-corner conflict zone"
17.8560,1,88,160,1.0000,1.0000,1.0000,1.0000,1.0000,1.0000,-25.9190,-4.7398,"8.846:0.000:18.000",0.0000,"A1 actors are outside the blind-corner conflict zone"
17.9639,1,88,161,1.0000,1.0000,1.0000,1.0000,1.0000,1.0000,-25.9202,-4.6252,"8.804:0.000:18.000",0.0000,"A1 actors are outside the blind-corner conflict zone"
18.0742,1,88,162,1.0000,1.0000,1.0000,1.0000,1.0000,1.0000,-25.9192,-4.4726,"8.761:0.000:18.000",0.0000,"A1 actors are outside the blind-corner conflict zone"
18.1793,1,88,163,1.0000,1.0000,1.0000,1.0000,1.0000,1.0000,-25.9334,-4.3647,"8.720:0.000:18.000",0.1051,"A1 actors are outside the blind-corner conflict zone"
18.2852,1,88,164,1.0000,1.0000,1.0000,1.0000,1.0000,1.0000,-25.9483,-4.2440,"8.678:0.000:18.000",0.2110,"A1 actors are outside the blind-corner conflict zone"
18.3970,1,88,165,1.0000,1.0000,1.0000,1.0000,1.0000,1.0000,-25.9735,-4.0787,"8.635:0.000:18.000",0.3228,"A1 actors are outside the blind-corner conflict zone"
18.5121,1,88,166,1.0000,1.0000,1.0000,1.0000,1.0000,1.0000,-25.9798,-3.9802,"8.590:0.000:18.000",0.4380,"A1 actors are outside the blind-corner conflict zone"
18.6186,1,88,167,1.0000,1.0000,1.0000,1.0000,1.0000,1.0000,-25.9885,-3.8474,"8.548:0.000:18.000",0.0000,"A1 actors are outside the blind-corner conflict zone"
18.7264,1,88,168,1.0000,1.0000,1.0000,1.0000,1.0000,1.0000,-25.9975,-3.6770,"8.506:0.000:18.000",0.1079,"A1 actors are outside the blind-corner conflict zone"
18.8314,1,88,169,1.0000,1.0000,1.0000,1.0000,1.0000,1.0000,-26.0172,-3.5538,"8.465:0.000:18.000",0.0000,"A1 actors are outside the blind-corner conflict zone"
18.9389,1,88,170,1.0000,1.0000,1.0000,1.0000,1.0000,1.0000,-26.0463,-3.4347,"8.423:0.000:18.000",0.0000,"A1 actors are outside the blind-corner conflict zone"
19.0477,1,88,171,1.0000,1.0000,1.0000,1.0000,1.0000,1.0000,-26.0882,-3.3145,"8.381:0.000:18.000",0.1088,"A1 actors are outside the blind-corner conflict zone"
19.1510,1,88,172,1.0000,1.0000,1.0000,1.0000,1.0000,1.0000,-26.1360,-3.2020,"8.341:0.000:18.000",0.2121,"A1 actors are outside the blind-corner conflict zone"
19.2535,1,88,173,1.0000,1.0000,1.0000,1.0000,1.0000,1.0000,-26.1770,-3.0917,"8.301:0.000:18.000",0.0000,"A1 actors are outside the blind-corner conflict zone"
19.3581,1,88,174,1.0000,1.0000,1.0000,1.0000,1.0000,1.0000,-26.2108,-2.9961,"8.260:0.000:18.000",0.1046,"A1 actors are outside the blind-corner conflict zone"
19.4615,1,88,175,1.0000,1.0000,1.0000,1.0000,1.0000,1.0000,-26.2671,-2.8564,"8.220:0.000:18.000",0.2080,"A1 actors are outside the blind-corner conflict zone"
19.5639,1,88,176,1.0000,1.0000,1.0000,1.0000,1.0000,1.0000,-26.3093,-2.7425,"8.180:0.000:18.000",0.0000,"A1 actors are outside the blind-corner conflict zone"
19.6707,1,88,177,1.0000,1.0000,1.0000,1.0000,1.0000,1.0000,-26.3469,-2.6535,"8.138:0.000:18.000",0.0000,"A1 actors are outside the blind-corner conflict zone"
19.7713,1,88,178,1.0000,1.0000,1.0000,1.0000,1.0000,1.0000,-26.3961,-2.5326,"8.099:0.000:18.000",0.0000,"A1 actors are outside the blind-corner conflict zone"
19.8748,1,88,179,1.0000,1.0000,1.0000,1.0000,1.0000,1.0000,-26.4442,-2.4036,"8.058:0.000:18.000",0.1035,"A1 actors are outside the blind-corner conflict zone"
19.9787,1,88,180,1.0000,1.0000,1.0000,1.0000,1.0000,1.0000,-26.4793,-2.2695,"8.018:0.000:18.000",0.0000,"A1 actors are outside the blind-corner conflict zone"
20.0796,1,88,181,1.0000,1.0000,1.0000,1.0000,1.0000,1.0000,-26.4973,-2.1725,"7.979:0.000:18.000",0.1009,"A1 actors are outside the blind-corner conflict zone"
20.1886,1,88,182,1.0000,1.0000,1.0000,1.0000,1.0000,1.0000,-26.5151,-2.0531,"7.936:0.000:18.000",0.2099,"A1 actors are outside the blind-corner conflict zone"
20.2943,1,88,183,1.0000,1.0000,1.0000,1.0000,1.0000,1.0000,-26.5306,-1.9348,"7.895:0.000:18.000",0.3156,"A1 actors are outside the blind-corner conflict zone"
20.3969,1,88,184,1.0000,1.0000,1.0000,1.0000,1.0000,1.0000,-26.5507,-1.8221,"7.855:0.000:18.000",0.0000,"A1 actors are outside the blind-corner conflict zone"
20.5046,1,88,185,1.0000,1.0000,1.0000,1.0000,1.0000,1.0000,-26.5759,-1.6708,"7.813:0.000:18.000",0.0000,"A1 actors are outside the blind-corner conflict zone"
20.6108,1,88,186,1.0000,1.0000,1.0000,1.0000,1.0000,1.0000,-26.5954,-1.5507,"7.771:0.000:18.000",0.1062,"A1 actors are outside the blind-corner conflict zone"
20.7216,1,88,187,1.0000,1.0000,1.0000,1.0000,1.0000,1.0000,-26.6217,-1.4054,"7.728:0.000:18.000",0.0000,"A1 actors are outside the blind-corner conflict zone"
20.8264,1,88,188,1.0000,1.0000,1.0000,1.0000,1.0000,1.0000,-26.6505,-1.2874,"7.687:0.000:18.000",0.1047,"A1 actors are outside the blind-corner conflict zone"
20.9273,1,88,189,1.0000,1.0000,1.0000,1.0000,1.0000,1.0000,-26.6860,-1.1631,"7.648:0.000:18.000",0.0000,"A1 actors are outside the blind-corner conflict zone"
21.0348,1,88,190,1.0000,1.0000,1.0000,1.0000,1.0000,1.0000,-26.7241,-1.0249,"7.606:0.000:18.000",0.1075,"A1 actors are outside the blind-corner conflict zone"
21.1406,1,88,191,1.0000,1.0000,1.0000,1.0000,1.0000,1.0000,-26.7464,-0.8940,"7.565:0.000:18.000",0.0000,"A1 actors are outside the blind-corner conflict zone"
21.2474,1,88,192,1.0000,1.0000,1.0000,1.0000,1.0000,1.0000,-26.7632,-0.7827,"7.523:0.000:18.000",0.1068,"A1 actors are outside the blind-corner conflict zone"
21.3512,1,88,193,1.0000,1.0000,1.0000,1.0000,1.0000,1.0000,-26.7858,-0.6643,"7.483:0.000:18.000",0.2106,"A1 actors are outside the blind-corner conflict zone"
21.4687,1,88,194,1.0000,1.0000,1.0000,1.0000,1.0000,1.0000,-26.8330,-0.5134,"7.437:0.000:18.000",0.0000,"A1 actors are outside the blind-corner conflict zone"
21.5771,1,88,195,1.0000,1.0000,1.0000,1.0000,1.0000,1.0000,-26.8702,-0.4156,"7.395:0.000:18.000",0.0000,"A1 actors are outside the blind-corner conflict zone"
21.6787,1,88,196,1.0000,1.0000,1.0000,1.0000,1.0000,1.0000,-26.8972,-0.3157,"7.355:0.000:18.000",0.0000,"A1 actors are outside the blind-corner conflict zone"
21.7828,1,88,197,1.0000,1.0000,1.0000,1.0000,1.0000,1.0000,-26.9128,-0.1997,"7.314:0.000:18.000",0.0000,"A1 actors are outside the blind-corner conflict zone"
21.8927,1,88,198,1.0000,1.0000,1.0000,1.0000,1.0000,1.0000,-26.9283,-0.0518,"7.271:0.000:18.000",0.0000,"A1 actors are outside the blind-corner conflict zone"
21.9998,1,88,199,1.0000,1.0000,1.0000,1.0000,1.0000,1.0000,-26.9497,0.0766,"7.230:0.000:18.000",0.0000,"A1 actors are outside the blind-corner conflict zone"
22.1097,1,88,200,1.0000,1.0000,1.0000,1.0000,1.0000,1.0000,-26.9714,0.2111,"7.187:0.000:18.000",0.0000,"A1 actors are outside the blind-corner conflict zone"
22.2262,1,88,201,1.0000,1.0000,1.0000,1.0000,1.0000,1.0000,-26.9951,0.3153,"7.141:0.000:18.000",0.1164,"A1 actors are outside the blind-corner conflict zone"
22.3368,1,88,202,1.0000,1.0000,1.0000,1.0000,1.0000,1.0000,-27.0106,0.4509,"7.098:0.000:18.000",0.2270,"A1 actors are outside the blind-corner conflict zone"
22.4400,1,88,203,1.0000,1.0000,1.0000,1.0000,1.0000,1.0000,-27.0383,0.5649,"7.058:0.000:18.000",0.3302,"A1 actors are outside the blind-corner conflict zone"
22.5403,1,88,204,1.0000,1.0000,1.0000,1.0000,1.0000,1.0000,-27.0684,0.6761,"7.019:0.000:18.000",0.0000,"A1 actors are outside the blind-corner conflict zone"
22.6413,1,88,205,1.0000,1.0000,1.0000,1.0000,1.0000,1.0000,-27.0981,0.7973,"6.979:0.000:18.000",0.0000,"A1 actors are outside the blind-corner conflict zone"
22.7472,1,88,206,1.0000,1.0000,1.0000,1.0000,1.0000,1.0000,-27.1296,0.9130,"6.938:0.000:18.000",0.0000,"A1 actors are outside the blind-corner conflict zone"
22.8542,1,88,207,1.0000,1.0000,1.0000,1.0000,1.0000,1.0000,-27.1666,1.0312,"6.896:0.000:18.000",0.0000,"A1 actors are outside the blind-corner conflict zone"
22.9553,1,88,208,1.0000,1.0000,1.0000,1.0000,1.0000,1.0000,-27.2096,1.1446,"6.857:0.000:18.000",0.1011,"A1 actors are outside the blind-corner conflict zone"
23.0580,1,88,209,1.0000,1.0000,1.0000,1.0000,1.0000,1.0000,-27.2611,1.2729,"6.817:0.000:18.000",0.2038,"A1 actors are outside the blind-corner conflict zone"
23.1602,1,88,210,1.0000,1.0000,1.0000,1.0000,1.0000,1.0000,-27.2982,1.3651,"6.777:0.000:18.000",0.3059,"A1 actors are outside the blind-corner conflict zone"
23.2684,1,88,211,1.0000,1.0000,1.0000,1.0000,1.0000,1.0000,-27.3365,1.4807,"6.735:0.000:18.000",0.0000,"A1 actors are outside the blind-corner conflict zone"
23.3699,1,88,212,1.0000,1.0000,1.0000,1.0000,1.0000,1.0000,-27.3739,1.6044,"6.695:0.000:18.000",0.1015,"A1 actors are outside the blind-corner conflict zone"
23.4843,1,88,213,1.0000,1.0000,1.0000,1.0000,1.0000,1.0000,-27.4069,1.7296,"6.651:0.000:18.000",0.2160,"A1 actors are outside the blind-corner conflict zone"
23.5904,1,88,214,1.0000,1.0000,1.0000,1.0000,1.0000,1.0000,-27.4343,1.8514,"6.609:0.000:18.000",0.0000,"A1 actors are outside the blind-corner conflict zone"
23.7012,1,88,215,1.0000,1.0000,1.0000,1.0000,1.0000,1.0000,-27.4625,1.9675,"6.566:0.000:18.000",0.1108,"A1 actors are outside the blind-corner conflict zone"
23.8095,1,88,216,1.0000,1.0000,1.0000,1.0000,1.0000,1.0000,-27.5033,2.0931,"6.524:0.000:18.000",0.2191,"A1 actors are outside the blind-corner conflict zone"
23.9126,1,88,217,1.0000,1.0000,1.0000,1.0000,1.0000,1.0000,-27.5345,2.2105,"6.484:0.000:18.000",0.0000,"A1 actors are outside the blind-corner conflict zone"
24.0145,1,88,218,1.0000,1.0000,1.0000,1.0000,1.0000,1.0000,-27.5659,2.3427,"6.444:0.000:18.000",0.0000,"A1 actors are outside the blind-corner conflict zone"
24.1168,1,88,219,1.0000,1.0000,1.0000,1.0000,1.0000,1.0000,-27.5972,2.4631,"6.404:0.000:18.000",0.0000,"A1 actors are outside the blind-corner conflict zone"
24.2180,1,88,220,1.0000,1.0000,1.0000,1.0000,1.0000,1.0000,-27.6313,2.5975,"6.365:0.000:18.000",0.1012,"A1 actors are outside the blind-corner conflict zone"
24.3241,1,88,221,1.0000,1.0000,1.0000,1.0000,1.0000,1.0000,-27.6469,2.7114,"6.323:0.000:18.000",0.2072,"A1 actors are outside the blind-corner conflict zone"
24.4303,1,88,222,1.0000,1.0000,1.0000,1.0000,1.0000,1.0000,-27.6701,2.8409,"6.282:0.000:18.000",0.0000,"A1 actors are outside the blind-corner conflict zone"
24.5316,1,88,223,1.0000,1.0000,1.0000,1.0000,1.0000,1.0000,-27.6945,2.9579,"6.242:0.000:18.000",0.0000,"A1 actors are outside the blind-corner conflict zone"
24.6398,1,88,224,1.0000,1.0000,1.0000,1.0000,1.0000,1.0000,-27.7256,3.0956,"6.200:0.000:18.000",0.0000,"A1 actors are outside the blind-corner conflict zone"
24.7520,1,88,225,1.0000,1.0000,1.0000,1.0000,1.0000,1.0000,-27.7452,3.1938,"6.156:0.000:18.000",0.0000,"A1 actors are outside the blind-corner conflict zone"
24.8700,1,88,226,1.0000,1.0000,1.0000,1.0000,1.0000,1.0000,-27.7700,3.3234,"6.110:0.000:18.000",0.1180,"A1 actors are outside the blind-corner conflict zone"
24.9806,1,88,227,1.0000,1.0000,1.0000,1.0000,1.0000,1.0000,-27.7920,3.4602,"6.067:0.000:18.000",0.0000,"A1 actors are outside the blind-corner conflict zone"
25.0976,1,88,228,1.0000,1.0000,1.0000,1.0000,1.0000,1.0000,-27.8013,3.6143,"6.022:0.000:18.000",0.0000,"A1 actors are outside the blind-corner conflict zone"
25.2064,1,88,229,1.0000,1.0000,1.0000,1.0000,1.0000,1.0000,-27.8040,3.7221,"5.979:0.000:18.000",0.1087,"A1 actors are outside the blind-corner conflict zone"
25.3183,1,88,230,1.0000,1.0000,1.0000,1.0000,1.0000,1.0000,-27.8036,3.8395,"5.935:0.000:18.000",0.2207,"A1 actors are outside the blind-corner conflict zone"
25.4270,1,88,231,1.0000,1.0000,1.0000,1.0000,1.0000,1.0000,-27.7980,3.9761,"5.893:0.000:18.000",0.0000,"A1 actors are outside the blind-corner conflict zone"
25.5423,1,88,232,1.0000,1.0000,1.0000,1.0000,1.0000,1.0000,-27.7873,4.1445,"5.848:0.000:18.000",0.0000,"A1 actors are outside the blind-corner conflict zone"
25.6492,1,88,233,1.0000,1.0000,1.0000,1.0000,1.0000,1.0000,-27.7868,4.2778,"5.806:0.000:18.000",0.0000,"A1 actors are outside the blind-corner conflict zone"
25.7570,1,88,234,1.0000,1.0000,1.0000,1.0000,1.0000,1.0000,-27.7950,4.4127,"5.764:0.000:18.000",0.1078,"A1 actors are outside the blind-corner conflict zone"
25.8623,1,88,235,1.0000,1.0000,1.0000,1.0000,1.0000,1.0000,-27.8032,4.5486,"5.723:0.000:18.000",0.2131,"A1 actors are outside the blind-corner conflict zone"
25.9637,1,88,236,1.0000,1.0000,1.0000,1.0000,1.0000,1.0000,-27.8019,4.6764,"5.684:0.000:18.000",0.0000,"A1 actors are outside the blind-corner conflict zone"
26.0674,1,88,237,1.0000,1.0000,1.0000,1.0000,1.0000,1.0000,-27.7927,4.8121,"5.643:0.000:18.000",0.0000,"A1 actors are outside the blind-corner conflict zone"
26.1690,1,88,238,1.0000,1.0000,1.0000,1.0000,1.0000,1.0000,-27.7851,4.9255,"5.604:0.000:18.000",0.1016,"A1 actors are outside the blind-corner conflict zone"
26.2713,1,88,239,1.0000,1.0000,1.0000,1.0000,1.0000,1.0000,-27.7805,5.0470,"5.564:0.000:18.000",0.0000,"A1 actors are outside the blind-corner conflict zone"
26.3781,1,88,240,1.0000,1.0000,1.0000,1.0000,1.0000,1.0000,-27.7714,5.1743,"5.522:0.000:18.000",0.1067,"A1 actors are outside the blind-corner conflict zone"
26.4788,1,88,241,1.0000,1.0000,1.0000,1.0000,1.0000,1.0000,-27.7571,5.2927,"5.483:0.000:18.000",0.0000,"A1 actors are outside the blind-corner conflict zone"
26.5851,1,88,242,1.0000,1.0000,1.0000,1.0000,1.0000,1.0000,-27.7376,5.4329,"5.441:0.000:18.000",0.0000,"A1 actors are outside the blind-corner conflict zone"
26.6928,1,88,243,1.0000,1.0000,1.0000,1.0000,1.0000,1.0000,-27.7220,5.5491,"5.399:0.000:18.000",0.0000,"A1 actors are outside the blind-corner conflict zone"
26.8000,1,88,244,1.0000,1.0000,1.0000,1.0000,1.0000,1.0000,-27.6951,5.6732,"5.358:0.000:18.000",0.0000,"A1 actors are outside the blind-corner conflict zone"
26.9044,1,88,245,1.0000,1.0000,1.0000,1.0000,1.0000,1.0000,-27.6632,5.7882,"5.317:0.000:18.000",0.0000,"A1 actors are outside the blind-corner conflict zone"
27.0121,1,88,246,1.0000,1.0000,1.0000,1.0000,1.0000,1.0000,-27.6109,5.9317,"5.275:0.000:18.000",0.1077,"A1 actors are outside the blind-corner conflict zone"
27.1209,1,88,247,1.0000,1.0000,1.0000,1.0000,1.0000,1.0000,-27.5528,6.0521,"5.232:0.000:18.000",0.2165,"A1 actors are outside the blind-corner conflict zone"
27.2316,1,88,248,1.0000,1.0000,1.0000,1.0000,1.0000,1.0000,-27.4763,6.1919,"5.189:0.000:18.000",0.0000,"A1 actors are outside the blind-corner conflict zone"
27.3333,1,88,249,1.0000,1.0000,1.0000,1.0000,1.0000,1.0000,-27.4025,6.2949,"5.150:0.000:18.000",0.0000,"A1 actors are outside the blind-corner conflict zone"
27.4362,1,88,250,1.0000,1.0000,1.0000,1.0000,1.0000,1.0000,-27.3360,6.3840,"5.110:0.000:18.000",0.0000,"A1 actors are outside the blind-corner conflict zone"
27.5371,1,88,251,1.0000,1.0000,1.0000,1.0000,1.0000,1.0000,-27.2583,6.5003,"5.070:0.000:18.000",0.0000,"A1 actors are outside the blind-corner conflict zone"
27.6373,1,88,252,1.0000,1.0000,1.0000,1.0000,1.0000,1.0000,-27.1917,6.6140,"5.050:0.000:18.000",0.1001,"A1 actors are outside the blind-corner conflict zone"
27.7384,1,88,253,1.0000,1.0000,1.0000,1.0000,1.0000,1.0000,-27.1261,6.7350,"5.090:0.000:18.000",0.2013,"A1 actors are outside the blind-corner conflict zone"
27.8400,1,88,254,1.0000,1.0000,1.0000,1.0000,1.0000,1.0000,-27.0764,6.8472,"5.129:0.000:18.000",0.0000,"A1 actors are outside the blind-corner conflict zone"
27.9468,1,88,255,1.0000,1.0000,1.0000,1.0000,1.0000,1.0000,-27.0220,6.9653,"5.171:0.000:18.000",0.0000,"A1 actors are outside the blind-corner conflict zone"
28.0480,1,88,256,1.0000,1.0000,1.0000,1.0000,1.0000,1.0000,-26.9757,7.0655,"5.210:0.000:18.000",0.1012,"A1 actors are outside the blind-corner conflict zone"
28.1517,1,88,257,1.0000,1.0000,1.0000,1.0000,1.0000,1.0000,-26.9172,7.1838,"5.251:0.000:18.000",0.0000,"A1 actors are outside the blind-corner conflict zone"
28.2583,1,88,258,1.0000,1.0000,1.0000,1.0000,1.0000,1.0000,-26.8545,7.3119,"5.292:0.000:18.000",0.1067,"A1 actors are outside the blind-corner conflict zone"
28.3671,1,88,259,1.0000,1.0000,1.0000,1.0000,1.0000,1.0000,-26.8040,7.4108,"5.335:0.000:18.000",0.0000,"A1 actors are outside the blind-corner conflict zone"
28.4761,1,88,260,1.0000,1.0000,1.0000,1.0000,1.0000,1.0000,-26.7499,7.5165,"5.377:0.000:18.000",0.0000,"A1 actors are outside the blind-corner conflict zone"
28.5818,1,88,261,1.0000,1.0000,1.0000,1.0000,1.0000,1.0000,-26.6777,7.6527,"5.418:0.000:18.000",0.0000,"A1 actors are outside the blind-corner conflict zone"
28.6879,1,88,262,1.0000,1.0000,1.0000,1.0000,1.0000,1.0000,-26.6237,7.7421,"5.460:0.000:18.000",0.1062,"A1 actors are outside the blind-corner conflict zone"
28.7959,1,88,263,1.0000,1.0000,1.0000,1.0000,1.0000,1.0000,-26.5637,7.8334,"5.502:0.000:18.000",0.0000,"A1 actors are outside the blind-corner conflict zone"
28.9127,1,88,264,1.0000,1.0000,1.0000,1.0000,1.0000,1.0000,-26.4763,7.9650,"5.548:0.000:18.000",0.1168,"A1 actors are outside the blind-corner conflict zone"
29.0177,1,88,265,1.0000,1.0000,1.0000,1.0000,1.0000,1.0000,-26.3781,8.1000,"5.589:0.000:18.000",0.0000,"A1 actors are outside the blind-corner conflict zone"
29.1185,1,88,266,1.0000,1.0000,1.0000,1.0000,1.0000,1.0000,-26.3073,8.1884,"5.628:0.000:18.000",0.0000,"A1 actors are outside the blind-corner conflict zone"
29.2346,1,88,267,1.0000,1.0000,1.0000,1.0000,1.0000,1.0000,-26.2321,8.2816,"5.673:0.000:18.000",0.0000,"A1 actors are outside the blind-corner conflict zone"
29.3531,1,88,268,1.0000,1.0000,1.0000,1.0000,1.0000,1.0000,-26.1526,8.3965,"5.719:0.000:18.000",0.1184,"A1 actors are outside the blind-corner conflict zone"
29.4642,1,88,269,1.0000,1.0000,1.0000,1.0000,1.0000,1.0000,-26.0769,8.5171,"5.763:0.000:18.000",0.0000,"A1 actors are outside the blind-corner conflict zone"
29.5822,1,88,270,1.0000,1.0000,1.0000,1.0000,1.0000,1.0000,-25.9981,8.6579,"5.809:0.000:18.000",0.0000,"A1 actors are outside the blind-corner conflict zone"
29.6833,1,88,271,1.0000,1.0000,1.0000,1.0000,1.0000,1.0000,-25.9532,8.7388,"5.848:0.000:18.000",0.0000,"A1 actors are outside the blind-corner conflict zone"
29.7905,1,88,272,1.0000,1.0000,1.0000,1.0000,1.0000,1.0000,-25.8808,8.8625,"5.890:0.000:18.000",0.0000,"A1 actors are outside the blind-corner conflict zone"
29.9026,1,88,273,1.0000,1.0000,1.0000,1.0000,1.0000,1.0000,-25.7970,8.9776,"5.934:0.000:18.000",0.0000,"A1 actors are outside the blind-corner conflict zone"
30.0182,1,88,274,1.0000,1.0000,1.0000,1.0000,1.0000,1.0000,-25.7143,9.0761,"5.979:0.000:18.000",0.1156,"A1 actors are outside the blind-corner conflict zone"
30.1306,1,88,275,1.0000,1.0000,1.0000,1.0000,1.0000,1.0000,-25.6392,9.1615,"6.023:0.000:18.000",0.0000,"A1 actors are outside the blind-corner conflict zone"
30.2474,1,88,276,1.0000,1.0000,1.0000,1.0000,1.0000,1.0000,-25.5243,9.2886,"6.068:0.000:18.000",0.0000,"A1 actors are outside the blind-corner conflict zone"
30.3610,1,88,277,1.0000,1.0000,1.0000,1.0000,1.0000,1.0000,-25.4274,9.3933,"6.112:0.000:18.000",0.0000,"A1 actors are outside the blind-corner conflict zone"
30.4764,1,88,278,1.0000,1.0000,1.0000,1.0000,1.0000,1.0000,-25.3531,9.4711,"6.157:0.000:18.000",0.0000,"A1 actors are outside the blind-corner conflict zone"
30.5875,1,88,279,1.0000,1.0000,1.0000,1.0000,1.0000,1.0000,-25.2610,9.5702,"6.201:0.000:18.000",0.0000,"A1 actors are outside the blind-corner conflict zone"
30.7035,1,88,280,1.0000,1.0000,1.0000,1.0000,1.0000,1.0000,-25.1565,9.7018,"6.246:0.000:18.000",0.1160,"A1 actors are outside the blind-corner conflict zone"
30.8143,1,88,281,1.0000,1.0000,1.0000,1.0000,1.0000,1.0000,-25.0967,9.8013,"6.289:0.000:18.000",0.0000,"A1 actors are outside the blind-corner conflict zone"
30.9163,1,88,282,1.0000,1.0000,1.0000,1.0000,1.0000,1.0000,-25.0461,9.9109,"6.329:0.000:18.000",0.1020,"A1 actors are outside the blind-corner conflict zone"
31.0200,1,88,283,1.0000,1.0000,1.0000,1.0000,1.0000,1.0000,-25.0077,10.0017,"6.369:0.000:18.000",0.0000,"A1 actors are outside the blind-corner conflict zone"
31.1291,1,88,284,1.0000,1.0000,1.0000,1.0000,1.0000,1.0000,-24.9522,10.1291,"6.412:0.000:18.000",0.1091,"A1 actors are outside the blind-corner conflict zone"
31.2309,1,88,285,1.0000,1.0000,1.0000,1.0000,1.0000,1.0000,-24.9274,10.1982,"6.452:0.000:18.000",0.0000,"A1 actors are outside the blind-corner conflict zone"
31.3340,1,88,286,1.0000,1.0000,1.0000,1.0000,1.0000,1.0000,-24.8816,10.3363,"6.492:0.000:18.000",0.1030,"A1 actors are outside the blind-corner conflict zone"
31.4375,1,88,287,1.0000,1.0000,1.0000,1.0000,1.0000,1.0000,-24.8481,10.4660,"6.532:0.000:18.000",0.0000,"A1 actors are outside the blind-corner conflict zone"
31.5501,1,88,288,1.0000,1.0000,1.0000,1.0000,1.0000,1.0000,-24.8099,10.5885,"6.576:0.000:18.000",0.0000,"A1 actors are outside the blind-corner conflict zone"
31.6507,1,88,289,1.0000,1.0000,1.0000,1.0000,1.0000,1.0000,-24.7778,10.7098,"6.615:0.000:18.000",0.1007,"A1 actors are outside the blind-corner conflict zone"
31.7565,1,88,290,1.0000,1.0000,1.0000,1.0000,1.0000,1.0000,-24.7375,10.8405,"6.657:0.000:18.000",0.0000,"A1 actors are outside the blind-corner conflict zone"
31.8710,1,88,291,1.0000,1.0000,1.0000,1.0000,1.0000,1.0000,-24.6839,10.9875,"6.701:0.000:18.000",0.0000,"A1 actors are outside the blind-corner conflict zone"
0.1062,1,89,1,1.0000,1.0000,1.0000,1.0000,1.0000,1.0000,-23.9968,-17.1232,"15.765:0.000:18.000",0.0000,"A1 actors are outside the blind-corner conflict zone"
0.2117,1,89,2,1.0000,1.0000,1.0000,1.0000,1.0000,1.0000,-23.9976,-17.1274,"15.724:0.000:18.000",0.0000,"A1 actors are outside the blind-corner conflict zone"
0.3203,1,89,3,1.0000,1.0000,1.0000,1.0000,1.0000,1.0000,-23.9969,-17.1202,"15.682:0.000:18.000",0.1086,"A1 actors are outside the blind-corner conflict zone"
0.4229,1,89,4,1.0000,1.0000,1.0000,1.0000,1.0000,1.0000,-23.9959,-17.0948,"15.642:0.000:18.000",0.0000,"A1 actors are outside the blind-corner conflict zone"
0.5393,1,89,5,1.0000,1.0000,1.0000,1.0000,1.0000,1.0000,-23.9917,-17.0490,"15.596:0.000:18.000",0.1164,"A1 actors are outside the blind-corner conflict zone"
0.6394,1,89,6,1.0000,1.0000,1.0000,1.0000,1.0000,1.0000,-23.9821,-16.9858,"15.557:0.000:18.000",0.2165,"A1 actors are outside the blind-corner conflict zone"
0.7395,1,89,7,1.0000,1.0000,1.0000,1.0000,1.0000,1.0000,-23.9672,-16.9061,"15.518:0.000:18.000",0.3166,"A1 actors are outside the blind-corner conflict zone"
0.8463,1,89,8,1.0000,1.0000,1.0000,1.0000,1.0000,1.0000,-23.9616,-16.8246,"15.477:0.000:18.000",0.0000,"A1 actors are outside the blind-corner conflict zone"
0.9521,1,89,9,1.0000,1.0000,1.0000,1.0000,1.0000,1.0000,-23.9566,-16.7397,"15.435:0.000:18.000",0.1058,"A1 actors are outside the blind-corner conflict zone"
1.0581,1,89,10,1.0000,1.0000,1.0000,1.0000,1.0000,1.0000,-23.9453,-16.6231,"15.394:0.000:18.000",0.2118,"A1 actors are outside the blind-corner conflict zone"
1.1622,1,89,11,1.0000,1.0000,1.0000,1.0000,1.0000,1.0000,-23.9335,-16.5041,"15.353:0.000:18.000",0.3160,"A1 actors are outside the blind-corner conflict zone"
1.2678,1,89,12,1.0000,1.0000,1.0000,1.0000,1.0000,1.0000,-23.9287,-16.3636,"15.312:0.000:18.000",0.4215,"A1 actors are outside the blind-corner conflict zone"
1.3831,1,89,13,1.0000,1.0000,1.0000,1.0000,1.0000,1.0000,-23.9206,-16.2385,"15.267:0.000:18.000",0.0000,"A1 actors are outside the blind-corner conflict zone"
1.4853,1,89,14,1.0000,1.0000,1.0000,1.0000,1.0000,1.0000,-23.8926,-16.0983,"15.227:0.000:18.000",0.0000,"A1 actors are outside the blind-corner conflict zone"
1.8372,1,89,15,1.0000,1.0000,1.0000,1.0000,1.0000,1.0000,-23.7742,-15.5648,"15.090:0.000:18.000",0.0000,"A1 actors are outside the blind-corner conflict zone"
1.9421,1,89,16,1.0000,1.0000,1.0000,1.0000,1.0000,1.0000,-23.7591,-15.4235,"15.049:0.000:18.000",0.1049,"A1 actors are outside the blind-corner conflict zone"
2.0481,1,89,17,1.0000,1.0000,1.0000,1.0000,1.0000,1.0000,-23.7904,-15.2949,"15.008:0.000:18.000",0.0000,"A1 actors are outside the blind-corner conflict zone"
2.1629,1,89,18,1.0000,1.0000,1.0000,1.0000,1.0000,1.0000,-23.8782,-15.2293,"14.963:0.000:18.000",0.0000,"A1 actors are outside the blind-corner conflict zone"
2.2767,1,89,19,1.0000,1.0000,1.0000,1.0000,1.0000,1.0000,-23.9973,-15.1981,"14.919:0.000:18.000",0.0000,"A1 actors are outside the blind-corner conflict zone"
2.3831,1,89,20,1.0000,1.0000,1.0000,1.0000,1.0000,1.0000,-24.0551,-15.2006,"14.877:0.000:18.000",0.0000,"A1 actors are outside the blind-corner conflict zone"
2.4864,1,89,21,1.0000,1.0000,1.0000,1.0000,1.0000,1.0000,-24.0925,-15.2047,"14.837:0.000:18.000",0.1032,"A1 actors are outside the blind-corner conflict zone"
2.5950,1,89,22,1.0000,1.0000,1.0000,1.0000,1.0000,1.0000,-24.0726,-15.2056,"14.795:0.000:18.000",0.0000,"A1 actors are outside the blind-corner conflict zone"
2.6958,1,89,23,1.0000,1.0000,1.0000,1.0000,1.0000,1.0000,-24.0566,-15.2062,"14.755:0.000:18.000",0.1009,"A1 actors are outside the blind-corner conflict zone"
2.8112,1,89,24,1.0000,1.0000,1.0000,1.0000,1.0000,1.0000,-24.0407,-15.2077,"14.710:0.000:18.000",0.2162,"A1 actors are outside the blind-corner conflict zone"
2.9147,1,89,25,1.0000,1.0000,1.0000,1.0000,1.0000,1.0000,-24.0305,-15.2096,"14.670:0.000:18.000",0.3198,"A1 actors are outside the blind-corner conflict zone"
3.0287,1,89,26,1.0000,1.0000,1.0000,1.0000,1.0000,1.0000,-24.0174,-15.2113,"14.625:0.000:18.000",0.0000,"A1 actors are outside the blind-corner conflict zone"
3.1436,1,89,27,1.0000,1.0000,1.0000,1.0000,1.0000,1.0000,-24.0360,-15.2095,"14.581:0.000:18.000",0.1149,"A1 actors are outside the blind-corner conflict zone"
3.2586,1,89,28,1.0000,1.0000,1.0000,1.0000,1.0000,1.0000,-24.0347,-15.2094,"14.536:0.000:18.000",0.2299,"A1 actors are outside the blind-corner conflict zone"
3.3723,1,89,29,1.0000,1.0000,1.0000,1.0000,1.0000,1.0000,-24.0330,-15.2096,"14.491:0.000:18.000",0.3436,"A1 actors are outside the blind-corner conflict zone"
3.4864,1,89,30,1.0000,1.0000,1.0000,1.0000,1.0000,1.0000,-24.0255,-15.2108,"14.447:0.000:18.000",0.4578,"A1 actors are outside the blind-corner conflict zone"
3.6012,1,89,31,1.0000,1.0000,1.0000,1.0000,1.0000,1.0000,-24.0389,-15.2085,"14.402:0.000:18.000",0.5725,"A1 actors are outside the blind-corner conflict zone"
3.7202,1,89,32,1.0000,1.0000,1.0000,1.0000,1.0000,1.0000,-24.0354,-15.2086,"14.356:0.000:18.000",0.6915,"A1 actors are outside the blind-corner conflict zone"
3.8294,1,89,33,1.0000,1.0000,1.0000,1.0000,1.0000,1.0000,-24.0384,-15.2080,"14.313:0.000:18.000",0.8007,"A1 actors are outside the blind-corner conflict zone"
3.9299,1,89,34,1.0000,1.0000,1.0000,1.0000,1.0000,1.0000,-24.0392,-15.2082,"14.274:0.000:18.000",0.0000,"A1 actors are outside the blind-corner conflict zone"
4.0361,1,89,35,1.0000,1.0000,1.0000,1.0000,1.0000,1.0000,-24.0171,-15.2105,"14.232:0.000:18.000",0.0000,"A1 actors are outside the blind-corner conflict zone"
4.1370,1,89,36,1.0000,1.0000,1.0000,1.0000,1.0000,1.0000,-24.0272,-15.2101,"14.193:0.000:18.000",0.0000,"A1 actors are outside the blind-corner conflict zone"
4.2483,1,89,37,1.0000,1.0000,1.0000,1.0000,1.0000,1.0000,-24.0220,-15.2109,"14.150:0.000:18.000",0.0000,"A1 actors are outside the blind-corner conflict zone"
4.3538,1,89,38,1.0000,1.0000,1.0000,1.0000,1.0000,1.0000,-24.0313,-15.2094,"14.109:0.000:18.000",0.1054,"A1 actors are outside the blind-corner conflict zone"
4.4540,1,89,39,1.0000,1.0000,1.0000,1.0000,1.0000,1.0000,-24.0233,-15.2099,"14.069:0.000:18.000",0.0000,"A1 actors are outside the blind-corner conflict zone"
4.5559,1,89,40,1.0000,1.0000,1.0000,1.0000,1.0000,1.0000,-24.0219,-15.2102,"14.030:0.000:18.000",0.0000,"A1 actors are outside the blind-corner conflict zone"
4.6687,1,89,41,1.0000,1.0000,1.0000,1.0000,1.0000,1.0000,-24.0228,-15.2102,"13.986:0.000:18.000",0.0000,"A1 actors are outside the blind-corner conflict zone"
4.7690,1,89,42,1.0000,1.0000,1.0000,1.0000,1.0000,1.0000,-24.0314,-15.2084,"13.947:0.000:18.000",0.0000,"A1 actors are outside the blind-corner conflict zone"
4.8692,1,89,43,1.0000,1.0000,1.0000,1.0000,1.0000,1.0000,-24.0179,-15.2109,"13.908:0.000:18.000",0.1002,"A1 actors are outside the blind-corner conflict zone"
4.9713,1,89,44,1.0000,1.0000,1.0000,1.0000,1.0000,1.0000,-23.9822,-15.2185,"13.868:0.000:18.000",0.0000,"A1 actors are outside the blind-corner conflict zone"
5.0754,1,89,45,1.0000,1.0000,1.0000,1.0000,1.0000,1.0000,-23.9847,-15.2183,"13.827:0.000:18.000",0.1041,"A1 actors are outside the blind-corner conflict zone"
5.1794,1,89,46,1.0000,1.0000,1.0000,1.0000,1.0000,1.0000,-23.9853,-15.2176,"13.787:0.000:18.000",0.2081,"A1 actors are outside the blind-corner conflict zone"
5.2808,1,89,47,1.0000,1.0000,1.0000,1.0000,1.0000,1.0000,-23.9882,-15.2175,"13.747:0.000:18.000",0.3095,"A1 actors are outside the blind-corner conflict zone"
5.3927,1,89,48,1.0000,1.0000,1.0000,1.0000,1.0000,1.0000,-23.9813,-15.2174,"13.703:0.000:18.000",0.0000,"A1 actors are outside the blind-corner conflict zone"
5.4930,1,89,49,1.0000,1.0000,1.0000,1.0000,1.0000,1.0000,-24.0036,-15.2153,"13.664:0.000:18.000",0.0000,"A1 actors are outside the blind-corner conflict zone"
5.6003,1,89,50,1.0000,1.0000,1.0000,1.0000,1.0000,1.0000,-23.9882,-15.2164,"13.622:0.000:18.000",0.1073,"A1 actors are outside the blind-corner conflict zone"
5.7029,1,89,51,1.0000,1.0000,1.0000,1.0000,1.0000,1.0000,-23.9971,-15.2152,"13.582:0.000:18.000",0.0000,"A1 actors are outside the blind-corner conflict zone"
5.8049,1,89,52,1.0000,1.0000,1.0000,1.0000,1.0000,1.0000,-23.9829,-15.2166,"13.543:0.000:18.000",0.0000,"A1 actors are outside the blind-corner conflict zone"
5.9073,1,89,53,1.0000,1.0000,1.0000,1.0000,1.0000,1.0000,-23.9808,-15.2170,"13.503:0.000:18.000",0.1024,"A1 actors are outside the blind-corner conflict zone"
6.0113,1,89,54,1.0000,1.0000,1.0000,1.0000,1.0000,1.0000,-23.9811,-15.2168,"13.462:0.000:18.000",0.0000,"A1 actors are outside the blind-corner conflict zone"
6.1136,1,89,55,1.0000,1.0000,1.0000,1.0000,1.0000,1.0000,-23.9924,-15.2147,"13.422:0.000:18.000",0.0000,"A1 actors are outside the blind-corner conflict zone"
6.2144,1,89,56,1.0000,1.0000,1.0000,1.0000,1.0000,1.0000,-23.9842,-15.2162,"13.383:0.000:18.000",0.0000,"A1 actors are outside the blind-corner conflict zone"
6.3148,1,89,57,1.0000,1.0000,1.0000,1.0000,1.0000,1.0000,-23.9866,-15.2154,"13.344:0.000:18.000",0.1004,"A1 actors are outside the blind-corner conflict zone"
6.4313,1,89,58,1.0000,1.0000,1.0000,1.0000,1.0000,1.0000,-24.0061,-15.2080,"13.298:0.000:18.000",0.0000,"A1 actors are outside the blind-corner conflict zone"
6.5451,1,89,59,1.0000,1.0000,1.0000,1.0000,1.0000,1.0000,-24.0076,-15.2077,"13.254:0.000:18.000",0.0000,"A1 actors are outside the blind-corner conflict zone"
6.6591,1,89,60,1.0000,1.0000,1.0000,1.0000,1.0000,1.0000,-23.9935,-15.2132,"13.210:0.000:18.000",0.0000,"A1 actors are outside the blind-corner conflict zone"
6.7763,1,89,61,1.0000,1.0000,1.0000,1.0000,1.0000,1.0000,-24.0106,-15.2068,"13.164:0.000:18.000",0.0000,"A1 actors are outside the blind-corner conflict zone"
6.8797,1,89,62,1.0000,1.0000,1.0000,1.0000,1.0000,1.0000,-24.0142,-15.2064,"13.123:0.000:18.000",0.0000,"A1 actors are outside the blind-corner conflict zone"
6.9957,1,89,63,1.0000,1.0000,1.0000,1.0000,1.0000,1.0000,-24.0059,-15.2083,"13.078:0.000:18.000",0.0000,"A1 actors are outside the blind-corner conflict zone"
7.0957,1,89,64,1.0000,1.0000,1.0000,1.0000,1.0000,1.0000,-24.0129,-15.2067,"13.039:0.000:18.000",0.0000,"A1 actors are outside the blind-corner conflict zone"
7.2103,1,89,65,1.0000,1.0000,1.0000,1.0000,1.0000,1.0000,-24.0185,-15.2053,"12.995:0.000:18.000",0.0000,"A1 actors are outside the blind-corner conflict zone"
7.3148,1,89,66,1.0000,1.0000,1.0000,1.0000,1.0000,1.0000,-24.0095,-15.2079,"12.954:0.000:18.000",0.1045,"A1 actors are outside the blind-corner conflict zone"
7.4272,1,89,67,1.0000,1.0000,1.0000,1.0000,1.0000,1.0000,-23.9866,-15.2131,"12.910:0.000:18.000",0.0000,"A1 actors are outside the blind-corner conflict zone"
7.5372,1,89,68,1.0000,1.0000,1.0000,1.0000,1.0000,1.0000,-23.9906,-15.2117,"12.867:0.000:18.000",0.1099,"A1 actors are outside the blind-corner conflict zone"
7.6471,1,89,69,1.0000,1.0000,1.0000,1.0000,1.0000,1.0000,-24.0139,-15.2079,"12.824:0.000:18.000",0.0000,"A1 actors are outside the blind-corner conflict zone"
7.7608,1,89,70,1.0000,1.0000,1.0000,1.0000,1.0000,1.0000,-24.0074,-15.2082,"12.780:0.000:18.000",0.0000,"A1 actors are outside the blind-corner conflict zone"
7.8637,1,89,71,1.0000,1.0000,1.0000,1.0000,1.0000,1.0000,-23.9902,-15.2119,"12.740:0.000:18.000",0.0000,"A1 actors are outside the blind-corner conflict zone"
7.9716,1,89,72,1.0000,1.0000,1.0000,1.0000,1.0000,1.0000,-23.9836,-15.2135,"12.698:0.000:18.000",0.0000,"A1 actors are outside the blind-corner conflict zone"
8.0857,1,89,73,1.0000,1.0000,1.0000,1.0000,1.0000,1.0000,-23.9954,-15.2088,"12.653:0.000:18.000",0.1141,"A1 actors are outside the blind-corner conflict zone"
8.1925,1,89,74,1.0000,1.0000,1.0000,1.0000,1.0000,1.0000,-24.0067,-15.2021,"12.611:0.000:18.000",0.0000,"A1 actors are outside the blind-corner conflict zone"
8.2992,1,89,75,1.0000,1.0000,1.0000,1.0000,1.0000,1.0000,-24.0299,-15.1815,"12.570:0.000:18.000",0.1067,"A1 actors are outside the blind-corner conflict zone"
8.4109,1,89,76,1.0000,1.0000,1.0000,1.0000,1.0000,1.0000,-24.0582,-15.1504,"12.526:0.000:18.000",0.0000,"A1 actors are outside the blind-corner conflict zone"
8.5270,1,89,77,1.0000,1.0000,1.0000,1.0000,1.0000,1.0000,-24.0856,-15.1168,"12.481:0.000:18.000",0.0000,"A1 actors are outside the blind-corner conflict zone"
8.6422,1,89,78,1.0000,1.0000,1.0000,1.0000,1.0000,1.0000,-24.1149,-15.0637,"12.436:0.000:18.000",0.0000,"A1 actors are outside the blind-corner conflict zone"
8.7431,1,89,79,1.0000,1.0000,1.0000,1.0000,1.0000,1.0000,-24.1410,-15.0035,"12.397:0.000:18.000",0.1009,"A1 actors are outside the blind-corner conflict zone"
8.8441,1,89,80,1.0000,1.0000,1.0000,1.0000,1.0000,1.0000,-24.1604,-14.9483,"12.357:0.000:18.000",0.0000,"A1 actors are outside the blind-corner conflict zone"
8.9448,1,89,81,1.0000,1.0000,1.0000,1.0000,1.0000,1.0000,-24.1739,-14.8904,"12.318:0.000:18.000",0.1006,"A1 actors are outside the blind-corner conflict zone"
9.0590,1,89,82,1.0000,1.0000,1.0000,1.0000,1.0000,1.0000,-24.1882,-14.8215,"12.274:0.000:18.000",0.0000,"A1 actors are outside the blind-corner conflict zone"
9.1591,1,89,83,1.0000,1.0000,1.0000,1.0000,1.0000,1.0000,-24.1974,-14.7411,"12.234:0.000:18.000",0.1001,"A1 actors are outside the blind-corner conflict zone"
9.2641,1,89,84,1.0000,1.0000,1.0000,1.0000,1.0000,1.0000,-24.2011,-14.6269,"12.194:0.000:18.000",0.0000,"A1 actors are outside the blind-corner conflict zone"
9.3693,1,89,85,1.0000,1.0000,1.0000,1.0000,1.0000,1.0000,-24.1919,-14.5386,"12.153:0.000:18.000",0.0000,"A1 actors are outside the blind-corner conflict zone"
9.4741,1,89,86,1.0000,1.0000,1.0000,1.0000,1.0000,1.0000,-24.1698,-14.4225,"12.112:0.000:18.000",0.1048,"A1 actors are outside the blind-corner conflict zone"
9.5889,1,89,87,1.0000,1.0000,1.0000,1.0000,1.0000,1.0000,-24.1399,-14.3172,"12.067:0.000:18.000",0.0000,"A1 actors are outside the blind-corner conflict zone"
9.6902,1,89,88,1.0000,1.0000,1.0000,1.0000,1.0000,1.0000,-24.0965,-14.2123,"12.027:0.000:18.000",0.0000,"A1 actors are outside the blind-corner conflict zone"
9.7912,1,89,89,1.0000,1.0000,1.0000,1.0000,1.0000,1.0000,-24.0368,-14.0834,"11.988:0.000:18.000",0.1010,"A1 actors are outside the blind-corner conflict zone"
9.8913,1,89,90,1.0000,1.0000,1.0000,1.0000,1.0000,1.0000,-23.9813,-13.9769,"11.949:0.000:18.000",0.2011,"A1 actors are outside the blind-corner conflict zone"
9.9926,1,89,91,1.0000,1.0000,1.0000,1.0000,1.0000,1.0000,-23.9069,-13.8661,"11.909:0.000:18.000",0.0000,"A1 actors are outside the blind-corner conflict zone"
10.0938,1,89,92,1.0000,1.0000,1.0000,1.0000,1.0000,1.0000,-23.8428,-13.7723,"11.870:0.000:18.000",0.1012,"A1 actors are outside the blind-corner conflict zone"
10.1940,1,89,93,1.0000,1.0000,1.0000,1.0000,1.0000,1.0000,-23.7794,-13.6842,"11.831:0.000:18.000",0.2014,"A1 actors are outside the blind-corner conflict zone"
10.2977,1,89,94,1.0000,1.0000,1.0000,1.0000,1.0000,1.0000,-23.7049,-13.5937,"11.790:0.000:18.000",0.0000,"A1 actors are outside the blind-corner conflict zone"
10.3992,1,89,95,1.0000,1.0000,1.0000,1.0000,1.0000,1.0000,-23.6217,-13.5016,"11.751:0.000:18.000",0.0000,"A1 actors are outside the blind-corner conflict zone"
10.5029,1,89,96,1.0000,1.0000,1.0000,1.0000,1.0000,1.0000,-23.5342,-13.4168,"11.710:0.000:18.000",0.0000,"A1 actors are outside the blind-corner conflict zone"
10.6092,1,89,97,1.0000,1.0000,1.0000,1.0000,1.0000,1.0000,-23.4482,-13.3275,"11.669:0.000:18.000",0.0000,"A1 actors are outside the blind-corner conflict zone"
10.7120,1,89,98,1.0000,1.0000,1.0000,1.0000,1.0000,1.0000,-23.3682,-13.2274,"11.629:0.000:18.000",0.0000,"A1 actors are outside the blind-corner conflict zone"
10.8280,1,89,99,1.0000,1.0000,1.0000,1.0000,1.0000,1.0000,-23.2958,-13.1204,"11.584:0.000:18.000",0.0000,"A1 actors are outside the blind-corner conflict zone"
10.9437,1,89,100,1.0000,1.0000,1.0000,1.0000,1.0000,1.0000,-23.2207,-12.9995,"11.539:0.000:18.000",0.1157,"A1 actors are outside the blind-corner conflict zone"
11.0539,1,89,101,1.0000,1.0000,1.0000,1.0000,1.0000,1.0000,-23.1574,-12.8899,"11.496:0.000:18.000",0.0000,"A1 actors are outside the blind-corner conflict zone"
11.1573,1,89,102,1.0000,1.0000,1.0000,1.0000,1.0000,1.0000,-23.0907,-12.7898,"11.455:0.000:18.000",0.0000,"A1 actors are outside the blind-corner conflict zone"
11.2599,1,89,103,1.0000,1.0000,1.0000,1.0000,1.0000,1.0000,-23.0230,-12.6888,"11.415:0.000:18.000",0.1025,"A1 actors are outside the blind-corner conflict zone"
11.3761,1,89,104,1.0000,1.0000,1.0000,1.0000,1.0000,1.0000,-22.9335,-12.5721,"11.370:0.000:18.000",0.0000,"A1 actors are outside the blind-corner conflict zone"
11.4767,1,89,105,1.0000,1.0000,1.0000,1.0000,1.0000,1.0000,-22.8698,-12.4824,"11.331:0.000:18.000",0.0000,"A1 actors are outside the blind-corner conflict zone"
11.5781,1,89,106,1.0000,1.0000,1.0000,1.0000,1.0000,1.0000,-22.8047,-12.3820,"11.291:0.000:18.000",0.0000,"A1 actors are outside the blind-corner conflict zone"
11.6788,1,89,107,1.0000,1.0000,1.0000,1.0000,1.0000,1.0000,-22.7453,-12.2825,"11.252:0.000:18.000",0.1007,"A1 actors are outside the blind-corner conflict zone"
11.7957,1,89,108,1.0000,1.0000,1.0000,1.0000,1.0000,1.0000,-22.6880,-12.1726,"11.206:0.000:18.000",0.2176,"A1 actors are outside the blind-corner conflict zone"
11.9102,1,89,109,1.0000,1.0000,1.0000,1.0000,1.0000,1.0000,-22.5912,-12.0090,"11.162:0.000:18.000",0.3321,"A1 actors are outside the blind-corner conflict zone"
12.0110,1,89,110,1.0000,1.0000,1.0000,1.0000,1.0000,1.0000,-22.5351,-11.8969,"11.122:0.000:18.000",0.0000,"A1 actors are outside the blind-corner conflict zone"
12.1116,1,89,111,1.0000,1.0000,1.0000,1.0000,1.0000,1.0000,-22.4735,-11.7694,"11.083:0.000:18.000",0.1006,"A1 actors are outside the blind-corner conflict zone"
12.2285,1,89,112,1.0000,1.0000,1.0000,1.0000,1.0000,1.0000,-22.4128,-11.6405,"11.037:0.000:18.000",0.0000,"A1 actors are outside the blind-corner conflict zone"
12.3312,1,89,113,1.0000,1.0000,1.0000,1.0000,1.0000,1.0000,-22.3792,-11.5345,"10.997:0.000:18.000",0.0000,"A1 actors are outside the blind-corner conflict zone"
12.4469,1,89,114,1.0000,1.0000,1.0000,1.0000,1.0000,1.0000,-22.3316,-11.3802,"10.952:0.000:18.000",0.1158,"A1 actors are outside the blind-corner conflict zone"
12.5477,1,89,115,1.0000,1.0000,1.0000,1.0000,1.0000,1.0000,-22.2958,-11.2602,"10.913:0.000:18.000",0.0000,"A1 actors are outside the blind-corner conflict zone"
12.6634,1,89,116,1.0000,1.0000,1.0000,1.0000,1.0000,1.0000,-22.2516,-11.1394,"10.868:0.000:18.000",0.0000,"A1 actors are outside the blind-corner conflict zone"
12.7679,1,89,117,1.0000,1.0000,1.0000,1.0000,1.0000,1.0000,-22.1997,-11.0201,"10.827:0.000:18.000",0.1045,"A1 actors are outside the blind-corner conflict zone"
12.8830,1,89,118,1.0000,1.0000,1.0000,1.0000,1.0000,1.0000,-22.1274,-10.8923,"10.782:0.000:18.000",0.0000,"A1 actors are outside the blind-corner conflict zone"
12.9890,1,89,119,1.0000,1.0000,1.0000,1.0000,1.0000,1.0000,-22.0673,-10.8103,"10.741:0.000:18.000",0.0000,"A1 actors are outside the blind-corner conflict zone"
13.0926,1,89,120,1.0000,1.0000,1.0000,1.0000,1.0000,1.0000,-21.9942,-10.7086,"10.700:0.000:18.000",0.0000,"A1 actors are outside the blind-corner conflict zone"
13.1972,1,89,121,1.0000,1.0000,1.0000,1.0000,1.0000,1.0000,-21.9260,-10.6140,"10.660:0.000:18.000",0.0000,"A1 actors are outside the blind-corner conflict zone"
13.3025,1,89,122,1.0000,1.0000,1.0000,1.0000,1.0000,1.0000,-21.8511,-10.5198,"10.619:0.000:18.000",0.0000,"A1 actors are outside the blind-corner conflict zone"
13.4065,1,89,123,1.0000,1.0000,1.0000,1.0000,1.0000,1.0000,-21.7685,-10.4091,"10.578:0.000:18.000",0.1040,"A1 actors are outside the blind-corner conflict zone"
13.5084,1,89,124,1.0000,1.0000,1.0000,1.0000,1.0000,1.0000,-21.6877,-10.3076,"10.538:0.000:18.000",0.0000,"A1 actors are outside the blind-corner conflict zone"
13.6148,1,89,125,1.0000,1.0000,1.0000,1.0000,1.0000,1.0000,-21.6234,-10.2175,"10.497:0.000:18.000",0.1064,"A1 actors are outside the blind-corner conflict zone"
13.7186,1,89,126,1.0000,1.0000,1.0000,1.0000,1.0000,1.0000,-21.5456,-10.1014,"10.456:0.000:18.000",0.0000,"A1 actors are outside the blind-corner conflict zone"
13.8288,1,89,127,1.0000,1.0000,1.0000,1.0000,1.0000,1.0000,-21.4622,-9.9938,"10.413:0.000:18.000",0.0000,"A1 actors are outside the blind-corner conflict zone"
13.9292,1,89,128,1.0000,1.0000,1.0000,1.0000,1.0000,1.0000,-21.3965,-9.8804,"10.374:0.000:18.000",0.0000,"A1 actors are outside the blind-corner conflict zone"
14.0317,1,89,129,1.0000,1.0000,1.0000,1.0000,1.0000,1.0000,-21.3422,-9.7716,"10.334:0.000:18.000",0.0000,"A1 actors are outside the blind-corner conflict zone"
14.1399,1,89,130,1.0000,1.0000,1.0000,1.0000,1.0000,1.0000,-21.2723,-9.6101,"10.292:0.000:18.000",0.1082,"A1 actors are outside the blind-corner conflict zone"
14.2404,1,89,131,1.0000,1.0000,1.0000,1.0000,1.0000,1.0000,-21.2451,-9.5236,"10.253:0.000:18.000",0.0000,"A1 actors are outside the blind-corner conflict zone"
14.3406,1,89,132,1.0000,1.0000,1.0000,1.0000,1.0000,1.0000,-21.2039,-9.3943,"10.214:0.000:18.000",0.0000,"A1 actors are outside the blind-corner conflict zone"
14.4433,1,89,133,1.0000,1.0000,1.0000,1.0000,1.0000,1.0000,-21.1653,-9.2920,"10.174:0.000:18.000",0.0000,"A1 actors are outside the blind-corner conflict zone"
14.5590,1,89,134,1.0000,1.0000,1.0000,1.0000,1.0000,1.0000,-21.1182,-9.1558,"10.129:0.000:18.000",0.0000,"A1 actors are outside the blind-corner conflict zone"
14.6651,1,89,135,1.0000,1.0000,1.0000,1.0000,1.0000,1.0000,-21.0758,-9.0197,"10.087:0.000:18.000",0.1061,"A1 actors are outside the blind-corner conflict zone"
14.7751,1,89,136,1.0000,1.0000,1.0000,1.0000,1.0000,1.0000,-21.0419,-8.9083,"10.044:0.000:18.000",0.2160,"A1 actors are outside the blind-corner conflict zone"
14.8811,1,89,137,1.0000,1.0000,1.0000,1.0000,1.0000,1.0000,-21.0035,-8.8014,"10.003:0.000:18.000",0.3221,"A1 actors are outside the blind-corner conflict zone"
14.9888,1,89,138,1.0000,1.0000,1.0000,1.0000,1.0000,1.0000,-20.9656,-8.6800,"9.961:0.000:18.000",0.0000,"A1 actors are outside the blind-corner conflict zone"
15.0938,1,89,139,1.0000,1.0000,1.0000,1.0000,1.0000,1.0000,-20.9373,-8.5594,"9.920:0.000:18.000",0.0000,"A1 actors are outside the blind-corner conflict zone"
15.2076,1,89,140,1.0000,1.0000,1.0000,1.0000,1.0000,1.0000,-20.9030,-8.4344,"9.876:0.000:18.000",0.0000,"A1 actors are outside the blind-corner conflict zone"
15.3107,1,89,141,1.0000,1.0000,1.0000,1.0000,1.0000,1.0000,-20.8539,-8.2989,"9.835:0.000:18.000",0.1032,"A1 actors are outside the blind-corner conflict zone"
15.4115,1,89,142,1.0000,1.0000,1.0000,1.0000,1.0000,1.0000,-20.8140,-8.1676,"9.796:0.000:18.000",0.2040,"A1 actors are outside the blind-corner conflict zone"
15.5132,1,89,143,1.0000,1.0000,1.0000,1.0000,1.0000,1.0000,-20.7822,-8.0632,"9.756:0.000:18.000",0.0000,"A1 actors are outside the blind-corner conflict zone"
15.6137,1,89,144,1.0000,1.0000,1.0000,1.0000,1.0000,1.0000,-20.7412,-7.9389,"9.717:0.000:18.000",0.1005,"A1 actors are outside the blind-corner conflict zone"
15.7346,1,89,145,1.0000,1.0000,1.0000,1.0000,1.0000,1.0000,-20.7070,-7.8270,"9.670:0.000:18.000",0.2214,"A1 actors are outside the blind-corner conflict zone"
15.8358,1,89,146,1.0000,1.0000,1.0000,1.0000,1.0000,1.0000,-20.6700,-7.6950,"9.631:0.000:18.000",0.3226,"A1 actors are outside the blind-corner conflict zone"
15.9381,1,89,147,1.0000,1.0000,1.0000,1.0000,1.0000,1.0000,-20.6506,-7.5992,"9.591:0.000:18.000",0.0000,"A1 actors are outside the blind-corner conflict zone"
16.0461,1,89,148,1.0000,1.0000,1.0000,1.0000,1.0000,1.0000,-20.6189,-7.4871,"9.549:0.000:18.000",0.0000,"A1 actors are outside the blind-corner conflict zone"
16.1496,1,89,149,1.0000,1.0000,1.0000,1.0000,1.0000,1.0000,-20.5778,-7.3541,"9.508:0.000:18.000",0.0000,"A1 actors are outside the blind-corner conflict zone"
16.2574,1,89,150,1.0000,1.0000,1.0000,1.0000,1.0000,1.0000,-20.5415,-7.2229,"9.466:0.000:18.000",0.1078,"A1 actors are outside the blind-corner conflict zone"
16.3614,1,89,151,1.0000,1.0000,1.0000,1.0000,1.0000,1.0000,-20.4967,-7.1048,"9.426:0.000:18.000",0.2117,"A1 actors are outside the blind-corner conflict zone"
16.4680,1,89,152,1.0000,1.0000,1.0000,1.0000,1.0000,1.0000,-20.4462,-6.9750,"9.384:0.000:18.000",0.0000,"A1 actors are outside the blind-corner conflict zone"
16.5742,1,89,153,1.0000,1.0000,1.0000,1.0000,1.0000,1.0000,-20.4044,-6.8457,"9.343:0.000:18.000",0.0000,"A1 actors are outside the blind-corner conflict zone"
16.6808,1,89,154,1.0000,1.0000,1.0000,1.0000,1.0000,1.0000,-20.3576,-6.7084,"9.301:0.000:18.000",0.0000,"A1 actors are outside the blind-corner conflict zone"
16.7838,1,89,155,1.0000,1.0000,1.0000,1.0000,1.0000,1.0000,-20.3121,-6.5789,"9.261:0.000:18.000",0.1030,"A1 actors are outside the blind-corner conflict zone"
16.8970,1,89,156,1.0000,1.0000,1.0000,1.0000,1.0000,1.0000,-20.2453,-6.4306,"9.217:0.000:18.000",0.2162,"A1 actors are outside the blind-corner conflict zone"
17.0102,1,89,157,1.0000,1.0000,1.0000,1.0000,1.0000,1.0000,-20.1727,-6.3005,"9.173:0.000:18.000",0.3294,"A1 actors are outside the blind-corner conflict zone"
17.1125,1,89,158,1.0000,1.0000,1.0000,1.0000,1.0000,1.0000,-20.1022,-6.1744,"9.133:0.000:18.000",0.0000,"A1 actors are outside the blind-corner conflict zone"
17.2307,1,89,159,1.0000,1.0000,1.0000,1.0000,1.0000,1.0000,-20.0330,-6.0340,"9.087:0.000:18.000",0.0000,"A1 actors are outside the blind-corner conflict zone"
17.3384,1,89,160,1.0000,1.0000,1.0000,1.0000,1.0000,1.0000,-19.9917,-5.9255,"9.045:0.000:18.000",0.0000,"A1 actors are outside the blind-corner conflict zone"
17.4405,1,89,161,1.0000,1.0000,1.0000,1.0000,1.0000,1.0000,-19.9594,-5.8107,"9.005:0.000:18.000",0.0000,"A1 actors are outside the blind-corner conflict zone"
17.5595,1,89,162,1.0000,1.0000,1.0000,1.0000,1.0000,1.0000,-19.9183,-5.6556,"8.958:0.000:18.000",0.1190,"A1 actors are outside the blind-corner conflict zone"
17.6694,1,89,163,1.0000,1.0000,1.0000,1.0000,1.0000,1.0000,-19.8856,-5.5292,"8.915:0.000:18.000",0.0000,"A1 actors are outside the blind-corner conflict zone"
17.7787,1,89,164,1.0000,1.0000,1.0000,1.0000,1.0000,1.0000,-19.8509,-5.3985,"8.873:0.000:18.000",0.0000,"A1 actors are outside the blind-corner conflict zone"
17.8878,1,89,165,1.0000,1.0000,1.0000,1.0000,1.0000,1.0000,-19.8266,-5.2421,"8.830:0.000:18.000",0.0000,"A1 actors are outside the blind-corner conflict zone"
18.0061,1,89,166,1.0000,1.0000,1.0000,1.0000,1.0000,1.0000,-19.8160,-5.1108,"8.784:0.000:18.000",0.0000,"A1 actors are outside the blind-corner conflict zone"
18.1075,1,89,167,1.0000,1.0000,1.0000,1.0000,1.0000,1.0000,-19.8152,-4.9934,"8.745:0.000:18.000",0.1014,"A1 actors are outside the blind-corner conflict zone"
18.2119,1,89,168,1.0000,1.0000,1.0000,1.0000,1.0000,1.0000,-19.8187,-4.8554,"8.704:0.000:18.000",0.2058,"A1 actors are outside the blind-corner conflict zone"
18.3173,1,89,169,1.0000,1.0000,1.0000,1.0000,1.0000,1.0000,-19.8233,-4.6885,"8.663:0.000:18.000",0.0000,"A1 actors are outside the blind-corner conflict zone"
18.4211,1,89,170,1.0000,1.0000,1.0000,1.0000,1.0000,1.0000,-19.8215,-4.5488,"8.622:0.000:18.000",0.0000,"A1 actors are outside the blind-corner conflict zone"
18.5242,1,89,171,1.0000,1.0000,1.0000,1.0000,1.0000,1.0000,-19.8172,-4.4348,"8.582:0.000:18.000",0.0000,"A1 actors are outside the blind-corner conflict zone"
18.6295,1,89,172,1.0000,1.0000,1.0000,1.0000,1.0000,1.0000,-19.8090,-4.2728,"8.541:0.000:18.000",0.0000,"A1 actors are outside the blind-corner conflict zone"
18.7336,1,89,173,1.0000,1.0000,1.0000,1.0000,1.0000,1.0000,-19.8048,-4.1400,"8.500:0.000:18.000",0.0000,"A1 actors are outside the blind-corner conflict zone"
18.8338,1,89,174,1.0000,1.0000,1.0000,1.0000,1.0000,1.0000,-19.7967,-4.0365,"8.461:0.000:18.000",0.0000,"A1 actors are outside the blind-corner conflict zone"
18.9347,1,89,175,1.0000,1.0000,1.0000,1.0000,1.0000,1.0000,-19.7869,-3.9189,"8.422:0.000:18.000",0.1009,"A1 actors are outside the blind-corner conflict zone"
19.0359,1,89,176,1.0000,1.0000,1.0000,1.0000,1.0000,1.0000,-19.7768,-3.7877,"8.383:0.000:18.000",0.0000,"A1 actors are outside the blind-corner conflict zone"
19.1491,1,89,177,1.0000,1.0000,1.0000,1.0000,1.0000,1.0000,-19.7635,-3.6601,"8.338:0.000:18.000",0.1132,"A1 actors are outside the blind-corner conflict zone"
19.2559,1,89,178,1.0000,1.0000,1.0000,1.0000,1.0000,1.0000,-19.7508,-3.5446,"8.297:0.000:18.000",0.2201,"A1 actors are outside the blind-corner conflict zone"
19.3607,1,89,179,1.0000,1.0000,1.0000,1.0000,1.0000,1.0000,-19.7396,-3.4214,"8.256:0.000:18.000",0.0000,"A1 actors are outside the blind-corner conflict zone"
19.4669,1,89,180,1.0000,1.0000,1.0000,1.0000,1.0000,1.0000,-19.7306,-3.2833,"8.214:0.000:18.000",0.1062,"A1 actors are outside the blind-corner conflict zone"
19.5706,1,89,181,1.0000,1.0000,1.0000,1.0000,1.0000,1.0000,-19.7137,-3.1693,"8.174:0.000:18.000",0.2099,"A1 actors are outside the blind-corner conflict zone"
19.6745,1,89,182,1.0000,1.0000,1.0000,1.0000,1.0000,1.0000,-19.6908,-3.0452,"8.133:0.000:18.000",0.0000,"A1 actors are outside the blind-corner conflict zone"
19.7776,1,89,183,1.0000,1.0000,1.0000,1.0000,1.0000,1.0000,-19.6774,-2.9407,"8.093:0.000:18.000",0.0000,"A1 actors are outside the blind-corner conflict zone"
19.8778,1,89,184,1.0000,1.0000,1.0000,1.0000,1.0000,1.0000,-19.6604,-2.8193,"8.054:0.000:18.000",0.0000,"A1 actors are outside the blind-corner conflict zone"
19.9932,1,89,185,1.0000,1.0000,1.0000,1.0000,1.0000,1.0000,-19.6320,-2.6910,"8.009:0.000:18.000",0.0000,"A1 actors are outside the blind-corner conflict zone"
20.1022,1,89,186,1.0000,1.0000,1.0000,1.0000,1.0000,1.0000,-19.5900,-2.5683,"7.967:0.000:18.000",0.1090,"A1 actors are outside the blind-corner conflict zone"
20.2136,1,89,187,1.0000,1.0000,1.0000,1.0000,1.0000,1.0000,-19.5408,-2.4151,"7.923:0.000:18.000",0.0000,"A1 actors are outside the blind-corner conflict zone"
20.3154,1,89,188,1.0000,1.0000,1.0000,1.0000,1.0000,1.0000,-19.5031,-2.3072,"7.884:0.000:18.000",0.0000,"A1 actors are outside the blind-corner conflict zone"
20.4203,1,89,189,1.0000,1.0000,1.0000,1.0000,1.0000,1.0000,-19.4680,-2.1969,"7.843:0.000:18.000",0.1049,"A1 actors are outside the blind-corner conflict zone"
20.5252,1,89,190,1.0000,1.0000,1.0000,1.0000,1.0000,1.0000,-19.4333,-2.0773,"7.802:0.000:18.000",0.2098,"A1 actors are outside the blind-corner conflict zone"
20.6302,1,89,191,1.0000,1.0000,1.0000,1.0000,1.0000,1.0000,-19.4075,-1.9622,"7.761:0.000:18.000",0.3148,"A1 actors are outside the blind-corner conflict zone"
20.7413,1,89,192,1.0000,1.0000,1.0000,1.0000,1.0000,1.0000,-19.3775,-1.8446,"7.717:0.000:18.000",0.0000,"A1 actors are outside the blind-corner conflict zone"
20.8427,1,89,193,1.0000,1.0000,1.0000,1.0000,1.0000,1.0000,-19.3453,-1.7206,"7.678:0.000:18.000",0.0000,"A1 actors are outside the blind-corner conflict zone"
20.9509,1,89,194,1.0000,1.0000,1.0000,1.0000,1.0000,1.0000,-19.3214,-1.5495,"7.636:0.000:18.000",0.1081,"A1 actors are outside the blind-corner conflict zone"
21.0590,1,89,195,1.0000,1.0000,1.0000,1.0000,1.0000,1.0000,-19.2971,-1.4170,"7.594:0.000:18.000",0.2163,"A1 actors are outside the blind-corner conflict zone"
21.1620,1,89,196,1.0000,1.0000,1.0000,1.0000,1.0000,1.0000,-19.2677,-1.3055,"7.553:0.000:18.000",0.0000,"A1 actors are outside the blind-corner conflict zone"
21.2637,1,89,197,1.0000,1.0000,1.0000,1.0000,1.0000,1.0000,-19.2395,-1.2140,"7.514:0.000:18.000",0.0000,"A1 actors are outside the blind-corner conflict zone"
21.3657,1,89,198,1.0000,1.0000,1.0000,1.0000,1.0000,1.0000,-19.2080,-1.0812,"7.474:0.000:18.000",0.0000,"A1 actors are outside the blind-corner conflict zone"
21.4725,1,89,199,1.0000,1.0000,1.0000,1.0000,1.0000,1.0000,-19.1854,-0.9811,"7.432:0.000:18.000",0.1068,"A1 actors are outside the blind-corner conflict zone"
21.5741,1,89,200,1.0000,1.0000,1.0000,1.0000,1.0000,1.0000,-19.1547,-0.8673,"7.393:0.000:18.000",0.2083,"A1 actors are outside the blind-corner conflict zone"
21.6821,1,89,201,1.0000,1.0000,1.0000,1.0000,1.0000,1.0000,-19.1280,-0.7235,"7.351:0.000:18.000",0.0000,"A1 actors are outside the blind-corner conflict zone"
21.7847,1,89,202,1.0000,1.0000,1.0000,1.0000,1.0000,1.0000,-19.1125,-0.6197,"7.311:0.000:18.000",0.0000,"A1 actors are outside the blind-corner conflict zone"
21.8859,1,89,203,1.0000,1.0000,1.0000,1.0000,1.0000,1.0000,-19.1064,-0.5127,"7.271:0.000:18.000",0.0000,"A1 actors are outside the blind-corner conflict zone"
21.9874,1,89,204,1.0000,1.0000,1.0000,1.0000,1.0000,1.0000,-19.0934,-0.3869,"7.231:0.000:18.000",0.0000,"A1 actors are outside the blind-corner conflict zone"
22.0897,1,89,205,1.0000,1.0000,1.0000,1.0000,1.0000,1.0000,-19.0809,-0.2521,"7.192:0.000:18.000",0.1023,"A1 actors are outside the blind-corner conflict zone"
22.1941,1,89,206,1.0000,1.0000,1.0000,1.0000,1.0000,1.0000,-19.0796,-0.1189,"7.151:0.000:18.000",0.0000,"A1 actors are outside the blind-corner conflict zone"
22.2995,1,89,207,1.0000,1.0000,1.0000,1.0000,1.0000,1.0000,-19.0832,0.0304,"7.110:0.000:18.000",0.1054,"A1 actors are outside the blind-corner conflict zone"
22.4002,1,89,208,1.0000,1.0000,1.0000,1.0000,1.0000,1.0000,-19.0951,0.1524,"7.070:0.000:18.000",0.2061,"A1 actors are outside the blind-corner conflict zone"
22.5040,1,89,209,1.0000,1.0000,1.0000,1.0000,1.0000,1.0000,-19.1118,0.2858,"7.030:0.000:18.000",0.3099,"A1 actors are outside the blind-corner conflict zone"
22.6095,1,89,210,1.0000,1.0000,1.0000,1.0000,1.0000,1.0000,-19.1199,0.4219,"6.989:0.000:18.000",0.0000,"A1 actors are outside the blind-corner conflict zone"
22.7113,1,89,211,1.0000,1.0000,1.0000,1.0000,1.0000,1.0000,-19.1223,0.5274,"6.949:0.000:18.000",0.0000,"A1 actors are outside the blind-corner conflict zone"
22.8184,1,89,212,1.0000,1.0000,1.0000,1.0000,1.0000,1.0000,-19.1285,0.6511,"6.907:0.000:18.000",0.0000,"A1 actors are outside the blind-corner conflict zone"
22.9346,1,89,213,1.0000,1.0000,1.0000,1.0000,1.0000,1.0000,-19.1299,0.7970,"6.862:0.000:18.000",0.0000,"A1 actors are outside the blind-corner conflict zone"
23.0399,1,89,214,1.0000,1.0000,1.0000,1.0000,1.0000,1.0000,-19.1263,0.9076,"6.821:0.000:18.000",0.1053,"A1 actors are outside the blind-corner conflict zone"
23.1455,1,89,215,1.0000,1.0000,1.0000,1.0000,1.0000,1.0000,-19.1339,1.0343,"6.780:0.000:18.000",0.0000,"A1 actors are outside the blind-corner conflict zone"
23.2613,1,89,216,1.0000,1.0000,1.0000,1.0000,1.0000,1.0000,-19.1361,1.1588,"6.735:0.000:18.000",0.1158,"A1 actors are outside the blind-corner conflict zone"
23.3688,1,89,217,1.0000,1.0000,1.0000,1.0000,1.0000,1.0000,-19.1314,1.2969,"6.693:0.000:18.000",0.2234,"A1 actors are outside the blind-corner conflict zone"
23.4796,1,89,218,1.0000,1.0000,1.0000,1.0000,1.0000,1.0000,-19.1329,1.4137,"6.649:0.000:18.000",0.0000,"A1 actors are outside the blind-corner conflict zone"
23.5983,1,89,219,1.0000,1.0000,1.0000,1.0000,1.0000,1.0000,-19.1272,1.5719,"6.603:0.000:18.000",0.1187,"A1 actors are outside the blind-corner conflict zone"
23.7049,1,89,220,1.0000,1.0000,1.0000,1.0000,1.0000,1.0000,-19.1238,1.7034,"6.562:0.000:18.000",0.0000,"A1 actors are outside the blind-corner conflict zone"
23.8119,1,89,221,1.0000,1.0000,1.0000,1.0000,1.0000,1.0000,-19.1102,1.8535,"6.520:0.000:18.000",0.0000,"A1 actors are outside the blind-corner conflict zone"
23.9188,1,89,222,1.0000,1.0000,1.0000,1.0000,1.0000,1.0000,-19.0980,1.9607,"6.478:0.000:18.000",0.0000,"A1 actors are outside the blind-corner conflict zone"
24.0248,1,89,223,1.0000,1.0000,1.0000,1.0000,1.0000,1.0000,-19.0876,2.0924,"6.437:0.000:18.000",0.0000,"A1 actors are outside the blind-corner conflict zone"
24.1295,1,89,224,1.0000,1.0000,1.0000,1.0000,1.0000,1.0000,-19.0778,2.2044,"6.396:0.000:18.000",0.1047,"A1 actors are outside the blind-corner conflict zone"
24.2387,1,89,225,1.0000,1.0000,1.0000,1.0000,1.0000,1.0000,-19.0523,2.3449,"6.353:0.000:18.000",0.2138,"A1 actors are outside the blind-corner conflict zone"
24.3439,1,89,226,1.0000,1.0000,1.0000,1.0000,1.0000,1.0000,-19.0300,2.4657,"6.312:0.000:18.000",0.0000,"A1 actors are outside the blind-corner conflict zone"
24.4550,1,89,227,1.0000,1.0000,1.0000,1.0000,1.0000,1.0000,-18.9952,2.5959,"6.269:0.000:18.000",0.1112,"A1 actors are outside the blind-corner conflict zone"
24.5591,1,89,228,1.0000,1.0000,1.0000,1.0000,1.0000,1.0000,-18.9762,2.7301,"6.229:0.000:18.000",0.2152,"A1 actors are outside the blind-corner conflict zone"
24.6647,1,89,229,1.0000,1.0000,1.0000,1.0000,1.0000,1.0000,-18.9637,2.8482,"6.187:0.000:18.000",0.0000,"A1 actors are outside the blind-corner conflict zone"
24.7667,1,89,230,1.0000,1.0000,1.0000,1.0000,1.0000,1.0000,-18.9603,2.9708,"6.148:0.000:18.000",0.0000,"A1 actors are outside the blind-corner conflict zone"
24.8680,1,89,231,1.0000,1.0000,1.0000,1.0000,1.0000,1.0000,-18.9636,3.0815,"6.108:0.000:18.000",0.1013,"A1 actors are outside the blind-corner conflict zone"
24.9706,1,89,232,1.0000,1.0000,1.0000,1.0000,1.0000,1.0000,-18.9690,3.2040,"6.068:0.000:18.000",0.0000,"A1 actors are outside the blind-corner conflict zone"
25.0825,1,89,233,1.0000,1.0000,1.0000,1.0000,1.0000,1.0000,-18.9655,3.3481,"6.024:0.000:18.000",0.1119,"A1 actors are outside the blind-corner conflict zone"
25.1834,1,89,234,1.0000,1.0000,1.0000,1.0000,1.0000,1.0000,-18.9610,3.4758,"5.985:0.000:18.000",0.0000,"A1 actors are outside the blind-corner conflict zone"
25.2861,1,89,235,1.0000,1.0000,1.0000,1.0000,1.0000,1.0000,-18.9681,3.5853,"5.945:0.000:18.000",0.0000,"A1 actors are outside the blind-corner conflict zone"
25.3873,1,89,236,1.0000,1.0000,1.0000,1.0000,1.0000,1.0000,-18.9796,3.6940,"5.905:0.000:18.000",0.0000,"A1 actors are outside the blind-corner conflict zone"
25.4948,1,89,237,1.0000,1.0000,1.0000,1.0000,1.0000,1.0000,-18.9902,3.7968,"5.864:0.000:18.000",0.0000,"A1 actors are outside the blind-corner conflict zone"
25.6982,1,89,238,1.0000,1.0000,1.0000,1.0000,1.0000,1.0000,-18.9606,4.0772,"5.784:0.000:18.000",0.0000,"A1 actors are outside the blind-corner conflict zone"
26.0315,1,89,239,1.0000,1.0000,1.0000,1.0000,1.0000,1.0000,-18.8145,4.4570,"5.654:0.000:18.000",0.0000,"A1 actors are outside the blind-corner conflict zone"
26.3056,1,89,240,1.0000,1.0000,1.0000,1.0000,1.0000,1.0000,-18.6808,4.7619,"5.547:0.000:18.000",0.0000,"A1 actors are outside the blind-corner conflict zone"
26.4402,1,89,241,1.0000,1.0000,1.0000,1.0000,1.0000,1.0000,-18.6089,4.9246,"5.495:0.000:18.000",0.1345,"A1 actors are outside the blind-corner conflict zone"
26.5528,1,89,242,1.0000,1.0000,1.0000,1.0000,1.0000,1.0000,-18.5615,5.0466,"5.451:0.000:18.000",0.2472,"A1 actors are outside the blind-corner conflict zone"
26.6733,1,89,243,1.0000,1.0000,1.0000,1.0000,1.0000,1.0000,-18.5133,5.1785,"5.404:0.000:18.000",0.0000,"A1 actors are outside the blind-corner conflict zone"
26.7956,1,89,244,1.0000,1.0000,1.0000,1.0000,1.0000,1.0000,-18.4620,5.2980,"5.356:0.000:18.000",0.1223,"A1 actors are outside the blind-corner conflict zone"
26.8988,1,89,245,1.0000,1.0000,1.0000,1.0000,1.0000,1.0000,-18.4155,5.4174,"5.316:0.000:18.000",0.0000,"A1 actors are outside the blind-corner conflict zone"
27.0028,1,89,246,1.0000,1.0000,1.0000,1.0000,1.0000,1.0000,-18.3681,5.5370,"5.275:0.000:18.000",0.0000,"A1 actors are outside the blind-corner conflict zone"
27.1144,1,89,247,1.0000,1.0000,1.0000,1.0000,1.0000,1.0000,-18.3123,5.6616,"5.232:0.000:18.000",0.1116,"A1 actors are outside the blind-corner conflict zone"
27.2214,1,89,248,1.0000,1.0000,1.0000,1.0000,1.0000,1.0000,-18.2611,5.7828,"5.190:0.000:18.000",0.2186,"A1 actors are outside the blind-corner conflict zone"
27.3277,1,89,249,1.0000,1.0000,1.0000,1.0000,1.0000,1.0000,-18.2149,5.8999,"5.149:0.000:18.000",0.0000,"A1 actors are outside the blind-corner conflict zone"
27.4310,1,89,250,1.0000,1.0000,1.0000,1.0000,1.0000,1.0000,-18.1682,5.9971,"5.108:0.000:18.000",0.1033,"A1 actors are outside the blind-corner conflict zone"
27.5389,1,89,251,1.0000,1.0000,1.0000,1.0000,1.0000,1.0000,-18.1064,6.1051,"5.066:0.000:18.000",0.0000,"A1 actors are outside the blind-corner conflict zone"
27.6582,1,89,252,1.0000,1.0000,1.0000,1.0000,1.0000,1.0000,-18.0374,6.2174,"5.052:0.000:18.000",0.0000,"A1 actors are outside the blind-corner conflict zone"
27.7707,1,89,253,1.0000,1.0000,1.0000,1.0000,1.0000,1.0000,-17.9511,6.3414,"5.096:0.000:18.000",0.0000,"A1 actors are outside the blind-corner conflict zone"
27.8944,1,89,254,1.0000,1.0000,1.0000,1.0000,1.0000,1.0000,-17.8743,6.4658,"5.144:0.000:18.000",0.0000,"A1 actors are outside the blind-corner conflict zone"
28.0128,1,89,255,1.0000,1.0000,1.0000,1.0000,1.0000,1.0000,-17.8012,6.5932,"5.191:0.000:18.000",0.0000,"A1 actors are outside the blind-corner conflict zone"
28.1187,1,89,256,1.0000,1.0000,1.0000,1.0000,1.0000,1.0000,-17.7303,6.6880,"5.232:0.000:18.000",0.0000,"A1 actors are outside the blind-corner conflict zone"
28.2485,1,89,257,1.0000,1.0000,1.0000,1.0000,1.0000,1.0000,-17.6505,6.8110,"5.283:0.000:18.000",0.1298,"A1 actors are outside the blind-corner conflict zone"
28.3604,1,89,258,1.0000,1.0000,1.0000,1.0000,1.0000,1.0000,-17.5868,6.9189,"5.326:0.000:18.000",0.2417,"A1 actors are outside the blind-corner conflict zone"
28.4786,1,89,259,1.0000,1.0000,1.0000,1.0000,1.0000,1.0000,-17.5128,7.0414,"5.372:0.000:18.000",0.3598,"A1 actors are outside the blind-corner conflict zone"
28.6008,1,89,260,1.0000,1.0000,1.0000,1.0000,1.0000,1.0000,-17.4384,7.1768,"5.420:0.000:18.000",0.0000,"A1 actors are outside the blind-corner conflict zone"
28.7184,1,89,261,1.0000,1.0000,1.0000,1.0000,1.0000,1.0000,-17.3579,7.3033,"5.466:0.000:18.000",0.1176,"A1 actors are outside the blind-corner conflict zone"
28.8319,1,89,262,1.0000,1.0000,1.0000,1.0000,1.0000,1.0000,-17.2836,7.4126,"5.510:0.000:18.000",0.2312,"A1 actors are outside the blind-corner conflict zone"
28.9523,1,89,263,1.0000,1.0000,1.0000,1.0000,1.0000,1.0000,-17.2053,7.5203,"5.557:0.000:18.000",0.0000,"A1 actors are outside the blind-corner conflict zone"
29.0641,1,89,264,1.0000,1.0000,1.0000,1.0000,1.0000,1.0000,-17.1201,7.6293,"5.601:0.000:18.000",0.0000,"A1 actors are outside the blind-corner conflict zone"
29.1854,1,89,265,1.0000,1.0000,1.0000,1.0000,1.0000,1.0000,-17.0191,7.7403,"5.648:0.000:18.000",0.0000,"A1 actors are outside the blind-corner conflict zone"
29.3030,1,89,266,1.0000,1.0000,1.0000,1.0000,1.0000,1.0000,-16.9174,7.8685,"5.694:0.000:18.000",0.0000,"A1 actors are outside the blind-corner conflict zone"
29.4150,1,89,267,1.0000,1.0000,1.0000,1.0000,1.0000,1.0000,-16.8385,7.9669,"5.737:0.000:18.000",0.0000,"A1 actors are outside the blind-corner conflict zone"
29.5285,1,89,268,1.0000,1.0000,1.0000,1.0000,1.0000,1.0000,-16.7714,8.0732,"5.782:0.000:18.000",0.1134,"A1 actors are outside the blind-corner conflict zone"
29.6397,1,89,269,1.0000,1.0000,1.0000,1.0000,1.0000,1.0000,-16.7229,8.1434,"5.825:0.000:18.000",0.0000,"A1 actors are outside the blind-corner conflict zone"
29.7531,1,89,270,1.0000,1.0000,1.0000,1.0000,1.0000,1.0000,-16.6467,8.2459,"5.869:0.000:18.000",0.1134,"A1 actors are outside the blind-corner conflict zone"
29.8704,1,89,271,1.0000,1.0000,1.0000,1.0000,1.0000,1.0000,-16.5582,8.3567,"5.915:0.000:18.000",0.0000,"A1 actors are outside the blind-corner conflict zone"
29.9886,1,89,272,1.0000,1.0000,1.0000,1.0000,1.0000,1.0000,-16.4928,8.4366,"5.961:0.000:18.000",0.0000,"A1 actors are outside the blind-corner conflict zone"
30.1045,1,89,273,1.0000,1.0000,1.0000,1.0000,1.0000,1.0000,-16.4001,8.5410,"6.006:0.000:18.000",0.1159,"A1 actors are outside the blind-corner conflict zone"
30.2046,1,89,274,1.0000,1.0000,1.0000,1.0000,1.0000,1.0000,-16.3303,8.6489,"6.045:0.000:18.000",0.0000,"A1 actors are outside the blind-corner conflict zone"
30.3128,1,89,275,1.0000,1.0000,1.0000,1.0000,1.0000,1.0000,-16.2623,8.7432,"6.088:0.000:18.000",0.0000,"A1 actors are outside the blind-corner conflict zone"
30.4174,1,89,276,1.0000,1.0000,1.0000,1.0000,1.0000,1.0000,-16.2004,8.8331,"6.128:0.000:18.000",0.0000,"A1 actors are outside the blind-corner conflict zone"
30.5252,1,89,277,1.0000,1.0000,1.0000,1.0000,1.0000,1.0000,-16.1167,8.9365,"6.170:0.000:18.000",0.0000,"A1 actors are outside the blind-corner conflict zone"
30.6340,1,89,278,1.0000,1.0000,1.0000,1.0000,1.0000,1.0000,-16.0305,9.0392,"6.213:0.000:18.000",0.1087,"A1 actors are outside the blind-corner conflict zone"
30.7615,1,89,279,1.0000,1.0000,1.0000,1.0000,1.0000,1.0000,-15.9198,9.1453,"6.263:0.000:18.000",0.2363,"A1 actors are outside the blind-corner conflict zone"
30.8742,1,89,280,1.0000,1.0000,1.0000,1.0000,1.0000,1.0000,-15.8335,9.2439,"6.307:0.000:18.000",0.0000,"A1 actors are outside the blind-corner conflict zone"
30.9874,1,89,281,1.0000,1.0000,1.0000,1.0000,1.0000,1.0000,-15.7539,9.3505,"6.351:0.000:18.000",0.0000,"A1 actors are outside the blind-corner conflict zone"
31.1059,1,89,282,1.0000,1.0000,1.0000,1.0000,1.0000,1.0000,-15.6774,9.4595,"6.397:0.000:18.000",0.0000,"A1 actors are outside the blind-corner conflict zone"
31.2355,1,89,283,1.0000,1.0000,1.0000,1.0000,1.0000,1.0000,-15.5982,9.5934,"6.447:0.000:18.000",0.1296,"A1 actors are outside the blind-corner conflict zone"
31.3554,1,89,284,1.0000,1.0000,1.0000,1.0000,1.0000,1.0000,-15.5238,9.7218,"6.494:0.000:18.000",0.2495,"A1 actors are outside the blind-corner conflict zone"
31.4822,1,89,285,1.0000,1.0000,1.0000,1.0000,1.0000,1.0000,-15.4568,9.8452,"6.544:0.000:18.000",0.0000,"A1 actors are outside the blind-corner conflict zone"
31.5971,1,89,286,1.0000,1.0000,1.0000,1.0000,1.0000,1.0000,-15.3870,9.9620,"6.588:0.000:18.000",0.0000,"A1 actors are outside the blind-corner conflict zone"
31.7203,1,89,287,1.0000,1.0000,1.0000,1.0000,1.0000,1.0000,-15.3072,10.0916,"6.637:0.000:18.000",0.0000,"A1 actors are outside the blind-corner conflict zone"
31.8355,1,89,288,1.0000,1.0000,1.0000,1.0000,1.0000,1.0000,-15.2403,10.2017,"6.681:0.000:18.000",0.1151,"A1 actors are outside the blind-corner conflict zone"
31.9546,1,89,289,1.0000,1.0000,1.0000,1.0000,1.0000,1.0000,-15.1578,10.3325,"6.728:0.000:18.000",0.0000,"A1 actors are outside the blind-corner conflict zone"
32.0644,1,89,290,1.0000,1.0000,1.0000,1.0000,1.0000,1.0000,-15.0802,10.4386,"6.771:0.000:18.000",0.1099,"A1 actors are outside the blind-corner conflict zone"
32.1704,1,89,291,1.0000,1.0000,1.0000,1.0000,1.0000,1.0000,-15.0104,10.5359,"6.812:0.000:18.000",0.2158,"A1 actors are outside the blind-corner conflict zone"
32.2823,1,89,292,1.0000,1.0000,1.0000,1.0000,1.0000,1.0000,-14.9165,10.6557,"6.856:0.000:18.000",0.3277,"A1 actors are outside the blind-corner conflict zone"
32.3956,1,89,293,1.0000,1.0000,1.0000,1.0000,1.0000,1.0000,-14.8280,10.7687,"6.900:0.000:18.000",0.0000,"A1 actors are outside the blind-corner conflict zone"
32.5167,1,89,294,1.0000,1.0000,1.0000,1.0000,1.0000,1.0000,-14.7487,10.8810,"6.947:0.000:18.000",0.1211,"A1 actors are outside the blind-corner conflict zone"
32.6319,1,89,295,1.0000,1.0000,1.0000,1.0000,1.0000,1.0000,-14.6590,10.9982,"6.992:0.000:18.000",0.0000,"A1 actors are outside the blind-corner conflict zone"
32.7549,1,89,296,1.0000,1.0000,1.0000,1.0000,1.0000,1.0000,-14.5529,11.1252,"7.040:0.000:18.000",0.1230,"A1 actors are outside the blind-corner conflict zone"
32.8686,1,89,297,1.0000,1.0000,1.0000,1.0000,1.0000,1.0000,-14.4595,11.2366,"7.084:0.000:18.000",0.0000,"A1 actors are outside the blind-corner conflict zone"
32.9876,1,89,298,1.0000,1.0000,1.0000,1.0000,1.0000,1.0000,-14.3490,11.3466,"7.131:0.000:18.000",0.0000,"A1 actors are outside the blind-corner conflict zone"
33.1161,1,89,299,1.0000,1.0000,1.0000,1.0000,1.0000,1.0000,-14.2386,11.4445,"7.181:0.000:18.000",0.0000,"A1 actors are outside the blind-corner conflict zone"
33.2395,1,89,300,1.0000,1.0000,1.0000,1.0000,1.0000,1.0000,-14.1161,11.5459,"7.229:0.000:18.000",0.0000,"A1 actors are outside the blind-corner conflict zone"
33.3670,1,89,301,1.0000,1.0000,1.0000,1.0000,1.0000,1.0000,-13.9917,11.6446,"7.279:0.000:18.000",0.1275,"A1 actors are outside the blind-corner conflict zone"
33.4791,1,89,302,1.0000,1.0000,1.0000,1.0000,1.0000,1.0000,-13.8765,11.7436,"7.322:0.000:18.000",0.2396,"A1 actors are outside the blind-corner conflict zone"
33.5968,1,89,303,1.0000,1.0000,1.0000,1.0000,1.0000,1.0000,-13.7816,11.8212,"7.368:0.000:18.000",0.0000,"A1 actors are outside the blind-corner conflict zone"
33.7183,1,89,304,1.0000,1.0000,1.0000,1.0000,1.0000,1.0000,-13.6861,11.9130,"7.416:0.000:18.000",0.0000,"A1 actors are outside the blind-corner conflict zone"
33.8369,1,89,305,1.0000,1.0000,1.0000,1.0000,1.0000,1.0000,-13.5760,12.0082,"7.462:0.000:18.000",0.0000,"A1 actors are outside the blind-corner conflict zone"
33.9498,1,89,306,1.0000,1.0000,1.0000,1.0000,1.0000,1.0000,-13.4937,12.0920,"7.506:0.000:18.000",0.0000,"A1 actors are outside the blind-corner conflict zone"
34.0618,1,89,307,1.0000,1.0000,1.0000,1.0000,1.0000,1.0000,-13.4074,12.1912,"7.550:0.000:18.000",0.1120,"A1 actors are outside the blind-corner conflict zone"
34.1788,1,89,308,1.0000,1.0000,1.0000,1.0000,1.0000,1.0000,-13.3234,12.2788,"7.595:0.000:18.000",0.0000,"A1 actors are outside the blind-corner conflict zone"
34.2951,1,89,309,1.0000,1.0000,1.0000,1.0000,1.0000,1.0000,-13.2433,12.3670,"7.641:0.000:18.000",0.1163,"A1 actors are outside the blind-corner conflict zone"
34.4106,1,89,310,1.0000,1.0000,1.0000,1.0000,1.0000,1.0000,-13.1637,12.4574,"7.686:0.000:18.000",0.0000,"A1 actors are outside the blind-corner conflict zone"
34.5175,1,89,311,1.0000,1.0000,1.0000,1.0000,1.0000,1.0000,-13.0916,12.5407,"7.727:0.000:18.000",0.1069,"A1 actors are outside the blind-corner conflict zone"
34.6320,1,89,312,1.0000,1.0000,1.0000,1.0000,1.0000,1.0000,-13.0058,12.6389,"7.772:0.000:18.000",0.0000,"A1 actors are outside the blind-corner conflict zone"
34.7472,1,89,313,1.0000,1.0000,1.0000,1.0000,1.0000,1.0000,-12.9369,12.7331,"7.817:0.000:18.000",0.1152,"A1 actors are outside the blind-corner conflict zone"
34.8666,1,89,314,1.0000,1.0000,1.0000,1.0000,1.0000,1.0000,-12.8668,12.8446,"7.864:0.000:18.000",0.0000,"A1 actors are outside the blind-corner conflict zone"
34.9788,1,89,315,1.0000,1.0000,1.0000,1.0000,1.0000,1.0000,-12.8229,12.9404,"7.907:0.000:18.000",0.0000,"A1 actors are outside the blind-corner conflict zone"
35.0892,1,89,316,1.0000,1.0000,1.0000,1.0000,1.0000,1.0000,-12.7925,13.0547,"7.950:0.000:18.000",0.0000,"A1 actors are outside the blind-corner conflict zone"
35.2135,1,89,317,1.0000,1.0000,1.0000,1.0000,1.0000,1.0000,-12.7794,13.1955,"7.999:0.000:18.000",0.0000,"A1 actors are outside the blind-corner conflict zone"
35.3246,1,89,318,1.0000,1.0000,1.0000,1.0000,1.0000,1.0000,-12.7734,13.3347,"8.042:0.000:18.000",0.1111,"A1 actors are outside the blind-corner conflict zone"
35.4375,1,89,319,1.0000,1.0000,1.0000,1.0000,1.0000,1.0000,-12.7756,13.4537,"8.086:0.000:18.000",0.2241,"A1 actors are outside the blind-corner conflict zone"
35.5482,1,89,320,1.0000,1.0000,1.0000,1.0000,1.0000,1.0000,-12.7830,13.5887,"8.129:0.000:18.000",0.0000,"A1 actors are outside the blind-corner conflict zone"
35.6638,1,89,321,1.0000,1.0000,1.0000,1.0000,1.0000,1.0000,-12.7966,13.7251,"8.175:0.000:18.000",0.0000,"A1 actors are outside the blind-corner conflict zone"
35.7779,1,89,322,1.0000,1.0000,1.0000,1.0000,1.0000,1.0000,-12.8268,13.8576,"8.219:0.000:18.000",0.0000,"A1 actors are outside the blind-corner conflict zone"
35.8921,1,89,323,1.0000,1.0000,1.0000,1.0000,1.0000,1.0000,-12.8663,13.9865,"8.264:0.000:18.000",0.0000,"A1 actors are outside the blind-corner conflict zone"
36.0063,1,89,324,1.0000,1.0000,1.0000,1.0000,1.0000,1.0000,-12.9048,14.1209,"8.308:0.000:18.000",0.0000,"A1 actors are outside the blind-corner conflict zone"
36.1308,1,89,325,1.0000,1.0000,1.0000,1.0000,1.0000,1.0000,-12.9546,14.2334,"8.357:0.000:18.000",0.1245,"A1 actors are outside the blind-corner conflict zone"
36.2414,1,89,326,1.0000,1.0000,1.0000,1.0000,1.0000,1.0000,-12.9990,14.3465,"8.400:0.000:18.000",0.0000,"A1 actors are outside the blind-corner conflict zone"
36.3574,1,89,327,1.0000,1.0000,1.0000,1.0000,1.0000,1.0000,-13.0615,14.4917,"8.445:0.000:18.000",0.1160,"A1 actors are outside the blind-corner conflict zone"
36.4674,1,89,328,1.0000,1.0000,1.0000,1.0000,1.0000,1.0000,-13.1110,14.6168,"8.488:0.000:18.000",0.0000,"A1 actors are outside the blind-corner conflict zone"
36.5819,1,89,329,1.0000,1.0000,1.0000,1.0000,1.0000,1.0000,-13.1592,14.7296,"8.533:0.000:18.000",0.1145,"A1 actors are outside the blind-corner conflict zone"
36.6874,1,89,330,1.0000,1.0000,1.0000,1.0000,1.0000,1.0000,-13.2003,14.8281,"8.574:0.000:18.000",0.0000,"A1 actors are outside the blind-corner conflict zone"
36.8059,1,89,331,1.0000,1.0000,1.0000,1.0000,1.0000,1.0000,-13.2749,14.9734,"8.620:0.000:18.000",0.0000,"A1 actors are outside the blind-corner conflict zone"
36.9163,1,89,332,1.0000,1.0000,1.0000,1.0000,1.0000,1.0000,-13.3359,15.0962,"8.663:0.000:18.000",0.1104,"A1 actors are outside the blind-corner conflict zone"
37.0366,1,89,333,1.0000,1.0000,1.0000,1.0000,1.0000,1.0000,-13.4030,15.2331,"8.710:0.000:18.000",0.0000,"A1 actors are outside the blind-corner conflict zone"
37.1562,1,89,334,1.0000,1.0000,1.0000,1.0000,1.0000,1.0000,-13.4726,15.3797,"8.757:0.000:18.000",0.1196,"A1 actors are outside the blind-corner conflict zone"
37.2720,1,89,335,1.0000,1.0000,1.0000,1.0000,1.0000,1.0000,-13.5223,15.5081,"8.802:0.000:18.000",0.2354,"A1 actors are outside the blind-corner conflict zone"
37.3836,1,89,336,1.0000,1.0000,1.0000,1.0000,1.0000,1.0000,-13.5653,15.6331,"8.845:0.000:18.000",0.0000,"A1 actors are outside the blind-corner conflict zone"
37.4939,1,89,337,1.0000,1.0000,1.0000,1.0000,1.0000,1.0000,-13.6164,15.7681,"8.888:0.000:18.000",0.0000,"A1 actors are outside the blind-corner conflict zone"
37.6031,1,89,338,1.0000,1.0000,1.0000,1.0000,1.0000,1.0000,-13.6644,15.8810,"8.931:0.000:18.000",0.1092,"A1 actors are outside the blind-corner conflict zone"
37.7185,1,89,339,1.0000,1.0000,1.0000,1.0000,1.0000,1.0000,-13.7125,16.0092,"8.976:0.000:18.000",0.0000,"A1 actors are outside the blind-corner conflict zone"
37.8428,1,89,340,1.0000,1.0000,1.0000,1.0000,1.0000,1.0000,-13.7663,16.1536,"9.024:0.000:18.000",0.1243,"A1 actors are outside the blind-corner conflict zone"
37.9536,1,89,341,1.0000,1.0000,1.0000,1.0000,1.0000,1.0000,-13.8208,16.2907,"9.067:0.000:18.000",0.2350,"A1 actors are outside the blind-corner conflict zone"
38.0578,1,89,342,1.0000,1.0000,1.0000,1.0000,1.0000,1.0000,-13.8764,16.4189,"9.108:0.000:18.000",0.0000,"A1 actors are outside the blind-corner conflict zone"
38.1694,1,89,343,1.0000,1.0000,1.0000,1.0000,1.0000,1.0000,-13.9268,16.5350,"9.152:0.000:18.000",0.1116,"A1 actors are outside the blind-corner conflict zone"
38.2921,1,89,344,1.0000,1.0000,1.0000,1.0000,1.0000,1.0000,-14.0045,16.6784,"9.200:0.000:18.000",0.2344,"A1 actors are outside the blind-corner conflict zone"
38.4030,1,89,345,1.0000,1.0000,1.0000,1.0000,1.0000,1.0000,-14.0762,16.7873,"9.243:0.000:18.000",0.3452,"A1 actors are outside the blind-corner conflict zone"
38.5127,1,89,346,1.0000,1.0000,1.0000,1.0000,1.0000,1.0000,-14.1301,16.8730,"9.286:0.000:18.000",0.0000,"A1 actors are outside the blind-corner conflict zone"
38.6292,1,89,347,1.0000,1.0000,1.0000,1.0000,1.0000,1.0000,-14.2151,16.9936,"9.331:0.000:18.000",0.0000,"A1 actors are outside the blind-corner conflict zone"
38.7492,1,89,348,1.0000,1.0000,1.0000,1.0000,1.0000,1.0000,-14.3237,17.1106,"9.378:0.000:18.000",0.0000,"A1 actors are outside the blind-corner conflict zone"
38.8661,1,89,349,1.0000,1.0000,1.0000,1.0000,1.0000,1.0000,-14.4159,17.2225,"9.423:0.000:18.000",0.1170,"A1 actors are outside the blind-corner conflict zone"
38.9718,1,89,350,1.0000,1.0000,1.0000,1.0000,1.0000,1.0000,-14.4953,17.3302,"9.465:0.000:18.000",0.2226,"A1 actors are outside the blind-corner conflict zone"
39.0993,1,89,351,1.0000,1.0000,1.0000,1.0000,1.0000,1.0000,-14.5670,17.4365,"9.514:0.000:18.000",0.0000,"A1 actors are outside the blind-corner conflict zone"
39.2163,1,89,352,1.0000,1.0000,1.0000,1.0000,1.0000,1.0000,-14.6378,17.5466,"9.560:0.000:18.000",0.0000,"A1 actors are outside the blind-corner conflict zone"
39.3241,1,89,353,1.0000,1.0000,1.0000,1.0000,1.0000,1.0000,-14.7198,17.6754,"9.602:0.000:18.000",0.1078,"A1 actors are outside the blind-corner conflict zone"
39.4384,1,89,354,1.0000,1.0000,1.0000,1.0000,1.0000,1.0000,-14.7923,17.7742,"9.647:0.000:18.000",0.0000,"A1 actors are outside the blind-corner conflict zone"
39.5506,1,89,355,1.0000,1.0000,1.0000,1.0000,1.0000,1.0000,-14.8607,17.8748,"9.690:0.000:18.000",0.1122,"A1 actors are outside the blind-corner conflict zone"
39.6655,1,89,356,1.0000,1.0000,1.0000,1.0000,1.0000,1.0000,-14.9381,17.9978,"9.735:0.000:18.000",0.0000,"A1 actors are outside the blind-corner conflict zone"
39.7800,1,89,357,1.0000,1.0000,1.0000,1.0000,1.0000,1.0000,-14.9934,18.0895,"9.780:0.000:18.000",0.0000,"A1 actors are outside the blind-corner conflict zone"
39.9027,1,89,358,1.0000,1.0000,1.0000,1.0000,1.0000,1.0000,-15.0567,18.1958,"9.828:0.000:18.000",0.0000,"A1 actors are outside the blind-corner conflict zone"
40.0245,1,89,359,1.0000,1.0000,1.0000,1.0000,1.0000,1.0000,-15.1248,18.3279,"9.875:0.000:18.000",0.1218,"A1 actors are outside the blind-corner conflict zone"
40.1509,1,89,360,1.0000,1.0000,1.0000,1.0000,1.0000,1.0000,-15.1815,18.4464,"9.924:0.000:18.000",0.0000,"A1 actors are outside the blind-corner conflict zone"
40.2721,1,89,361,1.0000,1.0000,1.0000,1.0000,1.0000,1.0000,-15.2307,18.5733,"9.972:0.000:18.000",0.0000,"A1 actors are outside the blind-corner conflict zone"
40.3942,1,89,362,1.0000,1.0000,1.0000,1.0000,1.0000,1.0000,-15.2628,18.6893,"10.019:0.000:18.000",0.1221,"A1 actors are outside the blind-corner conflict zone"
40.5125,1,89,363,1.0000,1.0000,1.0000,1.0000,1.0000,1.0000,-15.2776,18.8060,"10.065:0.000:18.000",0.0000,"A1 actors are outside the blind-corner conflict zone"
40.6395,1,89,364,1.0000,1.0000,1.0000,1.0000,1.0000,1.0000,-15.2945,18.9547,"10.115:0.000:18.000",0.1270,"A1 actors are outside the blind-corner conflict zone"
40.7610,1,89,365,1.0000,1.0000,1.0000,1.0000,1.0000,1.0000,-15.2948,19.0537,"10.162:0.000:18.000",0.0000,"A1 actors are outside the blind-corner conflict zone"
40.8819,1,89,366,1.0000,1.0000,1.0000,1.0000,1.0000,1.0000,-15.3058,19.1839,"10.210:0.000:18.000",0.0000,"A1 actors are outside the blind-corner conflict zone"
41.0027,1,89,367,1.0000,1.0000,1.0000,1.0000,1.0000,1.0000,-15.3136,19.3028,"10.257:0.000:18.000",0.1208,"A1 actors are outside the blind-corner conflict zone"
41.1171,1,89,368,1.0000,1.0000,1.0000,1.0000,1.0000,1.0000,-15.3245,19.4516,"10.301:0.000:18.000",0.0000,"A1 actors are outside the blind-corner conflict zone"
41.2428,1,89,369,1.0000,1.0000,1.0000,1.0000,1.0000,1.0000,-15.3262,19.5872,"10.350:0.000:18.000",0.1257,"A1 actors are outside the blind-corner conflict zone"
41.3581,1,89,370,1.0000,1.0000,1.0000,1.0000,1.0000,1.0000,-15.3156,19.7109,"10.395:0.000:18.000",0.2410,"A1 actors are outside the blind-corner conflict zone"
41.4757,1,89,371,1.0000,1.0000,1.0000,1.0000,1.0000,1.0000,-15.2878,19.8554,"10.441:0.000:18.000",0.0000,"A1 actors are outside the blind-corner conflict zone"
41.5972,1,89,372,1.0000,1.0000,1.0000,1.0000,1.0000,1.0000,-15.2431,19.9798,"10.489:0.000:18.000",0.1215,"A1 actors are outside the blind-corner conflict zone"
41.7079,1,89,373,1.0000,1.0000,1.0000,1.0000,1.0000,1.0000,-15.1909,20.1141,"10.532:0.000:18.000",0.0000,"A1 actors are outside the blind-corner conflict zone"
41.8309,1,89,374,1.0000,1.0000,1.0000,1.0000,1.0000,1.0000,-15.1289,20.2360,"10.580:0.000:18.000",0.0000,"A1 actors are outside the blind-corner conflict zone"
41.9506,1,89,375,1.0000,1.0000,1.0000,1.0000,1.0000,1.0000,-15.0841,20.3382,"10.626:0.000:18.000",0.1197,"A1 actors are outside the blind-corner conflict zone"
42.0629,1,89,376,1.0000,1.0000,1.0000,1.0000,1.0000,1.0000,-15.0305,20.4588,"10.670:0.000:18.000",0.0000,"A1 actors are outside the blind-corner conflict zone"
42.1660,1,89,377,1.0000,1.0000,1.0000,1.0000,1.0000,1.0000,-14.9790,20.5670,"10.710:0.000:18.000",0.0000,"A1 actors are outside the blind-corner conflict zone"
42.2767,1,89,378,1.0000,1.0000,1.0000,1.0000,1.0000,1.0000,-14.9228,20.6862,"10.754:0.000:18.000",0.0000,"A1 actors are outside the blind-corner conflict zone"
42.4115,1,89,379,1.0000,1.0000,1.0000,1.0000,1.0000,1.0000,-14.8513,20.8188,"10.806:0.000:18.000",0.1348,"A1 actors are outside the blind-corner conflict zone"
42.5146,1,89,380,1.0000,1.0000,1.0000,1.0000,1.0000,1.0000,-14.7803,20.9256,"10.846:0.000:18.000",0.0000,"A1 actors are outside the blind-corner conflict zone"
42.6284,1,89,381,1.0000,1.0000,1.0000,1.0000,1.0000,1.0000,-14.6953,21.0602,"10.891:0.000:18.000",0.1138,"A1 actors are outside the blind-corner conflict zone"
42.7434,1,89,382,1.0000,1.0000,1.0000,1.0000,1.0000,1.0000,-14.6323,21.1696,"10.936:0.000:18.000",0.0000,"A1 actors are outside the blind-corner conflict zone"
42.8613,1,89,383,1.0000,1.0000,1.0000,1.0000,1.0000,1.0000,-14.5837,21.3058,"10.982:0.000:18.000",0.0000,"A1 actors are outside the blind-corner conflict zone"
42.9760,1,89,384,1.0000,1.0000,1.0000,1.0000,1.0000,1.0000,-14.5539,21.4449,"11.026:0.000:18.000",0.0000,"A1 actors are outside the blind-corner conflict zone"
43.0916,1,89,385,1.0000,1.0000,1.0000,1.0000,1.0000,1.0000,-14.5215,21.5764,"11.071:0.000:18.000",0.0000,"A1 actors are outside the blind-corner conflict zone"
43.2023,1,89,386,1.0000,1.0000,1.0000,1.0000,1.0000,1.0000,-14.4880,21.6967,"11.115:0.000:18.000",0.1107,"A1 actors are outside the blind-corner conflict zone"
43.3056,1,89,387,1.0000,1.0000,1.0000,1.0000,1.0000,1.0000,-14.4528,21.8392,"11.155:0.000:18.000",0.2140,"A1 actors are outside the blind-corner conflict zone"
43.4253,1,89,388,1.0000,1.0000,1.0000,1.0000,1.0000,1.0000,-14.4328,21.9718,"11.201:0.000:18.000",0.0000,"A1 actors are outside the blind-corner conflict zone"
43.5535,1,89,389,1.0000,1.0000,1.0000,1.0000,1.0000,1.0000,-14.4137,22.1404,"11.251:0.000:18.000",0.0000,"A1 actors are outside the blind-corner conflict zone"
43.6837,1,89,390,1.0000,1.0000,1.0000,1.0000,1.0000,1.0000,-14.4031,22.2933,"11.302:0.000:18.000",0.0000,"A1 actors are outside the blind-corner conflict zone"
43.8008,1,89,391,1.0000,1.0000,1.0000,1.0000,1.0000,1.0000,-14.4005,22.4540,"11.348:0.000:18.000",0.1171,"A1 actors are outside the blind-corner conflict zone"
43.9187,1,89,392,1.0000,1.0000,1.0000,1.0000,1.0000,1.0000,-14.4168,22.6079,"11.394:0.000:18.000",0.0000,"A1 actors are outside the blind-corner conflict zone"
44.0378,1,89,393,1.0000,1.0000,1.0000,1.0000,1.0000,1.0000,-14.4415,22.7468,"11.440:0.000:18.000",0.0000,"A1 actors are outside the blind-corner conflict zone"
44.1540,1,89,394,1.0000,1.0000,1.0000,1.0000,1.0000,1.0000,-14.4738,22.8682,"11.486:0.000:18.000",0.1161,"A1 actors are outside the blind-corner conflict zone"
44.2670,1,89,395,1.0000,1.0000,1.0000,1.0000,1.0000,1.0000,-14.5156,23.0074,"11.530:0.000:18.000",0.0000,"A1 actors are outside the blind-corner conflict zone"
44.3855,1,89,396,1.0000,1.0000,1.0000,1.0000,1.0000,1.0000,-14.5732,23.1446,"11.576:0.000:18.000",0.0000,"A1 actors are outside the blind-corner conflict zone"
44.5201,1,89,397,1.0000,1.0000,1.0000,1.0000,1.0000,1.0000,-14.6547,23.2929,"11.628:0.000:18.000",0.0000,"A1 actors are outside the blind-corner conflict zone"
44.6361,1,89,398,1.0000,1.0000,1.0000,1.0000,1.0000,1.0000,-14.7323,23.4178,"11.674:0.000:18.000",0.0000,"A1 actors are outside the blind-corner conflict zone"
44.7367,1,89,399,1.0000,1.0000,1.0000,1.0000,1.0000,1.0000,-14.7986,23.5204,"11.713:0.000:18.000",0.1007,"A1 actors are outside the blind-corner conflict zone"
44.8630,1,89,400,1.0000,1.0000,1.0000,1.0000,1.0000,1.0000,-14.8914,23.6577,"11.762:0.000:18.000",0.2270,"A1 actors are outside the blind-corner conflict zone"
44.9709,1,89,401,1.0000,1.0000,1.0000,1.0000,1.0000,1.0000,-14.9513,23.7469,"11.804:0.000:18.000",0.0000,"A1 actors are outside the blind-corner conflict zone"
45.1000,1,89,402,1.0000,1.0000,1.0000,1.0000,1.0000,1.0000,-15.0410,23.8614,"11.855:0.000:18.000",0.1291,"A1 actors are outside the blind-corner conflict zone"
45.2185,1,89,403,1.0000,1.0000,1.0000,1.0000,1.0000,1.0000,-15.1038,23.9498,"11.901:0.000:18.000",0.2476,"A1 actors are outside the blind-corner conflict zone"
45.3415,1,89,404,1.0000,1.0000,1.0000,1.0000,1.0000,1.0000,-15.1934,24.0571,"11.949:0.000:18.000",0.0000,"A1 actors are outside the blind-corner conflict zone"
45.4550,1,89,405,1.0000,1.0000,1.0000,1.0000,1.0000,1.0000,-15.2742,24.1515,"11.993:0.000:18.000",0.0000,"A1 actors are outside the blind-corner conflict zone"
45.5742,1,89,406,1.0000,1.0000,1.0000,1.0000,1.0000,1.0000,-15.3644,24.2732,"12.040:0.000:18.000",0.0000,"A1 actors are outside the blind-corner conflict zone"
45.6742,1,89,407,1.0000,1.0000,1.0000,1.0000,1.0000,1.0000,-15.4226,24.3639,"12.079:0.000:18.000",0.1000,"A1 actors are outside the blind-corner conflict zone"
45.7823,1,89,408,1.0000,1.0000,1.0000,1.0000,1.0000,1.0000,-15.4987,24.4858,"12.121:0.000:18.000",0.2081,"A1 actors are outside the blind-corner conflict zone"
45.8864,1,89,409,1.0000,1.0000,1.0000,1.0000,1.0000,1.0000,-15.5585,24.5870,"12.161:0.000:18.000",0.3122,"A1 actors are outside the blind-corner conflict zone"
45.9872,1,89,410,1.0000,1.0000,1.0000,1.0000,1.0000,1.0000,-15.6314,24.6895,"12.201:0.000:18.000",0.4130,"A1 actors are outside the blind-corner conflict zone"
46.1169,1,89,411,1.0000,1.0000,1.0000,1.0000,1.0000,1.0000,-15.7180,24.8094,"12.251:0.000:18.000",0.0000,"A1 actors are outside the blind-corner conflict zone"
46.2523,1,89,412,1.0000,1.0000,1.0000,1.0000,1.0000,1.0000,-15.7904,24.9268,"12.304:0.000:18.000",0.1354,"A1 actors are outside the blind-corner conflict zone"
46.3903,1,89,413,1.0000,1.0000,1.0000,1.0000,1.0000,1.0000,-15.8961,25.0667,"12.358:0.000:18.000",0.0000,"A1 actors are outside the blind-corner conflict zone"
46.4933,1,89,414,1.0000,1.0000,1.0000,1.0000,1.0000,1.0000,-15.9980,25.1742,"12.398:0.000:18.000",0.1030,"A1 actors are outside the blind-corner conflict zone"
46.6138,1,89,415,1.0000,1.0000,1.0000,1.0000,1.0000,1.0000,-16.1114,25.2923,"12.445:0.000:18.000",0.0000,"A1 actors are outside the blind-corner conflict zone"
46.7373,1,89,416,1.0000,1.0000,1.0000,1.0000,1.0000,1.0000,-16.2216,25.4105,"12.493:0.000:18.000",0.1236,"A1 actors are outside the blind-corner conflict zone"
46.8627,1,89,417,1.0000,1.0000,1.0000,1.0000,1.0000,1.0000,-16.3313,25.5353,"12.542:0.000:18.000",0.0000,"A1 actors are outside the blind-corner conflict zone"
46.9876,1,89,418,1.0000,1.0000,1.0000,1.0000,1.0000,1.0000,-16.4202,25.6542,"12.591:0.000:18.000",0.1249,"A1 actors are outside the blind-corner conflict zone"
47.1096,1,89,419,1.0000,1.0000,1.0000,1.0000,1.0000,1.0000,-16.5159,25.7717,"12.638:0.000:18.000",0.2469,"A1 actors are outside the blind-corner conflict zone"
47.2279,1,89,420,1.0000,1.0000,1.0000,1.0000,1.0000,1.0000,-16.5894,25.8732,"12.684:0.000:18.000",0.0000,"A1 actors are outside the blind-corner conflict zone"
47.3502,1,89,421,1.0000,1.0000,1.0000,1.0000,1.0000,1.0000,-16.6809,26.0052,"12.732:0.000:18.000",0.0000,"A1 actors are outside the blind-corner conflict zone"
47.4636,1,89,422,1.0000,1.0000,1.0000,1.0000,1.0000,1.0000,-16.7758,26.1040,"12.776:0.000:18.000",0.0000,"A1 actors are outside the blind-corner conflict zone"
47.5922,1,89,423,1.0000,1.0000,1.0000,1.0000,1.0000,1.0000,-16.9007,26.2260,"12.827:0.000:18.000",0.0000,"A1 actors are outside the blind-corner conflict zone"
47.6939,1,89,424,1.0000,1.0000,1.0000,1.0000,1.0000,1.0000,-16.9795,26.3253,"12.866:0.000:18.000",0.1017,"A1 actors are outside the blind-corner conflict zone"
47.8091,1,89,425,1.0000,1.0000,1.0000,1.0000,1.0000,1.0000,-17.0378,26.4195,"12.911:0.000:18.000",0.0000,"A1 actors are outside the blind-corner conflict zone"
47.9303,1,89,426,1.0000,1.0000,1.0000,1.0000,1.0000,1.0000,-17.0811,26.5348,"12.958:0.000:18.000",0.1212,"A1 actors are outside the blind-corner conflict zone"
48.0435,1,89,427,1.0000,1.0000,1.0000,1.0000,1.0000,1.0000,-17.1270,26.6606,"13.003:0.000:18.000",0.0000,"A1 actors are outside the blind-corner conflict zone"
48.1557,1,89,428,1.0000,1.0000,1.0000,1.0000,1.0000,1.0000,-17.1693,26.7884,"13.046:0.000:18.000",0.1122,"A1 actors are outside the blind-corner conflict zone"
48.2771,1,89,429,1.0000,1.0000,1.0000,1.0000,1.0000,1.0000,-17.2158,26.9349,"13.094:0.000:18.000",0.2336,"A1 actors are outside the blind-corner conflict zone"
48.3954,1,89,430,1.0000,1.0000,1.0000,1.0000,1.0000,1.0000,-17.2487,27.0585,"13.140:0.000:18.000",0.0000,"A1 actors are outside the blind-corner conflict zone"
48.5102,1,89,431,1.0000,1.0000,1.0000,1.0000,1.0000,1.0000,-17.2672,27.1810,"13.185:0.000:18.000",0.0000,"A1 actors are outside the blind-corner conflict zone"
48.6215,1,89,432,1.0000,1.0000,1.0000,1.0000,1.0000,1.0000,-17.2914,27.2838,"13.228:0.000:18.000",0.0000,"A1 actors are outside the blind-corner conflict zone"
48.7358,1,89,433,1.0000,1.0000,1.0000,1.0000,1.0000,1.0000,-17.3313,27.4314,"13.273:0.000:18.000",0.0000,"A1 actors are outside the blind-corner conflict zone"
48.8591,1,89,434,1.0000,1.0000,1.0000,1.0000,1.0000,1.0000,-17.3650,27.5749,"13.321:0.000:18.000",0.0000,"A1 actors are outside the blind-corner conflict zone"
48.9767,1,89,435,1.0000,1.0000,1.0000,1.0000,1.0000,1.0000,-17.3844,27.7031,"13.367:0.000:18.000",0.1176,"A1 actors are outside the blind-corner conflict zone"
49.0946,1,89,436,1.0000,1.0000,1.0000,1.0000,1.0000,1.0000,-17.3913,27.8316,"13.412:0.000:18.000",0.0000,"A1 actors are outside the blind-corner conflict zone"
49.2054,1,89,437,1.0000,1.0000,1.0000,1.0000,1.0000,1.0000,-17.3906,27.9474,"13.456:0.000:18.000",0.0000,"A1 actors are outside the blind-corner conflict zone"
49.3197,1,89,438,1.0000,1.0000,1.0000,1.0000,1.0000,1.0000,-17.3787,28.0627,"13.500:0.000:18.000",0.1143,"A1 actors are outside the blind-corner conflict zone"
49.4306,1,89,439,1.0000,1.0000,1.0000,1.0000,1.0000,1.0000,-17.3466,28.1810,"13.544:0.000:18.000",0.0000,"A1 actors are outside the blind-corner conflict zone"
49.5475,1,89,440,1.0000,1.0000,1.0000,1.0000,1.0000,1.0000,-17.3059,28.2997,"13.589:0.000:18.000",0.1169,"A1 actors are outside the blind-corner conflict zone"
49.6677,1,89,441,1.0000,1.0000,1.0000,1.0000,1.0000,1.0000,-17.2675,28.4158,"13.636:0.000:18.000",0.0000,"A1 actors are outside the blind-corner conflict zone"
49.7697,1,89,442,1.0000,1.0000,1.0000,1.0000,1.0000,1.0000,-17.2385,28.4950,"13.676:0.000:18.000",0.0000,"A1 actors are outside the blind-corner conflict zone"
49.8957,1,89,443,1.0000,1.0000,1.0000,1.0000,1.0000,1.0000,-17.1856,28.5948,"13.725:0.000:18.000",0.1261,"A1 actors are outside the blind-corner conflict zone"
49.9991,1,89,444,1.0000,1.0000,1.0000,1.0000,1.0000,1.0000,-17.1445,28.6663,"13.765:0.000:18.000",0.0000,"A1 actors are outside the blind-corner conflict zone"
50.1300,1,89,445,1.0000,1.0000,1.0000,1.0000,1.0000,1.0000,-17.0626,28.7837,"13.816:0.000:18.000",0.0000,"A1 actors are outside the blind-corner conflict zone"
50.2535,1,89,446,1.0000,1.0000,1.0000,1.0000,1.0000,1.0000,-16.9927,28.8856,"13.864:0.000:18.000",0.1234,"A1 actors are outside the blind-corner conflict zone"
50.3738,1,89,447,1.0000,1.0000,1.0000,1.0000,1.0000,1.0000,-16.9246,28.9738,"13.911:0.000:18.000",0.2438,"A1 actors are outside the blind-corner conflict zone"
50.4884,1,89,448,1.0000,1.0000,1.0000,1.0000,1.0000,1.0000,-16.8326,29.0592,"13.956:0.000:18.000",0.0000,"A1 actors are outside the blind-corner conflict zone"
50.6197,1,89,449,1.0000,1.0000,1.0000,1.0000,1.0000,1.0000,-16.7286,29.1394,"14.007:0.000:18.000",0.0000,"A1 actors are outside the blind-corner conflict zone"
50.7250,1,89,450,1.0000,1.0000,1.0000,1.0000,1.0000,1.0000,-16.6465,29.1937,"14.048:0.000:18.000",0.0000,"A1 actors are outside the blind-corner conflict zone"
50.8265,1,89,451,1.0000,1.0000,1.0000,1.0000,1.0000,1.0000,-16.5587,29.2400,"14.088:0.000:18.000",0.1015,"A1 actors are outside the blind-corner conflict zone"
50.9312,1,89,452,1.0000,1.0000,1.0000,1.0000,1.0000,1.0000,-16.4431,29.3007,"14.129:0.000:18.000",0.2062,"A1 actors are outside the blind-corner conflict zone"
51.0571,1,89,453,1.0000,1.0000,1.0000,1.0000,1.0000,1.0000,-16.3182,29.3507,"14.178:0.000:18.000",0.0000,"A1 actors are outside the blind-corner conflict zone"
51.1662,1,89,454,1.0000,1.0000,1.0000,1.0000,1.0000,1.0000,-16.1949,29.3962,"14.220:0.000:18.000",0.1091,"A1 actors are outside the blind-corner conflict zone"
51.2995,1,89,455,1.0000,1.0000,1.0000,1.0000,1.0000,1.0000,-16.0647,29.4451,"14.272:0.000:18.000",0.2423,"A1 actors are outside the blind-corner conflict zone"
51.4085,1,89,456,1.0000,1.0000,1.0000,1.0000,1.0000,1.0000,-15.9436,29.4793,"14.315:0.000:18.000",0.0000,"A1 actors are outside the blind-corner conflict zone"
51.5329,1,89,457,1.0000,1.0000,1.0000,1.0000,1.0000,1.0000,-15.7982,29.5059,"14.363:0.000:18.000",0.0000,"A1 actors are outside the blind-corner conflict zone"
51.6539,1,89,458,1.0000,1.0000,1.0000,1.0000,1.0000,1.0000,-15.6381,29.5317,"14.411:0.000:18.000",0.0000,"A1 actors are outside the blind-corner conflict zone"
51.7740,1,89,459,1.0000,1.0000,1.0000,1.0000,1.0000,1.0000,-15.5086,29.5393,"14.457:0.000:18.000",0.0000,"A1 actors are outside the blind-corner conflict zone"
51.8801,1,89,460,1.0000,1.0000,1.0000,1.0000,1.0000,1.0000,-15.3985,29.5391,"14.499:0.000:18.000",0.1061,"A1 actors are outside the blind-corner conflict zone"
51.9964,1,89,461,1.0000,1.0000,1.0000,1.0000,1.0000,1.0000,-15.3040,29.5273,"14.544:0.000:18.000",0.0000,"A1 actors are outside the blind-corner conflict zone"
52.1107,1,89,462,1.0000,1.0000,1.0000,1.0000,1.0000,1.0000,-15.1814,29.5105,"14.589:0.000:18.000",0.0000,"A1 actors are outside the blind-corner conflict zone"
52.2343,1,89,463,1.0000,1.0000,1.0000,1.0000,1.0000,1.0000,-15.0527,29.4998,"14.637:0.000:18.000",0.1236,"A1 actors are outside the blind-corner conflict zone"
52.3521,1,89,464,1.0000,1.0000,1.0000,1.0000,1.0000,1.0000,-14.9213,29.4979,"14.683:0.000:18.000",0.0000,"A1 actors are outside the blind-corner conflict zone"
52.4802,1,89,465,1.0000,1.0000,1.0000,1.0000,1.0000,1.0000,-14.7591,29.5142,"14.733:0.000:18.000",0.0000,"A1 actors are outside the blind-corner conflict zone"
52.6068,1,89,466,1.0000,1.0000,1.0000,1.0000,1.0000,1.0000,-14.6158,29.5326,"14.782:0.000:18.000",0.0000,"A1 actors are outside the blind-corner conflict zone"
52.7306,1,89,467,1.0000,1.0000,1.0000,1.0000,1.0000,1.0000,-14.4640,29.5596,"14.831:0.000:18.000",0.0000,"A1 actors are outside the blind-corner conflict zone"
52.8458,1,89,468,1.0000,1.0000,1.0000,1.0000,1.0000,1.0000,-14.3309,29.5827,"14.875:0.000:18.000",0.1152,"A1 actors are outside the blind-corner conflict zone"
52.9675,1,89,469,1.0000,1.0000,1.0000,1.0000,1.0000,1.0000,-14.1805,29.5953,"14.923:0.000:18.000",0.0000,"A1 actors are outside the blind-corner conflict zone"
53.0802,1,89,470,1.0000,1.0000,1.0000,1.0000,1.0000,1.0000,-14.0479,29.5883,"14.967:0.000:18.000",0.0000,"A1 actors are outside the blind-corner conflict zone"
53.1954,1,89,471,1.0000,1.0000,1.0000,1.0000,1.0000,1.0000,-13.9282,29.5813,"15.012:0.000:18.000",0.1152,"A1 actors are outside the blind-corner conflict zone"
53.3181,1,89,472,1.0000,1.0000,1.0000,1.0000,1.0000,1.0000,-13.7667,29.5664,"15.060:0.000:18.000",0.2380,"A1 actors are outside the blind-corner conflict zone"
53.4303,1,89,473,1.0000,1.0000,1.0000,1.0000,1.0000,1.0000,-13.6704,29.5595,"15.103:0.000:18.000",0.0000,"A1 actors are outside the blind-corner conflict zone"
53.5431,1,89,474,1.0000,1.0000,1.0000,1.0000,1.0000,1.0000,-13.5183,29.5599,"15.147:0.000:18.000",0.1128,"A1 actors are outside the blind-corner conflict zone"
53.6593,1,89,475,1.0000,1.0000,1.0000,1.0000,1.0000,1.0000,-13.3668,29.5636,"15.193:0.000:18.000",0.0000,"A1 actors are outside the blind-corner conflict zone"
53.7757,1,89,476,1.0000,1.0000,1.0000,1.0000,1.0000,1.0000,-13.2141,29.5707,"15.238:0.000:18.000",0.0000,"A1 actors are outside the blind-corner conflict zone"
53.9058,1,89,477,1.0000,1.0000,1.0000,1.0000,1.0000,1.0000,-13.0583,29.5736,"15.289:0.000:18.000",0.0000,"A1 actors are outside the blind-corner conflict zone"
54.0183,1,89,478,1.0000,1.0000,1.0000,1.0000,1.0000,1.0000,-12.9108,29.5775,"15.333:0.000:18.000",0.1125,"A1 actors are outside the blind-corner conflict zone"
54.1228,1,89,479,1.0000,1.0000,1.0000,1.0000,1.0000,1.0000,-12.7715,29.5732,"15.373:0.000:18.000",0.0000,"A1 actors are outside the blind-corner conflict zone"
54.2254,1,89,480,1.0000,1.0000,1.0000,1.0000,1.0000,1.0000,-12.6282,29.5627,"15.413:0.000:18.000",0.0000,"A1 actors are outside the blind-corner conflict zone"
54.3432,1,89,481,1.0000,1.0000,1.0000,1.0000,1.0000,1.0000,-12.4730,29.5455,"15.459:0.000:18.000",0.1178,"A1 actors are outside the blind-corner conflict zone"
54.4549,1,89,482,1.0000,1.0000,1.0000,1.0000,1.0000,1.0000,-12.3292,29.5345,"15.503:0.000:18.000",0.0000,"A1 actors are outside the blind-corner conflict zone"
54.5685,1,89,483,1.0000,1.0000,1.0000,1.0000,1.0000,1.0000,-12.1687,29.5471,"15.547:0.000:18.000",0.0000,"A1 actors are outside the blind-corner conflict zone"
54.6926,1,89,484,1.0000,1.0000,1.0000,1.0000,1.0000,1.0000,-12.0127,29.5694,"15.596:0.000:18.000",0.0000,"A1 actors are outside the blind-corner conflict zone"
54.7932,1,89,485,1.0000,1.0000,1.0000,1.0000,1.0000,1.0000,-11.8985,29.5873,"15.635:0.000:18.000",0.0000,"A1 actors are outside the blind-corner conflict zone"
54.8987,1,89,486,1.0000,1.0000,1.0000,1.0000,1.0000,1.0000,-11.7690,29.6080,"15.663:0.000:18.000",0.1056,"A1 actors are outside the blind-corner conflict zone"
55.0133,1,89,487,1.0000,1.0000,1.0000,1.0000,1.0000,1.0000,-11.6166,29.6306,"15.618:0.000:18.000",0.2201,"A1 actors are outside the blind-corner conflict zone"
55.1475,1,89,488,1.0000,1.0000,1.0000,1.0000,1.0000,1.0000,-11.4657,29.6574,"15.566:0.000:18.000",0.0000,"A1 actors are outside the blind-corner conflict zone"
55.2651,1,89,489,1.0000,1.0000,1.0000,1.0000,1.0000,1.0000,-11.3535,29.6936,"15.520:0.000:18.000",0.1177,"A1 actors are outside the blind-corner conflict zone"
55.3846,1,89,490,1.0000,1.0000,1.0000,1.0000,1.0000,1.0000,-11.2709,29.7219,"15.473:0.000:18.000",0.2371,"A1 actors are outside the blind-corner conflict zone"
55.5065,1,89,491,1.0000,1.0000,1.0000,1.0000,1.0000,1.0000,-11.1901,29.7557,"15.425:0.000:18.000",0.0000,"A1 actors are outside the blind-corner conflict zone"
55.6234,1,89,492,1.0000,1.0000,1.0000,1.0000,1.0000,1.0000,-11.0968,29.7871,"15.380:0.000:18.000",0.1169,"A1 actors are outside the blind-corner conflict zone"
55.7370,1,89,493,1.0000,1.0000,1.0000,1.0000,1.0000,1.0000,-11.0127,29.8083,"15.336:0.000:18.000",0.0000,"A1 actors are outside the blind-corner conflict zone"
55.8609,1,89,494,1.0000,1.0000,1.0000,1.0000,1.0000,1.0000,-10.9310,29.8246,"15.287:0.000:18.000",0.1239,"A1 actors are outside the blind-corner conflict zone"
55.9756,1,89,495,1.0000,1.0000,1.0000,1.0000,1.0000,1.0000,-10.8436,29.8396,"15.243:0.000:18.000",0.0000,"A1 actors are outside the blind-corner conflict zone"
56.0941,1,89,496,1.0000,1.0000,1.0000,1.0000,1.0000,1.0000,-10.7512,29.8457,"15.196:0.000:18.000",0.0000,"A1 actors are outside the blind-corner conflict zone"
56.2165,1,89,497,1.0000,1.0000,1.0000,1.0000,1.0000,1.0000,-10.6624,29.8435,"15.149:0.000:18.000",0.0000,"A1 actors are outside the blind-corner conflict zone"
56.3382,1,89,498,1.0000,1.0000,1.0000,1.0000,1.0000,1.0000,-10.5971,29.8284,"15.101:0.000:18.000",0.1217,"A1 actors are outside the blind-corner conflict zone"
56.4511,1,89,499,1.0000,1.0000,1.0000,1.0000,1.0000,1.0000,-10.5227,29.8080,"15.057:0.000:18.000",0.0000,"A1 actors are outside the blind-corner conflict zone"
56.5631,1,89,500,1.0000,1.0000,1.0000,1.0000,1.0000,1.0000,-10.4511,29.7753,"15.013:0.000:18.000",0.1120,"A1 actors are outside the blind-corner conflict zone"
56.6801,1,89,501,1.0000,1.0000,1.0000,1.0000,1.0000,1.0000,-10.3933,29.7409,"14.968:0.000:18.000",0.0000,"A1 actors are outside the blind-corner conflict zone"
56.7938,1,89,502,1.0000,1.0000,1.0000,1.0000,1.0000,1.0000,-10.3027,29.6926,"14.923:0.000:18.000",0.1137,"A1 actors are outside the blind-corner conflict zone"
56.9091,1,89,503,1.0000,1.0000,1.0000,1.0000,1.0000,1.0000,-10.2322,29.6455,"14.878:0.000:18.000",0.2290,"A1 actors are outside the blind-corner conflict zone"
57.0379,1,89,504,1.0000,1.0000,1.0000,1.0000,1.0000,1.0000,-10.1544,29.5844,"14.828:0.000:18.000",0.3578,"A1 actors are outside the blind-corner conflict zone"
57.1507,1,89,505,1.0000,1.0000,1.0000,1.0000,1.0000,1.0000,-10.0805,29.5166,"14.784:0.000:18.000",0.0000,"A1 actors are outside the blind-corner conflict zone"
57.2655,1,89,506,1.0000,1.0000,1.0000,1.0000,1.0000,1.0000,-9.9895,29.4342,"14.739:0.000:18.000",0.1148,"A1 actors are outside the blind-corner conflict zone"
57.3856,1,89,507,1.0000,1.0000,1.0000,1.0000,1.0000,1.0000,-9.9263,29.3642,"14.693:0.000:18.000",0.2349,"A1 actors are outside the blind-corner conflict zone"
57.5108,1,89,508,1.0000,1.0000,1.0000,1.0000,1.0000,1.0000,-9.8537,29.2688,"14.644:0.000:18.000",0.0000,"A1 actors are outside the blind-corner conflict zone"
57.6276,1,89,509,1.0000,1.0000,1.0000,1.0000,1.0000,1.0000,-9.8009,29.1578,"14.598:0.000:18.000",0.0000,"A1 actors are outside the blind-corner conflict zone"
57.7395,1,89,510,1.0000,1.0000,1.0000,1.0000,1.0000,1.0000,-9.7714,29.0228,"14.555:0.000:18.000",0.0000,"A1 actors are outside the blind-corner conflict zone"
57.8677,1,89,511,1.0000,1.0000,1.0000,1.0000,1.0000,1.0000,-9.7491,28.8605,"14.505:0.000:18.000",0.1282,"A1 actors are outside the blind-corner conflict zone"
57.9721,1,89,512,1.0000,1.0000,1.0000,1.0000,1.0000,1.0000,-9.7408,28.7218,"14.464:0.000:18.000",0.2326,"A1 actors are outside the blind-corner conflict zone"
58.0986,1,89,513,1.0000,1.0000,1.0000,1.0000,1.0000,1.0000,-9.7453,28.5651,"14.415:0.000:18.000",0.0000,"A1 actors are outside the blind-corner conflict zone"
58.2211,1,89,514,1.0000,1.0000,1.0000,1.0000,1.0000,1.0000,-9.7491,28.4104,"14.367:0.000:18.000",0.1225,"A1 actors are outside the blind-corner conflict zone"
58.3550,1,89,515,1.0000,1.0000,1.0000,1.0000,1.0000,1.0000,-9.7677,28.2711,"14.315:0.000:18.000",0.0000,"A1 actors are outside the blind-corner conflict zone"
58.4840,1,89,516,1.0000,1.0000,1.0000,1.0000,1.0000,1.0000,-9.7996,28.1163,"14.264:0.000:18.000",0.1290,"A1 actors are outside the blind-corner conflict zone"
58.6106,1,89,517,1.0000,1.0000,1.0000,1.0000,1.0000,1.0000,-9.8364,27.9642,"14.215:0.000:18.000",0.0000,"A1 actors are outside the blind-corner conflict zone"
58.7122,1,89,518,1.0000,1.0000,1.0000,1.0000,1.0000,1.0000,-9.8647,27.8346,"14.175:0.000:18.000",0.1016,"A1 actors are outside the blind-corner conflict zone"
58.8162,1,89,519,1.0000,1.0000,1.0000,1.0000,1.0000,1.0000,-9.9181,27.6983,"14.135:0.000:18.000",0.0000,"A1 actors are outside the blind-corner conflict zone"
58.9271,1,89,520,1.0000,1.0000,1.0000,1.0000,1.0000,1.0000,-9.9631,27.5787,"14.091:0.000:18.000",0.0000,"A1 actors are outside the blind-corner conflict zone"
59.0548,1,89,521,1.0000,1.0000,1.0000,1.0000,1.0000,1.0000,-10.0201,27.4343,"14.042:0.000:18.000",0.1277,"A1 actors are outside the blind-corner conflict zone"
59.1647,1,89,522,1.0000,1.0000,1.0000,1.0000,1.0000,1.0000,-10.0699,27.3277,"13.999:0.000:18.000",0.2376,"A1 actors are outside the blind-corner conflict zone"
59.2801,1,89,523,1.0000,1.0000,1.0000,1.0000,1.0000,1.0000,-10.1338,27.1813,"13.954:0.000:18.000",0.3530,"A1 actors are outside the blind-corner conflict zone"
59.3901,1,89,524,1.0000,1.0000,1.0000,1.0000,1.0000,1.0000,-10.1924,27.0539,"13.911:0.000:18.000",0.0000,"A1 actors are outside the blind-corner conflict zone"
59.5172,1,89,525,1.0000,1.0000,1.0000,1.0000,1.0000,1.0000,-10.2665,26.9297,"13.861:0.000:18.000",0.1271,"A1 actors are outside the blind-corner conflict zone"
59.6208,1,89,526,1.0000,1.0000,1.0000,1.0000,1.0000,1.0000,-10.3463,26.8147,"13.821:0.000:18.000",0.0000,"A1 actors are outside the blind-corner conflict zone"
59.7392,1,89,527,1.0000,1.0000,1.0000,1.0000,1.0000,1.0000,-10.4094,26.6987,"13.775:0.000:18.000",0.1183,"A1 actors are outside the blind-corner conflict zone"
59.8515,1,89,528,1.0000,1.0000,1.0000,1.0000,1.0000,1.0000,-10.4772,26.5798,"13.731:0.000:18.000",0.2307,"A1 actors are outside the blind-corner conflict zone"
59.9633,1,89,529,1.0000,1.0000,1.0000,1.0000,1.0000,1.0000,-10.5432,26.4718,"13.687:0.000:18.000",0.0000,"A1 actors are outside the blind-corner conflict zone"
60.0675,1,89,530,1.0000,1.0000,1.0000,1.0000,1.0000,1.0000,-10.5936,26.3958,"13.647:0.000:18.000",0.1042,"A1 actors are outside the blind-corner conflict zone"
60.1923,1,89,531,1.0000,1.0000,1.0000,1.0000,1.0000,1.0000,-10.6495,26.3073,"13.598:0.000:18.000",0.2291,"A1 actors are outside the blind-corner conflict zone"
60.3241,1,89,532,1.0000,1.0000,1.0000,1.0000,1.0000,1.0000,-10.6936,26.2379,"13.547:0.000:18.000",0.0000,"A1 actors are outside the blind-corner conflict zone"
60.4518,1,89,533,1.0000,1.0000,1.0000,1.0000,1.0000,1.0000,-10.7132,26.2097,"13.497:0.000:18.000",0.1277,"A1 actors are outside the blind-corner conflict zone"
60.5658,1,89,534,1.0000,1.0000,1.0000,1.0000,1.0000,1.0000,-10.7421,26.1606,"13.452:0.000:18.000",0.0000,"A1 actors are outside the blind-corner conflict zone"
60.6799,1,89,535,1.0000,1.0000,1.0000,1.0000,1.0000,1.0000,-10.7501,26.1479,"13.408:0.000:18.000",0.1140,"A1 actors are outside the blind-corner conflict zone"
60.7999,1,89,536,1.0000,1.0000,1.0000,1.0000,1.0000,1.0000,-10.7628,26.1244,"13.361:0.000:18.000",0.2340,"A1 actors are outside the blind-corner conflict zone"
60.9177,1,89,537,1.0000,1.0000,1.0000,1.0000,1.0000,1.0000,-10.7650,26.1209,"13.315:0.000:18.000",0.3519,"A1 actors are outside the blind-corner conflict zone"
61.0315,1,89,538,1.0000,1.0000,1.0000,1.0000,1.0000,1.0000,-10.7673,26.1173,"13.271:0.000:18.000",0.0000,"A1 actors are outside the blind-corner conflict zone"
61.1453,1,89,539,1.0000,1.0000,1.0000,1.0000,1.0000,1.0000,-10.7707,26.1120,"13.226:0.000:18.000",0.1138,"A1 actors are outside the blind-corner conflict zone"
61.2676,1,89,540,1.0000,1.0000,1.0000,1.0000,1.0000,1.0000,-10.7745,26.1066,"13.179:0.000:18.000",0.0000,"A1 actors are outside the blind-corner conflict zone"
61.3903,1,89,541,1.0000,1.0000,1.0000,1.0000,1.0000,1.0000,-10.7699,26.1126,"13.131:0.000:18.000",0.0000,"A1 actors are outside the blind-corner conflict zone"
61.5089,1,89,542,1.0000,1.0000,1.0000,1.0000,1.0000,1.0000,-10.7667,26.1178,"13.085:0.000:18.000",0.0000,"A1 actors are outside the blind-corner conflict zone"
61.6237,1,89,543,1.0000,1.0000,1.0000,1.0000,1.0000,1.0000,-10.7675,26.1153,"13.040:0.000:18.000",0.1148,"A1 actors are outside the blind-corner conflict zone"
61.7322,1,89,544,1.0000,1.0000,1.0000,1.0000,1.0000,1.0000,-10.7705,26.1099,"12.997:0.000:18.000",0.2233,"A1 actors are outside the blind-corner conflict zone"
61.8565,1,89,545,1.0000,1.0000,1.0000,1.0000,1.0000,1.0000,-10.7622,26.1238,"12.949:0.000:18.000",0.3475,"A1 actors are outside the blind-corner conflict zone"
61.9746,1,89,546,1.0000,1.0000,1.0000,1.0000,1.0000,1.0000,-10.7595,26.1276,"12.903:0.000:18.000",0.0000,"A1 actors are outside the blind-corner conflict zone"
62.0930,1,89,547,1.0000,1.0000,1.0000,1.0000,1.0000,1.0000,-10.7595,26.1281,"12.857:0.000:18.000",0.1184,"A1 actors are outside the blind-corner conflict zone"
62.2965,1,89,548,1.0000,1.0000,1.0000,1.0000,1.0000,1.0000,-10.7628,26.1241,"12.777:0.000:18.000",0.0000,"A1 actors are outside the blind-corner conflict zone"
62.3990,1,89,549,1.0000,1.0000,1.0000,1.0000,1.0000,1.0000,-10.7568,26.1325,"12.737:0.000:18.000",0.0000,"A1 actors are outside the blind-corner conflict zone"
62.5159,1,89,550,1.0000,1.0000,1.0000,1.0000,1.0000,1.0000,-10.7621,26.1058,"12.692:0.000:18.000",0.0000,"A1 actors are outside the blind-corner conflict zone"
62.6382,1,89,551,1.0000,1.0000,1.0000,1.0000,1.0000,1.0000,-10.7619,26.1172,"12.644:0.000:18.000",0.0000,"A1 actors are outside the blind-corner conflict zone"
62.7781,1,89,552,1.0000,1.0000,1.0000,1.0000,1.0000,1.0000,-10.7621,26.1242,"12.590:0.000:18.000",0.1399,"A1 actors are outside the blind-corner conflict zone"
62.8892,1,89,553,1.0000,1.0000,1.0000,1.0000,1.0000,1.0000,-10.7634,26.1348,"12.546:0.000:18.000",0.2510,"A1 actors are outside the blind-corner conflict zone"
63.0141,1,89,554,1.0000,1.0000,1.0000,1.0000,1.0000,1.0000,-10.7626,26.1225,"12.498:0.000:18.000",0.0000,"A1 actors are outside the blind-corner conflict zone"
63.1357,1,89,555,1.0000,1.0000,1.0000,1.0000,1.0000,1.0000,-10.7649,26.1399,"12.450:0.000:18.000",0.0000,"A1 actors are outside the blind-corner conflict zone"
63.2546,1,89,556,1.0000,1.0000,1.0000,1.0000,1.0000,1.0000,-10.7623,26.1335,"12.404:0.000:18.000",0.0000,"A1 actors are outside the blind-corner conflict zone"
63.3727,1,89,557,1.0000,1.0000,1.0000,1.0000,1.0000,1.0000,-10.7604,26.1252,"12.358:0.000:18.000",0.1181,"A1 actors are outside the blind-corner conflict zone"
63.5018,1,89,558,1.0000,1.0000,1.0000,1.0000,1.0000,1.0000,-10.7656,26.1438,"12.307:0.000:18.000",0.0000,"A1 actors are outside the blind-corner conflict zone"
63.6204,1,89,559,1.0000,1.0000,1.0000,1.0000,1.0000,1.0000,-10.7592,26.1214,"12.261:0.000:18.000",0.0000,"A1 actors are outside the blind-corner conflict zone"
63.7368,1,89,560,1.0000,1.0000,1.0000,1.0000,1.0000,1.0000,-10.7590,26.1221,"12.216:0.000:18.000",0.1164,"A1 actors are outside the blind-corner conflict zone"
63.8562,1,89,561,1.0000,1.0000,1.0000,1.0000,1.0000,1.0000,-10.7604,26.1286,"12.169:0.000:18.000",0.0000,"A1 actors are outside the blind-corner conflict zone"
63.9728,1,89,562,1.0000,1.0000,1.0000,1.0000,1.0000,1.0000,-10.7599,26.1211,"12.124:0.000:18.000",0.0000,"A1 actors are outside the blind-corner conflict zone"
64.0917,1,89,563,1.0000,1.0000,1.0000,1.0000,1.0000,1.0000,-10.7608,26.1468,"12.077:0.000:18.000",0.1189,"A1 actors are outside the blind-corner conflict zone"
64.2133,1,89,564,1.0000,1.0000,1.0000,1.0000,1.0000,1.0000,-10.7612,26.1511,"12.030:0.000:18.000",0.0000,"A1 actors are outside the blind-corner conflict zone"
64.3282,1,89,565,1.0000,1.0000,1.0000,1.0000,1.0000,1.0000,-10.7621,26.1608,"11.985:0.000:18.000",0.0000,"A1 actors are outside the blind-corner conflict zone"
64.4474,1,89,566,1.0000,1.0000,1.0000,1.0000,1.0000,1.0000,-10.7628,26.1663,"11.939:0.000:18.000",0.0000,"A1 actors are outside the blind-corner conflict zone"
64.5681,1,89,567,1.0000,1.0000,1.0000,1.0000,1.0000,1.0000,-10.7611,26.1586,"11.891:0.000:18.000",0.0000,"A1 actors are outside the blind-corner conflict zone"
64.6790,1,89,568,1.0000,1.0000,1.0000,1.0000,1.0000,1.0000,-10.7613,26.1601,"11.848:0.000:18.000",0.1108,"A1 actors are outside the blind-corner conflict zone"
64.7900,1,89,569,1.0000,1.0000,1.0000,1.0000,1.0000,1.0000,-10.7619,26.1613,"11.805:0.000:18.000",0.0000,"A1 actors are outside the blind-corner conflict zone"
64.9074,1,89,570,1.0000,1.0000,1.0000,1.0000,1.0000,1.0000,-10.7623,26.1615,"11.759:0.000:18.000",0.0000,"A1 actors are outside the blind-corner conflict zone"
65.0328,1,89,571,1.0000,1.0000,1.0000,1.0000,1.0000,1.0000,-10.7676,26.2032,"11.710:0.000:18.000",0.0000,"A1 actors are outside the blind-corner conflict zone"
65.1525,1,89,572,1.0000,1.0000,1.0000,1.0000,1.0000,1.0000,-10.7662,26.1938,"11.664:0.000:18.000",0.0000,"A1 actors are outside the blind-corner conflict zone"
65.2756,1,89,573,1.0000,1.0000,1.0000,1.0000,1.0000,1.0000,-10.7626,26.1768,"11.616:0.000:18.000",0.1232,"A1 actors are outside the blind-corner conflict zone"
65.3890,1,89,574,1.0000,1.0000,1.0000,1.0000,1.0000,1.0000,-10.7693,26.1998,"11.571:0.000:18.000",0.0000,"A1 actors are outside the blind-corner conflict zone"
65.5104,1,89,575,1.0000,1.0000,1.0000,1.0000,1.0000,1.0000,-10.7702,26.2049,"11.524:0.000:18.000",0.1213,"A1 actors are outside the blind-corner conflict zone"
65.6357,1,89,576,1.0000,1.0000,1.0000,1.0000,1.0000,1.0000,-10.7678,26.1888,"11.475:0.000:18.000",0.0000,"A1 actors are outside the blind-corner conflict zone"
65.7588,1,89,577,1.0000,1.0000,1.0000,1.0000,1.0000,1.0000,-10.7695,26.2039,"11.427:0.000:18.000",0.0000,"A1 actors are outside the blind-corner conflict zone"
65.8890,1,89,578,1.0000,1.0000,1.0000,1.0000,1.0000,1.0000,-10.7695,26.2129,"11.376:0.000:18.000",0.1302,"A1 actors are outside the blind-corner conflict zone"
66.0144,1,89,579,1.0000,1.0000,1.0000,1.0000,1.0000,1.0000,-10.7709,26.2290,"11.327:0.000:18.000",0.0000,"A1 actors are outside the blind-corner conflict zone"
66.1346,1,89,580,1.0000,1.0000,1.0000,1.0000,1.0000,1.0000,-10.7718,26.2153,"11.281:0.000:18.000",0.0000,"A1 actors are outside the blind-corner conflict zone"
66.2585,1,89,581,1.0000,1.0000,1.0000,1.0000,1.0000,1.0000,-10.7709,26.1913,"11.232:0.000:18.000",0.0000,"A1 actors are outside the blind-corner conflict zone"
66.3725,1,89,582,1.0000,1.0000,1.0000,1.0000,1.0000,1.0000,-10.7704,26.1971,"11.188:0.000:18.000",0.0000,"A1 actors are outside the blind-corner conflict zone"
66.4950,1,89,583,1.0000,1.0000,1.0000,1.0000,1.0000,1.0000,-10.7701,26.1855,"11.140:0.000:18.000",0.1225,"A1 actors are outside the blind-corner conflict zone"
66.6068,1,89,584,1.0000,1.0000,1.0000,1.0000,1.0000,1.0000,-10.7699,26.1896,"11.096:0.000:18.000",0.0000,"A1 actors are outside the blind-corner conflict zone"
66.7147,1,89,585,1.0000,1.0000,1.0000,1.0000,1.0000,1.0000,-10.7698,26.1859,"11.054:0.000:18.000",0.0000,"A1 actors are outside the blind-corner conflict zone"
66.8245,1,89,586,1.0000,1.0000,1.0000,1.0000,1.0000,1.0000,-10.7690,26.1769,"11.011:0.000:18.000",0.1098,"A1 actors are outside the blind-corner conflict zone"
66.9446,1,89,587,1.0000,1.0000,1.0000,1.0000,1.0000,1.0000,-10.7702,26.1862,"10.965:0.000:18.000",0.0000,"A1 actors are outside the blind-corner conflict zone"
67.0599,1,89,588,1.0000,1.0000,1.0000,1.0000,1.0000,1.0000,-10.7688,26.1729,"10.920:0.000:18.000",0.0000,"A1 actors are outside the blind-corner conflict zone"
67.1774,1,89,589,1.0000,1.0000,1.0000,1.0000,1.0000,1.0000,-10.7691,26.1747,"10.874:0.000:18.000",0.0000,"A1 actors are outside the blind-corner conflict zone"
67.2934,1,89,590,1.0000,1.0000,1.0000,1.0000,1.0000,1.0000,-10.7687,26.1740,"10.829:0.000:18.000",0.0000,"A1 actors are outside the blind-corner conflict zone"
67.4109,1,89,591,1.0000,1.0000,1.0000,1.0000,1.0000,1.0000,-10.7720,26.2069,"10.783:0.000:18.000",0.0000,"A1 actors are outside the blind-corner conflict zone"
67.5229,1,89,592,1.0000,1.0000,1.0000,1.0000,1.0000,1.0000,-10.7714,26.2070,"10.739:0.000:18.000",0.0000,"A1 actors are outside the blind-corner conflict zone"
67.6386,1,89,593,1.0000,1.0000,1.0000,1.0000,1.0000,1.0000,-10.7716,26.1933,"10.694:0.000:18.000",0.1157,"A1 actors are outside the blind-corner conflict zone"
67.7501,1,89,594,1.0000,1.0000,1.0000,1.0000,1.0000,1.0000,-10.7698,26.2123,"10.650:0.000:18.000",0.2272,"A1 actors are outside the blind-corner conflict zone"
67.8632,1,89,595,1.0000,1.0000,1.0000,1.0000,1.0000,1.0000,-10.7722,26.1999,"10.606:0.000:18.000",0.0000,"A1 actors are outside the blind-corner conflict zone"
67.9907,1,89,596,1.0000,1.0000,1.0000,1.0000,1.0000,1.0000,-10.7714,26.2030,"10.557:0.000:18.000",0.0000,"A1 actors are outside the blind-corner conflict zone"
68.1080,1,89,597,1.0000,1.0000,1.0000,1.0000,1.0000,1.0000,-10.7816,26.1736,"10.511:0.000:18.000",0.0000,"A1 actors are outside the blind-corner conflict zone"
68.2214,1,89,598,1.0000,1.0000,1.0000,1.0000,1.0000,1.0000,-10.7764,26.1877,"10.467:0.000:18.000",0.0000,"A1 actors are outside the blind-corner conflict zone"
68.3390,1,89,599,1.0000,1.0000,1.0000,1.0000,1.0000,1.0000,-10.7788,26.1828,"10.421:0.000:18.000",0.0000,"A1 actors are outside the blind-corner conflict zone"
68.4579,1,89,600,1.0000,1.0000,1.0000,1.0000,1.0000,1.0000,-10.7747,26.1937,"10.374:0.000:18.000",0.0000,"A1 actors are outside the blind-corner conflict zone"
68.5669,1,89,601,1.0000,1.0000,1.0000,1.0000,1.0000,1.0000,-10.7720,26.2015,"10.332:0.000:18.000",0.0000,"A1 actors are outside the blind-corner conflict zone"
68.6971,1,89,602,1.0000,1.0000,1.0000,1.0000,1.0000,1.0000,-10.7757,26.1904,"10.281:0.000:18.000",0.0000,"A1 actors are outside the blind-corner conflict zone"
68.8286,1,89,603,1.0000,1.0000,1.0000,1.0000,1.0000,1.0000,-10.7689,26.2087,"10.230:0.000:18.000",0.1315,"A1 actors are outside the blind-corner conflict zone"
68.9518,1,89,604,1.0000,1.0000,1.0000,1.0000,1.0000,1.0000,-10.7712,26.2038,"10.182:0.000:18.000",0.2547,"A1 actors are outside the blind-corner conflict zone"
69.0684,1,89,605,1.0000,1.0000,1.0000,1.0000,1.0000,1.0000,-10.7668,26.2113,"10.136:0.000:18.000",0.0000,"A1 actors are outside the blind-corner conflict zone"
69.1908,1,89,606,1.0000,1.0000,1.0000,1.0000,1.0000,1.0000,-10.7553,26.2330,"10.089:0.000:18.000",0.1224,"A1 actors are outside the blind-corner conflict zone"
69.3079,1,89,607,1.0000,1.0000,1.0000,1.0000,1.0000,1.0000,-10.7653,26.2131,"10.043:0.000:18.000",0.0000,"A1 actors are outside the blind-corner conflict zone"
69.4276,1,89,608,1.0000,1.0000,1.0000,1.0000,1.0000,1.0000,-10.7563,26.2310,"9.996:0.000:18.000",0.0000,"A1 actors are outside the blind-corner conflict zone"
69.5406,1,89,609,1.0000,1.0000,1.0000,1.0000,1.0000,1.0000,-10.7766,26.1896,"9.952:0.000:18.000",0.0000,"A1 actors are outside the blind-corner conflict zone"
69.6542,1,89,610,1.0000,1.0000,1.0000,1.0000,1.0000,1.0000,-10.7757,26.1917,"9.908:0.000:18.000",0.0000,"A1 actors are outside the blind-corner conflict zone"
69.7629,1,89,611,1.0000,1.0000,1.0000,1.0000,1.0000,1.0000,-10.7702,26.2043,"9.865:0.000:18.000",0.1087,"A1 actors are outside the blind-corner conflict zone"
69.8660,1,89,612,1.0000,1.0000,1.0000,1.0000,1.0000,1.0000,-10.7724,26.1978,"9.825:0.000:18.000",0.2117,"A1 actors are outside the blind-corner conflict zone"
69.9825,1,89,613,1.0000,1.0000,1.0000,1.0000,1.0000,1.0000,-10.7718,26.1995,"9.780:0.000:18.000",0.0000,"A1 actors are outside the blind-corner conflict zone"
70.0909,1,89,614,1.0000,1.0000,1.0000,1.0000,1.0000,1.0000,-10.7693,26.2064,"9.738:0.000:18.000",0.1085,"A1 actors are outside the blind-corner conflict zone"
70.1968,1,89,615,1.0000,1.0000,1.0000,1.0000,1.0000,1.0000,-10.7709,26.2019,"9.696:0.000:18.000",0.0000,"A1 actors are outside the blind-corner conflict zone"
70.2972,1,89,616,1.0000,1.0000,1.0000,1.0000,1.0000,1.0000,-10.7682,26.2108,"9.657:0.000:18.000",0.1005,"A1 actors are outside the blind-corner conflict zone"
70.3975,1,89,617,1.0000,1.0000,1.0000,1.0000,1.0000,1.0000,-10.7603,26.2332,"9.618:0.000:18.000",0.0000,"A1 actors are outside the blind-corner conflict zone"
70.5231,1,89,618,1.0000,1.0000,1.0000,1.0000,1.0000,1.0000,-10.7706,26.2029,"9.569:0.000:18.000",0.0000,"A1 actors are outside the blind-corner conflict zone"
70.6294,1,89,619,1.0000,1.0000,1.0000,1.0000,1.0000,1.0000,-10.7674,26.2135,"9.528:0.000:18.000",0.0000,"A1 actors are outside the blind-corner conflict zone"
70.7483,1,89,620,1.0000,1.0000,1.0000,1.0000,1.0000,1.0000,-10.7694,26.2073,"9.481:0.000:18.000",0.0000,"A1 actors are outside the blind-corner conflict zone"
70.8825,1,89,621,1.0000,1.0000,1.0000,1.0000,1.0000,1.0000,-10.7764,26.1865,"9.429:0.000:18.000",0.1342,"A1 actors are outside the blind-corner conflict zone"
70.9984,1,89,622,1.0000,1.0000,1.0000,1.0000,1.0000,1.0000,-10.7803,26.1755,"9.384:0.000:18.000",0.0000,"A1 actors are outside the blind-corner conflict zone"
71.1054,1,89,623,1.0000,1.0000,1.0000,1.0000,1.0000,1.0000,-10.7793,26.1794,"9.342:0.000:18.000",0.1071,"A1 actors are outside the blind-corner conflict zone"
71.2192,1,89,624,1.0000,1.0000,1.0000,1.0000,1.0000,1.0000,-10.7807,26.1724,"9.298:0.000:18.000",0.0000,"A1 actors are outside the blind-corner conflict zone"
71.3425,1,89,625,1.0000,1.0000,1.0000,1.0000,1.0000,1.0000,-10.7835,26.1590,"9.249:0.000:18.000",0.0000,"A1 actors are outside the blind-corner conflict zone"
71.4570,1,89,626,1.0000,1.0000,1.0000,1.0000,1.0000,1.0000,-10.7853,26.1441,"9.205:0.000:18.000",0.1145,"A1 actors are outside the blind-corner conflict zone"
71.5732,1,89,627,1.0000,1.0000,1.0000,1.0000,1.0000,1.0000,-10.7843,26.1491,"9.159:0.000:18.000",0.2307,"A1 actors are outside the blind-corner conflict zone"
71.6957,1,89,628,1.0000,1.0000,1.0000,1.0000,1.0000,1.0000,-10.7838,26.1545,"9.112:0.000:18.000",0.3532,"A1 actors are outside the blind-corner conflict zone"
71.8102,1,89,629,1.0000,1.0000,1.0000,1.0000,1.0000,1.0000,-10.7820,26.1638,"9.067:0.000:18.000",0.0000,"A1 actors are outside the blind-corner conflict zone"
71.9258,1,89,630,1.0000,1.0000,1.0000,1.0000,1.0000,1.0000,-10.7818,26.1688,"9.022:0.000:18.000",0.0000,"A1 actors are outside the blind-corner conflict zone"
72.0408,1,89,631,1.0000,1.0000,1.0000,1.0000,1.0000,1.0000,-10.7818,26.1687,"8.977:0.000:18.000",0.1149,"A1 actors are outside the blind-corner conflict zone"
72.1702,1,89,632,1.0000,1.0000,1.0000,1.0000,1.0000,1.0000,-10.7814,26.1745,"8.927:0.000:18.000",0.0000,"A1 actors are outside the blind-corner conflict zone"
72.2915,1,89,633,1.0000,1.0000,1.0000,1.0000,1.0000,1.0000,-10.7829,26.1575,"8.879:0.000:18.000",0.0000,"A1 actors are outside the blind-corner conflict zone"
72.4039,1,89,634,1.0000,1.0000,1.0000,1.0000,1.0000,1.0000,-10.7796,26.1713,"8.835:0.000:18.000",0.0000,"A1 actors are outside the blind-corner conflict zone"
72.5196,1,89,635,1.0000,1.0000,1.0000,1.0000,1.0000,1.0000,-10.7813,26.1594,"8.790:0.000:18.000",0.0000,"A1 actors are outside the blind-corner conflict zone"
72.6417,1,89,636,1.0000,1.0000,1.0000,1.0000,1.0000,1.0000,-10.7796,26.1701,"8.743:0.000:18.000",0.1221,"A1 actors are outside the blind-corner conflict zone"
72.7654,1,89,637,1.0000,1.0000,1.0000,1.0000,1.0000,1.0000,-10.7787,26.1750,"8.694:0.000:18.000",0.2458,"A1 actors are outside the blind-corner conflict zone"
72.8898,1,89,638,1.0000,1.0000,1.0000,1.0000,1.0000,1.0000,-10.7795,26.1677,"8.646:0.000:18.000",0.3702,"A1 actors are outside the blind-corner conflict zone"
73.0271,1,89,639,1.0000,1.0000,1.0000,1.0000,1.0000,1.0000,-10.7776,26.1786,"8.592:0.000:18.000",0.0000,"A1 actors are outside the blind-corner conflict zone"
73.1371,1,89,640,1.0000,1.0000,1.0000,1.0000,1.0000,1.0000,-10.7741,26.2114,"8.550:0.000:18.000",0.0000,"A1 actors are outside the blind-corner conflict zone"
73.2450,1,89,641,1.0000,1.0000,1.0000,1.0000,1.0000,1.0000,-10.7740,26.2173,"8.507:0.000:18.000",0.0000,"A1 actors are outside the blind-corner conflict zone"
73.3701,1,89,642,1.0000,1.0000,1.0000,1.0000,1.0000,1.0000,-10.7746,26.1893,"8.459:0.000:18.000",0.1251,"A1 actors are outside the blind-corner conflict zone"
73.4812,1,89,643,1.0000,1.0000,1.0000,1.0000,1.0000,1.0000,-10.7743,26.1991,"8.415:0.000:18.000",0.2362,"A1 actors are outside the blind-corner conflict zone"
73.5992,1,89,644,1.0000,1.0000,1.0000,1.0000,1.0000,1.0000,-10.7738,26.2147,"8.369:0.000:18.000",0.3542,"A1 actors are outside the blind-corner conflict zone"
73.7165,1,89,645,1.0000,1.0000,1.0000,1.0000,1.0000,1.0000,-10.7745,26.2116,"8.324:0.000:18.000",0.0000,"A1 actors are outside the blind-corner conflict zone"
73.8235,1,89,646,1.0000,1.0000,1.0000,1.0000,1.0000,1.0000,-10.7747,26.2100,"8.282:0.000:18.000",0.1071,"A1 actors are outside the blind-corner conflict zone"
73.9323,1,89,647,1.0000,1.0000,1.0000,1.0000,1.0000,1.0000,-10.7742,26.2076,"8.239:0.000:18.000",0.0000,"A1 actors are outside the blind-corner conflict zone"
74.0418,1,89,648,1.0000,1.0000,1.0000,1.0000,1.0000,1.0000,-10.7735,26.2035,"8.197:0.000:18.000",0.0000,"A1 actors are outside the blind-corner conflict zone"
74.1547,1,89,649,1.0000,1.0000,1.0000,1.0000,1.0000,1.0000,-10.7729,26.2026,"8.153:0.000:18.000",0.0000,"A1 actors are outside the blind-corner conflict zone"
74.2707,1,89,650,1.0000,1.0000,1.0000,1.0000,1.0000,1.0000,-10.7715,26.1824,"8.107:0.000:18.000",0.0000,"A1 actors are outside the blind-corner conflict zone"
74.3838,1,89,651,1.0000,1.0000,1.0000,1.0000,1.0000,1.0000,-10.7702,26.1708,"8.063:0.000:18.000",0.0000,"A1 actors are outside the blind-corner conflict zone"
74.4997,1,89,652,1.0000,1.0000,1.0000,1.0000,1.0000,1.0000,-10.7708,26.1740,"8.018:0.000:18.000",0.1159,"A1 actors are outside the blind-corner conflict zone"
74.6147,1,89,653,1.0000,1.0000,1.0000,1.0000,1.0000,1.0000,-10.7691,26.1606,"7.973:0.000:18.000",0.0000,"A1 actors are outside the blind-corner conflict zone"
74.7241,1,89,654,1.0000,1.0000,1.0000,1.0000,1.0000,1.0000,-10.7724,26.1709,"7.931:0.000:18.000",0.0000,"A1 actors are outside the blind-corner conflict zone"
74.8417,1,89,655,1.0000,1.0000,1.0000,1.0000,1.0000,1.0000,-10.7750,26.1780,"7.885:0.000:18.000",0.1176,"A1 actors are outside the blind-corner conflict zone"
74.9535,1,89,656,1.0000,1.0000,1.0000,1.0000,1.0000,1.0000,-10.7732,26.1694,"7.841:0.000:18.000",0.0000,"A1 actors are outside the blind-corner conflict zone"
75.0727,1,89,657,1.0000,1.0000,1.0000,1.0000,1.0000,1.0000,-10.7741,26.1741,"7.795:0.000:18.000",0.1192,"A1 actors are outside the blind-corner conflict zone"
75.1767,1,89,658,1.0000,1.0000,1.0000,1.0000,1.0000,1.0000,-10.7736,26.1726,"7.754:0.000:18.000",0.2231,"A1 actors are outside the blind-corner conflict zone"
75.2864,1,89,659,1.0000,1.0000,1.0000,1.0000,1.0000,1.0000,-10.7729,26.1717,"7.711:0.000:18.000",0.0000,"A1 actors are outside the blind-corner conflict zone"
75.6515,1,89,660,1.0000,1.0000,1.0000,1.0000,1.0000,1.0000,-10.7740,26.1762,"7.569:0.000:18.000",0.0000,"A1 actors are outside the blind-corner conflict zone"
75.7744,1,89,661,1.0000,1.0000,1.0000,1.0000,1.0000,1.0000,-10.7757,26.1837,"7.521:0.000:18.000",0.1229,"A1 actors are outside the blind-corner conflict zone"
75.9036,1,89,662,1.0000,1.0000,1.0000,1.0000,1.0000,1.0000,-10.7757,26.1816,"7.471:0.000:18.000",0.0000,"A1 actors are outside the blind-corner conflict zone"
76.0389,1,89,663,1.0000,1.0000,1.0000,1.0000,1.0000,1.0000,-10.7752,26.1765,"7.418:0.000:18.000",0.1353,"A1 actors are outside the blind-corner conflict zone"
76.1738,1,89,664,1.0000,1.0000,1.0000,1.0000,1.0000,1.0000,-10.7732,26.1655,"7.365:0.000:18.000",0.0000,"A1 actors are outside the blind-corner conflict zone"
76.3111,1,89,665,1.0000,1.0000,1.0000,1.0000,1.0000,1.0000,-10.7762,26.1784,"7.312:0.000:18.000",0.1373,"A1 actors are outside the blind-corner conflict zone"
76.4359,1,89,666,1.0000,1.0000,1.0000,1.0000,1.0000,1.0000,-10.7767,26.1813,"7.263:0.000:18.000",0.2621,"A1 actors are outside the blind-corner conflict zone"
76.5631,1,89,667,1.0000,1.0000,1.0000,1.0000,1.0000,1.0000,-10.7777,26.1838,"7.213:0.000:18.000",0.0000,"A1 actors are outside the blind-corner conflict zone"
76.6924,1,89,668,1.0000,1.0000,1.0000,1.0000,1.0000,1.0000,-10.7816,26.1954,"7.163:0.000:18.000",0.0000,"A1 actors are outside the blind-corner conflict zone"
76.8134,1,89,669,1.0000,1.0000,1.0000,1.0000,1.0000,1.0000,-10.7843,26.2037,"7.116:0.000:18.000",0.0000,"A1 actors are outside the blind-corner conflict zone"
76.9322,1,89,670,1.0000,1.0000,1.0000,1.0000,1.0000,1.0000,-10.7905,26.2190,"7.069:0.000:18.000",0.1188,"A1 actors are outside the blind-corner conflict zone"
77.0552,1,89,671,1.0000,1.0000,1.0000,1.0000,1.0000,1.0000,-10.7975,26.2356,"7.021:0.000:18.000",0.2418,"A1 actors are outside the blind-corner conflict zone"
77.1831,1,89,672,1.0000,1.0000,1.0000,1.0000,1.0000,1.0000,-10.7930,26.2237,"6.972:0.000:18.000",0.3697,"A1 actors are outside the blind-corner conflict zone"
77.3180,1,89,673,1.0000,1.0000,1.0000,1.0000,1.0000,1.0000,-10.7901,26.2186,"6.919:0.000:18.000",0.5046,"A1 actors are outside the blind-corner conflict zone"
77.4488,1,89,674,1.0000,1.0000,1.0000,1.0000,1.0000,1.0000,-10.7932,26.2263,"6.868:0.000:18.000",0.6354,"A1 actors are outside the blind-corner conflict zone"
77.5758,1,89,675,1.0000,1.0000,1.0000,1.0000,1.0000,1.0000,-10.7929,26.2264,"6.818:0.000:18.000",0.7624,"A1 actors are outside the blind-corner conflict zone"
77.6781,1,89,676,1.0000,1.0000,1.0000,1.0000,1.0000,1.0000,-10.7942,26.2300,"6.779:0.000:18.000",0.0000,"A1 actors are outside the blind-corner conflict zone"
77.8101,1,89,677,1.0000,1.0000,1.0000,1.0000,1.0000,1.0000,-10.8020,26.2501,"6.727:0.000:18.000",0.1320,"A1 actors are outside the blind-corner conflict zone"
77.9322,1,89,678,1.0000,1.0000,1.0000,1.0000,1.0000,1.0000,-10.7966,26.2364,"6.679:0.000:18.000",0.2541,"A1 actors are outside the blind-corner conflict zone"
78.0610,1,89,679,1.0000,1.0000,1.0000,1.0000,1.0000,1.0000,-10.7970,26.2376,"6.629:0.000:18.000",0.0000,"A1 actors are outside the blind-corner conflict zone"
78.1933,1,89,680,1.0000,1.0000,1.0000,1.0000,1.0000,1.0000,-10.7938,26.2278,"6.578:0.000:18.000",0.0000,"A1 actors are outside the blind-corner conflict zone"
78.3342,1,89,681,1.0000,1.0000,1.0000,1.0000,1.0000,1.0000,-10.7951,26.2322,"6.523:0.000:18.000",0.1409,"A1 actors are outside the blind-corner conflict zone"
78.4666,1,89,682,1.0000,1.0000,1.0000,1.0000,1.0000,1.0000,-10.7930,26.2243,"6.471:0.000:18.000",0.2734,"A1 actors are outside the blind-corner conflict zone"
78.5859,1,89,683,1.0000,1.0000,1.0000,1.0000,1.0000,1.0000,-10.7883,26.2052,"6.425:0.000:18.000",0.3927,"A1 actors are outside the blind-corner conflict zone"
78.7082,1,89,684,1.0000,1.0000,1.0000,1.0000,1.0000,1.0000,-10.7903,26.2158,"6.377:0.000:18.000",0.0000,"A1 actors are outside the blind-corner conflict zone"
78.8401,1,89,685,1.0000,1.0000,1.0000,1.0000,1.0000,1.0000,-10.7908,26.2200,"6.325:0.000:18.000",0.1319,"A1 actors are outside the blind-corner conflict zone"
78.9719,1,89,686,1.0000,1.0000,1.0000,1.0000,1.0000,1.0000,-10.7911,26.2179,"6.274:0.000:18.000",0.2637,"A1 actors are outside the blind-corner conflict zone"
79.1015,1,89,687,1.0000,1.0000,1.0000,1.0000,1.0000,1.0000,-10.7909,26.2137,"6.223:0.000:18.000",0.3933,"A1 actors are outside the blind-corner conflict zone"
79.2214,1,89,688,1.0000,1.0000,1.0000,1.0000,1.0000,1.0000,-10.7848,26.1956,"6.177:0.000:18.000",0.0000,"A1 actors are outside the blind-corner conflict zone"
79.3641,1,89,689,1.0000,1.0000,1.0000,1.0000,1.0000,1.0000,-10.7869,26.2020,"6.121:0.000:18.000",0.1427,"A1 actors are outside the blind-corner conflict zone"
79.5008,1,89,690,1.0000,1.0000,1.0000,1.0000,1.0000,1.0000,-10.7922,26.2219,"6.068:0.000:18.000",0.2795,"A1 actors are outside the blind-corner conflict zone"
79.6270,1,89,691,1.0000,1.0000,1.0000,1.0000,1.0000,1.0000,-10.7902,26.2089,"6.018:0.000:18.000",0.4056,"A1 actors are outside the blind-corner conflict zone"
79.7699,1,89,692,1.0000,1.0000,1.0000,1.0000,1.0000,1.0000,-10.7924,26.2258,"5.963:0.000:18.000",0.0000,"A1 actors are outside the blind-corner conflict zone"
79.8888,1,89,693,1.0000,1.0000,1.0000,1.0000,1.0000,1.0000,-10.7939,26.2365,"5.916:0.000:18.000",0.1189,"A1 actors are outside the blind-corner conflict zone"
80.0199,1,89,694,1.0000,1.0000,1.0000,1.0000,1.0000,1.0000,-10.7951,26.2380,"5.865:0.000:18.000",0.0000,"A1 actors are outside the blind-corner conflict zone"
80.1248,1,89,695,1.0000,1.0000,1.0000,1.0000,1.0000,1.0000,-10.7965,26.2471,"5.824:0.000:18.000",0.0000,"A1 actors are outside the blind-corner conflict zone"
80.2728,1,89,696,1.0000,1.0000,1.0000,1.0000,1.0000,1.0000,-10.7965,26.2461,"5.767:0.000:18.000",0.1480,"A1 actors are outside the blind-corner conflict zone"
80.4047,1,89,697,1.0000,1.0000,1.0000,1.0000,1.0000,1.0000,-10.7952,26.2361,"5.715:0.000:18.000",0.2799,"A1 actors are outside the blind-corner conflict zone"
80.5355,1,89,698,1.0000,1.0000,1.0000,1.0000,1.0000,1.0000,-10.7950,26.2343,"5.664:0.000:18.000",0.4107,"A1 actors are outside the blind-corner conflict zone"
80.6735,1,89,699,1.0000,1.0000,1.0000,1.0000,1.0000,1.0000,-10.7951,26.2345,"5.610:0.000:18.000",0.5487,"A1 actors are outside the blind-corner conflict zone"
80.7942,1,89,700,1.0000,1.0000,1.0000,1.0000,1.0000,1.0000,-10.7968,26.2592,"5.563:0.000:18.000",0.0000,"A1 actors are outside the blind-corner conflict zone"
80.9158,1,89,701,1.0000,1.0000,1.0000,1.0000,1.0000,1.0000,-10.7965,26.2679,"5.516:0.000:18.000",0.0000,"A1 actors are outside the blind-corner conflict zone"
81.0423,1,89,702,1.0000,1.0000,1.0000,1.0000,1.0000,1.0000,-10.7963,26.2575,"5.467:0.000:18.000",0.1264,"A1 actors are outside the blind-corner conflict zone"
81.1853,1,89,703,1.0000,1.0000,1.0000,1.0000,1.0000,1.0000,-10.7964,26.2570,"5.411:0.000:18.000",0.0000,"A1 actors are outside the blind-corner conflict zone"
81.3091,1,89,704,1.0000,1.0000,1.0000,1.0000,1.0000,1.0000,-10.7961,26.2614,"5.362:0.000:18.000",0.1238,"A1 actors are outside the blind-corner conflict zone"
81.4460,1,89,705,1.0000,1.0000,1.0000,1.0000,1.0000,1.0000,-10.7961,26.2570,"5.309:0.000:18.000",0.2607,"A1 actors are outside the blind-corner conflict zone"
81.5915,1,89,706,1.0000,1.0000,1.0000,1.0000,1.0000,1.0000,-10.7978,26.2340,"5.252:0.000:18.000",0.0000,"A1 actors are outside the blind-corner conflict zone"
81.7311,1,89,707,1.0000,1.0000,1.0000,1.0000,1.0000,1.0000,-10.7979,26.2424,"5.198:0.000:18.000",0.0000,"A1 actors are outside the blind-corner conflict zone"
81.8550,1,89,708,1.0000,1.0000,1.0000,1.0000,1.0000,1.0000,-10.7980,26.2578,"5.150:0.000:18.000",0.0000,"A1 actors are outside the blind-corner conflict zone"
81.9838,1,89,709,1.0000,1.0000,1.0000,1.0000,1.0000,1.0000,-10.7979,26.2592,"5.099:0.000:18.000",0.1288,"A1 actors are outside the blind-corner conflict zone"
82.1112,1,89,710,1.0000,1.0000,1.0000,1.0000,1.0000,1.0000,-10.7980,26.2687,"5.050:0.000:18.000",0.0000,"A1 actors are outside the blind-corner conflict zone"
82.2500,1,89,711,1.0000,1.0000,1.0000,1.0000,1.0000,1.0000,-10.7987,26.2739,"5.085:0.000:18.000",0.1388,"A1 actors are outside the blind-corner conflict zone"
82.3831,1,89,712,1.0000,1.0000,1.0000,1.0000,1.0000,1.0000,-10.7988,26.2631,"5.137:0.000:18.000",0.0000,"A1 actors are outside the blind-corner conflict zone"
82.5115,1,89,713,1.0000,1.0000,1.0000,1.0000,1.0000,1.0000,-10.7995,26.2657,"5.187:0.000:18.000",0.0000,"A1 actors are outside the blind-corner conflict zone"
82.6185,1,89,714,1.0000,1.0000,1.0000,1.0000,1.0000,1.0000,-10.7998,26.2667,"5.229:0.000:18.000",0.1071,"A1 actors are outside the blind-corner conflict zone"
82.7235,1,89,715,1.0000,1.0000,1.0000,1.0000,1.0000,1.0000,-10.7956,26.2452,"5.270:0.000:18.000",0.2120,"A1 actors are outside the blind-corner conflict zone"
0.2574,1,90,1,1.0000,1.0000,1.0000,1.0000,1.0000,1.0000,-23.9998,-17.1503,"15.712:0.000:18.000",0.0000,"A1 actors are outside the blind-corner conflict zone"
0.4043,1,90,2,1.0000,1.0000,1.0000,1.0000,1.0000,1.0000,-24.0006,-17.1258,"15.654:0.000:18.000",0.1469,"A1 actors are outside the blind-corner conflict zone"
0.5130,1,90,3,1.0000,1.0000,1.0000,1.0000,1.0000,1.0000,-24.0032,-17.1004,"15.612:0.000:18.000",0.2557,"A1 actors are outside the blind-corner conflict zone"
0.6154,1,90,4,1.0000,1.0000,1.0000,1.0000,1.0000,1.0000,-24.0103,-17.0422,"15.572:0.000:18.000",0.3580,"A1 actors are outside the blind-corner conflict zone"
0.7429,1,90,5,1.0000,1.0000,1.0000,1.0000,1.0000,1.0000,-24.0194,-16.9748,"15.522:0.000:18.000",0.4855,"A1 actors are outside the blind-corner conflict zone"
0.8537,1,90,6,1.0000,1.0000,1.0000,1.0000,1.0000,1.0000,-24.0369,-16.8724,"15.479:0.000:18.000",0.0000,"A1 actors are outside the blind-corner conflict zone"
0.9756,1,90,7,1.0000,1.0000,1.0000,1.0000,1.0000,1.0000,-24.0469,-16.7855,"15.432:0.000:18.000",0.1219,"A1 actors are outside the blind-corner conflict zone"
1.1056,1,90,8,1.0000,1.0000,1.0000,1.0000,1.0000,1.0000,-24.0595,-16.6431,"15.381:0.000:18.000",0.2519,"A1 actors are outside the blind-corner conflict zone"
1.2182,1,90,9,1.0000,1.0000,1.0000,1.0000,1.0000,1.0000,-24.0736,-16.5284,"15.337:0.000:18.000",0.3645,"A1 actors are outside the blind-corner conflict zone"
1.3467,1,90,10,1.0000,1.0000,1.0000,1.0000,1.0000,1.0000,-24.0869,-16.3669,"15.287:0.000:18.000",0.0000,"A1 actors are outside the blind-corner conflict zone"
1.4657,1,90,11,1.0000,1.0000,1.0000,1.0000,1.0000,1.0000,-24.0932,-16.2059,"15.240:0.000:18.000",0.1190,"A1 actors are outside the blind-corner conflict zone"
1.5873,1,90,12,1.0000,1.0000,1.0000,1.0000,1.0000,1.0000,-24.1016,-16.0097,"15.193:0.000:18.000",0.2407,"A1 actors are outside the blind-corner conflict zone"
1.7090,1,90,13,1.0000,1.0000,1.0000,1.0000,1.0000,1.0000,-24.1096,-15.8136,"15.146:0.000:18.000",0.0000,"A1 actors are outside the blind-corner conflict zone"
1.8355,1,90,14,1.0000,1.0000,1.0000,1.0000,1.0000,1.0000,-24.0977,-15.6206,"15.096:0.000:18.000",0.1265,"A1 actors are outside the blind-corner conflict zone"
1.9562,1,90,15,1.0000,1.0000,1.0000,1.0000,1.0000,1.0000,-24.0988,-15.4255,"15.049:0.000:18.000",0.2472,"A1 actors are outside the blind-corner conflict zone"
2.0601,1,90,16,1.0000,1.0000,1.0000,1.0000,1.0000,1.0000,-24.0973,-15.3031,"15.009:0.000:18.000",0.0000,"A1 actors are outside the blind-corner conflict zone"
2.1831,1,90,17,1.0000,1.0000,1.0000,1.0000,1.0000,1.0000,-24.1906,-15.2239,"14.961:0.000:18.000",0.0000,"A1 actors are outside the blind-corner conflict zone"
2.2833,1,90,18,1.0000,1.0000,1.0000,1.0000,1.0000,1.0000,-24.2719,-15.2140,"14.922:0.000:18.000",0.0000,"A1 actors are outside the blind-corner conflict zone"
2.3986,1,90,19,1.0000,1.0000,1.0000,1.0000,1.0000,1.0000,-24.3377,-15.2217,"14.877:0.000:18.000",0.1153,"A1 actors are outside the blind-corner conflict zone"
2.5259,1,90,20,1.0000,1.0000,1.0000,1.0000,1.0000,1.0000,-24.4001,-15.2379,"14.827:0.000:18.000",0.0000,"A1 actors are outside the blind-corner conflict zone"
2.6614,1,90,21,1.0000,1.0000,1.0000,1.0000,1.0000,1.0000,-24.4184,-15.2419,"14.774:0.000:18.000",0.0000,"A1 actors are outside the blind-corner conflict zone"
2.7858,1,90,22,1.0000,1.0000,1.0000,1.0000,1.0000,1.0000,-24.4475,-15.2491,"14.726:0.000:18.000",0.1244,"A1 actors are outside the blind-corner conflict zone"
2.9124,1,90,23,1.0000,1.0000,1.0000,1.0000,1.0000,1.0000,-24.4388,-15.2484,"14.676:0.000:18.000",0.2510,"A1 actors are outside the blind-corner conflict zone"
3.0330,1,90,24,1.0000,1.0000,1.0000,1.0000,1.0000,1.0000,-24.4572,-15.2500,"14.629:0.000:18.000",0.0000,"A1 actors are outside the blind-corner conflict zone"
3.1540,1,90,25,1.0000,1.0000,1.0000,1.0000,1.0000,1.0000,-24.4544,-15.2499,"14.582:0.000:18.000",0.1210,"A1 actors are outside the blind-corner conflict zone"
3.2672,1,90,26,1.0000,1.0000,1.0000,1.0000,1.0000,1.0000,-24.4573,-15.2499,"14.538:0.000:18.000",0.2342,"A1 actors are outside the blind-corner conflict zone"
3.3834,1,90,27,1.0000,1.0000,1.0000,1.0000,1.0000,1.0000,-24.4595,-15.2491,"14.492:0.000:18.000",0.3504,"A1 actors are outside the blind-corner conflict zone"
3.4894,1,90,28,1.0000,1.0000,1.0000,1.0000,1.0000,1.0000,-24.4480,-15.2500,"14.451:0.000:18.000",0.0000,"A1 actors are outside the blind-corner conflict zone"
3.6046,1,90,29,1.0000,1.0000,1.0000,1.0000,1.0000,1.0000,-24.4355,-15.2525,"14.406:0.000:18.000",0.1152,"A1 actors are outside the blind-corner conflict zone"
3.7235,1,90,30,1.0000,1.0000,1.0000,1.0000,1.0000,1.0000,-24.4485,-15.2505,"14.360:0.000:18.000",0.0000,"A1 actors are outside the blind-corner conflict zone"
3.8460,1,90,31,1.0000,1.0000,1.0000,1.0000,1.0000,1.0000,-24.4752,-15.2461,"14.312:0.000:18.000",0.1226,"A1 actors are outside the blind-corner conflict zone"
3.9625,1,90,32,1.0000,1.0000,1.0000,1.0000,1.0000,1.0000,-24.4879,-15.2428,"14.267:0.000:18.000",0.0000,"A1 actors are outside the blind-corner conflict zone"
4.0747,1,90,33,1.0000,1.0000,1.0000,1.0000,1.0000,1.0000,-24.4979,-15.2410,"14.223:0.000:18.000",0.0000,"A1 actors are outside the blind-corner conflict zone"
4.1924,1,90,34,1.0000,1.0000,1.0000,1.0000,1.0000,1.0000,-24.4960,-15.2414,"14.177:0.000:18.000",0.0000,"A1 actors are outside the blind-corner conflict zone"
4.3089,1,90,35,1.0000,1.0000,1.0000,1.0000,1.0000,1.0000,-24.4968,-15.2424,"14.132:0.000:18.000",0.1166,"A1 actors are outside the blind-corner conflict zone"
4.4214,1,90,36,1.0000,1.0000,1.0000,1.0000,1.0000,1.0000,-24.5131,-15.2394,"14.088:0.000:18.000",0.0000,"A1 actors are outside the blind-corner conflict zone"
4.5313,1,90,37,1.0000,1.0000,1.0000,1.0000,1.0000,1.0000,-24.5345,-15.2375,"14.045:0.000:18.000",0.0000,"A1 actors are outside the blind-corner conflict zone"
4.6487,1,90,38,1.0000,1.0000,1.0000,1.0000,1.0000,1.0000,-24.5446,-15.2371,"13.999:0.000:18.000",0.0000,"A1 actors are outside the blind-corner conflict zone"
4.7630,1,90,39,1.0000,1.0000,1.0000,1.0000,1.0000,1.0000,-24.5429,-15.2380,"13.954:0.000:18.000",0.0000,"A1 actors are outside the blind-corner conflict zone"
4.8829,1,90,40,1.0000,1.0000,1.0000,1.0000,1.0000,1.0000,-24.5660,-15.2363,"13.908:0.000:18.000",0.0000,"A1 actors are outside the blind-corner conflict zone"
5.0006,1,90,41,1.0000,1.0000,1.0000,1.0000,1.0000,1.0000,-24.5694,-15.2359,"13.862:0.000:18.000",0.1177,"A1 actors are outside the blind-corner conflict zone"
5.1138,1,90,42,1.0000,1.0000,1.0000,1.0000,1.0000,1.0000,-24.5905,-15.2336,"13.818:0.000:18.000",0.2309,"A1 actors are outside the blind-corner conflict zone"
5.2279,1,90,43,1.0000,1.0000,1.0000,1.0000,1.0000,1.0000,-24.5975,-15.2325,"13.773:0.000:18.000",0.0000,"A1 actors are outside the blind-corner conflict zone"
5.3511,1,90,44,1.0000,1.0000,1.0000,1.0000,1.0000,1.0000,-24.5891,-15.2340,"13.725:0.000:18.000",0.0000,"A1 actors are outside the blind-corner conflict zone"
5.4615,1,90,45,1.0000,1.0000,1.0000,1.0000,1.0000,1.0000,-24.5889,-15.2339,"13.682:0.000:18.000",0.0000,"A1 actors are outside the blind-corner conflict zone"
5.5820,1,90,46,1.0000,1.0000,1.0000,1.0000,1.0000,1.0000,-24.5706,-15.2390,"13.635:0.000:18.000",0.0000,"A1 actors are outside the blind-corner conflict zone"
5.6900,1,90,47,1.0000,1.0000,1.0000,1.0000,1.0000,1.0000,-24.5626,-15.2406,"13.593:0.000:18.000",0.0000,"A1 actors are outside the blind-corner conflict zone"
5.7965,1,90,48,1.0000,1.0000,1.0000,1.0000,1.0000,1.0000,-24.5673,-15.2388,"13.551:0.000:18.000",0.1065,"A1 actors are outside the blind-corner conflict zone"
5.8970,1,90,49,1.0000,1.0000,1.0000,1.0000,1.0000,1.0000,-24.5635,-15.2403,"13.512:0.000:18.000",0.2070,"A1 actors are outside the blind-corner conflict zone"
5.9998,1,90,50,1.0000,1.0000,1.0000,1.0000,1.0000,1.0000,-24.5742,-15.2360,"13.472:0.000:18.000",0.3098,"A1 actors are outside the blind-corner conflict zone"
6.1130,1,90,51,1.0000,1.0000,1.0000,1.0000,1.0000,1.0000,-24.5726,-15.2361,"13.428:0.000:18.000",0.0000,"A1 actors are outside the blind-corner conflict zone"
6.2211,1,90,52,1.0000,1.0000,1.0000,1.0000,1.0000,1.0000,-24.5593,-15.2412,"13.386:0.000:18.000",0.0000,"A1 actors are outside the blind-corner conflict zone"
6.3368,1,90,53,1.0000,1.0000,1.0000,1.0000,1.0000,1.0000,-24.5435,-15.2468,"13.341:0.000:18.000",0.0000,"A1 actors are outside the blind-corner conflict zone"
6.4472,1,90,54,1.0000,1.0000,1.0000,1.0000,1.0000,1.0000,-24.5519,-15.2437,"13.298:0.000:18.000",0.0000,"A1 actors are outside the blind-corner conflict zone"
6.5575,1,90,55,1.0000,1.0000,1.0000,1.0000,1.0000,1.0000,-24.5627,-15.2399,"13.255:0.000:18.000",0.0000,"A1 actors are outside the blind-corner conflict zone"
6.6728,1,90,56,1.0000,1.0000,1.0000,1.0000,1.0000,1.0000,-24.5633,-15.2397,"13.210:0.000:18.000",0.0000,"A1 actors are outside the blind-corner conflict zone"
6.8004,1,90,57,1.0000,1.0000,1.0000,1.0000,1.0000,1.0000,-24.5683,-15.2388,"13.160:0.000:18.000",0.1276,"A1 actors are outside the blind-corner conflict zone"
6.9218,1,90,58,1.0000,1.0000,1.0000,1.0000,1.0000,1.0000,-24.5587,-15.2415,"13.113:0.000:18.000",0.2490,"A1 actors are outside the blind-corner conflict zone"
7.0410,1,90,59,1.0000,1.0000,1.0000,1.0000,1.0000,1.0000,-24.5795,-15.2362,"13.066:0.000:18.000",0.0000,"A1 actors are outside the blind-corner conflict zone"
7.1566,1,90,60,1.0000,1.0000,1.0000,1.0000,1.0000,1.0000,-24.5830,-15.2354,"13.021:0.000:18.000",0.1157,"A1 actors are outside the blind-corner conflict zone"
7.2712,1,90,61,1.0000,1.0000,1.0000,1.0000,1.0000,1.0000,-24.5816,-15.2358,"12.976:0.000:18.000",0.0000,"A1 actors are outside the blind-corner conflict zone"
7.3843,1,90,62,1.0000,1.0000,1.0000,1.0000,1.0000,1.0000,-24.5599,-15.2387,"12.932:0.000:18.000",0.1130,"A1 actors are outside the blind-corner conflict zone"
7.4922,1,90,63,1.0000,1.0000,1.0000,1.0000,1.0000,1.0000,-24.5663,-15.2371,"12.890:0.000:18.000",0.2209,"A1 actors are outside the blind-corner conflict zone"
7.6030,1,90,64,1.0000,1.0000,1.0000,1.0000,1.0000,1.0000,-24.5643,-15.2375,"12.847:0.000:18.000",0.0000,"A1 actors are outside the blind-corner conflict zone"
7.7097,1,90,65,1.0000,1.0000,1.0000,1.0000,1.0000,1.0000,-24.5556,-15.2386,"12.805:0.000:18.000",0.0000,"A1 actors are outside the blind-corner conflict zone"
7.8267,1,90,66,1.0000,1.0000,1.0000,1.0000,1.0000,1.0000,-24.5634,-15.2366,"12.760:0.000:18.000",0.0000,"A1 actors are outside the blind-corner conflict zone"
7.9383,1,90,67,1.0000,1.0000,1.0000,1.0000,1.0000,1.0000,-24.5606,-15.2372,"12.716:0.000:18.000",0.1117,"A1 actors are outside the blind-corner conflict zone"
8.0599,1,90,68,1.0000,1.0000,1.0000,1.0000,1.0000,1.0000,-24.5541,-15.2393,"12.669:0.000:18.000",0.2332,"A1 actors are outside the blind-corner conflict zone"
8.1757,1,90,69,1.0000,1.0000,1.0000,1.0000,1.0000,1.0000,-24.5581,-15.2370,"12.624:0.000:18.000",0.0000,"A1 actors are outside the blind-corner conflict zone"
8.2933,1,90,70,1.0000,1.0000,1.0000,1.0000,1.0000,1.0000,-24.5742,-15.2247,"12.578:0.000:18.000",0.0000,"A1 actors are outside the blind-corner conflict zone"
8.4023,1,90,71,1.0000,1.0000,1.0000,1.0000,1.0000,1.0000,-24.6025,-15.2001,"12.535:0.000:18.000",0.1090,"A1 actors are outside the blind-corner conflict zone"
8.5236,1,90,72,1.0000,1.0000,1.0000,1.0000,1.0000,1.0000,-24.6378,-15.1637,"12.488:0.000:18.000",0.0000,"A1 actors are outside the blind-corner conflict zone"
8.6390,1,90,73,1.0000,1.0000,1.0000,1.0000,1.0000,1.0000,-24.6601,-15.1347,"12.443:0.000:18.000",0.0000,"A1 actors are outside the blind-corner conflict zone"
8.7404,1,90,74,1.0000,1.0000,1.0000,1.0000,1.0000,1.0000,-24.6869,-15.0725,"12.403:0.000:18.000",0.0000,"A1 actors are outside the blind-corner conflict zone"
8.8494,1,90,75,1.0000,1.0000,1.0000,1.0000,1.0000,1.0000,-24.7034,-15.0134,"12.361:0.000:18.000",0.0000,"A1 actors are outside the blind-corner conflict zone"
8.9733,1,90,76,1.0000,1.0000,1.0000,1.0000,1.0000,1.0000,-24.7222,-14.9516,"12.312:0.000:18.000",0.1239,"A1 actors are outside the blind-corner conflict zone"
9.0969,1,90,77,1.0000,1.0000,1.0000,1.0000,1.0000,1.0000,-24.7399,-14.8722,"12.264:0.000:18.000",0.2475,"A1 actors are outside the blind-corner conflict zone"
9.2315,1,90,78,1.0000,1.0000,1.0000,1.0000,1.0000,1.0000,-24.7450,-14.7735,"12.212:0.000:18.000",0.0000,"A1 actors are outside the blind-corner conflict zone"
9.3406,1,90,79,1.0000,1.0000,1.0000,1.0000,1.0000,1.0000,-24.7382,-14.6611,"12.169:0.000:18.000",0.1091,"A1 actors are outside the blind-corner conflict zone"
9.4607,1,90,80,1.0000,1.0000,1.0000,1.0000,1.0000,1.0000,-24.7276,-14.5570,"12.122:0.000:18.000",0.0000,"A1 actors are outside the blind-corner conflict zone"
9.5910,1,90,81,1.0000,1.0000,1.0000,1.0000,1.0000,1.0000,-24.6943,-14.4367,"12.072:0.000:18.000",0.0000,"A1 actors are outside the blind-corner conflict zone"
9.7193,1,90,82,1.0000,1.0000,1.0000,1.0000,1.0000,1.0000,-24.6325,-14.3040,"12.022:0.000:18.000",0.0000,"A1 actors are outside the blind-corner conflict zone"
9.8611,1,90,83,1.0000,1.0000,1.0000,1.0000,1.0000,1.0000,-24.5370,-14.1518,"11.966:0.000:18.000",0.1418,"A1 actors are outside the blind-corner conflict zone"
9.9660,1,90,84,1.0000,1.0000,1.0000,1.0000,1.0000,1.0000,-24.4722,-14.0584,"11.925:0.000:18.000",0.2467,"A1 actors are outside the blind-corner conflict zone"
10.0747,1,90,85,1.0000,1.0000,1.0000,1.0000,1.0000,1.0000,-24.3836,-13.9546,"11.883:0.000:18.000",0.0000,"A1 actors are outside the blind-corner conflict zone"
10.2012,1,90,86,1.0000,1.0000,1.0000,1.0000,1.0000,1.0000,-24.2721,-13.8484,"11.834:0.000:18.000",0.0000,"A1 actors are outside the blind-corner conflict zone"
10.3209,1,90,87,1.0000,1.0000,1.0000,1.0000,1.0000,1.0000,-24.1563,-13.7543,"11.787:0.000:18.000",0.1198,"A1 actors are outside the blind-corner conflict zone"
10.4262,1,90,88,1.0000,1.0000,1.0000,1.0000,1.0000,1.0000,-24.0478,-13.6739,"11.746:0.000:18.000",0.0000,"A1 actors are outside the blind-corner conflict zone"
10.5397,1,90,89,1.0000,1.0000,1.0000,1.0000,1.0000,1.0000,-23.9368,-13.5875,"11.702:0.000:18.000",0.0000,"A1 actors are outside the blind-corner conflict zone"
10.6565,1,90,90,1.0000,1.0000,1.0000,1.0000,1.0000,1.0000,-23.8274,-13.5067,"11.656:0.000:18.000",0.0000,"A1 actors are outside the blind-corner conflict zone"
10.7807,1,90,91,1.0000,1.0000,1.0000,1.0000,1.0000,1.0000,-23.7204,-13.4303,"11.608:0.000:18.000",0.0000,"A1 actors are outside the blind-corner conflict zone"
10.8973,1,90,92,1.0000,1.0000,1.0000,1.0000,1.0000,1.0000,-23.6231,-13.3685,"11.562:0.000:18.000",0.0000,"A1 actors are outside the blind-corner conflict zone"
11.0171,1,90,93,1.0000,1.0000,1.0000,1.0000,1.0000,1.0000,-23.4934,-13.2966,"11.515:0.000:18.000",0.0000,"A1 actors are outside the blind-corner conflict zone"
11.1364,1,90,94,1.0000,1.0000,1.0000,1.0000,1.0000,1.0000,-23.3785,-13.2236,"11.469:0.000:18.000",0.1193,"A1 actors are outside the blind-corner conflict zone"
11.2572,1,90,95,1.0000,1.0000,1.0000,1.0000,1.0000,1.0000,-23.2817,-13.1666,"11.422:0.000:18.000",0.0000,"A1 actors are outside the blind-corner conflict zone"
11.3614,1,90,96,1.0000,1.0000,1.0000,1.0000,1.0000,1.0000,-23.1939,-13.1111,"11.381:0.000:18.000",0.0000,"A1 actors are outside the blind-corner conflict zone"
11.4766,1,90,97,1.0000,1.0000,1.0000,1.0000,1.0000,1.0000,-23.0813,-13.0369,"11.336:0.000:18.000",0.0000,"A1 actors are outside the blind-corner conflict zone"
11.6065,1,90,98,1.0000,1.0000,1.0000,1.0000,1.0000,1.0000,-22.9748,-12.9501,"11.285:0.000:18.000",0.0000,"A1 actors are outside the blind-corner conflict zone"
11.7149,1,90,99,1.0000,1.0000,1.0000,1.0000,1.0000,1.0000,-22.8849,-12.8763,"11.243:0.000:18.000",0.1084,"A1 actors are outside the blind-corner conflict zone"
11.8327,1,90,100,1.0000,1.0000,1.0000,1.0000,1.0000,1.0000,-22.7792,-12.7698,"11.197:0.000:18.000",0.0000,"A1 actors are outside the blind-corner conflict zone"
11.9506,1,90,101,1.0000,1.0000,1.0000,1.0000,1.0000,1.0000,-22.6857,-12.6572,"11.151:0.000:18.000",0.0000,"A1 actors are outside the blind-corner conflict zone"
12.0643,1,90,102,1.0000,1.0000,1.0000,1.0000,1.0000,1.0000,-22.5832,-12.5545,"11.107:0.000:18.000",0.0000,"A1 actors are outside the blind-corner conflict zone"
12.1723,1,90,103,1.0000,1.0000,1.0000,1.0000,1.0000,1.0000,-22.5127,-12.4861,"11.065:0.000:18.000",0.0000,"A1 actors are outside the blind-corner conflict zone"
12.2869,1,90,104,1.0000,1.0000,1.0000,1.0000,1.0000,1.0000,-22.4143,-12.3884,"11.020:0.000:18.000",0.0000,"A1 actors are outside the blind-corner conflict zone"
12.4083,1,90,105,1.0000,1.0000,1.0000,1.0000,1.0000,1.0000,-22.3148,-12.2892,"10.973:0.000:18.000",0.0000,"A1 actors are outside the blind-corner conflict zone"
12.5235,1,90,106,1.0000,1.0000,1.0000,1.0000,1.0000,1.0000,-22.2105,-12.1773,"10.928:0.000:18.000",0.1152,"A1 actors are outside the blind-corner conflict zone"
12.6377,1,90,107,1.0000,1.0000,1.0000,1.0000,1.0000,1.0000,-22.1207,-12.0842,"10.883:0.000:18.000",0.0000,"A1 actors are outside the blind-corner conflict zone"
12.7620,1,90,108,1.0000,1.0000,1.0000,1.0000,1.0000,1.0000,-22.0337,-11.9793,"10.835:0.000:18.000",0.1243,"A1 actors are outside the blind-corner conflict zone"
12.8761,1,90,109,1.0000,1.0000,1.0000,1.0000,1.0000,1.0000,-21.9517,-11.8687,"10.790:0.000:18.000",0.0000,"A1 actors are outside the blind-corner conflict zone"
12.9866,1,90,110,1.0000,1.0000,1.0000,1.0000,1.0000,1.0000,-21.8765,-11.7612,"10.747:0.000:18.000",0.1105,"A1 actors are outside the blind-corner conflict zone"
13.1001,1,90,111,1.0000,1.0000,1.0000,1.0000,1.0000,1.0000,-21.7951,-11.6556,"10.703:0.000:18.000",0.2240,"A1 actors are outside the blind-corner conflict zone"
13.2206,1,90,112,1.0000,1.0000,1.0000,1.0000,1.0000,1.0000,-21.7159,-11.5416,"10.656:0.000:18.000",0.0000,"A1 actors are outside the blind-corner conflict zone"
13.3460,1,90,113,1.0000,1.0000,1.0000,1.0000,1.0000,1.0000,-21.6226,-11.4120,"10.607:0.000:18.000",0.0000,"A1 actors are outside the blind-corner conflict zone"
13.4635,1,90,114,1.0000,1.0000,1.0000,1.0000,1.0000,1.0000,-21.5384,-11.3007,"10.561:0.000:18.000",0.0000,"A1 actors are outside the blind-corner conflict zone"
13.5786,1,90,115,1.0000,1.0000,1.0000,1.0000,1.0000,1.0000,-21.4645,-11.2098,"10.516:0.000:18.000",0.0000,"A1 actors are outside the blind-corner conflict zone"
13.6950,1,90,116,1.0000,1.0000,1.0000,1.0000,1.0000,1.0000,-21.3705,-11.0942,"10.471:0.000:18.000",0.0000,"A1 actors are outside the blind-corner conflict zone"
13.8093,1,90,117,1.0000,1.0000,1.0000,1.0000,1.0000,1.0000,-21.3061,-10.9961,"10.426:0.000:18.000",0.1144,"A1 actors are outside the blind-corner conflict zone"
13.9293,1,90,118,1.0000,1.0000,1.0000,1.0000,1.0000,1.0000,-21.2379,-10.8871,"10.380:0.000:18.000",0.2343,"A1 actors are outside the blind-corner conflict zone"
14.0431,1,90,119,1.0000,1.0000,1.0000,1.0000,1.0000,1.0000,-21.1808,-10.7751,"10.335:0.000:18.000",0.0000,"A1 actors are outside the blind-corner conflict zone"
14.1566,1,90,120,1.0000,1.0000,1.0000,1.0000,1.0000,1.0000,-21.1192,-10.6679,"10.291:0.000:18.000",0.0000,"A1 actors are outside the blind-corner conflict zone"
14.2751,1,90,121,1.0000,1.0000,1.0000,1.0000,1.0000,1.0000,-21.0454,-10.5519,"10.245:0.000:18.000",0.1185,"A1 actors are outside the blind-corner conflict zone"
14.3852,1,90,122,1.0000,1.0000,1.0000,1.0000,1.0000,1.0000,-20.9829,-10.4373,"10.202:0.000:18.000",0.0000,"A1 actors are outside the blind-corner conflict zone"
14.4963,1,90,123,1.0000,1.0000,1.0000,1.0000,1.0000,1.0000,-20.9205,-10.3086,"10.158:0.000:18.000",0.1111,"A1 actors are outside the blind-corner conflict zone"
14.6069,1,90,124,1.0000,1.0000,1.0000,1.0000,1.0000,1.0000,-20.8530,-10.1999,"10.115:0.000:18.000",0.0000,"A1 actors are outside the blind-corner conflict zone"
14.7085,1,90,125,1.0000,1.0000,1.0000,1.0000,1.0000,1.0000,-20.7923,-10.1014,"10.076:0.000:18.000",0.1016,"A1 actors are outside the blind-corner conflict zone"
14.8206,1,90,126,1.0000,1.0000,1.0000,1.0000,1.0000,1.0000,-20.7227,-9.9777,"10.032:0.000:18.000",0.0000,"A1 actors are outside the blind-corner conflict zone"
14.9358,1,90,127,1.0000,1.0000,1.0000,1.0000,1.0000,1.0000,-20.6530,-9.8460,"9.987:0.000:18.000",0.0000,"A1 actors are outside the blind-corner conflict zone"
15.0477,1,90,128,1.0000,1.0000,1.0000,1.0000,1.0000,1.0000,-20.5814,-9.7208,"9.943:0.000:18.000",0.0000,"A1 actors are outside the blind-corner conflict zone"
15.1569,1,90,129,1.0000,1.0000,1.0000,1.0000,1.0000,1.0000,-20.5076,-9.6095,"9.901:0.000:18.000",0.1092,"A1 actors are outside the blind-corner conflict zone"
15.2720,1,90,130,1.0000,1.0000,1.0000,1.0000,1.0000,1.0000,-20.4422,-9.5106,"9.856:0.000:18.000",0.2243,"A1 actors are outside the blind-corner conflict zone"
15.3839,1,90,131,1.0000,1.0000,1.0000,1.0000,1.0000,1.0000,-20.3582,-9.3850,"9.812:0.000:18.000",0.0000,"A1 actors are outside the blind-corner conflict zone"
15.5011,1,90,132,1.0000,1.0000,1.0000,1.0000,1.0000,1.0000,-20.2803,-9.2828,"9.767:0.000:18.000",0.0000,"A1 actors are outside the blind-corner conflict zone"
15.6095,1,90,133,1.0000,1.0000,1.0000,1.0000,1.0000,1.0000,-20.2068,-9.1903,"9.724:0.000:18.000",0.0000,"A1 actors are outside the blind-corner conflict zone"
15.7223,1,90,134,1.0000,1.0000,1.0000,1.0000,1.0000,1.0000,-20.1033,-9.0738,"9.680:0.000:18.000",0.0000,"A1 actors are outside the blind-corner conflict zone"
15.8508,1,90,135,1.0000,1.0000,1.0000,1.0000,1.0000,1.0000,-20.0190,-8.9700,"9.630:0.000:18.000",0.0000,"A1 actors are outside the blind-corner conflict zone"
15.9683,1,90,136,1.0000,1.0000,1.0000,1.0000,1.0000,1.0000,-19.9296,-8.8696,"9.584:0.000:18.000",0.0000,"A1 actors are outside the blind-corner conflict zone"
16.0802,1,90,137,1.0000,1.0000,1.0000,1.0000,1.0000,1.0000,-19.8340,-8.7774,"9.541:0.000:18.000",0.1119,"A1 actors are outside the blind-corner conflict zone"
16.1944,1,90,138,1.0000,1.0000,1.0000,1.0000,1.0000,1.0000,-19.7172,-8.6680,"9.496:0.000:18.000",0.0000,"A1 actors are outside the blind-corner conflict zone"
16.3091,1,90,139,1.0000,1.0000,1.0000,1.0000,1.0000,1.0000,-19.6014,-8.5695,"9.451:0.000:18.000",0.1147,"A1 actors are outside the blind-corner conflict zone"
16.4215,1,90,140,1.0000,1.0000,1.0000,1.0000,1.0000,1.0000,-19.4928,-8.4898,"9.408:0.000:18.000",0.0000,"A1 actors are outside the blind-corner conflict zone"
16.5228,1,90,141,1.0000,1.0000,1.0000,1.0000,1.0000,1.0000,-19.4129,-8.4380,"9.368:0.000:18.000",0.0000,"A1 actors are outside the blind-corner conflict zone"
16.6231,1,90,142,1.0000,1.0000,1.0000,1.0000,1.0000,1.0000,-19.3228,-8.3714,"9.329:0.000:18.000",0.0000,"A1 actors are outside the blind-corner conflict zone"
16.7542,1,90,143,1.0000,1.0000,1.0000,1.0000,1.0000,1.0000,-19.2035,-8.2778,"9.278:0.000:18.000",0.0000,"A1 actors are outside the blind-corner conflict zone"
16.8585,1,90,144,1.0000,1.0000,1.0000,1.0000,1.0000,1.0000,-19.1105,-8.2029,"9.237:0.000:18.000",0.1043,"A1 actors are outside the blind-corner conflict zone"
16.9664,1,90,145,1.0000,1.0000,1.0000,1.0000,1.0000,1.0000,-19.0097,-8.1166,"9.195:0.000:18.000",0.0000,"A1 actors are outside the blind-corner conflict zone"
17.0831,1,90,146,1.0000,1.0000,1.0000,1.0000,1.0000,1.0000,-18.9158,-8.0300,"9.150:0.000:18.000",0.0000,"A1 actors are outside the blind-corner conflict zone"
17.1961,1,90,147,1.0000,1.0000,1.0000,1.0000,1.0000,1.0000,-18.8007,-7.9258,"9.106:0.000:18.000",0.0000,"A1 actors are outside the blind-corner conflict zone"
17.3125,1,90,148,1.0000,1.0000,1.0000,1.0000,1.0000,1.0000,-18.6982,-7.8238,"9.060:0.000:18.000",0.0000,"A1 actors are outside the blind-corner conflict zone"
17.4335,1,90,149,1.0000,1.0000,1.0000,1.0000,1.0000,1.0000,-18.6069,-7.7240,"9.013:0.000:18.000",0.1209,"A1 actors are outside the blind-corner conflict zone"
17.5621,1,90,150,1.0000,1.0000,1.0000,1.0000,1.0000,1.0000,-18.5036,-7.5905,"8.963:0.000:18.000",0.0000,"A1 actors are outside the blind-corner conflict zone"
17.7141,1,90,151,1.0000,1.0000,1.0000,1.0000,1.0000,1.0000,-18.3879,-7.4400,"8.904:0.000:18.000",0.1520,"A1 actors are outside the blind-corner conflict zone"
17.8480,1,90,152,1.0000,1.0000,1.0000,1.0000,1.0000,1.0000,-18.2881,-7.3157,"8.851:0.000:18.000",0.0000,"A1 actors are outside the blind-corner conflict zone"
17.9783,1,90,153,1.0000,1.0000,1.0000,1.0000,1.0000,1.0000,-18.1800,-7.1826,"8.800:0.000:18.000",0.0000,"A1 actors are outside the blind-corner conflict zone"
18.0829,1,90,154,1.0000,1.0000,1.0000,1.0000,1.0000,1.0000,-18.0885,-7.0845,"8.760:0.000:18.000",0.0000,"A1 actors are outside the blind-corner conflict zone"
18.1869,1,90,155,1.0000,1.0000,1.0000,1.0000,1.0000,1.0000,-17.9904,-6.9913,"8.719:0.000:18.000",0.0000,"A1 actors are outside the blind-corner conflict zone"
18.3194,1,90,156,1.0000,1.0000,1.0000,1.0000,1.0000,1.0000,-17.8696,-6.8837,"8.667:0.000:18.000",0.1325,"A1 actors are outside the blind-corner conflict zone"
18.4431,1,90,157,1.0000,1.0000,1.0000,1.0000,1.0000,1.0000,-17.7650,-6.8071,"8.619:0.000:18.000",0.0000,"A1 actors are outside the blind-corner conflict zone"
18.5609,1,90,158,1.0000,1.0000,1.0000,1.0000,1.0000,1.0000,-17.6403,-6.7085,"8.573:0.000:18.000",0.0000,"A1 actors are outside the blind-corner conflict zone"
18.6817,1,90,159,1.0000,1.0000,1.0000,1.0000,1.0000,1.0000,-17.5323,-6.6207,"8.526:0.000:18.000",0.1208,"A1 actors are outside the blind-corner conflict zone"
18.8037,1,90,160,1.0000,1.0000,1.0000,1.0000,1.0000,1.0000,-17.4371,-6.5218,"8.479:0.000:18.000",0.0000,"A1 actors are outside the blind-corner conflict zone"
18.9196,1,90,161,1.0000,1.0000,1.0000,1.0000,1.0000,1.0000,-17.3721,-6.4468,"8.433:0.000:18.000",0.1159,"A1 actors are outside the blind-corner conflict zone"
19.0424,1,90,162,1.0000,1.0000,1.0000,1.0000,1.0000,1.0000,-17.2913,-6.3272,"8.385:0.000:18.000",0.0000,"A1 actors are outside the blind-corner conflict zone"
19.1665,1,90,163,1.0000,1.0000,1.0000,1.0000,1.0000,1.0000,-17.2039,-6.2020,"8.337:0.000:18.000",0.0000,"A1 actors are outside the blind-corner conflict zone"
19.2927,1,90,164,1.0000,1.0000,1.0000,1.0000,1.0000,1.0000,-17.1247,-6.0872,"8.288:0.000:18.000",0.0000,"A1 actors are outside the blind-corner conflict zone"
19.4180,1,90,165,1.0000,1.0000,1.0000,1.0000,1.0000,1.0000,-17.0468,-5.9840,"8.239:0.000:18.000",0.0000,"A1 actors are outside the blind-corner conflict zone"
19.5352,1,90,166,1.0000,1.0000,1.0000,1.0000,1.0000,1.0000,-16.9723,-5.8615,"8.193:0.000:18.000",0.0000,"A1 actors are outside the blind-corner conflict zone"
19.6551,1,90,167,1.0000,1.0000,1.0000,1.0000,1.0000,1.0000,-16.8952,-5.7158,"8.147:0.000:18.000",0.0000,"A1 actors are outside the blind-corner conflict zone"
19.7765,1,90,168,1.0000,1.0000,1.0000,1.0000,1.0000,1.0000,-16.8277,-5.5756,"8.099:0.000:18.000",0.0000,"A1 actors are outside the blind-corner conflict zone"
19.8892,1,90,169,1.0000,1.0000,1.0000,1.0000,1.0000,1.0000,-16.7676,-5.4612,"8.055:0.000:18.000",0.1127,"A1 actors are outside the blind-corner conflict zone"
20.0068,1,90,170,1.0000,1.0000,1.0000,1.0000,1.0000,1.0000,-16.6987,-5.3515,"8.009:0.000:18.000",0.0000,"A1 actors are outside the blind-corner conflict zone"
20.1399,1,90,171,1.0000,1.0000,1.0000,1.0000,1.0000,1.0000,-16.5957,-5.2095,"7.957:0.000:18.000",0.0000,"A1 actors are outside the blind-corner conflict zone"
20.2429,1,90,172,1.0000,1.0000,1.0000,1.0000,1.0000,1.0000,-16.5333,-5.1040,"7.917:0.000:18.000",0.1030,"A1 actors are outside the blind-corner conflict zone"
20.3624,1,90,173,1.0000,1.0000,1.0000,1.0000,1.0000,1.0000,-16.4561,-4.9882,"7.871:0.000:18.000",0.0000,"A1 actors are outside the blind-corner conflict zone"
20.4658,1,90,174,1.0000,1.0000,1.0000,1.0000,1.0000,1.0000,-16.3799,-4.8865,"7.830:0.000:18.000",0.0000,"A1 actors are outside the blind-corner conflict zone"
20.5797,1,90,175,1.0000,1.0000,1.0000,1.0000,1.0000,1.0000,-16.2965,-4.7783,"7.786:0.000:18.000",0.0000,"A1 actors are outside the blind-corner conflict zone"
20.6967,1,90,176,1.0000,1.0000,1.0000,1.0000,1.0000,1.0000,-16.2005,-4.6750,"7.740:0.000:18.000",0.1170,"A1 actors are outside the blind-corner conflict zone"
20.8060,1,90,177,1.0000,1.0000,1.0000,1.0000,1.0000,1.0000,-16.1179,-4.5685,"7.698:0.000:18.000",0.0000,"A1 actors are outside the blind-corner conflict zone"
20.9218,1,90,178,1.0000,1.0000,1.0000,1.0000,1.0000,1.0000,-16.0488,-4.4449,"7.653:0.000:18.000",0.0000,"A1 actors are outside the blind-corner conflict zone"
21.0367,1,90,179,1.0000,1.0000,1.0000,1.0000,1.0000,1.0000,-15.9813,-4.3324,"7.608:0.000:18.000",0.0000,"A1 actors are outside the blind-corner conflict zone"
21.1603,1,90,180,1.0000,1.0000,1.0000,1.0000,1.0000,1.0000,-15.9250,-4.2187,"7.559:0.000:18.000",0.1236,"A1 actors are outside the blind-corner conflict zone"
21.2768,1,90,181,1.0000,1.0000,1.0000,1.0000,1.0000,1.0000,-15.8804,-4.1236,"7.514:0.000:18.000",0.2401,"A1 actors are outside the blind-corner conflict zone"
21.3939,1,90,182,1.0000,1.0000,1.0000,1.0000,1.0000,1.0000,-15.8266,-3.9874,"7.468:0.000:18.000",0.0000,"A1 actors are outside the blind-corner conflict zone"
21.4979,1,90,183,1.0000,1.0000,1.0000,1.0000,1.0000,1.0000,-15.7800,-3.8750,"7.428:0.000:18.000",0.1040,"A1 actors are outside the blind-corner conflict zone"
21.6088,1,90,184,1.0000,1.0000,1.0000,1.0000,1.0000,1.0000,-15.7360,-3.7562,"7.385:0.000:18.000",0.0000,"A1 actors are outside the blind-corner conflict zone"
21.7295,1,90,185,1.0000,1.0000,1.0000,1.0000,1.0000,1.0000,-15.6877,-3.6195,"7.338:0.000:18.000",0.1206,"A1 actors are outside the blind-corner conflict zone"
21.8411,1,90,186,1.0000,1.0000,1.0000,1.0000,1.0000,1.0000,-15.6418,-3.4988,"7.294:0.000:18.000",0.0000,"A1 actors are outside the blind-corner conflict zone"
21.9588,1,90,187,1.0000,1.0000,1.0000,1.0000,1.0000,1.0000,-15.5973,-3.3629,"7.248:0.000:18.000",0.0000,"A1 actors are outside the blind-corner conflict zone"
22.0651,1,90,188,1.0000,1.0000,1.0000,1.0000,1.0000,1.0000,-15.5664,-3.2472,"7.207:0.000:18.000",0.1062,"A1 actors are outside the blind-corner conflict zone"
22.1861,1,90,189,1.0000,1.0000,1.0000,1.0000,1.0000,1.0000,-15.5258,-3.1317,"7.159:0.000:18.000",0.0000,"A1 actors are outside the blind-corner conflict zone"
22.3001,1,90,190,1.0000,1.0000,1.0000,1.0000,1.0000,1.0000,-15.4704,-2.9953,"7.115:0.000:18.000",0.0000,"A1 actors are outside the blind-corner conflict zone"
22.4115,1,90,191,1.0000,1.0000,1.0000,1.0000,1.0000,1.0000,-15.4239,-2.8806,"7.072:0.000:18.000",0.1113,"A1 actors are outside the blind-corner conflict zone"
22.5148,1,90,192,1.0000,1.0000,1.0000,1.0000,1.0000,1.0000,-15.3890,-2.7805,"7.031:0.000:18.000",0.0000,"A1 actors are outside the blind-corner conflict zone"
22.6194,1,90,193,1.0000,1.0000,1.0000,1.0000,1.0000,1.0000,-15.3373,-2.6346,"6.990:0.000:18.000",0.1045,"A1 actors are outside the blind-corner conflict zone"
22.7246,1,90,194,1.0000,1.0000,1.0000,1.0000,1.0000,1.0000,-15.3046,-2.5257,"6.949:0.000:18.000",0.2098,"A1 actors are outside the blind-corner conflict zone"
22.8269,1,90,195,1.0000,1.0000,1.0000,1.0000,1.0000,1.0000,-15.2644,-2.4042,"6.910:0.000:18.000",0.0000,"A1 actors are outside the blind-corner conflict zone"
22.9279,1,90,196,1.0000,1.0000,1.0000,1.0000,1.0000,1.0000,-15.2331,-2.3148,"6.870:0.000:18.000",0.1010,"A1 actors are outside the blind-corner conflict zone"
23.0295,1,90,197,1.0000,1.0000,1.0000,1.0000,1.0000,1.0000,-15.1817,-2.1694,"6.831:0.000:18.000",0.2026,"A1 actors are outside the blind-corner conflict zone"
23.1310,1,90,198,1.0000,1.0000,1.0000,1.0000,1.0000,1.0000,-15.1589,-2.0669,"6.791:0.000:18.000",0.0000,"A1 actors are outside the blind-corner conflict zone"
23.2390,1,90,199,1.0000,1.0000,1.0000,1.0000,1.0000,1.0000,-15.1272,-1.9689,"6.749:0.000:18.000",0.1080,"A1 actors are outside the blind-corner conflict zone"
23.3407,1,90,200,1.0000,1.0000,1.0000,1.0000,1.0000,1.0000,-15.0928,-1.8548,"6.709:0.000:18.000",0.2098,"A1 actors are outside the blind-corner conflict zone"
23.4458,1,90,201,1.0000,1.0000,1.0000,1.0000,1.0000,1.0000,-15.0653,-1.7475,"6.668:0.000:18.000",0.3148,"A1 actors are outside the blind-corner conflict zone"
23.5488,1,90,202,1.0000,1.0000,1.0000,1.0000,1.0000,1.0000,-15.0285,-1.6090,"6.628:0.000:18.000",0.0000,"A1 actors are outside the blind-corner conflict zone"
23.6520,1,90,203,1.0000,1.0000,1.0000,1.0000,1.0000,1.0000,-14.9928,-1.4887,"6.588:0.000:18.000",0.1032,"A1 actors are outside the blind-corner conflict zone"
23.7565,1,90,204,1.0000,1.0000,1.0000,1.0000,1.0000,1.0000,-14.9554,-1.3820,"6.547:0.000:18.000",0.2076,"A1 actors are outside the blind-corner conflict zone"
23.8623,1,90,205,1.0000,1.0000,1.0000,1.0000,1.0000,1.0000,-14.9082,-1.2482,"6.506:0.000:18.000",0.0000,"A1 actors are outside the blind-corner conflict zone"
23.9695,1,90,206,1.0000,1.0000,1.0000,1.0000,1.0000,1.0000,-14.8699,-1.1409,"6.464:0.000:18.000",0.1072,"A1 actors are outside the blind-corner conflict zone"
24.0734,1,90,207,1.0000,1.0000,1.0000,1.0000,1.0000,1.0000,-14.8308,-1.0244,"6.423:0.000:18.000",0.0000,"A1 actors are outside the blind-corner conflict zone"
24.1775,1,90,208,1.0000,1.0000,1.0000,1.0000,1.0000,1.0000,-14.7801,-0.8934,"6.383:0.000:18.000",0.0000,"A1 actors are outside the blind-corner conflict zone"
24.2784,1,90,209,1.0000,1.0000,1.0000,1.0000,1.0000,1.0000,-14.7349,-0.7777,"6.343:0.000:18.000",0.0000,"A1 actors are outside the blind-corner conflict zone"
24.3819,1,90,210,1.0000,1.0000,1.0000,1.0000,1.0000,1.0000,-14.6932,-0.6789,"6.303:0.000:18.000",0.1035,"A1 actors are outside the blind-corner conflict zone"
24.4843,1,90,211,1.0000,1.0000,1.0000,1.0000,1.0000,1.0000,-14.6476,-0.5749,"6.263:0.000:18.000",0.2060,"A1 actors are outside the blind-corner conflict zone"
24.5861,1,90,212,1.0000,1.0000,1.0000,1.0000,1.0000,1.0000,-14.6048,-0.4765,"6.223:0.000:18.000",0.0000,"A1 actors are outside the blind-corner conflict zone"
24.6864,1,90,213,1.0000,1.0000,1.0000,1.0000,1.0000,1.0000,-14.5560,-0.3783,"6.184:0.000:18.000",0.0000,"A1 actors are outside the blind-corner conflict zone"
24.7867,1,90,214,1.0000,1.0000,1.0000,1.0000,1.0000,1.0000,-14.4878,-0.2614,"6.145:0.000:18.000",0.0000,"A1 actors are outside the blind-corner conflict zone"
24.8880,1,90,215,1.0000,1.0000,1.0000,1.0000,1.0000,1.0000,-14.4402,-0.1756,"6.106:0.000:18.000",0.0000,"A1 actors are outside the blind-corner conflict zone"
24.9916,1,90,216,1.0000,1.0000,1.0000,1.0000,1.0000,1.0000,-14.3790,-0.0603,"6.065:0.000:18.000",0.1036,"A1 actors are outside the blind-corner conflict zone"
25.0930,1,90,217,1.0000,1.0000,1.0000,1.0000,1.0000,1.0000,-14.3327,0.0315,"6.026:0.000:18.000",0.0000,"A1 actors are outside the blind-corner conflict zone"
25.1942,1,90,218,1.0000,1.0000,1.0000,1.0000,1.0000,1.0000,-14.2807,0.1330,"5.986:0.000:18.000",0.0000,"A1 actors are outside the blind-corner conflict zone"
25.2972,1,90,219,1.0000,1.0000,1.0000,1.0000,1.0000,1.0000,-14.2476,0.2151,"5.946:0.000:18.000",0.0000,"A1 actors are outside the blind-corner conflict zone"
25.3975,1,90,220,1.0000,1.0000,1.0000,1.0000,1.0000,1.0000,-14.2010,0.3323,"5.907:0.000:18.000",0.0000,"A1 actors are outside the blind-corner conflict zone"
25.4977,1,90,221,1.0000,1.0000,1.0000,1.0000,1.0000,1.0000,-14.1594,0.4142,"5.868:0.000:18.000",0.0000,"A1 actors are outside the blind-corner conflict zone"
25.5979,1,90,222,1.0000,1.0000,1.0000,1.0000,1.0000,1.0000,-14.0862,0.5133,"5.829:0.000:18.000",0.0000,"A1 actors are outside the blind-corner conflict zone"
25.7014,1,90,223,1.0000,1.0000,1.0000,1.0000,1.0000,1.0000,-14.0136,0.5943,"5.788:0.000:18.000",0.1035,"A1 actors are outside the blind-corner conflict zone"
25.8176,1,90,224,1.0000,1.0000,1.0000,1.0000,1.0000,1.0000,-13.8959,0.6977,"5.743:0.000:18.000",0.0000,"A1 actors are outside the blind-corner conflict zone"
25.9374,1,90,225,1.0000,1.0000,1.0000,1.0000,1.0000,1.0000,-13.7732,0.7771,"5.696:0.000:18.000",0.0000,"A1 actors are outside the blind-corner conflict zone"
26.0522,1,90,226,1.0000,1.0000,1.0000,1.0000,1.0000,1.0000,-13.6384,0.8498,"5.652:0.000:18.000",0.0000,"A1 actors are outside the blind-corner conflict zone"
26.1828,1,90,227,1.0000,1.0000,1.0000,1.0000,1.0000,1.0000,-13.4995,0.9081,"5.601:0.000:18.000",0.0000,"A1 actors are outside the blind-corner conflict zone"
26.2852,1,90,228,1.0000,1.0000,1.0000,1.0000,1.0000,1.0000,-13.3833,0.9473,"5.561:0.000:18.000",0.1024,"A1 actors are outside the blind-corner conflict zone"
26.4024,1,90,229,1.0000,1.0000,1.0000,1.0000,1.0000,1.0000,-13.2362,0.9901,"5.515:0.000:18.000",0.2196,"A1 actors are outside the blind-corner conflict zone"
26.5160,1,90,230,1.0000,1.0000,1.0000,1.0000,1.0000,1.0000,-13.1032,1.0331,"5.471:0.000:18.000",0.0000,"A1 actors are outside the blind-corner conflict zone"
26.6254,1,90,231,1.0000,1.0000,1.0000,1.0000,1.0000,1.0000,-12.9628,1.0658,"5.428:0.000:18.000",0.0000,"A1 actors are outside the blind-corner conflict zone"
26.7350,1,90,232,1.0000,1.0000,1.0000,1.0000,1.0000,1.0000,-12.8279,1.0896,"5.385:0.000:18.000",0.0000,"A1 actors are outside the blind-corner conflict zone"
26.8435,1,90,233,1.0000,1.0000,1.0000,1.0000,1.0000,1.0000,-12.7117,1.1075,"5.343:0.000:18.000",0.1086,"A1 actors are outside the blind-corner conflict zone"
26.9527,1,90,234,1.0000,1.0000,1.0000,1.0000,1.0000,1.0000,-12.5778,1.1279,"5.300:0.000:18.000",0.0000,"A1 actors are outside the blind-corner conflict zone"
27.0642,1,90,235,1.0000,1.0000,1.0000,1.0000,1.0000,1.0000,-12.4234,1.1416,"5.257:0.000:18.000",0.0000,"A1 actors are outside the blind-corner conflict zone"
27.1865,1,90,236,1.0000,1.0000,1.0000,1.0000,1.0000,1.0000,-12.2835,1.1530,"5.209:0.000:18.000",0.0000,"A1 actors are outside the blind-corner conflict zone"
27.2883,1,90,237,1.0000,1.0000,1.0000,1.0000,1.0000,1.0000,-12.1653,1.1659,"5.170:0.000:18.000",0.1019,"A1 actors are outside the blind-corner conflict zone"
27.3951,1,90,238,1.0000,1.0000,1.0000,1.0000,1.0000,1.0000,-12.0264,1.1742,"5.128:0.000:18.000",0.0000,"A1 actors are outside the blind-corner conflict zone"
27.5106,1,90,239,1.0000,1.0000,1.0000,1.0000,1.0000,1.0000,-11.8989,1.1878,"5.083:0.000:18.000",0.1155,"A1 actors are outside the blind-corner conflict zone"
27.6309,1,90,240,1.0000,1.0000,1.0000,1.0000,1.0000,1.0000,-11.7519,1.1980,"5.036:0.000:18.000",0.0000,"A1 actors are outside the blind-corner conflict zone"
27.7438,1,90,241,1.0000,1.0000,1.0000,1.0000,1.0000,1.0000,-11.5905,1.1947,"5.059:0.000:18.000",0.0000,"A1 actors are outside the blind-corner conflict zone"
27.8653,1,90,242,1.0000,1.0000,1.0000,1.0000,1.0000,1.0000,-11.4679,1.1917,"5.106:0.000:18.000",0.0000,"A1 actors are outside the blind-corner conflict zone"
27.9768,1,90,243,1.0000,1.0000,1.0000,1.0000,1.0000,1.0000,-11.3377,1.1934,"5.150:0.000:18.000",0.0000,"A1 actors are outside the blind-corner conflict zone"
28.0977,1,90,244,1.0000,1.0000,1.0000,1.0000,1.0000,1.0000,-11.2068,1.2149,"5.197:0.000:18.000",0.1209,"A1 actors are outside the blind-corner conflict zone"
28.2157,1,90,245,1.0000,1.0000,1.0000,1.0000,1.0000,1.0000,-11.0574,1.2291,"5.243:0.000:18.000",0.2389,"A1 actors are outside the blind-corner conflict zone"
28.3382,1,90,246,1.0000,1.0000,1.0000,1.0000,1.0000,1.0000,-10.9390,1.2414,"5.290:0.000:18.000",0.0000,"A1 actors are outside the blind-corner conflict zone"
28.4610,1,90,247,1.0000,1.0000,1.0000,1.0000,1.0000,1.0000,-10.7858,1.2403,"5.338:0.000:18.000",0.0000,"A1 actors are outside the blind-corner conflict zone"
28.5688,1,90,248,1.0000,1.0000,1.0000,1.0000,1.0000,1.0000,-10.6567,1.2298,"5.380:0.000:18.000",0.0000,"A1 actors are outside the blind-corner conflict zone"
28.6878,1,90,249,1.0000,1.0000,1.0000,1.0000,1.0000,1.0000,-10.5257,1.2237,"5.427:0.000:18.000",0.0000,"A1 actors are outside the blind-corner conflict zone"
28.8036,1,90,250,1.0000,1.0000,1.0000,1.0000,1.0000,1.0000,-10.3937,1.2042,"5.472:0.000:18.000",0.1158,"A1 actors are outside the blind-corner conflict zone"
28.9187,1,90,251,1.0000,1.0000,1.0000,1.0000,1.0000,1.0000,-10.2709,1.1770,"5.517:0.000:18.000",0.0000,"A1 actors are outside the blind-corner conflict zone"
29.0349,1,90,252,1.0000,1.0000,1.0000,1.0000,1.0000,1.0000,-10.1181,1.1433,"5.562:0.000:18.000",0.1162,"A1 actors are outside the blind-corner conflict zone"
29.1485,1,90,253,1.0000,1.0000,1.0000,1.0000,1.0000,1.0000,-10.0099,1.1113,"5.606:0.000:18.000",0.0000,"A1 actors are outside the blind-corner conflict zone"
29.2600,1,90,254,1.0000,1.0000,1.0000,1.0000,1.0000,1.0000,-9.8754,1.0675,"5.650:0.000:18.000",0.1115,"A1 actors are outside the blind-corner conflict zone"
29.3693,1,90,255,1.0000,1.0000,1.0000,1.0000,1.0000,1.0000,-9.7570,1.0267,"5.693:0.000:18.000",0.2208,"A1 actors are outside the blind-corner conflict zone"
29.4897,1,90,256,1.0000,1.0000,1.0000,1.0000,1.0000,1.0000,-9.6222,0.9855,"5.740:0.000:18.000",0.0000,"A1 actors are outside the blind-corner conflict zone"
29.6060,1,90,257,1.0000,1.0000,1.0000,1.0000,1.0000,1.0000,-9.5078,0.9428,"5.785:0.000:18.000",0.1163,"A1 actors are outside the blind-corner conflict zone"
29.7236,1,90,258,1.0000,1.0000,1.0000,1.0000,1.0000,1.0000,-9.3505,0.8742,"5.831:0.000:18.000",0.0000,"A1 actors are outside the blind-corner conflict zone"
29.8357,1,90,259,1.0000,1.0000,1.0000,1.0000,1.0000,1.0000,-9.2384,0.8213,"5.874:0.000:18.000",0.0000,"A1 actors are outside the blind-corner conflict zone"
29.9483,1,90,260,1.0000,1.0000,1.0000,1.0000,1.0000,1.0000,-9.1182,0.7674,"5.918:0.000:18.000",0.0000,"A1 actors are outside the blind-corner conflict zone"
30.0605,1,90,261,1.0000,1.0000,1.0000,1.0000,1.0000,1.0000,-9.0087,0.7145,"5.962:0.000:18.000",0.1122,"A1 actors are outside the blind-corner conflict zone"
30.1798,1,90,262,1.0000,1.0000,1.0000,1.0000,1.0000,1.0000,-8.8596,0.6399,"6.009:0.000:18.000",0.2316,"A1 actors are outside the blind-corner conflict zone"
30.2918,1,90,263,1.0000,1.0000,1.0000,1.0000,1.0000,1.0000,-8.7200,0.5611,"6.052:0.000:18.000",0.3436,"A1 actors are outside the blind-corner conflict zone"
30.4026,1,90,264,1.0000,1.0000,1.0000,1.0000,1.0000,1.0000,-8.6234,0.4938,"6.096:0.000:18.000",0.0000,"A1 actors are outside the blind-corner conflict zone"
30.5212,1,90,265,1.0000,1.0000,1.0000,1.0000,1.0000,1.0000,-8.5200,0.4149,"6.142:0.000:18.000",0.0000,"A1 actors are outside the blind-corner conflict zone"
30.6338,1,90,266,1.0000,1.0000,1.0000,1.0000,1.0000,1.0000,-8.4383,0.3417,"6.186:0.000:18.000",0.0000,"A1 actors are outside the blind-corner conflict zone"
30.7478,1,90,267,1.0000,1.0000,1.0000,1.0000,1.0000,1.0000,-8.3283,0.2563,"6.230:0.000:18.000",0.0000,"A1 actors are outside the blind-corner conflict zone"
30.8650,1,90,268,1.0000,1.0000,1.0000,1.0000,1.0000,1.0000,-8.2197,0.1658,"6.276:0.000:18.000",0.1172,"A1 actors are outside the blind-corner conflict zone"
30.9849,1,90,269,1.0000,1.0000,1.0000,1.0000,1.0000,1.0000,-8.1260,0.0809,"6.323:0.000:18.000",0.0000,"A1 actors are outside the blind-corner conflict zone"
31.1039,1,90,270,1.0000,1.0000,1.0000,1.0000,1.0000,1.0000,-8.0241,-0.0167,"6.369:0.000:18.000",0.0000,"A1 actors are outside the blind-corner conflict zone"
31.2163,1,90,271,1.0000,1.0000,1.0000,1.0000,1.0000,1.0000,-7.9180,-0.1143,"6.413:0.000:18.000",0.0000,"A1 actors are outside the blind-corner conflict zone"
31.3386,1,90,272,1.0000,1.0000,1.0000,1.0000,1.0000,1.0000,-7.8240,-0.2025,"6.461:0.000:18.000",0.0000,"A1 actors are outside the blind-corner conflict zone"
31.4449,1,90,273,1.0000,1.0000,1.0000,1.0000,1.0000,1.0000,-7.7248,-0.3127,"6.502:0.000:18.000",0.1063,"A1 actors are outside the blind-corner conflict zone"
31.5546,1,90,274,1.0000,1.0000,1.0000,1.0000,1.0000,1.0000,-7.6462,-0.3937,"6.545:0.000:18.000",0.0000,"A1 actors are outside the blind-corner conflict zone"
31.6773,1,90,275,1.0000,1.0000,1.0000,1.0000,1.0000,1.0000,-7.5514,-0.4887,"6.593:0.000:18.000",0.0000,"A1 actors are outside the blind-corner conflict zone"
31.7909,1,90,276,1.0000,1.0000,1.0000,1.0000,1.0000,1.0000,-7.4374,-0.5904,"6.637:0.000:18.000",0.0000,"A1 actors are outside the blind-corner conflict zone"
31.8937,1,90,277,1.0000,1.0000,1.0000,1.0000,1.0000,1.0000,-7.3468,-0.6627,"6.677:0.000:18.000",0.1027,"A1 actors are outside the blind-corner conflict zone"
32.0220,1,90,278,1.0000,1.0000,1.0000,1.0000,1.0000,1.0000,-7.2359,-0.7616,"6.727:0.000:18.000",0.0000,"A1 actors are outside the blind-corner conflict zone"
32.1466,1,90,279,1.0000,1.0000,1.0000,1.0000,1.0000,1.0000,-7.1279,-0.8792,"6.776:0.000:18.000",0.1246,"A1 actors are outside the blind-corner conflict zone"
32.2712,1,90,280,1.0000,1.0000,1.0000,1.0000,1.0000,1.0000,-7.0220,-1.0040,"6.824:0.000:18.000",0.0000,"A1 actors are outside the blind-corner conflict zone"
32.3985,1,90,281,1.0000,1.0000,1.0000,1.0000,1.0000,1.0000,-6.9243,-1.1065,"6.874:0.000:18.000",0.0000,"A1 actors are outside the blind-corner conflict zone"
32.5040,1,90,282,1.0000,1.0000,1.0000,1.0000,1.0000,1.0000,-6.8388,-1.2105,"6.915:0.000:18.000",0.0000,"A1 actors are outside the blind-corner conflict zone"
32.6208,1,90,283,1.0000,1.0000,1.0000,1.0000,1.0000,1.0000,-6.7583,-1.3299,"6.961:0.000:18.000",0.1168,"A1 actors are outside the blind-corner conflict zone"
32.7226,1,90,284,1.0000,1.0000,1.0000,1.0000,1.0000,1.0000,-6.7041,-1.4206,"7.000:0.000:18.000",0.0000,"A1 actors are outside the blind-corner conflict zone"
32.8401,1,90,285,1.0000,1.0000,1.0000,1.0000,1.0000,1.0000,-6.6185,-1.5429,"7.046:0.000:18.000",0.1175,"A1 actors are outside the blind-corner conflict zone"
32.9576,1,90,286,1.0000,1.0000,1.0000,1.0000,1.0000,1.0000,-6.5352,-1.6687,"7.092:0.000:18.000",0.2350,"A1 actors are outside the blind-corner conflict zone"
33.0622,1,90,287,1.0000,1.0000,1.0000,1.0000,1.0000,1.0000,-6.4569,-1.7804,"7.133:0.000:18.000",0.0000,"A1 actors are outside the blind-corner conflict zone"
33.1901,1,90,288,1.0000,1.0000,1.0000,1.0000,1.0000,1.0000,-6.3574,-1.9132,"7.183:0.000:18.000",0.1278,"A1 actors are outside the blind-corner conflict zone"
33.2940,1,90,289,1.0000,1.0000,1.0000,1.0000,1.0000,1.0000,-6.2885,-2.0028,"7.223:0.000:18.000",0.2318,"A1 actors are outside the blind-corner conflict zone"
33.4166,1,90,290,1.0000,1.0000,1.0000,1.0000,1.0000,1.0000,-6.1876,-2.1242,"7.271:0.000:18.000",0.3544,"A1 actors are outside the blind-corner conflict zone"
33.5452,1,90,291,1.0000,1.0000,1.0000,1.0000,1.0000,1.0000,-6.0846,-2.2373,"7.321:0.000:18.000",0.0000,"A1 actors are outside the blind-corner conflict zone"
33.6582,1,90,292,1.0000,1.0000,1.0000,1.0000,1.0000,1.0000,-5.9704,-2.3411,"7.365:0.000:18.000",0.0000,"A1 actors are outside the blind-corner conflict zone"
33.7722,1,90,293,1.0000,1.0000,1.0000,1.0000,1.0000,1.0000,-5.8673,-2.4211,"7.410:0.000:18.000",0.0000,"A1 actors are outside the blind-corner conflict zone"
33.8906,1,90,294,1.0000,1.0000,1.0000,1.0000,1.0000,1.0000,-5.7644,-2.4973,"7.456:0.000:18.000",0.0000,"A1 actors are outside the blind-corner conflict zone"
34.0233,1,90,295,1.0000,1.0000,1.0000,1.0000,1.0000,1.0000,-5.6503,-2.5782,"7.508:0.000:18.000",0.0000,"A1 actors are outside the blind-corner conflict zone"
34.1348,1,90,296,1.0000,1.0000,1.0000,1.0000,1.0000,1.0000,-5.5598,-2.6349,"7.551:0.000:18.000",0.0000,"A1 actors are outside the blind-corner conflict zone"
34.2383,1,90,297,1.0000,1.0000,1.0000,1.0000,1.0000,1.0000,-5.4583,-2.6775,"7.591:0.000:18.000",0.0000,"A1 actors are outside the blind-corner conflict zone"
34.3414,1,90,298,1.0000,1.0000,1.0000,1.0000,1.0000,1.0000,-5.3660,-2.7129,"7.632:0.000:18.000",0.1031,"A1 actors are outside the blind-corner conflict zone"
34.4725,1,90,299,1.0000,1.0000,1.0000,1.0000,1.0000,1.0000,-5.2154,-2.7642,"7.683:0.000:18.000",0.2341,"A1 actors are outside the blind-corner conflict zone"
34.5781,1,90,300,1.0000,1.0000,1.0000,1.0000,1.0000,1.0000,-5.1123,-2.7873,"7.724:0.000:18.000",0.0000,"A1 actors are outside the blind-corner conflict zone"
34.7057,1,90,301,1.0000,1.0000,1.0000,1.0000,1.0000,1.0000,-4.9931,-2.8017,"7.774:0.000:18.000",0.1277,"A1 actors are outside the blind-corner conflict zone"
34.8272,1,90,302,1.0000,1.0000,1.0000,1.0000,1.0000,1.0000,-4.8731,-2.8150,"7.821:0.000:18.000",0.0000,"A1 actors are outside the blind-corner conflict zone"
34.9507,1,90,303,1.0000,1.0000,1.0000,1.0000,1.0000,1.0000,-4.7457,-2.8143,"7.869:0.000:18.000",0.0000,"A1 actors are outside the blind-corner conflict zone"
35.0627,1,90,304,1.0000,1.0000,1.0000,1.0000,1.0000,1.0000,-4.6195,-2.8174,"7.913:0.000:18.000",0.0000,"A1 actors are outside the blind-corner conflict zone"
35.1791,1,90,305,1.0000,1.0000,1.0000,1.0000,1.0000,1.0000,-4.4632,-2.8154,"7.958:0.000:18.000",0.1164,"A1 actors are outside the blind-corner conflict zone"
35.2971,1,90,306,1.0000,1.0000,1.0000,1.0000,1.0000,1.0000,-4.3298,-2.7935,"8.004:0.000:18.000",0.0000,"A1 actors are outside the blind-corner conflict zone"
35.4259,1,90,307,1.0000,1.0000,1.0000,1.0000,1.0000,1.0000,-4.2006,-2.7666,"8.055:0.000:18.000",0.0000,"A1 actors are outside the blind-corner conflict zone"
35.5400,1,90,308,1.0000,1.0000,1.0000,1.0000,1.0000,1.0000,-4.0595,-2.7315,"8.099:0.000:18.000",0.0000,"A1 actors are outside the blind-corner conflict zone"
35.6696,1,90,309,1.0000,1.0000,1.0000,1.0000,1.0000,1.0000,-3.8996,-2.6799,"8.150:0.000:18.000",0.0000,"A1 actors are outside the blind-corner conflict zone"
35.7917,1,90,310,1.0000,1.0000,1.0000,1.0000,1.0000,1.0000,-3.7742,-2.6351,"8.197:0.000:18.000",0.0000,"A1 actors are outside the blind-corner conflict zone"
35.9084,1,90,311,1.0000,1.0000,1.0000,1.0000,1.0000,1.0000,-3.6266,-2.5719,"8.243:0.000:18.000",0.0000,"A1 actors are outside the blind-corner conflict zone"
36.0207,1,90,312,1.0000,1.0000,1.0000,1.0000,1.0000,1.0000,-3.4969,-2.5264,"8.287:0.000:18.000",0.0000,"A1 actors are outside the blind-corner conflict zone"
36.1338,1,90,313,1.0000,1.0000,1.0000,1.0000,1.0000,1.0000,-3.3731,-2.4714,"8.331:0.000:18.000",0.0000,"A1 actors are outside the blind-corner conflict zone"
36.2541,1,90,314,1.0000,1.0000,1.0000,1.0000,1.0000,1.0000,-3.2511,-2.3997,"8.378:0.000:18.000",0.0000,"A1 actors are outside the blind-corner conflict zone"
36.3754,1,90,315,1.0000,1.0000,1.0000,1.0000,1.0000,1.0000,-3.1400,-2.3260,"8.425:0.000:18.000",0.1213,"A1 actors are outside the blind-corner conflict zone"
36.5007,1,90,316,1.0000,1.0000,1.0000,1.0000,1.0000,1.0000,-3.0130,-2.2360,"8.474:0.000:18.000",0.0000,"A1 actors are outside the blind-corner conflict zone"
36.6188,1,90,317,1.0000,1.0000,1.0000,1.0000,1.0000,1.0000,-2.8769,-2.1467,"8.520:0.000:18.000",0.1181,"A1 actors are outside the blind-corner conflict zone"
36.7391,1,90,318,1.0000,1.0000,1.0000,1.0000,1.0000,1.0000,-2.7483,-2.0718,"8.567:0.000:18.000",0.2385,"A1 actors are outside the blind-corner conflict zone"
36.8501,1,90,319,1.0000,1.0000,1.0000,1.0000,1.0000,1.0000,-2.6314,-2.0042,"8.610:0.000:18.000",0.0000,"A1 actors are outside the blind-corner conflict zone"
36.9601,1,90,320,1.0000,1.0000,1.0000,1.0000,1.0000,1.0000,-2.5414,-1.9425,"8.653:0.000:18.000",0.0000,"A1 actors are outside the blind-corner conflict zone"
37.0747,1,90,321,1.0000,1.0000,1.0000,1.0000,1.0000,1.0000,-2.4419,-1.8718,"8.698:0.000:18.000",0.1147,"A1 actors are outside the blind-corner conflict zone"
37.1759,1,90,322,1.0000,1.0000,1.0000,1.0000,1.0000,1.0000,-2.3421,-1.7957,"8.737:0.000:18.000",0.0000,"A1 actors are outside the blind-corner conflict zone"
37.2763,1,90,323,1.0000,1.0000,1.0000,1.0000,1.0000,1.0000,-2.2441,-1.7176,"8.776:0.000:18.000",0.1004,"A1 actors are outside the blind-corner conflict zone"
37.3774,1,90,324,1.0000,1.0000,1.0000,1.0000,1.0000,1.0000,-2.1590,-1.6526,"8.816:0.000:18.000",0.0000,"A1 actors are outside the blind-corner conflict zone"
37.4813,1,90,325,1.0000,1.0000,1.0000,1.0000,1.0000,1.0000,-2.0593,-1.5642,"8.856:0.000:18.000",0.0000,"A1 actors are outside the blind-corner conflict zone"
37.5821,1,90,326,1.0000,1.0000,1.0000,1.0000,1.0000,1.0000,-1.9844,-1.5089,"8.896:0.000:18.000",0.1008,"A1 actors are outside the blind-corner conflict zone"
37.6867,1,90,327,1.0000,1.0000,1.0000,1.0000,1.0000,1.0000,-1.8697,-1.4397,"8.936:0.000:18.000",0.0000,"A1 actors are outside the blind-corner conflict zone"
37.7901,1,90,328,1.0000,1.0000,1.0000,1.0000,1.0000,1.0000,-1.7848,-1.3892,"8.977:0.000:18.000",0.0000,"A1 actors are outside the blind-corner conflict zone"
37.8911,1,90,329,1.0000,1.0000,1.0000,1.0000,1.0000,1.0000,-1.6794,-1.3207,"9.016:0.000:18.000",0.0000,"A1 actors are outside the blind-corner conflict zone"
37.9926,1,90,330,1.0000,1.0000,1.0000,1.0000,1.0000,1.0000,-1.5772,-1.2386,"9.056:0.000:18.000",0.0000,"A1 actors are outside the blind-corner conflict zone"
38.0968,1,90,331,1.0000,1.0000,1.0000,1.0000,1.0000,1.0000,-1.4960,-1.1730,"9.096:0.000:18.000",0.0000,"A1 actors are outside the blind-corner conflict zone"
38.2022,1,90,332,1.0000,1.0000,1.0000,1.0000,1.0000,1.0000,-1.4036,-1.0965,"9.137:0.000:18.000",0.1054,"A1 actors are outside the blind-corner conflict zone"
38.3056,1,90,333,1.0000,1.0000,1.0000,1.0000,1.0000,1.0000,-1.3280,-1.0370,"9.178:0.000:18.000",0.2088,"A1 actors are outside the blind-corner conflict zone"
38.4102,1,90,334,1.0000,1.0000,1.0000,1.0000,1.0000,1.0000,-1.2318,-0.9813,"9.219:0.000:18.000",0.0000,"A1 actors are outside the blind-corner conflict zone"
38.5111,1,90,335,1.0000,1.0000,1.0000,1.0000,1.0000,1.0000,-1.1184,-0.9305,"9.258:0.000:18.000",0.0000,"A1 actors are outside the blind-corner conflict zone"
38.6118,1,90,336,1.0000,1.0000,1.0000,1.0000,1.0000,1.0000,-1.0213,-0.9024,"9.297:0.000:18.000",0.0000,"A1 actors are outside the blind-corner conflict zone"
38.7149,1,90,337,1.0000,1.0000,1.0000,1.0000,1.0000,1.0000,-0.8904,-0.8709,"9.337:0.000:18.000",0.0000,"A1 actors are outside the blind-corner conflict zone"
38.8179,1,90,338,1.0000,1.0000,1.0000,1.0000,1.0000,1.0000,-0.8169,-0.8502,"9.378:0.000:18.000",0.0000,"A1 actors are outside the blind-corner conflict zone"
38.9188,1,90,339,1.0000,1.0000,1.0000,1.0000,1.0000,1.0000,-0.7078,-0.8267,"9.417:0.000:18.000",0.1009,"A1 actors are outside the blind-corner conflict zone"
39.0197,1,90,340,1.0000,1.0000,1.0000,1.0000,1.0000,1.0000,-0.6087,-0.8172,"9.456:0.000:18.000",0.2018,"A1 actors are outside the blind-corner conflict zone"
39.1203,1,90,341,1.0000,1.0000,1.0000,1.0000,1.0000,1.0000,-0.4624,-0.7910,"9.495:0.000:18.000",0.0000,"A1 actors are outside the blind-corner conflict zone"
39.2268,1,90,342,1.0000,1.0000,1.0000,1.0000,1.0000,1.0000,-0.3519,-0.7708,"9.537:0.000:18.000",0.0000,"A1 actors are outside the blind-corner conflict zone"
39.3333,1,90,343,1.0000,1.0000,1.0000,1.0000,1.0000,1.0000,-0.2083,-0.7479,"9.579:0.000:18.000",0.1066,"A1 actors are outside the blind-corner conflict zone"
39.4414,1,90,344,1.0000,1.0000,1.0000,1.0000,1.0000,1.0000,-0.0857,-0.7199,"9.621:0.000:18.000",0.2146,"A1 actors are outside the blind-corner conflict zone"
39.5424,1,90,345,1.0000,1.0000,1.0000,1.0000,1.0000,1.0000,0.0074,-0.7044,"9.660:0.000:18.000",0.0000,"A1 actors are outside the blind-corner conflict zone"
39.6457,1,90,346,1.0000,1.0000,1.0000,1.0000,1.0000,1.0000,0.1239,-0.6907,"9.700:0.000:18.000",0.0000,"A1 actors are outside the blind-corner conflict zone"
39.7476,1,90,347,1.0000,1.0000,1.0000,1.0000,1.0000,1.0000,0.2392,-0.6797,"9.740:0.000:18.000",0.1019,"A1 actors are outside the blind-corner conflict zone"
39.8496,1,90,348,1.0000,1.0000,1.0000,1.0000,1.0000,1.0000,0.3774,-0.6849,"9.780:0.000:18.000",0.0000,"A1 actors are outside the blind-corner conflict zone"
39.9545,1,90,349,1.0000,1.0000,1.0000,1.0000,1.0000,1.0000,0.4922,-0.6986,"9.821:0.000:18.000",0.0000,"A1 actors are outside the blind-corner conflict zone"
40.0579,1,90,350,1.0000,1.0000,1.0000,1.0000,1.0000,1.0000,0.6264,-0.7053,"9.861:0.000:18.000",0.1034,"A1 actors are outside the blind-corner conflict zone"
40.1617,1,90,351,1.0000,1.0000,1.0000,1.0000,1.0000,1.0000,0.7435,-0.7230,"9.902:0.000:18.000",0.0000,"A1 actors are outside the blind-corner conflict zone"
40.2637,1,90,352,1.0000,1.0000,1.0000,1.0000,1.0000,1.0000,0.8354,-0.7412,"9.941:0.000:18.000",0.0000,"A1 actors are outside the blind-corner conflict zone"
40.3661,1,90,353,1.0000,1.0000,1.0000,1.0000,1.0000,1.0000,0.9526,-0.7548,"9.981:0.000:18.000",0.1025,"A1 actors are outside the blind-corner conflict zone"
40.4677,1,90,354,1.0000,1.0000,1.0000,1.0000,1.0000,1.0000,1.0696,-0.7585,"10.021:0.000:18.000",0.0000,"A1 actors are outside the blind-corner conflict zone"
40.5741,1,90,355,1.0000,1.0000,1.0000,1.0000,1.0000,1.0000,1.1875,-0.7590,"10.062:0.000:18.000",0.0000,"A1 actors are outside the blind-corner conflict zone"
40.6764,1,90,356,1.0000,1.0000,1.0000,1.0000,1.0000,1.0000,1.3036,-0.7601,"10.102:0.000:18.000",0.1023,"A1 actors are outside the blind-corner conflict zone"
40.7783,1,90,357,1.0000,1.0000,1.0000,1.0000,1.0000,1.0000,1.3996,-0.7664,"10.142:0.000:18.000",0.2043,"A1 actors are outside the blind-corner conflict zone"
40.8806,1,90,358,1.0000,1.0000,1.0000,1.0000,1.0000,1.0000,1.5007,-0.7903,"10.182:0.000:18.000",0.0000,"A1 actors are outside the blind-corner conflict zone"
40.9826,1,90,359,1.0000,1.0000,1.0000,1.0000,1.0000,1.0000,1.5779,-0.8155,"10.222:0.000:18.000",0.0000,"A1 actors are outside the blind-corner conflict zone"
41.0866,1,90,360,1.0000,1.0000,1.0000,1.0000,1.0000,1.0000,1.6587,-0.8376,"10.262:0.000:18.000",0.0000,"A1 actors are outside the blind-corner conflict zone"
41.1889,1,90,361,1.0000,1.0000,1.0000,1.0000,1.0000,1.0000,1.7665,-0.8707,"10.302:0.000:18.000",0.0000,"A1 actors are outside the blind-corner conflict zone"
41.2893,1,90,362,1.0000,1.0000,1.0000,1.0000,1.0000,1.0000,1.8497,-0.8918,"10.341:0.000:18.000",0.1004,"A1 actors are outside the blind-corner conflict zone"
41.3942,1,90,363,1.0000,1.0000,1.0000,1.0000,1.0000,1.0000,1.9550,-0.9272,"10.382:0.000:18.000",0.2053,"A1 actors are outside the blind-corner conflict zone"
41.5618,1,90,364,1.0000,1.0000,1.0000,1.0000,1.0000,1.0000,2.1052,-0.9881,"10.448:0.000:18.000",0.0000,"A1 actors are outside the blind-corner conflict zone"
41.6622,1,90,365,1.0000,1.0000,1.0000,1.0000,1.0000,1.0000,2.2042,-1.0277,"10.487:0.000:18.000",0.0000,"A1 actors are outside the blind-corner conflict zone"
41.7813,1,90,366,1.0000,1.0000,1.0000,1.0000,1.0000,1.0000,2.3044,-1.0797,"10.533:0.000:18.000",0.1191,"A1 actors are outside the blind-corner conflict zone"
41.9043,1,90,367,1.0000,1.0000,1.0000,1.0000,1.0000,1.0000,2.4137,-1.1524,"10.581:0.000:18.000",0.0000,"A1 actors are outside the blind-corner conflict zone"
42.0269,1,90,368,1.0000,1.0000,1.0000,1.0000,1.0000,1.0000,2.4956,-1.2216,"10.629:0.000:18.000",0.0000,"A1 actors are outside the blind-corner conflict zone"
42.1269,1,90,369,1.0000,1.0000,1.0000,1.0000,1.0000,1.0000,2.5870,-1.3097,"10.668:0.000:18.000",0.0000,"A1 actors are outside the blind-corner conflict zone"
42.2445,1,90,370,1.0000,1.0000,1.0000,1.0000,1.0000,1.0000,2.6732,-1.3960,"10.714:0.000:18.000",0.0000,"A1 actors are outside the blind-corner conflict zone"
42.3569,1,90,371,1.0000,1.0000,1.0000,1.0000,1.0000,1.0000,2.7656,-1.4941,"10.758:0.000:18.000",0.0000,"A1 actors are outside the blind-corner conflict zone"
42.4754,1,90,372,1.0000,1.0000,1.0000,1.0000,1.0000,1.0000,2.8475,-1.6063,"10.804:0.000:18.000",0.1185,"A1 actors are outside the blind-corner conflict zone"
42.5937,1,90,373,1.0000,1.0000,1.0000,1.0000,1.0000,1.0000,2.9441,-1.7496,"10.850:0.000:18.000",0.0000,"A1 actors are outside the blind-corner conflict zone"
42.7091,1,90,374,1.0000,1.0000,1.0000,1.0000,1.0000,1.0000,3.0261,-1.9008,"10.895:0.000:18.000",0.1154,"A1 actors are outside the blind-corner conflict zone"
42.8275,1,90,375,1.0000,1.0000,1.0000,1.0000,1.0000,1.0000,3.0768,-1.9924,"10.941:0.000:18.000",0.0000,"A1 actors are outside the blind-corner conflict zone"
42.9412,1,90,376,1.0000,1.0000,1.0000,1.0000,1.0000,1.0000,3.1415,-2.1041,"10.986:0.000:18.000",0.0000,"A1 actors are outside the blind-corner conflict zone"
43.0577,1,90,377,1.0000,1.0000,1.0000,1.0000,1.0000,1.0000,3.2148,-2.2407,"11.031:0.000:18.000",0.0000,"A1 actors are outside the blind-corner conflict zone"
43.1827,1,90,378,1.0000,1.0000,1.0000,1.0000,1.0000,1.0000,3.2850,-2.3792,"11.080:0.000:18.000",0.0000,"A1 actors are outside the blind-corner conflict zone"
43.2829,1,90,379,1.0000,1.0000,1.0000,1.0000,1.0000,1.0000,3.3471,-2.5135,"11.119:0.000:18.000",0.1002,"A1 actors are outside the blind-corner conflict zone"
43.4046,1,90,380,1.0000,1.0000,1.0000,1.0000,1.0000,1.0000,3.3999,-2.6229,"11.166:0.000:18.000",0.2220,"A1 actors are outside the blind-corner conflict zone"
43.4614,1,90,381,1.0000,1.0000,1.0000,1.0000,1.0000,1.0000,3.4511,-2.7132,"11.199:0.000:18.000",0.2787,"A1 actors are outside the blind-corner conflict zone"
0.2448,1,91,1,1.0000,1.0000,1.0000,1.0000,1.0000,1.0000,-23.9969,-17.1327,"15.717:0.000:18.000",0.0000,"A1 actors are outside the blind-corner conflict zone"
0.3750,1,91,2,1.0000,1.0000,1.0000,1.0000,1.0000,1.0000,-23.9958,-17.0974,"15.666:0.000:18.000",0.1301,"A1 actors are outside the blind-corner conflict zone"
0.4936,1,91,3,1.0000,1.0000,1.0000,1.0000,1.0000,1.0000,-23.9923,-17.0452,"15.620:0.000:18.000",0.2488,"A1 actors are outside the blind-corner conflict zone"
0.5969,1,91,4,1.0000,1.0000,1.0000,1.0000,1.0000,1.0000,-23.9838,-16.9832,"15.579:0.000:18.000",0.0000,"A1 actors are outside the blind-corner conflict zone"
0.7214,1,91,5,1.0000,1.0000,1.0000,1.0000,1.0000,1.0000,-23.9689,-16.9112,"15.531:0.000:18.000",0.1245,"A1 actors are outside the blind-corner conflict zone"
0.8227,1,91,6,1.0000,1.0000,1.0000,1.0000,1.0000,1.0000,-23.9445,-16.8291,"15.491:0.000:18.000",0.2258,"A1 actors are outside the blind-corner conflict zone"
0.9498,1,91,7,1.0000,1.0000,1.0000,1.0000,1.0000,1.0000,-23.9038,-16.7047,"15.442:0.000:18.000",0.0000,"A1 actors are outside the blind-corner conflict zone"
1.0692,1,91,8,1.0000,1.0000,1.0000,1.0000,1.0000,1.0000,-23.8711,-16.5989,"15.395:0.000:18.000",0.1193,"A1 actors are outside the blind-corner conflict zone"
1.1916,1,91,9,1.0000,1.0000,1.0000,1.0000,1.0000,1.0000,-23.8393,-16.4793,"15.347:0.000:18.000",0.2418,"A1 actors are outside the blind-corner conflict zone"
1.3151,1,91,10,1.0000,1.0000,1.0000,1.0000,1.0000,1.0000,-23.8068,-16.3116,"15.299:0.000:18.000",0.0000,"A1 actors are outside the blind-corner conflict zone"
1.4456,1,91,11,1.0000,1.0000,1.0000,1.0000,1.0000,1.0000,-23.7729,-16.1554,"15.248:0.000:18.000",0.0000,"A1 actors are outside the blind-corner conflict zone"
1.5720,1,91,12,1.0000,1.0000,1.0000,1.0000,1.0000,1.0000,-23.7517,-15.9722,"15.199:0.000:18.000",0.1264,"A1 actors are outside the blind-corner conflict zone"
1.6991,1,91,13,1.0000,1.0000,1.0000,1.0000,1.0000,1.0000,-23.7367,-15.7795,"15.149:0.000:18.000",0.0000,"A1 actors are outside the blind-corner conflict zone"
1.8188,1,91,14,1.0000,1.0000,1.0000,1.0000,1.0000,1.0000,-23.7382,-15.6124,"15.103:0.000:18.000",0.1196,"A1 actors are outside the blind-corner conflict zone"
1.9411,1,91,15,1.0000,1.0000,1.0000,1.0000,1.0000,1.0000,-23.7466,-15.4358,"15.055:0.000:18.000",0.0000,"A1 actors are outside the blind-corner conflict zone"
2.0691,1,91,16,1.0000,1.0000,1.0000,0.2000,1.0000,0.8800,-23.7783,-15.2934,"15.005:0.000:18.000",0.0000,"A1 actors are outside the blind-corner conflict zone"
2.1911,1,91,17,1.0000,1.0000,1.0000,1.0000,1.0000,1.0000,-23.8723,-15.2322,"14.958:0.000:18.000",0.0000,"A1 actors are outside the blind-corner conflict zone"
2.3107,1,91,18,1.0000,1.0000,1.0000,1.0000,1.0000,1.0000,-23.9757,-15.2200,"14.911:0.000:18.000",0.0000,"A1 actors are outside the blind-corner conflict zone"
2.4311,1,91,19,1.0000,1.0000,1.0000,1.0000,1.0000,1.0000,-24.0639,-15.2225,"14.864:0.000:18.000",0.1204,"A1 actors are outside the blind-corner conflict zone"
2.5507,1,91,20,1.0000,1.0000,1.0000,1.0000,1.0000,1.0000,-24.1162,-15.2272,"14.817:0.000:18.000",0.2400,"A1 actors are outside the blind-corner conflict zone"
2.6558,1,91,21,1.0000,1.0000,1.0000,1.0000,1.0000,1.0000,-24.1376,-15.2275,"14.776:0.000:18.000",0.0000,"A1 actors are outside the blind-corner conflict zone"
2.7746,1,91,22,1.0000,1.0000,1.0000,1.0000,1.0000,1.0000,-24.1223,-15.2291,"14.730:0.000:18.000",0.1188,"A1 actors are outside the blind-corner conflict zone"
2.8815,1,91,23,1.0000,1.0000,1.0000,1.0000,1.0000,1.0000,-24.1194,-15.2295,"14.688:0.000:18.000",0.2257,"A1 actors are outside the blind-corner conflict zone"
3.0069,1,91,24,1.0000,1.0000,1.0000,1.0000,1.0000,1.0000,-24.1110,-15.2314,"14.639:0.000:18.000",0.0000,"A1 actors are outside the blind-corner conflict zone"
3.1121,1,91,25,1.0000,1.0000,1.0000,1.0000,1.0000,1.0000,-24.1117,-15.2308,"14.598:0.000:18.000",0.1053,"A1 actors are outside the blind-corner conflict zone"
3.2134,1,91,26,1.0000,1.0000,1.0000,1.0000,1.0000,1.0000,-24.1111,-15.2312,"14.559:0.000:18.000",0.2066,"A1 actors are outside the blind-corner conflict zone"
3.3144,1,91,27,1.0000,1.0000,1.0000,1.0000,1.0000,1.0000,-24.1028,-15.2337,"14.520:0.000:18.000",0.3075,"A1 actors are outside the blind-corner conflict zone"
3.4190,1,91,28,1.0000,1.0000,1.0000,1.0000,1.0000,1.0000,-24.1060,-15.2332,"14.479:0.000:18.000",0.0000,"A1 actors are outside the blind-corner conflict zone"
3.5235,1,91,29,1.0000,1.0000,1.0000,1.0000,1.0000,1.0000,-24.0912,-15.2377,"14.438:0.000:18.000",0.1044,"A1 actors are outside the blind-corner conflict zone"
3.6270,1,91,30,1.0000,1.0000,1.0000,1.0000,1.0000,1.0000,-24.1028,-15.2346,"14.398:0.000:18.000",0.0000,"A1 actors are outside the blind-corner conflict zone"
3.7310,1,91,31,1.0000,1.0000,1.0000,1.0000,1.0000,1.0000,-24.1107,-15.2314,"14.357:0.000:18.000",0.0000,"A1 actors are outside the blind-corner conflict zone"
3.8323,1,91,32,1.0000,1.0000,1.0000,1.0000,1.0000,1.0000,-24.0895,-15.2416,"14.318:0.000:18.000",0.1014,"A1 actors are outside the blind-corner conflict zone"
3.9359,1,91,33,1.0000,1.0000,1.0000,1.0000,1.0000,1.0000,-24.0910,-15.2405,"14.277:0.000:18.000",0.0000,"A1 actors are outside the blind-corner conflict zone"
4.0397,1,91,34,1.0000,1.0000,1.0000,1.0000,1.0000,1.0000,-24.0796,-15.2470,"14.237:0.000:18.000",0.1038,"A1 actors are outside the blind-corner conflict zone"
4.1457,1,91,35,1.0000,1.0000,1.0000,1.0000,1.0000,1.0000,-24.1016,-15.2342,"14.195:0.000:18.000",0.0000,"A1 actors are outside the blind-corner conflict zone"
4.2469,1,91,36,1.0000,1.0000,1.0000,1.0000,1.0000,1.0000,-24.1115,-15.2277,"14.156:0.000:18.000",0.1012,"A1 actors are outside the blind-corner conflict zone"
4.3471,1,91,37,1.0000,1.0000,1.0000,1.0000,1.0000,1.0000,-24.1376,-15.2105,"14.117:0.000:18.000",0.2014,"A1 actors are outside the blind-corner conflict zone"
4.4484,1,91,38,1.0000,1.0000,1.0000,1.0000,1.0000,1.0000,-24.1427,-15.2067,"14.077:0.000:18.000",0.3027,"A1 actors are outside the blind-corner conflict zone"
4.5523,1,91,39,1.0000,1.0000,1.0000,1.0000,1.0000,1.0000,-24.1647,-15.1870,"14.037:0.000:18.000",0.0000,"A1 actors are outside the blind-corner conflict zone"
4.6539,1,91,40,1.0000,1.0000,1.0000,1.0000,1.0000,1.0000,-24.1597,-15.1910,"13.997:0.000:18.000",0.0000,"A1 actors are outside the blind-corner conflict zone"
4.7596,1,91,41,1.0000,1.0000,1.0000,1.0000,1.0000,1.0000,-24.1641,-15.1867,"13.956:0.000:18.000",0.1057,"A1 actors are outside the blind-corner conflict zone"
4.8629,1,91,42,1.0000,1.0000,1.0000,1.0000,1.0000,1.0000,-24.1625,-15.1864,"13.916:0.000:18.000",0.0000,"A1 actors are outside the blind-corner conflict zone"
4.9647,1,91,43,1.0000,1.0000,1.0000,1.0000,1.0000,1.0000,-24.1697,-15.1804,"13.876:0.000:18.000",0.0000,"A1 actors are outside the blind-corner conflict zone"
5.0675,1,91,44,1.0000,1.0000,1.0000,1.0000,1.0000,1.0000,-24.1599,-15.1908,"13.836:0.000:18.000",0.1027,"A1 actors are outside the blind-corner conflict zone"
5.1678,1,91,45,1.0000,1.0000,1.0000,1.0000,1.0000,1.0000,-24.1634,-15.1876,"13.797:0.000:18.000",0.2030,"A1 actors are outside the blind-corner conflict zone"
5.2698,1,91,46,1.0000,1.0000,1.0000,1.0000,1.0000,1.0000,-24.1764,-15.1751,"13.757:0.000:18.000",0.3051,"A1 actors are outside the blind-corner conflict zone"
5.3719,1,91,47,1.0000,1.0000,1.0000,1.0000,1.0000,1.0000,-24.1641,-15.1880,"13.717:0.000:18.000",0.0000,"A1 actors are outside the blind-corner conflict zone"
5.4723,1,91,48,1.0000,1.0000,1.0000,1.0000,1.0000,1.0000,-24.1523,-15.2001,"13.678:0.000:18.000",0.0000,"A1 actors are outside the blind-corner conflict zone"
5.5755,1,91,49,1.0000,1.0000,1.0000,1.0000,1.0000,1.0000,-24.1621,-15.1886,"13.638:0.000:18.000",0.0000,"A1 actors are outside the blind-corner conflict zone"
5.6764,1,91,50,1.0000,1.0000,1.0000,1.0000,1.0000,1.0000,-24.1688,-15.1805,"13.598:0.000:18.000",0.0000,"A1 actors are outside the blind-corner conflict zone"
5.7766,1,91,51,1.0000,1.0000,1.0000,1.0000,1.0000,1.0000,-24.1645,-15.1853,"13.559:0.000:18.000",0.0000,"A1 actors are outside the blind-corner conflict zone"
5.8814,1,91,52,1.0000,1.0000,1.0000,1.0000,1.0000,1.0000,-24.1671,-15.1822,"13.518:0.000:18.000",0.1048,"A1 actors are outside the blind-corner conflict zone"
5.9828,1,91,53,1.0000,1.0000,1.0000,1.0000,1.0000,1.0000,-24.1589,-15.2025,"13.479:0.000:18.000",0.0000,"A1 actors are outside the blind-corner conflict zone"
6.0855,1,91,54,1.0000,1.0000,1.0000,1.0000,1.0000,1.0000,-24.1559,-15.2102,"13.439:0.000:18.000",0.0000,"A1 actors are outside the blind-corner conflict zone"
6.1860,1,91,55,1.0000,1.0000,1.0000,1.0000,1.0000,1.0000,-24.1513,-15.2212,"13.400:0.000:18.000",0.1005,"A1 actors are outside the blind-corner conflict zone"
6.2882,1,91,56,1.0000,1.0000,1.0000,1.0000,1.0000,1.0000,-24.1548,-15.2137,"13.360:0.000:18.000",0.0000,"A1 actors are outside the blind-corner conflict zone"
6.3912,1,91,57,1.0000,1.0000,1.0000,1.0000,1.0000,1.0000,-24.1609,-15.1994,"13.320:0.000:18.000",0.0000,"A1 actors are outside the blind-corner conflict zone"
6.4946,1,91,58,1.0000,1.0000,1.0000,1.0000,1.0000,1.0000,-24.1556,-15.2156,"13.279:0.000:18.000",0.1034,"A1 actors are outside the blind-corner conflict zone"
6.5995,1,91,59,1.0000,1.0000,1.0000,1.0000,1.0000,1.0000,-24.1601,-15.2028,"13.238:0.000:18.000",0.0000,"A1 actors are outside the blind-corner conflict zone"
6.7027,1,91,60,1.0000,1.0000,1.0000,1.0000,1.0000,1.0000,-24.1665,-15.1829,"13.198:0.000:18.000",0.0000,"A1 actors are outside the blind-corner conflict zone"
6.8055,1,91,61,1.0000,1.0000,1.0000,1.0000,1.0000,1.0000,-24.1561,-15.2187,"13.158:0.000:18.000",0.0000,"A1 actors are outside the blind-corner conflict zone"
6.9063,1,91,62,1.0000,1.0000,1.0000,1.0000,1.0000,1.0000,-24.1556,-15.2181,"13.119:0.000:18.000",0.0000,"A1 actors are outside the blind-corner conflict zone"
7.0903,1,91,63,1.0000,1.0000,1.0000,1.0000,1.0000,1.0000,-24.1558,-15.2176,"13.047:0.000:18.000",0.1840,"A1 actors are outside the blind-corner conflict zone"
7.2726,1,91,64,1.0000,1.0000,1.0000,1.0000,1.0000,1.0000,-24.1591,-15.2014,"12.976:0.000:18.000",0.0000,"A1 actors are outside the blind-corner conflict zone"
7.3870,1,91,65,1.0000,1.0000,1.0000,1.0000,1.0000,1.0000,-24.1577,-15.2089,"12.931:0.000:18.000",0.1144,"A1 actors are outside the blind-corner conflict zone"
7.4915,1,91,66,1.0000,1.0000,1.0000,1.0000,1.0000,1.0000,-24.1586,-15.2010,"12.890:0.000:18.000",0.2189,"A1 actors are outside the blind-corner conflict zone"
7.5956,1,91,67,1.0000,1.0000,1.0000,1.0000,1.0000,1.0000,-24.1583,-15.2055,"12.850:0.000:18.000",0.0000,"A1 actors are outside the blind-corner conflict zone"
7.6985,1,91,68,1.0000,1.0000,1.0000,1.0000,1.0000,1.0000,-24.1576,-15.2259,"12.810:0.000:18.000",0.0000,"A1 actors are outside the blind-corner conflict zone"
7.8032,1,91,69,1.0000,1.0000,1.0000,1.0000,1.0000,1.0000,-24.1575,-15.2270,"12.769:0.000:18.000",0.0000,"A1 actors are outside the blind-corner conflict zone"
7.9049,1,91,70,1.0000,1.0000,1.0000,1.0000,1.0000,1.0000,-24.1571,-15.2365,"12.729:0.000:18.000",0.1016,"A1 actors are outside the blind-corner conflict zone"
8.0105,1,91,71,1.0000,1.0000,1.0000,1.0000,1.0000,1.0000,-24.1570,-15.2344,"12.688:0.000:18.000",0.0000,"A1 actors are outside the blind-corner conflict zone"
8.1109,1,91,72,1.0000,1.0000,1.0000,1.0000,1.0000,1.0000,-24.1545,-15.2154,"12.649:0.000:18.000",0.1004,"A1 actors are outside the blind-corner conflict zone"
8.2163,1,91,73,1.0000,1.0000,1.0000,1.0000,1.0000,1.0000,-24.1463,-15.1899,"12.608:0.000:18.000",0.0000,"A1 actors are outside the blind-corner conflict zone"
8.3200,1,91,74,1.0000,1.0000,1.0000,1.0000,1.0000,1.0000,-24.1188,-15.1408,"12.567:0.000:18.000",0.0000,"A1 actors are outside the blind-corner conflict zone"
8.4222,1,91,75,1.0000,1.0000,1.0000,1.0000,1.0000,1.0000,-24.0972,-15.1111,"12.527:0.000:18.000",0.0000,"A1 actors are outside the blind-corner conflict zone"
8.5242,1,91,76,1.0000,1.0000,1.0000,1.0000,1.0000,1.0000,-24.0894,-15.1048,"12.488:0.000:18.000",0.0000,"A1 actors are outside the blind-corner conflict zone"
8.6253,1,91,77,1.0000,1.0000,1.0000,1.0000,1.0000,1.0000,-24.0523,-15.0798,"12.448:0.000:18.000",0.0000,"A1 actors are outside the blind-corner conflict zone"
8.7255,1,91,78,1.0000,1.0000,1.0000,1.0000,1.0000,1.0000,-24.0124,-15.0597,"12.409:0.000:18.000",0.0000,"A1 actors are outside the blind-corner conflict zone"
9.1096,1,91,79,1.0000,1.0000,1.0000,1.0000,1.0000,1.0000,-23.7514,-15.0464,"12.259:0.000:18.000",0.0000,"A1 actors are outside the blind-corner conflict zone"
9.2098,1,91,80,1.0000,1.0000,1.0000,1.0000,1.0000,1.0000,-23.6938,-15.0487,"12.220:0.000:18.000",0.1002,"A1 actors are outside the blind-corner conflict zone"
9.3123,1,91,81,1.0000,1.0000,1.0000,1.0000,1.0000,1.0000,-23.6053,-15.0673,"12.180:0.000:18.000",0.0000,"A1 actors are outside the blind-corner conflict zone"
9.4179,1,91,82,1.0000,1.0000,1.0000,1.0000,1.0000,1.0000,-23.5007,-15.1121,"12.139:0.000:18.000",0.0000,"A1 actors are outside the blind-corner conflict zone"
9.5223,1,91,83,1.0000,1.0000,1.0000,1.0000,1.0000,1.0000,-23.3840,-15.1689,"12.098:0.000:18.000",0.1043,"A1 actors are outside the blind-corner conflict zone"
9.6271,1,91,84,1.0000,1.0000,1.0000,1.0000,1.0000,1.0000,-23.2889,-15.2332,"12.058:0.000:18.000",0.0000,"A1 actors are outside the blind-corner conflict zone"
9.7298,1,91,85,1.0000,1.0000,1.0000,1.0000,1.0000,1.0000,-23.2220,-15.2863,"12.018:0.000:18.000",0.1027,"A1 actors are outside the blind-corner conflict zone"
9.8315,1,91,86,1.0000,1.0000,1.0000,1.0000,1.0000,1.0000,-23.1285,-15.3783,"11.978:0.000:18.000",0.0000,"A1 actors are outside the blind-corner conflict zone"
9.9316,1,91,87,1.0000,1.0000,1.0000,1.0000,1.0000,1.0000,-23.0636,-15.4473,"11.939:0.000:18.000",0.1001,"A1 actors are outside the blind-corner conflict zone"
10.0365,1,91,88,1.0000,1.0000,1.0000,1.0000,1.0000,1.0000,-22.9724,-15.5314,"11.898:0.000:18.000",0.0000,"A1 actors are outside the blind-corner conflict zone"
10.1454,1,91,89,1.0000,1.0000,1.0000,1.0000,1.0000,1.0000,-22.8580,-15.6499,"11.855:0.000:18.000",0.0000,"A1 actors are outside the blind-corner conflict zone"
10.2461,1,91,90,1.0000,1.0000,1.0000,1.0000,1.0000,1.0000,-22.7672,-15.7511,"11.816:0.000:18.000",0.1008,"A1 actors are outside the blind-corner conflict zone"
10.3495,1,91,91,1.0000,1.0000,1.0000,1.0000,1.0000,1.0000,-22.6936,-15.8278,"11.776:0.000:18.000",0.0000,"A1 actors are outside the blind-corner conflict zone"
10.4496,1,91,92,1.0000,1.0000,1.0000,1.0000,1.0000,1.0000,-22.5942,-15.9050,"11.737:0.000:18.000",0.0000,"A1 actors are outside the blind-corner conflict zone"
10.5634,1,91,93,1.0000,1.0000,1.0000,1.0000,1.0000,1.0000,-22.4880,-15.9835,"11.692:0.000:18.000",0.0000,"A1 actors are outside the blind-corner conflict zone"
10.6644,1,91,94,1.0000,1.0000,1.0000,1.0000,1.0000,1.0000,-22.4146,-16.0437,"11.653:0.000:18.000",0.1009,"A1 actors are outside the blind-corner conflict zone"
10.7649,1,91,95,1.0000,1.0000,1.0000,1.0000,1.0000,1.0000,-22.3085,-16.1286,"11.614:0.000:18.000",0.0000,"A1 actors are outside the blind-corner conflict zone"
10.8691,1,91,96,1.0000,1.0000,1.0000,1.0000,1.0000,1.0000,-22.2254,-16.1820,"11.573:0.000:18.000",0.0000,"A1 actors are outside the blind-corner conflict zone"
10.9739,1,91,97,1.0000,1.0000,1.0000,1.0000,1.0000,1.0000,-22.1336,-16.2372,"11.532:0.000:18.000",0.0000,"A1 actors are outside the blind-corner conflict zone"
11.0751,1,91,98,1.0000,1.0000,1.0000,1.0000,1.0000,1.0000,-22.0444,-16.2919,"11.493:0.000:18.000",0.1012,"A1 actors are outside the blind-corner conflict zone"
11.1810,1,91,99,1.0000,1.0000,1.0000,1.0000,1.0000,1.0000,-21.9209,-16.3624,"11.452:0.000:18.000",0.0000,"A1 actors are outside the blind-corner conflict zone"
11.2863,1,91,100,1.0000,1.0000,1.0000,1.0000,1.0000,1.0000,-21.8159,-16.4128,"11.410:0.000:18.000",0.0000,"A1 actors are outside the blind-corner conflict zone"
11.3893,1,91,101,1.0000,1.0000,1.0000,1.0000,1.0000,1.0000,-21.6802,-16.4801,"11.370:0.000:18.000",0.1030,"A1 actors are outside the blind-corner conflict zone"
11.5053,1,91,102,1.0000,1.0000,1.0000,1.0000,1.0000,1.0000,-21.5724,-16.5303,"11.325:0.000:18.000",0.0000,"A1 actors are outside the blind-corner conflict zone"
11.6110,1,91,103,1.0000,1.0000,1.0000,1.0000,1.0000,1.0000,-21.4559,-16.5874,"11.284:0.000:18.000",0.1058,"A1 actors are outside the blind-corner conflict zone"
11.7140,1,91,104,1.0000,1.0000,1.0000,1.0000,1.0000,1.0000,-21.3282,-16.6479,"11.244:0.000:18.000",0.2088,"A1 actors are outside the blind-corner conflict zone"
11.8164,1,91,105,1.0000,1.0000,1.0000,1.0000,1.0000,1.0000,-21.2296,-16.6948,"11.204:0.000:18.000",0.3111,"A1 actors are outside the blind-corner conflict zone"
11.9164,1,91,106,1.0000,1.0000,1.0000,1.0000,1.0000,1.0000,-21.1143,-16.7510,"11.165:0.000:18.000",0.0000,"A1 actors are outside the blind-corner conflict zone"
12.0182,1,91,107,1.0000,1.0000,1.0000,1.0000,1.0000,1.0000,-21.0047,-16.8285,"11.125:0.000:18.000",0.0000,"A1 actors are outside the blind-corner conflict zone"
12.1235,1,91,108,1.0000,1.0000,1.0000,1.0000,1.0000,1.0000,-20.9081,-16.9084,"11.084:0.000:18.000",0.0000,"A1 actors are outside the blind-corner conflict zone"
12.2251,1,91,109,1.0000,1.0000,1.0000,1.0000,1.0000,1.0000,-20.8024,-16.9981,"11.044:0.000:18.000",0.1016,"A1 actors are outside the blind-corner conflict zone"
12.3289,1,91,110,1.0000,1.0000,1.0000,1.0000,1.0000,1.0000,-20.7159,-17.0576,"11.004:0.000:18.000",0.0000,"A1 actors are outside the blind-corner conflict zone"
12.4311,1,91,111,1.0000,1.0000,1.0000,1.0000,1.0000,1.0000,-20.5880,-17.1541,"10.964:0.000:18.000",0.0000,"A1 actors are outside the blind-corner conflict zone"
12.5372,1,91,112,1.0000,1.0000,1.0000,1.0000,1.0000,1.0000,-20.5088,-17.2187,"10.923:0.000:18.000",0.1061,"A1 actors are outside the blind-corner conflict zone"
12.6391,1,91,113,1.0000,1.0000,1.0000,1.0000,1.0000,1.0000,-20.4192,-17.3000,"10.883:0.000:18.000",0.0000,"A1 actors are outside the blind-corner conflict zone"
12.7394,1,91,114,1.0000,1.0000,1.0000,1.0000,1.0000,1.0000,-20.3193,-17.4017,"10.844:0.000:18.000",0.0000,"A1 actors are outside the blind-corner conflict zone"
12.8497,1,91,115,1.0000,1.0000,1.0000,1.0000,1.0000,1.0000,-20.2295,-17.5189,"10.801:0.000:18.000",0.0000,"A1 actors are outside the blind-corner conflict zone"
12.9505,1,91,116,1.0000,1.0000,1.0000,1.0000,1.0000,1.0000,-20.1530,-17.6100,"10.761:0.000:18.000",0.1008,"A1 actors are outside the blind-corner conflict zone"
13.0524,1,91,117,1.0000,1.0000,1.0000,1.0000,1.0000,1.0000,-20.0451,-17.7187,"10.722:0.000:18.000",0.0000,"A1 actors are outside the blind-corner conflict zone"
13.1560,1,91,118,1.0000,1.0000,1.0000,1.0000,1.0000,1.0000,-19.9718,-17.7939,"10.681:0.000:18.000",0.0000,"A1 actors are outside the blind-corner conflict zone"
13.2585,1,91,119,1.0000,1.0000,1.0000,1.0000,1.0000,1.0000,-19.8654,-17.9078,"10.641:0.000:18.000",0.0000,"A1 actors are outside the blind-corner conflict zone"
13.3598,1,91,120,1.0000,1.0000,1.0000,1.0000,1.0000,1.0000,-19.7825,-17.9892,"10.602:0.000:18.000",0.1013,"A1 actors are outside the blind-corner conflict zone"
13.4602,1,91,121,1.0000,1.0000,1.0000,1.0000,1.0000,1.0000,-19.6835,-18.0846,"10.563:0.000:18.000",0.0000,"A1 actors are outside the blind-corner conflict zone"
13.5654,1,91,122,1.0000,1.0000,1.0000,1.0000,1.0000,1.0000,-19.5768,-18.1905,"10.522:0.000:18.000",0.1052,"A1 actors are outside the blind-corner conflict zone"
13.6704,1,91,123,1.0000,1.0000,1.0000,1.0000,1.0000,1.0000,-19.4847,-18.2810,"10.481:0.000:18.000",0.0000,"A1 actors are outside the blind-corner conflict zone"
13.7737,1,91,124,1.0000,1.0000,1.0000,1.0000,1.0000,1.0000,-19.3848,-18.3878,"10.440:0.000:18.000",0.0000,"A1 actors are outside the blind-corner conflict zone"
13.8780,1,91,125,1.0000,1.0000,1.0000,1.0000,1.0000,1.0000,-19.3041,-18.4619,"10.400:0.000:18.000",0.1043,"A1 actors are outside the blind-corner conflict zone"
13.9798,1,91,126,1.0000,1.0000,1.0000,1.0000,1.0000,1.0000,-19.2084,-18.5661,"10.360:0.000:18.000",0.0000,"A1 actors are outside the blind-corner conflict zone"
14.0816,1,91,127,1.0000,1.0000,1.0000,1.0000,1.0000,1.0000,-19.1089,-18.6719,"10.320:0.000:18.000",0.1019,"A1 actors are outside the blind-corner conflict zone"
14.1850,1,91,128,1.0000,1.0000,1.0000,1.0000,1.0000,1.0000,-19.0000,-18.7710,"10.280:0.000:18.000",0.0000,"A1 actors are outside the blind-corner conflict zone"
14.2878,1,91,129,1.0000,1.0000,1.0000,1.0000,1.0000,1.0000,-18.9127,-18.8347,"10.240:0.000:18.000",0.0000,"A1 actors are outside the blind-corner conflict zone"
14.3895,1,91,130,1.0000,1.0000,1.0000,1.0000,1.0000,1.0000,-18.8015,-18.9189,"10.200:0.000:18.000",0.0000,"A1 actors are outside the blind-corner conflict zone"
14.4920,1,91,131,1.0000,1.0000,1.0000,1.0000,1.0000,1.0000,-18.7101,-18.9794,"10.160:0.000:18.000",0.1025,"A1 actors are outside the blind-corner conflict zone"
14.5966,1,91,132,1.0000,1.0000,1.0000,1.0000,1.0000,1.0000,-18.6009,-19.0371,"10.119:0.000:18.000",0.2071,"A1 actors are outside the blind-corner conflict zone"
14.6987,1,91,133,1.0000,1.0000,1.0000,1.0000,1.0000,1.0000,-18.5041,-19.0961,"10.080:0.000:18.000",0.3092,"A1 actors are outside the blind-corner conflict zone"
14.8002,1,91,134,1.0000,1.0000,1.0000,1.0000,1.0000,1.0000,-18.3863,-19.1503,"10.040:0.000:18.000",0.0000,"A1 actors are outside the blind-corner conflict zone"
14.9042,1,91,135,1.0000,1.0000,1.0000,1.0000,1.0000,1.0000,-18.2801,-19.1841,"9.999:0.000:18.000",0.0000,"A1 actors are outside the blind-corner conflict zone"
15.0045,1,91,136,1.0000,1.0000,1.0000,1.0000,1.0000,1.0000,-18.1677,-19.2159,"9.960:0.000:18.000",0.0000,"A1 actors are outside the blind-corner conflict zone"
15.1085,1,91,137,1.0000,1.0000,1.0000,1.0000,1.0000,1.0000,-18.0143,-19.2548,"9.920:0.000:18.000",0.0000,"A1 actors are outside the blind-corner conflict zone"
15.2097,1,91,138,1.0000,1.0000,1.0000,1.0000,1.0000,1.0000,-17.8905,-19.2895,"9.880:0.000:18.000",0.0000,"A1 actors are outside the blind-corner conflict zone"
15.3138,1,91,139,1.0000,1.0000,1.0000,1.0000,1.0000,1.0000,-17.7769,-19.3243,"9.840:0.000:18.000",0.0000,"A1 actors are outside the blind-corner conflict zone"
15.4151,1,91,140,1.0000,1.0000,1.0000,1.0000,1.0000,1.0000,-17.6598,-19.3673,"9.800:0.000:18.000",0.0000,"A1 actors are outside the blind-corner conflict zone"
15.5178,1,91,141,1.0000,1.0000,1.0000,1.0000,1.0000,1.0000,-17.5509,-19.4197,"9.760:0.000:18.000",0.0000,"A1 actors are outside the blind-corner conflict zone"
15.6233,1,91,142,1.0000,1.0000,1.0000,1.0000,1.0000,1.0000,-17.4463,-19.4728,"9.719:0.000:18.000",0.0000,"A1 actors are outside the blind-corner conflict zone"
15.7292,1,91,143,1.0000,1.0000,1.0000,1.0000,1.0000,1.0000,-17.3460,-19.5219,"9.678:0.000:18.000",0.1059,"A1 actors are outside the blind-corner conflict zone"
15.8326,1,91,144,1.0000,1.0000,1.0000,1.0000,1.0000,1.0000,-17.2130,-19.6041,"9.637:0.000:18.000",0.2093,"A1 actors are outside the blind-corner conflict zone"
15.9362,1,91,145,1.0000,1.0000,1.0000,1.0000,1.0000,1.0000,-17.1168,-19.6741,"9.597:0.000:18.000",0.0000,"A1 actors are outside the blind-corner conflict zone"
16.0368,1,91,146,1.0000,1.0000,1.0000,1.0000,1.0000,1.0000,-17.0070,-19.7609,"9.558:0.000:18.000",0.0000,"A1 actors are outside the blind-corner conflict zone"
16.1416,1,91,147,1.0000,1.0000,1.0000,1.0000,1.0000,1.0000,-16.9221,-19.8243,"9.517:0.000:18.000",0.1048,"A1 actors are outside the blind-corner conflict zone"
16.2443,1,91,148,1.0000,1.0000,1.0000,1.0000,1.0000,1.0000,-16.8126,-19.9094,"9.477:0.000:18.000",0.0000,"A1 actors are outside the blind-corner conflict zone"
16.3474,1,91,149,1.0000,1.0000,1.0000,1.0000,1.0000,1.0000,-16.7236,-19.9968,"9.437:0.000:18.000",0.0000,"A1 actors are outside the blind-corner conflict zone"
16.4528,1,91,150,1.0000,1.0000,1.0000,1.0000,1.0000,1.0000,-16.6300,-20.0874,"9.396:0.000:18.000",0.0000,"A1 actors are outside the blind-corner conflict zone"
16.5614,1,91,151,1.0000,1.0000,1.0000,1.0000,1.0000,1.0000,-16.5456,-20.1845,"9.353:0.000:18.000",0.0000,"A1 actors are outside the blind-corner conflict zone"
16.6654,1,91,152,1.0000,1.0000,1.0000,1.0000,1.0000,1.0000,-16.4520,-20.2962,"9.313:0.000:18.000",0.1040,"A1 actors are outside the blind-corner conflict zone"
16.7666,1,91,153,1.0000,1.0000,1.0000,1.0000,1.0000,1.0000,-16.3668,-20.3935,"9.273:0.000:18.000",0.0000,"A1 actors are outside the blind-corner conflict zone"
16.8672,1,91,154,1.0000,1.0000,1.0000,1.0000,1.0000,1.0000,-16.2781,-20.5035,"9.234:0.000:18.000",0.0000,"A1 actors are outside the blind-corner conflict zone"
16.9697,1,91,155,1.0000,1.0000,1.0000,1.0000,1.0000,1.0000,-16.1923,-20.6069,"9.194:0.000:18.000",0.0000,"A1 actors are outside the blind-corner conflict zone"
17.0771,1,91,156,1.0000,1.0000,1.0000,1.0000,1.0000,1.0000,-16.0895,-20.7122,"9.152:0.000:18.000",0.0000,"A1 actors are outside the blind-corner conflict zone"
17.1816,1,91,157,1.0000,1.0000,1.0000,1.0000,1.0000,1.0000,-16.0246,-20.7881,"9.111:0.000:18.000",0.0000,"A1 actors are outside the blind-corner conflict zone"
17.2854,1,91,158,1.0000,1.0000,1.0000,1.0000,1.0000,1.0000,-15.9563,-20.8687,"9.071:0.000:18.000",0.1039,"A1 actors are outside the blind-corner conflict zone"
17.3877,1,91,159,1.0000,1.0000,1.0000,1.0000,1.0000,1.0000,-15.8766,-20.9680,"9.031:0.000:18.000",0.2061,"A1 actors are outside the blind-corner conflict zone"
17.4937,1,91,160,1.0000,1.0000,1.0000,1.0000,1.0000,1.0000,-15.8090,-21.0483,"8.990:0.000:18.000",0.0000,"A1 actors are outside the blind-corner conflict zone"
17.5958,1,91,161,1.0000,1.0000,1.0000,1.0000,1.0000,1.0000,-15.7435,-21.1327,"8.950:0.000:18.000",0.0000,"A1 actors are outside the blind-corner conflict zone"
17.6988,1,91,162,1.0000,1.0000,1.0000,1.0000,1.0000,1.0000,-15.6719,-21.2333,"8.910:0.000:18.000",0.1030,"A1 actors are outside the blind-corner conflict zone"
17.8028,1,91,163,1.0000,1.0000,1.0000,1.0000,1.0000,1.0000,-15.5952,-21.3481,"8.869:0.000:18.000",0.0000,"A1 actors are outside the blind-corner conflict zone"
18.1972,1,91,164,1.0000,1.0000,1.0000,1.0000,1.0000,1.0000,-15.3510,-21.7587,"8.715:0.000:18.000",0.0000,"A1 actors are outside the blind-corner conflict zone"
18.3203,1,91,165,1.0000,1.0000,1.0000,1.0000,1.0000,1.0000,-15.2806,-21.8788,"8.667:0.000:18.000",0.1232,"A1 actors are outside the blind-corner conflict zone"
18.4440,1,91,166,1.0000,1.0000,1.0000,1.0000,1.0000,1.0000,-15.2014,-22.0248,"8.619:0.000:18.000",0.2469,"A1 actors are outside the blind-corner conflict zone"
18.5475,1,91,167,1.0000,1.0000,1.0000,1.0000,1.0000,1.0000,-15.1508,-22.1162,"8.579:0.000:18.000",0.3503,"A1 actors are outside the blind-corner conflict zone"
18.6488,1,91,168,1.0000,1.0000,1.0000,1.0000,1.0000,1.0000,-15.0768,-22.2601,"8.539:0.000:18.000",0.0000,"A1 actors are outside the blind-corner conflict zone"
18.7705,1,91,169,1.0000,1.0000,1.0000,1.0000,1.0000,1.0000,-14.9983,-22.4027,"8.492:0.000:18.000",0.1217,"A1 actors are outside the blind-corner conflict zone"
18.9024,1,91,170,1.0000,1.0000,1.0000,1.0000,1.0000,1.0000,-14.9286,-22.5214,"8.440:0.000:18.000",0.0000,"A1 actors are outside the blind-corner conflict zone"
19.0280,1,91,171,1.0000,1.0000,1.0000,1.0000,1.0000,1.0000,-14.8668,-22.6322,"8.391:0.000:18.000",0.0000,"A1 actors are outside the blind-corner conflict zone"
19.1338,1,91,172,1.0000,1.0000,1.0000,1.0000,1.0000,1.0000,-14.8032,-22.7444,"8.350:0.000:18.000",0.0000,"A1 actors are outside the blind-corner conflict zone"
19.2437,1,91,173,1.0000,1.0000,1.0000,1.0000,1.0000,1.0000,-14.7305,-22.8764,"8.307:0.000:18.000",0.0000,"A1 actors are outside the blind-corner conflict zone"
19.3770,1,91,174,1.0000,1.0000,1.0000,1.0000,1.0000,1.0000,-14.6480,-22.9991,"8.255:0.000:18.000",0.0000,"A1 actors are outside the blind-corner conflict zone"
19.5085,1,91,175,1.0000,1.0000,1.0000,1.0000,1.0000,1.0000,-14.5517,-23.1168,"8.204:0.000:18.000",0.0000,"A1 actors are outside the blind-corner conflict zone"
19.6207,1,91,176,1.0000,1.0000,1.0000,1.0000,1.0000,1.0000,-14.4651,-23.2222,"8.160:0.000:18.000",0.1122,"A1 actors are outside the blind-corner conflict zone"
19.7291,1,91,177,1.0000,1.0000,1.0000,1.0000,1.0000,1.0000,-14.3959,-23.3186,"8.118:0.000:18.000",0.2206,"A1 actors are outside the blind-corner conflict zone"
19.8562,1,91,178,1.0000,1.0000,1.0000,1.0000,1.0000,1.0000,-14.3097,-23.4169,"8.068:0.000:18.000",0.0000,"A1 actors are outside the blind-corner conflict zone"
19.9565,1,91,179,1.0000,1.0000,1.0000,1.0000,1.0000,1.0000,-14.2432,-23.5046,"8.029:0.000:18.000",0.1003,"A1 actors are outside the blind-corner conflict zone"
20.0838,1,91,180,1.0000,1.0000,1.0000,1.0000,1.0000,1.0000,-14.1523,-23.6193,"7.979:0.000:18.000",0.2277,"A1 actors are outside the blind-corner conflict zone"
20.2153,1,91,181,1.0000,1.0000,1.0000,1.0000,1.0000,1.0000,-14.0509,-23.7384,"7.928:0.000:18.000",0.0000,"A1 actors are outside the blind-corner conflict zone"
20.3412,1,91,182,1.0000,1.0000,1.0000,1.0000,1.0000,1.0000,-13.9449,-23.8703,"7.879:0.000:18.000",0.1259,"A1 actors are outside the blind-corner conflict zone"
20.4683,1,91,183,1.0000,1.0000,1.0000,1.0000,1.0000,1.0000,-13.8564,-23.9735,"7.830:0.000:18.000",0.2530,"A1 actors are outside the blind-corner conflict zone"
20.5984,1,91,184,1.0000,1.0000,1.0000,1.0000,1.0000,1.0000,-13.7321,-24.1174,"7.779:0.000:18.000",0.0000,"A1 actors are outside the blind-corner conflict zone"
20.8692,1,91,185,1.0000,1.0000,1.0000,1.0000,1.0000,1.0000,-13.4913,-24.3649,"7.673:0.000:18.000",0.2708,"A1 actors are outside the blind-corner conflict zone"
21.0087,1,91,186,1.0000,1.0000,1.0000,1.0000,1.0000,1.0000,-13.3829,-24.4841,"7.619:0.000:18.000",0.0000,"A1 actors are outside the blind-corner conflict zone"
21.1425,1,91,187,1.0000,1.0000,1.0000,1.0000,1.0000,1.0000,-13.2681,-24.6132,"7.567:0.000:18.000",0.1338,"A1 actors are outside the blind-corner conflict zone"
21.2789,1,91,188,1.0000,1.0000,1.0000,1.0000,1.0000,1.0000,-13.1545,-24.7499,"7.513:0.000:18.000",0.0000,"A1 actors are outside the blind-corner conflict zone"
21.3886,1,91,189,1.0000,1.0000,1.0000,1.0000,1.0000,1.0000,-13.0725,-24.8523,"7.471:0.000:18.000",0.1097,"A1 actors are outside the blind-corner conflict zone"
21.4917,1,91,190,1.0000,1.0000,1.0000,1.0000,1.0000,1.0000,-12.9948,-24.9425,"7.430:0.000:18.000",0.2128,"A1 actors are outside the blind-corner conflict zone"
21.5965,1,91,191,1.0000,1.0000,1.0000,1.0000,1.0000,1.0000,-12.9071,-25.0473,"7.389:0.000:18.000",0.3176,"A1 actors are outside the blind-corner conflict zone"
21.7031,1,91,192,1.0000,1.0000,1.0000,1.0000,1.0000,1.0000,-12.8433,-25.1335,"7.348:0.000:18.000",0.4242,"A1 actors are outside the blind-corner conflict zone"
21.8456,1,91,193,1.0000,1.0000,1.0000,1.0000,1.0000,1.0000,-12.7409,-25.2850,"7.292:0.000:18.000",0.0000,"A1 actors are outside the blind-corner conflict zone"
21.9733,1,91,194,1.0000,1.0000,1.0000,1.0000,1.0000,1.0000,-12.6546,-25.4100,"7.243:0.000:18.000",0.1277,"A1 actors are outside the blind-corner conflict zone"
22.1103,1,91,195,1.0000,1.0000,1.0000,1.0000,1.0000,1.0000,-12.5496,-25.5359,"7.189:0.000:18.000",0.2648,"A1 actors are outside the blind-corner conflict zone"
22.2479,1,91,196,1.0000,1.0000,1.0000,1.0000,1.0000,1.0000,-12.4444,-25.6643,"7.135:0.000:18.000",0.0000,"A1 actors are outside the blind-corner conflict zone"
22.3622,1,91,197,1.0000,1.0000,1.0000,1.0000,1.0000,1.0000,-12.3598,-25.7693,"7.091:0.000:18.000",0.1143,"A1 actors are outside the blind-corner conflict zone"
22.4715,1,91,198,1.0000,1.0000,1.0000,1.0000,1.0000,1.0000,-12.2785,-25.8622,"7.048:0.000:18.000",0.2237,"A1 actors are outside the blind-corner conflict zone"
22.6049,1,91,199,1.0000,1.0000,1.0000,1.0000,1.0000,1.0000,-12.1702,-25.9839,"6.996:0.000:18.000",0.3570,"A1 actors are outside the blind-corner conflict zone"
22.7361,1,91,200,1.0000,1.0000,1.0000,1.0000,1.0000,1.0000,-12.0458,-26.1197,"6.945:0.000:18.000",0.0000,"A1 actors are outside the blind-corner conflict zone"
22.8678,1,91,201,1.0000,1.0000,1.0000,1.0000,1.0000,1.0000,-11.9347,-26.2380,"6.894:0.000:18.000",0.1317,"A1 actors are outside the blind-corner conflict zone"
23.0157,1,91,202,1.0000,1.0000,1.0000,1.0000,1.0000,1.0000,-11.8204,-26.3558,"6.836:0.000:18.000",0.0000,"A1 actors are outside the blind-corner conflict zone"
23.1210,1,91,203,1.0000,1.0000,1.0000,1.0000,1.0000,1.0000,-11.7330,-26.4424,"6.795:0.000:18.000",0.1054,"A1 actors are outside the blind-corner conflict zone"
23.2561,1,91,204,1.0000,1.0000,1.0000,1.0000,1.0000,1.0000,-11.6151,-26.5618,"6.742:0.000:18.000",0.0000,"A1 actors are outside the blind-corner conflict zone"
23.3794,1,91,205,1.0000,1.0000,1.0000,1.0000,1.0000,1.0000,-11.5258,-26.6573,"6.694:0.000:18.000",0.1234,"A1 actors are outside the blind-corner conflict zone"
23.4820,1,91,206,1.0000,1.0000,1.0000,1.0000,1.0000,1.0000,-11.4627,-26.7399,"6.654:0.000:18.000",0.2260,"A1 actors are outside the blind-corner conflict zone"
23.5888,1,91,207,1.0000,1.0000,1.0000,1.0000,1.0000,1.0000,-11.3878,-26.8398,"6.613:0.000:18.000",0.3327,"A1 actors are outside the blind-corner conflict zone"
23.7341,1,91,208,1.0000,1.0000,1.0000,1.0000,1.0000,1.0000,-11.2740,-27.0028,"6.556:0.000:18.000",0.0000,"A1 actors are outside the blind-corner conflict zone"
23.8633,1,91,209,1.0000,1.0000,1.0000,1.0000,1.0000,1.0000,-11.1935,-27.1292,"6.505:0.000:18.000",0.1292,"A1 actors are outside the blind-corner conflict zone"
23.9668,1,91,210,1.0000,1.0000,1.0000,1.0000,1.0000,1.0000,-11.1496,-27.2161,"6.465:0.000:18.000",0.2327,"A1 actors are outside the blind-corner conflict zone"
24.1117,1,91,211,1.0000,1.0000,1.0000,1.0000,1.0000,1.0000,-11.0819,-27.3874,"6.409:0.000:18.000",0.0000,"A1 actors are outside the blind-corner conflict zone"
24.2486,1,91,212,1.0000,1.0000,1.0000,1.0000,1.0000,1.0000,-11.0138,-27.5661,"6.355:0.000:18.000",0.0000,"A1 actors are outside the blind-corner conflict zone"
24.3843,1,91,213,1.0000,1.0000,1.0000,1.0000,1.0000,1.0000,-10.9691,-27.7322,"6.302:0.000:18.000",0.0000,"A1 actors are outside the blind-corner conflict zone"
24.5219,1,91,214,1.0000,1.0000,1.0000,1.0000,1.0000,1.0000,-10.9280,-27.8826,"6.249:0.000:18.000",0.1376,"A1 actors are outside the blind-corner conflict zone"
24.6638,1,91,215,1.0000,1.0000,1.0000,1.0000,1.0000,1.0000,-10.8760,-28.0549,"6.193:0.000:18.000",0.2794,"A1 actors are outside the blind-corner conflict zone"
24.7731,1,91,216,1.0000,1.0000,1.0000,1.0000,1.0000,1.0000,-10.8450,-28.1748,"6.151:0.000:18.000",0.0000,"A1 actors are outside the blind-corner conflict zone"
24.8824,1,91,217,1.0000,1.0000,1.0000,1.0000,1.0000,1.0000,-10.8004,-28.3103,"6.108:0.000:18.000",0.0000,"A1 actors are outside the blind-corner conflict zone"
24.9905,1,91,218,1.0000,1.0000,1.0000,1.0000,1.0000,1.0000,-10.7676,-28.4266,"6.066:0.000:18.000",0.0000,"A1 actors are outside the blind-corner conflict zone"
25.0944,1,91,219,1.0000,1.0000,1.0000,1.0000,1.0000,1.0000,-10.7466,-28.5418,"6.025:0.000:18.000",0.1039,"A1 actors are outside the blind-corner conflict zone"
25.2066,1,91,220,1.0000,1.0000,1.0000,1.0000,1.0000,1.0000,-10.7311,-28.6611,"5.982:0.000:18.000",0.0000,"A1 actors are outside the blind-corner conflict zone"
25.3321,1,91,221,1.0000,1.0000,1.0000,1.0000,1.0000,1.0000,-10.7299,-28.8108,"5.933:0.000:18.000",0.0000,"A1 actors are outside the blind-corner conflict zone"
25.4501,1,91,222,1.0000,1.0000,1.0000,1.0000,1.0000,1.0000,-10.7348,-28.9461,"5.887:0.000:18.000",0.0000,"A1 actors are outside the blind-corner conflict zone"
25.5811,1,91,223,1.0000,1.0000,1.0000,1.0000,1.0000,1.0000,-10.7560,-29.0829,"5.835:0.000:18.000",0.0000,"A1 actors are outside the blind-corner conflict zone"
25.6966,1,91,224,1.0000,1.0000,1.0000,1.0000,1.0000,1.0000,-10.7749,-29.2026,"5.790:0.000:18.000",0.1155,"A1 actors are outside the blind-corner conflict zone"
25.8049,1,91,225,1.0000,1.0000,1.0000,1.0000,1.0000,1.0000,-10.7938,-29.3693,"5.748:0.000:18.000",0.0000,"A1 actors are outside the blind-corner conflict zone"
25.9211,1,91,226,1.0000,1.0000,1.0000,1.0000,1.0000,1.0000,-10.8118,-29.4853,"5.703:0.000:18.000",0.1162,"A1 actors are outside the blind-corner conflict zone"
26.0465,1,91,227,1.0000,1.0000,1.0000,1.0000,1.0000,1.0000,-10.8477,-29.6229,"5.654:0.000:18.000",0.0000,"A1 actors are outside the blind-corner conflict zone"
26.1654,1,91,228,1.0000,1.0000,1.0000,1.0000,1.0000,1.0000,-10.8969,-29.7703,"5.608:0.000:18.000",0.0000,"A1 actors are outside the blind-corner conflict zone"
26.3051,1,91,229,1.0000,1.0000,1.0000,1.0000,1.0000,1.0000,-10.9578,-29.9457,"5.553:0.000:18.000",0.0000,"A1 actors are outside the blind-corner conflict zone"
26.4409,1,91,230,1.0000,1.0000,1.0000,1.0000,1.0000,1.0000,-11.0092,-30.0842,"5.500:0.000:18.000",0.1359,"A1 actors are outside the blind-corner conflict zone"
26.5684,1,91,231,1.0000,1.0000,1.0000,1.0000,1.0000,1.0000,-11.0675,-30.2223,"5.450:0.000:18.000",0.2633,"A1 actors are outside the blind-corner conflict zone"
26.7058,1,91,232,1.0000,1.0000,1.0000,1.0000,1.0000,1.0000,-11.1341,-30.3722,"5.397:0.000:18.000",0.0000,"A1 actors are outside the blind-corner conflict zone"
26.8545,1,91,233,1.0000,1.0000,1.0000,1.0000,1.0000,1.0000,-11.1936,-30.5200,"5.339:0.000:18.000",0.0000,"A1 actors are outside the blind-corner conflict zone"
26.9856,1,91,234,1.0000,1.0000,1.0000,1.0000,1.0000,1.0000,-11.2525,-30.6728,"5.288:0.000:18.000",0.1310,"A1 actors are outside the blind-corner conflict zone"
27.1089,1,91,235,1.0000,1.0000,1.0000,1.0000,1.0000,1.0000,-11.3065,-30.7853,"5.240:0.000:18.000",0.0000,"A1 actors are outside the blind-corner conflict zone"
27.2260,1,91,236,1.0000,1.0000,1.0000,1.0000,1.0000,1.0000,-11.3605,-30.9193,"5.194:0.000:18.000",0.1171,"A1 actors are outside the blind-corner conflict zone"
27.3441,1,91,237,1.0000,1.0000,1.0000,1.0000,1.0000,1.0000,-11.4053,-31.0599,"5.148:0.000:18.000",0.0000,"A1 actors are outside the blind-corner conflict zone"
27.4707,1,91,238,1.0000,1.0000,1.0000,1.0000,1.0000,1.0000,-11.4628,-31.1952,"5.099:0.000:18.000",0.0000,"A1 actors are outside the blind-corner conflict zone"
27.6005,1,91,239,1.0000,1.0000,1.0000,1.0000,1.0000,1.0000,-11.5277,-31.3413,"5.048:0.000:18.000",0.1298,"A1 actors are outside the blind-corner conflict zone"
27.7244,1,91,240,1.0000,1.0000,1.0000,1.0000,1.0000,1.0000,-11.5755,-31.4586,"5.080:0.000:18.000",0.2537,"A1 actors are outside the blind-corner conflict zone"
27.8393,1,91,241,1.0000,1.0000,1.0000,1.0000,1.0000,1.0000,-11.6220,-31.5843,"5.124:0.000:18.000",0.3687,"A1 actors are outside the blind-corner conflict zone"
27.9659,1,91,242,1.0000,1.0000,1.0000,1.0000,1.0000,1.0000,-11.6778,-31.7174,"5.174:0.000:18.000",0.0000,"A1 actors are outside the blind-corner conflict zone"
28.0893,1,91,243,1.0000,1.0000,1.0000,1.0000,1.0000,1.0000,-11.7357,-31.8785,"5.222:0.000:18.000",0.0000,"A1 actors are outside the blind-corner conflict zone"
28.2131,1,91,244,1.0000,1.0000,1.0000,1.0000,1.0000,1.0000,-11.7846,-32.0309,"5.270:0.000:18.000",0.1238,"A1 actors are outside the blind-corner conflict zone"
28.3407,1,91,245,1.0000,1.0000,1.0000,1.0000,1.0000,1.0000,-11.8317,-32.1636,"5.320:0.000:18.000",0.2514,"A1 actors are outside the blind-corner conflict zone"
28.4653,1,91,246,1.0000,1.0000,1.0000,1.0000,1.0000,1.0000,-11.8838,-32.3192,"5.369:0.000:18.000",0.3760,"A1 actors are outside the blind-corner conflict zone"
28.6002,1,91,247,1.0000,1.0000,1.0000,1.0000,1.0000,1.0000,-11.9318,-32.4843,"5.421:0.000:18.000",0.0000,"A1 actors are outside the blind-corner conflict zone"
28.7420,1,91,248,1.0000,1.0000,1.0000,1.0000,1.0000,1.0000,-11.9742,-32.6331,"5.477:0.000:18.000",0.0000,"A1 actors are outside the blind-corner conflict zone"
28.8639,1,91,249,1.0000,1.0000,1.0000,1.0000,1.0000,1.0000,-12.0151,-32.7771,"5.524:0.000:18.000",0.1219,"A1 actors are outside the blind-corner conflict zone"
28.9891,1,91,250,1.0000,1.0000,1.0000,1.0000,1.0000,1.0000,-12.0535,-32.9358,"5.573:0.000:18.000",0.2471,"A1 actors are outside the blind-corner conflict zone"
29.0986,1,91,251,1.0000,1.0000,1.0000,1.0000,1.0000,1.0000,-12.0855,-33.0549,"5.616:0.000:18.000",0.0000,"A1 actors are outside the blind-corner conflict zone"
29.2130,1,91,252,1.0000,1.0000,1.0000,1.0000,1.0000,1.0000,-12.1171,-33.1775,"5.660:0.000:18.000",0.0000,"A1 actors are outside the blind-corner conflict zone"
29.3217,1,91,253,1.0000,1.0000,1.0000,1.0000,1.0000,1.0000,-12.1460,-33.3005,"5.703:0.000:18.000",0.0000,"A1 actors are outside the blind-corner conflict zone"
29.4319,1,91,254,1.0000,1.0000,1.0000,1.0000,1.0000,1.0000,-12.1702,-33.4271,"5.746:0.000:18.000",0.1102,"A1 actors are outside the blind-corner conflict zone"
29.5510,1,91,255,1.0000,1.0000,1.0000,1.0000,1.0000,1.0000,-12.1882,-33.5538,"5.792:0.000:18.000",0.0000,"A1 actors are outside the blind-corner conflict zone"
29.6723,1,91,256,1.0000,1.0000,1.0000,1.0000,1.0000,1.0000,-12.2164,-33.6901,"5.839:0.000:18.000",0.1213,"A1 actors are outside the blind-corner conflict zone"
29.7778,1,91,257,1.0000,1.0000,1.0000,1.0000,1.0000,1.0000,-12.2453,-33.8259,"5.880:0.000:18.000",0.0000,"A1 actors are outside the blind-corner conflict zone"
29.8870,1,91,258,1.0000,1.0000,1.0000,1.0000,1.0000,1.0000,-12.2693,-33.9509,"5.923:0.000:18.000",0.0000,"A1 actors are outside the blind-corner conflict zone"
30.0022,1,91,259,1.0000,1.0000,1.0000,1.0000,1.0000,1.0000,-12.2983,-34.0985,"5.968:0.000:18.000",0.0000,"A1 actors are outside the blind-corner conflict zone"
30.1110,1,91,260,1.0000,1.0000,1.0000,1.0000,1.0000,1.0000,-12.3189,-34.2327,"6.010:0.000:18.000",0.0000,"A1 actors are outside the blind-corner conflict zone"
30.2445,1,91,261,1.0000,1.0000,1.0000,1.0000,1.0000,1.0000,-12.3529,-34.3825,"6.062:0.000:18.000",0.1335,"A1 actors are outside the blind-corner conflict zone"
30.3695,1,91,262,1.0000,1.0000,1.0000,1.0000,1.0000,1.0000,-12.3894,-34.5372,"6.111:0.000:18.000",0.0000,"A1 actors are outside the blind-corner conflict zone"
30.5078,1,91,263,1.0000,1.0000,1.0000,1.0000,1.0000,1.0000,-12.4293,-34.7059,"6.165:0.000:18.000",0.0000,"A1 actors are outside the blind-corner conflict zone"
30.6084,1,91,264,1.0000,1.0000,1.0000,1.0000,1.0000,1.0000,-12.4596,-34.8140,"6.204:0.000:18.000",0.0000,"A1 actors are outside the blind-corner conflict zone"
30.7164,1,91,265,1.0000,1.0000,1.0000,1.0000,1.0000,1.0000,-12.4945,-34.9400,"6.247:0.000:18.000",0.1080,"A1 actors are outside the blind-corner conflict zone"
30.8451,1,91,266,1.0000,1.0000,1.0000,1.0000,1.0000,1.0000,-12.5382,-35.1112,"6.297:0.000:18.000",0.0000,"A1 actors are outside the blind-corner conflict zone"
30.9588,1,91,267,1.0000,1.0000,1.0000,1.0000,1.0000,1.0000,-12.5642,-35.2449,"6.341:0.000:18.000",0.0000,"A1 actors are outside the blind-corner conflict zone"
31.0635,1,91,268,1.0000,1.0000,1.0000,1.0000,1.0000,1.0000,-12.5992,-35.3775,"6.382:0.000:18.000",0.0000,"A1 actors are outside the blind-corner conflict zone"
31.1718,1,91,269,1.0000,1.0000,1.0000,1.0000,1.0000,1.0000,-12.6381,-35.4938,"6.424:0.000:18.000",0.0000,"A1 actors are outside the blind-corner conflict zone"
31.2949,1,91,270,1.0000,1.0000,1.0000,1.0000,1.0000,1.0000,-12.6777,-35.6514,"6.472:0.000:18.000",0.0000,"A1 actors are outside the blind-corner conflict zone"
31.4173,1,91,271,1.0000,1.0000,1.0000,1.0000,1.0000,1.0000,-12.7181,-35.8025,"6.520:0.000:18.000",0.0000,"A1 actors are outside the blind-corner conflict zone"
31.5490,1,91,272,1.0000,1.0000,1.0000,1.0000,1.0000,1.0000,-12.7595,-35.9637,"6.571:0.000:18.000",0.0000,"A1 actors are outside the blind-corner conflict zone"
31.6811,1,91,273,1.0000,1.0000,1.0000,1.0000,1.0000,1.0000,-12.8067,-36.0996,"6.623:0.000:18.000",0.1321,"A1 actors are outside the blind-corner conflict zone"
31.7952,1,91,274,1.0000,1.0000,1.0000,1.0000,1.0000,1.0000,-12.8571,-36.2181,"6.667:0.000:18.000",0.0000,"A1 actors are outside the blind-corner conflict zone"
31.9109,1,91,275,1.0000,1.0000,1.0000,1.0000,1.0000,1.0000,-12.9129,-36.3427,"6.712:0.000:18.000",0.0000,"A1 actors are outside the blind-corner conflict zone"
32.0324,1,91,276,1.0000,1.0000,1.0000,1.0000,1.0000,1.0000,-12.9796,-36.4836,"6.760:0.000:18.000",0.0000,"A1 actors are outside the blind-corner conflict zone"
32.1491,1,91,277,1.0000,1.0000,1.0000,1.0000,1.0000,1.0000,-13.0556,-36.6190,"6.805:0.000:18.000",0.1167,"A1 actors are outside the blind-corner conflict zone"
32.2726,1,91,278,1.0000,1.0000,1.0000,1.0000,1.0000,1.0000,-13.1182,-36.7372,"6.853:0.000:18.000",0.2403,"A1 actors are outside the blind-corner conflict zone"
32.3962,1,91,279,1.0000,1.0000,1.0000,1.0000,1.0000,1.0000,-13.1853,-36.8914,"6.902:0.000:18.000",0.0000,"A1 actors are outside the blind-corner conflict zone"
32.5153,1,91,280,1.0000,1.0000,1.0000,1.0000,1.0000,1.0000,-13.2491,-37.0331,"6.948:0.000:18.000",0.0000,"A1 actors are outside the blind-corner conflict zone"
32.6368,1,91,281,1.0000,1.0000,1.0000,1.0000,1.0000,1.0000,-13.3152,-37.1538,"6.996:0.000:18.000",0.1215,"A1 actors are outside the blind-corner conflict zone"
32.7614,1,91,282,1.0000,1.0000,1.0000,1.0000,1.0000,1.0000,-13.3788,-37.2701,"7.044:0.000:18.000",0.0000,"A1 actors are outside the blind-corner conflict zone"
32.8951,1,91,283,1.0000,1.0000,1.0000,1.0000,1.0000,1.0000,-13.4556,-37.4341,"7.096:0.000:18.000",0.0000,"A1 actors are outside the blind-corner conflict zone"
33.0123,1,91,284,1.0000,1.0000,1.0000,1.0000,1.0000,1.0000,-13.5181,-37.5552,"7.142:0.000:18.000",0.0000,"A1 actors are outside the blind-corner conflict zone"
33.1330,1,91,285,1.0000,1.0000,1.0000,1.0000,1.0000,1.0000,-13.5802,-37.6865,"7.189:0.000:18.000",0.0000,"A1 actors are outside the blind-corner conflict zone"
33.2570,1,91,286,1.0000,1.0000,1.0000,1.0000,1.0000,1.0000,-13.6283,-37.8198,"7.237:0.000:18.000",0.1240,"A1 actors are outside the blind-corner conflict zone"
33.3781,1,91,287,1.0000,1.0000,1.0000,1.0000,1.0000,1.0000,-13.6712,-37.9642,"7.285:0.000:18.000",0.0000,"A1 actors are outside the blind-corner conflict zone"
33.4956,1,91,288,1.0000,1.0000,1.0000,1.0000,1.0000,1.0000,-13.7153,-38.1138,"7.330:0.000:18.000",0.1175,"A1 actors are outside the blind-corner conflict zone"
33.6204,1,91,289,1.0000,1.0000,1.0000,1.0000,1.0000,1.0000,-13.7383,-38.2304,"7.379:0.000:18.000",0.0000,"A1 actors are outside the blind-corner conflict zone"
33.7481,1,91,290,1.0000,1.0000,1.0000,1.0000,1.0000,1.0000,-13.7528,-38.3513,"7.429:0.000:18.000",0.0000,"A1 actors are outside the blind-corner conflict zone"
33.8811,1,91,291,1.0000,1.0000,1.0000,1.0000,1.0000,1.0000,-13.7640,-38.4733,"7.481:0.000:18.000",0.1330,"A1 actors are outside the blind-corner conflict zone"
34.0015,1,91,292,1.0000,1.0000,1.0000,1.0000,1.0000,1.0000,-13.7700,-38.6076,"7.528:0.000:18.000",0.0000,"A1 actors are outside the blind-corner conflict zone"
34.1159,1,91,293,1.0000,1.0000,1.0000,1.0000,1.0000,1.0000,-13.7575,-38.7347,"7.572:0.000:18.000",0.1143,"A1 actors are outside the blind-corner conflict zone"
34.2311,1,91,294,1.0000,1.0000,1.0000,1.0000,1.0000,1.0000,-13.7293,-38.8535,"7.617:0.000:18.000",0.0000,"A1 actors are outside the blind-corner conflict zone"
34.3531,1,91,295,1.0000,1.0000,1.0000,1.0000,1.0000,1.0000,-13.6836,-38.9843,"7.665:0.000:18.000",0.0000,"A1 actors are outside the blind-corner conflict zone"
34.4704,1,91,296,1.0000,1.0000,1.0000,1.0000,1.0000,1.0000,-13.6472,-39.0843,"7.711:0.000:18.000",0.1173,"A1 actors are outside the blind-corner conflict zone"
34.5969,1,91,297,1.0000,1.0000,1.0000,1.0000,1.0000,1.0000,-13.5961,-39.2067,"7.760:0.000:18.000",0.2438,"A1 actors are outside the blind-corner conflict zone"
34.7121,1,91,298,1.0000,1.0000,1.0000,1.0000,1.0000,1.0000,-13.5364,-39.3112,"7.805:0.000:18.000",0.0000,"A1 actors are outside the blind-corner conflict zone"
34.8282,1,91,299,1.0000,1.0000,1.0000,1.0000,1.0000,1.0000,-13.4693,-39.4100,"7.850:0.000:18.000",0.0000,"A1 actors are outside the blind-corner conflict zone"
34.9436,1,91,300,1.0000,1.0000,1.0000,1.0000,1.0000,1.0000,-13.3935,-39.5116,"7.895:0.000:18.000",0.0000,"A1 actors are outside the blind-corner conflict zone"
35.0597,1,91,301,1.0000,1.0000,1.0000,1.0000,1.0000,1.0000,-13.3080,-39.5968,"7.940:0.000:18.000",0.0000,"A1 actors are outside the blind-corner conflict zone"
35.1953,1,91,302,1.0000,1.0000,1.0000,1.0000,1.0000,1.0000,-13.2120,-39.6670,"7.993:0.000:18.000",0.0000,"A1 actors are outside the blind-corner conflict zone"
35.3337,1,91,303,1.0000,1.0000,1.0000,1.0000,1.0000,1.0000,-13.1002,-39.7531,"8.047:0.000:18.000",0.0000,"A1 actors are outside the blind-corner conflict zone"
35.4651,1,91,304,1.0000,1.0000,1.0000,1.0000,1.0000,1.0000,-12.9718,-39.8509,"8.099:0.000:18.000",0.0000,"A1 actors are outside the blind-corner conflict zone"
35.5869,1,91,305,1.0000,1.0000,1.0000,1.0000,1.0000,1.0000,-12.8528,-39.9328,"8.146:0.000:18.000",0.0000,"A1 actors are outside the blind-corner conflict zone"
35.6905,1,91,306,1.0000,1.0000,1.0000,1.0000,1.0000,1.0000,-12.7336,-40.0021,"8.186:0.000:18.000",0.1036,"A1 actors are outside the blind-corner conflict zone"
35.7923,1,91,307,1.0000,1.0000,1.0000,1.0000,1.0000,1.0000,-12.6331,-40.0544,"8.226:0.000:18.000",0.2053,"A1 actors are outside the blind-corner conflict zone"
35.8993,1,91,308,1.0000,1.0000,1.0000,1.0000,1.0000,1.0000,-12.5313,-40.1115,"8.268:0.000:18.000",0.0000,"A1 actors are outside the blind-corner conflict zone"
36.0335,1,91,309,1.0000,1.0000,1.0000,1.0000,1.0000,1.0000,-12.4112,-40.1764,"8.320:0.000:18.000",0.0000,"A1 actors are outside the blind-corner conflict zone"
36.1639,1,91,310,1.0000,1.0000,1.0000,1.0000,1.0000,1.0000,-12.2944,-40.2263,"8.371:0.000:18.000",0.0000,"A1 actors are outside the blind-corner conflict zone"
36.2767,1,91,311,1.0000,1.0000,1.0000,1.0000,1.0000,1.0000,-12.1763,-40.2814,"8.415:0.000:18.000",0.0000,"A1 actors are outside the blind-corner conflict zone"
36.3877,1,91,312,1.0000,1.0000,1.0000,1.0000,1.0000,1.0000,-12.0762,-40.3364,"8.458:0.000:18.000",0.0000,"A1 actors are outside the blind-corner conflict zone"
36.5174,1,91,313,1.0000,1.0000,1.0000,1.0000,1.0000,1.0000,-11.9485,-40.4095,"8.509:0.000:18.000",0.0000,"A1 actors are outside the blind-corner conflict zone"
36.6487,1,91,314,1.0000,1.0000,1.0000,1.0000,1.0000,1.0000,-11.8088,-40.4993,"8.560:0.000:18.000",0.1313,"A1 actors are outside the blind-corner conflict zone"
36.7614,1,91,315,1.0000,1.0000,1.0000,1.0000,1.0000,1.0000,-11.6991,-40.5695,"8.604:0.000:18.000",0.0000,"A1 actors are outside the blind-corner conflict zone"
36.8775,1,91,316,1.0000,1.0000,1.0000,1.0000,1.0000,1.0000,-11.5714,-40.6457,"8.649:0.000:18.000",0.0000,"A1 actors are outside the blind-corner conflict zone"
37.0092,1,91,317,1.0000,1.0000,1.0000,1.0000,1.0000,1.0000,-11.4283,-40.7443,"8.701:0.000:18.000",0.0000,"A1 actors are outside the blind-corner conflict zone"
37.1402,1,91,318,1.0000,1.0000,1.0000,1.0000,1.0000,1.0000,-11.3060,-40.8359,"8.752:0.000:18.000",0.1310,"A1 actors are outside the blind-corner conflict zone"
37.2700,1,91,319,1.0000,1.0000,1.0000,1.0000,1.0000,1.0000,-11.1873,-40.9323,"8.802:0.000:18.000",0.0000,"A1 actors are outside the blind-corner conflict zone"
37.4011,1,91,320,1.0000,1.0000,1.0000,1.0000,1.0000,1.0000,-11.0771,-41.0417,"8.854:0.000:18.000",0.1311,"A1 actors are outside the blind-corner conflict zone"
37.5402,1,91,321,1.0000,1.0000,1.0000,1.0000,1.0000,1.0000,-10.9615,-41.1527,"8.908:0.000:18.000",0.0000,"A1 actors are outside the blind-corner conflict zone"
37.6572,1,91,322,1.0000,1.0000,1.0000,1.0000,1.0000,1.0000,-10.8686,-41.2505,"8.953:0.000:18.000",0.1170,"A1 actors are outside the blind-corner conflict zone"
37.7998,1,91,323,1.0000,1.0000,1.0000,1.0000,1.0000,1.0000,-10.7476,-41.3834,"9.009:0.000:18.000",0.2596,"A1 actors are outside the blind-corner conflict zone"
37.9489,1,91,324,1.0000,1.0000,1.0000,1.0000,1.0000,1.0000,-10.6380,-41.4949,"9.067:0.000:18.000",0.0000,"A1 actors are outside the blind-corner conflict zone"
38.0505,1,91,325,1.0000,1.0000,1.0000,1.0000,1.0000,1.0000,-10.5513,-41.5766,"9.107:0.000:18.000",0.1016,"A1 actors are outside the blind-corner conflict zone"
38.1747,1,91,326,1.0000,1.0000,1.0000,1.0000,1.0000,1.0000,-10.4375,-41.6747,"9.155:0.000:18.000",0.2258,"A1 actors are outside the blind-corner conflict zone"
38.3240,1,91,327,1.0000,1.0000,1.0000,1.0000,1.0000,1.0000,-10.2843,-41.7853,"9.214:0.000:18.000",0.0000,"A1 actors are outside the blind-corner conflict zone"
38.4585,1,91,328,1.0000,1.0000,1.0000,1.0000,1.0000,1.0000,-10.1583,-41.8726,"9.266:0.000:18.000",0.0000,"A1 actors are outside the blind-corner conflict zone"
38.5921,1,91,329,1.0000,1.0000,1.0000,1.0000,1.0000,1.0000,-10.0365,-41.9548,"9.318:0.000:18.000",0.1336,"A1 actors are outside the blind-corner conflict zone"
38.7320,1,91,330,1.0000,1.0000,1.0000,1.0000,1.0000,1.0000,-9.9189,-42.0222,"9.373:0.000:18.000",0.0000,"A1 actors are outside the blind-corner conflict zone"
38.8716,1,91,331,1.0000,1.0000,1.0000,1.0000,1.0000,1.0000,-9.7667,-42.1021,"9.427:0.000:18.000",0.1396,"A1 actors are outside the blind-corner conflict zone"
39.0115,1,91,332,1.0000,1.0000,1.0000,1.0000,1.0000,1.0000,-9.6200,-42.1791,"9.482:0.000:18.000",0.0000,"A1 actors are outside the blind-corner conflict zone"
39.1481,1,91,333,1.0000,1.0000,1.0000,1.0000,1.0000,1.0000,-9.4833,-42.2553,"9.535:0.000:18.000",0.1366,"A1 actors are outside the blind-corner conflict zone"
39.2857,1,91,334,1.0000,1.0000,1.0000,1.0000,1.0000,1.0000,-9.3513,-42.3361,"9.589:0.000:18.000",0.0000,"A1 actors are outside the blind-corner conflict zone"
39.4286,1,91,335,1.0000,1.0000,1.0000,1.0000,1.0000,1.0000,-9.2030,-42.4233,"9.644:0.000:18.000",0.1429,"A1 actors are outside the blind-corner conflict zone"
39.5651,1,91,336,1.0000,1.0000,1.0000,1.0000,1.0000,1.0000,-9.0428,-42.5038,"9.698:0.000:18.000",0.2794,"A1 actors are outside the blind-corner conflict zone"
39.7044,1,91,337,1.0000,1.0000,1.0000,1.0000,1.0000,1.0000,-8.9146,-42.5722,"9.752:0.000:18.000",0.4187,"A1 actors are outside the blind-corner conflict zone"
39.8134,1,91,338,1.0000,1.0000,1.0000,1.0000,1.0000,1.0000,-8.7990,-42.6352,"9.794:0.000:18.000",0.0000,"A1 actors are outside the blind-corner conflict zone"
39.9254,1,91,339,1.0000,1.0000,1.0000,1.0000,1.0000,1.0000,-8.6730,-42.6995,"9.838:0.000:18.000",0.0000,"A1 actors are outside the blind-corner conflict zone"
40.0382,1,91,340,1.0000,1.0000,1.0000,1.0000,1.0000,1.0000,-8.5498,-42.7530,"9.882:0.000:18.000",0.0000,"A1 actors are outside the blind-corner conflict zone"
40.1512,1,91,341,1.0000,1.0000,1.0000,1.0000,1.0000,1.0000,-8.4115,-42.8185,"9.926:0.000:18.000",0.1130,"A1 actors are outside the blind-corner conflict zone"
40.2625,1,91,342,1.0000,1.0000,1.0000,1.0000,1.0000,1.0000,-8.3070,-42.8746,"9.970:0.000:18.000",0.0000,"A1 actors are outside the blind-corner conflict zone"
40.3796,1,91,343,1.0000,1.0000,1.0000,1.0000,1.0000,1.0000,-8.1860,-42.9305,"10.015:0.000:18.000",0.1170,"A1 actors are outside the blind-corner conflict zone"
40.4953,1,91,344,1.0000,1.0000,1.0000,1.0000,1.0000,1.0000,-8.0725,-42.9850,"10.060:0.000:18.000",0.0000,"A1 actors are outside the blind-corner conflict zone"
40.6275,1,91,345,1.0000,1.0000,1.0000,1.0000,1.0000,1.0000,-7.9538,-43.0553,"10.112:0.000:18.000",0.1322,"A1 actors are outside the blind-corner conflict zone"
40.7486,1,91,346,1.0000,1.0000,1.0000,1.0000,1.0000,1.0000,-7.8603,-43.1128,"10.159:0.000:18.000",0.0000,"A1 actors are outside the blind-corner conflict zone"
40.8652,1,91,347,1.0000,1.0000,1.0000,1.0000,1.0000,1.0000,-7.7660,-43.1760,"10.205:0.000:18.000",0.1166,"A1 actors are outside the blind-corner conflict zone"
40.9978,1,91,348,1.0000,1.0000,1.0000,1.0000,1.0000,1.0000,-7.6688,-43.2527,"10.256:0.000:18.000",0.0000,"A1 actors are outside the blind-corner conflict zone"
41.1371,1,91,349,1.0000,1.0000,1.0000,1.0000,1.0000,1.0000,-7.5866,-43.3389,"10.311:0.000:18.000",0.0000,"A1 actors are outside the blind-corner conflict zone"
41.2701,1,91,350,1.0000,1.0000,1.0000,1.0000,1.0000,1.0000,-7.4845,-43.4592,"10.363:0.000:18.000",0.0000,"A1 actors are outside the blind-corner conflict zone"
41.3805,1,91,351,1.0000,1.0000,1.0000,1.0000,1.0000,1.0000,-7.4242,-43.5346,"10.406:0.000:18.000",0.1104,"A1 actors are outside the blind-corner conflict zone"
41.4963,1,91,352,1.0000,1.0000,1.0000,1.0000,1.0000,1.0000,-7.3599,-43.6335,"10.451:0.000:18.000",0.0000,"A1 actors are outside the blind-corner conflict zone"
41.6041,1,91,353,1.0000,1.0000,1.0000,1.0000,1.0000,1.0000,-7.3196,-43.7091,"10.493:0.000:18.000",0.1079,"A1 actors are outside the blind-corner conflict zone"
41.7113,1,91,354,1.0000,1.0000,1.0000,1.0000,1.0000,1.0000,-7.2759,-43.8082,"10.535:0.000:18.000",0.0000,"A1 actors are outside the blind-corner conflict zone"
41.8246,1,91,355,1.0000,1.0000,1.0000,1.0000,1.0000,1.0000,-7.2400,-43.8895,"10.579:0.000:18.000",0.0000,"A1 actors are outside the blind-corner conflict zone"
41.9491,1,91,356,1.0000,1.0000,1.0000,1.0000,1.0000,1.0000,-7.2060,-44.0176,"10.627:0.000:18.000",0.0000,"A1 actors are outside the blind-corner conflict zone"
42.0690,1,91,357,1.0000,1.0000,1.0000,1.0000,1.0000,1.0000,-7.1685,-44.1524,"10.674:0.000:18.000",0.0000,"A1 actors are outside the blind-corner conflict zone"
42.1823,1,91,358,1.0000,1.0000,1.0000,1.0000,1.0000,1.0000,-7.1299,-44.2777,"10.718:0.000:18.000",0.0000,"A1 actors are outside the blind-corner conflict zone"
42.2982,1,91,359,1.0000,1.0000,1.0000,1.0000,1.0000,1.0000,-7.1049,-44.4256,"10.763:0.000:18.000",0.0000,"A1 actors are outside the blind-corner conflict zone"
42.4093,1,91,360,1.0000,1.0000,1.0000,1.0000,1.0000,1.0000,-7.0940,-44.5619,"10.807:0.000:18.000",0.1111,"A1 actors are outside the blind-corner conflict zone"
42.5170,1,91,361,1.0000,1.0000,1.0000,1.0000,1.0000,1.0000,-7.0958,-44.6986,"10.849:0.000:18.000",0.2188,"A1 actors are outside the blind-corner conflict zone"
42.6214,1,91,362,1.0000,1.0000,1.0000,1.0000,1.0000,1.0000,-7.1005,-44.8357,"10.890:0.000:18.000",0.3232,"A1 actors are outside the blind-corner conflict zone"
42.7239,1,91,363,1.0000,1.0000,1.0000,1.0000,1.0000,1.0000,-7.0962,-44.9378,"10.929:0.000:18.000",0.0000,"A1 actors are outside the blind-corner conflict zone"
42.8562,1,91,364,1.0000,1.0000,1.0000,1.0000,1.0000,1.0000,-7.1019,-45.0768,"10.981:0.000:18.000",0.0000,"A1 actors are outside the blind-corner conflict zone"
42.9591,1,91,365,1.0000,1.0000,1.0000,1.0000,1.0000,1.0000,-7.1140,-45.2006,"11.021:0.000:18.000",0.0000,"A1 actors are outside the blind-corner conflict zone"
43.0597,1,91,366,1.0000,1.0000,1.0000,1.0000,1.0000,1.0000,-7.1413,-45.3238,"11.060:0.000:18.000",0.1006,"A1 actors are outside the blind-corner conflict zone"
43.1604,1,91,367,1.0000,1.0000,1.0000,1.0000,1.0000,1.0000,-7.1688,-45.4366,"11.100:0.000:18.000",0.2013,"A1 actors are outside the blind-corner conflict zone"
43.2634,1,91,368,1.0000,1.0000,1.0000,1.0000,1.0000,1.0000,-7.2004,-45.5542,"11.140:0.000:18.000",0.0000,"A1 actors are outside the blind-corner conflict zone"
43.3813,1,91,369,1.0000,1.0000,1.0000,1.0000,1.0000,1.0000,-7.2372,-45.6812,"11.186:0.000:18.000",0.1179,"A1 actors are outside the blind-corner conflict zone"
43.4606,1,91,370,1.0000,1.0000,1.0000,1.0000,1.0000,1.0000,-7.2687,-45.8037,"11.231:0.000:18.000",0.0000,"A1 actors are outside the blind-corner conflict zone"
0.1396,1,92,1,1.0000,1.0000,1.0000,1.0000,1.0000,1.0000,-23.9969,-17.1327,"15.757:0.000:18.000",0.0000,"A1 actors are outside the blind-corner conflict zone"
0.2606,1,92,2,1.0000,1.0000,1.0000,1.0000,1.0000,1.0000,-23.9962,-17.1126,"15.710:0.000:18.000",0.1209,"A1 actors are outside the blind-corner conflict zone"
0.3647,1,92,3,1.0000,1.0000,1.0000,1.0000,1.0000,1.0000,-23.9945,-17.0811,"15.669:0.000:18.000",0.2251,"A1 actors are outside the blind-corner conflict zone"
0.4812,1,92,4,1.0000,1.0000,1.0000,1.0000,1.0000,1.0000,-23.9899,-17.0350,"15.624:0.000:18.000",0.3416,"A1 actors are outside the blind-corner conflict zone"
0.6151,1,92,5,1.0000,1.0000,1.0000,1.0000,1.0000,1.0000,-23.9794,-16.9715,"15.572:0.000:18.000",0.4755,"A1 actors are outside the blind-corner conflict zone"
0.7300,1,92,6,1.0000,1.0000,1.0000,1.0000,1.0000,1.0000,-23.9561,-16.8836,"15.527:0.000:18.000",0.0000,"A1 actors are outside the blind-corner conflict zone"
0.8527,1,92,7,1.0000,1.0000,1.0000,1.0000,1.0000,1.0000,-23.9327,-16.8026,"15.479:0.000:18.000",0.1228,"A1 actors are outside the blind-corner conflict zone"
0.9709,1,92,8,1.0000,1.0000,1.0000,1.0000,1.0000,1.0000,-23.9136,-16.6959,"15.433:0.000:18.000",0.2409,"A1 actors are outside the blind-corner conflict zone"
1.0844,1,92,9,1.0000,1.0000,1.0000,1.0000,1.0000,1.0000,-23.8974,-16.5971,"15.389:0.000:18.000",0.3544,"A1 actors are outside the blind-corner conflict zone"
1.1880,1,92,10,1.0000,1.0000,1.0000,1.0000,1.0000,1.0000,-23.8797,-16.5044,"15.348:0.000:18.000",0.0000,"A1 actors are outside the blind-corner conflict zone"
1.2913,1,92,11,1.0000,1.0000,1.0000,1.0000,1.0000,1.0000,-23.8407,-16.3621,"15.308:0.000:18.000",0.0000,"A1 actors are outside the blind-corner conflict zone"
1.3920,1,92,12,1.0000,1.0000,1.0000,1.0000,1.0000,1.0000,-23.8071,-16.2648,"15.269:0.000:18.000",0.0000,"A1 actors are outside the blind-corner conflict zone"
1.4962,1,92,13,1.0000,1.0000,1.0000,1.0000,1.0000,1.0000,-23.7551,-16.1083,"15.228:0.000:18.000",0.0000,"A1 actors are outside the blind-corner conflict zone"
1.6004,1,92,14,1.0000,1.0000,1.0000,1.0000,1.0000,1.0000,-23.7101,-15.9972,"15.187:0.000:18.000",0.1042,"A1 actors are outside the blind-corner conflict zone"
1.7040,1,92,15,1.0000,1.0000,1.0000,1.0000,1.0000,1.0000,-23.6413,-15.8205,"15.147:0.000:18.000",0.2078,"A1 actors are outside the blind-corner conflict zone"
1.8069,1,92,16,1.0000,1.0000,1.0000,1.0000,1.0000,1.0000,-23.5831,-15.6770,"15.107:0.000:18.000",0.3107,"A1 actors are outside the blind-corner conflict zone"
1.9089,1,92,17,1.0000,1.0000,1.0000,1.0000,1.0000,1.0000,-23.5219,-15.5140,"15.067:0.000:18.000",0.0000,"A1 actors are outside the blind-corner conflict zone"
2.0153,1,92,18,1.0000,1.0000,1.0000,0.2000,1.0000,0.8800,-23.4739,-15.3652,"15.026:0.000:18.000",0.0000,"A1 actors are outside the blind-corner conflict zone"
2.1156,1,92,19,1.0000,1.0000,1.0000,1.0000,1.0000,1.0000,-23.5104,-15.2755,"14.986:0.000:18.000",0.0000,"A1 actors are outside the blind-corner conflict zone"
2.2176,1,92,20,1.0000,1.0000,1.0000,1.0000,1.0000,1.0000,-23.5622,-15.2273,"14.947:0.000:18.000",0.0000,"A1 actors are outside the blind-corner conflict zone"
2.3217,1,92,21,1.0000,1.0000,1.0000,1.0000,1.0000,1.0000,-23.6349,-15.2019,"14.906:0.000:18.000",0.0000,"A1 actors are outside the blind-corner conflict zone"
2.4220,1,92,22,1.0000,1.0000,1.0000,1.0000,1.0000,1.0000,-23.6892,-15.1960,"14.867:0.000:18.000",0.1003,"A1 actors are outside the blind-corner conflict zone"
2.5250,1,92,23,1.0000,1.0000,1.0000,1.0000,1.0000,1.0000,-23.7117,-15.1941,"14.827:0.000:18.000",0.0000,"A1 actors are outside the blind-corner conflict zone"
2.6279,1,92,24,1.0000,1.0000,1.0000,1.0000,1.0000,1.0000,-23.7261,-15.1877,"14.787:0.000:18.000",0.0000,"A1 actors are outside the blind-corner conflict zone"
2.7334,1,92,25,1.0000,1.0000,1.0000,1.0000,1.0000,1.0000,-23.7219,-15.1898,"14.745:0.000:18.000",0.1054,"A1 actors are outside the blind-corner conflict zone"
2.8338,1,92,26,1.0000,1.0000,1.0000,1.0000,1.0000,1.0000,-23.7308,-15.1846,"14.706:0.000:18.000",0.0000,"A1 actors are outside the blind-corner conflict zone"
2.9376,1,92,27,1.0000,1.0000,1.0000,1.0000,1.0000,1.0000,-23.7055,-15.2026,"14.666:0.000:18.000",0.1039,"A1 actors are outside the blind-corner conflict zone"
3.0379,1,92,28,1.0000,1.0000,1.0000,1.0000,1.0000,1.0000,-23.7101,-15.1995,"14.627:0.000:18.000",0.2041,"A1 actors are outside the blind-corner conflict zone"
3.1394,1,92,29,1.0000,1.0000,1.0000,1.0000,1.0000,1.0000,-23.7020,-15.2075,"14.587:0.000:18.000",0.0000,"A1 actors are outside the blind-corner conflict zone"
3.2401,1,92,30,1.0000,1.0000,1.0000,1.0000,1.0000,1.0000,-23.7038,-15.2054,"14.548:0.000:18.000",0.1007,"A1 actors are outside the blind-corner conflict zone"
3.3422,1,92,31,1.0000,1.0000,1.0000,1.0000,1.0000,1.0000,-23.7069,-15.2011,"14.508:0.000:18.000",0.2028,"A1 actors are outside the blind-corner conflict zone"
3.4482,1,92,32,1.0000,1.0000,1.0000,1.0000,1.0000,1.0000,-23.7112,-15.1939,"14.467:0.000:18.000",0.0000,"A1 actors are outside the blind-corner conflict zone"
3.5522,1,92,33,1.0000,1.0000,1.0000,1.0000,1.0000,1.0000,-23.7146,-15.1884,"14.426:0.000:18.000",0.0000,"A1 actors are outside the blind-corner conflict zone"
3.6533,1,92,34,1.0000,1.0000,1.0000,1.0000,1.0000,1.0000,-23.7138,-15.1894,"14.387:0.000:18.000",0.1011,"A1 actors are outside the blind-corner conflict zone"
3.7587,1,92,35,1.0000,1.0000,1.0000,1.0000,1.0000,1.0000,-23.7246,-15.1725,"14.346:0.000:18.000",0.0000,"A1 actors are outside the blind-corner conflict zone"
3.8629,1,92,36,1.0000,1.0000,1.0000,1.0000,1.0000,1.0000,-23.7312,-15.1619,"14.305:0.000:18.000",0.1042,"A1 actors are outside the blind-corner conflict zone"
3.9668,1,92,37,1.0000,1.0000,1.0000,1.0000,1.0000,1.0000,-23.7192,-15.1842,"14.264:0.000:18.000",0.0000,"A1 actors are outside the blind-corner conflict zone"
4.0675,1,92,38,1.0000,1.0000,1.0000,1.0000,1.0000,1.0000,-23.7213,-15.1777,"14.225:0.000:18.000",0.0000,"A1 actors are outside the blind-corner conflict zone"
4.1756,1,92,39,1.0000,1.0000,1.0000,1.0000,1.0000,1.0000,-23.7256,-15.1684,"14.183:0.000:18.000",0.0000,"A1 actors are outside the blind-corner conflict zone"
4.2760,1,92,40,1.0000,1.0000,1.0000,1.0000,1.0000,1.0000,-23.7289,-15.1611,"14.144:0.000:18.000",0.0000,"A1 actors are outside the blind-corner conflict zone"
4.3829,1,92,41,1.0000,1.0000,1.0000,1.0000,1.0000,1.0000,-23.7250,-15.1756,"14.102:0.000:18.000",0.0000,"A1 actors are outside the blind-corner conflict zone"
4.5773,1,92,42,1.0000,1.0000,1.0000,1.0000,1.0000,1.0000,-23.7237,-15.1803,"14.026:0.000:18.000",0.0000,"A1 actors are outside the blind-corner conflict zone"
4.6990,1,92,43,1.0000,1.0000,1.0000,1.0000,1.0000,1.0000,-23.7234,-15.1814,"13.979:0.000:18.000",0.0000,"A1 actors are outside the blind-corner conflict zone"
4.8188,1,92,44,1.0000,1.0000,1.0000,1.0000,1.0000,1.0000,-23.7222,-15.1855,"13.932:0.000:18.000",0.0000,"A1 actors are outside the blind-corner conflict zone"
4.9236,1,92,45,1.0000,1.0000,1.0000,1.0000,1.0000,1.0000,-23.7218,-15.1854,"13.891:0.000:18.000",0.1048,"A1 actors are outside the blind-corner conflict zone"
5.0309,1,92,46,1.0000,1.0000,1.0000,1.0000,1.0000,1.0000,-23.7215,-15.1882,"13.849:0.000:18.000",0.2121,"A1 actors are outside the blind-corner conflict zone"
5.1365,1,92,47,1.0000,1.0000,1.0000,1.0000,1.0000,1.0000,-23.7214,-15.1869,"13.808:0.000:18.000",0.0000,"A1 actors are outside the blind-corner conflict zone"
5.2470,1,92,48,1.0000,1.0000,1.0000,1.0000,1.0000,1.0000,-23.7233,-15.1696,"13.765:0.000:18.000",0.1106,"A1 actors are outside the blind-corner conflict zone"
5.3478,1,92,49,1.0000,1.0000,1.0000,1.0000,1.0000,1.0000,-23.7249,-15.1633,"13.726:0.000:18.000",0.0000,"A1 actors are outside the blind-corner conflict zone"
5.4529,1,92,50,1.0000,1.0000,1.0000,1.0000,1.0000,1.0000,-23.7236,-15.1753,"13.685:0.000:18.000",0.0000,"A1 actors are outside the blind-corner conflict zone"
5.5559,1,92,51,1.0000,1.0000,1.0000,1.0000,1.0000,1.0000,-23.7242,-15.1732,"13.645:0.000:18.000",0.0000,"A1 actors are outside the blind-corner conflict zone"
5.6598,1,92,52,1.0000,1.0000,1.0000,1.0000,1.0000,1.0000,-23.7247,-15.1980,"13.604:0.000:18.000",0.0000,"A1 actors are outside the blind-corner conflict zone"
5.7625,1,92,53,1.0000,1.0000,1.0000,1.0000,1.0000,1.0000,-23.7257,-15.1985,"13.564:0.000:18.000",0.1026,"A1 actors are outside the blind-corner conflict zone"
5.8647,1,92,54,1.0000,1.0000,1.0000,1.0000,1.0000,1.0000,-23.7274,-15.1879,"13.524:0.000:18.000",0.2048,"A1 actors are outside the blind-corner conflict zone"
5.9694,1,92,55,1.0000,1.0000,1.0000,1.0000,1.0000,1.0000,-23.7299,-15.1770,"13.483:0.000:18.000",0.0000,"A1 actors are outside the blind-corner conflict zone"
6.0724,1,92,56,1.0000,1.0000,1.0000,1.0000,1.0000,1.0000,-23.7297,-15.1758,"13.443:0.000:18.000",0.0000,"A1 actors are outside the blind-corner conflict zone"
6.1779,1,92,57,1.0000,1.0000,1.0000,1.0000,1.0000,1.0000,-23.7319,-15.1608,"13.402:0.000:18.000",0.1056,"A1 actors are outside the blind-corner conflict zone"
6.2822,1,92,58,1.0000,1.0000,1.0000,1.0000,1.0000,1.0000,-23.7317,-15.1593,"13.361:0.000:18.000",0.0000,"A1 actors are outside the blind-corner conflict zone"
6.3838,1,92,59,1.0000,1.0000,1.0000,1.0000,1.0000,1.0000,-23.7350,-15.1475,"13.322:0.000:18.000",0.1016,"A1 actors are outside the blind-corner conflict zone"
6.4877,1,92,60,1.0000,1.0000,1.0000,1.0000,1.0000,1.0000,-23.7326,-15.1540,"13.281:0.000:18.000",0.0000,"A1 actors are outside the blind-corner conflict zone"
6.5958,1,92,61,1.0000,1.0000,1.0000,1.0000,1.0000,1.0000,-23.7303,-15.1608,"13.239:0.000:18.000",0.0000,"A1 actors are outside the blind-corner conflict zone"
6.6963,1,92,62,1.0000,1.0000,1.0000,1.0000,1.0000,1.0000,-23.7331,-15.1488,"13.200:0.000:18.000",0.0000,"A1 actors are outside the blind-corner conflict zone"
6.7996,1,92,63,1.0000,1.0000,1.0000,1.0000,1.0000,1.0000,-23.7280,-15.1650,"13.160:0.000:18.000",0.1033,"A1 actors are outside the blind-corner conflict zone"
6.9119,1,92,64,1.0000,1.0000,1.0000,1.0000,1.0000,1.0000,-23.7232,-15.1808,"13.116:0.000:18.000",0.2156,"A1 actors are outside the blind-corner conflict zone"
7.0192,1,92,65,1.0000,1.0000,1.0000,1.0000,1.0000,1.0000,-23.7202,-15.1931,"13.074:0.000:18.000",0.0000,"A1 actors are outside the blind-corner conflict zone"
7.1563,1,92,66,1.0000,1.0000,1.0000,1.0000,1.0000,1.0000,-23.7202,-15.1925,"13.021:0.000:18.000",0.0000,"A1 actors are outside the blind-corner conflict zone"
7.2570,1,92,67,1.0000,1.0000,1.0000,1.0000,1.0000,1.0000,-23.7177,-15.2026,"12.981:0.000:18.000",0.1007,"A1 actors are outside the blind-corner conflict zone"
7.3636,1,92,68,1.0000,1.0000,1.0000,1.0000,1.0000,1.0000,-23.7196,-15.1985,"12.940:0.000:18.000",0.2073,"A1 actors are outside the blind-corner conflict zone"
7.4704,1,92,69,1.0000,1.0000,1.0000,1.0000,1.0000,1.0000,-23.7326,-15.1732,"12.898:0.000:18.000",0.0000,"A1 actors are outside the blind-corner conflict zone"
7.5727,1,92,70,1.0000,1.0000,1.0000,1.0000,1.0000,1.0000,-23.7366,-15.1663,"12.858:0.000:18.000",0.0000,"A1 actors are outside the blind-corner conflict zone"
7.6781,1,92,71,1.0000,1.0000,1.0000,1.0000,1.0000,1.0000,-23.7347,-15.1682,"12.817:0.000:18.000",0.0000,"A1 actors are outside the blind-corner conflict zone"
7.7832,1,92,72,1.0000,1.0000,1.0000,1.0000,1.0000,1.0000,-23.7314,-15.1766,"12.776:0.000:18.000",0.0000,"A1 actors are outside the blind-corner conflict zone"
7.8943,1,92,73,1.0000,1.0000,1.0000,1.0000,1.0000,1.0000,-23.7429,-15.1382,"12.733:0.000:18.000",0.0000,"A1 actors are outside the blind-corner conflict zone"
8.0182,1,92,74,1.0000,1.0000,1.0000,1.0000,1.0000,1.0000,-23.7424,-15.1190,"12.684:0.000:18.000",0.0000,"A1 actors are outside the blind-corner conflict zone"
8.1332,1,92,75,1.0000,1.0000,1.0000,1.0000,1.0000,1.0000,-23.7390,-15.0780,"12.640:0.000:18.000",0.1150,"A1 actors are outside the blind-corner conflict zone"
8.2456,1,92,76,1.0000,1.0000,1.0000,1.0000,1.0000,1.0000,-23.7256,-15.0194,"12.596:0.000:18.000",0.0000,"A1 actors are outside the blind-corner conflict zone"
8.3703,1,92,77,1.0000,1.0000,1.0000,1.0000,1.0000,1.0000,-23.7035,-14.9605,"12.547:0.000:18.000",0.0000,"A1 actors are outside the blind-corner conflict zone"
8.5195,1,92,78,1.0000,1.0000,1.0000,1.0000,1.0000,1.0000,-23.6754,-14.9058,"12.489:0.000:18.000",0.0000,"A1 actors are outside the blind-corner conflict zone"
8.6289,1,92,79,1.0000,1.0000,1.0000,1.0000,1.0000,1.0000,-23.6370,-14.8489,"12.446:0.000:18.000",0.0000,"A1 actors are outside the blind-corner conflict zone"
8.7341,1,92,80,1.0000,1.0000,1.0000,1.0000,1.0000,1.0000,-23.6086,-14.8139,"12.405:0.000:18.000",0.1052,"A1 actors are outside the blind-corner conflict zone"
8.8398,1,92,81,1.0000,1.0000,1.0000,1.0000,1.0000,1.0000,-23.5381,-14.7441,"12.364:0.000:18.000",0.0000,"A1 actors are outside the blind-corner conflict zone"
8.9494,1,92,82,1.0000,1.0000,1.0000,1.0000,1.0000,1.0000,-23.4685,-14.6963,"12.321:0.000:18.000",0.0000,"A1 actors are outside the blind-corner conflict zone"
9.0523,1,92,83,1.0000,1.0000,1.0000,1.0000,1.0000,1.0000,-23.3747,-14.6497,"12.281:0.000:18.000",0.0000,"A1 actors are outside the blind-corner conflict zone"
9.1574,1,92,84,1.0000,1.0000,1.0000,1.0000,1.0000,1.0000,-23.2783,-14.6086,"12.240:0.000:18.000",0.1051,"A1 actors are outside the blind-corner conflict zone"
9.3121,1,92,85,1.0000,1.0000,1.0000,1.0000,1.0000,1.0000,-23.1020,-14.5470,"12.180:0.000:18.000",0.0000,"A1 actors are outside the blind-corner conflict zone"
9.4154,1,92,86,1.0000,1.0000,1.0000,1.0000,1.0000,1.0000,-23.0005,-14.5241,"12.139:0.000:18.000",0.1033,"A1 actors are outside the blind-corner conflict zone"
9.5160,1,92,87,1.0000,1.0000,1.0000,1.0000,1.0000,1.0000,-22.8776,-14.4919,"12.100:0.000:18.000",0.0000,"A1 actors are outside the blind-corner conflict zone"
9.6196,1,92,88,1.0000,1.0000,1.0000,1.0000,1.0000,1.0000,-22.7280,-14.4484,"12.060:0.000:18.000",0.0000,"A1 actors are outside the blind-corner conflict zone"
9.7340,1,92,89,1.0000,1.0000,1.0000,1.0000,1.0000,1.0000,-22.5887,-14.4114,"12.015:0.000:18.000",0.1145,"A1 actors are outside the blind-corner conflict zone"
9.8401,1,92,90,1.0000,1.0000,1.0000,1.0000,1.0000,1.0000,-22.4622,-14.3811,"11.974:0.000:18.000",0.2205,"A1 actors are outside the blind-corner conflict zone"
9.9461,1,92,91,1.0000,1.0000,1.0000,1.0000,1.0000,1.0000,-22.3331,-14.3556,"11.932:0.000:18.000",0.0000,"A1 actors are outside the blind-corner conflict zone"
10.0508,1,92,92,1.0000,1.0000,1.0000,1.0000,1.0000,1.0000,-22.1984,-14.3346,"11.892:0.000:18.000",0.0000,"A1 actors are outside the blind-corner conflict zone"
10.1632,1,92,93,1.0000,1.0000,1.0000,1.0000,1.0000,1.0000,-22.0698,-14.3238,"11.848:0.000:18.000",0.0000,"A1 actors are outside the blind-corner conflict zone"
10.2672,1,92,94,1.0000,1.0000,1.0000,1.0000,1.0000,1.0000,-21.9678,-14.3217,"11.807:0.000:18.000",0.1040,"A1 actors are outside the blind-corner conflict zone"
10.3704,1,92,95,1.0000,1.0000,1.0000,1.0000,1.0000,1.0000,-21.8011,-14.3116,"11.767:0.000:18.000",0.2072,"A1 actors are outside the blind-corner conflict zone"
10.4833,1,92,96,1.0000,1.0000,1.0000,1.0000,1.0000,1.0000,-21.6737,-14.2960,"11.723:0.000:18.000",0.0000,"A1 actors are outside the blind-corner conflict zone"
10.5869,1,92,97,1.0000,1.0000,1.0000,1.0000,1.0000,1.0000,-21.5678,-14.2747,"11.683:0.000:18.000",0.0000,"A1 actors are outside the blind-corner conflict zone"
10.6898,1,92,98,1.0000,1.0000,1.0000,1.0000,1.0000,1.0000,-21.4459,-14.2596,"11.642:0.000:18.000",0.0000,"A1 actors are outside the blind-corner conflict zone"
10.7932,1,92,99,1.0000,1.0000,1.0000,1.0000,1.0000,1.0000,-21.3195,-14.2422,"11.602:0.000:18.000",0.0000,"A1 actors are outside the blind-corner conflict zone"
10.8987,1,92,100,1.0000,1.0000,1.0000,1.0000,1.0000,1.0000,-21.2392,-14.2291,"11.561:0.000:18.000",0.1055,"A1 actors are outside the blind-corner conflict zone"
11.0019,1,92,101,1.0000,1.0000,1.0000,1.0000,1.0000,1.0000,-21.0813,-14.2038,"11.521:0.000:18.000",0.2087,"A1 actors are outside the blind-corner conflict zone"
11.1124,1,92,102,1.0000,1.0000,1.0000,1.0000,1.0000,1.0000,-20.9794,-14.1873,"11.478:0.000:18.000",0.3192,"A1 actors are outside the blind-corner conflict zone"
11.2189,1,92,103,1.0000,1.0000,1.0000,1.0000,1.0000,1.0000,-20.8656,-14.1571,"11.436:0.000:18.000",0.4256,"A1 actors are outside the blind-corner conflict zone"
11.3221,1,92,104,1.0000,1.0000,1.0000,1.0000,1.0000,1.0000,-20.7226,-14.1107,"11.396:0.000:18.000",0.0000,"A1 actors are outside the blind-corner conflict zone"
11.4280,1,92,105,1.0000,1.0000,1.0000,1.0000,1.0000,1.0000,-20.5894,-14.0641,"11.355:0.000:18.000",0.0000,"A1 actors are outside the blind-corner conflict zone"
11.5538,1,92,106,1.0000,1.0000,1.0000,1.0000,1.0000,1.0000,-20.4406,-14.0036,"11.305:0.000:18.000",0.0000,"A1 actors are outside the blind-corner conflict zone"
11.6717,1,92,107,1.0000,1.0000,1.0000,1.0000,1.0000,1.0000,-20.2869,-13.9415,"11.259:0.000:18.000",0.1180,"A1 actors are outside the blind-corner conflict zone"
11.7859,1,92,108,1.0000,1.0000,1.0000,1.0000,1.0000,1.0000,-20.1560,-13.8821,"11.215:0.000:18.000",0.2321,"A1 actors are outside the blind-corner conflict zone"
11.9146,1,92,109,1.0000,1.0000,1.0000,1.0000,1.0000,1.0000,-20.0169,-13.8110,"11.165:0.000:18.000",0.0000,"A1 actors are outside the blind-corner conflict zone"
12.0421,1,92,110,1.0000,1.0000,1.0000,1.0000,1.0000,1.0000,-19.8983,-13.7216,"11.115:0.000:18.000",0.1276,"A1 actors are outside the blind-corner conflict zone"
12.1430,1,92,111,1.0000,1.0000,1.0000,1.0000,1.0000,1.0000,-19.8141,-13.6640,"11.076:0.000:18.000",0.2284,"A1 actors are outside the blind-corner conflict zone"
12.2433,1,92,112,1.0000,1.0000,1.0000,1.0000,1.0000,1.0000,-19.7110,-13.5965,"11.037:0.000:18.000",0.0000,"A1 actors are outside the blind-corner conflict zone"
12.3484,1,92,113,1.0000,1.0000,1.0000,1.0000,1.0000,1.0000,-19.5931,-13.5161,"10.996:0.000:18.000",0.0000,"A1 actors are outside the blind-corner conflict zone"
12.4489,1,92,114,1.0000,1.0000,1.0000,1.0000,1.0000,1.0000,-19.4799,-13.4492,"10.956:0.000:18.000",0.0000,"A1 actors are outside the blind-corner conflict zone"
12.5493,1,92,115,1.0000,1.0000,1.0000,1.0000,1.0000,1.0000,-19.3905,-13.3865,"10.917:0.000:18.000",0.0000,"A1 actors are outside the blind-corner conflict zone"
12.6523,1,92,116,1.0000,1.0000,1.0000,1.0000,1.0000,1.0000,-19.2762,-13.3034,"10.877:0.000:18.000",0.1030,"A1 actors are outside the blind-corner conflict zone"
12.7550,1,92,117,1.0000,1.0000,1.0000,1.0000,1.0000,1.0000,-19.2010,-13.2462,"10.837:0.000:18.000",0.2057,"A1 actors are outside the blind-corner conflict zone"
12.8574,1,92,118,1.0000,1.0000,1.0000,1.0000,1.0000,1.0000,-19.0872,-13.1678,"10.797:0.000:18.000",0.3081,"A1 actors are outside the blind-corner conflict zone"
12.9607,1,92,119,1.0000,1.0000,1.0000,1.0000,1.0000,1.0000,-18.9810,-13.1026,"10.757:0.000:18.000",0.4115,"A1 actors are outside the blind-corner conflict zone"
13.0634,1,92,120,1.0000,1.0000,1.0000,1.0000,1.0000,1.0000,-18.8544,-13.0287,"10.717:0.000:18.000",0.0000,"A1 actors are outside the blind-corner conflict zone"
13.1682,1,92,121,1.0000,1.0000,1.0000,1.0000,1.0000,1.0000,-18.7429,-12.9618,"10.676:0.000:18.000",0.1048,"A1 actors are outside the blind-corner conflict zone"
13.2696,1,92,122,1.0000,1.0000,1.0000,1.0000,1.0000,1.0000,-18.6359,-12.9041,"10.636:0.000:18.000",0.2063,"A1 actors are outside the blind-corner conflict zone"
13.3699,1,92,123,1.0000,1.0000,1.0000,1.0000,1.0000,1.0000,-18.5389,-12.8492,"10.597:0.000:18.000",0.0000,"A1 actors are outside the blind-corner conflict zone"
13.4720,1,92,124,1.0000,1.0000,1.0000,1.0000,1.0000,1.0000,-18.3970,-12.7647,"10.557:0.000:18.000",0.0000,"A1 actors are outside the blind-corner conflict zone"
13.5733,1,92,125,1.0000,1.0000,1.0000,1.0000,1.0000,1.0000,-18.2975,-12.6994,"10.518:0.000:18.000",0.0000,"A1 actors are outside the blind-corner conflict zone"
13.6782,1,92,126,1.0000,1.0000,1.0000,1.0000,1.0000,1.0000,-18.1842,-12.6218,"10.477:0.000:18.000",0.0000,"A1 actors are outside the blind-corner conflict zone"
13.7835,1,92,127,1.0000,1.0000,1.0000,1.0000,1.0000,1.0000,-18.1073,-12.5637,"10.436:0.000:18.000",0.0000,"A1 actors are outside the blind-corner conflict zone"
13.8849,1,92,128,1.0000,1.0000,1.0000,1.0000,1.0000,1.0000,-18.0149,-12.4926,"10.396:0.000:18.000",0.0000,"A1 actors are outside the blind-corner conflict zone"
13.9920,1,92,129,1.0000,1.0000,1.0000,1.0000,1.0000,1.0000,-17.9091,-12.4146,"10.355:0.000:18.000",0.1070,"A1 actors are outside the blind-corner conflict zone"
14.0972,1,92,130,1.0000,1.0000,1.0000,1.0000,1.0000,1.0000,-17.8153,-12.3446,"10.314:0.000:18.000",0.0000,"A1 actors are outside the blind-corner conflict zone"
14.2029,1,92,131,1.0000,1.0000,1.0000,1.0000,1.0000,1.0000,-17.7256,-12.2904,"10.272:0.000:18.000",0.0000,"A1 actors are outside the blind-corner conflict zone"
14.3032,1,92,132,1.0000,1.0000,1.0000,1.0000,1.0000,1.0000,-17.6431,-12.2430,"10.233:0.000:18.000",0.0000,"A1 actors are outside the blind-corner conflict zone"
14.4044,1,92,133,1.0000,1.0000,1.0000,1.0000,1.0000,1.0000,-17.5282,-12.1603,"10.194:0.000:18.000",0.0000,"A1 actors are outside the blind-corner conflict zone"
14.5084,1,92,134,1.0000,1.0000,1.0000,1.0000,1.0000,1.0000,-17.4019,-12.0634,"10.153:0.000:18.000",0.0000,"A1 actors are outside the blind-corner conflict zone"
14.6687,1,92,135,1.0000,1.0000,1.0000,1.0000,1.0000,1.0000,-17.2126,-11.9450,"10.091:0.000:18.000",0.0000,"A1 actors are outside the blind-corner conflict zone"
14.7881,1,92,136,1.0000,1.0000,1.0000,1.0000,1.0000,1.0000,-17.0942,-11.8753,"10.044:0.000:18.000",0.1194,"A1 actors are outside the blind-corner conflict zone"
14.9060,1,92,137,1.0000,1.0000,1.0000,1.0000,1.0000,1.0000,-16.9875,-11.8090,"9.998:0.000:18.000",0.2373,"A1 actors are outside the blind-corner conflict zone"
15.0389,1,92,138,1.0000,1.0000,1.0000,1.0000,1.0000,1.0000,-16.8412,-11.7447,"9.946:0.000:18.000",0.0000,"A1 actors are outside the blind-corner conflict zone"
15.1701,1,92,139,1.0000,1.0000,1.0000,1.0000,1.0000,1.0000,-16.6857,-11.6880,"9.895:0.000:18.000",0.0000,"A1 actors are outside the blind-corner conflict zone"
15.3027,1,92,140,1.0000,1.0000,1.0000,1.0000,1.0000,1.0000,-16.5223,-11.6533,"9.843:0.000:18.000",0.0000,"A1 actors are outside the blind-corner conflict zone"
15.4106,1,92,141,1.0000,1.0000,1.0000,1.0000,1.0000,1.0000,-16.3868,-11.6320,"9.801:0.000:18.000",0.1080,"A1 actors are outside the blind-corner conflict zone"
15.5359,1,92,142,1.0000,1.0000,1.0000,1.0000,1.0000,1.0000,-16.2558,-11.5978,"9.752:0.000:18.000",0.0000,"A1 actors are outside the blind-corner conflict zone"
15.6557,1,92,143,1.0000,1.0000,1.0000,1.0000,1.0000,1.0000,-16.1201,-11.5640,"9.706:0.000:18.000",0.0000,"A1 actors are outside the blind-corner conflict zone"
15.7591,1,92,144,1.0000,1.0000,1.0000,1.0000,1.0000,1.0000,-15.9953,-11.5299,"9.665:0.000:18.000",0.1034,"A1 actors are outside the blind-corner conflict zone"
15.8671,1,92,145,1.0000,1.0000,1.0000,1.0000,1.0000,1.0000,-15.8822,-11.5069,"9.623:0.000:18.000",0.0000,"A1 actors are outside the blind-corner conflict zone"
15.9746,1,92,146,1.0000,1.0000,1.0000,1.0000,1.0000,1.0000,-15.7563,-11.4823,"9.581:0.000:18.000",0.1075,"A1 actors are outside the blind-corner conflict zone"
16.1017,1,92,147,1.0000,1.0000,1.0000,1.0000,1.0000,1.0000,-15.5939,-11.4478,"9.532:0.000:18.000",0.0000,"A1 actors are outside the blind-corner conflict zone"
16.2257,1,92,148,1.0000,1.0000,1.0000,1.0000,1.0000,1.0000,-15.4492,-11.4042,"9.483:0.000:18.000",0.0000,"A1 actors are outside the blind-corner conflict zone"
16.3283,1,92,149,1.0000,1.0000,1.0000,1.0000,1.0000,1.0000,-15.3388,-11.3690,"9.443:0.000:18.000",0.1026,"A1 actors are outside the blind-corner conflict zone"
16.4321,1,92,150,1.0000,1.0000,1.0000,1.0000,1.0000,1.0000,-15.2233,-11.3281,"9.403:0.000:18.000",0.2064,"A1 actors are outside the blind-corner conflict zone"
16.5352,1,92,151,1.0000,1.0000,1.0000,1.0000,1.0000,1.0000,-15.1004,-11.2929,"9.363:0.000:18.000",0.3096,"A1 actors are outside the blind-corner conflict zone"
16.6694,1,92,152,1.0000,1.0000,1.0000,1.0000,1.0000,1.0000,-14.9606,-11.2566,"9.310:0.000:18.000",0.0000,"A1 actors are outside the blind-corner conflict zone"
16.7759,1,92,153,1.0000,1.0000,1.0000,1.0000,1.0000,1.0000,-14.8620,-11.2333,"9.269:0.000:18.000",0.0000,"A1 actors are outside the blind-corner conflict zone"
16.9603,1,92,154,1.0000,1.0000,1.0000,1.0000,1.0000,1.0000,-14.6202,-11.1539,"9.197:0.000:18.000",0.0000,"A1 actors are outside the blind-corner conflict zone"
17.0840,1,92,155,1.0000,1.0000,1.0000,1.0000,1.0000,1.0000,-14.4481,-11.1224,"9.149:0.000:18.000",0.0000,"A1 actors are outside the blind-corner conflict zone"
17.2165,1,92,156,1.0000,1.0000,1.0000,1.0000,1.0000,1.0000,-14.2713,-11.1020,"9.097:0.000:18.000",0.1325,"A1 actors are outside the blind-corner conflict zone"
17.3263,1,92,157,1.0000,1.0000,1.0000,1.0000,1.0000,1.0000,-14.1242,-11.0835,"9.054:0.000:18.000",0.0000,"A1 actors are outside the blind-corner conflict zone"
17.4534,1,92,158,1.0000,1.0000,1.0000,1.0000,1.0000,1.0000,-13.9692,-11.0801,"9.005:0.000:18.000",0.0000,"A1 actors are outside the blind-corner conflict zone"
17.5612,1,92,159,1.0000,1.0000,1.0000,1.0000,1.0000,1.0000,-13.8176,-11.0887,"8.963:0.000:18.000",0.1078,"A1 actors are outside the blind-corner conflict zone"
17.6865,1,92,160,1.0000,1.0000,1.0000,1.0000,1.0000,1.0000,-13.6592,-11.1049,"8.914:0.000:18.000",0.0000,"A1 actors are outside the blind-corner conflict zone"
17.7922,1,92,161,1.0000,1.0000,1.0000,1.0000,1.0000,1.0000,-13.5416,-11.1194,"8.872:0.000:18.000",0.0000,"A1 actors are outside the blind-corner conflict zone"
17.9181,1,92,162,1.0000,1.0000,1.0000,1.0000,1.0000,1.0000,-13.3720,-11.1312,"8.823:0.000:18.000",0.0000,"A1 actors are outside the blind-corner conflict zone"
18.0386,1,92,163,1.0000,1.0000,1.0000,1.0000,1.0000,1.0000,-13.2334,-11.1525,"8.776:0.000:18.000",0.0000,"A1 actors are outside the blind-corner conflict zone"
18.1654,1,92,164,1.0000,1.0000,1.0000,1.0000,1.0000,1.0000,-13.0856,-11.1807,"8.727:0.000:18.000",0.1268,"A1 actors are outside the blind-corner conflict zone"
18.2657,1,92,165,1.0000,1.0000,1.0000,1.0000,1.0000,1.0000,-12.9679,-11.2075,"8.688:0.000:18.000",0.2271,"A1 actors are outside the blind-corner conflict zone"
18.3809,1,92,166,1.0000,1.0000,1.0000,1.0000,1.0000,1.0000,-12.8372,-11.2454,"8.643:0.000:18.000",0.0000,"A1 actors are outside the blind-corner conflict zone"
0.1445,1,93,1,1.0000,1.0000,1.0000,1.0000,1.0000,1.0000,-23.9945,-17.1230,"15.757:0.000:18.000",0.0000,"A1 actors are outside the blind-corner conflict zone"
0.2558,1,93,2,1.0000,1.0000,1.0000,1.0000,1.0000,1.0000,-23.9913,-17.1010,"15.713:0.000:18.000",0.1113,"A1 actors are outside the blind-corner conflict zone"
0.3810,1,93,3,1.0000,1.0000,1.0000,1.0000,1.0000,1.0000,-23.9855,-17.0798,"15.665:0.000:18.000",0.2365,"A1 actors are outside the blind-corner conflict zone"
0.5013,1,93,4,1.0000,1.0000,1.0000,1.0000,1.0000,1.0000,-23.9706,-17.0259,"15.618:0.000:18.000",0.3568,"A1 actors are outside the blind-corner conflict zone"
0.6275,1,93,5,1.0000,1.0000,1.0000,1.0000,1.0000,1.0000,-23.9644,-17.0013,"15.569:0.000:18.000",0.4830,"A1 actors are outside the blind-corner conflict zone"
0.7546,1,93,6,1.0000,1.0000,1.0000,1.0000,1.0000,1.0000,-23.9322,-16.9023,"15.519:0.000:18.000",0.0000,"A1 actors are outside the blind-corner conflict zone"
0.8781,1,93,7,1.0000,1.0000,1.0000,1.0000,1.0000,1.0000,-23.8956,-16.7739,"15.471:0.000:18.000",0.1235,"A1 actors are outside the blind-corner conflict zone"
1.0059,1,93,8,1.0000,1.0000,1.0000,1.0000,1.0000,1.0000,-23.8792,-16.6878,"15.421:0.000:18.000",0.0000,"A1 actors are outside the blind-corner conflict zone"
1.1060,1,93,9,1.0000,1.0000,1.0000,1.0000,1.0000,1.0000,-23.8676,-16.5981,"15.382:0.000:18.000",0.1001,"A1 actors are outside the blind-corner conflict zone"
1.2128,1,93,10,1.0000,1.0000,1.0000,1.0000,1.0000,1.0000,-23.8536,-16.4892,"15.340:0.000:18.000",0.2069,"A1 actors are outside the blind-corner conflict zone"
1.3268,1,93,11,1.0000,1.0000,1.0000,1.0000,1.0000,1.0000,-23.8358,-16.3574,"15.296:0.000:18.000",0.0000,"A1 actors are outside the blind-corner conflict zone"
1.4364,1,93,12,1.0000,1.0000,1.0000,1.0000,1.0000,1.0000,-23.8074,-16.2015,"15.253:0.000:18.000",0.1096,"A1 actors are outside the blind-corner conflict zone"
1.5366,1,93,13,1.0000,1.0000,1.0000,1.0000,1.0000,1.0000,-23.7958,-16.0521,"15.214:0.000:18.000",0.0000,"A1 actors are outside the blind-corner conflict zone"
1.6598,1,93,14,1.0000,1.0000,1.0000,1.0000,1.0000,1.0000,-23.7933,-15.8525,"15.166:0.000:18.000",0.1232,"A1 actors are outside the blind-corner conflict zone"
1.7842,1,93,15,1.0000,1.0000,1.0000,1.0000,1.0000,1.0000,-23.8133,-15.6820,"15.117:0.000:18.000",0.2476,"A1 actors are outside the blind-corner conflict zone"
1.9091,1,93,16,1.0000,1.0000,1.0000,1.0000,1.0000,1.0000,-23.8243,-15.5052,"15.069:0.000:18.000",0.0000,"A1 actors are outside the blind-corner conflict zone"
2.0364,1,93,17,1.0000,1.0000,1.0000,1.0000,1.0000,1.0000,-23.8334,-15.3542,"15.019:0.000:18.000",0.1272,"A1 actors are outside the blind-corner conflict zone"
2.1673,1,93,18,1.0000,1.0000,1.0000,1.0000,1.0000,1.0000,-23.9371,-15.2541,"14.968:0.000:18.000",0.0000,"A1 actors are outside the blind-corner conflict zone"
2.2953,1,93,19,1.0000,1.0000,1.0000,1.0000,1.0000,1.0000,-24.0183,-15.2361,"14.918:0.000:18.000",0.0000,"A1 actors are outside the blind-corner conflict zone"
2.3956,1,93,20,1.0000,1.0000,1.0000,1.0000,1.0000,1.0000,-24.1085,-15.2382,"14.879:0.000:18.000",0.1003,"A1 actors are outside the blind-corner conflict zone"
2.5185,1,93,21,1.0000,1.0000,1.0000,1.0000,1.0000,1.0000,-24.1802,-15.2480,"14.831:0.000:18.000",0.0000,"A1 actors are outside the blind-corner conflict zone"
2.6471,1,93,22,1.0000,1.0000,1.0000,1.0000,1.0000,1.0000,-24.2142,-15.2482,"14.781:0.000:18.000",0.0000,"A1 actors are outside the blind-corner conflict zone"
2.7572,1,93,23,1.0000,1.0000,1.0000,1.0000,1.0000,1.0000,-24.2248,-15.2476,"14.738:0.000:18.000",0.1101,"A1 actors are outside the blind-corner conflict zone"
2.8849,1,93,24,1.0000,1.0000,1.0000,1.0000,1.0000,1.0000,-24.2198,-15.2479,"14.688:0.000:18.000",0.2378,"A1 actors are outside the blind-corner conflict zone"
3.0141,1,93,25,1.0000,1.0000,1.0000,1.0000,1.0000,1.0000,-24.2219,-15.2482,"14.638:0.000:18.000",0.3670,"A1 actors are outside the blind-corner conflict zone"
3.1150,1,93,26,1.0000,1.0000,1.0000,1.0000,1.0000,1.0000,-24.2372,-15.2488,"14.598:0.000:18.000",0.4679,"A1 actors are outside the blind-corner conflict zone"
3.2321,1,93,27,1.0000,1.0000,1.0000,1.0000,1.0000,1.0000,-24.2507,-15.2491,"14.553:0.000:18.000",0.5850,"A1 actors are outside the blind-corner conflict zone"
3.3408,1,93,28,1.0000,1.0000,1.0000,1.0000,1.0000,1.0000,-24.2375,-15.2500,"14.510:0.000:18.000",0.6938,"A1 actors are outside the blind-corner conflict zone"
3.4537,1,93,29,1.0000,1.0000,1.0000,1.0000,1.0000,1.0000,-24.2481,-15.2494,"14.466:0.000:18.000",0.8066,"A1 actors are outside the blind-corner conflict zone"
3.5903,1,93,30,1.0000,1.0000,1.0000,1.0000,1.0000,1.0000,-24.2629,-15.2491,"14.413:0.000:18.000",0.9432,"A1 actors are outside the blind-corner conflict zone"
3.6989,1,93,31,1.0000,1.0000,1.0000,1.0000,1.0000,1.0000,-24.2342,-15.2499,"14.371:0.000:18.000",1.0518,"A1 actors are outside the blind-corner conflict zone"
3.7993,1,93,32,1.0000,1.0000,1.0000,1.0000,1.0000,1.0000,-24.2334,-15.2481,"14.332:0.000:18.000",1.1522,"A1 actors are outside the blind-corner conflict zone"
3.9290,1,93,33,1.0000,1.0000,1.0000,1.0000,1.0000,1.0000,-24.2574,-15.2442,"14.281:0.000:18.000",0.0000,"A1 actors are outside the blind-corner conflict zone"
4.0369,1,93,34,1.0000,1.0000,1.0000,1.0000,1.0000,1.0000,-24.2675,-15.2433,"14.239:0.000:18.000",0.1078,"A1 actors are outside the blind-corner conflict zone"
4.1722,1,93,35,1.0000,1.0000,1.0000,1.0000,1.0000,1.0000,-24.2780,-15.2425,"14.186:0.000:18.000",0.0000,"A1 actors are outside the blind-corner conflict zone"
4.2791,1,93,36,1.0000,1.0000,1.0000,1.0000,1.0000,1.0000,-24.2752,-15.2423,"14.144:0.000:18.000",0.1070,"A1 actors are outside the blind-corner conflict zone"
4.3820,1,93,37,1.0000,1.0000,1.0000,1.0000,1.0000,1.0000,-24.2722,-15.2422,"14.104:0.000:18.000",0.2099,"A1 actors are outside the blind-corner conflict zone"
4.4880,1,93,38,1.0000,1.0000,1.0000,1.0000,1.0000,1.0000,-24.2583,-15.2415,"14.063:0.000:18.000",0.0000,"A1 actors are outside the blind-corner conflict zone"
4.6111,1,93,39,1.0000,1.0000,1.0000,1.0000,1.0000,1.0000,-24.2620,-15.2419,"14.015:0.000:18.000",0.0000,"A1 actors are outside the blind-corner conflict zone"
4.7145,1,93,40,1.0000,1.0000,1.0000,1.0000,1.0000,1.0000,-24.2326,-15.2418,"13.975:0.000:18.000",0.0000,"A1 actors are outside the blind-corner conflict zone"
4.8400,1,93,41,1.0000,1.0000,1.0000,1.0000,1.0000,1.0000,-24.2289,-15.2408,"13.926:0.000:18.000",0.0000,"A1 actors are outside the blind-corner conflict zone"
4.9688,1,93,42,1.0000,1.0000,1.0000,1.0000,1.0000,1.0000,-24.2253,-15.2411,"13.875:0.000:18.000",0.1287,"A1 actors are outside the blind-corner conflict zone"
5.0925,1,93,43,1.0000,1.0000,1.0000,1.0000,1.0000,1.0000,-24.2231,-15.2415,"13.827:0.000:18.000",0.0000,"A1 actors are outside the blind-corner conflict zone"
5.2337,1,93,44,1.0000,1.0000,1.0000,1.0000,1.0000,1.0000,-24.2278,-15.2403,"13.772:0.000:18.000",0.1413,"A1 actors are outside the blind-corner conflict zone"
5.3545,1,93,45,1.0000,1.0000,1.0000,1.0000,1.0000,1.0000,-24.2330,-15.2398,"13.725:0.000:18.000",0.0000,"A1 actors are outside the blind-corner conflict zone"
5.4592,1,93,46,1.0000,1.0000,1.0000,1.0000,1.0000,1.0000,-24.2285,-15.2404,"13.684:0.000:18.000",0.0000,"A1 actors are outside the blind-corner conflict zone"
5.5654,1,93,47,1.0000,1.0000,1.0000,1.0000,1.0000,1.0000,-24.2256,-15.2414,"13.643:0.000:18.000",0.0000,"A1 actors are outside the blind-corner conflict zone"
5.6900,1,93,48,1.0000,1.0000,1.0000,1.0000,1.0000,1.0000,-24.2256,-15.2415,"13.594:0.000:18.000",0.0000,"A1 actors are outside the blind-corner conflict zone"
5.8087,1,93,49,1.0000,1.0000,1.0000,1.0000,1.0000,1.0000,-24.2269,-15.2408,"13.548:0.000:18.000",0.1187,"A1 actors are outside the blind-corner conflict zone"
5.9302,1,93,50,1.0000,1.0000,1.0000,1.0000,1.0000,1.0000,-24.2177,-15.2432,"13.500:0.000:18.000",0.2403,"A1 actors are outside the blind-corner conflict zone"
6.0531,1,93,51,1.0000,1.0000,1.0000,1.0000,1.0000,1.0000,-24.2263,-15.2403,"13.453:0.000:18.000",0.0000,"A1 actors are outside the blind-corner conflict zone"
6.1532,1,93,52,1.0000,1.0000,1.0000,1.0000,1.0000,1.0000,-24.1947,-15.2458,"13.413:0.000:18.000",0.0000,"A1 actors are outside the blind-corner conflict zone"
6.2805,1,93,53,1.0000,1.0000,1.0000,1.0000,1.0000,1.0000,-24.1985,-15.2452,"13.364:0.000:18.000",0.0000,"A1 actors are outside the blind-corner conflict zone"
6.4008,1,93,54,1.0000,1.0000,1.0000,1.0000,1.0000,1.0000,-24.1974,-15.2453,"13.317:0.000:18.000",0.1202,"A1 actors are outside the blind-corner conflict zone"
6.5278,1,93,55,1.0000,1.0000,1.0000,1.0000,1.0000,1.0000,-24.2211,-15.2408,"13.267:0.000:18.000",0.0000,"A1 actors are outside the blind-corner conflict zone"
6.6567,1,93,56,1.0000,1.0000,1.0000,1.0000,1.0000,1.0000,-24.2211,-15.2410,"13.217:0.000:18.000",0.0000,"A1 actors are outside the blind-corner conflict zone"
6.7870,1,93,57,1.0000,1.0000,1.0000,1.0000,1.0000,1.0000,-24.2037,-15.2446,"13.166:0.000:18.000",0.1303,"A1 actors are outside the blind-corner conflict zone"
6.9081,1,93,58,1.0000,1.0000,1.0000,1.0000,1.0000,1.0000,-24.2053,-15.2443,"13.119:0.000:18.000",0.2513,"A1 actors are outside the blind-corner conflict zone"
7.0257,1,93,59,1.0000,1.0000,1.0000,1.0000,1.0000,1.0000,-24.1903,-15.2466,"13.073:0.000:18.000",0.0000,"A1 actors are outside the blind-corner conflict zone"
7.1448,1,93,60,1.0000,1.0000,1.0000,1.0000,1.0000,1.0000,-24.1743,-15.2517,"13.027:0.000:18.000",0.0000,"A1 actors are outside the blind-corner conflict zone"
7.2613,1,93,61,1.0000,1.0000,1.0000,1.0000,1.0000,1.0000,-24.1909,-15.2473,"12.981:0.000:18.000",0.0000,"A1 actors are outside the blind-corner conflict zone"
7.3836,1,93,62,1.0000,1.0000,1.0000,1.0000,1.0000,1.0000,-24.1915,-15.2469,"12.934:0.000:18.000",0.0000,"A1 actors are outside the blind-corner conflict zone"
7.5073,1,93,63,1.0000,1.0000,1.0000,1.0000,1.0000,1.0000,-24.1837,-15.2494,"12.885:0.000:18.000",0.0000,"A1 actors are outside the blind-corner conflict zone"
7.6384,1,93,64,1.0000,1.0000,1.0000,1.0000,1.0000,1.0000,-24.1969,-15.2464,"12.834:0.000:18.000",0.0000,"A1 actors are outside the blind-corner conflict zone"
7.7667,1,93,65,1.0000,1.0000,1.0000,1.0000,1.0000,1.0000,-24.1791,-15.2510,"12.784:0.000:18.000",0.0000,"A1 actors are outside the blind-corner conflict zone"
7.8820,1,93,66,1.0000,1.0000,1.0000,1.0000,1.0000,1.0000,-24.1683,-15.2537,"12.739:0.000:18.000",0.1153,"A1 actors are outside the blind-corner conflict zone"
7.9833,1,93,67,1.0000,1.0000,1.0000,1.0000,1.0000,1.0000,-24.1664,-15.2541,"12.700:0.000:18.000",0.2166,"A1 actors are outside the blind-corner conflict zone"
8.0868,1,93,68,1.0000,1.0000,1.0000,1.0000,1.0000,1.0000,-24.1659,-15.2532,"12.659:0.000:18.000",0.0000,"A1 actors are outside the blind-corner conflict zone"
8.1882,1,93,69,1.0000,1.0000,1.0000,1.0000,1.0000,1.0000,-24.1920,-15.2423,"12.620:0.000:18.000",0.1015,"A1 actors are outside the blind-corner conflict zone"
8.3184,1,93,70,1.0000,1.0000,1.0000,1.0000,1.0000,1.0000,-24.2081,-15.2306,"12.569:0.000:18.000",0.0000,"A1 actors are outside the blind-corner conflict zone"
8.4462,1,93,71,1.0000,1.0000,1.0000,1.0000,1.0000,1.0000,-24.2468,-15.1912,"12.519:0.000:18.000",0.0000,"A1 actors are outside the blind-corner conflict zone"
8.5502,1,93,72,1.0000,1.0000,1.0000,1.0000,1.0000,1.0000,-24.2877,-15.1407,"12.479:0.000:18.000",0.0000,"A1 actors are outside the blind-corner conflict zone"
8.6621,1,93,73,1.0000,1.0000,1.0000,1.0000,1.0000,1.0000,-24.3115,-15.1000,"12.435:0.000:18.000",0.0000,"A1 actors are outside the blind-corner conflict zone"
8.7671,1,93,74,1.0000,1.0000,1.0000,1.0000,1.0000,1.0000,-24.3408,-15.0346,"12.394:0.000:18.000",0.0000,"A1 actors are outside the blind-corner conflict zone"
8.8899,1,93,75,1.0000,1.0000,1.0000,1.0000,1.0000,1.0000,-24.3610,-14.9672,"12.346:0.000:18.000",0.1228,"A1 actors are outside the blind-corner conflict zone"
8.9927,1,93,76,1.0000,1.0000,1.0000,1.0000,1.0000,1.0000,-24.3737,-14.8795,"12.306:0.000:18.000",0.0000,"A1 actors are outside the blind-corner conflict zone"
9.1208,1,93,77,1.0000,1.0000,1.0000,1.0000,1.0000,1.0000,-24.3880,-14.7732,"12.256:0.000:18.000",0.1282,"A1 actors are outside the blind-corner conflict zone"
9.2474,1,93,78,1.0000,1.0000,1.0000,1.0000,1.0000,1.0000,-24.3905,-14.6758,"12.207:0.000:18.000",0.0000,"A1 actors are outside the blind-corner conflict zone"
9.3586,1,93,79,1.0000,1.0000,1.0000,1.0000,1.0000,1.0000,-24.3751,-14.5828,"12.163:0.000:18.000",0.0000,"A1 actors are outside the blind-corner conflict zone"
9.4839,1,93,80,1.0000,1.0000,1.0000,1.0000,1.0000,1.0000,-24.3318,-14.4384,"12.115:0.000:18.000",0.0000,"A1 actors are outside the blind-corner conflict zone"
9.5845,1,93,81,1.0000,1.0000,1.0000,1.0000,1.0000,1.0000,-24.2873,-14.3245,"12.075:0.000:18.000",0.1006,"A1 actors are outside the blind-corner conflict zone"
9.6905,1,93,82,1.0000,1.0000,1.0000,1.0000,1.0000,1.0000,-24.2429,-14.2361,"12.034:0.000:18.000",0.0000,"A1 actors are outside the blind-corner conflict zone"
9.7914,1,93,83,1.0000,1.0000,1.0000,1.0000,1.0000,1.0000,-24.1847,-14.1506,"11.995:0.000:18.000",0.0000,"A1 actors are outside the blind-corner conflict zone"
9.8933,1,93,84,1.0000,1.0000,1.0000,1.0000,1.0000,1.0000,-24.1255,-14.0770,"11.955:0.000:18.000",0.0000,"A1 actors are outside the blind-corner conflict zone"
9.9992,1,93,85,1.0000,1.0000,1.0000,1.0000,1.0000,1.0000,-24.0352,-13.9752,"11.914:0.000:18.000",0.1059,"A1 actors are outside the blind-corner conflict zone"
10.1033,1,93,86,1.0000,1.0000,1.0000,1.0000,1.0000,1.0000,-23.9639,-13.8901,"11.873:0.000:18.000",0.0000,"A1 actors are outside the blind-corner conflict zone"
10.2038,1,93,87,1.0000,1.0000,1.0000,1.0000,1.0000,1.0000,-23.8880,-13.7980,"11.834:0.000:18.000",0.0000,"A1 actors are outside the blind-corner conflict zone"
10.3065,1,93,88,1.0000,1.0000,1.0000,1.0000,1.0000,1.0000,-23.7915,-13.6951,"11.794:0.000:18.000",0.1027,"A1 actors are outside the blind-corner conflict zone"
10.4080,1,93,89,1.0000,1.0000,1.0000,1.0000,1.0000,1.0000,-23.7187,-13.6193,"11.754:0.000:18.000",0.0000,"A1 actors are outside the blind-corner conflict zone"
10.5113,1,93,90,1.0000,1.0000,1.0000,1.0000,1.0000,1.0000,-23.6419,-13.5561,"11.714:0.000:18.000",0.0000,"A1 actors are outside the blind-corner conflict zone"
10.6162,1,93,91,1.0000,1.0000,1.0000,1.0000,1.0000,1.0000,-23.5484,-13.4877,"11.673:0.000:18.000",0.1048,"A1 actors are outside the blind-corner conflict zone"
10.7205,1,93,92,1.0000,1.0000,1.0000,1.0000,1.0000,1.0000,-23.4408,-13.3895,"11.632:0.000:18.000",0.0000,"A1 actors are outside the blind-corner conflict zone"
10.8209,1,93,93,1.0000,1.0000,1.0000,1.0000,1.0000,1.0000,-23.3623,-13.2953,"11.593:0.000:18.000",0.0000,"A1 actors are outside the blind-corner conflict zone"
10.9214,1,93,94,1.0000,1.0000,1.0000,1.0000,1.0000,1.0000,-23.2867,-13.1932,"11.554:0.000:18.000",0.0000,"A1 actors are outside the blind-corner conflict zone"
11.0258,1,93,95,1.0000,1.0000,1.0000,1.0000,1.0000,1.0000,-23.2074,-13.0737,"11.513:0.000:18.000",0.1045,"A1 actors are outside the blind-corner conflict zone"
11.1271,1,93,96,1.0000,1.0000,1.0000,1.0000,1.0000,1.0000,-23.1573,-12.9896,"11.474:0.000:18.000",0.0000,"A1 actors are outside the blind-corner conflict zone"
11.2309,1,93,97,1.0000,1.0000,1.0000,1.0000,1.0000,1.0000,-23.0658,-12.8520,"11.433:0.000:18.000",0.0000,"A1 actors are outside the blind-corner conflict zone"
11.3327,1,93,98,1.0000,1.0000,1.0000,1.0000,1.0000,1.0000,-22.9770,-12.7338,"11.393:0.000:18.000",0.1017,"A1 actors are outside the blind-corner conflict zone"
11.4375,1,93,99,1.0000,1.0000,1.0000,1.0000,1.0000,1.0000,-22.9081,-12.6437,"11.353:0.000:18.000",0.0000,"A1 actors are outside the blind-corner conflict zone"
11.5419,1,93,100,1.0000,1.0000,1.0000,1.0000,1.0000,1.0000,-22.8190,-12.5303,"11.312:0.000:18.000",0.0000,"A1 actors are outside the blind-corner conflict zone"
11.6440,1,93,101,1.0000,1.0000,1.0000,1.0000,1.0000,1.0000,-22.7535,-12.4319,"11.272:0.000:18.000",0.0000,"A1 actors are outside the blind-corner conflict zone"
11.7448,1,93,102,1.0000,1.0000,1.0000,1.0000,1.0000,1.0000,-22.6932,-12.3309,"11.233:0.000:18.000",0.0000,"A1 actors are outside the blind-corner conflict zone"
11.8494,1,93,103,1.0000,1.0000,1.0000,1.0000,1.0000,1.0000,-22.6224,-12.2199,"11.192:0.000:18.000",0.1046,"A1 actors are outside the blind-corner conflict zone"
11.9520,1,93,104,1.0000,1.0000,1.0000,1.0000,1.0000,1.0000,-22.5442,-12.1022,"11.152:0.000:18.000",0.2072,"A1 actors are outside the blind-corner conflict zone"
12.0526,1,93,105,1.0000,1.0000,1.0000,1.0000,1.0000,1.0000,-22.4938,-12.0263,"11.113:0.000:18.000",0.0000,"A1 actors are outside the blind-corner conflict zone"
12.1563,1,93,106,1.0000,1.0000,1.0000,1.0000,1.0000,1.0000,-22.4027,-11.9041,"11.072:0.000:18.000",0.0000,"A1 actors are outside the blind-corner conflict zone"
12.2602,1,93,107,1.0000,1.0000,1.0000,1.0000,1.0000,1.0000,-22.3283,-11.8230,"11.032:0.000:18.000",0.0000,"A1 actors are outside the blind-corner conflict zone"
12.3635,1,93,108,1.0000,1.0000,1.0000,1.0000,1.0000,1.0000,-22.2508,-11.7509,"10.991:0.000:18.000",0.1033,"A1 actors are outside the blind-corner conflict zone"
12.4644,1,93,109,1.0000,1.0000,1.0000,1.0000,1.0000,1.0000,-22.1240,-11.6438,"10.952:0.000:18.000",0.0000,"A1 actors are outside the blind-corner conflict zone"
12.5678,1,93,110,1.0000,1.0000,1.0000,1.0000,1.0000,1.0000,-22.0446,-11.5883,"10.912:0.000:18.000",0.0000,"A1 actors are outside the blind-corner conflict zone"
12.6684,1,93,111,1.0000,1.0000,1.0000,1.0000,1.0000,1.0000,-21.9383,-11.5075,"10.873:0.000:18.000",0.0000,"A1 actors are outside the blind-corner conflict zone"
12.7716,1,93,112,1.0000,1.0000,1.0000,1.0000,1.0000,1.0000,-21.8272,-11.4501,"10.832:0.000:18.000",0.0000,"A1 actors are outside the blind-corner conflict zone"
12.8740,1,93,113,1.0000,1.0000,1.0000,1.0000,1.0000,1.0000,-21.6978,-11.4109,"10.792:0.000:18.000",0.1024,"A1 actors are outside the blind-corner conflict zone"
12.9768,1,93,114,1.0000,1.0000,1.0000,1.0000,1.0000,1.0000,-21.5744,-11.3810,"10.752:0.000:18.000",0.0000,"A1 actors are outside the blind-corner conflict zone"
13.0814,1,93,115,1.0000,1.0000,1.0000,1.0000,1.0000,1.0000,-21.4530,-11.3616,"10.711:0.000:18.000",0.0000,"A1 actors are outside the blind-corner conflict zone"
13.1874,1,93,116,1.0000,1.0000,1.0000,1.0000,1.0000,1.0000,-21.3180,-11.3457,"10.670:0.000:18.000",0.0000,"A1 actors are outside the blind-corner conflict zone"
13.2933,1,93,117,1.0000,1.0000,1.0000,1.0000,1.0000,1.0000,-21.1948,-11.3352,"10.629:0.000:18.000",0.1059,"A1 actors are outside the blind-corner conflict zone"
13.3997,1,93,118,1.0000,1.0000,1.0000,1.0000,1.0000,1.0000,-21.0719,-11.3165,"10.587:0.000:18.000",0.0000,"A1 actors are outside the blind-corner conflict zone"
13.5012,1,93,119,1.0000,1.0000,1.0000,1.0000,1.0000,1.0000,-20.9246,-11.2984,"10.548:0.000:18.000",0.1015,"A1 actors are outside the blind-corner conflict zone"
13.6040,1,93,120,1.0000,1.0000,1.0000,1.0000,1.0000,1.0000,-20.8100,-11.2886,"10.508:0.000:18.000",0.0000,"A1 actors are outside the blind-corner conflict zone"
13.7050,1,93,121,1.0000,1.0000,1.0000,1.0000,1.0000,1.0000,-20.6714,-11.2807,"10.468:0.000:18.000",0.0000,"A1 actors are outside the blind-corner conflict zone"
13.8065,1,93,122,1.0000,1.0000,1.0000,1.0000,1.0000,1.0000,-20.5629,-11.2733,"10.429:0.000:18.000",0.0000,"A1 actors are outside the blind-corner conflict zone"
13.9139,1,93,123,1.0000,1.0000,1.0000,1.0000,1.0000,1.0000,-20.4588,-11.2714,"10.387:0.000:18.000",0.0000,"A1 actors are outside the blind-corner conflict zone"
14.0193,1,93,124,1.0000,1.0000,1.0000,1.0000,1.0000,1.0000,-20.3231,-11.2631,"10.346:0.000:18.000",0.0000,"A1 actors are outside the blind-corner conflict zone"
14.1231,1,93,125,1.0000,1.0000,1.0000,1.0000,1.0000,1.0000,-20.2117,-11.2482,"10.305:0.000:18.000",0.1038,"A1 actors are outside the blind-corner conflict zone"
14.2254,1,93,126,1.0000,1.0000,1.0000,1.0000,1.0000,1.0000,-20.0794,-11.2209,"10.265:0.000:18.000",0.0000,"A1 actors are outside the blind-corner conflict zone"
14.3308,1,93,127,1.0000,1.0000,1.0000,1.0000,1.0000,1.0000,-19.9414,-11.1966,"10.224:0.000:18.000",0.0000,"A1 actors are outside the blind-corner conflict zone"
14.4346,1,93,128,1.0000,1.0000,1.0000,1.0000,1.0000,1.0000,-19.8275,-11.1773,"10.184:0.000:18.000",0.0000,"A1 actors are outside the blind-corner conflict zone"
14.5388,1,93,129,1.0000,1.0000,1.0000,1.0000,1.0000,1.0000,-19.6776,-11.1702,"10.143:0.000:18.000",0.1042,"A1 actors are outside the blind-corner conflict zone"
14.6413,1,93,130,1.0000,1.0000,1.0000,1.0000,1.0000,1.0000,-19.5844,-11.1722,"10.103:0.000:18.000",0.0000,"A1 actors are outside the blind-corner conflict zone"
14.7451,1,93,131,1.0000,1.0000,1.0000,1.0000,1.0000,1.0000,-19.4210,-11.1845,"10.063:0.000:18.000",0.0000,"A1 actors are outside the blind-corner conflict zone"
14.8502,1,93,132,1.0000,1.0000,1.0000,1.0000,1.0000,1.0000,-19.3258,-11.1896,"10.022:0.000:18.000",0.0000,"A1 actors are outside the blind-corner conflict zone"
14.9506,1,93,133,1.0000,1.0000,1.0000,1.0000,1.0000,1.0000,-19.1792,-11.1932,"9.982:0.000:18.000",0.1005,"A1 actors are outside the blind-corner conflict zone"
15.0508,1,93,134,1.0000,1.0000,1.0000,1.0000,1.0000,1.0000,-19.0652,-11.1918,"9.943:0.000:18.000",0.2006,"A1 actors are outside the blind-corner conflict zone"
15.1527,1,93,135,1.0000,1.0000,1.0000,1.0000,1.0000,1.0000,-18.9337,-11.1959,"9.904:0.000:18.000",0.0000,"A1 actors are outside the blind-corner conflict zone"
15.2541,1,93,136,1.0000,1.0000,1.0000,1.0000,1.0000,1.0000,-18.8020,-11.1934,"9.864:0.000:18.000",0.1014,"A1 actors are outside the blind-corner conflict zone"
15.3541,1,93,137,1.0000,1.0000,1.0000,1.0000,1.0000,1.0000,-18.6827,-11.2024,"9.825:0.000:18.000",0.0000,"A1 actors are outside the blind-corner conflict zone"
15.4598,1,93,138,1.0000,1.0000,1.0000,1.0000,1.0000,1.0000,-18.5236,-11.2326,"9.784:0.000:18.000",0.1057,"A1 actors are outside the blind-corner conflict zone"
15.5645,1,93,139,1.0000,1.0000,1.0000,1.0000,1.0000,1.0000,-18.3822,-11.2559,"9.743:0.000:18.000",0.2104,"A1 actors are outside the blind-corner conflict zone"
15.6693,1,93,140,1.0000,1.0000,1.0000,1.0000,1.0000,1.0000,-18.2594,-11.2666,"9.702:0.000:18.000",0.3152,"A1 actors are outside the blind-corner conflict zone"
15.7714,1,93,141,1.0000,1.0000,1.0000,1.0000,1.0000,1.0000,-18.1596,-11.2734,"9.662:0.000:18.000",0.0000,"A1 actors are outside the blind-corner conflict zone"
15.8718,1,93,142,1.0000,1.0000,1.0000,1.0000,1.0000,1.0000,-18.0105,-11.2636,"9.623:0.000:18.000",0.0000,"A1 actors are outside the blind-corner conflict zone"
15.9744,1,93,143,1.0000,1.0000,1.0000,1.0000,1.0000,1.0000,-17.8687,-11.2591,"9.583:0.000:18.000",0.0000,"A1 actors are outside the blind-corner conflict zone"
16.0749,1,93,144,1.0000,1.0000,1.0000,1.0000,1.0000,1.0000,-17.7483,-11.2685,"9.544:0.000:18.000",0.1005,"A1 actors are outside the blind-corner conflict zone"
16.1792,1,93,145,1.0000,1.0000,1.0000,1.0000,1.0000,1.0000,-17.6020,-11.2822,"9.503:0.000:18.000",0.2048,"A1 actors are outside the blind-corner conflict zone"
16.2821,1,93,146,1.0000,1.0000,1.0000,1.0000,1.0000,1.0000,-17.4646,-11.2916,"9.463:0.000:18.000",0.0000,"A1 actors are outside the blind-corner conflict zone"
16.3843,1,93,147,1.0000,1.0000,1.0000,1.0000,1.0000,1.0000,-17.3362,-11.2996,"9.423:0.000:18.000",0.0000,"A1 actors are outside the blind-corner conflict zone"
16.4860,1,93,148,1.0000,1.0000,1.0000,1.0000,1.0000,1.0000,-17.1899,-11.3015,"9.384:0.000:18.000",0.1018,"A1 actors are outside the blind-corner conflict zone"
16.5873,1,93,149,1.0000,1.0000,1.0000,1.0000,1.0000,1.0000,-17.0618,-11.2996,"9.344:0.000:18.000",0.0000,"A1 actors are outside the blind-corner conflict zone"
16.6911,1,93,150,1.0000,1.0000,1.0000,1.0000,1.0000,1.0000,-16.9300,-11.3072,"9.304:0.000:18.000",0.0000,"A1 actors are outside the blind-corner conflict zone"
16.7917,1,93,151,1.0000,1.0000,1.0000,1.0000,1.0000,1.0000,-16.8221,-11.3170,"9.264:0.000:18.000",0.0000,"A1 actors are outside the blind-corner conflict zone"
16.8948,1,93,152,1.0000,1.0000,1.0000,1.0000,1.0000,1.0000,-16.6803,-11.3384,"9.224:0.000:18.000",0.1031,"A1 actors are outside the blind-corner conflict zone"
16.9969,1,93,153,1.0000,1.0000,1.0000,1.0000,1.0000,1.0000,-16.5477,-11.3568,"9.184:0.000:18.000",0.2053,"A1 actors are outside the blind-corner conflict zone"
17.0992,1,93,154,1.0000,1.0000,1.0000,1.0000,1.0000,1.0000,-16.4261,-11.3868,"9.145:0.000:18.000",0.0000,"A1 actors are outside the blind-corner conflict zone"
17.2032,1,93,155,1.0000,1.0000,1.0000,1.0000,1.0000,1.0000,-16.3083,-11.4151,"9.104:0.000:18.000",0.1040,"A1 actors are outside the blind-corner conflict zone"
17.3048,1,93,156,1.0000,1.0000,1.0000,1.0000,1.0000,1.0000,-16.1954,-11.4376,"9.064:0.000:18.000",0.0000,"A1 actors are outside the blind-corner conflict zone"
17.4666,1,93,157,1.0000,1.0000,1.0000,1.0000,1.0000,1.0000,-15.9621,-11.4759,"9.001:0.000:18.000",0.1618,"A1 actors are outside the blind-corner conflict zone"
17.6075,1,93,158,1.0000,1.0000,1.0000,1.0000,1.0000,1.0000,-15.8180,-11.5034,"8.946:0.000:18.000",0.0000,"A1 actors are outside the blind-corner conflict zone"
17.7697,1,93,159,1.0000,1.0000,1.0000,1.0000,1.0000,1.0000,-15.6401,-11.5336,"8.883:0.000:18.000",0.0000,"A1 actors are outside the blind-corner conflict zone"
17.8759,1,93,160,1.0000,1.0000,1.0000,1.0000,1.0000,1.0000,-15.5035,-11.5492,"8.842:0.000:18.000",0.1063,"A1 actors are outside the blind-corner conflict zone"
18.0395,1,93,161,1.0000,1.0000,1.0000,1.0000,1.0000,1.0000,-15.3047,-11.5904,"8.778:0.000:18.000",0.0000,"A1 actors are outside the blind-corner conflict zone"
18.1940,1,93,162,1.0000,1.0000,1.0000,1.0000,1.0000,1.0000,-15.1428,-11.6432,"8.718:0.000:18.000",0.0000,"A1 actors are outside the blind-corner conflict zone"
18.3280,1,93,163,1.0000,1.0000,1.0000,1.0000,1.0000,1.0000,-14.9781,-11.7118,"8.665:0.000:18.000",0.0000,"A1 actors are outside the blind-corner conflict zone"
18.4323,1,93,164,1.0000,1.0000,1.0000,1.0000,1.0000,1.0000,-14.8895,-11.7579,"8.625:0.000:18.000",0.1043,"A1 actors are outside the blind-corner conflict zone"
18.5354,1,93,165,1.0000,1.0000,1.0000,1.0000,1.0000,1.0000,-14.7893,-11.8219,"8.584:0.000:18.000",0.2074,"A1 actors are outside the blind-corner conflict zone"
18.6399,1,93,166,1.0000,1.0000,1.0000,1.0000,1.0000,1.0000,-14.6911,-11.8825,"8.544:0.000:18.000",0.0000,"A1 actors are outside the blind-corner conflict zone"
18.7421,1,93,167,1.0000,1.0000,1.0000,1.0000,1.0000,1.0000,-14.5831,-11.9416,"8.504:0.000:18.000",0.0000,"A1 actors are outside the blind-corner conflict zone"
18.8434,1,93,168,1.0000,1.0000,1.0000,1.0000,1.0000,1.0000,-14.4829,-12.0049,"8.464:0.000:18.000",0.0000,"A1 actors are outside the blind-corner conflict zone"
18.9471,1,93,169,1.0000,1.0000,1.0000,1.0000,1.0000,1.0000,-14.3709,-12.0691,"8.424:0.000:18.000",0.0000,"A1 actors are outside the blind-corner conflict zone"
19.0519,1,93,170,1.0000,1.0000,1.0000,1.0000,1.0000,1.0000,-14.2680,-12.1276,"8.383:0.000:18.000",0.1048,"A1 actors are outside the blind-corner conflict zone"
19.1569,1,93,171,1.0000,1.0000,1.0000,1.0000,1.0000,1.0000,-14.1504,-12.1937,"8.342:0.000:18.000",0.2098,"A1 actors are outside the blind-corner conflict zone"
19.2597,1,93,172,1.0000,1.0000,1.0000,1.0000,1.0000,1.0000,-14.0364,-12.2606,"8.302:0.000:18.000",0.3126,"A1 actors are outside the blind-corner conflict zone"
19.3608,1,93,173,1.0000,1.0000,1.0000,1.0000,1.0000,1.0000,-13.9299,-12.3134,"8.263:0.000:18.000",0.0000,"A1 actors are outside the blind-corner conflict zone"
19.4654,1,93,174,1.0000,1.0000,1.0000,1.0000,1.0000,1.0000,-13.7728,-12.3888,"8.222:0.000:18.000",0.1047,"A1 actors are outside the blind-corner conflict zone"
19.5682,1,93,175,1.0000,1.0000,1.0000,1.0000,1.0000,1.0000,-13.6768,-12.4263,"8.182:0.000:18.000",0.0000,"A1 actors are outside the blind-corner conflict zone"
19.6736,1,93,176,1.0000,1.0000,1.0000,1.0000,1.0000,1.0000,-13.5260,-12.4601,"8.141:0.000:18.000",0.0000,"A1 actors are outside the blind-corner conflict zone"
19.7749,1,93,177,1.0000,1.0000,1.0000,1.0000,1.0000,1.0000,-13.4154,-12.4945,"8.101:0.000:18.000",0.0000,"A1 actors are outside the blind-corner conflict zone"
19.8750,1,93,178,1.0000,1.0000,1.0000,1.0000,1.0000,1.0000,-13.2801,-12.5372,"8.062:0.000:18.000",0.1001,"A1 actors are outside the blind-corner conflict zone"
19.9800,1,93,179,1.0000,1.0000,1.0000,1.0000,1.0000,1.0000,-13.1983,-12.5661,"8.021:0.000:18.000",0.0000,"A1 actors are outside the blind-corner conflict zone"
20.0801,1,93,180,1.0000,1.0000,1.0000,1.0000,1.0000,1.0000,-13.0477,-12.6017,"7.982:0.000:18.000",0.0000,"A1 actors are outside the blind-corner conflict zone"
20.1846,1,93,181,1.0000,1.0000,1.0000,1.0000,1.0000,1.0000,-12.9582,-12.6051,"7.941:0.000:18.000",0.0000,"A1 actors are outside the blind-corner conflict zone"
20.2861,1,93,182,1.0000,1.0000,1.0000,1.0000,1.0000,1.0000,-12.8220,-12.6194,"7.902:0.000:18.000",0.1015,"A1 actors are outside the blind-corner conflict zone"
20.3902,1,93,183,1.0000,1.0000,1.0000,1.0000,1.0000,1.0000,-12.7046,-12.6377,"7.861:0.000:18.000",0.0000,"A1 actors are outside the blind-corner conflict zone"
20.4938,1,93,184,1.0000,1.0000,1.0000,1.0000,1.0000,1.0000,-12.5675,-12.6578,"7.821:0.000:18.000",0.0000,"A1 actors are outside the blind-corner conflict zone"
20.5944,1,93,185,1.0000,1.0000,1.0000,1.0000,1.0000,1.0000,-12.4352,-12.6768,"7.781:0.000:18.000",0.1007,"A1 actors are outside the blind-corner conflict zone"
20.6991,1,93,186,1.0000,1.0000,1.0000,1.0000,1.0000,1.0000,-12.2824,-12.7115,"7.741:0.000:18.000",0.0000,"A1 actors are outside the blind-corner conflict zone"
20.8011,1,93,187,1.0000,1.0000,1.0000,1.0000,1.0000,1.0000,-12.1909,-12.7413,"7.701:0.000:18.000",0.0000,"A1 actors are outside the blind-corner conflict zone"
20.9033,1,93,188,1.0000,1.0000,1.0000,1.0000,1.0000,1.0000,-12.0419,-12.7778,"7.661:0.000:18.000",0.1022,"A1 actors are outside the blind-corner conflict zone"
21.0054,1,93,189,1.0000,1.0000,1.0000,1.0000,1.0000,1.0000,-11.9415,-12.8056,"7.621:0.000:18.000",0.2043,"A1 actors are outside the blind-corner conflict zone"
21.1080,1,93,190,1.0000,1.0000,1.0000,1.0000,1.0000,1.0000,-11.7913,-12.8410,"7.581:0.000:18.000",0.3069,"A1 actors are outside the blind-corner conflict zone"
21.2094,1,93,191,1.0000,1.0000,1.0000,1.0000,1.0000,1.0000,-11.6931,-12.8562,"7.542:0.000:18.000",0.0000,"A1 actors are outside the blind-corner conflict zone"
21.3111,1,93,192,1.0000,1.0000,1.0000,1.0000,1.0000,1.0000,-11.5611,-12.8717,"7.502:0.000:18.000",0.0000,"A1 actors are outside the blind-corner conflict zone"
21.4124,1,93,193,1.0000,1.0000,1.0000,1.0000,1.0000,1.0000,-11.4013,-12.8741,"7.462:0.000:18.000",0.0000,"A1 actors are outside the blind-corner conflict zone"
21.5162,1,93,194,1.0000,1.0000,1.0000,1.0000,1.0000,1.0000,-11.3111,-12.8755,"7.422:0.000:18.000",0.0000,"A1 actors are outside the blind-corner conflict zone"
21.6209,1,93,195,1.0000,1.0000,1.0000,1.0000,1.0000,1.0000,-11.1825,-12.8822,"7.381:0.000:18.000",0.1047,"A1 actors are outside the blind-corner conflict zone"
21.7244,1,93,196,1.0000,1.0000,1.0000,1.0000,1.0000,1.0000,-11.0281,-12.8894,"7.341:0.000:18.000",0.0000,"A1 actors are outside the blind-corner conflict zone"
21.8265,1,93,197,1.0000,1.0000,1.0000,1.0000,1.0000,1.0000,-10.8777,-12.8916,"7.301:0.000:18.000",0.0000,"A1 actors are outside the blind-corner conflict zone"
21.9292,1,93,198,1.0000,1.0000,1.0000,1.0000,1.0000,1.0000,-10.7626,-12.8914,"7.261:0.000:18.000",0.0000,"A1 actors are outside the blind-corner conflict zone"
22.0352,1,93,199,1.0000,1.0000,1.0000,1.0000,1.0000,1.0000,-10.6227,-12.9021,"7.219:0.000:18.000",0.0000,"A1 actors are outside the blind-corner conflict zone"
22.1380,1,93,200,1.0000,1.0000,1.0000,1.0000,1.0000,1.0000,-10.5334,-12.9066,"7.179:0.000:18.000",0.1028,"A1 actors are outside the blind-corner conflict zone"
22.2383,1,93,201,1.0000,1.0000,1.0000,1.0000,1.0000,1.0000,-10.3824,-12.9074,"7.140:0.000:18.000",0.0000,"A1 actors are outside the blind-corner conflict zone"
22.3401,1,93,202,1.0000,1.0000,1.0000,1.0000,1.0000,1.0000,-10.2908,-12.9056,"7.101:0.000:18.000",0.0000,"A1 actors are outside the blind-corner conflict zone"
22.4437,1,93,203,1.0000,1.0000,1.0000,1.0000,1.0000,1.0000,-10.1222,-12.8895,"7.060:0.000:18.000",0.1036,"A1 actors are outside the blind-corner conflict zone"
22.5437,1,93,204,1.0000,1.0000,1.0000,1.0000,1.0000,1.0000,-10.0299,-12.8766,"7.021:0.000:18.000",0.0000,"A1 actors are outside the blind-corner conflict zone"
22.6461,1,93,205,1.0000,1.0000,1.0000,1.0000,1.0000,1.0000,-9.9138,-12.8570,"6.981:0.000:18.000",0.0000,"A1 actors are outside the blind-corner conflict zone"
22.7488,1,93,206,1.0000,1.0000,1.0000,1.0000,1.0000,1.0000,-9.7779,-12.8303,"6.941:0.000:18.000",0.0000,"A1 actors are outside the blind-corner conflict zone"
22.8525,1,93,207,1.0000,1.0000,1.0000,1.0000,1.0000,1.0000,-9.6681,-12.8194,"6.901:0.000:18.000",0.1037,"A1 actors are outside the blind-corner conflict zone"
22.9559,1,93,208,1.0000,1.0000,1.0000,1.0000,1.0000,1.0000,-9.5420,-12.8097,"6.860:0.000:18.000",0.2071,"A1 actors are outside the blind-corner conflict zone"
23.0560,1,93,209,1.0000,1.0000,1.0000,1.0000,1.0000,1.0000,-9.4347,-12.7952,"6.821:0.000:18.000",0.3072,"A1 actors are outside the blind-corner conflict zone"
23.1609,1,93,210,1.0000,1.0000,1.0000,1.0000,1.0000,1.0000,-9.2942,-12.7736,"6.780:0.000:18.000",0.4121,"A1 actors are outside the blind-corner conflict zone"
23.2639,1,93,211,1.0000,1.0000,1.0000,1.0000,1.0000,1.0000,-9.1901,-12.7564,"6.740:0.000:18.000",0.0000,"A1 actors are outside the blind-corner conflict zone"
23.3648,1,93,212,1.0000,1.0000,1.0000,1.0000,1.0000,1.0000,-9.0520,-12.7505,"6.701:0.000:18.000",0.1009,"A1 actors are outside the blind-corner conflict zone"
23.4687,1,93,213,1.0000,1.0000,1.0000,1.0000,1.0000,1.0000,-8.9205,-12.7430,"6.660:0.000:18.000",0.2048,"A1 actors are outside the blind-corner conflict zone"
23.5733,1,93,214,1.0000,1.0000,1.0000,1.0000,1.0000,1.0000,-8.8407,-12.7338,"6.620:0.000:18.000",0.3094,"A1 actors are outside the blind-corner conflict zone"
23.6788,1,93,215,1.0000,1.0000,1.0000,1.0000,1.0000,1.0000,-8.7006,-12.7245,"6.578:0.000:18.000",0.0000,"A1 actors are outside the blind-corner conflict zone"
23.7817,1,93,216,1.0000,1.0000,1.0000,1.0000,1.0000,1.0000,-8.5964,-12.7296,"6.538:0.000:18.000",0.0000,"A1 actors are outside the blind-corner conflict zone"
23.8864,1,93,217,1.0000,1.0000,1.0000,1.0000,1.0000,1.0000,-8.4648,-12.7450,"6.498:0.000:18.000",0.0000,"A1 actors are outside the blind-corner conflict zone"
23.9909,1,93,218,1.0000,1.0000,1.0000,1.0000,1.0000,1.0000,-8.3127,-12.7641,"6.457:0.000:18.000",0.1044,"A1 actors are outside the blind-corner conflict zone"
24.0954,1,93,219,1.0000,1.0000,1.0000,1.0000,1.0000,1.0000,-8.2252,-12.7741,"6.416:0.000:18.000",0.2090,"A1 actors are outside the blind-corner conflict zone"
24.1957,1,93,220,1.0000,1.0000,1.0000,1.0000,1.0000,1.0000,-8.0944,-12.8045,"6.377:0.000:18.000",0.0000,"A1 actors are outside the blind-corner conflict zone"
24.3017,1,93,221,1.0000,1.0000,1.0000,1.0000,1.0000,1.0000,-7.9627,-12.8343,"6.336:0.000:18.000",0.1060,"A1 actors are outside the blind-corner conflict zone"
24.4030,1,93,222,1.0000,1.0000,1.0000,1.0000,1.0000,1.0000,-7.8338,-12.8686,"6.296:0.000:18.000",0.2073,"A1 actors are outside the blind-corner conflict zone"
24.5066,1,93,223,1.0000,1.0000,1.0000,1.0000,1.0000,1.0000,-7.7319,-12.8980,"6.256:0.000:18.000",0.0000,"A1 actors are outside the blind-corner conflict zone"
24.6086,1,93,224,1.0000,1.0000,1.0000,1.0000,1.0000,1.0000,-7.6014,-12.9300,"6.216:0.000:18.000",0.0000,"A1 actors are outside the blind-corner conflict zone"
24.7129,1,93,225,1.0000,1.0000,1.0000,1.0000,1.0000,1.0000,-7.4482,-12.9605,"6.175:0.000:18.000",0.0000,"A1 actors are outside the blind-corner conflict zone"
24.8159,1,93,226,1.0000,1.0000,1.0000,1.0000,1.0000,1.0000,-7.2987,-12.9832,"6.135:0.000:18.000",0.0000,"A1 actors are outside the blind-corner conflict zone"
24.9169,1,93,227,1.0000,1.0000,1.0000,1.0000,1.0000,1.0000,-7.2045,-12.9988,"6.096:0.000:18.000",0.1010,"A1 actors are outside the blind-corner conflict zone"
25.0170,1,93,228,1.0000,1.0000,1.0000,1.0000,1.0000,1.0000,-7.0786,-13.0269,"6.057:0.000:18.000",0.0000,"A1 actors are outside the blind-corner conflict zone"
25.1228,1,93,229,1.0000,1.0000,1.0000,1.0000,1.0000,1.0000,-6.9507,-13.0613,"6.015:0.000:18.000",0.1058,"A1 actors are outside the blind-corner conflict zone"
25.2240,1,93,230,1.0000,1.0000,1.0000,1.0000,1.0000,1.0000,-6.8728,-13.0923,"5.976:0.000:18.000",0.2069,"A1 actors are outside the blind-corner conflict zone"
25.3264,1,93,231,1.0000,1.0000,1.0000,1.0000,1.0000,1.0000,-6.7644,-13.1339,"5.936:0.000:18.000",0.0000,"A1 actors are outside the blind-corner conflict zone"
25.4291,1,93,232,1.0000,1.0000,1.0000,1.0000,1.0000,1.0000,-6.6464,-13.1923,"5.896:0.000:18.000",0.0000,"A1 actors are outside the blind-corner conflict zone"
25.5324,1,93,233,1.0000,1.0000,1.0000,1.0000,1.0000,1.0000,-6.5544,-13.2479,"5.856:0.000:18.000",0.1034,"A1 actors are outside the blind-corner conflict zone"
25.6358,1,93,234,1.0000,1.0000,1.0000,1.0000,1.0000,1.0000,-6.4707,-13.3140,"5.815:0.000:18.000",0.2068,"A1 actors are outside the blind-corner conflict zone"
25.7383,1,93,235,1.0000,1.0000,1.0000,1.0000,1.0000,1.0000,-6.3947,-13.3763,"5.775:0.000:18.000",0.0000,"A1 actors are outside the blind-corner conflict zone"
25.8440,1,93,236,1.0000,1.0000,1.0000,1.0000,1.0000,1.0000,-6.2976,-13.4600,"5.734:0.000:18.000",0.0000,"A1 actors are outside the blind-corner conflict zone"
26.2707,1,93,237,1.0000,1.0000,1.0000,1.0000,1.0000,1.0000,-5.9777,-13.8383,"5.568:0.000:18.000",0.0000,"A1 actors are outside the blind-corner conflict zone"
26.3745,1,93,238,1.0000,1.0000,1.0000,1.0000,1.0000,1.0000,-5.9140,-13.9385,"5.527:0.000:18.000",0.1038,"A1 actors are outside the blind-corner conflict zone"
26.4769,1,93,239,1.0000,1.0000,1.0000,1.0000,1.0000,1.0000,-5.8511,-14.0664,"5.487:0.000:18.000",0.0000,"A1 actors are outside the blind-corner conflict zone"
26.5808,1,93,240,1.0000,1.0000,1.0000,1.0000,1.0000,1.0000,-5.8029,-14.2017,"5.447:0.000:18.000",0.0000,"A1 actors are outside the blind-corner conflict zone"
26.6820,1,93,241,1.0000,1.0000,1.0000,1.0000,1.0000,1.0000,-5.7628,-14.2946,"5.407:0.000:18.000",0.0000,"A1 actors are outside the blind-corner conflict zone"
26.7870,1,93,242,1.0000,1.0000,1.0000,1.0000,1.0000,1.0000,-5.7182,-14.4000,"5.366:0.000:18.000",0.1050,"A1 actors are outside the blind-corner conflict zone"
26.8909,1,93,243,1.0000,1.0000,1.0000,1.0000,1.0000,1.0000,-5.6779,-14.4926,"5.326:0.000:18.000",0.0000,"A1 actors are outside the blind-corner conflict zone"
26.9935,1,93,244,1.0000,1.0000,1.0000,1.0000,1.0000,1.0000,-5.6287,-14.6392,"5.286:0.000:18.000",0.1025,"A1 actors are outside the blind-corner conflict zone"
27.0956,1,93,245,1.0000,1.0000,1.0000,1.0000,1.0000,1.0000,-5.5995,-14.7462,"5.246:0.000:18.000",0.0000,"A1 actors are outside the blind-corner conflict zone"
27.1971,1,93,246,1.0000,1.0000,1.0000,1.0000,1.0000,1.0000,-5.5745,-14.8424,"5.206:0.000:18.000",0.0000,"A1 actors are outside the blind-corner conflict zone"
27.3002,1,93,247,1.0000,1.0000,1.0000,1.0000,1.0000,1.0000,-5.5548,-14.9530,"5.166:0.000:18.000",0.0000,"A1 actors are outside the blind-corner conflict zone"
27.4042,1,93,248,1.0000,1.0000,1.0000,1.0000,1.0000,1.0000,-5.5388,-15.0939,"5.126:0.000:18.000",0.1040,"A1 actors are outside the blind-corner conflict zone"
27.5076,1,93,249,1.0000,1.0000,1.0000,1.0000,1.0000,1.0000,-5.5220,-15.1800,"5.085:0.000:18.000",0.0000,"A1 actors are outside the blind-corner conflict zone"
27.6097,1,93,250,1.0000,1.0000,1.0000,1.0000,1.0000,1.0000,-5.4979,-15.3196,"5.048:0.000:18.000",0.0000,"A1 actors are outside the blind-corner conflict zone"
27.7130,1,93,251,1.0000,1.0000,1.0000,1.0000,1.0000,1.0000,-5.4858,-15.4279,"5.088:0.000:18.000",0.1033,"A1 actors are outside the blind-corner conflict zone"
27.8192,1,93,252,1.0000,1.0000,1.0000,1.0000,1.0000,1.0000,-5.4714,-15.5497,"5.130:0.000:18.000",0.2095,"A1 actors are outside the blind-corner conflict zone"
27.9259,1,93,253,1.0000,1.0000,1.0000,1.0000,1.0000,1.0000,-5.4494,-15.6991,"5.171:0.000:18.000",0.3162,"A1 actors are outside the blind-corner conflict zone"
28.0313,1,93,254,1.0000,1.0000,1.0000,1.0000,1.0000,1.0000,-5.4357,-15.8105,"5.212:0.000:18.000",0.4215,"A1 actors are outside the blind-corner conflict zone"
28.1350,1,93,255,1.0000,1.0000,1.0000,1.0000,1.0000,1.0000,-5.4295,-15.8714,"5.253:0.000:18.000",0.0000,"A1 actors are outside the blind-corner conflict zone"
28.2386,1,93,256,1.0000,1.0000,1.0000,1.0000,1.0000,1.0000,-5.4125,-16.0180,"5.293:0.000:18.000",0.0000,"A1 actors are outside the blind-corner conflict zone"
28.3391,1,93,257,1.0000,1.0000,1.0000,1.0000,1.0000,1.0000,-5.4093,-16.1401,"5.332:0.000:18.000",0.0000,"A1 actors are outside the blind-corner conflict zone"
28.4409,1,93,258,1.0000,1.0000,1.0000,1.0000,1.0000,1.0000,-5.3968,-16.2673,"5.372:0.000:18.000",0.1018,"A1 actors are outside the blind-corner conflict zone"
28.5792,1,93,259,1.0000,1.0000,1.0000,1.0000,1.0000,1.0000,-5.3881,-16.4178,"5.426:0.000:18.000",0.2401,"A1 actors are outside the blind-corner conflict zone"
28.6847,1,93,260,1.0000,1.0000,1.0000,1.0000,1.0000,1.0000,-5.3934,-16.5524,"5.467:0.000:18.000",0.0000,"A1 actors are outside the blind-corner conflict zone"
28.7941,1,93,261,1.0000,1.0000,1.0000,1.0000,1.0000,1.0000,-5.3995,-16.6628,"5.510:0.000:18.000",0.0000,"A1 actors are outside the blind-corner conflict zone"
28.9165,1,93,262,1.0000,1.0000,1.0000,1.0000,1.0000,1.0000,-5.4141,-16.8146,"5.558:0.000:18.000",0.0000,"A1 actors are outside the blind-corner conflict zone"
29.0212,1,93,263,1.0000,1.0000,1.0000,1.0000,1.0000,1.0000,-5.4316,-16.9396,"5.598:0.000:18.000",0.1047,"A1 actors are outside the blind-corner conflict zone"
29.1509,1,93,264,1.0000,1.0000,1.0000,1.0000,1.0000,1.0000,-5.4744,-17.1103,"5.649:0.000:18.000",0.0000,"A1 actors are outside the blind-corner conflict zone"
29.2709,1,93,265,1.0000,1.0000,1.0000,1.0000,1.0000,1.0000,-5.5049,-17.2706,"5.696:0.000:18.000",0.0000,"A1 actors are outside the blind-corner conflict zone"
29.3778,1,93,266,1.0000,1.0000,1.0000,1.0000,1.0000,1.0000,-5.5222,-17.3931,"5.737:0.000:18.000",0.0000,"A1 actors are outside the blind-corner conflict zone"
29.5099,1,93,267,1.0000,1.0000,1.0000,1.0000,1.0000,1.0000,-5.5346,-17.5761,"5.789:0.000:18.000",0.0000,"A1 actors are outside the blind-corner conflict zone"
29.6102,1,93,268,1.0000,1.0000,1.0000,1.0000,1.0000,1.0000,-5.5390,-17.7001,"5.828:0.000:18.000",0.0000,"A1 actors are outside the blind-corner conflict zone"
29.7137,1,93,269,1.0000,1.0000,1.0000,1.0000,1.0000,1.0000,-5.5435,-17.8184,"5.868:0.000:18.000",0.1034,"A1 actors are outside the blind-corner conflict zone"
29.8244,1,93,270,1.0000,1.0000,1.0000,1.0000,1.0000,1.0000,-5.5543,-17.9512,"5.912:0.000:18.000",0.0000,"A1 actors are outside the blind-corner conflict zone"
29.9253,1,93,271,1.0000,1.0000,1.0000,1.0000,1.0000,1.0000,-5.5514,-18.0814,"5.951:0.000:18.000",0.0000,"A1 actors are outside the blind-corner conflict zone"
30.0351,1,93,272,1.0000,1.0000,1.0000,1.0000,1.0000,1.0000,-5.5465,-18.2384,"5.994:0.000:18.000",0.0000,"A1 actors are outside the blind-corner conflict zone"
30.1417,1,93,273,1.0000,1.0000,1.0000,1.0000,1.0000,1.0000,-5.5468,-18.3554,"6.035:0.000:18.000",0.1067,"A1 actors are outside the blind-corner conflict zone"
30.2486,1,93,274,1.0000,1.0000,1.0000,1.0000,1.0000,1.0000,-5.5372,-18.4810,"6.077:0.000:18.000",0.0000,"A1 actors are outside the blind-corner conflict zone"
30.3488,1,93,275,1.0000,1.0000,1.0000,1.0000,1.0000,1.0000,-5.5239,-18.5981,"6.116:0.000:18.000",0.0000,"A1 actors are outside the blind-corner conflict zone"
30.4647,1,93,276,1.0000,1.0000,1.0000,1.0000,1.0000,1.0000,-5.5127,-18.7307,"6.161:0.000:18.000",0.1159,"A1 actors are outside the blind-corner conflict zone"
30.5708,1,93,277,1.0000,1.0000,1.0000,1.0000,1.0000,1.0000,-5.5073,-18.8489,"6.203:0.000:18.000",0.0000,"A1 actors are outside the blind-corner conflict zone"
30.6955,1,93,278,1.0000,1.0000,1.0000,1.0000,1.0000,1.0000,-5.4990,-18.9922,"6.251:0.000:18.000",0.0000,"A1 actors are outside the blind-corner conflict zone"
30.8115,1,93,279,1.0000,1.0000,1.0000,1.0000,1.0000,1.0000,-5.4850,-19.1518,"6.297:0.000:18.000",0.1160,"A1 actors are outside the blind-corner conflict zone"
30.9304,1,93,280,1.0000,1.0000,1.0000,1.0000,1.0000,1.0000,-5.4780,-19.2992,"6.343:0.000:18.000",0.2349,"A1 actors are outside the blind-corner conflict zone"
31.0430,1,93,281,1.0000,1.0000,1.0000,1.0000,1.0000,1.0000,-5.4748,-19.4327,"6.387:0.000:18.000",0.0000,"A1 actors are outside the blind-corner conflict zone"
31.1603,1,93,282,1.0000,1.0000,1.0000,1.0000,1.0000,1.0000,-5.4743,-19.5699,"6.433:0.000:18.000",0.0000,"A1 actors are outside the blind-corner conflict zone"
31.2671,1,93,283,1.0000,1.0000,1.0000,1.0000,1.0000,1.0000,-5.4731,-19.6764,"6.474:0.000:18.000",0.0000,"A1 actors are outside the blind-corner conflict zone"
31.3939,1,93,284,1.0000,1.0000,1.0000,1.0000,1.0000,1.0000,-5.4589,-19.8287,"6.524:0.000:18.000",0.0000,"A1 actors are outside the blind-corner conflict zone"
31.5238,1,93,285,1.0000,1.0000,1.0000,1.0000,1.0000,1.0000,-5.4438,-20.0008,"6.574:0.000:18.000",0.1299,"A1 actors are outside the blind-corner conflict zone"
31.6449,1,93,286,1.0000,1.0000,1.0000,1.0000,1.0000,1.0000,-5.4388,-20.1438,"6.622:0.000:18.000",0.2510,"A1 actors are outside the blind-corner conflict zone"
31.7455,1,93,287,1.0000,1.0000,1.0000,1.0000,1.0000,1.0000,-5.4383,-20.2649,"6.661:0.000:18.000",0.3516,"A1 actors are outside the blind-corner conflict zone"
31.8527,1,93,288,1.0000,1.0000,1.0000,1.0000,1.0000,1.0000,-5.4308,-20.3777,"6.703:0.000:18.000",0.0000,"A1 actors are outside the blind-corner conflict zone"
31.9547,1,93,289,1.0000,1.0000,1.0000,1.0000,1.0000,1.0000,-5.4176,-20.4907,"6.742:0.000:18.000",0.1020,"A1 actors are outside the blind-corner conflict zone"
32.0871,1,93,290,1.0000,1.0000,1.0000,1.0000,1.0000,1.0000,-5.4057,-20.6495,"6.794:0.000:18.000",0.0000,"A1 actors are outside the blind-corner conflict zone"
32.1989,1,93,291,1.0000,1.0000,1.0000,1.0000,1.0000,1.0000,-5.3970,-20.7592,"6.838:0.000:18.000",0.0000,"A1 actors are outside the blind-corner conflict zone"
32.3325,1,93,292,1.0000,1.0000,1.0000,1.0000,1.0000,1.0000,-5.3668,-20.9101,"6.890:0.000:18.000",0.0000,"A1 actors are outside the blind-corner conflict zone"
32.4325,1,93,293,1.0000,1.0000,1.0000,1.0000,1.0000,1.0000,-5.3445,-21.0277,"6.929:0.000:18.000",0.1001,"A1 actors are outside the blind-corner conflict zone"
32.5581,1,93,294,1.0000,1.0000,1.0000,1.0000,1.0000,1.0000,-5.3111,-21.1658,"6.978:0.000:18.000",0.2256,"A1 actors are outside the blind-corner conflict zone"
32.6889,1,93,295,1.0000,1.0000,1.0000,1.0000,1.0000,1.0000,-5.2676,-21.3100,"7.029:0.000:18.000",0.0000,"A1 actors are outside the blind-corner conflict zone"
32.7922,1,93,296,1.0000,1.0000,1.0000,1.0000,1.0000,1.0000,-5.2306,-21.4316,"7.069:0.000:18.000",0.1033,"A1 actors are outside the blind-corner conflict zone"
32.9156,1,93,297,1.0000,1.0000,1.0000,1.0000,1.0000,1.0000,-5.1869,-21.5669,"7.117:0.000:18.000",0.2268,"A1 actors are outside the blind-corner conflict zone"
33.0185,1,93,298,1.0000,1.0000,1.0000,1.0000,1.0000,1.0000,-5.1435,-21.6974,"7.157:0.000:18.000",0.3296,"A1 actors are outside the blind-corner conflict zone"
33.1232,1,93,299,1.0000,1.0000,1.0000,1.0000,1.0000,1.0000,-5.1141,-21.7960,"7.198:0.000:18.000",0.0000,"A1 actors are outside the blind-corner conflict zone"
33.2248,1,93,300,1.0000,1.0000,1.0000,1.0000,1.0000,1.0000,-5.0733,-21.9045,"7.238:0.000:18.000",0.1017,"A1 actors are outside the blind-corner conflict zone"
33.3284,1,93,301,1.0000,1.0000,1.0000,1.0000,1.0000,1.0000,-5.0251,-22.0217,"7.278:0.000:18.000",0.0000,"A1 actors are outside the blind-corner conflict zone"
33.4537,1,93,302,1.0000,1.0000,1.0000,1.0000,1.0000,1.0000,-4.9567,-22.1721,"7.327:0.000:18.000",0.1253,"A1 actors are outside the blind-corner conflict zone"
33.5864,1,93,303,1.0000,1.0000,1.0000,1.0000,1.0000,1.0000,-4.8880,-22.3304,"7.379:0.000:18.000",0.0000,"A1 actors are outside the blind-corner conflict zone"
33.7036,1,93,304,1.0000,1.0000,1.0000,1.0000,1.0000,1.0000,-4.8060,-22.4793,"7.424:0.000:18.000",0.1172,"A1 actors are outside the blind-corner conflict zone"
33.8289,1,93,305,1.0000,1.0000,1.0000,1.0000,1.0000,1.0000,-4.7327,-22.6024,"7.473:0.000:18.000",0.2424,"A1 actors are outside the blind-corner conflict zone"
33.9345,1,93,306,1.0000,1.0000,1.0000,1.0000,1.0000,1.0000,-4.6848,-22.6890,"7.515:0.000:18.000",0.0000,"A1 actors are outside the blind-corner conflict zone"
34.0389,1,93,307,1.0000,1.0000,1.0000,1.0000,1.0000,1.0000,-4.6226,-22.7971,"7.555:0.000:18.000",0.1045,"A1 actors are outside the blind-corner conflict zone"
34.1552,1,93,308,1.0000,1.0000,1.0000,1.0000,1.0000,1.0000,-4.5484,-22.9033,"7.601:0.000:18.000",0.2207,"A1 actors are outside the blind-corner conflict zone"
34.2656,1,93,309,1.0000,1.0000,1.0000,1.0000,1.0000,1.0000,-4.4846,-23.0120,"7.644:0.000:18.000",0.3311,"A1 actors are outside the blind-corner conflict zone"
34.3799,1,93,310,1.0000,1.0000,1.0000,1.0000,1.0000,1.0000,-4.4310,-23.1012,"7.688:0.000:18.000",0.0000,"A1 actors are outside the blind-corner conflict zone"
34.5020,1,93,311,1.0000,1.0000,1.0000,1.0000,1.0000,1.0000,-4.3474,-23.2053,"7.736:0.000:18.000",0.0000,"A1 actors are outside the blind-corner conflict zone"
34.6207,1,93,312,1.0000,1.0000,1.0000,1.0000,1.0000,1.0000,-4.2669,-23.2954,"7.782:0.000:18.000",0.0000,"A1 actors are outside the blind-corner conflict zone"
34.7313,1,93,313,1.0000,1.0000,1.0000,1.0000,1.0000,1.0000,-4.1860,-23.3826,"7.825:0.000:18.000",0.0000,"A1 actors are outside the blind-corner conflict zone"
34.8421,1,93,314,1.0000,1.0000,1.0000,1.0000,1.0000,1.0000,-4.0985,-23.4546,"7.869:0.000:18.000",0.0000,"A1 actors are outside the blind-corner conflict zone"
34.9527,1,93,315,1.0000,1.0000,1.0000,1.0000,1.0000,1.0000,-3.9965,-23.5327,"7.912:0.000:18.000",0.0000,"A1 actors are outside the blind-corner conflict zone"
35.0634,1,93,316,1.0000,1.0000,1.0000,1.0000,1.0000,1.0000,-3.8950,-23.5995,"7.955:0.000:18.000",0.0000,"A1 actors are outside the blind-corner conflict zone"
35.1754,1,93,317,1.0000,1.0000,1.0000,1.0000,1.0000,1.0000,-3.7948,-23.6552,"7.998:0.000:18.000",0.0000,"A1 actors are outside the blind-corner conflict zone"
35.2915,1,93,318,1.0000,1.0000,1.0000,1.0000,1.0000,1.0000,-3.6743,-23.7150,"8.044:0.000:18.000",0.0000,"A1 actors are outside the blind-corner conflict zone"
35.4090,1,93,319,1.0000,1.0000,1.0000,1.0000,1.0000,1.0000,-3.5554,-23.7544,"8.090:0.000:18.000",0.0000,"A1 actors are outside the blind-corner conflict zone"
35.5222,1,93,320,1.0000,1.0000,1.0000,1.0000,1.0000,1.0000,-3.4199,-23.7854,"8.134:0.000:18.000",0.1132,"A1 actors are outside the blind-corner conflict zone"
35.6315,1,93,321,1.0000,1.0000,1.0000,1.0000,1.0000,1.0000,-3.3023,-23.8063,"8.176:0.000:18.000",0.2225,"A1 actors are outside the blind-corner conflict zone"
35.7439,1,93,322,1.0000,1.0000,1.0000,1.0000,1.0000,1.0000,-3.1902,-23.8290,"8.220:0.000:18.000",0.3348,"A1 actors are outside the blind-corner conflict zone"
35.8516,1,93,323,1.0000,1.0000,1.0000,1.0000,1.0000,1.0000,-3.0476,-23.8615,"8.262:0.000:18.000",0.0000,"A1 actors are outside the blind-corner conflict zone"
35.9626,1,93,324,1.0000,1.0000,1.0000,1.0000,1.0000,1.0000,-2.9256,-23.8751,"8.305:0.000:18.000",0.0000,"A1 actors are outside the blind-corner conflict zone"
36.0864,1,93,325,1.0000,1.0000,1.0000,1.0000,1.0000,1.0000,-2.7761,-23.8876,"8.354:0.000:18.000",0.0000,"A1 actors are outside the blind-corner conflict zone"
36.1867,1,93,326,1.0000,1.0000,1.0000,1.0000,1.0000,1.0000,-2.6530,-23.8870,"8.393:0.000:18.000",0.1003,"A1 actors are outside the blind-corner conflict zone"
36.2929,1,93,327,1.0000,1.0000,1.0000,1.0000,1.0000,1.0000,-2.5326,-23.8878,"8.434:0.000:18.000",0.2065,"A1 actors are outside the blind-corner conflict zone"
36.3987,1,93,328,1.0000,1.0000,1.0000,1.0000,1.0000,1.0000,-2.4190,-23.8985,"8.476:0.000:18.000",0.0000,"A1 actors are outside the blind-corner conflict zone"
36.5200,1,93,329,1.0000,1.0000,1.0000,1.0000,1.0000,1.0000,-2.2732,-23.9138,"8.523:0.000:18.000",0.0000,"A1 actors are outside the blind-corner conflict zone"
36.6427,1,93,330,1.0000,1.0000,1.0000,1.0000,1.0000,1.0000,-2.1187,-23.9283,"8.571:0.000:18.000",0.1227,"A1 actors are outside the blind-corner conflict zone"
36.7679,1,93,331,1.0000,1.0000,1.0000,1.0000,1.0000,1.0000,-1.9562,-23.9363,"8.620:0.000:18.000",0.2479,"A1 actors are outside the blind-corner conflict zone"
36.8887,1,93,332,1.0000,1.0000,1.0000,1.0000,1.0000,1.0000,-1.8124,-23.9440,"8.667:0.000:18.000",0.3687,"A1 actors are outside the blind-corner conflict zone"
37.0101,1,93,333,1.0000,1.0000,1.0000,1.0000,1.0000,1.0000,-1.6696,-23.9463,"8.714:0.000:18.000",0.0000,"A1 actors are outside the blind-corner conflict zone"
37.1354,1,93,334,1.0000,1.0000,1.0000,1.0000,1.0000,1.0000,-1.5266,-23.9421,"8.763:0.000:18.000",0.0000,"A1 actors are outside the blind-corner conflict zone"
37.2487,1,93,335,1.0000,1.0000,1.0000,1.0000,1.0000,1.0000,-1.3903,-23.9411,"8.807:0.000:18.000",0.0000,"A1 actors are outside the blind-corner conflict zone"
37.3680,1,93,336,1.0000,1.0000,1.0000,1.0000,1.0000,1.0000,-1.2563,-23.9344,"8.854:0.000:18.000",0.0000,"A1 actors are outside the blind-corner conflict zone"
37.4684,1,93,337,1.0000,1.0000,1.0000,1.0000,1.0000,1.0000,-1.1175,-23.9091,"8.893:0.000:18.000",0.1005,"A1 actors are outside the blind-corner conflict zone"
37.5730,1,93,338,1.0000,1.0000,1.0000,1.0000,1.0000,1.0000,-1.0026,-23.8846,"8.934:0.000:18.000",0.2050,"A1 actors are outside the blind-corner conflict zone"
37.6988,1,93,339,1.0000,1.0000,1.0000,1.0000,1.0000,1.0000,-0.8782,-23.8643,"8.983:0.000:18.000",0.0000,"A1 actors are outside the blind-corner conflict zone"
37.8131,1,93,340,1.0000,1.0000,1.0000,1.0000,1.0000,1.0000,-0.7487,-23.8331,"9.027:0.000:18.000",0.0000,"A1 actors are outside the blind-corner conflict zone"
37.9232,1,93,341,1.0000,1.0000,1.0000,1.0000,1.0000,1.0000,-0.6152,-23.7931,"9.070:0.000:18.000",0.1101,"A1 actors are outside the blind-corner conflict zone"
38.0311,1,93,342,1.0000,1.0000,1.0000,1.0000,1.0000,1.0000,-0.4871,-23.7492,"9.112:0.000:18.000",0.0000,"A1 actors are outside the blind-corner conflict zone"
38.1423,1,93,343,1.0000,1.0000,1.0000,1.0000,1.0000,1.0000,-0.3708,-23.7006,"9.156:0.000:18.000",0.0000,"A1 actors are outside the blind-corner conflict zone"
38.2558,1,93,344,1.0000,1.0000,1.0000,1.0000,1.0000,1.0000,-0.2363,-23.6568,"9.200:0.000:18.000",0.1134,"A1 actors are outside the blind-corner conflict zone"
38.3676,1,93,345,1.0000,1.0000,1.0000,1.0000,1.0000,1.0000,-0.1116,-23.6238,"9.243:0.000:18.000",0.0000,"A1 actors are outside the blind-corner conflict zone"
38.4879,1,93,346,1.0000,1.0000,1.0000,1.0000,1.0000,1.0000,0.0326,-23.5918,"9.290:0.000:18.000",0.1203,"A1 actors are outside the blind-corner conflict zone"
38.6048,1,93,347,1.0000,1.0000,1.0000,1.0000,1.0000,1.0000,0.1662,-23.5631,"9.336:0.000:18.000",0.2372,"A1 actors are outside the blind-corner conflict zone"
38.7292,1,93,348,1.0000,1.0000,1.0000,1.0000,1.0000,1.0000,0.3237,-23.5375,"9.384:0.000:18.000",0.3617,"A1 actors are outside the blind-corner conflict zone"
38.8391,1,93,349,1.0000,1.0000,1.0000,1.0000,1.0000,1.0000,0.4580,-23.5116,"9.427:0.000:18.000",0.0000,"A1 actors are outside the blind-corner conflict zone"
38.9509,1,93,350,1.0000,1.0000,1.0000,1.0000,1.0000,1.0000,0.5815,-23.4710,"9.471:0.000:18.000",0.1118,"A1 actors are outside the blind-corner conflict zone"
39.0634,1,93,351,1.0000,1.0000,1.0000,1.0000,1.0000,1.0000,0.6806,-23.4427,"9.515:0.000:18.000",0.0000,"A1 actors are outside the blind-corner conflict zone"
39.1814,1,93,352,1.0000,1.0000,1.0000,1.0000,1.0000,1.0000,0.8094,-23.4046,"9.561:0.000:18.000",0.0000,"A1 actors are outside the blind-corner conflict zone"
39.3063,1,93,353,1.0000,1.0000,1.0000,1.0000,1.0000,1.0000,0.9409,-23.3619,"9.610:0.000:18.000",0.0000,"A1 actors are outside the blind-corner conflict zone"
39.4238,1,93,354,1.0000,1.0000,1.0000,1.0000,1.0000,1.0000,1.0921,-23.3255,"9.655:0.000:18.000",0.0000,"A1 actors are outside the blind-corner conflict zone"
39.5335,1,93,355,1.0000,1.0000,1.0000,1.0000,1.0000,1.0000,1.2203,-23.3064,"9.698:0.000:18.000",0.0000,"A1 actors are outside the blind-corner conflict zone"
39.6443,1,93,356,1.0000,1.0000,1.0000,1.0000,1.0000,1.0000,1.3507,-23.2944,"9.741:0.000:18.000",0.1109,"A1 actors are outside the blind-corner conflict zone"
39.7588,1,93,357,1.0000,1.0000,1.0000,1.0000,1.0000,1.0000,1.4852,-23.2862,"9.786:0.000:18.000",0.0000,"A1 actors are outside the blind-corner conflict zone"
39.8666,1,93,358,1.0000,1.0000,1.0000,1.0000,1.0000,1.0000,1.6333,-23.2699,"9.828:0.000:18.000",0.0000,"A1 actors are outside the blind-corner conflict zone"
39.9773,1,93,359,1.0000,1.0000,1.0000,1.0000,1.0000,1.0000,1.7425,-23.2573,"9.871:0.000:18.000",0.1107,"A1 actors are outside the blind-corner conflict zone"
40.1026,1,93,360,1.0000,1.0000,1.0000,1.0000,1.0000,1.0000,1.9018,-23.2396,"9.920:0.000:18.000",0.2360,"A1 actors are outside the blind-corner conflict zone"
40.2243,1,93,361,1.0000,1.0000,1.0000,1.0000,1.0000,1.0000,2.0418,-23.2459,"9.968:0.000:18.000",0.0000,"A1 actors are outside the blind-corner conflict zone"
40.3508,1,93,362,1.0000,1.0000,1.0000,1.0000,1.0000,1.0000,2.1551,-23.2551,"10.017:0.000:18.000",0.0000,"A1 actors are outside the blind-corner conflict zone"
40.4669,1,93,363,1.0000,1.0000,1.0000,1.0000,1.0000,1.0000,2.2679,-23.2650,"10.062:0.000:18.000",0.1161,"A1 actors are outside the blind-corner conflict zone"
40.5998,1,93,364,1.0000,1.0000,1.0000,1.0000,1.0000,1.0000,2.4005,-23.2871,"10.114:0.000:18.000",0.2490,"A1 actors are outside the blind-corner conflict zone"
40.7018,1,93,365,1.0000,1.0000,1.0000,1.0000,1.0000,1.0000,2.4881,-23.3085,"10.154:0.000:18.000",0.0000,"A1 actors are outside the blind-corner conflict zone"
40.8125,1,93,366,1.0000,1.0000,1.0000,1.0000,1.0000,1.0000,2.5668,-23.3349,"10.197:0.000:18.000",0.1107,"A1 actors are outside the blind-corner conflict zone"
40.9433,1,93,367,1.0000,1.0000,1.0000,1.0000,1.0000,1.0000,2.6799,-23.3846,"10.248:0.000:18.000",0.0000,"A1 actors are outside the blind-corner conflict zone"
41.0735,1,93,368,1.0000,1.0000,1.0000,1.0000,1.0000,1.0000,2.8068,-23.4432,"10.299:0.000:18.000",0.1302,"A1 actors are outside the blind-corner conflict zone"
41.1753,1,93,369,1.0000,1.0000,1.0000,1.0000,1.0000,1.0000,2.8957,-23.4838,"10.338:0.000:18.000",0.0000,"A1 actors are outside the blind-corner conflict zone"
41.2811,1,93,370,1.0000,1.0000,1.0000,1.0000,1.0000,1.0000,2.9644,-23.5199,"10.380:0.000:18.000",0.1058,"A1 actors are outside the blind-corner conflict zone"
41.4122,1,93,371,1.0000,1.0000,1.0000,1.0000,1.0000,1.0000,3.0830,-23.5842,"10.431:0.000:18.000",0.0000,"A1 actors are outside the blind-corner conflict zone"
41.5391,1,93,372,1.0000,1.0000,1.0000,1.0000,1.0000,1.0000,3.1785,-23.6497,"10.480:0.000:18.000",0.1269,"A1 actors are outside the blind-corner conflict zone"
41.6402,1,93,373,1.0000,1.0000,1.0000,1.0000,1.0000,1.0000,3.2631,-23.7149,"10.520:0.000:18.000",0.2281,"A1 actors are outside the blind-corner conflict zone"
41.7467,1,93,374,1.0000,1.0000,1.0000,1.0000,1.0000,1.0000,3.3219,-23.7702,"10.561:0.000:18.000",0.0000,"A1 actors are outside the blind-corner conflict zone"
41.8829,1,93,375,1.0000,1.0000,1.0000,1.0000,1.0000,1.0000,3.4118,-23.8713,"10.614:0.000:18.000",0.0000,"A1 actors are outside the blind-corner conflict zone"
42.0133,1,93,376,1.0000,1.0000,1.0000,1.0000,1.0000,1.0000,3.4677,-23.9927,"10.665:0.000:18.000",0.0000,"A1 actors are outside the blind-corner conflict zone"
42.1383,1,93,377,1.0000,1.0000,1.0000,1.0000,1.0000,1.0000,3.5126,-24.1186,"10.714:0.000:18.000",0.0000,"A1 actors are outside the blind-corner conflict zone"
42.2575,1,93,378,1.0000,1.0000,1.0000,1.0000,1.0000,1.0000,3.5708,-24.2784,"10.761:0.000:18.000",0.1192,"A1 actors are outside the blind-corner conflict zone"
42.3755,1,93,379,1.0000,1.0000,1.0000,1.0000,1.0000,1.0000,3.6016,-24.4093,"10.807:0.000:18.000",0.0000,"A1 actors are outside the blind-corner conflict zone"
42.4957,1,93,380,1.0000,1.0000,1.0000,1.0000,1.0000,1.0000,3.6331,-24.5354,"10.853:0.000:18.000",0.0000,"A1 actors are outside the blind-corner conflict zone"
42.6137,1,93,381,1.0000,1.0000,1.0000,1.0000,1.0000,1.0000,3.6643,-24.6538,"10.899:0.000:18.000",0.0000,"A1 actors are outside the blind-corner conflict zone"
42.7303,1,93,382,1.0000,1.0000,1.0000,1.0000,1.0000,1.0000,3.7048,-24.7958,"10.945:0.000:18.000",0.1166,"A1 actors are outside the blind-corner conflict zone"
42.8568,1,93,383,1.0000,1.0000,1.0000,1.0000,1.0000,1.0000,3.7439,-24.9472,"10.994:0.000:18.000",0.0000,"A1 actors are outside the blind-corner conflict zone"
42.9591,1,93,384,1.0000,1.0000,1.0000,1.0000,1.0000,1.0000,3.7557,-25.0783,"11.034:0.000:18.000",0.1023,"A1 actors are outside the blind-corner conflict zone"
43.0848,1,93,385,1.0000,1.0000,1.0000,1.0000,1.0000,1.0000,3.7737,-25.2283,"11.083:0.000:18.000",0.0000,"A1 actors are outside the blind-corner conflict zone"
43.2089,1,93,386,1.0000,1.0000,1.0000,1.0000,1.0000,1.0000,3.7882,-25.3665,"11.132:0.000:18.000",0.0000,"A1 actors are outside the blind-corner conflict zone"
43.3988,1,93,387,1.0000,1.0000,1.0000,1.0000,1.0000,1.0000,3.7854,-25.6022,"11.206:0.000:18.000",0.0000,"A1 actors are outside the blind-corner conflict zone"
43.3988,1,93,388,1.0000,1.0000,1.0000,1.0000,1.0000,1.0000,3.7877,-25.6509,"11.219:0.000:18.000",0.0000,"A1 actors are outside the blind-corner conflict zone"
0.1568,1,94,1,1.0000,1.0000,1.0000,1.0000,1.0000,1.0000,-23.9969,-17.1327,"15.752:0.000:18.000",0.0000,"A1 actors are outside the blind-corner conflict zone"
0.2784,1,94,2,1.0000,1.0000,1.0000,1.0000,1.0000,1.0000,-23.9962,-17.1108,"15.704:0.000:18.000",0.1217,"A1 actors are outside the blind-corner conflict zone"
0.4022,1,94,3,1.0000,1.0000,1.0000,1.0000,1.0000,1.0000,-23.9943,-17.0653,"15.656:0.000:18.000",0.2454,"A1 actors are outside the blind-corner conflict zone"
0.5161,1,94,4,1.0000,1.0000,1.0000,1.0000,1.0000,1.0000,-23.9940,-17.0338,"15.612:0.000:18.000",0.3594,"A1 actors are outside the blind-corner conflict zone"
0.6387,1,94,5,1.0000,1.0000,1.0000,1.0000,1.0000,1.0000,-23.9910,-16.9818,"15.564:0.000:18.000",0.4820,"A1 actors are outside the blind-corner conflict zone"
0.7637,1,94,6,1.0000,1.0000,1.0000,1.0000,1.0000,1.0000,-23.9795,-16.8721,"15.515:0.000:18.000",0.0000,"A1 actors are outside the blind-corner conflict zone"
0.8701,1,94,7,1.0000,1.0000,1.0000,1.0000,1.0000,1.0000,-23.9698,-16.7850,"15.474:0.000:18.000",0.1064,"A1 actors are outside the blind-corner conflict zone"
0.9753,1,94,8,1.0000,1.0000,1.0000,1.0000,1.0000,1.0000,-23.9648,-16.6919,"15.433:0.000:18.000",0.2116,"A1 actors are outside the blind-corner conflict zone"
1.1013,1,94,9,1.0000,1.0000,1.0000,1.0000,1.0000,1.0000,-23.9575,-16.5683,"15.383:0.000:18.000",0.3375,"A1 actors are outside the blind-corner conflict zone"
1.2150,1,94,10,1.0000,1.0000,1.0000,1.0000,1.0000,1.0000,-23.9354,-16.4409,"15.339:0.000:18.000",0.0000,"A1 actors are outside the blind-corner conflict zone"
1.3307,1,94,11,1.0000,1.0000,1.0000,1.0000,1.0000,1.0000,-23.9024,-16.2906,"15.294:0.000:18.000",0.1158,"A1 actors are outside the blind-corner conflict zone"
1.4445,1,94,12,1.0000,1.0000,1.0000,1.0000,1.0000,1.0000,-23.8697,-16.1637,"15.250:0.000:18.000",0.2296,"A1 actors are outside the blind-corner conflict zone"
1.5631,1,94,13,1.0000,1.0000,1.0000,1.0000,1.0000,1.0000,-23.8225,-16.0119,"15.203:0.000:18.000",0.0000,"A1 actors are outside the blind-corner conflict zone"
1.6835,1,94,14,1.0000,1.0000,1.0000,1.0000,1.0000,1.0000,-23.7693,-15.8575,"15.156:0.000:18.000",0.0000,"A1 actors are outside the blind-corner conflict zone"
1.8023,1,94,15,1.0000,1.0000,1.0000,1.0000,1.0000,1.0000,-23.7211,-15.6789,"15.110:0.000:18.000",0.1188,"A1 actors are outside the blind-corner conflict zone"
1.9188,1,94,16,1.0000,1.0000,1.0000,1.0000,1.0000,1.0000,-23.6797,-15.5011,"15.065:0.000:18.000",0.2353,"A1 actors are outside the blind-corner conflict zone"
2.0372,1,94,17,1.0000,1.0000,1.0000,1.0000,1.0000,1.0000,-23.6409,-15.3505,"15.018:0.000:18.000",0.0000,"A1 actors are outside the blind-corner conflict zone"
2.1419,1,94,18,1.0000,1.0000,1.0000,1.0000,1.0000,1.0000,-23.6875,-15.2596,"14.978:0.000:18.000",0.0000,"A1 actors are outside the blind-corner conflict zone"
2.2596,1,94,19,1.0000,1.0000,1.0000,1.0000,1.0000,1.0000,-23.7738,-15.2133,"14.932:0.000:18.000",0.0000,"A1 actors are outside the blind-corner conflict zone"
2.3796,1,94,20,1.0000,1.0000,1.0000,1.0000,1.0000,1.0000,-23.8637,-15.2005,"14.885:0.000:18.000",0.1200,"A1 actors are outside the blind-corner conflict zone"
2.4952,1,94,21,1.0000,1.0000,1.0000,1.0000,1.0000,1.0000,-23.9079,-15.2010,"14.840:0.000:18.000",0.0000,"A1 actors are outside the blind-corner conflict zone"
2.6205,1,94,22,1.0000,1.0000,1.0000,1.0000,1.0000,1.0000,-23.9312,-15.1985,"14.791:0.000:18.000",0.0000,"A1 actors are outside the blind-corner conflict zone"
2.7471,1,94,23,1.0000,1.0000,1.0000,1.0000,1.0000,1.0000,-23.9179,-15.1995,"14.742:0.000:18.000",0.0000,"A1 actors are outside the blind-corner conflict zone"
2.8667,1,94,24,1.0000,1.0000,1.0000,1.0000,1.0000,1.0000,-23.9265,-15.1986,"14.695:0.000:18.000",0.1196,"A1 actors are outside the blind-corner conflict zone"
2.9826,1,94,25,1.0000,1.0000,1.0000,1.0000,1.0000,1.0000,-23.8938,-15.1975,"14.650:0.000:18.000",0.2354,"A1 actors are outside the blind-corner conflict zone"
3.0931,1,94,26,1.0000,1.0000,1.0000,1.0000,1.0000,1.0000,-23.8838,-15.1967,"14.607:0.000:18.000",0.3460,"A1 actors are outside the blind-corner conflict zone"
3.2446,1,94,27,1.0000,1.0000,1.0000,1.0000,1.0000,1.0000,-23.8886,-15.1973,"14.548:0.000:18.000",0.0000,"A1 actors are outside the blind-corner conflict zone"
3.3564,1,94,28,1.0000,1.0000,1.0000,1.0000,1.0000,1.0000,-23.8947,-15.1980,"14.504:0.000:18.000",0.1118,"A1 actors are outside the blind-corner conflict zone"
3.4771,1,94,29,1.0000,1.0000,1.0000,1.0000,1.0000,1.0000,-23.9074,-15.1994,"14.457:0.000:18.000",0.2325,"A1 actors are outside the blind-corner conflict zone"
3.5929,1,94,30,1.0000,1.0000,1.0000,1.0000,1.0000,1.0000,-23.9228,-15.2009,"14.412:0.000:18.000",0.0000,"A1 actors are outside the blind-corner conflict zone"
3.6930,1,94,31,1.0000,1.0000,1.0000,1.0000,1.0000,1.0000,-23.8964,-15.1954,"14.373:0.000:18.000",0.0000,"A1 actors are outside the blind-corner conflict zone"
3.8145,1,94,32,1.0000,1.0000,1.0000,1.0000,1.0000,1.0000,-23.8967,-15.1957,"14.325:0.000:18.000",0.1214,"A1 actors are outside the blind-corner conflict zone"
3.9361,1,94,33,1.0000,1.0000,1.0000,1.0000,1.0000,1.0000,-23.8974,-15.1955,"14.278:0.000:18.000",0.0000,"A1 actors are outside the blind-corner conflict zone"
4.0534,1,94,34,1.0000,1.0000,1.0000,1.0000,1.0000,1.0000,-23.8967,-15.1954,"14.232:0.000:18.000",0.1174,"A1 actors are outside the blind-corner conflict zone"
4.1743,1,94,35,1.0000,1.0000,1.0000,1.0000,1.0000,1.0000,-23.8993,-15.1964,"14.185:0.000:18.000",0.0000,"A1 actors are outside the blind-corner conflict zone"
4.2776,1,94,36,1.0000,1.0000,1.0000,1.0000,1.0000,1.0000,-23.9089,-15.1988,"14.145:0.000:18.000",0.1033,"A1 actors are outside the blind-corner conflict zone"
4.3814,1,94,37,1.0000,1.0000,1.0000,1.0000,1.0000,1.0000,-23.9467,-15.2121,"14.104:0.000:18.000",0.0000,"A1 actors are outside the blind-corner conflict zone"
4.4820,1,94,38,1.0000,1.0000,1.0000,1.0000,1.0000,1.0000,-23.9729,-15.2201,"14.065:0.000:18.000",0.0000,"A1 actors are outside the blind-corner conflict zone"
4.5894,1,94,39,1.0000,1.0000,1.0000,1.0000,1.0000,1.0000,-23.9854,-15.2229,"14.023:0.000:18.000",0.0000,"A1 actors are outside the blind-corner conflict zone"
4.6947,1,94,40,1.0000,1.0000,1.0000,1.0000,1.0000,1.0000,-23.9734,-15.2199,"13.982:0.000:18.000",0.0000,"A1 actors are outside the blind-corner conflict zone"
4.7977,1,94,41,1.0000,1.0000,1.0000,1.0000,1.0000,1.0000,-24.0015,-15.2245,"13.942:0.000:18.000",0.0000,"A1 actors are outside the blind-corner conflict zone"
4.9020,1,94,42,1.0000,1.0000,1.0000,1.0000,1.0000,1.0000,-23.9986,-15.2237,"13.901:0.000:18.000",0.0000,"A1 actors are outside the blind-corner conflict zone"
5.0022,1,94,43,1.0000,1.0000,1.0000,1.0000,1.0000,1.0000,-24.0095,-15.2268,"13.862:0.000:18.000",0.0000,"A1 actors are outside the blind-corner conflict zone"
5.1108,1,94,44,1.0000,1.0000,1.0000,1.0000,1.0000,1.0000,-24.0044,-15.2255,"13.820:0.000:18.000",0.1086,"A1 actors are outside the blind-corner conflict zone"
5.2131,1,94,45,1.0000,1.0000,1.0000,1.0000,1.0000,1.0000,-24.0274,-15.2314,"13.780:0.000:18.000",0.2109,"A1 actors are outside the blind-corner conflict zone"
5.3192,1,94,46,1.0000,1.0000,1.0000,1.0000,1.0000,1.0000,-24.0227,-15.2305,"13.738:0.000:18.000",0.0000,"A1 actors are outside the blind-corner conflict zone"
5.4206,1,94,47,1.0000,1.0000,1.0000,1.0000,1.0000,1.0000,-24.0083,-15.2260,"13.699:0.000:18.000",0.0000,"A1 actors are outside the blind-corner conflict zone"
5.5223,1,94,48,1.0000,1.0000,1.0000,1.0000,1.0000,1.0000,-23.9899,-15.2208,"13.659:0.000:18.000",0.0000,"A1 actors are outside the blind-corner conflict zone"
5.6356,1,94,49,1.0000,1.0000,1.0000,1.0000,1.0000,1.0000,-23.9913,-15.2212,"13.615:0.000:18.000",0.0000,"A1 actors are outside the blind-corner conflict zone"
5.7368,1,94,50,1.0000,1.0000,1.0000,1.0000,1.0000,1.0000,-23.9829,-15.2186,"13.576:0.000:18.000",0.1012,"A1 actors are outside the blind-corner conflict zone"
5.8384,1,94,51,1.0000,1.0000,1.0000,1.0000,1.0000,1.0000,-23.9812,-15.2186,"13.536:0.000:18.000",0.2028,"A1 actors are outside the blind-corner conflict zone"
5.9421,1,94,52,1.0000,1.0000,1.0000,1.0000,1.0000,1.0000,-23.9841,-15.2195,"13.496:0.000:18.000",0.0000,"A1 actors are outside the blind-corner conflict zone"
6.0452,1,94,53,1.0000,1.0000,1.0000,1.0000,1.0000,1.0000,-24.0059,-15.2229,"13.455:0.000:18.000",0.0000,"A1 actors are outside the blind-corner conflict zone"
6.1488,1,94,54,1.0000,1.0000,1.0000,1.0000,1.0000,1.0000,-24.0146,-15.2245,"13.415:0.000:18.000",0.0000,"A1 actors are outside the blind-corner conflict zone"
6.2490,1,94,55,1.0000,1.0000,1.0000,1.0000,1.0000,1.0000,-24.0284,-15.2254,"13.376:0.000:18.000",0.0000,"A1 actors are outside the blind-corner conflict zone"
6.3516,1,94,56,1.0000,1.0000,1.0000,1.0000,1.0000,1.0000,-24.0056,-15.2257,"13.336:0.000:18.000",0.1026,"A1 actors are outside the blind-corner conflict zone"
6.4586,1,94,57,1.0000,1.0000,1.0000,1.0000,1.0000,1.0000,-24.0043,-15.2251,"13.294:0.000:18.000",0.0000,"A1 actors are outside the blind-corner conflict zone"
6.5601,1,94,58,1.0000,1.0000,1.0000,1.0000,1.0000,1.0000,-24.0046,-15.2250,"13.254:0.000:18.000",0.0000,"A1 actors are outside the blind-corner conflict zone"
6.6622,1,94,59,1.0000,1.0000,1.0000,1.0000,1.0000,1.0000,-23.9891,-15.2251,"13.215:0.000:18.000",0.0000,"A1 actors are outside the blind-corner conflict zone"
6.7639,1,94,60,1.0000,1.0000,1.0000,1.0000,1.0000,1.0000,-23.9973,-15.2257,"13.175:0.000:18.000",0.1017,"A1 actors are outside the blind-corner conflict zone"
6.8673,1,94,61,1.0000,1.0000,1.0000,1.0000,1.0000,1.0000,-23.9878,-15.2253,"13.135:0.000:18.000",0.2051,"A1 actors are outside the blind-corner conflict zone"
6.9677,1,94,62,1.0000,1.0000,1.0000,1.0000,1.0000,1.0000,-24.0001,-15.2255,"13.096:0.000:18.000",0.0000,"A1 actors are outside the blind-corner conflict zone"
7.0694,1,94,63,1.0000,1.0000,1.0000,1.0000,1.0000,1.0000,-24.0184,-15.2267,"13.056:0.000:18.000",0.1016,"A1 actors are outside the blind-corner conflict zone"
7.1734,1,94,64,1.0000,1.0000,1.0000,1.0000,1.0000,1.0000,-24.0306,-15.2280,"13.015:0.000:18.000",0.0000,"A1 actors are outside the blind-corner conflict zone"
7.2776,1,94,65,1.0000,1.0000,1.0000,1.0000,1.0000,1.0000,-24.0234,-15.2273,"12.975:0.000:18.000",0.1042,"A1 actors are outside the blind-corner conflict zone"
7.3789,1,94,66,1.0000,1.0000,1.0000,1.0000,1.0000,1.0000,-24.0179,-15.2269,"12.935:0.000:18.000",0.2055,"A1 actors are outside the blind-corner conflict zone"
7.4820,1,94,67,1.0000,1.0000,1.0000,1.0000,1.0000,1.0000,-24.0648,-15.2308,"12.895:0.000:18.000",0.0000,"A1 actors are outside the blind-corner conflict zone"
7.5867,1,94,68,1.0000,1.0000,1.0000,1.0000,1.0000,1.0000,-24.0823,-15.2321,"12.854:0.000:18.000",0.0000,"A1 actors are outside the blind-corner conflict zone"
7.6915,1,94,69,1.0000,1.0000,1.0000,1.0000,1.0000,1.0000,-24.0877,-15.2321,"12.813:0.000:18.000",0.0000,"A1 actors are outside the blind-corner conflict zone"
7.7954,1,94,70,1.0000,1.0000,1.0000,1.0000,1.0000,1.0000,-24.0993,-15.2308,"12.773:0.000:18.000",0.0000,"A1 actors are outside the blind-corner conflict zone"
7.8964,1,94,71,1.0000,1.0000,1.0000,1.0000,1.0000,1.0000,-24.0972,-15.2304,"12.733:0.000:18.000",0.1010,"A1 actors are outside the blind-corner conflict zone"
8.0022,1,94,72,1.0000,1.0000,1.0000,1.0000,1.0000,1.0000,-24.1101,-15.2297,"12.692:0.000:18.000",0.2067,"A1 actors are outside the blind-corner conflict zone"
8.1094,1,94,73,1.0000,1.0000,1.0000,1.0000,1.0000,1.0000,-24.1106,-15.2303,"12.650:0.000:18.000",0.0000,"A1 actors are outside the blind-corner conflict zone"
8.2135,1,94,74,1.0000,1.0000,1.0000,1.0000,1.0000,1.0000,-24.1285,-15.2253,"12.610:0.000:18.000",0.1041,"A1 actors are outside the blind-corner conflict zone"
8.3177,1,94,75,1.0000,1.0000,1.0000,1.0000,1.0000,1.0000,-24.1476,-15.2165,"12.569:0.000:18.000",0.0000,"A1 actors are outside the blind-corner conflict zone"
8.4212,1,94,76,1.0000,1.0000,1.0000,1.0000,1.0000,1.0000,-24.1740,-15.1997,"12.529:0.000:18.000",0.0000,"A1 actors are outside the blind-corner conflict zone"
8.5230,1,94,77,1.0000,1.0000,1.0000,1.0000,1.0000,1.0000,-24.2055,-15.1761,"12.489:0.000:18.000",0.0000,"A1 actors are outside the blind-corner conflict zone"
8.6238,1,94,78,1.0000,1.0000,1.0000,1.0000,1.0000,1.0000,-24.2249,-15.1545,"12.450:0.000:18.000",0.0000,"A1 actors are outside the blind-corner conflict zone"
8.7256,1,94,79,1.0000,1.0000,1.0000,1.0000,1.0000,1.0000,-24.2484,-15.1203,"12.410:0.000:18.000",0.0000,"A1 actors are outside the blind-corner conflict zone"
8.8296,1,94,80,1.0000,1.0000,1.0000,1.0000,1.0000,1.0000,-24.2909,-15.0440,"12.369:0.000:18.000",0.1040,"A1 actors are outside the blind-corner conflict zone"
8.9348,1,94,81,1.0000,1.0000,1.0000,1.0000,1.0000,1.0000,-24.3180,-14.9798,"12.328:0.000:18.000",0.0000,"A1 actors are outside the blind-corner conflict zone"
9.0400,1,94,82,1.0000,1.0000,1.0000,1.0000,1.0000,1.0000,-24.3406,-14.9107,"12.287:0.000:18.000",0.0000,"A1 actors are outside the blind-corner conflict zone"
9.1451,1,94,83,1.0000,1.0000,1.0000,1.0000,1.0000,1.0000,-24.3557,-14.8265,"12.246:0.000:18.000",0.0000,"A1 actors are outside the blind-corner conflict zone"
9.2496,1,94,84,1.0000,1.0000,1.0000,1.0000,1.0000,1.0000,-24.3620,-14.7454,"12.206:0.000:18.000",0.1044,"A1 actors are outside the blind-corner conflict zone"
9.3557,1,94,85,1.0000,1.0000,1.0000,1.0000,1.0000,1.0000,-24.3592,-14.6608,"12.164:0.000:18.000",0.0000,"A1 actors are outside the blind-corner conflict zone"
9.4612,1,94,86,1.0000,1.0000,1.0000,1.0000,1.0000,1.0000,-24.3283,-14.5309,"12.123:0.000:18.000",0.0000,"A1 actors are outside the blind-corner conflict zone"
9.5668,1,94,87,1.0000,1.0000,1.0000,1.0000,1.0000,1.0000,-24.2790,-14.4418,"12.082:0.000:18.000",0.0000,"A1 actors are outside the blind-corner conflict zone"
9.6693,1,94,88,1.0000,1.0000,1.0000,1.0000,1.0000,1.0000,-24.2052,-14.3168,"12.042:0.000:18.000",0.0000,"A1 actors are outside the blind-corner conflict zone"
9.7792,1,94,89,1.0000,1.0000,1.0000,1.0000,1.0000,1.0000,-24.1375,-14.2108,"11.999:0.000:18.000",0.0000,"A1 actors are outside the blind-corner conflict zone"
9.8806,1,94,90,1.0000,1.0000,1.0000,1.0000,1.0000,1.0000,-24.0585,-14.0979,"11.960:0.000:18.000",0.0000,"A1 actors are outside the blind-corner conflict zone"
9.9914,1,94,91,1.0000,1.0000,1.0000,1.0000,1.0000,1.0000,-23.9862,-14.0008,"11.916:0.000:18.000",0.1108,"A1 actors are outside the blind-corner conflict zone"
10.0963,1,94,92,1.0000,1.0000,1.0000,1.0000,1.0000,1.0000,-23.9078,-13.9051,"11.875:0.000:18.000",0.0000,"A1 actors are outside the blind-corner conflict zone"
10.2032,1,94,93,1.0000,1.0000,1.0000,1.0000,1.0000,1.0000,-23.8202,-13.7934,"11.834:0.000:18.000",0.0000,"A1 actors are outside the blind-corner conflict zone"
10.3060,1,94,94,1.0000,1.0000,1.0000,1.0000,1.0000,1.0000,-23.7436,-13.7007,"11.794:0.000:18.000",0.1028,"A1 actors are outside the blind-corner conflict zone"
10.4120,1,94,95,1.0000,1.0000,1.0000,1.0000,1.0000,1.0000,-23.6598,-13.5866,"11.752:0.000:18.000",0.2088,"A1 actors are outside the blind-corner conflict zone"
10.5138,1,94,96,1.0000,1.0000,1.0000,1.0000,1.0000,1.0000,-23.5964,-13.4973,"11.713:0.000:18.000",0.0000,"A1 actors are outside the blind-corner conflict zone"
10.6197,1,94,97,1.0000,1.0000,1.0000,1.0000,1.0000,1.0000,-23.5239,-13.4022,"11.671:0.000:18.000",0.0000,"A1 actors are outside the blind-corner conflict zone"
10.7210,1,94,98,1.0000,1.0000,1.0000,1.0000,1.0000,1.0000,-23.4254,-13.2771,"11.632:0.000:18.000",0.0000,"A1 actors are outside the blind-corner conflict zone"
10.8211,1,94,99,1.0000,1.0000,1.0000,1.0000,1.0000,1.0000,-23.3677,-13.1925,"11.593:0.000:18.000",0.0000,"A1 actors are outside the blind-corner conflict zone"
10.9256,1,94,100,1.0000,1.0000,1.0000,1.0000,1.0000,1.0000,-23.2833,-13.0951,"11.552:0.000:18.000",0.1045,"A1 actors are outside the blind-corner conflict zone"
11.0274,1,94,101,1.0000,1.0000,1.0000,1.0000,1.0000,1.0000,-23.1989,-12.9944,"11.512:0.000:18.000",0.2064,"A1 actors are outside the blind-corner conflict zone"
11.1342,1,94,102,1.0000,1.0000,1.0000,1.0000,1.0000,1.0000,-23.1214,-12.8911,"11.471:0.000:18.000",0.0000,"A1 actors are outside the blind-corner conflict zone"
11.2382,1,94,103,1.0000,1.0000,1.0000,1.0000,1.0000,1.0000,-23.0644,-12.8097,"11.430:0.000:18.000",0.0000,"A1 actors are outside the blind-corner conflict zone"
11.3454,1,94,104,1.0000,1.0000,1.0000,1.0000,1.0000,1.0000,-22.9874,-12.7061,"11.388:0.000:18.000",0.0000,"A1 actors are outside the blind-corner conflict zone"
11.4487,1,94,105,1.0000,1.0000,1.0000,1.0000,1.0000,1.0000,-22.9323,-12.6285,"11.348:0.000:18.000",0.0000,"A1 actors are outside the blind-corner conflict zone"
11.5519,1,94,106,1.0000,1.0000,1.0000,1.0000,1.0000,1.0000,-22.8425,-12.4957,"11.308:0.000:18.000",0.0000,"A1 actors are outside the blind-corner conflict zone"
11.6528,1,94,107,1.0000,1.0000,1.0000,1.0000,1.0000,1.0000,-22.7761,-12.4089,"11.268:0.000:18.000",0.0000,"A1 actors are outside the blind-corner conflict zone"
11.7598,1,94,108,1.0000,1.0000,1.0000,1.0000,1.0000,1.0000,-22.6846,-12.3029,"11.227:0.000:18.000",0.1070,"A1 actors are outside the blind-corner conflict zone"
11.8654,1,94,109,1.0000,1.0000,1.0000,1.0000,1.0000,1.0000,-22.6402,-12.2406,"11.185:0.000:18.000",0.0000,"A1 actors are outside the blind-corner conflict zone"
11.9679,1,94,110,1.0000,1.0000,1.0000,1.0000,1.0000,1.0000,-22.5751,-12.1333,"11.145:0.000:18.000",0.1024,"A1 actors are outside the blind-corner conflict zone"
12.0726,1,94,111,1.0000,1.0000,1.0000,1.0000,1.0000,1.0000,-22.5239,-12.0434,"11.105:0.000:18.000",0.0000,"A1 actors are outside the blind-corner conflict zone"
12.1732,1,94,112,1.0000,1.0000,1.0000,1.0000,1.0000,1.0000,-22.4572,-11.9357,"11.065:0.000:18.000",0.0000,"A1 actors are outside the blind-corner conflict zone"
12.2790,1,94,113,1.0000,1.0000,1.0000,1.0000,1.0000,1.0000,-22.3903,-11.8294,"11.024:0.000:18.000",0.0000,"A1 actors are outside the blind-corner conflict zone"
12.3846,1,94,114,1.0000,1.0000,1.0000,1.0000,1.0000,1.0000,-22.3360,-11.7366,"10.983:0.000:18.000",0.1055,"A1 actors are outside the blind-corner conflict zone"
12.4887,1,94,115,1.0000,1.0000,1.0000,1.0000,1.0000,1.0000,-22.2739,-11.6310,"10.942:0.000:18.000",0.2096,"A1 actors are outside the blind-corner conflict zone"
12.5940,1,94,116,1.0000,1.0000,1.0000,1.0000,1.0000,1.0000,-22.2137,-11.5415,"10.901:0.000:18.000",0.0000,"A1 actors are outside the blind-corner conflict zone"
12.6987,1,94,117,1.0000,1.0000,1.0000,1.0000,1.0000,1.0000,-22.1510,-11.4217,"10.860:0.000:18.000",0.1047,"A1 actors are outside the blind-corner conflict zone"
12.8047,1,94,118,1.0000,1.0000,1.0000,1.0000,1.0000,1.0000,-22.0950,-11.2976,"10.819:0.000:18.000",0.0000,"A1 actors are outside the blind-corner conflict zone"
12.9059,1,94,119,1.0000,1.0000,1.0000,1.0000,1.0000,1.0000,-22.0540,-11.1677,"10.780:0.000:18.000",0.0000,"A1 actors are outside the blind-corner conflict zone"
13.0104,1,94,120,1.0000,1.0000,1.0000,1.0000,1.0000,1.0000,-22.0175,-11.0559,"10.739:0.000:18.000",0.0000,"A1 actors are outside the blind-corner conflict zone"
13.1128,1,94,121,1.0000,1.0000,1.0000,1.0000,1.0000,1.0000,-21.9693,-10.9290,"10.699:0.000:18.000",0.1025,"A1 actors are outside the blind-corner conflict zone"
13.2148,1,94,122,1.0000,1.0000,1.0000,1.0000,1.0000,1.0000,-21.9269,-10.8233,"10.659:0.000:18.000",0.0000,"A1 actors are outside the blind-corner conflict zone"
13.3151,1,94,123,1.0000,1.0000,1.0000,1.0000,1.0000,1.0000,-21.8974,-10.6865,"10.620:0.000:18.000",0.0000,"A1 actors are outside the blind-corner conflict zone"
13.4188,1,94,124,1.0000,1.0000,1.0000,1.0000,1.0000,1.0000,-21.8815,-10.5869,"10.580:0.000:18.000",0.1037,"A1 actors are outside the blind-corner conflict zone"
13.5203,1,94,125,1.0000,1.0000,1.0000,1.0000,1.0000,1.0000,-21.8589,-10.4632,"10.540:0.000:18.000",0.0000,"A1 actors are outside the blind-corner conflict zone"
13.6234,1,94,126,1.0000,1.0000,1.0000,1.0000,1.0000,1.0000,-21.8391,-10.3827,"10.500:0.000:18.000",0.0000,"A1 actors are outside the blind-corner conflict zone"
13.7243,1,94,127,1.0000,1.0000,1.0000,1.0000,1.0000,1.0000,-21.7893,-10.2447,"10.460:0.000:18.000",0.0000,"A1 actors are outside the blind-corner conflict zone"
13.8249,1,94,128,1.0000,1.0000,1.0000,1.0000,1.0000,1.0000,-21.7651,-10.1840,"10.421:0.000:18.000",0.0000,"A1 actors are outside the blind-corner conflict zone"
13.9315,1,94,129,1.0000,1.0000,1.0000,1.0000,1.0000,1.0000,-21.7181,-10.0670,"10.380:0.000:18.000",0.0000,"A1 actors are outside the blind-corner conflict zone"
14.0351,1,94,130,1.0000,1.0000,1.0000,1.0000,1.0000,1.0000,-21.6618,-9.9361,"10.339:0.000:18.000",0.0000,"A1 actors are outside the blind-corner conflict zone"
14.1355,1,94,131,1.0000,1.0000,1.0000,1.0000,1.0000,1.0000,-21.6183,-9.8257,"10.300:0.000:18.000",0.0000,"A1 actors are outside the blind-corner conflict zone"
14.2404,1,94,132,1.0000,1.0000,1.0000,1.0000,1.0000,1.0000,-21.5709,-9.7267,"10.259:0.000:18.000",0.0000,"A1 actors are outside the blind-corner conflict zone"
14.3443,1,94,133,1.0000,1.0000,1.0000,1.0000,1.0000,1.0000,-21.5081,-9.6089,"10.219:0.000:18.000",0.0000,"A1 actors are outside the blind-corner conflict zone"
14.4492,1,94,134,1.0000,1.0000,1.0000,1.0000,1.0000,1.0000,-21.4477,-9.5111,"10.178:0.000:18.000",0.0000,"A1 actors are outside the blind-corner conflict zone"
14.5525,1,94,135,1.0000,1.0000,1.0000,1.0000,1.0000,1.0000,-21.3677,-9.4054,"10.137:0.000:18.000",0.0000,"A1 actors are outside the blind-corner conflict zone"
14.6543,1,94,136,1.0000,1.0000,1.0000,1.0000,1.0000,1.0000,-21.3044,-9.3179,"10.098:0.000:18.000",0.0000,"A1 actors are outside the blind-corner conflict zone"
14.7581,1,94,137,1.0000,1.0000,1.0000,1.0000,1.0000,1.0000,-21.2401,-9.2272,"10.057:0.000:18.000",0.1038,"A1 actors are outside the blind-corner conflict zone"
14.8624,1,94,138,1.0000,1.0000,1.0000,1.0000,1.0000,1.0000,-21.1712,-9.1225,"10.017:0.000:18.000",0.2081,"A1 actors are outside the blind-corner conflict zone"
14.9640,1,94,139,1.0000,1.0000,1.0000,1.0000,1.0000,1.0000,-21.1039,-9.0258,"9.977:0.000:18.000",0.0000,"A1 actors are outside the blind-corner conflict zone"
15.0680,1,94,140,1.0000,1.0000,1.0000,1.0000,1.0000,1.0000,-21.0464,-8.9347,"9.936:0.000:18.000",0.0000,"A1 actors are outside the blind-corner conflict zone"
15.1708,1,94,141,1.0000,1.0000,1.0000,1.0000,1.0000,1.0000,-20.9825,-8.8221,"9.896:0.000:18.000",0.0000,"A1 actors are outside the blind-corner conflict zone"
15.2775,1,94,142,1.0000,1.0000,1.0000,1.0000,1.0000,1.0000,-20.9145,-8.7118,"9.855:0.000:18.000",0.1067,"A1 actors are outside the blind-corner conflict zone"
15.3826,1,94,143,1.0000,1.0000,1.0000,1.0000,1.0000,1.0000,-20.8317,-8.6045,"9.814:0.000:18.000",0.0000,"A1 actors are outside the blind-corner conflict zone"
15.4869,1,94,144,1.0000,1.0000,1.0000,1.0000,1.0000,1.0000,-20.7440,-8.4972,"9.773:0.000:18.000",0.0000,"A1 actors are outside the blind-corner conflict zone"
15.5892,1,94,145,1.0000,1.0000,1.0000,1.0000,1.0000,1.0000,-20.6613,-8.3855,"9.733:0.000:18.000",0.1023,"A1 actors are outside the blind-corner conflict zone"
15.6949,1,94,146,1.0000,1.0000,1.0000,1.0000,1.0000,1.0000,-20.5953,-8.2994,"9.692:0.000:18.000",0.0000,"A1 actors are outside the blind-corner conflict zone"
15.8001,1,94,147,1.0000,1.0000,1.0000,1.0000,1.0000,1.0000,-20.5052,-8.1735,"9.651:0.000:18.000",0.0000,"A1 actors are outside the blind-corner conflict zone"
15.9012,1,94,148,1.0000,1.0000,1.0000,1.0000,1.0000,1.0000,-20.4310,-8.0751,"9.611:0.000:18.000",0.0000,"A1 actors are outside the blind-corner conflict zone"
16.0039,1,94,149,1.0000,1.0000,1.0000,1.0000,1.0000,1.0000,-20.3582,-7.9944,"9.571:0.000:18.000",0.0000,"A1 actors are outside the blind-corner conflict zone"
16.1053,1,94,150,1.0000,1.0000,1.0000,1.0000,1.0000,1.0000,-20.2519,-7.8802,"9.532:0.000:18.000",0.0000,"A1 actors are outside the blind-corner conflict zone"
16.2111,1,94,151,1.0000,1.0000,1.0000,1.0000,1.0000,1.0000,-20.1704,-7.7859,"9.491:0.000:18.000",0.1058,"A1 actors are outside the blind-corner conflict zone"
16.3171,1,94,152,1.0000,1.0000,1.0000,1.0000,1.0000,1.0000,-20.1102,-7.7142,"9.449:0.000:18.000",0.0000,"A1 actors are outside the blind-corner conflict zone"
16.4179,1,94,153,1.0000,1.0000,1.0000,1.0000,1.0000,1.0000,-20.0219,-7.6092,"9.410:0.000:18.000",0.0000,"A1 actors are outside the blind-corner conflict zone"
16.5244,1,94,154,1.0000,1.0000,1.0000,1.0000,1.0000,1.0000,-19.9415,-7.5146,"9.368:0.000:18.000",0.0000,"A1 actors are outside the blind-corner conflict zone"
16.6276,1,94,155,1.0000,1.0000,1.0000,1.0000,1.0000,1.0000,-19.8822,-7.4141,"9.328:0.000:18.000",0.0000,"A1 actors are outside the blind-corner conflict zone"
16.7326,1,94,156,1.0000,1.0000,1.0000,1.0000,1.0000,1.0000,-19.8245,-7.3156,"9.287:0.000:18.000",0.0000,"A1 actors are outside the blind-corner conflict zone"
16.8402,1,94,157,1.0000,1.0000,1.0000,1.0000,1.0000,1.0000,-19.7727,-7.2183,"9.245:0.000:18.000",0.0000,"A1 actors are outside the blind-corner conflict zone"
16.9473,1,94,158,1.0000,1.0000,1.0000,1.0000,1.0000,1.0000,-19.7258,-7.1108,"9.203:0.000:18.000",0.0000,"A1 actors are outside the blind-corner conflict zone"
17.0488,1,94,159,1.0000,1.0000,1.0000,1.0000,1.0000,1.0000,-19.6791,-6.9730,"9.164:0.000:18.000",0.0000,"A1 actors are outside the blind-corner conflict zone"
17.1492,1,94,160,1.0000,1.0000,1.0000,1.0000,1.0000,1.0000,-19.6408,-6.8680,"9.125:0.000:18.000",0.0000,"A1 actors are outside the blind-corner conflict zone"
17.2544,1,94,161,1.0000,1.0000,1.0000,1.0000,1.0000,1.0000,-19.5966,-6.7334,"9.084:0.000:18.000",0.1052,"A1 actors are outside the blind-corner conflict zone"
17.3598,1,94,162,1.0000,1.0000,1.0000,1.0000,1.0000,1.0000,-19.5690,-6.6468,"9.043:0.000:18.000",0.2106,"A1 actors are outside the blind-corner conflict zone"
17.4663,1,94,163,1.0000,1.0000,1.0000,1.0000,1.0000,1.0000,-19.5444,-6.5262,"9.001:0.000:18.000",0.0000,"A1 actors are outside the blind-corner conflict zone"
17.5681,1,94,164,1.0000,1.0000,1.0000,1.0000,1.0000,1.0000,-19.5276,-6.4229,"8.961:0.000:18.000",0.0000,"A1 actors are outside the blind-corner conflict zone"
17.6741,1,94,165,1.0000,1.0000,1.0000,1.0000,1.0000,1.0000,-19.5094,-6.3100,"8.920:0.000:18.000",0.0000,"A1 actors are outside the blind-corner conflict zone"
17.7767,1,94,166,1.0000,1.0000,1.0000,1.0000,1.0000,1.0000,-19.5031,-6.2276,"8.880:0.000:18.000",0.1026,"A1 actors are outside the blind-corner conflict zone"
17.8819,1,94,167,1.0000,1.0000,1.0000,1.0000,1.0000,1.0000,-19.4900,-6.0823,"8.839:0.000:18.000",0.0000,"A1 actors are outside the blind-corner conflict zone"
17.9893,1,94,168,1.0000,1.0000,1.0000,1.0000,1.0000,1.0000,-19.4601,-5.9175,"8.797:0.000:18.000",0.0000,"A1 actors are outside the blind-corner conflict zone"
18.0971,1,94,169,1.0000,1.0000,1.0000,1.0000,1.0000,1.0000,-19.4406,-5.8403,"8.755:0.000:18.000",0.0000,"A1 actors are outside the blind-corner conflict zone"
18.1981,1,94,170,1.0000,1.0000,1.0000,1.0000,1.0000,1.0000,-19.4067,-5.7280,"8.716:0.000:18.000",0.1010,"A1 actors are outside the blind-corner conflict zone"
18.3067,1,94,171,1.0000,1.0000,1.0000,1.0000,1.0000,1.0000,-19.3699,-5.6006,"8.673:0.000:18.000",0.2096,"A1 actors are outside the blind-corner conflict zone"
18.4120,1,94,172,1.0000,1.0000,1.0000,1.0000,1.0000,1.0000,-19.3383,-5.4986,"8.632:0.000:18.000",0.3149,"A1 actors are outside the blind-corner conflict zone"
18.5125,1,94,173,1.0000,1.0000,1.0000,1.0000,1.0000,1.0000,-19.3032,-5.4150,"8.593:0.000:18.000",0.0000,"A1 actors are outside the blind-corner conflict zone"
18.6164,1,94,174,1.0000,1.0000,1.0000,1.0000,1.0000,1.0000,-19.2576,-5.3188,"8.553:0.000:18.000",0.0000,"A1 actors are outside the blind-corner conflict zone"
18.7197,1,94,175,1.0000,1.0000,1.0000,1.0000,1.0000,1.0000,-19.2269,-5.2564,"8.512:0.000:18.000",0.1032,"A1 actors are outside the blind-corner conflict zone"
18.8225,1,94,176,1.0000,1.0000,1.0000,1.0000,1.0000,1.0000,-19.1547,-5.1274,"8.472:0.000:18.000",0.0000,"A1 actors are outside the blind-corner conflict zone"
18.9256,1,94,177,1.0000,1.0000,1.0000,1.0000,1.0000,1.0000,-19.0862,-5.0238,"8.432:0.000:18.000",0.1030,"A1 actors are outside the blind-corner conflict zone"
19.0300,1,94,178,1.0000,1.0000,1.0000,1.0000,1.0000,1.0000,-19.0289,-4.9429,"8.391:0.000:18.000",0.0000,"A1 actors are outside the blind-corner conflict zone"
19.1356,1,94,179,1.0000,1.0000,1.0000,1.0000,1.0000,1.0000,-18.9602,-4.8386,"8.350:0.000:18.000",0.0000,"A1 actors are outside the blind-corner conflict zone"
19.2409,1,94,180,1.0000,1.0000,1.0000,1.0000,1.0000,1.0000,-18.8921,-4.7136,"8.309:0.000:18.000",0.1053,"A1 actors are outside the blind-corner conflict zone"
19.4503,1,94,181,1.0000,1.0000,1.0000,1.0000,1.0000,1.0000,-18.7853,-4.4684,"8.227:0.000:18.000",0.0000,"A1 actors are outside the blind-corner conflict zone"
19.5698,1,94,182,1.0000,1.0000,1.0000,1.0000,1.0000,1.0000,-18.7268,-4.3447,"8.181:0.000:18.000",0.0000,"A1 actors are outside the blind-corner conflict zone"
19.6908,1,94,183,1.0000,1.0000,1.0000,1.0000,1.0000,1.0000,-18.6736,-4.2204,"8.134:0.000:18.000",0.1210,"A1 actors are outside the blind-corner conflict zone"
19.8125,1,94,184,1.0000,1.0000,1.0000,1.0000,1.0000,1.0000,-18.6136,-4.0840,"8.086:0.000:18.000",0.0000,"A1 actors are outside the blind-corner conflict zone"
19.9171,1,94,185,1.0000,1.0000,1.0000,1.0000,1.0000,1.0000,-18.5621,-3.9658,"8.045:0.000:18.000",0.0000,"A1 actors are outside the blind-corner conflict zone"
20.0185,1,94,186,1.0000,1.0000,1.0000,1.0000,1.0000,1.0000,-18.5009,-3.8399,"8.006:0.000:18.000",0.0000,"A1 actors are outside the blind-corner conflict zone"
20.1227,1,94,187,1.0000,1.0000,1.0000,1.0000,1.0000,1.0000,-18.4438,-3.7350,"7.965:0.000:18.000",0.1043,"A1 actors are outside the blind-corner conflict zone"
20.2304,1,94,188,1.0000,1.0000,1.0000,1.0000,1.0000,1.0000,-18.3762,-3.6300,"7.923:0.000:18.000",0.0000,"A1 actors are outside the blind-corner conflict zone"
20.3307,1,94,189,1.0000,1.0000,1.0000,1.0000,1.0000,1.0000,-18.3044,-3.5246,"7.884:0.000:18.000",0.1002,"A1 actors are outside the blind-corner conflict zone"
20.4377,1,94,190,1.0000,1.0000,1.0000,1.0000,1.0000,1.0000,-18.2269,-3.4132,"7.842:0.000:18.000",0.2073,"A1 actors are outside the blind-corner conflict zone"
20.5396,1,94,191,1.0000,1.0000,1.0000,1.0000,1.0000,1.0000,-18.1579,-3.3080,"7.802:0.000:18.000",0.0000,"A1 actors are outside the blind-corner conflict zone"
20.6426,1,94,192,1.0000,1.0000,1.0000,1.0000,1.0000,1.0000,-18.0757,-3.1981,"7.762:0.000:18.000",0.0000,"A1 actors are outside the blind-corner conflict zone"
20.7452,1,94,193,1.0000,1.0000,1.0000,1.0000,1.0000,1.0000,-18.0040,-3.0896,"7.722:0.000:18.000",0.0000,"A1 actors are outside the blind-corner conflict zone"
20.8475,1,94,194,1.0000,1.0000,1.0000,1.0000,1.0000,1.0000,-17.9199,-2.9625,"7.682:0.000:18.000",0.0000,"A1 actors are outside the blind-corner conflict zone"
20.9535,1,94,195,1.0000,1.0000,1.0000,1.0000,1.0000,1.0000,-17.8659,-2.8748,"7.641:0.000:18.000",0.1060,"A1 actors are outside the blind-corner conflict zone"
21.0555,1,94,196,1.0000,1.0000,1.0000,1.0000,1.0000,1.0000,-17.7954,-2.7595,"7.601:0.000:18.000",0.0000,"A1 actors are outside the blind-corner conflict zone"
21.1633,1,94,197,1.0000,1.0000,1.0000,1.0000,1.0000,1.0000,-17.7342,-2.6730,"7.559:0.000:18.000",0.1078,"A1 actors are outside the blind-corner conflict zone"
21.2693,1,94,198,1.0000,1.0000,1.0000,1.0000,1.0000,1.0000,-17.6579,-2.5753,"7.518:0.000:18.000",0.2138,"A1 actors are outside the blind-corner conflict zone"
21.3759,1,94,199,1.0000,1.0000,1.0000,1.0000,1.0000,1.0000,-17.5814,-2.4735,"7.476:0.000:18.000",0.0000,"A1 actors are outside the blind-corner conflict zone"
21.4775,1,94,200,1.0000,1.0000,1.0000,1.0000,1.0000,1.0000,-17.5198,-2.3885,"7.437:0.000:18.000",0.0000,"A1 actors are outside the blind-corner conflict zone"
21.5777,1,94,201,1.0000,1.0000,1.0000,1.0000,1.0000,1.0000,-17.4426,-2.2880,"7.398:0.000:18.000",0.1002,"A1 actors are outside the blind-corner conflict zone"
21.6832,1,94,202,1.0000,1.0000,1.0000,1.0000,1.0000,1.0000,-17.3688,-2.2107,"7.356:0.000:18.000",0.0000,"A1 actors are outside the blind-corner conflict zone"
21.7875,1,94,203,1.0000,1.0000,1.0000,1.0000,1.0000,1.0000,-17.2823,-2.1257,"7.316:0.000:18.000",0.0000,"A1 actors are outside the blind-corner conflict zone"
21.8925,1,94,204,1.0000,1.0000,1.0000,1.0000,1.0000,1.0000,-17.1806,-2.0215,"7.275:0.000:18.000",0.0000,"A1 actors are outside the blind-corner conflict zone"
21.9986,1,94,205,1.0000,1.0000,1.0000,1.0000,1.0000,1.0000,-17.0842,-1.9174,"7.233:0.000:18.000",0.1061,"A1 actors are outside the blind-corner conflict zone"
22.1007,1,94,206,1.0000,1.0000,1.0000,1.0000,1.0000,1.0000,-17.0034,-1.8273,"7.194:0.000:18.000",0.0000,"A1 actors are outside the blind-corner conflict zone"
22.2075,1,94,207,1.0000,1.0000,1.0000,1.0000,1.0000,1.0000,-16.9436,-1.7595,"7.152:0.000:18.000",0.0000,"A1 actors are outside the blind-corner conflict zone"
22.3091,1,94,208,1.0000,1.0000,1.0000,1.0000,1.0000,1.0000,-16.8506,-1.6362,"7.112:0.000:18.000",0.0000,"A1 actors are outside the blind-corner conflict zone"
22.4106,1,94,209,1.0000,1.0000,1.0000,1.0000,1.0000,1.0000,-16.7807,-1.5321,"7.073:0.000:18.000",0.0000,"A1 actors are outside the blind-corner conflict zone"
22.5169,1,94,210,1.0000,1.0000,1.0000,1.0000,1.0000,1.0000,-16.7082,-1.4190,"7.031:0.000:18.000",0.0000,"A1 actors are outside the blind-corner conflict zone"
22.6242,1,94,211,1.0000,1.0000,1.0000,1.0000,1.0000,1.0000,-16.6331,-1.2945,"6.989:0.000:18.000",0.0000,"A1 actors are outside the blind-corner conflict zone"
22.7273,1,94,212,1.0000,1.0000,1.0000,1.0000,1.0000,1.0000,-16.5764,-1.1860,"6.949:0.000:18.000",0.0000,"A1 actors are outside the blind-corner conflict zone"
22.8316,1,94,213,1.0000,1.0000,1.0000,1.0000,1.0000,1.0000,-16.5238,-1.0932,"6.909:0.000:18.000",0.0000,"A1 actors are outside the blind-corner conflict zone"
22.9321,1,94,214,1.0000,1.0000,1.0000,1.0000,1.0000,1.0000,-16.4896,-1.0330,"6.869:0.000:18.000",0.1005,"A1 actors are outside the blind-corner conflict zone"
23.0354,1,94,215,1.0000,1.0000,1.0000,1.0000,1.0000,1.0000,-16.4383,-0.9331,"6.829:0.000:18.000",0.0000,"A1 actors are outside the blind-corner conflict zone"
23.1397,1,94,216,1.0000,1.0000,1.0000,1.0000,1.0000,1.0000,-16.3711,-0.7883,"6.788:0.000:18.000",0.1043,"A1 actors are outside the blind-corner conflict zone"
23.2421,1,94,217,1.0000,1.0000,1.0000,1.0000,1.0000,1.0000,-16.3150,-0.6863,"6.749:0.000:18.000",0.0000,"A1 actors are outside the blind-corner conflict zone"
23.3489,1,94,218,1.0000,1.0000,1.0000,1.0000,1.0000,1.0000,-16.2637,-0.5478,"6.707:0.000:18.000",0.0000,"A1 actors are outside the blind-corner conflict zone"
23.4553,1,94,219,1.0000,1.0000,1.0000,1.0000,1.0000,1.0000,-16.2288,-0.4465,"6.665:0.000:18.000",0.0000,"A1 actors are outside the blind-corner conflict zone"
23.5564,1,94,220,1.0000,1.0000,1.0000,1.0000,1.0000,1.0000,-16.1814,-0.3203,"6.626:0.000:18.000",0.1011,"A1 actors are outside the blind-corner conflict zone"
23.6570,1,94,221,1.0000,1.0000,1.0000,1.0000,1.0000,1.0000,-16.1203,-0.1861,"6.587:0.000:18.000",0.2017,"A1 actors are outside the blind-corner conflict zone"
23.7625,1,94,222,1.0000,1.0000,1.0000,1.0000,1.0000,1.0000,-16.0727,-0.0821,"6.546:0.000:18.000",0.0000,"A1 actors are outside the blind-corner conflict zone"
23.8690,1,94,223,1.0000,1.0000,1.0000,1.0000,1.0000,1.0000,-16.0169,0.0334,"6.504:0.000:18.000",0.0000,"A1 actors are outside the blind-corner conflict zone"
23.9720,1,94,224,1.0000,1.0000,1.0000,1.0000,1.0000,1.0000,-15.9608,0.1346,"6.464:0.000:18.000",0.0000,"A1 actors are outside the blind-corner conflict zone"
24.0788,1,94,225,1.0000,1.0000,1.0000,1.0000,1.0000,1.0000,-15.8898,0.2603,"6.422:0.000:18.000",0.0000,"A1 actors are outside the blind-corner conflict zone"
24.1820,1,94,226,1.0000,1.0000,1.0000,1.0000,1.0000,1.0000,-15.8225,0.3699,"6.382:0.000:18.000",0.0000,"A1 actors are outside the blind-corner conflict zone"
24.2821,1,94,227,1.0000,1.0000,1.0000,1.0000,1.0000,1.0000,-15.7530,0.4757,"6.343:0.000:18.000",0.0000,"A1 actors are outside the blind-corner conflict zone"
24.3882,1,94,228,1.0000,1.0000,1.0000,1.0000,1.0000,1.0000,-15.7033,0.5497,"6.302:0.000:18.000",0.0000,"A1 actors are outside the blind-corner conflict zone"
24.4901,1,94,229,1.0000,1.0000,1.0000,1.0000,1.0000,1.0000,-15.6432,0.6458,"6.262:0.000:18.000",0.1019,"A1 actors are outside the blind-corner conflict zone"
24.5901,1,94,230,1.0000,1.0000,1.0000,1.0000,1.0000,1.0000,-15.5551,0.7714,"6.223:0.000:18.000",0.0000,"A1 actors are outside the blind-corner conflict zone"
24.6926,1,94,231,1.0000,1.0000,1.0000,1.0000,1.0000,1.0000,-15.4640,0.8816,"6.183:0.000:18.000",0.0000,"A1 actors are outside the blind-corner conflict zone"
24.7928,1,94,232,1.0000,1.0000,1.0000,1.0000,1.0000,1.0000,-15.3910,0.9692,"6.144:0.000:18.000",0.0000,"A1 actors are outside the blind-corner conflict zone"
24.8974,1,94,233,1.0000,1.0000,1.0000,1.0000,1.0000,1.0000,-15.3381,1.0358,"6.103:0.000:18.000",0.1046,"A1 actors are outside the blind-corner conflict zone"
24.9994,1,94,234,1.0000,1.0000,1.0000,1.0000,1.0000,1.0000,-15.2724,1.1052,"6.063:0.000:18.000",0.2066,"A1 actors are outside the blind-corner conflict zone"
25.1027,1,94,235,1.0000,1.0000,1.0000,1.0000,1.0000,1.0000,-15.1925,1.1801,"6.023:0.000:18.000",0.0000,"A1 actors are outside the blind-corner conflict zone"
25.2175,1,94,236,1.0000,1.0000,1.0000,1.0000,1.0000,1.0000,-15.0863,1.2571,"5.978:0.000:18.000",0.1148,"A1 actors are outside the blind-corner conflict zone"
25.3300,1,94,237,1.0000,1.0000,1.0000,1.0000,1.0000,1.0000,-14.9780,1.3323,"5.934:0.000:18.000",0.0000,"A1 actors are outside the blind-corner conflict zone"
25.5332,1,94,238,1.0000,1.0000,1.0000,1.0000,1.0000,1.0000,-14.7745,1.4325,"5.855:0.000:18.000",0.0000,"A1 actors are outside the blind-corner conflict zone"
25.6572,1,94,239,1.0000,1.0000,1.0000,1.0000,1.0000,1.0000,-14.6405,1.4822,"5.807:0.000:18.000",0.1240,"A1 actors are outside the blind-corner conflict zone"
25.7772,1,94,240,1.0000,1.0000,1.0000,1.0000,1.0000,1.0000,-14.4958,1.5288,"5.760:0.000:18.000",0.0000,"A1 actors are outside the blind-corner conflict zone"
25.9493,1,94,241,1.0000,1.0000,1.0000,1.0000,1.0000,1.0000,-14.2969,1.5907,"5.693:0.000:18.000",0.0000,"A1 actors are outside the blind-corner conflict zone"
26.0662,1,94,242,1.0000,1.0000,1.0000,1.0000,1.0000,1.0000,-14.1644,1.6252,"5.647:0.000:18.000",0.1169,"A1 actors are outside the blind-corner conflict zone"
26.1722,1,94,243,1.0000,1.0000,1.0000,1.0000,1.0000,1.0000,-14.0247,1.6604,"5.606:0.000:18.000",0.0000,"A1 actors are outside the blind-corner conflict zone"
26.2795,1,94,244,1.0000,1.0000,1.0000,1.0000,1.0000,1.0000,-13.8993,1.6926,"5.564:0.000:18.000",0.0000,"A1 actors are outside the blind-corner conflict zone"
26.3820,1,94,245,1.0000,1.0000,1.0000,1.0000,1.0000,1.0000,-13.7810,1.7148,"5.524:0.000:18.000",0.1024,"A1 actors are outside the blind-corner conflict zone"
26.4881,1,94,246,1.0000,1.0000,1.0000,1.0000,1.0000,1.0000,-13.6544,1.7402,"5.483:0.000:18.000",0.2086,"A1 actors are outside the blind-corner conflict zone"
26.5946,1,94,247,1.0000,1.0000,1.0000,1.0000,1.0000,1.0000,-13.5125,1.7654,"5.441:0.000:18.000",0.0000,"A1 actors are outside the blind-corner conflict zone"
26.6954,1,94,248,1.0000,1.0000,1.0000,1.0000,1.0000,1.0000,-13.4330,1.7807,"5.402:0.000:18.000",0.1008,"A1 actors are outside the blind-corner conflict zone"
26.7994,1,94,249,1.0000,1.0000,1.0000,1.0000,1.0000,1.0000,-13.2747,1.8042,"5.361:0.000:18.000",0.0000,"A1 actors are outside the blind-corner conflict zone"
26.9039,1,94,250,1.0000,1.0000,1.0000,1.0000,1.0000,1.0000,-13.1760,1.8287,"5.320:0.000:18.000",0.1045,"A1 actors are outside the blind-corner conflict zone"
27.0055,1,94,251,1.0000,1.0000,1.0000,1.0000,1.0000,1.0000,-13.0540,1.8685,"5.281:0.000:18.000",0.0000,"A1 actors are outside the blind-corner conflict zone"
27.1113,1,94,252,1.0000,1.0000,1.0000,1.0000,1.0000,1.0000,-12.9409,1.9108,"5.240:0.000:18.000",0.0000,"A1 actors are outside the blind-corner conflict zone"
27.2148,1,94,253,1.0000,1.0000,1.0000,1.0000,1.0000,1.0000,-12.8594,1.9450,"5.199:0.000:18.000",0.0000,"A1 actors are outside the blind-corner conflict zone"
27.3207,1,94,254,1.0000,1.0000,1.0000,1.0000,1.0000,1.0000,-12.7231,1.9980,"5.158:0.000:18.000",0.0000,"A1 actors are outside the blind-corner conflict zone"
27.4251,1,94,255,1.0000,1.0000,1.0000,1.0000,1.0000,1.0000,-12.6361,2.0327,"5.117:0.000:18.000",0.0000,"A1 actors are outside the blind-corner conflict zone"
27.5310,1,94,256,1.0000,1.0000,1.0000,1.0000,1.0000,1.0000,-12.5000,2.1036,"5.076:0.000:18.000",0.0000,"A1 actors are outside the blind-corner conflict zone"
27.6334,1,94,257,1.0000,1.0000,1.0000,1.0000,1.0000,1.0000,-12.3820,2.1733,"5.056:0.000:18.000",0.0000,"A1 actors are outside the blind-corner conflict zone"
27.7375,1,94,258,1.0000,1.0000,1.0000,1.0000,1.0000,1.0000,-12.2792,2.2299,"5.096:0.000:18.000",0.0000,"A1 actors are outside the blind-corner conflict zone"
27.8389,1,94,259,1.0000,1.0000,1.0000,1.0000,1.0000,1.0000,-12.1611,2.3019,"5.136:0.000:18.000",0.0000,"A1 actors are outside the blind-corner conflict zone"
27.9421,1,94,260,1.0000,1.0000,1.0000,1.0000,1.0000,1.0000,-12.0697,2.3443,"5.176:0.000:18.000",0.0000,"A1 actors are outside the blind-corner conflict zone"
28.0491,1,94,261,1.0000,1.0000,1.0000,1.0000,1.0000,1.0000,-11.9343,2.4094,"5.218:0.000:18.000",0.0000,"A1 actors are outside the blind-corner conflict zone"
28.1518,1,94,262,1.0000,1.0000,1.0000,1.0000,1.0000,1.0000,-11.8150,2.4767,"5.258:0.000:18.000",0.1027,"A1 actors are outside the blind-corner conflict zone"
28.2530,1,94,263,1.0000,1.0000,1.0000,1.0000,1.0000,1.0000,-11.7110,2.5363,"5.297:0.000:18.000",0.2040,"A1 actors are outside the blind-corner conflict zone"
28.3545,1,94,264,1.0000,1.0000,1.0000,1.0000,1.0000,1.0000,-11.6065,2.5975,"5.337:0.000:18.000",0.0000,"A1 actors are outside the blind-corner conflict zone"
28.4581,1,94,265,1.0000,1.0000,1.0000,1.0000,1.0000,1.0000,-11.4709,2.6810,"5.377:0.000:18.000",0.0000,"A1 actors are outside the blind-corner conflict zone"
28.5611,1,94,266,1.0000,1.0000,1.0000,1.0000,1.0000,1.0000,-11.3838,2.7410,"5.417:0.000:18.000",0.1030,"A1 actors are outside the blind-corner conflict zone"
28.6676,1,94,267,1.0000,1.0000,1.0000,1.0000,1.0000,1.0000,-11.2866,2.8181,"5.459:0.000:18.000",0.0000,"A1 actors are outside the blind-corner conflict zone"
28.7676,1,94,268,1.0000,1.0000,1.0000,1.0000,1.0000,1.0000,-11.1770,2.9051,"5.498:0.000:18.000",0.0000,"A1 actors are outside the blind-corner conflict zone"
28.8817,1,94,269,1.0000,1.0000,1.0000,1.0000,1.0000,1.0000,-11.0770,2.9722,"5.542:0.000:18.000",0.1141,"A1 actors are outside the blind-corner conflict zone"
28.9849,1,94,270,1.0000,1.0000,1.0000,1.0000,1.0000,1.0000,-10.9844,3.0168,"5.583:0.000:18.000",0.0000,"A1 actors are outside the blind-corner conflict zone"
29.0939,1,94,271,1.0000,1.0000,1.0000,1.0000,1.0000,1.0000,-10.8780,3.0601,"5.625:0.000:18.000",0.0000,"A1 actors are outside the blind-corner conflict zone"
29.1959,1,94,272,1.0000,1.0000,1.0000,1.0000,1.0000,1.0000,-10.7562,3.1170,"5.665:0.000:18.000",0.1020,"A1 actors are outside the blind-corner conflict zone"
29.3002,1,94,273,1.0000,1.0000,1.0000,1.0000,1.0000,1.0000,-10.6744,3.1590,"5.706:0.000:18.000",0.0000,"A1 actors are outside the blind-corner conflict zone"
29.4031,1,94,274,1.0000,1.0000,1.0000,1.0000,1.0000,1.0000,-10.5536,3.2220,"5.746:0.000:18.000",0.1029,"A1 actors are outside the blind-corner conflict zone"
29.5079,1,94,275,1.0000,1.0000,1.0000,1.0000,1.0000,1.0000,-10.4575,3.2745,"5.787:0.000:18.000",0.0000,"A1 actors are outside the blind-corner conflict zone"
29.6089,1,94,276,1.0000,1.0000,1.0000,1.0000,1.0000,1.0000,-10.3644,3.3339,"5.826:0.000:18.000",0.0000,"A1 actors are outside the blind-corner conflict zone"
29.7119,1,94,277,1.0000,1.0000,1.0000,1.0000,1.0000,1.0000,-10.2622,3.3932,"5.866:0.000:18.000",0.0000,"A1 actors are outside the blind-corner conflict zone"
29.8187,1,94,278,1.0000,1.0000,1.0000,1.0000,1.0000,1.0000,-10.1750,3.4423,"5.908:0.000:18.000",0.1068,"A1 actors are outside the blind-corner conflict zone"
29.9267,1,94,279,1.0000,1.0000,1.0000,1.0000,1.0000,1.0000,-10.0548,3.5173,"5.950:0.000:18.000",0.0000,"A1 actors are outside the blind-corner conflict zone"
30.0269,1,94,280,1.0000,1.0000,1.0000,1.0000,1.0000,1.0000,-9.9600,3.5734,"5.989:0.000:18.000",0.1002,"A1 actors are outside the blind-corner conflict zone"
30.1314,1,94,281,1.0000,1.0000,1.0000,1.0000,1.0000,1.0000,-9.8734,3.6197,"6.030:0.000:18.000",0.0000,"A1 actors are outside the blind-corner conflict zone"
30.2348,1,94,282,1.0000,1.0000,1.0000,1.0000,1.0000,1.0000,-9.7374,3.6845,"6.070:0.000:18.000",0.0000,"A1 actors are outside the blind-corner conflict zone"
30.3362,1,94,283,1.0000,1.0000,1.0000,1.0000,1.0000,1.0000,-9.6435,3.7258,"6.110:0.000:18.000",0.0000,"A1 actors are outside the blind-corner conflict zone"
30.4380,1,94,284,1.0000,1.0000,1.0000,1.0000,1.0000,1.0000,-9.5218,3.7823,"6.149:0.000:18.000",0.1018,"A1 actors are outside the blind-corner conflict zone"
30.5408,1,94,285,1.0000,1.0000,1.0000,1.0000,1.0000,1.0000,-9.4372,3.8268,"6.189:0.000:18.000",0.0000,"A1 actors are outside the blind-corner conflict zone"
30.6481,1,94,286,1.0000,1.0000,1.0000,1.0000,1.0000,1.0000,-9.3125,3.8918,"6.231:0.000:18.000",0.1073,"A1 actors are outside the blind-corner conflict zone"
30.7517,1,94,287,1.0000,1.0000,1.0000,1.0000,1.0000,1.0000,-9.1853,3.9533,"6.272:0.000:18.000",0.0000,"A1 actors are outside the blind-corner conflict zone"
30.8575,1,94,288,1.0000,1.0000,1.0000,1.0000,1.0000,1.0000,-9.0455,3.9877,"6.313:0.000:18.000",0.0000,"A1 actors are outside the blind-corner conflict zone"
30.9597,1,94,289,1.0000,1.0000,1.0000,1.0000,1.0000,1.0000,-8.9295,4.0237,"6.353:0.000:18.000",0.0000,"A1 actors are outside the blind-corner conflict zone"
31.0661,1,94,290,1.0000,1.0000,1.0000,1.0000,1.0000,1.0000,-8.8245,4.0607,"6.394:0.000:18.000",0.1063,"A1 actors are outside the blind-corner conflict zone"
31.1717,1,94,291,1.0000,1.0000,1.0000,1.0000,1.0000,1.0000,-8.7027,4.1058,"6.436:0.000:18.000",0.0000,"A1 actors are outside the blind-corner conflict zone"
31.2774,1,94,292,1.0000,1.0000,1.0000,1.0000,1.0000,1.0000,-8.5922,4.1482,"6.477:0.000:18.000",0.1056,"A1 actors are outside the blind-corner conflict zone"
31.3803,1,94,293,1.0000,1.0000,1.0000,1.0000,1.0000,1.0000,-8.4822,4.1900,"6.517:0.000:18.000",0.2086,"A1 actors are outside the blind-corner conflict zone"
31.4874,1,94,294,1.0000,1.0000,1.0000,1.0000,1.0000,1.0000,-8.3665,4.2325,"6.559:0.000:18.000",0.0000,"A1 actors are outside the blind-corner conflict zone"
31.5897,1,94,295,1.0000,1.0000,1.0000,1.0000,1.0000,1.0000,-8.2199,4.2790,"6.599:0.000:18.000",0.0000,"A1 actors are outside the blind-corner conflict zone"
31.6927,1,94,296,1.0000,1.0000,1.0000,1.0000,1.0000,1.0000,-8.0944,4.3367,"6.639:0.000:18.000",0.0000,"A1 actors are outside the blind-corner conflict zone"
31.7932,1,94,297,1.0000,1.0000,1.0000,1.0000,1.0000,1.0000,-7.9708,4.4024,"6.678:0.000:18.000",0.0000,"A1 actors are outside the blind-corner conflict zone"
31.9004,1,94,298,1.0000,1.0000,1.0000,1.0000,1.0000,1.0000,-7.8707,4.4513,"6.720:0.000:18.000",0.0000,"A1 actors are outside the blind-corner conflict zone"
32.0037,1,94,299,1.0000,1.0000,1.0000,1.0000,1.0000,1.0000,-7.7756,4.4990,"6.760:0.000:18.000",0.1033,"A1 actors are outside the blind-corner conflict zone"
32.1046,1,94,300,1.0000,1.0000,1.0000,1.0000,1.0000,1.0000,-7.6650,4.5716,"6.799:0.000:18.000",0.0000,"A1 actors are outside the blind-corner conflict zone"
32.2049,1,94,301,1.0000,1.0000,1.0000,1.0000,1.0000,1.0000,-7.5800,4.6345,"6.838:0.000:18.000",0.0000,"A1 actors are outside the blind-corner conflict zone"
32.3141,1,94,302,1.0000,1.0000,1.0000,1.0000,1.0000,1.0000,-7.4780,4.7254,"6.881:0.000:18.000",0.0000,"A1 actors are outside the blind-corner conflict zone"
32.4222,1,94,303,1.0000,1.0000,1.0000,1.0000,1.0000,1.0000,-7.3735,4.8255,"6.923:0.000:18.000",0.0000,"A1 actors are outside the blind-corner conflict zone"
32.5306,1,94,304,1.0000,1.0000,1.0000,1.0000,1.0000,1.0000,-7.2621,4.9213,"6.966:0.000:18.000",0.0000,"A1 actors are outside the blind-corner conflict zone"
32.6348,1,94,305,1.0000,1.0000,1.0000,1.0000,1.0000,1.0000,-7.1650,4.9988,"7.006:0.000:18.000",0.0000,"A1 actors are outside the blind-corner conflict zone"
32.7355,1,94,306,1.0000,1.0000,1.0000,1.0000,1.0000,1.0000,-7.0755,5.0999,"7.045:0.000:18.000",0.0000,"A1 actors are outside the blind-corner conflict zone"
32.8402,1,94,307,1.0000,1.0000,1.0000,1.0000,1.0000,1.0000,-7.0106,5.1881,"7.086:0.000:18.000",0.0000,"A1 actors are outside the blind-corner conflict zone"
32.9484,1,94,308,1.0000,1.0000,1.0000,1.0000,1.0000,1.0000,-6.9411,5.2683,"7.128:0.000:18.000",0.0000,"A1 actors are outside the blind-corner conflict zone"
33.0593,1,94,309,1.0000,1.0000,1.0000,1.0000,1.0000,1.0000,-6.8809,5.3333,"7.172:0.000:18.000",0.0000,"A1 actors are outside the blind-corner conflict zone"
33.1621,1,94,310,1.0000,1.0000,1.0000,1.0000,1.0000,1.0000,-6.8268,5.4003,"7.212:0.000:18.000",0.0000,"A1 actors are outside the blind-corner conflict zone"
33.2697,1,94,311,1.0000,1.0000,1.0000,1.0000,1.0000,1.0000,-6.7650,5.4822,"7.254:0.000:18.000",0.0000,"A1 actors are outside the blind-corner conflict zone"
33.3768,1,94,312,1.0000,1.0000,1.0000,1.0000,1.0000,1.0000,-6.7019,5.5720,"7.296:0.000:18.000",0.0000,"A1 actors are outside the blind-corner conflict zone"
33.4849,1,94,313,1.0000,1.0000,1.0000,1.0000,1.0000,1.0000,-6.6218,5.6722,"7.338:0.000:18.000",0.0000,"A1 actors are outside the blind-corner conflict zone"
33.5931,1,94,314,1.0000,1.0000,1.0000,1.0000,1.0000,1.0000,-6.5513,5.7577,"7.380:0.000:18.000",0.0000,"A1 actors are outside the blind-corner conflict zone"
33.7001,1,94,315,1.0000,1.0000,1.0000,1.0000,1.0000,1.0000,-6.4816,5.8479,"7.422:0.000:18.000",0.0000,"A1 actors are outside the blind-corner conflict zone"
33.8023,1,94,316,1.0000,1.0000,1.0000,1.0000,1.0000,1.0000,-6.4242,5.9234,"7.461:0.000:18.000",0.0000,"A1 actors are outside the blind-corner conflict zone"
33.9087,1,94,317,1.0000,1.0000,1.0000,1.0000,1.0000,1.0000,-6.3657,6.0063,"7.503:0.000:18.000",0.1064,"A1 actors are outside the blind-corner conflict zone"
34.0153,1,94,318,1.0000,1.0000,1.0000,1.0000,1.0000,1.0000,-6.3110,6.0884,"7.545:0.000:18.000",0.2130,"A1 actors are outside the blind-corner conflict zone"
34.1154,1,94,319,1.0000,1.0000,1.0000,1.0000,1.0000,1.0000,-6.2659,6.1584,"7.584:0.000:18.000",0.0000,"A1 actors are outside the blind-corner conflict zone"
34.2243,1,94,320,1.0000,1.0000,1.0000,1.0000,1.0000,1.0000,-6.2060,6.2735,"7.626:0.000:18.000",0.0000,"A1 actors are outside the blind-corner conflict zone"
34.3322,1,94,321,1.0000,1.0000,1.0000,1.0000,1.0000,1.0000,-6.1698,6.3672,"7.668:0.000:18.000",0.0000,"A1 actors are outside the blind-corner conflict zone"
34.4342,1,94,322,1.0000,1.0000,1.0000,1.0000,1.0000,1.0000,-6.1510,6.4518,"7.708:0.000:18.000",0.0000,"A1 actors are outside the blind-corner conflict zone"
34.5431,1,94,323,1.0000,1.0000,1.0000,1.0000,1.0000,1.0000,-6.1362,6.5738,"7.750:0.000:18.000",0.0000,"A1 actors are outside the blind-corner conflict zone"
34.6446,1,94,324,1.0000,1.0000,1.0000,1.0000,1.0000,1.0000,-6.1315,6.6880,"7.790:0.000:18.000",0.1015,"A1 actors are outside the blind-corner conflict zone"
34.7449,1,94,325,1.0000,1.0000,1.0000,1.0000,1.0000,1.0000,-6.1415,6.7937,"7.829:0.000:18.000",0.0000,"A1 actors are outside the blind-corner conflict zone"
34.8462,1,94,326,1.0000,1.0000,1.0000,1.0000,1.0000,1.0000,-6.1563,6.8906,"7.869:0.000:18.000",0.1013,"A1 actors are outside the blind-corner conflict zone"
34.9531,1,94,327,1.0000,1.0000,1.0000,1.0000,1.0000,1.0000,-6.1708,6.9807,"7.910:0.000:18.000",0.0000,"A1 actors are outside the blind-corner conflict zone"
35.0539,1,94,328,1.0000,1.0000,1.0000,1.0000,1.0000,1.0000,-6.1990,7.0763,"7.950:0.000:18.000",0.0000,"A1 actors are outside the blind-corner conflict zone"
35.1564,1,94,329,1.0000,1.0000,1.0000,1.0000,1.0000,1.0000,-6.2453,7.1699,"7.990:0.000:18.000",0.1025,"A1 actors are outside the blind-corner conflict zone"
35.2619,1,94,330,1.0000,1.0000,1.0000,1.0000,1.0000,1.0000,-6.2963,7.2628,"8.031:0.000:18.000",0.2079,"A1 actors are outside the blind-corner conflict zone"
35.3657,1,94,331,1.0000,1.0000,1.0000,1.0000,1.0000,1.0000,-6.3593,7.3502,"8.071:0.000:18.000",0.0000,"A1 actors are outside the blind-corner conflict zone"
35.4697,1,94,332,1.0000,1.0000,1.0000,1.0000,1.0000,1.0000,-6.4404,7.4401,"8.112:0.000:18.000",0.0000,"A1 actors are outside the blind-corner conflict zone"
35.5757,1,94,333,1.0000,1.0000,1.0000,1.0000,1.0000,1.0000,-6.5181,7.5243,"8.153:0.000:18.000",0.0000,"A1 actors are outside the blind-corner conflict zone"
35.6793,1,94,334,1.0000,1.0000,1.0000,1.0000,1.0000,1.0000,-6.6001,7.6113,"8.193:0.000:18.000",0.1036,"A1 actors are outside the blind-corner conflict zone"
35.7800,1,94,335,1.0000,1.0000,1.0000,1.0000,1.0000,1.0000,-6.6852,7.6862,"8.233:0.000:18.000",0.2042,"A1 actors are outside the blind-corner conflict zone"
35.8865,1,94,336,1.0000,1.0000,1.0000,1.0000,1.0000,1.0000,-6.8148,7.7968,"8.274:0.000:18.000",0.0000,"A1 actors are outside the blind-corner conflict zone"
35.9927,1,94,337,1.0000,1.0000,1.0000,1.0000,1.0000,1.0000,-6.9087,7.8880,"8.316:0.000:18.000",0.0000,"A1 actors are outside the blind-corner conflict zone"
36.0978,1,94,338,1.0000,1.0000,1.0000,1.0000,1.0000,1.0000,-7.0230,7.9893,"8.357:0.000:18.000",0.1051,"A1 actors are outside the blind-corner conflict zone"
36.2000,1,94,339,1.0000,1.0000,1.0000,1.0000,1.0000,1.0000,-7.1425,8.0793,"8.397:0.000:18.000",0.2073,"A1 actors are outside the blind-corner conflict zone"
36.3047,1,94,340,1.0000,1.0000,1.0000,1.0000,1.0000,1.0000,-7.2466,8.1609,"8.437:0.000:18.000",0.3120,"A1 actors are outside the blind-corner conflict zone"
36.4073,1,94,341,1.0000,1.0000,1.0000,1.0000,1.0000,1.0000,-7.3378,8.2339,"8.477:0.000:18.000",0.0000,"A1 actors are outside the blind-corner conflict zone"
36.5161,1,94,342,1.0000,1.0000,1.0000,1.0000,1.0000,1.0000,-7.4947,8.3405,"8.520:0.000:18.000",0.0000,"A1 actors are outside the blind-corner conflict zone"
36.6177,1,94,343,1.0000,1.0000,1.0000,1.0000,1.0000,1.0000,-7.5982,8.4087,"8.559:0.000:18.000",0.0000,"A1 actors are outside the blind-corner conflict zone"
36.7247,1,94,344,1.0000,1.0000,1.0000,1.0000,1.0000,1.0000,-7.7018,8.4775,"8.601:0.000:18.000",0.1070,"A1 actors are outside the blind-corner conflict zone"
36.8247,1,94,345,1.0000,1.0000,1.0000,1.0000,1.0000,1.0000,-7.7990,8.5456,"8.640:0.000:18.000",0.0000,"A1 actors are outside the blind-corner conflict zone"
36.9273,1,94,346,1.0000,1.0000,1.0000,1.0000,1.0000,1.0000,-7.8874,8.6044,"8.680:0.000:18.000",0.1026,"A1 actors are outside the blind-corner conflict zone"
37.0325,1,94,347,1.0000,1.0000,1.0000,1.0000,1.0000,1.0000,-7.9996,8.6718,"8.721:0.000:18.000",0.0000,"A1 actors are outside the blind-corner conflict zone"
37.1352,1,94,348,1.0000,1.0000,1.0000,1.0000,1.0000,1.0000,-8.0857,8.7229,"8.761:0.000:18.000",0.1027,"A1 actors are outside the blind-corner conflict zone"
37.2407,1,94,349,1.0000,1.0000,1.0000,1.0000,1.0000,1.0000,-8.1914,8.7896,"8.802:0.000:18.000",0.0000,"A1 actors are outside the blind-corner conflict zone"
37.3453,1,94,350,1.0000,1.0000,1.0000,1.0000,1.0000,1.0000,-8.2904,8.8489,"8.843:0.000:18.000",0.0000,"A1 actors are outside the blind-corner conflict zone"
37.5887,1,94,351,1.0000,1.0000,1.0000,1.0000,1.0000,1.0000,-8.5359,9.0171,"8.938:0.000:18.000",0.0000,"A1 actors are outside the blind-corner conflict zone"
37.6979,1,94,352,1.0000,1.0000,1.0000,1.0000,1.0000,1.0000,-8.6397,9.0931,"8.981:0.000:18.000",0.1092,"A1 actors are outside the blind-corner conflict zone"
37.8002,1,94,353,1.0000,1.0000,1.0000,1.0000,1.0000,1.0000,-8.7414,9.1641,"9.021:0.000:18.000",0.0000,"A1 actors are outside the blind-corner conflict zone"
37.9202,1,94,354,1.0000,1.0000,1.0000,1.0000,1.0000,1.0000,-8.8528,9.2479,"9.067:0.000:18.000",0.1200,"A1 actors are outside the blind-corner conflict zone"
38.0279,1,94,355,1.0000,1.0000,1.0000,1.0000,1.0000,1.0000,-8.9566,9.3256,"9.109:0.000:18.000",0.0000,"A1 actors are outside the blind-corner conflict zone"
38.1378,1,94,356,1.0000,1.0000,1.0000,1.0000,1.0000,1.0000,-9.0580,9.4141,"9.152:0.000:18.000",0.1099,"A1 actors are outside the blind-corner conflict zone"
38.2435,1,94,357,1.0000,1.0000,1.0000,1.0000,1.0000,1.0000,-9.1736,9.5056,"9.193:0.000:18.000",0.0000,"A1 actors are outside the blind-corner conflict zone"
38.3484,1,94,358,1.0000,1.0000,1.0000,1.0000,1.0000,1.0000,-9.2766,9.6015,"9.234:0.000:18.000",0.0000,"A1 actors are outside the blind-corner conflict zone"
38.4652,1,94,359,1.0000,1.0000,1.0000,1.0000,1.0000,1.0000,-9.3873,9.7053,"9.280:0.000:18.000",0.1168,"A1 actors are outside the blind-corner conflict zone"
38.5789,1,94,360,1.0000,1.0000,1.0000,1.0000,1.0000,1.0000,-9.4774,9.7917,"9.324:0.000:18.000",0.0000,"A1 actors are outside the blind-corner conflict zone"
38.7139,1,94,361,1.0000,1.0000,1.0000,1.0000,1.0000,1.0000,-9.6012,9.9015,"9.377:0.000:18.000",0.0000,"A1 actors are outside the blind-corner conflict zone"
38.8428,1,94,362,1.0000,1.0000,1.0000,1.0000,1.0000,1.0000,-9.7083,10.0014,"9.427:0.000:18.000",0.1289,"A1 actors are outside the blind-corner conflict zone"
38.9664,1,94,363,1.0000,1.0000,1.0000,1.0000,1.0000,1.0000,-9.8149,10.1087,"9.475:0.000:18.000",0.0000,"A1 actors are outside the blind-corner conflict zone"
39.0827,1,94,364,1.0000,1.0000,1.0000,1.0000,1.0000,1.0000,-9.9065,10.1933,"9.521:0.000:18.000",0.1164,"A1 actors are outside the blind-corner conflict zone"
39.2130,1,94,365,1.0000,1.0000,1.0000,1.0000,1.0000,1.0000,-10.0365,10.3133,"9.572:0.000:18.000",0.2466,"A1 actors are outside the blind-corner conflict zone"
39.3182,1,94,366,1.0000,1.0000,1.0000,1.0000,1.0000,1.0000,-10.1314,10.4020,"9.613:0.000:18.000",0.0000,"A1 actors are outside the blind-corner conflict zone"
39.4187,1,94,367,1.0000,1.0000,1.0000,1.0000,1.0000,1.0000,-10.2361,10.4976,"9.652:0.000:18.000",0.1005,"A1 actors are outside the blind-corner conflict zone"
39.5196,1,94,368,1.0000,1.0000,1.0000,1.0000,1.0000,1.0000,-10.3210,10.5724,"9.691:0.000:18.000",0.0000,"A1 actors are outside the blind-corner conflict zone"
39.6433,1,94,369,1.0000,1.0000,1.0000,1.0000,1.0000,1.0000,-10.4168,10.6691,"9.739:0.000:18.000",0.1237,"A1 actors are outside the blind-corner conflict zone"
39.7604,1,94,370,1.0000,1.0000,1.0000,1.0000,1.0000,1.0000,-10.5131,10.7687,"9.785:0.000:18.000",0.2408,"A1 actors are outside the blind-corner conflict zone"
39.8894,1,94,371,1.0000,1.0000,1.0000,1.0000,1.0000,1.0000,-10.6067,10.8754,"9.835:0.000:18.000",0.3698,"A1 actors are outside the blind-corner conflict zone"
40.0137,1,94,372,1.0000,1.0000,1.0000,1.0000,1.0000,1.0000,-10.6960,10.9931,"9.884:0.000:18.000",0.0000,"A1 actors are outside the blind-corner conflict zone"
40.1449,1,94,373,1.0000,1.0000,1.0000,1.0000,1.0000,1.0000,-10.7905,11.1163,"9.935:0.000:18.000",0.0000,"A1 actors are outside the blind-corner conflict zone"
40.2658,1,94,374,1.0000,1.0000,1.0000,1.0000,1.0000,1.0000,-10.8685,11.2253,"9.982:0.000:18.000",0.0000,"A1 actors are outside the blind-corner conflict zone"
40.3908,1,94,375,1.0000,1.0000,1.0000,1.0000,1.0000,1.0000,-10.9431,11.3499,"10.031:0.000:18.000",0.1250,"A1 actors are outside the blind-corner conflict zone"
40.5135,1,94,376,1.0000,1.0000,1.0000,1.0000,1.0000,1.0000,-11.0120,11.4706,"10.079:0.000:18.000",0.2478,"A1 actors are outside the blind-corner conflict zone"
40.6358,1,94,377,1.0000,1.0000,1.0000,1.0000,1.0000,1.0000,-11.0787,11.5891,"10.127:0.000:18.000",0.3701,"A1 actors are outside the blind-corner conflict zone"
40.7565,1,94,378,1.0000,1.0000,1.0000,1.0000,1.0000,1.0000,-11.1395,11.6932,"10.174:0.000:18.000",0.0000,"A1 actors are outside the blind-corner conflict zone"
40.8814,1,94,379,1.0000,1.0000,1.0000,1.0000,1.0000,1.0000,-11.2056,11.8101,"10.222:0.000:18.000",0.0000,"A1 actors are outside the blind-corner conflict zone"
41.0054,1,94,380,1.0000,1.0000,1.0000,1.0000,1.0000,1.0000,-11.2596,11.9029,"10.271:0.000:18.000",0.0000,"A1 actors are outside the blind-corner conflict zone"
41.1316,1,94,381,1.0000,1.0000,1.0000,1.0000,1.0000,1.0000,-11.3142,12.0006,"10.320:0.000:18.000",0.1261,"A1 actors are outside the blind-corner conflict zone"
41.2431,1,94,382,1.0000,1.0000,1.0000,1.0000,1.0000,1.0000,-11.3561,12.0908,"10.363:0.000:18.000",0.0000,"A1 actors are outside the blind-corner conflict zone"
41.3632,1,94,383,1.0000,1.0000,1.0000,1.0000,1.0000,1.0000,-11.3990,12.2072,"10.410:0.000:18.000",0.0000,"A1 actors are outside the blind-corner conflict zone"
41.4775,1,94,384,1.0000,1.0000,1.0000,1.0000,1.0000,1.0000,-11.4365,12.3157,"10.455:0.000:18.000",0.0000,"A1 actors are outside the blind-corner conflict zone"
41.5930,1,94,385,1.0000,1.0000,1.0000,1.0000,1.0000,1.0000,-11.4796,12.4426,"10.500:0.000:18.000",0.0000,"A1 actors are outside the blind-corner conflict zone"
41.7077,1,94,386,1.0000,1.0000,1.0000,1.0000,1.0000,1.0000,-11.4983,12.5347,"10.545:0.000:18.000",0.1146,"A1 actors are outside the blind-corner conflict zone"
41.8355,1,94,387,1.0000,1.0000,1.0000,1.0000,1.0000,1.0000,-11.5142,12.6633,"10.594:0.000:18.000",0.0000,"A1 actors are outside the blind-corner conflict zone"
41.9519,1,94,388,1.0000,1.0000,1.0000,1.0000,1.0000,1.0000,-11.5185,12.7880,"10.640:0.000:18.000",0.0000,"A1 actors are outside the blind-corner conflict zone"
42.0770,1,94,389,1.0000,1.0000,1.0000,1.0000,1.0000,1.0000,-11.5125,12.9273,"10.689:0.000:18.000",0.1251,"A1 actors are outside the blind-corner conflict zone"
42.1941,1,94,390,1.0000,1.0000,1.0000,1.0000,1.0000,1.0000,-11.4970,13.0462,"10.734:0.000:18.000",0.0000,"A1 actors are outside the blind-corner conflict zone"
42.3081,1,94,391,1.0000,1.0000,1.0000,1.0000,1.0000,1.0000,-11.4759,13.1646,"10.779:0.000:18.000",0.0000,"A1 actors are outside the blind-corner conflict zone"
42.4331,1,94,392,1.0000,1.0000,1.0000,1.0000,1.0000,1.0000,-11.4568,13.3024,"10.827:0.000:18.000",0.1249,"A1 actors are outside the blind-corner conflict zone"
42.5538,1,94,393,1.0000,1.0000,1.0000,1.0000,1.0000,1.0000,-11.4346,13.4468,"10.875:0.000:18.000",0.0000,"A1 actors are outside the blind-corner conflict zone"
42.6805,1,94,394,1.0000,1.0000,1.0000,1.0000,1.0000,1.0000,-11.4073,13.6004,"10.924:0.000:18.000",0.1267,"A1 actors are outside the blind-corner conflict zone"
42.8056,1,94,395,1.0000,1.0000,1.0000,1.0000,1.0000,1.0000,-11.3623,13.7542,"10.973:0.000:18.000",0.0000,"A1 actors are outside the blind-corner conflict zone"
42.9249,1,94,396,1.0000,1.0000,1.0000,1.0000,1.0000,1.0000,-11.2978,13.9067,"11.019:0.000:18.000",0.0000,"A1 actors are outside the blind-corner conflict zone"
43.0312,1,94,397,1.0000,1.0000,1.0000,1.0000,1.0000,1.0000,-11.2444,14.0415,"11.061:0.000:18.000",0.1063,"A1 actors are outside the blind-corner conflict zone"
43.1333,1,94,398,1.0000,1.0000,1.0000,1.0000,1.0000,1.0000,-11.1907,14.1646,"11.101:0.000:18.000",0.0000,"A1 actors are outside the blind-corner conflict zone"
43.2510,1,94,399,1.0000,1.0000,1.0000,1.0000,1.0000,1.0000,-11.1157,14.3127,"11.146:0.000:18.000",0.1178,"A1 actors are outside the blind-corner conflict zone"
43.3705,1,94,400,1.0000,1.0000,1.0000,1.0000,1.0000,1.0000,-11.0284,14.4497,"11.193:0.000:18.000",0.0000,"A1 actors are outside the blind-corner conflict zone"
43.3705,1,94,401,1.0000,1.0000,1.0000,1.0000,1.0000,1.0000,-11.0006,14.4816,"11.203:0.000:18.000",0.0000,"A1 actors are outside the blind-corner conflict zone"
0.3076,1,95,1,1.0000,1.0000,1.0000,1.0000,1.0000,1.0000,-24.0026,-17.1514,"15.694:0.000:18.000",0.0000,"A1 actors are outside the blind-corner conflict zone"
0.4666,1,95,2,1.0000,1.0000,1.0000,1.0000,1.0000,1.0000,-24.0034,-17.1066,"15.632:0.000:18.000",0.1591,"A1 actors are outside the blind-corner conflict zone"
0.5795,1,95,3,1.0000,1.0000,1.0000,1.0000,1.0000,1.0000,-24.0049,-17.0656,"15.588:0.000:18.000",0.2720,"A1 actors are outside the blind-corner conflict zone"
0.6905,1,95,4,1.0000,1.0000,1.0000,1.0000,1.0000,1.0000,-24.0054,-16.9839,"15.545:0.000:18.000",0.0000,"A1 actors are outside the blind-corner conflict zone"
0.8166,1,95,5,1.0000,1.0000,1.0000,1.0000,1.0000,1.0000,-24.0119,-16.8907,"15.496:0.000:18.000",0.1261,"A1 actors are outside the blind-corner conflict zone"
0.9199,1,95,6,1.0000,1.0000,1.0000,1.0000,1.0000,1.0000,-24.0176,-16.7967,"15.455:0.000:18.000",0.2294,"A1 actors are outside the blind-corner conflict zone"
1.0257,1,95,7,1.0000,1.0000,1.0000,1.0000,1.0000,1.0000,-24.0236,-16.6917,"15.414:0.000:18.000",0.3351,"A1 actors are outside the blind-corner conflict zone"
1.1410,1,95,8,1.0000,1.0000,1.0000,1.0000,1.0000,1.0000,-24.0411,-16.5507,"15.369:0.000:18.000",0.0000,"A1 actors are outside the blind-corner conflict zone"
1.2577,1,95,9,1.0000,1.0000,1.0000,1.0000,1.0000,1.0000,-24.0633,-16.4064,"15.324:0.000:18.000",0.1166,"A1 actors are outside the blind-corner conflict zone"
1.3680,1,95,10,1.0000,1.0000,1.0000,1.0000,1.0000,1.0000,-24.0868,-16.2857,"15.281:0.000:18.000",0.2269,"A1 actors are outside the blind-corner conflict zone"
1.4865,1,95,11,1.0000,1.0000,1.0000,1.0000,1.0000,1.0000,-24.1144,-16.1538,"15.234:0.000:18.000",0.3454,"A1 actors are outside the blind-corner conflict zone"
1.5879,1,95,12,1.0000,1.0000,1.0000,1.0000,1.0000,1.0000,-24.1554,-16.0271,"15.195:0.000:18.000",0.0000,"A1 actors are outside the blind-corner conflict zone"
1.7090,1,95,13,1.0000,1.0000,1.0000,1.0000,1.0000,1.0000,-24.2196,-15.8570,"15.148:0.000:18.000",0.1211,"A1 actors are outside the blind-corner conflict zone"
1.8115,1,95,14,1.0000,1.0000,1.0000,1.0000,1.0000,1.0000,-24.2768,-15.7202,"15.108:0.000:18.000",0.2235,"A1 actors are outside the blind-corner conflict zone"
1.9223,1,95,15,1.0000,1.0000,1.0000,1.0000,1.0000,1.0000,-24.3355,-15.5498,"15.065:0.000:18.000",0.0000,"A1 actors are outside the blind-corner conflict zone"
2.0302,1,95,16,1.0000,1.0000,1.0000,1.0000,1.0000,1.0000,-24.3710,-15.4083,"15.022:0.000:18.000",0.1080,"A1 actors are outside the blind-corner conflict zone"
2.1338,1,95,17,1.0000,1.0000,1.0000,1.0000,1.0000,1.0000,-24.4424,-15.3087,"14.982:0.000:18.000",0.0000,"A1 actors are outside the blind-corner conflict zone"
2.2360,1,95,18,1.0000,1.0000,1.0000,1.0000,1.0000,1.0000,-24.5317,-15.2905,"14.942:0.000:18.000",0.0000,"A1 actors are outside the blind-corner conflict zone"
2.3692,1,95,19,1.0000,1.0000,1.0000,1.0000,1.0000,1.0000,-24.6469,-15.3238,"14.890:0.000:18.000",0.0000,"A1 actors are outside the blind-corner conflict zone"
2.4746,1,95,20,1.0000,1.0000,1.0000,1.0000,1.0000,1.0000,-24.6776,-15.3392,"14.849:0.000:18.000",0.0000,"A1 actors are outside the blind-corner conflict zone"
2.5778,1,95,21,1.0000,1.0000,1.0000,1.0000,1.0000,1.0000,-24.6869,-15.3472,"14.809:0.000:18.000",0.0000,"A1 actors are outside the blind-corner conflict zone"
2.6797,1,95,22,1.0000,1.0000,1.0000,1.0000,1.0000,1.0000,-24.6890,-15.3479,"14.769:0.000:18.000",0.1020,"A1 actors are outside the blind-corner conflict zone"
2.7850,1,95,23,1.0000,1.0000,1.0000,1.0000,1.0000,1.0000,-24.6827,-15.3453,"14.728:0.000:18.000",0.2072,"A1 actors are outside the blind-corner conflict zone"
2.8931,1,95,24,1.0000,1.0000,1.0000,1.0000,1.0000,1.0000,-24.6797,-15.3443,"14.686:0.000:18.000",0.0000,"A1 actors are outside the blind-corner conflict zone"
2.9968,1,95,25,1.0000,1.0000,1.0000,1.0000,1.0000,1.0000,-24.6643,-15.3363,"14.645:0.000:18.000",0.1037,"A1 actors are outside the blind-corner conflict zone"
3.0983,1,95,26,1.0000,1.0000,1.0000,1.0000,1.0000,1.0000,-24.6590,-15.3336,"14.606:0.000:18.000",0.0000,"A1 actors are outside the blind-corner conflict zone"
3.2051,1,95,27,1.0000,1.0000,1.0000,1.0000,1.0000,1.0000,-24.6625,-15.3352,"14.564:0.000:18.000",0.1068,"A1 actors are outside the blind-corner conflict zone"
3.3070,1,95,28,1.0000,1.0000,1.0000,1.0000,1.0000,1.0000,-24.6655,-15.3370,"14.524:0.000:18.000",0.0000,"A1 actors are outside the blind-corner conflict zone"
3.4105,1,95,29,1.0000,1.0000,1.0000,1.0000,1.0000,1.0000,-24.6667,-15.3377,"14.484:0.000:18.000",0.1035,"A1 actors are outside the blind-corner conflict zone"
3.5169,1,95,30,1.0000,1.0000,1.0000,1.0000,1.0000,1.0000,-24.6670,-15.3370,"14.443:0.000:18.000",0.0000,"A1 actors are outside the blind-corner conflict zone"
3.6223,1,95,31,1.0000,1.0000,1.0000,1.0000,1.0000,1.0000,-24.6710,-15.3390,"14.401:0.000:18.000",0.1054,"A1 actors are outside the blind-corner conflict zone"
3.7229,1,95,32,1.0000,1.0000,1.0000,1.0000,1.0000,1.0000,-24.6545,-15.3296,"14.362:0.000:18.000",0.2060,"A1 actors are outside the blind-corner conflict zone"
3.8257,1,95,33,1.0000,1.0000,1.0000,1.0000,1.0000,1.0000,-24.6403,-15.3204,"14.322:0.000:18.000",0.0000,"A1 actors are outside the blind-corner conflict zone"
3.9305,1,95,34,1.0000,1.0000,1.0000,1.0000,1.0000,1.0000,-24.6297,-15.3147,"14.281:0.000:18.000",0.0000,"A1 actors are outside the blind-corner conflict zone"
4.0447,1,95,35,1.0000,1.0000,1.0000,1.0000,1.0000,1.0000,-24.6341,-15.3159,"14.237:0.000:18.000",0.1142,"A1 actors are outside the blind-corner conflict zone"
4.1462,1,95,36,1.0000,1.0000,1.0000,1.0000,1.0000,1.0000,-24.6283,-15.3140,"14.197:0.000:18.000",0.0000,"A1 actors are outside the blind-corner conflict zone"
4.2525,1,95,37,1.0000,1.0000,1.0000,1.0000,1.0000,1.0000,-24.6249,-15.3120,"14.156:0.000:18.000",0.0000,"A1 actors are outside the blind-corner conflict zone"
4.3638,1,95,38,1.0000,1.0000,1.0000,1.0000,1.0000,1.0000,-24.6326,-15.3159,"14.112:0.000:18.000",0.1113,"A1 actors are outside the blind-corner conflict zone"
4.4696,1,95,39,1.0000,1.0000,1.0000,1.0000,1.0000,1.0000,-24.6593,-15.3339,"14.071:0.000:18.000",0.0000,"A1 actors are outside the blind-corner conflict zone"
4.5753,1,95,40,1.0000,1.0000,1.0000,1.0000,1.0000,1.0000,-24.6693,-15.3403,"14.030:0.000:18.000",0.0000,"A1 actors are outside the blind-corner conflict zone"
4.6789,1,95,41,1.0000,1.0000,1.0000,1.0000,1.0000,1.0000,-24.6742,-15.3420,"13.989:0.000:18.000",0.0000,"A1 actors are outside the blind-corner conflict zone"
4.7836,1,95,42,1.0000,1.0000,1.0000,1.0000,1.0000,1.0000,-24.6856,-15.3472,"13.949:0.000:18.000",0.0000,"A1 actors are outside the blind-corner conflict zone"
4.8895,1,95,43,1.0000,1.0000,1.0000,1.0000,1.0000,1.0000,-24.6961,-15.3513,"13.907:0.000:18.000",0.0000,"A1 actors are outside the blind-corner conflict zone"
4.9958,1,95,44,1.0000,1.0000,1.0000,1.0000,1.0000,1.0000,-24.7271,-15.3613,"13.866:0.000:18.000",0.1063,"A1 actors are outside the blind-corner conflict zone"
5.0977,1,95,45,1.0000,1.0000,1.0000,1.0000,1.0000,1.0000,-24.7215,-15.3601,"13.826:0.000:18.000",0.0000,"A1 actors are outside the blind-corner conflict zone"
5.2014,1,95,46,1.0000,1.0000,1.0000,1.0000,1.0000,1.0000,-24.7311,-15.3627,"13.786:0.000:18.000",0.1036,"A1 actors are outside the blind-corner conflict zone"
5.3081,1,95,47,1.0000,1.0000,1.0000,1.0000,1.0000,1.0000,-24.7085,-15.3586,"13.744:0.000:18.000",0.0000,"A1 actors are outside the blind-corner conflict zone"
5.4138,1,95,48,1.0000,1.0000,1.0000,1.0000,1.0000,1.0000,-24.6918,-15.3568,"13.703:0.000:18.000",0.0000,"A1 actors are outside the blind-corner conflict zone"
5.5199,1,95,49,1.0000,1.0000,1.0000,1.0000,1.0000,1.0000,-24.7014,-15.3562,"13.661:0.000:18.000",0.0000,"A1 actors are outside the blind-corner conflict zone"
5.6265,1,95,50,1.0000,1.0000,1.0000,1.0000,1.0000,1.0000,-24.6955,-15.3553,"13.620:0.000:18.000",0.0000,"A1 actors are outside the blind-corner conflict zone"
5.7302,1,95,51,1.0000,1.0000,1.0000,1.0000,1.0000,1.0000,-24.6817,-15.3572,"13.579:0.000:18.000",0.1036,"A1 actors are outside the blind-corner conflict zone"
5.8307,1,95,52,1.0000,1.0000,1.0000,1.0000,1.0000,1.0000,-24.6769,-15.3583,"13.540:0.000:18.000",0.2041,"A1 actors are outside the blind-corner conflict zone"
5.9329,1,95,53,1.0000,1.0000,1.0000,1.0000,1.0000,1.0000,-24.6809,-15.3583,"13.500:0.000:18.000",0.0000,"A1 actors are outside the blind-corner conflict zone"
6.0335,1,95,54,1.0000,1.0000,1.0000,1.0000,1.0000,1.0000,-24.6561,-15.3592,"13.461:0.000:18.000",0.0000,"A1 actors are outside the blind-corner conflict zone"
6.1353,1,95,55,1.0000,1.0000,1.0000,1.0000,1.0000,1.0000,-24.6639,-15.3593,"13.421:0.000:18.000",0.0000,"A1 actors are outside the blind-corner conflict zone"
6.2410,1,95,56,1.0000,1.0000,1.0000,1.0000,1.0000,1.0000,-24.6838,-15.3603,"13.380:0.000:18.000",0.0000,"A1 actors are outside the blind-corner conflict zone"
6.3427,1,95,57,1.0000,1.0000,1.0000,1.0000,1.0000,1.0000,-24.6703,-15.3599,"13.341:0.000:18.000",0.0000,"A1 actors are outside the blind-corner conflict zone"
6.4438,1,95,58,1.0000,1.0000,1.0000,1.0000,1.0000,1.0000,-24.6647,-15.3601,"13.301:0.000:18.000",0.0000,"A1 actors are outside the blind-corner conflict zone"
6.5446,1,95,59,1.0000,1.0000,1.0000,1.0000,1.0000,1.0000,-24.6664,-15.3598,"13.262:0.000:18.000",0.0000,"A1 actors are outside the blind-corner conflict zone"
6.6459,1,95,60,1.0000,1.0000,1.0000,1.0000,1.0000,1.0000,-24.6835,-15.3610,"13.222:0.000:18.000",0.0000,"A1 actors are outside the blind-corner conflict zone"
6.7479,1,95,61,1.0000,1.0000,1.0000,1.0000,1.0000,1.0000,-24.6952,-15.3614,"13.183:0.000:18.000",0.0000,"A1 actors are outside the blind-corner conflict zone"
6.8479,1,95,62,1.0000,1.0000,1.0000,1.0000,1.0000,1.0000,-24.7022,-15.3619,"13.144:0.000:18.000",0.0000,"A1 actors are outside the blind-corner conflict zone"
6.9540,1,95,63,1.0000,1.0000,1.0000,1.0000,1.0000,1.0000,-24.7008,-15.3615,"13.102:0.000:18.000",0.0000,"A1 actors are outside the blind-corner conflict zone"
7.0546,1,95,64,1.0000,1.0000,1.0000,1.0000,1.0000,1.0000,-24.7187,-15.3623,"13.063:0.000:18.000",0.0000,"A1 actors are outside the blind-corner conflict zone"
7.1623,1,95,65,1.0000,1.0000,1.0000,1.0000,1.0000,1.0000,-24.7128,-15.3614,"13.021:0.000:18.000",0.0000,"A1 actors are outside the blind-corner conflict zone"
7.2709,1,95,66,1.0000,1.0000,1.0000,1.0000,1.0000,1.0000,-24.7194,-15.3626,"12.979:0.000:18.000",0.0000,"A1 actors are outside the blind-corner conflict zone"
7.3771,1,95,67,1.0000,1.0000,1.0000,1.0000,1.0000,1.0000,-24.7164,-15.3618,"12.937:0.000:18.000",0.1062,"A1 actors are outside the blind-corner conflict zone"
7.4803,1,95,68,1.0000,1.0000,1.0000,1.0000,1.0000,1.0000,-24.7099,-15.3600,"12.897:0.000:18.000",0.2095,"A1 actors are outside the blind-corner conflict zone"
7.5822,1,95,69,1.0000,1.0000,1.0000,1.0000,1.0000,1.0000,-24.7137,-15.3608,"12.857:0.000:18.000",0.0000,"A1 actors are outside the blind-corner conflict zone"
7.6826,1,95,70,1.0000,1.0000,1.0000,1.0000,1.0000,1.0000,-24.7037,-15.3591,"12.818:0.000:18.000",0.0000,"A1 actors are outside the blind-corner conflict zone"
7.7885,1,95,71,1.0000,1.0000,1.0000,1.0000,1.0000,1.0000,-24.7179,-15.3613,"12.777:0.000:18.000",0.0000,"A1 actors are outside the blind-corner conflict zone"
7.8946,1,95,72,1.0000,1.0000,1.0000,1.0000,1.0000,1.0000,-24.7367,-15.3653,"12.735:0.000:18.000",0.0000,"A1 actors are outside the blind-corner conflict zone"
7.9953,1,95,73,1.0000,1.0000,1.0000,1.0000,1.0000,1.0000,-24.7319,-15.3651,"12.696:0.000:18.000",0.0000,"A1 actors are outside the blind-corner conflict zone"
8.0988,1,95,74,1.0000,1.0000,1.0000,1.0000,1.0000,1.0000,-24.7410,-15.3657,"12.656:0.000:18.000",0.1035,"A1 actors are outside the blind-corner conflict zone"
8.2092,1,95,75,1.0000,1.0000,1.0000,1.0000,1.0000,1.0000,-24.7384,-15.3660,"12.613:0.000:18.000",0.0000,"A1 actors are outside the blind-corner conflict zone"
8.3109,1,95,76,1.0000,1.0000,1.0000,1.0000,1.0000,1.0000,-24.7993,-15.3497,"12.573:0.000:18.000",0.0000,"A1 actors are outside the blind-corner conflict zone"
8.4247,1,95,77,1.0000,1.0000,1.0000,1.0000,1.0000,1.0000,-24.8225,-15.3398,"12.529:0.000:18.000",0.0000,"A1 actors are outside the blind-corner conflict zone"
8.5264,1,95,78,1.0000,1.0000,1.0000,1.0000,1.0000,1.0000,-24.8419,-15.3269,"12.489:0.000:18.000",0.0000,"A1 actors are outside the blind-corner conflict zone"
8.6367,1,95,79,1.0000,1.0000,1.0000,1.0000,1.0000,1.0000,-24.8704,-15.2932,"12.446:0.000:18.000",0.0000,"A1 actors are outside the blind-corner conflict zone"
8.7441,1,95,80,1.0000,1.0000,1.0000,1.0000,1.0000,1.0000,-24.8992,-15.2475,"12.404:0.000:18.000",0.0000,"A1 actors are outside the blind-corner conflict zone"
8.8504,1,95,81,1.0000,1.0000,1.0000,1.0000,1.0000,1.0000,-24.9341,-15.1656,"12.363:0.000:18.000",0.1062,"A1 actors are outside the blind-corner conflict zone"
8.9580,1,95,82,1.0000,1.0000,1.0000,1.0000,1.0000,1.0000,-24.9582,-15.1039,"12.321:0.000:18.000",0.0000,"A1 actors are outside the blind-corner conflict zone"
9.0620,1,95,83,1.0000,1.0000,1.0000,1.0000,1.0000,1.0000,-24.9832,-15.0150,"12.280:0.000:18.000",0.0000,"A1 actors are outside the blind-corner conflict zone"
9.1679,1,95,84,1.0000,1.0000,1.0000,1.0000,1.0000,1.0000,-24.9894,-14.9404,"12.239:0.000:18.000",0.1059,"A1 actors are outside the blind-corner conflict zone"
9.2729,1,95,85,1.0000,1.0000,1.0000,1.0000,1.0000,1.0000,-24.9831,-14.8521,"12.198:0.000:18.000",0.0000,"A1 actors are outside the blind-corner conflict zone"
9.3775,1,95,86,1.0000,1.0000,1.0000,1.0000,1.0000,1.0000,-24.9709,-14.7491,"12.157:0.000:18.000",0.1046,"A1 actors are outside the blind-corner conflict zone"
9.4793,1,95,87,1.0000,1.0000,1.0000,1.0000,1.0000,1.0000,-24.9399,-14.6214,"12.117:0.000:18.000",0.0000,"A1 actors are outside the blind-corner conflict zone"
9.5807,1,95,88,1.0000,1.0000,1.0000,1.0000,1.0000,1.0000,-24.8944,-14.4983,"12.078:0.000:18.000",0.0000,"A1 actors are outside the blind-corner conflict zone"
9.6875,1,95,89,1.0000,1.0000,1.0000,1.0000,1.0000,1.0000,-24.8365,-14.3947,"12.036:0.000:18.000",0.0000,"A1 actors are outside the blind-corner conflict zone"
9.7879,1,95,90,1.0000,1.0000,1.0000,1.0000,1.0000,1.0000,-24.7750,-14.3095,"11.997:0.000:18.000",0.0000,"A1 actors are outside the blind-corner conflict zone"
10.2015,1,95,91,1.0000,1.0000,1.0000,1.0000,1.0000,1.0000,-24.4308,-13.9549,"11.836:0.000:18.000",0.0000,"A1 actors are outside the blind-corner conflict zone"
10.4791,1,95,92,1.0000,1.0000,1.0000,1.0000,1.0000,1.0000,-24.1887,-13.7279,"11.727:0.000:18.000",0.2775,"A1 actors are outside the blind-corner conflict zone"
10.7170,1,95,93,1.0000,1.0000,1.0000,1.0000,1.0000,1.0000,-23.9773,-13.5411,"11.635:0.000:18.000",0.0000,"A1 actors are outside the blind-corner conflict zone"
10.9861,1,95,94,1.0000,1.0000,1.0000,1.0000,1.0000,1.0000,-23.7310,-13.3436,"11.530:0.000:18.000",0.0000,"A1 actors are outside the blind-corner conflict zone"
11.1117,1,95,95,1.0000,1.0000,1.0000,1.0000,1.0000,1.0000,-23.6023,-13.2525,"11.481:0.000:18.000",0.1257,"A1 actors are outside the blind-corner conflict zone"
11.2347,1,95,96,1.0000,1.0000,1.0000,1.0000,1.0000,1.0000,-23.4829,-13.1711,"11.433:0.000:18.000",0.0000,"A1 actors are outside the blind-corner conflict zone"
11.3536,1,95,97,1.0000,1.0000,1.0000,1.0000,1.0000,1.0000,-23.3741,-13.0915,"11.386:0.000:18.000",0.0000,"A1 actors are outside the blind-corner conflict zone"
11.4701,1,95,98,1.0000,1.0000,1.0000,1.0000,1.0000,1.0000,-23.2709,-13.0116,"11.341:0.000:18.000",0.0000,"A1 actors are outside the blind-corner conflict zone"
11.5909,1,95,99,1.0000,1.0000,1.0000,1.0000,1.0000,1.0000,-23.1563,-12.9288,"11.294:0.000:18.000",0.1209,"A1 actors are outside the blind-corner conflict zone"
11.7086,1,95,100,1.0000,1.0000,1.0000,1.0000,1.0000,1.0000,-23.0385,-12.8477,"11.248:0.000:18.000",0.0000,"A1 actors are outside the blind-corner conflict zone"
11.8208,1,95,101,1.0000,1.0000,1.0000,1.0000,1.0000,1.0000,-22.9268,-12.7783,"11.204:0.000:18.000",0.1122,"A1 actors are outside the blind-corner conflict zone"
11.9411,1,95,102,1.0000,1.0000,1.0000,1.0000,1.0000,1.0000,-22.8065,-12.6983,"11.157:0.000:18.000",0.0000,"A1 actors are outside the blind-corner conflict zone"
12.1126,1,95,103,1.0000,1.0000,1.0000,1.0000,1.0000,1.0000,-22.6299,-12.5772,"11.090:0.000:18.000",0.1714,"A1 actors are outside the blind-corner conflict zone"
12.2443,1,95,104,1.0000,1.0000,1.0000,1.0000,1.0000,1.0000,-22.5002,-12.4899,"11.039:0.000:18.000",0.0000,"A1 actors are outside the blind-corner conflict zone"
12.3630,1,95,105,1.0000,1.0000,1.0000,1.0000,1.0000,1.0000,-22.3781,-12.4075,"10.993:0.000:18.000",0.1188,"A1 actors are outside the blind-corner conflict zone"
12.4798,1,95,106,1.0000,1.0000,1.0000,1.0000,1.0000,1.0000,-22.2610,-12.3355,"10.947:0.000:18.000",0.0000,"A1 actors are outside the blind-corner conflict zone"
12.5968,1,95,107,1.0000,1.0000,1.0000,1.0000,1.0000,1.0000,-22.1337,-12.2545,"10.901:0.000:18.000",0.0000,"A1 actors are outside the blind-corner conflict zone"
12.7071,1,95,108,1.0000,1.0000,1.0000,1.0000,1.0000,1.0000,-22.0243,-12.1900,"10.858:0.000:18.000",0.1104,"A1 actors are outside the blind-corner conflict zone"
12.8175,1,95,109,1.0000,1.0000,1.0000,1.0000,1.0000,1.0000,-21.9124,-12.1180,"10.815:0.000:18.000",0.2208,"A1 actors are outside the blind-corner conflict zone"
12.9264,1,95,110,1.0000,1.0000,1.0000,1.0000,1.0000,1.0000,-21.7954,-12.0506,"10.773:0.000:18.000",0.3297,"A1 actors are outside the blind-corner conflict zone"
13.0409,1,95,111,1.0000,1.0000,1.0000,1.0000,1.0000,1.0000,-21.6761,-11.9770,"10.728:0.000:18.000",0.0000,"A1 actors are outside the blind-corner conflict zone"
13.1518,1,95,112,1.0000,1.0000,1.0000,1.0000,1.0000,1.0000,-21.5809,-11.9073,"10.685:0.000:18.000",0.1110,"A1 actors are outside the blind-corner conflict zone"
13.2639,1,95,113,1.0000,1.0000,1.0000,1.0000,1.0000,1.0000,-21.4732,-11.8316,"10.641:0.000:18.000",0.0000,"A1 actors are outside the blind-corner conflict zone"
13.3753,1,95,114,1.0000,1.0000,1.0000,1.0000,1.0000,1.0000,-21.3745,-11.7626,"10.598:0.000:18.000",0.1114,"A1 actors are outside the blind-corner conflict zone"
13.4886,1,95,115,1.0000,1.0000,1.0000,1.0000,1.0000,1.0000,-21.2753,-11.6911,"10.554:0.000:18.000",0.2247,"A1 actors are outside the blind-corner conflict zone"
13.6185,1,95,116,1.0000,1.0000,1.0000,1.0000,1.0000,1.0000,-21.1404,-11.5834,"10.503:0.000:18.000",0.0000,"A1 actors are outside the blind-corner conflict zone"
13.7354,1,95,117,1.0000,1.0000,1.0000,1.0000,1.0000,1.0000,-21.0296,-11.5102,"10.457:0.000:18.000",0.1170,"A1 actors are outside the blind-corner conflict zone"
13.8506,1,95,118,1.0000,1.0000,1.0000,1.0000,1.0000,1.0000,-20.9120,-11.4261,"10.412:0.000:18.000",0.0000,"A1 actors are outside the blind-corner conflict zone"
13.9682,1,95,119,1.0000,1.0000,1.0000,1.0000,1.0000,1.0000,-20.7914,-11.3422,"10.367:0.000:18.000",0.0000,"A1 actors are outside the blind-corner conflict zone"
14.0793,1,95,120,1.0000,1.0000,1.0000,1.0000,1.0000,1.0000,-20.6871,-11.2624,"10.323:0.000:18.000",0.0000,"A1 actors are outside the blind-corner conflict zone"
14.1970,1,95,121,1.0000,1.0000,1.0000,1.0000,1.0000,1.0000,-20.5741,-11.1588,"10.277:0.000:18.000",0.0000,"A1 actors are outside the blind-corner conflict zone"
14.3282,1,95,122,1.0000,1.0000,1.0000,1.0000,1.0000,1.0000,-20.4545,-11.0504,"10.226:0.000:18.000",0.0000,"A1 actors are outside the blind-corner conflict zone"
14.4428,1,95,123,1.0000,1.0000,1.0000,1.0000,1.0000,1.0000,-20.3385,-10.9472,"10.182:0.000:18.000",0.1145,"A1 actors are outside the blind-corner conflict zone"
14.5601,1,95,124,1.0000,1.0000,1.0000,1.0000,1.0000,1.0000,-20.2372,-10.8564,"10.136:0.000:18.000",0.2318,"A1 actors are outside the blind-corner conflict zone"
14.6813,1,95,125,1.0000,1.0000,1.0000,1.0000,1.0000,1.0000,-20.1389,-10.7652,"10.088:0.000:18.000",0.0000,"A1 actors are outside the blind-corner conflict zone"
14.7937,1,95,126,1.0000,1.0000,1.0000,1.0000,1.0000,1.0000,-20.0412,-10.6777,"10.045:0.000:18.000",0.0000,"A1 actors are outside the blind-corner conflict zone"
14.9086,1,95,127,1.0000,1.0000,1.0000,1.0000,1.0000,1.0000,-19.9276,-10.5747,"10.000:0.000:18.000",0.1150,"A1 actors are outside the blind-corner conflict zone"
15.0296,1,95,128,1.0000,1.0000,1.0000,1.0000,1.0000,1.0000,-19.8231,-10.4713,"9.953:0.000:18.000",0.0000,"A1 actors are outside the blind-corner conflict zone"
15.1595,1,95,129,1.0000,1.0000,1.0000,1.0000,1.0000,1.0000,-19.7210,-10.3773,"9.902:0.000:18.000",0.1299,"A1 actors are outside the blind-corner conflict zone"
15.2888,1,95,130,1.0000,1.0000,1.0000,1.0000,1.0000,1.0000,-19.6090,-10.2679,"9.852:0.000:18.000",0.0000,"A1 actors are outside the blind-corner conflict zone"
15.4027,1,95,131,1.0000,1.0000,1.0000,1.0000,1.0000,1.0000,-19.5152,-10.1706,"9.807:0.000:18.000",0.0000,"A1 actors are outside the blind-corner conflict zone"
15.5232,1,95,132,1.0000,1.0000,1.0000,1.0000,1.0000,1.0000,-19.4121,-10.0647,"9.760:0.000:18.000",0.1206,"A1 actors are outside the blind-corner conflict zone"
15.6546,1,95,133,1.0000,1.0000,1.0000,1.0000,1.0000,1.0000,-19.2890,-9.9433,"9.709:0.000:18.000",0.2519,"A1 actors are outside the blind-corner conflict zone"
15.7711,1,95,134,1.0000,1.0000,1.0000,1.0000,1.0000,1.0000,-19.1904,-9.8561,"9.664:0.000:18.000",0.0000,"A1 actors are outside the blind-corner conflict zone"
15.8944,1,95,135,1.0000,1.0000,1.0000,1.0000,1.0000,1.0000,-19.0844,-9.7664,"9.615:0.000:18.000",0.1234,"A1 actors are outside the blind-corner conflict zone"
16.0088,1,95,136,1.0000,1.0000,1.0000,1.0000,1.0000,1.0000,-18.9813,-9.6706,"9.571:0.000:18.000",0.2378,"A1 actors are outside the blind-corner conflict zone"
16.1263,1,95,137,1.0000,1.0000,1.0000,1.0000,1.0000,1.0000,-18.8849,-9.5744,"9.525:0.000:18.000",0.0000,"A1 actors are outside the blind-corner conflict zone"
16.2477,1,95,138,1.0000,1.0000,1.0000,1.0000,1.0000,1.0000,-18.7845,-9.4620,"9.478:0.000:18.000",0.0000,"A1 actors are outside the blind-corner conflict zone"
16.3725,1,95,139,1.0000,1.0000,1.0000,1.0000,1.0000,1.0000,-18.6827,-9.3483,"9.429:0.000:18.000",0.0000,"A1 actors are outside the blind-corner conflict zone"
16.4916,1,95,140,1.0000,1.0000,1.0000,1.0000,1.0000,1.0000,-18.5826,-9.2495,"9.382:0.000:18.000",0.1192,"A1 actors are outside the blind-corner conflict zone"
16.6064,1,95,141,1.0000,1.0000,1.0000,1.0000,1.0000,1.0000,-18.4860,-9.1522,"9.338:0.000:18.000",0.2340,"A1 actors are outside the blind-corner conflict zone"
16.9398,1,95,142,1.0000,1.0000,1.0000,1.0000,1.0000,1.0000,-18.1880,-8.8690,"9.208:0.000:18.000",0.0000,"A1 actors are outside the blind-corner conflict zone"
17.1577,1,95,143,1.0000,1.0000,1.0000,1.0000,1.0000,1.0000,-18.0008,-8.6784,"9.123:0.000:18.000",0.2179,"A1 actors are outside the blind-corner conflict zone"
17.3349,1,95,144,1.0000,1.0000,1.0000,1.0000,1.0000,1.0000,-17.8421,-8.5211,"9.054:0.000:18.000",0.3951,"A1 actors are outside the blind-corner conflict zone"
17.4672,1,95,145,1.0000,1.0000,1.0000,1.0000,1.0000,1.0000,-17.7121,-8.4182,"9.002:0.000:18.000",0.0000,"A1 actors are outside the blind-corner conflict zone"
17.5884,1,95,146,1.0000,1.0000,1.0000,1.0000,1.0000,1.0000,-17.5910,-8.3305,"8.955:0.000:18.000",0.1212,"A1 actors are outside the blind-corner conflict zone"
17.7311,1,95,147,1.0000,1.0000,1.0000,1.0000,1.0000,1.0000,-17.4456,-8.2146,"8.899:0.000:18.000",0.0000,"A1 actors are outside the blind-corner conflict zone"
17.8356,1,95,148,1.0000,1.0000,1.0000,1.0000,1.0000,1.0000,-17.3373,-8.1315,"8.858:0.000:18.000",0.1046,"A1 actors are outside the blind-corner conflict zone"
17.9801,1,95,149,1.0000,1.0000,1.0000,1.0000,1.0000,1.0000,-17.1922,-8.0269,"8.802:0.000:18.000",0.0000,"A1 actors are outside the blind-corner conflict zone"
18.1264,1,95,150,1.0000,1.0000,1.0000,1.0000,1.0000,1.0000,-17.0534,-7.9190,"8.745:0.000:18.000",0.0000,"A1 actors are outside the blind-corner conflict zone"
18.2290,1,95,151,1.0000,1.0000,1.0000,1.0000,1.0000,1.0000,-16.9523,-7.8389,"8.705:0.000:18.000",0.1026,"A1 actors are outside the blind-corner conflict zone"
18.3680,1,95,152,1.0000,1.0000,1.0000,1.0000,1.0000,1.0000,-16.8415,-7.7368,"8.651:0.000:18.000",0.2416,"A1 actors are outside the blind-corner conflict zone"
18.5128,1,95,153,1.0000,1.0000,1.0000,1.0000,1.0000,1.0000,-16.7293,-7.6288,"8.594:0.000:18.000",0.3864,"A1 actors are outside the blind-corner conflict zone"
18.6649,1,95,154,1.0000,1.0000,1.0000,1.0000,1.0000,1.0000,-16.5778,-7.4947,"8.535:0.000:18.000",0.0000,"A1 actors are outside the blind-corner conflict zone"
18.8086,1,95,155,1.0000,1.0000,1.0000,1.0000,1.0000,1.0000,-16.4315,-7.3891,"8.479:0.000:18.000",0.1437,"A1 actors are outside the blind-corner conflict zone"
18.9087,1,95,156,1.0000,1.0000,1.0000,1.0000,1.0000,1.0000,-16.3364,-7.3208,"8.440:0.000:18.000",0.0000,"A1 actors are outside the blind-corner conflict zone"
19.0472,1,95,157,1.0000,1.0000,1.0000,1.0000,1.0000,1.0000,-16.2003,-7.2192,"8.386:0.000:18.000",0.0000,"A1 actors are outside the blind-corner conflict zone"
19.1847,1,95,158,1.0000,1.0000,1.0000,1.0000,1.0000,1.0000,-16.0455,-7.1246,"8.332:0.000:18.000",0.0000,"A1 actors are outside the blind-corner conflict zone"
19.2899,1,95,159,1.0000,1.0000,1.0000,1.0000,1.0000,1.0000,-15.9451,-7.0703,"8.291:0.000:18.000",0.1052,"A1 actors are outside the blind-corner conflict zone"
19.3939,1,95,160,1.0000,1.0000,1.0000,1.0000,1.0000,1.0000,-15.8388,-7.0145,"8.251:0.000:18.000",0.2092,"A1 actors are outside the blind-corner conflict zone"
19.5016,1,95,161,1.0000,1.0000,1.0000,1.0000,1.0000,1.0000,-15.7355,-6.9592,"8.209:0.000:18.000",0.3169,"A1 actors are outside the blind-corner conflict zone"
19.6455,1,95,162,1.0000,1.0000,1.0000,1.0000,1.0000,1.0000,-15.5545,-6.8727,"8.152:0.000:18.000",0.0000,"A1 actors are outside the blind-corner conflict zone"
19.7622,1,95,163,1.0000,1.0000,1.0000,1.0000,1.0000,1.0000,-15.4222,-6.8226,"8.107:0.000:18.000",0.1167,"A1 actors are outside the blind-corner conflict zone"
19.8849,1,95,164,1.0000,1.0000,1.0000,1.0000,1.0000,1.0000,-15.2921,-6.7686,"8.059:0.000:18.000",0.0000,"A1 actors are outside the blind-corner conflict zone"
19.9983,1,95,165,1.0000,1.0000,1.0000,1.0000,1.0000,1.0000,-15.1742,-6.7115,"8.015:0.000:18.000",0.0000,"A1 actors are outside the blind-corner conflict zone"
20.1086,1,95,166,1.0000,1.0000,1.0000,1.0000,1.0000,1.0000,-15.0650,-6.6582,"7.972:0.000:18.000",0.0000,"A1 actors are outside the blind-corner conflict zone"
20.2097,1,95,167,1.0000,1.0000,1.0000,1.0000,1.0000,1.0000,-14.9530,-6.6059,"7.932:0.000:18.000",0.0000,"A1 actors are outside the blind-corner conflict zone"
20.3303,1,95,168,1.0000,1.0000,1.0000,1.0000,1.0000,1.0000,-14.8368,-6.5505,"7.885:0.000:18.000",0.1206,"A1 actors are outside the blind-corner conflict zone"
20.4421,1,95,169,1.0000,1.0000,1.0000,1.0000,1.0000,1.0000,-14.7088,-6.4906,"7.842:0.000:18.000",0.2325,"A1 actors are outside the blind-corner conflict zone"
20.5487,1,95,170,1.0000,1.0000,1.0000,1.0000,1.0000,1.0000,-14.5946,-6.4432,"7.800:0.000:18.000",0.0000,"A1 actors are outside the blind-corner conflict zone"
20.6513,1,95,171,1.0000,1.0000,1.0000,1.0000,1.0000,1.0000,-14.4781,-6.3953,"7.760:0.000:18.000",0.1026,"A1 actors are outside the blind-corner conflict zone"
20.7595,1,95,172,1.0000,1.0000,1.0000,1.0000,1.0000,1.0000,-14.3707,-6.3544,"7.718:0.000:18.000",0.2107,"A1 actors are outside the blind-corner conflict zone"
20.9029,1,95,173,1.0000,1.0000,1.0000,1.0000,1.0000,1.0000,-14.2153,-6.3111,"7.662:0.000:18.000",0.3542,"A1 actors are outside the blind-corner conflict zone"
21.0053,1,95,174,1.0000,1.0000,1.0000,1.0000,1.0000,1.0000,-14.1023,-6.2760,"7.622:0.000:18.000",0.0000,"A1 actors are outside the blind-corner conflict zone"
21.1487,1,95,175,1.0000,1.0000,1.0000,1.0000,1.0000,1.0000,-13.9383,-6.2132,"7.566:0.000:18.000",0.0000,"A1 actors are outside the blind-corner conflict zone"
21.2631,1,95,176,1.0000,1.0000,1.0000,1.0000,1.0000,1.0000,-13.8178,-6.1615,"7.522:0.000:18.000",0.1144,"A1 actors are outside the blind-corner conflict zone"
21.4024,1,95,177,1.0000,1.0000,1.0000,1.0000,1.0000,1.0000,-13.6679,-6.0950,"7.467:0.000:18.000",0.2537,"A1 actors are outside the blind-corner conflict zone"
21.5213,1,95,178,1.0000,1.0000,1.0000,1.0000,1.0000,1.0000,-13.5348,-6.0354,"7.421:0.000:18.000",0.3726,"A1 actors are outside the blind-corner conflict zone"
21.6442,1,95,179,1.0000,1.0000,1.0000,1.0000,1.0000,1.0000,-13.4035,-5.9843,"7.373:0.000:18.000",0.0000,"A1 actors are outside the blind-corner conflict zone"
22.0177,1,95,180,1.0000,1.0000,1.0000,1.0000,1.0000,1.0000,-12.9897,-5.8334,"7.227:0.000:18.000",0.3735,"A1 actors are outside the blind-corner conflict zone"
22.2137,1,95,181,1.0000,1.0000,1.0000,1.0000,1.0000,1.0000,-12.7724,-5.7570,"7.151:0.000:18.000",0.0000,"A1 actors are outside the blind-corner conflict zone"
22.4377,1,95,182,1.0000,1.0000,1.0000,1.0000,1.0000,1.0000,-12.5289,-5.6669,"7.064:0.000:18.000",0.0000,"A1 actors are outside the blind-corner conflict zone"
22.6075,1,95,183,1.0000,1.0000,1.0000,1.0000,1.0000,1.0000,-12.3331,-5.5952,"6.997:0.000:18.000",0.1698,"A1 actors are outside the blind-corner conflict zone"
22.7493,1,95,184,1.0000,1.0000,1.0000,1.0000,1.0000,1.0000,-12.1813,-5.5442,"6.942:0.000:18.000",0.3116,"A1 actors are outside the blind-corner conflict zone"
22.8915,1,95,185,1.0000,1.0000,1.0000,1.0000,1.0000,1.0000,-12.0287,-5.5019,"6.887:0.000:18.000",0.0000,"A1 actors are outside the blind-corner conflict zone"
23.0318,1,95,186,1.0000,1.0000,1.0000,1.0000,1.0000,1.0000,-11.8826,-5.4476,"6.832:0.000:18.000",0.1403,"A1 actors are outside the blind-corner conflict zone"
23.1844,1,95,187,1.0000,1.0000,1.0000,1.0000,1.0000,1.0000,-11.7116,-5.3904,"6.772:0.000:18.000",0.0000,"A1 actors are outside the blind-corner conflict zone"
23.3494,1,95,188,1.0000,1.0000,1.0000,1.0000,1.0000,1.0000,-11.5179,-5.3351,"6.708:0.000:18.000",0.1650,"A1 actors are outside the blind-corner conflict zone"
23.4943,1,95,189,1.0000,1.0000,1.0000,1.0000,1.0000,1.0000,-11.3576,-5.2833,"6.651:0.000:18.000",0.3099,"A1 actors are outside the blind-corner conflict zone"
23.6474,1,95,190,1.0000,1.0000,1.0000,1.0000,1.0000,1.0000,-11.1718,-5.2326,"6.592:0.000:18.000",0.0000,"A1 actors are outside the blind-corner conflict zone"
23.8075,1,95,191,1.0000,1.0000,1.0000,1.0000,1.0000,1.0000,-10.9921,-5.1857,"6.529:0.000:18.000",0.1601,"A1 actors are outside the blind-corner conflict zone"
23.9550,1,95,192,1.0000,1.0000,1.0000,1.0000,1.0000,1.0000,-10.8218,-5.1341,"6.472:0.000:18.000",0.3076,"A1 actors are outside the blind-corner conflict zone"
24.1185,1,95,193,1.0000,1.0000,1.0000,1.0000,1.0000,1.0000,-10.6376,-5.0827,"6.408:0.000:18.000",0.0000,"A1 actors are outside the blind-corner conflict zone"
24.2515,1,95,194,1.0000,1.0000,1.0000,1.0000,1.0000,1.0000,-10.4739,-5.0322,"6.356:0.000:18.000",0.0000,"A1 actors are outside the blind-corner conflict zone"
24.3849,1,95,195,1.0000,1.0000,1.0000,1.0000,1.0000,1.0000,-10.3363,-4.9830,"6.304:0.000:18.000",0.1334,"A1 actors are outside the blind-corner conflict zone"
24.5206,1,95,196,1.0000,1.0000,1.0000,1.0000,1.0000,1.0000,-10.1697,-4.9257,"6.251:0.000:18.000",0.2691,"A1 actors are outside the blind-corner conflict zone"
24.6474,1,95,197,1.0000,1.0000,1.0000,1.0000,1.0000,1.0000,-10.0296,-4.8775,"6.202:0.000:18.000",0.0000,"A1 actors are outside the blind-corner conflict zone"
24.7826,1,95,198,1.0000,1.0000,1.0000,1.0000,1.0000,1.0000,-9.8830,-4.8232,"6.149:0.000:18.000",0.0000,"A1 actors are outside the blind-corner conflict zone"
24.9198,1,95,199,1.0000,1.0000,1.0000,1.0000,1.0000,1.0000,-9.7334,-4.7725,"6.095:0.000:18.000",0.0000,"A1 actors are outside the blind-corner conflict zone"
25.0864,1,95,200,1.0000,1.0000,1.0000,1.0000,1.0000,1.0000,-9.5548,-4.7292,"6.031:0.000:18.000",0.1666,"A1 actors are outside the blind-corner conflict zone"
25.1963,1,95,201,1.0000,1.0000,1.0000,1.0000,1.0000,1.0000,-9.4413,-4.7127,"5.988:0.000:18.000",0.0000,"A1 actors are outside the blind-corner conflict zone"
25.2970,1,95,202,1.0000,1.0000,1.0000,1.0000,1.0000,1.0000,-9.3296,-4.6998,"5.948:0.000:18.000",0.0000,"A1 actors are outside the blind-corner conflict zone"
25.4623,1,95,203,1.0000,1.0000,1.0000,1.0000,1.0000,1.0000,-9.1449,-4.6863,"5.884:0.000:18.000",0.0000,"A1 actors are outside the blind-corner conflict zone"
25.6200,1,95,204,1.0000,1.0000,1.0000,1.0000,1.0000,1.0000,-8.9637,-4.6857,"5.822:0.000:18.000",0.1577,"A1 actors are outside the blind-corner conflict zone"
25.7730,1,95,205,1.0000,1.0000,1.0000,1.0000,1.0000,1.0000,-8.7598,-4.6919,"5.763:0.000:18.000",0.3107,"A1 actors are outside the blind-corner conflict zone"
25.9114,1,95,206,1.0000,1.0000,1.0000,1.0000,1.0000,1.0000,-8.5850,-4.7163,"5.709:0.000:18.000",0.0000,"A1 actors are outside the blind-corner conflict zone"
26.0637,1,95,207,1.0000,1.0000,1.0000,1.0000,1.0000,1.0000,-8.4088,-4.7736,"5.649:0.000:18.000",0.0000,"A1 actors are outside the blind-corner conflict zone"
26.2189,1,95,208,1.0000,1.0000,1.0000,1.0000,1.0000,1.0000,-8.2241,-4.8535,"5.589:0.000:18.000",0.0000,"A1 actors are outside the blind-corner conflict zone"
26.3661,1,95,209,1.0000,1.0000,1.0000,1.0000,1.0000,1.0000,-8.0651,-4.9314,"5.531:0.000:18.000",0.1472,"A1 actors are outside the blind-corner conflict zone"
26.5060,1,95,210,1.0000,1.0000,1.0000,1.0000,1.0000,1.0000,-7.9209,-5.0192,"5.477:0.000:18.000",0.0000,"A1 actors are outside the blind-corner conflict zone"
26.6519,1,95,211,1.0000,1.0000,1.0000,1.0000,1.0000,1.0000,-7.7778,-5.1082,"5.420:0.000:18.000",0.0000,"A1 actors are outside the blind-corner conflict zone"
26.8336,1,95,212,1.0000,1.0000,1.0000,1.0000,1.0000,1.0000,-7.5845,-5.2242,"5.349:0.000:18.000",0.1816,"A1 actors are outside the blind-corner conflict zone"
27.0223,1,95,213,1.0000,1.0000,1.0000,1.0000,1.0000,1.0000,-7.3789,-5.3451,"5.275:0.000:18.000",0.3704,"A1 actors are outside the blind-corner conflict zone"
27.1446,1,95,214,1.0000,1.0000,1.0000,1.0000,1.0000,1.0000,-7.2568,-5.4165,"5.228:0.000:18.000",0.0000,"A1 actors are outside the blind-corner conflict zone"
27.2944,1,95,215,1.0000,1.0000,1.0000,1.0000,1.0000,1.0000,-7.1020,-5.5089,"5.169:0.000:18.000",0.0000,"A1 actors are outside the blind-corner conflict zone"
27.4320,1,95,216,1.0000,1.0000,1.0000,1.0000,1.0000,1.0000,-6.9730,-5.5851,"5.116:0.000:18.000",0.0000,"A1 actors are outside the blind-corner conflict zone"
27.5797,1,95,217,1.0000,1.0000,1.0000,1.0000,1.0000,1.0000,-6.8074,-5.6973,"5.058:0.000:18.000",0.1477,"A1 actors are outside the blind-corner conflict zone"
27.7158,1,95,218,1.0000,1.0000,1.0000,1.0000,1.0000,1.0000,-6.6767,-5.7832,"5.031:0.000:18.000",0.2838,"A1 actors are outside the blind-corner conflict zone"
27.8546,1,95,219,1.0000,1.0000,1.0000,1.0000,1.0000,1.0000,-6.5292,-5.8769,"5.085:0.000:18.000",0.0000,"A1 actors are outside the blind-corner conflict zone"
28.0019,1,95,220,1.0000,1.0000,1.0000,1.0000,1.0000,1.0000,-6.3847,-5.9679,"5.143:0.000:18.000",0.0000,"A1 actors are outside the blind-corner conflict zone"
28.1392,1,95,221,1.0000,1.0000,1.0000,1.0000,1.0000,1.0000,-6.2462,-6.0585,"5.196:0.000:18.000",0.1373,"A1 actors are outside the blind-corner conflict zone"
28.2755,1,95,222,1.0000,1.0000,1.0000,1.0000,1.0000,1.0000,-6.1111,-6.1426,"5.249:0.000:18.000",0.0000,"A1 actors are outside the blind-corner conflict zone"
28.4167,1,95,223,1.0000,1.0000,1.0000,1.0000,1.0000,1.0000,-5.9650,-6.2413,"5.304:0.000:18.000",0.1411,"A1 actors are outside the blind-corner conflict zone"
28.5518,1,95,224,1.0000,1.0000,1.0000,1.0000,1.0000,1.0000,-5.8300,-6.3276,"5.357:0.000:18.000",0.0000,"A1 actors are outside the blind-corner conflict zone"
28.7035,1,95,225,1.0000,1.0000,1.0000,1.0000,1.0000,1.0000,-5.6689,-6.4369,"5.416:0.000:18.000",0.0000,"A1 actors are outside the blind-corner conflict zone"
28.8596,1,95,226,1.0000,1.0000,1.0000,1.0000,1.0000,1.0000,-5.5095,-6.5508,"5.477:0.000:18.000",0.1561,"A1 actors are outside the blind-corner conflict zone"
29.0142,1,95,227,1.0000,1.0000,1.0000,1.0000,1.0000,1.0000,-5.3668,-6.6647,"5.537:0.000:18.000",0.3107,"A1 actors are outside the blind-corner conflict zone"
29.1566,1,95,228,1.0000,1.0000,1.0000,1.0000,1.0000,1.0000,-5.2374,-6.7797,"5.593:0.000:18.000",0.0000,"A1 actors are outside the blind-corner conflict zone"
29.2916,1,95,229,1.0000,1.0000,1.0000,1.0000,1.0000,1.0000,-5.1228,-6.8887,"5.646:0.000:18.000",0.0000,"A1 actors are outside the blind-corner conflict zone"
29.4266,1,95,230,1.0000,1.0000,1.0000,1.0000,1.0000,1.0000,-5.0021,-7.0045,"5.698:0.000:18.000",0.1350,"A1 actors are outside the blind-corner conflict zone"
29.5571,1,95,231,1.0000,1.0000,1.0000,1.0000,1.0000,1.0000,-4.8757,-7.1254,"5.749:0.000:18.000",0.2656,"A1 actors are outside the blind-corner conflict zone"
29.6948,1,95,232,1.0000,1.0000,1.0000,1.0000,1.0000,1.0000,-4.7323,-7.2525,"5.803:0.000:18.000",0.0000,"A1 actors are outside the blind-corner conflict zone"
29.8290,1,95,233,1.0000,1.0000,1.0000,1.0000,1.0000,1.0000,-4.6257,-7.3618,"5.855:0.000:18.000",0.0000,"A1 actors are outside the blind-corner conflict zone"
29.9648,1,95,234,1.0000,1.0000,1.0000,1.0000,1.0000,1.0000,-4.5232,-7.4713,"5.908:0.000:18.000",0.0000,"A1 actors are outside the blind-corner conflict zone"
30.1091,1,95,235,1.0000,1.0000,1.0000,1.0000,1.0000,1.0000,-4.4097,-7.5759,"5.964:0.000:18.000",0.1443,"A1 actors are outside the blind-corner conflict zone"
30.2621,1,95,236,1.0000,1.0000,1.0000,1.0000,1.0000,1.0000,-4.2800,-7.7076,"6.024:0.000:18.000",0.0000,"A1 actors are outside the blind-corner conflict zone"
30.4080,1,95,237,1.0000,1.0000,1.0000,1.0000,1.0000,1.0000,-4.1588,-7.8387,"6.081:0.000:18.000",0.0000,"A1 actors are outside the blind-corner conflict zone"
30.5613,1,95,238,1.0000,1.0000,1.0000,1.0000,1.0000,1.0000,-4.0354,-7.9939,"6.141:0.000:18.000",0.0000,"A1 actors are outside the blind-corner conflict zone"
30.7169,1,95,239,1.0000,1.0000,1.0000,1.0000,1.0000,1.0000,-3.9189,-8.1512,"6.201:0.000:18.000",0.0000,"A1 actors are outside the blind-corner conflict zone"
30.8572,1,95,240,1.0000,1.0000,1.0000,1.0000,1.0000,1.0000,-3.8118,-8.2913,"6.256:0.000:18.000",0.1403,"A1 actors are outside the blind-corner conflict zone"
30.9951,1,95,241,1.0000,1.0000,1.0000,1.0000,1.0000,1.0000,-3.7152,-8.4201,"6.310:0.000:18.000",0.0000,"A1 actors are outside the blind-corner conflict zone"
31.1378,1,95,242,1.0000,1.0000,1.0000,1.0000,1.0000,1.0000,-3.6124,-8.5558,"6.366:0.000:18.000",0.0000,"A1 actors are outside the blind-corner conflict zone"
31.2723,1,95,243,1.0000,1.0000,1.0000,1.0000,1.0000,1.0000,-3.5211,-8.6923,"6.418:0.000:18.000",0.0000,"A1 actors are outside the blind-corner conflict zone"
31.4235,1,95,244,1.0000,1.0000,1.0000,1.0000,1.0000,1.0000,-3.4231,-8.8339,"6.477:0.000:18.000",0.1512,"A1 actors are outside the blind-corner conflict zone"
31.5681,1,95,245,1.0000,1.0000,1.0000,1.0000,1.0000,1.0000,-3.3294,-8.9772,"6.533:0.000:18.000",0.2957,"A1 actors are outside the blind-corner conflict zone"
31.7013,1,95,246,1.0000,1.0000,1.0000,1.0000,1.0000,1.0000,-3.2433,-9.1049,"6.585:0.000:18.000",0.0000,"A1 actors are outside the blind-corner conflict zone"
31.8462,1,95,247,1.0000,1.0000,1.0000,1.0000,1.0000,1.0000,-3.1394,-9.2625,"6.642:0.000:18.000",0.0000,"A1 actors are outside the blind-corner conflict zone"
31.9799,1,95,248,1.0000,1.0000,1.0000,1.0000,1.0000,1.0000,-3.0658,-9.3859,"6.694:0.000:18.000",0.1338,"A1 actors are outside the blind-corner conflict zone"
32.1206,1,95,249,1.0000,1.0000,1.0000,1.0000,1.0000,1.0000,-2.9802,-9.5320,"6.749:0.000:18.000",0.2744,"A1 actors are outside the blind-corner conflict zone"
32.5361,1,95,250,1.0000,1.0000,1.0000,1.0000,1.0000,1.0000,-2.7298,-9.9560,"6.911:0.000:18.000",0.0000,"A1 actors are outside the blind-corner conflict zone"
32.8695,1,95,251,1.0000,1.0000,1.0000,1.0000,1.0000,1.0000,-2.5269,-10.2976,"7.041:0.000:18.000",0.3333,"A1 actors are outside the blind-corner conflict zone"
33.0364,1,95,252,1.0000,1.0000,1.0000,1.0000,1.0000,1.0000,-2.4402,-10.4420,"7.106:0.000:18.000",0.0000,"A1 actors are outside the blind-corner conflict zone"
33.2007,1,95,253,1.0000,1.0000,1.0000,1.0000,1.0000,1.0000,-2.3704,-10.5841,"7.170:0.000:18.000",0.0000,"A1 actors are outside the blind-corner conflict zone"
33.3567,1,95,254,1.0000,1.0000,1.0000,1.0000,1.0000,1.0000,-2.3040,-10.7304,"7.231:0.000:18.000",0.1559,"A1 actors are outside the blind-corner conflict zone"
33.5086,1,95,255,1.0000,1.0000,1.0000,1.0000,1.0000,1.0000,-2.2246,-10.9017,"7.290:0.000:18.000",0.0000,"A1 actors are outside the blind-corner conflict zone"
33.6475,1,95,256,1.0000,1.0000,1.0000,1.0000,1.0000,1.0000,-2.1449,-11.0389,"7.344:0.000:18.000",0.1389,"A1 actors are outside the blind-corner conflict zone"
33.7920,1,95,257,1.0000,1.0000,1.0000,1.0000,1.0000,1.0000,-2.0828,-11.1426,"7.401:0.000:18.000",0.0000,"A1 actors are outside the blind-corner conflict zone"
33.9398,1,95,258,1.0000,1.0000,1.0000,1.0000,1.0000,1.0000,-2.0079,-11.2598,"7.458:0.000:18.000",0.1477,"A1 actors are outside the blind-corner conflict zone"
34.0786,1,95,259,1.0000,1.0000,1.0000,1.0000,1.0000,1.0000,-1.9323,-11.3764,"7.513:0.000:18.000",0.2866,"A1 actors are outside the blind-corner conflict zone"
34.2352,1,95,260,1.0000,1.0000,1.0000,1.0000,1.0000,1.0000,-1.8442,-11.5083,"7.574:0.000:18.000",0.4432,"A1 actors are outside the blind-corner conflict zone"
34.3798,1,95,261,1.0000,1.0000,1.0000,1.0000,1.0000,1.0000,-1.7508,-11.6285,"7.630:0.000:18.000",0.0000,"A1 actors are outside the blind-corner conflict zone"
34.5410,1,95,262,1.0000,1.0000,1.0000,1.0000,1.0000,1.0000,-1.6493,-11.7427,"7.693:0.000:18.000",0.0000,"A1 actors are outside the blind-corner conflict zone"
34.8743,1,95,263,1.0000,1.0000,1.0000,1.0000,1.0000,1.0000,-1.3699,-11.9038,"7.823:0.000:18.000",0.0000,"A1 actors are outside the blind-corner conflict zone"
35.0875,1,95,264,1.0000,1.0000,1.0000,1.0000,1.0000,1.0000,-1.1630,-11.9790,"7.906:0.000:18.000",0.0000,"A1 actors are outside the blind-corner conflict zone"
35.2010,1,95,265,1.0000,1.0000,1.0000,1.0000,1.0000,1.0000,-1.0523,-12.0079,"7.950:0.000:18.000",0.1135,"A1 actors are outside the blind-corner conflict zone"
35.3237,1,95,266,1.0000,1.0000,1.0000,1.0000,1.0000,1.0000,-0.9205,-12.0331,"7.998:0.000:18.000",0.2363,"A1 actors are outside the blind-corner conflict zone"
35.4557,1,95,267,1.0000,1.0000,1.0000,1.0000,1.0000,1.0000,-0.7730,-12.0643,"8.050:0.000:18.000",0.0000,"A1 actors are outside the blind-corner conflict zone"
35.5845,1,95,268,1.0000,1.0000,1.0000,1.0000,1.0000,1.0000,-0.6262,-12.0850,"8.100:0.000:18.000",0.1288,"A1 actors are outside the blind-corner conflict zone"
35.7166,1,95,269,1.0000,1.0000,1.0000,1.0000,1.0000,1.0000,-0.4699,-12.1037,"8.151:0.000:18.000",0.2610,"A1 actors are outside the blind-corner conflict zone"
35.8448,1,95,270,1.0000,1.0000,1.0000,1.0000,1.0000,1.0000,-0.3093,-12.1115,"8.201:0.000:18.000",0.0000,"A1 actors are outside the blind-corner conflict zone"
35.9742,1,95,271,1.0000,1.0000,1.0000,1.0000,1.0000,1.0000,-0.1575,-12.0936,"8.252:0.000:18.000",0.1294,"A1 actors are outside the blind-corner conflict zone"
36.1005,1,95,272,1.0000,1.0000,1.0000,1.0000,1.0000,1.0000,-0.0062,-12.0765,"8.301:0.000:18.000",0.0000,"A1 actors are outside the blind-corner conflict zone"
36.2032,1,95,273,1.0000,1.0000,1.0000,1.0000,1.0000,1.0000,0.1372,-12.0655,"8.341:0.000:18.000",0.1027,"A1 actors are outside the blind-corner conflict zone"
36.3494,1,95,274,1.0000,1.0000,1.0000,1.0000,1.0000,1.0000,0.2866,-12.0561,"8.398:0.000:18.000",0.0000,"A1 actors are outside the blind-corner conflict zone"
36.4881,1,95,275,1.0000,1.0000,1.0000,1.0000,1.0000,1.0000,0.4447,-12.0449,"8.452:0.000:18.000",0.1387,"A1 actors are outside the blind-corner conflict zone"
36.6143,1,95,276,1.0000,1.0000,1.0000,1.0000,1.0000,1.0000,0.5939,-12.0257,"8.501:0.000:18.000",0.2648,"A1 actors are outside the blind-corner conflict zone"
36.7343,1,95,277,1.0000,1.0000,1.0000,1.0000,1.0000,1.0000,0.7570,-12.0042,"8.548:0.000:18.000",0.0000,"A1 actors are outside the blind-corner conflict zone"
36.8494,1,95,278,1.0000,1.0000,1.0000,1.0000,1.0000,1.0000,0.9042,-11.9807,"8.593:0.000:18.000",0.0000,"A1 actors are outside the blind-corner conflict zone"
36.9660,1,95,279,1.0000,1.0000,1.0000,1.0000,1.0000,1.0000,1.0333,-11.9676,"8.639:0.000:18.000",0.1167,"A1 actors are outside the blind-corner conflict zone"
37.0865,1,95,280,1.0000,1.0000,1.0000,1.0000,1.0000,1.0000,1.1863,-11.9526,"8.686:0.000:18.000",0.2371,"A1 actors are outside the blind-corner conflict zone"
37.2173,1,95,281,1.0000,1.0000,1.0000,1.0000,1.0000,1.0000,1.3652,-11.9472,"8.737:0.000:18.000",0.3679,"A1 actors are outside the blind-corner conflict zone"
37.3339,1,95,282,1.0000,1.0000,1.0000,1.0000,1.0000,1.0000,1.5211,-11.9338,"8.782:0.000:18.000",0.0000,"A1 actors are outside the blind-corner conflict zone"
37.4456,1,95,283,1.0000,1.0000,1.0000,1.0000,1.0000,1.0000,1.6619,-11.9150,"8.826:0.000:18.000",0.0000,"A1 actors are outside the blind-corner conflict zone"
37.5670,1,95,284,1.0000,1.0000,1.0000,1.0000,1.0000,1.0000,1.8048,-11.8939,"8.873:0.000:18.000",0.0000,"A1 actors are outside the blind-corner conflict zone"
37.6870,1,95,285,1.0000,1.0000,1.0000,1.0000,1.0000,1.0000,1.9472,-11.8629,"8.920:0.000:18.000",0.0000,"A1 actors are outside the blind-corner conflict zone"
37.8016,1,95,286,1.0000,1.0000,1.0000,1.0000,1.0000,1.0000,2.0872,-11.8283,"8.964:0.000:18.000",0.0000,"A1 actors are outside the blind-corner conflict zone"
37.9268,1,95,287,1.0000,1.0000,1.0000,1.0000,1.0000,1.0000,2.2354,-11.7951,"9.013:0.000:18.000",0.1252,"A1 actors are outside the blind-corner conflict zone"
38.0405,1,95,288,1.0000,1.0000,1.0000,1.0000,1.0000,1.0000,2.3576,-11.7661,"9.058:0.000:18.000",0.2388,"A1 actors are outside the blind-corner conflict zone"
38.1517,1,95,289,1.0000,1.0000,1.0000,1.0000,1.0000,1.0000,2.4557,-11.7288,"9.101:0.000:18.000",0.0000,"A1 actors are outside the blind-corner conflict zone"
38.2746,1,95,290,1.0000,1.0000,1.0000,1.0000,1.0000,1.0000,2.6050,-11.6722,"9.149:0.000:18.000",0.1229,"A1 actors are outside the blind-corner conflict zone"
38.3772,1,95,291,1.0000,1.0000,1.0000,1.0000,1.0000,1.0000,2.7119,-11.6274,"9.189:0.000:18.000",0.2255,"A1 actors are outside the blind-corner conflict zone"
38.5071,1,95,292,1.0000,1.0000,1.0000,1.0000,1.0000,1.0000,2.8522,-11.5704,"9.240:0.000:18.000",0.3555,"A1 actors are outside the blind-corner conflict zone"
38.6131,1,95,293,1.0000,1.0000,1.0000,1.0000,1.0000,1.0000,2.9758,-11.5278,"9.281:0.000:18.000",0.0000,"A1 actors are outside the blind-corner conflict zone"
38.7166,1,95,294,1.0000,1.0000,1.0000,1.0000,1.0000,1.0000,3.0920,-11.4921,"9.321:0.000:18.000",0.0000,"A1 actors are outside the blind-corner conflict zone"
38.8393,1,95,295,1.0000,1.0000,1.0000,1.0000,1.0000,1.0000,3.2212,-11.4509,"9.369:0.000:18.000",0.0000,"A1 actors are outside the blind-corner conflict zone"
38.9651,1,95,296,1.0000,1.0000,1.0000,1.0000,1.0000,1.0000,3.3598,-11.4058,"9.418:0.000:18.000",0.1258,"A1 actors are outside the blind-corner conflict zone"
39.0755,1,95,297,1.0000,1.0000,1.0000,1.0000,1.0000,1.0000,3.4831,-11.3644,"9.461:0.000:18.000",0.2361,"A1 actors are outside the blind-corner conflict zone"
39.2052,1,95,298,1.0000,1.0000,1.0000,1.0000,1.0000,1.0000,3.6233,-11.3102,"9.512:0.000:18.000",0.3659,"A1 actors are outside the blind-corner conflict zone"
39.3071,1,95,299,1.0000,1.0000,1.0000,1.0000,1.0000,1.0000,3.7329,-11.2614,"9.552:0.000:18.000",0.0000,"A1 actors are outside the blind-corner conflict zone"
39.4216,1,95,300,1.0000,1.0000,1.0000,1.0000,1.0000,1.0000,3.8684,-11.1911,"9.596:0.000:18.000",0.1145,"A1 actors are outside the blind-corner conflict zone"
39.5369,1,95,301,1.0000,1.0000,1.0000,1.0000,1.0000,1.0000,3.9699,-11.1376,"9.641:0.000:18.000",0.2298,"A1 actors are outside the blind-corner conflict zone"
39.6538,1,95,302,1.0000,1.0000,1.0000,1.0000,1.0000,1.0000,4.0910,-11.0694,"9.687:0.000:18.000",0.3467,"A1 actors are outside the blind-corner conflict zone"
39.7793,1,95,303,1.0000,1.0000,1.0000,1.0000,1.0000,1.0000,4.2164,-10.9971,"9.736:0.000:18.000",0.0000,"A1 actors are outside the blind-corner conflict zone"
39.9023,1,95,304,1.0000,1.0000,1.0000,1.0000,1.0000,1.0000,4.3363,-10.9236,"9.784:0.000:18.000",0.0000,"A1 actors are outside the blind-corner conflict zone"
40.2995,1,95,305,1.0000,1.0000,1.0000,1.0000,1.0000,1.0000,4.7325,-10.6496,"9.939:0.000:18.000",0.3972,"A1 actors are outside the blind-corner conflict zone"
40.4025,1,95,306,1.0000,1.0000,1.0000,1.0000,1.0000,1.0000,4.8176,-10.5823,"9.979:0.000:18.000",0.0000,"A1 actors are outside the blind-corner conflict zone"
40.5028,1,95,307,1.0000,1.0000,1.0000,1.0000,1.0000,1.0000,4.9180,-10.5012,"10.018:0.000:18.000",0.1002,"A1 actors are outside the blind-corner conflict zone"
40.6086,1,95,308,1.0000,1.0000,1.0000,1.0000,1.0000,1.0000,5.0206,-10.4268,"10.059:0.000:18.000",0.2060,"A1 actors are outside the blind-corner conflict zone"
40.7170,1,95,309,1.0000,1.0000,1.0000,1.0000,1.0000,1.0000,5.0901,-10.3827,"10.101:0.000:18.000",0.3144,"A1 actors are outside the blind-corner conflict zone"
40.8175,1,95,310,1.0000,1.0000,1.0000,1.0000,1.0000,1.0000,5.1982,-10.3331,"10.141:0.000:18.000",0.0000,"A1 actors are outside the blind-corner conflict zone"
40.9215,1,95,311,1.0000,1.0000,1.0000,1.0000,1.0000,1.0000,5.3356,-10.2899,"10.181:0.000:18.000",0.1039,"A1 actors are outside the blind-corner conflict zone"
41.0272,1,95,312,1.0000,1.0000,1.0000,1.0000,1.0000,1.0000,5.4695,-10.2579,"10.222:0.000:18.000",0.0000,"A1 actors are outside the blind-corner conflict zone"
41.1317,1,95,313,1.0000,1.0000,1.0000,1.0000,1.0000,1.0000,5.5591,-10.2409,"10.263:0.000:18.000",0.0000,"A1 actors are outside the blind-corner conflict zone"
41.2368,1,95,314,1.0000,1.0000,1.0000,1.0000,1.0000,1.0000,5.6713,-10.2300,"10.304:0.000:18.000",0.1051,"A1 actors are outside the blind-corner conflict zone"
41.3401,1,95,315,1.0000,1.0000,1.0000,1.0000,1.0000,1.0000,5.7570,-10.2234,"10.344:0.000:18.000",0.0000,"A1 actors are outside the blind-corner conflict zone"
41.4415,1,95,316,1.0000,1.0000,1.0000,1.0000,1.0000,1.0000,5.8638,-10.2174,"10.384:0.000:18.000",0.1014,"A1 actors are outside the blind-corner conflict zone"
41.5452,1,95,317,1.0000,1.0000,1.0000,1.0000,1.0000,1.0000,6.0032,-10.2058,"10.424:0.000:18.000",0.0000,"A1 actors are outside the blind-corner conflict zone"
41.6466,1,95,318,1.0000,1.0000,1.0000,1.0000,1.0000,1.0000,6.0874,-10.2065,"10.464:0.000:18.000",0.0000,"A1 actors are outside the blind-corner conflict zone"
41.7511,1,95,319,1.0000,1.0000,1.0000,1.0000,1.0000,1.0000,6.1630,-10.2093,"10.505:0.000:18.000",0.0000,"A1 actors are outside the blind-corner conflict zone"
41.8561,1,95,320,1.0000,1.0000,1.0000,1.0000,1.0000,1.0000,6.2893,-10.2362,"10.546:0.000:18.000",0.0000,"A1 actors are outside the blind-corner conflict zone"
41.9637,1,95,321,1.0000,1.0000,1.0000,1.0000,1.0000,1.0000,6.3997,-10.2644,"10.588:0.000:18.000",0.0000,"A1 actors are outside the blind-corner conflict zone"
42.0676,1,95,322,1.0000,1.0000,1.0000,1.0000,1.0000,1.0000,6.4666,-10.2905,"10.628:0.000:18.000",0.1039,"A1 actors are outside the blind-corner conflict zone"
42.1685,1,95,323,1.0000,1.0000,1.0000,1.0000,1.0000,1.0000,6.5413,-10.3255,"10.668:0.000:18.000",0.0000,"A1 actors are outside the blind-corner conflict zone"
42.2730,1,95,324,1.0000,1.0000,1.0000,1.0000,1.0000,1.0000,6.6499,-10.3900,"10.708:0.000:18.000",0.0000,"A1 actors are outside the blind-corner conflict zone"
42.3793,1,95,325,1.0000,1.0000,1.0000,1.0000,1.0000,1.0000,6.7235,-10.4394,"10.750:0.000:18.000",0.0000,"A1 actors are outside the blind-corner conflict zone"
42.4801,1,95,326,1.0000,1.0000,1.0000,1.0000,1.0000,1.0000,6.8100,-10.5031,"10.789:0.000:18.000",0.0000,"A1 actors are outside the blind-corner conflict zone"
42.5846,1,95,327,1.0000,1.0000,1.0000,1.0000,1.0000,1.0000,6.8651,-10.5482,"10.830:0.000:18.000",0.0000,"A1 actors are outside the blind-corner conflict zone"
42.6850,1,95,328,1.0000,1.0000,1.0000,1.0000,1.0000,1.0000,6.9344,-10.6162,"10.869:0.000:18.000",0.0000,"A1 actors are outside the blind-corner conflict zone"
42.7856,1,95,329,1.0000,1.0000,1.0000,1.0000,1.0000,1.0000,7.0061,-10.6813,"10.908:0.000:18.000",0.1006,"A1 actors are outside the blind-corner conflict zone"
42.8879,1,95,330,1.0000,1.0000,1.0000,1.0000,1.0000,1.0000,7.0719,-10.7458,"10.948:0.000:18.000",0.0000,"A1 actors are outside the blind-corner conflict zone"
42.9897,1,95,331,1.0000,1.0000,1.0000,1.0000,1.0000,1.0000,7.1443,-10.8519,"10.988:0.000:18.000",0.0000,"A1 actors are outside the blind-corner conflict zone"
43.0961,1,95,332,1.0000,1.0000,1.0000,1.0000,1.0000,1.0000,7.2106,-10.9524,"11.029:0.000:18.000",0.1065,"A1 actors are outside the blind-corner conflict zone"
43.2001,1,95,333,1.0000,1.0000,1.0000,1.0000,1.0000,1.0000,7.2786,-11.0564,"11.070:0.000:18.000",0.2104,"A1 actors are outside the blind-corner conflict zone"
43.3070,1,95,334,1.0000,1.0000,1.0000,1.0000,1.0000,1.0000,7.3346,-11.1427,"11.112:0.000:18.000",0.3173,"A1 actors are outside the blind-corner conflict zone"
43.4084,1,95,335,1.0000,1.0000,1.0000,1.0000,1.0000,1.0000,7.3972,-11.2346,"11.151:0.000:18.000",0.0000,"A1 actors are outside the blind-corner conflict zone"
43.5127,1,95,336,1.0000,1.0000,1.0000,1.0000,1.0000,1.0000,7.4782,-11.3775,"11.192:0.000:18.000",0.0000,"A1 actors are outside the blind-corner conflict zone"
43.6145,1,95,337,1.0000,1.0000,1.0000,1.0000,1.0000,1.0000,7.5203,-11.4890,"11.232:0.000:18.000",0.0000,"A1 actors are outside the blind-corner conflict zone"
43.7204,1,95,338,1.0000,1.0000,1.0000,1.0000,1.0000,1.0000,7.5722,-11.6158,"11.273:0.000:18.000",0.0000,"A1 actors are outside the blind-corner conflict zone"
43.7555,1,95,339,1.0000,1.0000,1.0000,1.0000,1.0000,1.0000,7.5918,-11.6662,"11.290:0.000:18.000",0.0351,"A1 actors are outside the blind-corner conflict zone"
0.1189,1,96,1,1.0000,1.0000,1.0000,1.0000,1.0000,1.0000,-23.9975,-17.1602,"15.765:0.000:18.000",0.0000,"A1 actors are outside the blind-corner conflict zone"
0.2349,1,96,2,1.0000,1.0000,1.0000,1.0000,1.0000,1.0000,-23.9964,-17.1380,"15.720:0.000:18.000",0.1160,"A1 actors are outside the blind-corner conflict zone"
0.3432,1,96,3,1.0000,1.0000,1.0000,1.0000,1.0000,1.0000,-23.9920,-17.1039,"15.677:0.000:18.000",0.2243,"A1 actors are outside the blind-corner conflict zone"
0.4460,1,96,4,1.0000,1.0000,1.0000,1.0000,1.0000,1.0000,-23.9875,-17.0571,"15.637:0.000:18.000",0.0000,"A1 actors are outside the blind-corner conflict zone"
0.5476,1,96,5,1.0000,1.0000,1.0000,1.0000,1.0000,1.0000,-23.9814,-16.9956,"15.598:0.000:18.000",0.1015,"A1 actors are outside the blind-corner conflict zone"
0.6506,1,96,6,1.0000,1.0000,1.0000,1.0000,1.0000,1.0000,-23.9742,-16.9287,"15.558:0.000:18.000",0.2046,"A1 actors are outside the blind-corner conflict zone"
0.7659,1,96,7,1.0000,1.0000,1.0000,1.0000,1.0000,1.0000,-23.9729,-16.8861,"15.513:0.000:18.000",0.3199,"A1 actors are outside the blind-corner conflict zone"
0.8902,1,96,8,1.0000,1.0000,1.0000,1.0000,1.0000,1.0000,-23.9884,-16.7864,"15.464:0.000:18.000",0.0000,"A1 actors are outside the blind-corner conflict zone"
0.9965,1,96,9,1.0000,1.0000,1.0000,1.0000,1.0000,1.0000,-24.0119,-16.6925,"15.423:0.000:18.000",0.1063,"A1 actors are outside the blind-corner conflict zone"
1.1324,1,96,10,1.0000,1.0000,1.0000,1.0000,1.0000,1.0000,-24.0423,-16.5318,"15.370:0.000:18.000",0.0000,"A1 actors are outside the blind-corner conflict zone"
1.2562,1,96,11,1.0000,1.0000,1.0000,1.0000,1.0000,1.0000,-24.0560,-16.3856,"15.321:0.000:18.000",0.0000,"A1 actors are outside the blind-corner conflict zone"
1.3818,1,96,12,1.0000,1.0000,1.0000,1.0000,1.0000,1.0000,-24.0724,-16.2313,"15.272:0.000:18.000",0.1255,"A1 actors are outside the blind-corner conflict zone"
1.4885,1,96,13,1.0000,1.0000,1.0000,1.0000,1.0000,1.0000,-24.0894,-16.1023,"15.231:0.000:18.000",0.0000,"A1 actors are outside the blind-corner conflict zone"
1.5944,1,96,14,1.0000,1.0000,1.0000,1.0000,1.0000,1.0000,-24.1031,-15.9109,"15.189:0.000:18.000",0.0000,"A1 actors are outside the blind-corner conflict zone"
1.7010,1,96,15,1.0000,1.0000,1.0000,1.0000,1.0000,1.0000,-24.1094,-15.7827,"15.148:0.000:18.000",0.1066,"A1 actors are outside the blind-corner conflict zone"
1.8065,1,96,16,1.0000,1.0000,1.0000,1.0000,1.0000,1.0000,-24.1153,-15.6296,"15.107:0.000:18.000",0.2121,"A1 actors are outside the blind-corner conflict zone"
1.9099,1,96,17,1.0000,1.0000,1.0000,1.0000,1.0000,1.0000,-24.1198,-15.5009,"15.066:0.000:18.000",0.3155,"A1 actors are outside the blind-corner conflict zone"
2.0141,1,96,18,1.0000,1.0000,1.0000,0.2000,1.0000,0.8800,-24.1359,-15.3535,"15.026:0.000:18.000",0.0000,"A1 actors are outside the blind-corner conflict zone"
2.1141,1,96,19,1.0000,1.0000,1.0000,1.0000,1.0000,1.0000,-24.2252,-15.2754,"14.987:0.000:18.000",0.0000,"A1 actors are outside the blind-corner conflict zone"
2.2176,1,96,20,1.0000,1.0000,1.0000,1.0000,1.0000,1.0000,-24.2836,-15.2592,"14.946:0.000:18.000",0.0000,"A1 actors are outside the blind-corner conflict zone"
2.3187,1,96,21,1.0000,1.0000,1.0000,1.0000,1.0000,1.0000,-24.3723,-15.2542,"14.907:0.000:18.000",0.0000,"A1 actors are outside the blind-corner conflict zone"
2.4256,1,96,22,1.0000,1.0000,1.0000,1.0000,1.0000,1.0000,-24.4408,-15.2633,"14.865:0.000:18.000",0.1069,"A1 actors are outside the blind-corner conflict zone"
2.5270,1,96,23,1.0000,1.0000,1.0000,1.0000,1.0000,1.0000,-24.4906,-15.2699,"14.826:0.000:18.000",0.0000,"A1 actors are outside the blind-corner conflict zone"
2.6299,1,96,24,1.0000,1.0000,1.0000,1.0000,1.0000,1.0000,-24.5332,-15.2703,"14.786:0.000:18.000",0.0000,"A1 actors are outside the blind-corner conflict zone"
2.7305,1,96,25,1.0000,1.0000,1.0000,1.0000,1.0000,1.0000,-24.5435,-15.2680,"14.746:0.000:18.000",0.1007,"A1 actors are outside the blind-corner conflict zone"
2.8356,1,96,26,1.0000,1.0000,1.0000,1.0000,1.0000,1.0000,-24.5364,-15.2692,"14.705:0.000:18.000",0.2057,"A1 actors are outside the blind-corner conflict zone"
2.9397,1,96,27,1.0000,1.0000,1.0000,1.0000,1.0000,1.0000,-24.5237,-15.2712,"14.665:0.000:18.000",0.3098,"A1 actors are outside the blind-corner conflict zone"
3.0405,1,96,28,1.0000,1.0000,1.0000,1.0000,1.0000,1.0000,-24.5368,-15.2694,"14.625:0.000:18.000",0.0000,"A1 actors are outside the blind-corner conflict zone"
3.1415,1,96,29,1.0000,1.0000,1.0000,1.0000,1.0000,1.0000,-24.5467,-15.2669,"14.586:0.000:18.000",0.0000,"A1 actors are outside the blind-corner conflict zone"
3.2457,1,96,30,1.0000,1.0000,1.0000,1.0000,1.0000,1.0000,-24.5177,-15.2750,"14.545:0.000:18.000",0.1042,"A1 actors are outside the blind-corner conflict zone"
3.3479,1,96,31,1.0000,1.0000,1.0000,1.0000,1.0000,1.0000,-24.5623,-15.2572,"14.506:0.000:18.000",0.0000,"A1 actors are outside the blind-corner conflict zone"
3.4540,1,96,32,1.0000,1.0000,1.0000,1.0000,1.0000,1.0000,-24.5792,-15.2507,"14.464:0.000:18.000",0.1060,"A1 actors are outside the blind-corner conflict zone"
3.5540,1,96,33,1.0000,1.0000,1.0000,1.0000,1.0000,1.0000,-24.5878,-15.2469,"14.425:0.000:18.000",0.2061,"A1 actors are outside the blind-corner conflict zone"
3.6599,1,96,34,1.0000,1.0000,1.0000,1.0000,1.0000,1.0000,-24.5830,-15.2492,"14.384:0.000:18.000",0.0000,"A1 actors are outside the blind-corner conflict zone"
3.7658,1,96,35,1.0000,1.0000,1.0000,1.0000,1.0000,1.0000,-24.5837,-15.2491,"14.343:0.000:18.000",0.0000,"A1 actors are outside the blind-corner conflict zone"
3.8694,1,96,36,1.0000,1.0000,1.0000,1.0000,1.0000,1.0000,-24.5960,-15.2455,"14.302:0.000:18.000",0.1036,"A1 actors are outside the blind-corner conflict zone"
3.9739,1,96,37,1.0000,1.0000,1.0000,1.0000,1.0000,1.0000,-24.6114,-15.2415,"14.261:0.000:18.000",0.0000,"A1 actors are outside the blind-corner conflict zone"
4.0776,1,96,38,1.0000,1.0000,1.0000,1.0000,1.0000,1.0000,-24.6227,-15.2387,"14.221:0.000:18.000",0.0000,"A1 actors are outside the blind-corner conflict zone"
4.1801,1,96,39,1.0000,1.0000,1.0000,1.0000,1.0000,1.0000,-24.6255,-15.2381,"14.181:0.000:18.000",0.1025,"A1 actors are outside the blind-corner conflict zone"
4.2804,1,96,40,1.0000,1.0000,1.0000,1.0000,1.0000,1.0000,-24.6378,-15.2349,"14.142:0.000:18.000",0.2028,"A1 actors are outside the blind-corner conflict zone"
4.3819,1,96,41,1.0000,1.0000,1.0000,1.0000,1.0000,1.0000,-24.6239,-15.2385,"14.102:0.000:18.000",0.3044,"A1 actors are outside the blind-corner conflict zone"
4.4844,1,96,42,1.0000,1.0000,1.0000,1.0000,1.0000,1.0000,-24.6308,-15.2358,"14.062:0.000:18.000",0.0000,"A1 actors are outside the blind-corner conflict zone"
4.5905,1,96,43,1.0000,1.0000,1.0000,1.0000,1.0000,1.0000,-24.6415,-15.2308,"14.021:0.000:18.000",0.1061,"A1 actors are outside the blind-corner conflict zone"
4.6939,1,96,44,1.0000,1.0000,1.0000,1.0000,1.0000,1.0000,-24.6434,-15.2280,"13.981:0.000:18.000",0.0000,"A1 actors are outside the blind-corner conflict zone"
4.7994,1,96,45,1.0000,1.0000,1.0000,1.0000,1.0000,1.0000,-24.6422,-15.2278,"13.940:0.000:18.000",0.0000,"A1 actors are outside the blind-corner conflict zone"
4.8999,1,96,46,1.0000,1.0000,1.0000,1.0000,1.0000,1.0000,-24.6202,-15.2332,"13.900:0.000:18.000",0.0000,"A1 actors are outside the blind-corner conflict zone"
5.0029,1,96,47,1.0000,1.0000,1.0000,1.0000,1.0000,1.0000,-24.6061,-15.2380,"13.860:0.000:18.000",0.1030,"A1 actors are outside the blind-corner conflict zone"
5.1053,1,96,48,1.0000,1.0000,1.0000,1.0000,1.0000,1.0000,-24.6006,-15.2400,"13.820:0.000:18.000",0.2054,"A1 actors are outside the blind-corner conflict zone"
5.2115,1,96,49,1.0000,1.0000,1.0000,1.0000,1.0000,1.0000,-24.5925,-15.2435,"13.779:0.000:18.000",0.0000,"A1 actors are outside the blind-corner conflict zone"
5.3160,1,96,50,1.0000,1.0000,1.0000,1.0000,1.0000,1.0000,-24.6137,-15.2363,"13.738:0.000:18.000",0.0000,"A1 actors are outside the blind-corner conflict zone"
5.4202,1,96,51,1.0000,1.0000,1.0000,1.0000,1.0000,1.0000,-24.6142,-15.2360,"13.697:0.000:18.000",0.0000,"A1 actors are outside the blind-corner conflict zone"
5.5214,1,96,52,1.0000,1.0000,1.0000,1.0000,1.0000,1.0000,-24.6103,-15.2370,"13.658:0.000:18.000",0.0000,"A1 actors are outside the blind-corner conflict zone"
5.6268,1,96,53,1.0000,1.0000,1.0000,1.0000,1.0000,1.0000,-24.6123,-15.2370,"13.617:0.000:18.000",0.1054,"A1 actors are outside the blind-corner conflict zone"
5.7294,1,96,54,1.0000,1.0000,1.0000,1.0000,1.0000,1.0000,-24.6308,-15.2353,"13.577:0.000:18.000",0.0000,"A1 actors are outside the blind-corner conflict zone"
5.8360,1,96,55,1.0000,1.0000,1.0000,1.0000,1.0000,1.0000,-24.5925,-15.2428,"13.535:0.000:18.000",0.1066,"A1 actors are outside the blind-corner conflict zone"
5.9428,1,96,56,1.0000,1.0000,1.0000,1.0000,1.0000,1.0000,-24.6164,-15.2387,"13.494:0.000:18.000",0.0000,"A1 actors are outside the blind-corner conflict zone"
6.0467,1,96,57,1.0000,1.0000,1.0000,1.0000,1.0000,1.0000,-24.5947,-15.2429,"13.453:0.000:18.000",0.0000,"A1 actors are outside the blind-corner conflict zone"
6.1492,1,96,58,1.0000,1.0000,1.0000,1.0000,1.0000,1.0000,-24.5757,-15.2483,"13.413:0.000:18.000",0.1025,"A1 actors are outside the blind-corner conflict zone"
6.2540,1,96,59,1.0000,1.0000,1.0000,1.0000,1.0000,1.0000,-24.5710,-15.2502,"13.372:0.000:18.000",0.0000,"A1 actors are outside the blind-corner conflict zone"
6.3579,1,96,60,1.0000,1.0000,1.0000,1.0000,1.0000,1.0000,-24.5613,-15.2521,"13.332:0.000:18.000",0.0000,"A1 actors are outside the blind-corner conflict zone"
6.4632,1,96,61,1.0000,1.0000,1.0000,1.0000,1.0000,1.0000,-24.5765,-15.2476,"13.291:0.000:18.000",0.0000,"A1 actors are outside the blind-corner conflict zone"
6.5657,1,96,62,1.0000,1.0000,1.0000,1.0000,1.0000,1.0000,-24.5786,-15.2471,"13.251:0.000:18.000",0.1025,"A1 actors are outside the blind-corner conflict zone"
6.6689,1,96,63,1.0000,1.0000,1.0000,1.0000,1.0000,1.0000,-24.5803,-15.2470,"13.210:0.000:18.000",0.0000,"A1 actors are outside the blind-corner conflict zone"
6.7728,1,96,64,1.0000,1.0000,1.0000,1.0000,1.0000,1.0000,-24.5483,-15.2539,"13.170:0.000:18.000",0.1039,"A1 actors are outside the blind-corner conflict zone"
6.8736,1,96,65,1.0000,1.0000,1.0000,1.0000,1.0000,1.0000,-24.5340,-15.2572,"13.131:0.000:18.000",0.2047,"A1 actors are outside the blind-corner conflict zone"
6.9748,1,96,66,1.0000,1.0000,1.0000,1.0000,1.0000,1.0000,-24.5348,-15.2568,"13.091:0.000:18.000",0.0000,"A1 actors are outside the blind-corner conflict zone"
7.0788,1,96,67,1.0000,1.0000,1.0000,1.0000,1.0000,1.0000,-24.5209,-15.2607,"13.051:0.000:18.000",0.0000,"A1 actors are outside the blind-corner conflict zone"
7.1817,1,96,68,1.0000,1.0000,1.0000,1.0000,1.0000,1.0000,-24.5244,-15.2597,"13.010:0.000:18.000",0.0000,"A1 actors are outside the blind-corner conflict zone"
7.2859,1,96,69,1.0000,1.0000,1.0000,1.0000,1.0000,1.0000,-24.5373,-15.2550,"12.970:0.000:18.000",0.1042,"A1 actors are outside the blind-corner conflict zone"
7.3907,1,96,70,1.0000,1.0000,1.0000,1.0000,1.0000,1.0000,-24.5526,-15.2503,"12.929:0.000:18.000",0.2089,"A1 actors are outside the blind-corner conflict zone"
7.4991,1,96,71,1.0000,1.0000,1.0000,1.0000,1.0000,1.0000,-24.5624,-15.2471,"12.887:0.000:18.000",0.0000,"A1 actors are outside the blind-corner conflict zone"
7.6012,1,96,72,1.0000,1.0000,1.0000,1.0000,1.0000,1.0000,-24.5462,-15.2518,"12.847:0.000:18.000",0.1021,"A1 actors are outside the blind-corner conflict zone"
7.7025,1,96,73,1.0000,1.0000,1.0000,1.0000,1.0000,1.0000,-24.5737,-15.2418,"12.807:0.000:18.000",0.0000,"A1 actors are outside the blind-corner conflict zone"
7.8043,1,96,74,1.0000,1.0000,1.0000,1.0000,1.0000,1.0000,-24.5955,-15.2339,"12.768:0.000:18.000",0.1018,"A1 actors are outside the blind-corner conflict zone"
7.9088,1,96,75,1.0000,1.0000,1.0000,1.0000,1.0000,1.0000,-24.6132,-15.2272,"12.727:0.000:18.000",0.2063,"A1 actors are outside the blind-corner conflict zone"
8.0137,1,96,76,1.0000,1.0000,1.0000,1.0000,1.0000,1.0000,-24.6258,-15.2232,"12.686:0.000:18.000",0.0000,"A1 actors are outside the blind-corner conflict zone"
8.1142,1,96,77,1.0000,1.0000,1.0000,1.0000,1.0000,1.0000,-24.6263,-15.2235,"12.647:0.000:18.000",0.0000,"A1 actors are outside the blind-corner conflict zone"
8.2154,1,96,78,1.0000,1.0000,1.0000,1.0000,1.0000,1.0000,-24.6146,-15.2280,"12.607:0.000:18.000",0.0000,"A1 actors are outside the blind-corner conflict zone"
8.3180,1,96,79,1.0000,1.0000,1.0000,1.0000,1.0000,1.0000,-24.6087,-15.2305,"12.567:0.000:18.000",0.1026,"A1 actors are outside the blind-corner conflict zone"
8.4193,1,96,80,1.0000,1.0000,1.0000,1.0000,1.0000,1.0000,-24.5983,-15.2341,"12.528:0.000:18.000",0.0000,"A1 actors are outside the blind-corner conflict zone"
8.5198,1,96,81,1.0000,1.0000,1.0000,1.0000,1.0000,1.0000,-24.5905,-15.2364,"12.489:0.000:18.000",0.0000,"A1 actors are outside the blind-corner conflict zone"
8.6232,1,96,82,1.0000,1.0000,1.0000,1.0000,1.0000,1.0000,-24.5638,-15.2433,"12.448:0.000:18.000",0.1035,"A1 actors are outside the blind-corner conflict zone"
8.7279,1,96,83,1.0000,1.0000,1.0000,1.0000,1.0000,1.0000,-24.5731,-15.2418,"12.407:0.000:18.000",0.0000,"A1 actors are outside the blind-corner conflict zone"
8.8325,1,96,84,1.0000,1.0000,1.0000,1.0000,1.0000,1.0000,-24.5503,-15.2439,"12.367:0.000:18.000",0.1046,"A1 actors are outside the blind-corner conflict zone"
8.9390,1,96,85,1.0000,1.0000,1.0000,1.0000,1.0000,1.0000,-24.5664,-15.2408,"12.325:0.000:18.000",0.0000,"A1 actors are outside the blind-corner conflict zone"
9.0452,1,96,86,1.0000,1.0000,1.0000,1.0000,1.0000,1.0000,-24.5734,-15.2391,"12.284:0.000:18.000",0.1063,"A1 actors are outside the blind-corner conflict zone"
9.1463,1,96,87,1.0000,1.0000,1.0000,1.0000,1.0000,1.0000,-24.5752,-15.2381,"12.244:0.000:18.000",0.0000,"A1 actors are outside the blind-corner conflict zone"
9.2494,1,96,88,1.0000,1.0000,1.0000,1.0000,1.0000,1.0000,-24.6010,-15.2269,"12.204:0.000:18.000",0.1031,"A1 actors are outside the blind-corner conflict zone"
9.3540,1,96,89,1.0000,1.0000,1.0000,1.0000,1.0000,1.0000,-24.6006,-15.2271,"12.163:0.000:18.000",0.2078,"A1 actors are outside the blind-corner conflict zone"
9.4569,1,96,90,1.0000,1.0000,1.0000,1.0000,1.0000,1.0000,-24.6475,-15.1949,"12.123:0.000:18.000",0.0000,"A1 actors are outside the blind-corner conflict zone"
9.5584,1,96,91,1.0000,1.0000,1.0000,1.0000,1.0000,1.0000,-24.6662,-15.1792,"12.083:0.000:18.000",0.0000,"A1 actors are outside the blind-corner conflict zone"
9.6603,1,96,92,1.0000,1.0000,1.0000,1.0000,1.0000,1.0000,-24.6788,-15.1611,"12.044:0.000:18.000",0.0000,"A1 actors are outside the blind-corner conflict zone"
9.7616,1,96,93,1.0000,1.0000,1.0000,1.0000,1.0000,1.0000,-24.7056,-15.1100,"12.004:0.000:18.000",0.0000,"A1 actors are outside the blind-corner conflict zone"
9.8679,1,96,94,1.0000,1.0000,1.0000,1.0000,1.0000,1.0000,-24.7178,-15.0686,"11.963:0.000:18.000",0.0000,"A1 actors are outside the blind-corner conflict zone"
9.9716,1,96,95,1.0000,1.0000,1.0000,1.0000,1.0000,1.0000,-24.7358,-14.9965,"11.922:0.000:18.000",0.0000,"A1 actors are outside the blind-corner conflict zone"
10.0721,1,96,96,1.0000,1.0000,1.0000,1.0000,1.0000,1.0000,-24.7479,-14.9206,"11.883:0.000:18.000",0.0000,"A1 actors are outside the blind-corner conflict zone"
10.1746,1,96,97,1.0000,1.0000,1.0000,1.0000,1.0000,1.0000,-24.7398,-14.8164,"11.843:0.000:18.000",0.0000,"A1 actors are outside the blind-corner conflict zone"
10.2805,1,96,98,1.0000,1.0000,1.0000,1.0000,1.0000,1.0000,-24.7233,-14.7408,"11.802:0.000:18.000",0.1058,"A1 actors are outside the blind-corner conflict zone"
10.3819,1,96,99,1.0000,1.0000,1.0000,1.0000,1.0000,1.0000,-24.6981,-14.6554,"11.762:0.000:18.000",0.0000,"A1 actors are outside the blind-corner conflict zone"
10.4853,1,96,100,1.0000,1.0000,1.0000,1.0000,1.0000,1.0000,-24.6465,-14.5416,"11.722:0.000:18.000",0.0000,"A1 actors are outside the blind-corner conflict zone"
10.5884,1,96,101,1.0000,1.0000,1.0000,1.0000,1.0000,1.0000,-24.5790,-14.4337,"11.682:0.000:18.000",0.0000,"A1 actors are outside the blind-corner conflict zone"
10.6944,1,96,102,1.0000,1.0000,1.0000,1.0000,1.0000,1.0000,-24.4935,-14.3358,"11.640:0.000:18.000",0.0000,"A1 actors are outside the blind-corner conflict zone"
10.7952,1,96,103,1.0000,1.0000,1.0000,1.0000,1.0000,1.0000,-24.4057,-14.2331,"11.601:0.000:18.000",0.0000,"A1 actors are outside the blind-corner conflict zone"
10.8981,1,96,104,1.0000,1.0000,1.0000,1.0000,1.0000,1.0000,-24.3356,-14.1517,"11.561:0.000:18.000",0.0000,"A1 actors are outside the blind-corner conflict zone"
11.0038,1,96,105,1.0000,1.0000,1.0000,1.0000,1.0000,1.0000,-24.2269,-14.0356,"11.520:0.000:18.000",0.1057,"A1 actors are outside the blind-corner conflict zone"
11.1086,1,96,106,1.0000,1.0000,1.0000,1.0000,1.0000,1.0000,-24.1616,-13.9730,"11.479:0.000:18.000",0.0000,"A1 actors are outside the blind-corner conflict zone"
11.2123,1,96,107,1.0000,1.0000,1.0000,1.0000,1.0000,1.0000,-24.0879,-13.9071,"11.438:0.000:18.000",0.0000,"A1 actors are outside the blind-corner conflict zone"
11.3167,1,96,108,1.0000,1.0000,1.0000,1.0000,1.0000,1.0000,-24.0052,-13.8148,"11.398:0.000:18.000",0.0000,"A1 actors are outside the blind-corner conflict zone"
11.4172,1,96,109,1.0000,1.0000,1.0000,1.0000,1.0000,1.0000,-23.9331,-13.7172,"11.359:0.000:18.000",0.0000,"A1 actors are outside the blind-corner conflict zone"
11.5190,1,96,110,1.0000,1.0000,1.0000,1.0000,1.0000,1.0000,-23.8694,-13.6304,"11.319:0.000:18.000",0.1019,"A1 actors are outside the blind-corner conflict zone"
11.6196,1,96,111,1.0000,1.0000,1.0000,1.0000,1.0000,1.0000,-23.7955,-13.5263,"11.280:0.000:18.000",0.0000,"A1 actors are outside the blind-corner conflict zone"
11.7229,1,96,112,1.0000,1.0000,1.0000,1.0000,1.0000,1.0000,-23.7301,-13.4373,"11.239:0.000:18.000",0.0000,"A1 actors are outside the blind-corner conflict zone"
11.8258,1,96,113,1.0000,1.0000,1.0000,1.0000,1.0000,1.0000,-23.6453,-13.3202,"11.199:0.000:18.000",0.0000,"A1 actors are outside the blind-corner conflict zone"
11.9274,1,96,114,1.0000,1.0000,1.0000,1.0000,1.0000,1.0000,-23.5867,-13.2430,"11.160:0.000:18.000",0.0000,"A1 actors are outside the blind-corner conflict zone"
12.0314,1,96,115,1.0000,1.0000,1.0000,1.0000,1.0000,1.0000,-23.5108,-13.1606,"11.119:0.000:18.000",0.0000,"A1 actors are outside the blind-corner conflict zone"
12.1349,1,96,116,1.0000,1.0000,1.0000,1.0000,1.0000,1.0000,-23.4437,-13.0884,"11.079:0.000:18.000",0.0000,"A1 actors are outside the blind-corner conflict zone"
12.2385,1,96,117,1.0000,1.0000,1.0000,1.0000,1.0000,1.0000,-23.3174,-12.9511,"11.038:0.000:18.000",0.1036,"A1 actors are outside the blind-corner conflict zone"
12.3429,1,96,118,1.0000,1.0000,1.0000,1.0000,1.0000,1.0000,-23.2320,-12.8600,"10.998:0.000:18.000",0.0000,"A1 actors are outside the blind-corner conflict zone"
12.4485,1,96,119,1.0000,1.0000,1.0000,1.0000,1.0000,1.0000,-23.1389,-12.7640,"10.956:0.000:18.000",0.1057,"A1 actors are outside the blind-corner conflict zone"
12.5499,1,96,120,1.0000,1.0000,1.0000,1.0000,1.0000,1.0000,-23.0509,-12.6929,"10.917:0.000:18.000",0.0000,"A1 actors are outside the blind-corner conflict zone"
12.6516,1,96,121,1.0000,1.0000,1.0000,1.0000,1.0000,1.0000,-22.9715,-12.6462,"10.877:0.000:18.000",0.0000,"A1 actors are outside the blind-corner conflict zone"
12.7524,1,96,122,1.0000,1.0000,1.0000,1.0000,1.0000,1.0000,-22.8693,-12.5859,"10.838:0.000:18.000",0.0000,"A1 actors are outside the blind-corner conflict zone"
12.8528,1,96,123,1.0000,1.0000,1.0000,1.0000,1.0000,1.0000,-22.7747,-12.5287,"10.799:0.000:18.000",0.0000,"A1 actors are outside the blind-corner conflict zone"
12.9532,1,96,124,1.0000,1.0000,1.0000,1.0000,1.0000,1.0000,-22.6729,-12.4744,"10.760:0.000:18.000",0.1004,"A1 actors are outside the blind-corner conflict zone"
13.0591,1,96,125,1.0000,1.0000,1.0000,1.0000,1.0000,1.0000,-22.5559,-12.4121,"10.718:0.000:18.000",0.0000,"A1 actors are outside the blind-corner conflict zone"
13.1607,1,96,126,1.0000,1.0000,1.0000,1.0000,1.0000,1.0000,-22.4750,-12.3797,"10.679:0.000:18.000",0.1016,"A1 actors are outside the blind-corner conflict zone"
13.2645,1,96,127,1.0000,1.0000,1.0000,1.0000,1.0000,1.0000,-22.3876,-12.3430,"10.638:0.000:18.000",0.2054,"A1 actors are outside the blind-corner conflict zone"
13.3672,1,96,128,1.0000,1.0000,1.0000,1.0000,1.0000,1.0000,-22.2721,-12.2908,"10.598:0.000:18.000",0.0000,"A1 actors are outside the blind-corner conflict zone"
13.4739,1,96,129,1.0000,1.0000,1.0000,1.0000,1.0000,1.0000,-22.1519,-12.2423,"10.556:0.000:18.000",0.0000,"A1 actors are outside the blind-corner conflict zone"
13.5777,1,96,130,1.0000,1.0000,1.0000,1.0000,1.0000,1.0000,-22.0252,-12.2054,"10.516:0.000:18.000",0.0000,"A1 actors are outside the blind-corner conflict zone"
13.6836,1,96,131,1.0000,1.0000,1.0000,1.0000,1.0000,1.0000,-21.9159,-12.1716,"10.475:0.000:18.000",0.0000,"A1 actors are outside the blind-corner conflict zone"
13.7860,1,96,132,1.0000,1.0000,1.0000,1.0000,1.0000,1.0000,-21.8315,-12.1466,"10.435:0.000:18.000",0.1024,"A1 actors are outside the blind-corner conflict zone"
13.8876,1,96,133,1.0000,1.0000,1.0000,1.0000,1.0000,1.0000,-21.6991,-12.1152,"10.395:0.000:18.000",0.0000,"A1 actors are outside the blind-corner conflict zone"
13.9931,1,96,134,1.0000,1.0000,1.0000,1.0000,1.0000,1.0000,-21.6024,-12.1028,"10.354:0.000:18.000",0.0000,"A1 actors are outside the blind-corner conflict zone"
14.0989,1,96,135,1.0000,1.0000,1.0000,1.0000,1.0000,1.0000,-21.4808,-12.0895,"10.313:0.000:18.000",0.1058,"A1 actors are outside the blind-corner conflict zone"
14.2004,1,96,136,1.0000,1.0000,1.0000,1.0000,1.0000,1.0000,-21.3325,-12.0566,"10.273:0.000:18.000",0.0000,"A1 actors are outside the blind-corner conflict zone"
14.3017,1,96,137,1.0000,1.0000,1.0000,1.0000,1.0000,1.0000,-21.2429,-12.0301,"10.234:0.000:18.000",0.0000,"A1 actors are outside the blind-corner conflict zone"
14.4082,1,96,138,1.0000,1.0000,1.0000,1.0000,1.0000,1.0000,-21.1482,-11.9987,"10.192:0.000:18.000",0.1066,"A1 actors are outside the blind-corner conflict zone"
14.5329,1,96,139,1.0000,1.0000,1.0000,1.0000,1.0000,1.0000,-20.9979,-11.9598,"10.143:0.000:18.000",0.0000,"A1 actors are outside the blind-corner conflict zone"
14.6476,1,96,140,1.0000,1.0000,1.0000,1.0000,1.0000,1.0000,-20.8560,-11.9262,"10.099:0.000:18.000",0.1147,"A1 actors are outside the blind-corner conflict zone"
14.7715,1,96,141,1.0000,1.0000,1.0000,1.0000,1.0000,1.0000,-20.7104,-11.8885,"10.050:0.000:18.000",0.0000,"A1 actors are outside the blind-corner conflict zone"
14.8969,1,96,142,1.0000,1.0000,1.0000,1.0000,1.0000,1.0000,-20.5905,-11.8745,"10.001:0.000:18.000",0.0000,"A1 actors are outside the blind-corner conflict zone"
15.0178,1,96,143,1.0000,1.0000,1.0000,1.0000,1.0000,1.0000,-20.4486,-11.8592,"9.954:0.000:18.000",0.0000,"A1 actors are outside the blind-corner conflict zone"
15.1206,1,96,144,1.0000,1.0000,1.0000,1.0000,1.0000,1.0000,-20.3240,-11.8408,"9.914:0.000:18.000",0.0000,"A1 actors are outside the blind-corner conflict zone"
15.2229,1,96,145,1.0000,1.0000,1.0000,1.0000,1.0000,1.0000,-20.2144,-11.8375,"9.874:0.000:18.000",0.1023,"A1 actors are outside the blind-corner conflict zone"
15.3448,1,96,146,1.0000,1.0000,1.0000,1.0000,1.0000,1.0000,-20.0839,-11.8298,"9.827:0.000:18.000",0.2242,"A1 actors are outside the blind-corner conflict zone"
15.4604,1,96,147,1.0000,1.0000,1.0000,1.0000,1.0000,1.0000,-19.9476,-11.8267,"9.782:0.000:18.000",0.3398,"A1 actors are outside the blind-corner conflict zone"
15.5817,1,96,148,1.0000,1.0000,1.0000,1.0000,1.0000,1.0000,-19.7833,-11.8211,"9.734:0.000:18.000",0.0000,"A1 actors are outside the blind-corner conflict zone"
15.7109,1,96,149,1.0000,1.0000,1.0000,1.0000,1.0000,1.0000,-19.6253,-11.8109,"9.684:0.000:18.000",0.0000,"A1 actors are outside the blind-corner conflict zone"
15.8338,1,96,150,1.0000,1.0000,1.0000,1.0000,1.0000,1.0000,-19.4752,-11.7983,"9.636:0.000:18.000",0.0000,"A1 actors are outside the blind-corner conflict zone"
15.9609,1,96,151,1.0000,1.0000,1.0000,1.0000,1.0000,1.0000,-19.3459,-11.7904,"9.587:0.000:18.000",0.0000,"A1 actors are outside the blind-corner conflict zone"
16.0876,1,96,152,1.0000,1.0000,1.0000,1.0000,1.0000,1.0000,-19.1851,-11.7794,"9.537:0.000:18.000",0.1267,"A1 actors are outside the blind-corner conflict zone"
16.2068,1,96,153,1.0000,1.0000,1.0000,1.0000,1.0000,1.0000,-19.0536,-11.7665,"9.491:0.000:18.000",0.2459,"A1 actors are outside the blind-corner conflict zone"
16.3315,1,96,154,1.0000,1.0000,1.0000,1.0000,1.0000,1.0000,-18.9012,-11.7516,"9.442:0.000:18.000",0.0000,"A1 actors are outside the blind-corner conflict zone"
16.4605,1,96,155,1.0000,1.0000,1.0000,1.0000,1.0000,1.0000,-18.7433,-11.7335,"9.392:0.000:18.000",0.1290,"A1 actors are outside the blind-corner conflict zone"
16.5885,1,96,156,1.0000,1.0000,1.0000,1.0000,1.0000,1.0000,-18.5796,-11.7273,"9.342:0.000:18.000",0.0000,"A1 actors are outside the blind-corner conflict zone"
16.7177,1,96,157,1.0000,1.0000,1.0000,1.0000,1.0000,1.0000,-18.4306,-11.7276,"9.291:0.000:18.000",0.1292,"A1 actors are outside the blind-corner conflict zone"
16.8337,1,96,158,1.0000,1.0000,1.0000,1.0000,1.0000,1.0000,-18.2865,-11.7257,"9.246:0.000:18.000",0.2452,"A1 actors are outside the blind-corner conflict zone"
16.9377,1,96,159,1.0000,1.0000,1.0000,1.0000,1.0000,1.0000,-18.1520,-11.7227,"9.206:0.000:18.000",0.0000,"A1 actors are outside the blind-corner conflict zone"
17.0619,1,96,160,1.0000,1.0000,1.0000,1.0000,1.0000,1.0000,-17.9701,-11.7200,"9.157:0.000:18.000",0.0000,"A1 actors are outside the blind-corner conflict zone"
17.1873,1,96,161,1.0000,1.0000,1.0000,1.0000,1.0000,1.0000,-17.8415,-11.7263,"9.108:0.000:18.000",0.1254,"A1 actors are outside the blind-corner conflict zone"
17.3003,1,96,162,1.0000,1.0000,1.0000,1.0000,1.0000,1.0000,-17.7029,-11.7311,"9.064:0.000:18.000",0.0000,"A1 actors are outside the blind-corner conflict zone"
17.4096,1,96,163,1.0000,1.0000,1.0000,1.0000,1.0000,1.0000,-17.5477,-11.7335,"9.022:0.000:18.000",0.0000,"A1 actors are outside the blind-corner conflict zone"
17.5459,1,96,164,1.0000,1.0000,1.0000,1.0000,1.0000,1.0000,-17.3753,-11.7360,"8.968:0.000:18.000",0.0000,"A1 actors are outside the blind-corner conflict zone"
17.6561,1,96,165,1.0000,1.0000,1.0000,1.0000,1.0000,1.0000,-17.2494,-11.7210,"8.925:0.000:18.000",0.1102,"A1 actors are outside the blind-corner conflict zone"
17.7669,1,96,166,1.0000,1.0000,1.0000,1.0000,1.0000,1.0000,-17.1145,-11.7031,"8.882:0.000:18.000",0.0000,"A1 actors are outside the blind-corner conflict zone"
17.8702,1,96,167,1.0000,1.0000,1.0000,1.0000,1.0000,1.0000,-17.0118,-11.6925,"8.842:0.000:18.000",0.0000,"A1 actors are outside the blind-corner conflict zone"
17.9834,1,96,168,1.0000,1.0000,1.0000,1.0000,1.0000,1.0000,-16.8731,-11.6814,"8.798:0.000:18.000",0.0000,"A1 actors are outside the blind-corner conflict zone"
18.0847,1,96,169,1.0000,1.0000,1.0000,1.0000,1.0000,1.0000,-16.7607,-11.6760,"8.758:0.000:18.000",0.0000,"A1 actors are outside the blind-corner conflict zone"
18.1859,1,96,170,1.0000,1.0000,1.0000,1.0000,1.0000,1.0000,-16.6543,-11.6827,"8.719:0.000:18.000",0.0000,"A1 actors are outside the blind-corner conflict zone"
18.2861,1,96,171,1.0000,1.0000,1.0000,1.0000,1.0000,1.0000,-16.5437,-11.6882,"8.680:0.000:18.000",0.1002,"A1 actors are outside the blind-corner conflict zone"
18.3882,1,96,172,1.0000,1.0000,1.0000,1.0000,1.0000,1.0000,-16.4217,-11.7004,"8.640:0.000:18.000",0.2023,"A1 actors are outside the blind-corner conflict zone"
18.5227,1,96,173,1.0000,1.0000,1.0000,1.0000,1.0000,1.0000,-16.2771,-11.7091,"8.587:0.000:18.000",0.3368,"A1 actors are outside the blind-corner conflict zone"
18.6228,1,96,174,1.0000,1.0000,1.0000,1.0000,1.0000,1.0000,-16.1495,-11.7127,"8.548:0.000:18.000",0.0000,"A1 actors are outside the blind-corner conflict zone"
18.7371,1,96,175,1.0000,1.0000,1.0000,1.0000,1.0000,1.0000,-16.0150,-11.7111,"8.504:0.000:18.000",0.0000,"A1 actors are outside the blind-corner conflict zone"
18.8441,1,96,176,1.0000,1.0000,1.0000,1.0000,1.0000,1.0000,-15.8871,-11.7147,"8.462:0.000:18.000",0.0000,"A1 actors are outside the blind-corner conflict zone"
18.9744,1,96,177,1.0000,1.0000,1.0000,1.0000,1.0000,1.0000,-15.7451,-11.7201,"8.411:0.000:18.000",0.0000,"A1 actors are outside the blind-corner conflict zone"
19.0750,1,96,178,1.0000,1.0000,1.0000,1.0000,1.0000,1.0000,-15.6463,-11.7195,"8.372:0.000:18.000",0.1006,"A1 actors are outside the blind-corner conflict zone"
19.1758,1,96,179,1.0000,1.0000,1.0000,1.0000,1.0000,1.0000,-15.5243,-11.7200,"8.333:0.000:18.000",0.0000,"A1 actors are outside the blind-corner conflict zone"
19.2842,1,96,180,1.0000,1.0000,1.0000,1.0000,1.0000,1.0000,-15.4103,-11.7236,"8.290:0.000:18.000",0.0000,"A1 actors are outside the blind-corner conflict zone"
19.3845,1,96,181,1.0000,1.0000,1.0000,1.0000,1.0000,1.0000,-15.3091,-11.7284,"8.251:0.000:18.000",0.1002,"A1 actors are outside the blind-corner conflict zone"
19.4916,1,96,182,1.0000,1.0000,1.0000,1.0000,1.0000,1.0000,-15.1713,-11.7345,"8.210:0.000:18.000",0.2073,"A1 actors are outside the blind-corner conflict zone"
19.6253,1,96,183,1.0000,1.0000,1.0000,1.0000,1.0000,1.0000,-15.0139,-11.7386,"8.157:0.000:18.000",0.3411,"A1 actors are outside the blind-corner conflict zone"
19.7524,1,96,184,1.0000,1.0000,1.0000,1.0000,1.0000,1.0000,-14.8660,-11.7579,"8.108:0.000:18.000",0.0000,"A1 actors are outside the blind-corner conflict zone"
19.8888,1,96,185,1.0000,1.0000,1.0000,1.0000,1.0000,1.0000,-14.7050,-11.7854,"8.055:0.000:18.000",0.0000,"A1 actors are outside the blind-corner conflict zone"
19.9984,1,96,186,1.0000,1.0000,1.0000,1.0000,1.0000,1.0000,-14.5593,-11.8143,"8.012:0.000:18.000",0.0000,"A1 actors are outside the blind-corner conflict zone"
20.1027,1,96,187,1.0000,1.0000,1.0000,1.0000,1.0000,1.0000,-14.4190,-11.8295,"7.971:0.000:18.000",0.0000,"A1 actors are outside the blind-corner conflict zone"
20.2171,1,96,188,1.0000,1.0000,1.0000,1.0000,1.0000,1.0000,-14.2841,-11.8550,"7.927:0.000:18.000",0.0000,"A1 actors are outside the blind-corner conflict zone"
20.3240,1,96,189,1.0000,1.0000,1.0000,1.0000,1.0000,1.0000,-14.1712,-11.8929,"7.885:0.000:18.000",0.1069,"A1 actors are outside the blind-corner conflict zone"
20.4244,1,96,190,1.0000,1.0000,1.0000,1.0000,1.0000,1.0000,-14.0672,-11.9325,"7.846:0.000:18.000",0.2074,"A1 actors are outside the blind-corner conflict zone"
20.5411,1,96,191,1.0000,1.0000,1.0000,1.0000,1.0000,1.0000,-13.9419,-11.9805,"7.800:0.000:18.000",0.0000,"A1 actors are outside the blind-corner conflict zone"
20.6454,1,96,192,1.0000,1.0000,1.0000,1.0000,1.0000,1.0000,-13.8356,-12.0211,"7.760:0.000:18.000",0.1043,"A1 actors are outside the blind-corner conflict zone"
20.7574,1,96,193,1.0000,1.0000,1.0000,1.0000,1.0000,1.0000,-13.7228,-12.0681,"7.716:0.000:18.000",0.0000,"A1 actors are outside the blind-corner conflict zone"
20.8620,1,96,194,1.0000,1.0000,1.0000,1.0000,1.0000,1.0000,-13.5833,-12.1294,"7.675:0.000:18.000",0.0000,"A1 actors are outside the blind-corner conflict zone"
20.9857,1,96,195,1.0000,1.0000,1.0000,1.0000,1.0000,1.0000,-13.4519,-12.1769,"7.627:0.000:18.000",0.0000,"A1 actors are outside the blind-corner conflict zone"
21.0908,1,96,196,1.0000,1.0000,1.0000,1.0000,1.0000,1.0000,-13.3367,-12.2211,"7.586:0.000:18.000",0.0000,"A1 actors are outside the blind-corner conflict zone"
21.2175,1,96,197,1.0000,1.0000,1.0000,1.0000,1.0000,1.0000,-13.2107,-12.2768,"7.536:0.000:18.000",0.1267,"A1 actors are outside the blind-corner conflict zone"
21.3477,1,96,198,1.0000,1.0000,1.0000,1.0000,1.0000,1.0000,-13.0857,-12.3300,"7.486:0.000:18.000",0.2569,"A1 actors are outside the blind-corner conflict zone"
21.4735,1,96,199,1.0000,1.0000,1.0000,1.0000,1.0000,1.0000,-12.9555,-12.3839,"7.437:0.000:18.000",0.0000,"A1 actors are outside the blind-corner conflict zone"
21.5736,1,96,200,1.0000,1.0000,1.0000,1.0000,1.0000,1.0000,-12.8309,-12.4419,"7.398:0.000:18.000",0.0000,"A1 actors are outside the blind-corner conflict zone"
21.6762,1,96,201,1.0000,1.0000,1.0000,1.0000,1.0000,1.0000,-12.7210,-12.4987,"7.358:0.000:18.000",0.1026,"A1 actors are outside the blind-corner conflict zone"
21.7827,1,96,202,1.0000,1.0000,1.0000,1.0000,1.0000,1.0000,-12.6172,-12.5589,"7.316:0.000:18.000",0.0000,"A1 actors are outside the blind-corner conflict zone"
22.1160,1,96,203,1.0000,1.0000,1.0000,1.0000,1.0000,1.0000,-12.2823,-12.7570,"7.186:0.000:18.000",0.0000,"A1 actors are outside the blind-corner conflict zone"
22.3749,1,96,204,1.0000,1.0000,1.0000,1.0000,1.0000,1.0000,-12.0232,-12.9253,"7.085:0.000:18.000",0.0000,"A1 actors are outside the blind-corner conflict zone"
22.4952,1,96,205,1.0000,1.0000,1.0000,1.0000,1.0000,1.0000,-11.9008,-12.9930,"7.038:0.000:18.000",0.1204,"A1 actors are outside the blind-corner conflict zone"
22.6178,1,96,206,1.0000,1.0000,1.0000,1.0000,1.0000,1.0000,-11.7793,-13.0592,"6.990:0.000:18.000",0.2429,"A1 actors are outside the blind-corner conflict zone"
22.7222,1,96,207,1.0000,1.0000,1.0000,1.0000,1.0000,1.0000,-11.6576,-13.1173,"6.950:0.000:18.000",0.0000,"A1 actors are outside the blind-corner conflict zone"
22.8265,1,96,208,1.0000,1.0000,1.0000,1.0000,1.0000,1.0000,-11.5271,-13.1653,"6.909:0.000:18.000",0.1043,"A1 actors are outside the blind-corner conflict zone"
22.9715,1,96,209,1.0000,1.0000,1.0000,1.0000,1.0000,1.0000,-11.3557,-13.2436,"6.852:0.000:18.000",0.0000,"A1 actors are outside the blind-corner conflict zone"
23.0883,1,96,210,1.0000,1.0000,1.0000,1.0000,1.0000,1.0000,-11.2305,-13.3096,"6.807:0.000:18.000",0.0000,"A1 actors are outside the blind-corner conflict zone"
23.1913,1,96,211,1.0000,1.0000,1.0000,1.0000,1.0000,1.0000,-11.1037,-13.3699,"6.767:0.000:18.000",0.1031,"A1 actors are outside the blind-corner conflict zone"
23.3164,1,96,212,1.0000,1.0000,1.0000,1.0000,1.0000,1.0000,-10.9853,-13.4305,"6.718:0.000:18.000",0.2281,"A1 actors are outside the blind-corner conflict zone"
23.4311,1,96,213,1.0000,1.0000,1.0000,1.0000,1.0000,1.0000,-10.8726,-13.4927,"6.673:0.000:18.000",0.0000,"A1 actors are outside the blind-corner conflict zone"
23.5324,1,96,214,1.0000,1.0000,1.0000,1.0000,1.0000,1.0000,-10.7621,-13.5579,"6.634:0.000:18.000",0.0000,"A1 actors are outside the blind-corner conflict zone"
23.6636,1,96,215,1.0000,1.0000,1.0000,1.0000,1.0000,1.0000,-10.6454,-13.6416,"6.582:0.000:18.000",0.0000,"A1 actors are outside the blind-corner conflict zone"
23.7929,1,96,216,1.0000,1.0000,1.0000,1.0000,1.0000,1.0000,-10.5292,-13.7291,"6.532:0.000:18.000",0.0000,"A1 actors are outside the blind-corner conflict zone"
23.8995,1,96,217,1.0000,1.0000,1.0000,1.0000,1.0000,1.0000,-10.4345,-13.8001,"6.490:0.000:18.000",0.1066,"A1 actors are outside the blind-corner conflict zone"
24.0027,1,96,218,1.0000,1.0000,1.0000,1.0000,1.0000,1.0000,-10.3311,-13.8808,"6.450:0.000:18.000",0.0000,"A1 actors are outside the blind-corner conflict zone"
24.1040,1,96,219,1.0000,1.0000,1.0000,1.0000,1.0000,1.0000,-10.2261,-13.9550,"6.411:0.000:18.000",0.0000,"A1 actors are outside the blind-corner conflict zone"
24.2103,1,96,220,1.0000,1.0000,1.0000,1.0000,1.0000,1.0000,-10.1197,-14.0182,"6.369:0.000:18.000",0.0000,"A1 actors are outside the blind-corner conflict zone"
24.3113,1,96,221,1.0000,1.0000,1.0000,1.0000,1.0000,1.0000,-10.0078,-14.0718,"6.330:0.000:18.000",0.1010,"A1 actors are outside the blind-corner conflict zone"
24.4221,1,96,222,1.0000,1.0000,1.0000,1.0000,1.0000,1.0000,-9.9049,-14.1186,"6.287:0.000:18.000",0.2118,"A1 actors are outside the blind-corner conflict zone"
24.5324,1,96,223,1.0000,1.0000,1.0000,1.0000,1.0000,1.0000,-9.7947,-14.1742,"6.244:0.000:18.000",0.0000,"A1 actors are outside the blind-corner conflict zone"
24.6554,1,96,224,1.0000,1.0000,1.0000,1.0000,1.0000,1.0000,-9.6535,-14.2425,"6.196:0.000:18.000",0.0000,"A1 actors are outside the blind-corner conflict zone"
24.7853,1,96,225,1.0000,1.0000,1.0000,1.0000,1.0000,1.0000,-9.5030,-14.2914,"6.145:0.000:18.000",0.0000,"A1 actors are outside the blind-corner conflict zone"
24.9152,1,96,226,1.0000,1.0000,1.0000,1.0000,1.0000,1.0000,-9.3748,-14.3160,"6.094:0.000:18.000",0.1299,"A1 actors are outside the blind-corner conflict zone"
25.0278,1,96,227,1.0000,1.0000,1.0000,1.0000,1.0000,1.0000,-9.2471,-14.3424,"6.050:0.000:18.000",0.2426,"A1 actors are outside the blind-corner conflict zone"
25.1323,1,96,228,1.0000,1.0000,1.0000,1.0000,1.0000,1.0000,-9.1175,-14.3661,"6.010:0.000:18.000",0.0000,"A1 actors are outside the blind-corner conflict zone"
25.2651,1,96,229,1.0000,1.0000,1.0000,1.0000,1.0000,1.0000,-8.9551,-14.4033,"5.958:0.000:18.000",0.1329,"A1 actors are outside the blind-corner conflict zone"
25.3830,1,96,230,1.0000,1.0000,1.0000,1.0000,1.0000,1.0000,-8.8177,-14.4230,"5.912:0.000:18.000",0.0000,"A1 actors are outside the blind-corner conflict zone"
25.4894,1,96,231,1.0000,1.0000,1.0000,1.0000,1.0000,1.0000,-8.7129,-14.4400,"5.870:0.000:18.000",0.1064,"A1 actors are outside the blind-corner conflict zone"
25.6035,1,96,232,1.0000,1.0000,1.0000,1.0000,1.0000,1.0000,-8.5768,-14.4694,"5.826:0.000:18.000",0.0000,"A1 actors are outside the blind-corner conflict zone"
25.7063,1,96,233,1.0000,1.0000,1.0000,1.0000,1.0000,1.0000,-8.4560,-14.4924,"5.786:0.000:18.000",0.1028,"A1 actors are outside the blind-corner conflict zone"
25.8276,1,96,234,1.0000,1.0000,1.0000,1.0000,1.0000,1.0000,-8.3328,-14.5207,"5.738:0.000:18.000",0.0000,"A1 actors are outside the blind-corner conflict zone"
25.9529,1,96,235,1.0000,1.0000,1.0000,1.0000,1.0000,1.0000,-8.1855,-14.5519,"5.690:0.000:18.000",0.0000,"A1 actors are outside the blind-corner conflict zone"
26.0541,1,96,236,1.0000,1.0000,1.0000,1.0000,1.0000,1.0000,-8.0704,-14.5761,"5.650:0.000:18.000",0.0000,"A1 actors are outside the blind-corner conflict zone"
26.1580,1,96,237,1.0000,1.0000,1.0000,1.0000,1.0000,1.0000,-7.9577,-14.6105,"5.610:0.000:18.000",0.0000,"A1 actors are outside the blind-corner conflict zone"
26.2850,1,96,238,1.0000,1.0000,1.0000,1.0000,1.0000,1.0000,-7.8217,-14.6600,"5.560:0.000:18.000",0.1270,"A1 actors are outside the blind-corner conflict zone"
26.4121,1,96,239,1.0000,1.0000,1.0000,1.0000,1.0000,1.0000,-7.6874,-14.7250,"5.511:0.000:18.000",0.0000,"A1 actors are outside the blind-corner conflict zone"
26.5150,1,96,240,1.0000,1.0000,1.0000,1.0000,1.0000,1.0000,-7.5827,-14.7834,"5.470:0.000:18.000",0.1029,"A1 actors are outside the blind-corner conflict zone"
26.6419,1,96,241,1.0000,1.0000,1.0000,1.0000,1.0000,1.0000,-7.4426,-14.8828,"5.421:0.000:18.000",0.0000,"A1 actors are outside the blind-corner conflict zone"
26.7705,1,96,242,1.0000,1.0000,1.0000,1.0000,1.0000,1.0000,-7.3316,-14.9956,"5.371:0.000:18.000",0.1285,"A1 actors are outside the blind-corner conflict zone"
26.8865,1,96,243,1.0000,1.0000,1.0000,1.0000,1.0000,1.0000,-7.2108,-15.1260,"5.326:0.000:18.000",0.2445,"A1 actors are outside the blind-corner conflict zone"
27.0029,1,96,244,1.0000,1.0000,1.0000,1.0000,1.0000,1.0000,-7.1208,-15.2139,"5.280:0.000:18.000",0.0000,"A1 actors are outside the blind-corner conflict zone"
27.1351,1,96,245,1.0000,1.0000,1.0000,1.0000,1.0000,1.0000,-7.0052,-15.3517,"5.229:0.000:18.000",0.0000,"A1 actors are outside the blind-corner conflict zone"
27.2563,1,96,246,1.0000,1.0000,1.0000,1.0000,1.0000,1.0000,-6.9123,-15.4864,"5.181:0.000:18.000",0.0000,"A1 actors are outside the blind-corner conflict zone"
27.3581,1,96,247,1.0000,1.0000,1.0000,1.0000,1.0000,1.0000,-6.8571,-15.5858,"5.142:0.000:18.000",0.1018,"A1 actors are outside the blind-corner conflict zone"
27.4651,1,96,248,1.0000,1.0000,1.0000,1.0000,1.0000,1.0000,-6.7879,-15.7275,"5.100:0.000:18.000",0.2088,"A1 actors are outside the blind-corner conflict zone"
27.5710,1,96,249,1.0000,1.0000,1.0000,1.0000,1.0000,1.0000,-6.7228,-15.8561,"5.059:0.000:18.000",0.3147,"A1 actors are outside the blind-corner conflict zone"
27.6786,1,96,250,1.0000,1.0000,1.0000,1.0000,1.0000,1.0000,-6.6712,-15.9545,"5.059:0.000:18.000",0.0000,"A1 actors are outside the blind-corner conflict zone"
27.7958,1,96,251,1.0000,1.0000,1.0000,1.0000,1.0000,1.0000,-6.6092,-16.0650,"5.105:0.000:18.000",0.1172,"A1 actors are outside the blind-corner conflict zone"
27.9208,1,96,252,1.0000,1.0000,1.0000,1.0000,1.0000,1.0000,-6.5380,-16.2098,"5.153:0.000:18.000",0.0000,"A1 actors are outside the blind-corner conflict zone"
28.0286,1,96,253,1.0000,1.0000,1.0000,1.0000,1.0000,1.0000,-6.4882,-16.3213,"5.195:0.000:18.000",0.1078,"A1 actors are outside the blind-corner conflict zone"
28.1418,1,96,254,1.0000,1.0000,1.0000,1.0000,1.0000,1.0000,-6.4373,-16.4290,"5.239:0.000:18.000",0.0000,"A1 actors are outside the blind-corner conflict zone"
28.2512,1,96,255,1.0000,1.0000,1.0000,1.0000,1.0000,1.0000,-6.3807,-16.5687,"5.282:0.000:18.000",0.1094,"A1 actors are outside the blind-corner conflict zone"
28.3713,1,96,256,1.0000,1.0000,1.0000,1.0000,1.0000,1.0000,-6.3379,-16.6738,"5.329:0.000:18.000",0.0000,"A1 actors are outside the blind-corner conflict zone"
28.4907,1,96,257,1.0000,1.0000,1.0000,1.0000,1.0000,1.0000,-6.2841,-16.8080,"5.376:0.000:18.000",0.0000,"A1 actors are outside the blind-corner conflict zone"
28.6195,1,96,258,1.0000,1.0000,1.0000,1.0000,1.0000,1.0000,-6.2341,-16.9398,"5.426:0.000:18.000",0.0000,"A1 actors are outside the blind-corner conflict zone"
28.7262,1,96,259,1.0000,1.0000,1.0000,1.0000,1.0000,1.0000,-6.1882,-17.0606,"5.467:0.000:18.000",0.1067,"A1 actors are outside the blind-corner conflict zone"
28.8283,1,96,260,1.0000,1.0000,1.0000,1.0000,1.0000,1.0000,-6.1526,-17.1546,"5.507:0.000:18.000",0.2088,"A1 actors are outside the blind-corner conflict zone"
28.9298,1,96,261,1.0000,1.0000,1.0000,1.0000,1.0000,1.0000,-6.1033,-17.2919,"5.547:0.000:18.000",0.3103,"A1 actors are outside the blind-corner conflict zone"
29.0388,1,96,262,1.0000,1.0000,1.0000,1.0000,1.0000,1.0000,-6.0647,-17.4380,"5.589:0.000:18.000",0.0000,"A1 actors are outside the blind-corner conflict zone"
29.1534,1,96,263,1.0000,1.0000,1.0000,1.0000,1.0000,1.0000,-6.0269,-17.5760,"5.634:0.000:18.000",0.0000,"A1 actors are outside the blind-corner conflict zone"
29.2689,1,96,264,1.0000,1.0000,1.0000,1.0000,1.0000,1.0000,-5.9896,-17.6895,"5.679:0.000:18.000",0.0000,"A1 actors are outside the blind-corner conflict zone"
29.3722,1,96,265,1.0000,1.0000,1.0000,1.0000,1.0000,1.0000,-5.9433,-17.8055,"5.719:0.000:18.000",0.0000,"A1 actors are outside the blind-corner conflict zone"
29.4782,1,96,266,1.0000,1.0000,1.0000,1.0000,1.0000,1.0000,-5.8815,-17.9083,"5.761:0.000:18.000",0.1061,"A1 actors are outside the blind-corner conflict zone"
29.5957,1,96,267,1.0000,1.0000,1.0000,1.0000,1.0000,1.0000,-5.7959,-18.0380,"5.807:0.000:18.000",0.0000,"A1 actors are outside the blind-corner conflict zone"
29.7118,1,96,268,1.0000,1.0000,1.0000,1.0000,1.0000,1.0000,-5.7272,-18.1539,"5.852:0.000:18.000",0.0000,"A1 actors are outside the blind-corner conflict zone"
29.8202,1,96,269,1.0000,1.0000,1.0000,1.0000,1.0000,1.0000,-5.6723,-18.2480,"5.894:0.000:18.000",0.1084,"A1 actors are outside the blind-corner conflict zone"
29.9503,1,96,270,1.0000,1.0000,1.0000,1.0000,1.0000,1.0000,-5.6011,-18.3775,"5.945:0.000:18.000",0.0000,"A1 actors are outside the blind-corner conflict zone"
30.0650,1,96,271,1.0000,1.0000,1.0000,1.0000,1.0000,1.0000,-5.5288,-18.5176,"5.990:0.000:18.000",0.1146,"A1 actors are outside the blind-corner conflict zone"
30.2004,1,96,272,1.0000,1.0000,1.0000,1.0000,1.0000,1.0000,-5.4618,-18.6738,"6.042:0.000:18.000",0.0000,"A1 actors are outside the blind-corner conflict zone"
30.3351,1,96,273,1.0000,1.0000,1.0000,1.0000,1.0000,1.0000,-5.4174,-18.8140,"6.095:0.000:18.000",0.0000,"A1 actors are outside the blind-corner conflict zone"
30.4403,1,96,274,1.0000,1.0000,1.0000,1.0000,1.0000,1.0000,-5.3839,-18.9430,"6.136:0.000:18.000",0.1052,"A1 actors are outside the blind-corner conflict zone"
30.5423,1,96,275,1.0000,1.0000,1.0000,1.0000,1.0000,1.0000,-5.3529,-19.0714,"6.176:0.000:18.000",0.0000,"A1 actors are outside the blind-corner conflict zone"
30.6935,1,96,276,1.0000,1.0000,1.0000,1.0000,1.0000,1.0000,-5.3137,-19.2494,"6.235:0.000:18.000",0.1511,"A1 actors are outside the blind-corner conflict zone"
30.8069,1,96,277,1.0000,1.0000,1.0000,1.0000,1.0000,1.0000,-5.2797,-19.3922,"6.279:0.000:18.000",0.0000,"A1 actors are outside the blind-corner conflict zone"
30.9351,1,96,278,1.0000,1.0000,1.0000,1.0000,1.0000,1.0000,-5.2525,-19.5462,"6.329:0.000:18.000",0.0000,"A1 actors are outside the blind-corner conflict zone"
31.0413,1,96,279,1.0000,1.0000,1.0000,1.0000,1.0000,1.0000,-5.2359,-19.6724,"6.370:0.000:18.000",0.1062,"A1 actors are outside the blind-corner conflict zone"
31.1489,1,96,280,1.0000,1.0000,1.0000,1.0000,1.0000,1.0000,-5.2083,-19.8170,"6.412:0.000:18.000",0.0000,"A1 actors are outside the blind-corner conflict zone"
31.2651,1,96,281,1.0000,1.0000,1.0000,1.0000,1.0000,1.0000,-5.1832,-19.9607,"6.458:0.000:18.000",0.1162,"A1 actors are outside the blind-corner conflict zone"
31.3655,1,96,282,1.0000,1.0000,1.0000,1.0000,1.0000,1.0000,-5.1571,-20.1008,"6.497:0.000:18.000",0.2166,"A1 actors are outside the blind-corner conflict zone"
31.4666,1,96,283,1.0000,1.0000,1.0000,1.0000,1.0000,1.0000,-5.1191,-20.2411,"6.536:0.000:18.000",0.3177,"A1 actors are outside the blind-corner conflict zone"
31.5669,1,96,284,1.0000,1.0000,1.0000,1.0000,1.0000,1.0000,-5.0769,-20.3734,"6.575:0.000:18.000",0.0000,"A1 actors are outside the blind-corner conflict zone"
31.6820,1,96,285,1.0000,1.0000,1.0000,1.0000,1.0000,1.0000,-5.0402,-20.4811,"6.620:0.000:18.000",0.0000,"A1 actors are outside the blind-corner conflict zone"
31.7822,1,96,286,1.0000,1.0000,1.0000,1.0000,1.0000,1.0000,-4.9974,-20.6044,"6.659:0.000:18.000",0.0000,"A1 actors are outside the blind-corner conflict zone"
31.8953,1,96,287,1.0000,1.0000,1.0000,1.0000,1.0000,1.0000,-4.9594,-20.7231,"6.703:0.000:18.000",0.1131,"A1 actors are outside the blind-corner conflict zone"
32.0023,1,96,288,1.0000,1.0000,1.0000,1.0000,1.0000,1.0000,-4.9161,-20.8391,"6.745:0.000:18.000",0.0000,"A1 actors are outside the blind-corner conflict zone"
32.1303,1,96,289,1.0000,1.0000,1.0000,1.0000,1.0000,1.0000,-4.8735,-20.9547,"6.795:0.000:18.000",0.0000,"A1 actors are outside the blind-corner conflict zone"
32.2568,1,96,290,1.0000,1.0000,1.0000,1.0000,1.0000,1.0000,-4.8206,-21.1093,"6.844:0.000:18.000",0.0000,"A1 actors are outside the blind-corner conflict zone"
32.3800,1,96,291,1.0000,1.0000,1.0000,1.0000,1.0000,1.0000,-4.7814,-21.2435,"6.892:0.000:18.000",0.0000,"A1 actors are outside the blind-corner conflict zone"
32.4885,1,96,292,1.0000,1.0000,1.0000,1.0000,1.0000,1.0000,-4.7547,-21.3603,"6.935:0.000:18.000",0.0000,"A1 actors are outside the blind-corner conflict zone"
32.5963,1,96,293,1.0000,1.0000,1.0000,1.0000,1.0000,1.0000,-4.7298,-21.4907,"6.977:0.000:18.000",0.0000,"A1 actors are outside the blind-corner conflict zone"
32.7252,1,96,294,1.0000,1.0000,1.0000,1.0000,1.0000,1.0000,-4.7063,-21.6700,"7.027:0.000:18.000",0.0000,"A1 actors are outside the blind-corner conflict zone"
32.8307,1,96,295,1.0000,1.0000,1.0000,1.0000,1.0000,1.0000,-4.6932,-21.7683,"7.068:0.000:18.000",0.0000,"A1 actors are outside the blind-corner conflict zone"
32.9406,1,96,296,1.0000,1.0000,1.0000,1.0000,1.0000,1.0000,-4.6857,-21.8926,"7.111:0.000:18.000",0.0000,"A1 actors are outside the blind-corner conflict zone"
33.0460,1,96,297,1.0000,1.0000,1.0000,1.0000,1.0000,1.0000,-4.6849,-22.0095,"7.152:0.000:18.000",0.0000,"A1 actors are outside the blind-corner conflict zone"
33.2042,1,96,298,1.0000,1.0000,1.0000,1.0000,1.0000,1.0000,-4.6804,-22.1996,"7.214:0.000:18.000",0.0000,"A1 actors are outside the blind-corner conflict zone"
33.3188,1,96,299,1.0000,1.0000,1.0000,1.0000,1.0000,1.0000,-4.6699,-22.3380,"7.259:0.000:18.000",0.1146,"A1 actors are outside the blind-corner conflict zone"
33.4255,1,96,300,1.0000,1.0000,1.0000,1.0000,1.0000,1.0000,-4.6565,-22.4692,"7.300:0.000:18.000",0.2213,"A1 actors are outside the blind-corner conflict zone"
33.5558,1,96,301,1.0000,1.0000,1.0000,1.0000,1.0000,1.0000,-4.6304,-22.6155,"7.351:0.000:18.000",0.0000,"A1 actors are outside the blind-corner conflict zone"
33.6891,1,96,302,1.0000,1.0000,1.0000,1.0000,1.0000,1.0000,-4.6112,-22.7859,"7.403:0.000:18.000",0.0000,"A1 actors are outside the blind-corner conflict zone"
33.8190,1,96,303,1.0000,1.0000,1.0000,1.0000,1.0000,1.0000,-4.5995,-22.9196,"7.454:0.000:18.000",0.1299,"A1 actors are outside the blind-corner conflict zone"
33.9536,1,96,304,1.0000,1.0000,1.0000,1.0000,1.0000,1.0000,-4.5972,-23.0589,"7.506:0.000:18.000",0.2644,"A1 actors are outside the blind-corner conflict zone"
34.0942,1,96,305,1.0000,1.0000,1.0000,1.0000,1.0000,1.0000,-4.5770,-23.2033,"7.561:0.000:18.000",0.4050,"A1 actors are outside the blind-corner conflict zone"
34.2287,1,96,306,1.0000,1.0000,1.0000,1.0000,1.0000,1.0000,-4.5573,-23.3132,"7.613:0.000:18.000",0.0000,"A1 actors are outside the blind-corner conflict zone"
34.3608,1,96,307,1.0000,1.0000,1.0000,1.0000,1.0000,1.0000,-4.5281,-23.4269,"7.665:0.000:18.000",0.0000,"A1 actors are outside the blind-corner conflict zone"
34.5013,1,96,308,1.0000,1.0000,1.0000,1.0000,1.0000,1.0000,-4.4774,-23.5577,"7.720:0.000:18.000",0.0000,"A1 actors are outside the blind-corner conflict zone"
34.6275,1,96,309,1.0000,1.0000,1.0000,1.0000,1.0000,1.0000,-4.4135,-23.6879,"7.769:0.000:18.000",0.1262,"A1 actors are outside the blind-corner conflict zone"
34.7565,1,96,310,1.0000,1.0000,1.0000,1.0000,1.0000,1.0000,-4.3611,-23.8071,"7.819:0.000:18.000",0.2552,"A1 actors are outside the blind-corner conflict zone"
34.8944,1,96,311,1.0000,1.0000,1.0000,1.0000,1.0000,1.0000,-4.3127,-23.9158,"7.873:0.000:18.000",0.0000,"A1 actors are outside the blind-corner conflict zone"
34.9986,1,96,312,1.0000,1.0000,1.0000,1.0000,1.0000,1.0000,-4.2745,-24.0229,"7.914:0.000:18.000",0.0000,"A1 actors are outside the blind-corner conflict zone"
35.0994,1,96,313,1.0000,1.0000,1.0000,1.0000,1.0000,1.0000,-4.2189,-24.1330,"7.953:0.000:18.000",0.1008,"A1 actors are outside the blind-corner conflict zone"
35.2006,1,96,314,1.0000,1.0000,1.0000,1.0000,1.0000,1.0000,-4.1654,-24.2158,"7.992:0.000:18.000",0.0000,"A1 actors are outside the blind-corner conflict zone"
35.3074,1,96,315,1.0000,1.0000,1.0000,1.0000,1.0000,1.0000,-4.0985,-24.2971,"8.034:0.000:18.000",0.1068,"A1 actors are outside the blind-corner conflict zone"
35.4130,1,96,316,1.0000,1.0000,1.0000,1.0000,1.0000,1.0000,-4.0403,-24.3513,"8.075:0.000:18.000",0.0000,"A1 actors are outside the blind-corner conflict zone"
35.5154,1,96,317,1.0000,1.0000,1.0000,1.0000,1.0000,1.0000,-3.9798,-24.3919,"8.115:0.000:18.000",0.0000,"A1 actors are outside the blind-corner conflict zone"
35.6180,1,96,318,1.0000,1.0000,1.0000,1.0000,1.0000,1.0000,-3.8744,-24.4364,"8.155:0.000:18.000",0.0000,"A1 actors are outside the blind-corner conflict zone"
35.7242,1,96,319,1.0000,1.0000,1.0000,1.0000,1.0000,1.0000,-3.7828,-24.4725,"8.197:0.000:18.000",0.1061,"A1 actors are outside the blind-corner conflict zone"
35.8281,1,96,320,1.0000,1.0000,1.0000,1.0000,1.0000,1.0000,-3.7133,-24.4941,"8.237:0.000:18.000",0.0000,"A1 actors are outside the blind-corner conflict zone"
35.9291,1,96,321,1.0000,1.0000,1.0000,1.0000,1.0000,1.0000,-3.6528,-24.5163,"8.277:0.000:18.000",0.0000,"A1 actors are outside the blind-corner conflict zone"
36.0364,1,96,322,1.0000,1.0000,1.0000,1.0000,1.0000,1.0000,-3.5396,-24.5578,"8.318:0.000:18.000",0.1073,"A1 actors are outside the blind-corner conflict zone"
36.1446,1,96,323,1.0000,1.0000,1.0000,1.0000,1.0000,1.0000,-3.3910,-24.6175,"8.361:0.000:18.000",0.0000,"A1 actors are outside the blind-corner conflict zone"
36.2469,1,96,324,1.0000,1.0000,1.0000,1.0000,1.0000,1.0000,-3.2740,-24.6505,"8.401:0.000:18.000",0.1023,"A1 actors are outside the blind-corner conflict zone"
36.3555,1,96,325,1.0000,1.0000,1.0000,1.0000,1.0000,1.0000,-3.1928,-24.6636,"8.443:0.000:18.000",0.0000,"A1 actors are outside the blind-corner conflict zone"
36.4591,1,96,326,1.0000,1.0000,1.0000,1.0000,1.0000,1.0000,-3.0665,-24.6775,"8.483:0.000:18.000",0.0000,"A1 actors are outside the blind-corner conflict zone"
36.5634,1,96,327,1.0000,1.0000,1.0000,1.0000,1.0000,1.0000,-2.9468,-24.6869,"8.524:0.000:18.000",0.1042,"A1 actors are outside the blind-corner conflict zone"
36.6680,1,96,328,1.0000,1.0000,1.0000,1.0000,1.0000,1.0000,-2.8318,-24.6986,"8.565:0.000:18.000",0.0000,"A1 actors are outside the blind-corner conflict zone"
36.7726,1,96,329,1.0000,1.0000,1.0000,1.0000,1.0000,1.0000,-2.7256,-24.7026,"8.606:0.000:18.000",0.0000,"A1 actors are outside the blind-corner conflict zone"
36.8736,1,96,330,1.0000,1.0000,1.0000,1.0000,1.0000,1.0000,-2.6047,-24.6909,"8.645:0.000:18.000",0.0000,"A1 actors are outside the blind-corner conflict zone"
36.9740,1,96,331,1.0000,1.0000,1.0000,1.0000,1.0000,1.0000,-2.5026,-24.6609,"8.684:0.000:18.000",0.1004,"A1 actors are outside the blind-corner conflict zone"
37.0785,1,96,332,1.0000,1.0000,1.0000,1.0000,1.0000,1.0000,-2.3543,-24.6159,"8.725:0.000:18.000",0.2049,"A1 actors are outside the blind-corner conflict zone"
37.1815,1,96,333,1.0000,1.0000,1.0000,1.0000,1.0000,1.0000,-2.2589,-24.5716,"8.765:0.000:18.000",0.0000,"A1 actors are outside the blind-corner conflict zone"
37.2822,1,96,334,1.0000,1.0000,1.0000,1.0000,1.0000,1.0000,-2.1459,-24.5105,"8.804:0.000:18.000",0.1007,"A1 actors are outside the blind-corner conflict zone"
37.3860,1,96,335,1.0000,1.0000,1.0000,1.0000,1.0000,1.0000,-2.0327,-24.4488,"8.845:0.000:18.000",0.0000,"A1 actors are outside the blind-corner conflict zone"
37.4867,1,96,336,1.0000,1.0000,1.0000,1.0000,1.0000,1.0000,-1.9039,-24.3794,"8.884:0.000:18.000",0.0000,"A1 actors are outside the blind-corner conflict zone"
37.5879,1,96,337,1.0000,1.0000,1.0000,1.0000,1.0000,1.0000,-1.8083,-24.3316,"8.923:0.000:18.000",0.0000,"A1 actors are outside the blind-corner conflict zone"
37.6941,1,96,338,1.0000,1.0000,1.0000,1.0000,1.0000,1.0000,-1.7095,-24.2834,"8.965:0.000:18.000",0.1061,"A1 actors are outside the blind-corner conflict zone"
37.7947,1,96,339,1.0000,1.0000,1.0000,1.0000,1.0000,1.0000,-1.5779,-24.2143,"9.004:0.000:18.000",0.2068,"A1 actors are outside the blind-corner conflict zone"
37.9013,1,96,340,1.0000,1.0000,1.0000,1.0000,1.0000,1.0000,-1.4577,-24.1538,"9.046:0.000:18.000",0.0000,"A1 actors are outside the blind-corner conflict zone"
38.0044,1,96,341,1.0000,1.0000,1.0000,1.0000,1.0000,1.0000,-1.3423,-24.0930,"9.086:0.000:18.000",0.1031,"A1 actors are outside the blind-corner conflict zone"
38.1095,1,96,342,1.0000,1.0000,1.0000,1.0000,1.0000,1.0000,-1.2138,-23.9993,"9.127:0.000:18.000",0.0000,"A1 actors are outside the blind-corner conflict zone"
38.2125,1,96,343,1.0000,1.0000,1.0000,1.0000,1.0000,1.0000,-1.1238,-23.9190,"9.167:0.000:18.000",0.1031,"A1 actors are outside the blind-corner conflict zone"
38.3175,1,96,344,1.0000,1.0000,1.0000,1.0000,1.0000,1.0000,-1.0384,-23.8340,"9.208:0.000:18.000",0.0000,"A1 actors are outside the blind-corner conflict zone"
38.4181,1,96,345,1.0000,1.0000,1.0000,1.0000,1.0000,1.0000,-0.9429,-23.7450,"9.247:0.000:18.000",0.1006,"A1 actors are outside the blind-corner conflict zone"
38.5247,1,96,346,1.0000,1.0000,1.0000,1.0000,1.0000,1.0000,-0.8416,-23.6562,"9.289:0.000:18.000",0.0000,"A1 actors are outside the blind-corner conflict zone"
38.6288,1,96,347,1.0000,1.0000,1.0000,1.0000,1.0000,1.0000,-0.7143,-23.5503,"9.329:0.000:18.000",0.1041,"A1 actors are outside the blind-corner conflict zone"
38.7650,1,96,348,1.0000,1.0000,1.0000,1.0000,1.0000,1.0000,-0.5639,-23.4447,"9.383:0.000:18.000",0.0000,"A1 actors are outside the blind-corner conflict zone"
38.9030,1,96,349,1.0000,1.0000,1.0000,1.0000,1.0000,1.0000,-0.4070,-23.3587,"9.436:0.000:18.000",0.1380,"A1 actors are outside the blind-corner conflict zone"
39.0219,1,96,350,1.0000,1.0000,1.0000,1.0000,1.0000,1.0000,-0.2772,-23.2825,"9.483:0.000:18.000",0.2569,"A1 actors are outside the blind-corner conflict zone"
39.1621,1,96,351,1.0000,1.0000,1.0000,1.0000,1.0000,1.0000,-0.1355,-23.2008,"9.537:0.000:18.000",0.0000,"A1 actors are outside the blind-corner conflict zone"
39.2871,1,96,352,1.0000,1.0000,1.0000,1.0000,1.0000,1.0000,-0.0187,-23.1427,"9.586:0.000:18.000",0.1250,"A1 actors are outside the blind-corner conflict zone"
39.4143,1,96,353,1.0000,1.0000,1.0000,1.0000,1.0000,1.0000,0.1351,-23.0720,"9.636:0.000:18.000",0.2522,"A1 actors are outside the blind-corner conflict zone"
39.5411,1,96,354,1.0000,1.0000,1.0000,1.0000,1.0000,1.0000,0.2646,-23.0124,"9.685:0.000:18.000",0.0000,"A1 actors are outside the blind-corner conflict zone"
39.6583,1,96,355,1.0000,1.0000,1.0000,1.0000,1.0000,1.0000,0.3935,-22.9510,"9.731:0.000:18.000",0.0000,"A1 actors are outside the blind-corner conflict zone"
39.7830,1,96,356,1.0000,1.0000,1.0000,1.0000,1.0000,1.0000,0.5215,-22.8942,"9.780:0.000:18.000",0.1247,"A1 actors are outside the blind-corner conflict zone"
39.9048,1,96,357,1.0000,1.0000,1.0000,1.0000,1.0000,1.0000,0.6573,-22.8506,"9.827:0.000:18.000",0.2465,"A1 actors are outside the blind-corner conflict zone"
40.0178,1,96,358,1.0000,1.0000,1.0000,1.0000,1.0000,1.0000,0.8014,-22.8029,"9.871:0.000:18.000",0.3595,"A1 actors are outside the blind-corner conflict zone"
40.1317,1,96,359,1.0000,1.0000,1.0000,1.0000,1.0000,1.0000,0.9304,-22.7643,"9.916:0.000:18.000",0.0000,"A1 actors are outside the blind-corner conflict zone"
40.2507,1,96,360,1.0000,1.0000,1.0000,1.0000,1.0000,1.0000,1.0574,-22.7283,"9.962:0.000:18.000",0.1190,"A1 actors are outside the blind-corner conflict zone"
40.3790,1,96,361,1.0000,1.0000,1.0000,1.0000,1.0000,1.0000,1.1983,-22.6928,"10.012:0.000:18.000",0.0000,"A1 actors are outside the blind-corner conflict zone"
40.5056,1,96,362,1.0000,1.0000,1.0000,1.0000,1.0000,1.0000,1.3603,-22.6498,"10.061:0.000:18.000",0.0000,"A1 actors are outside the blind-corner conflict zone"
40.6174,1,96,363,1.0000,1.0000,1.0000,1.0000,1.0000,1.0000,1.5040,-22.6139,"10.105:0.000:18.000",0.1118,"A1 actors are outside the blind-corner conflict zone"
40.7212,1,96,364,1.0000,1.0000,1.0000,1.0000,1.0000,1.0000,1.6317,-22.5743,"10.145:0.000:18.000",0.2155,"A1 actors are outside the blind-corner conflict zone"
40.8268,1,96,365,1.0000,1.0000,1.0000,1.0000,1.0000,1.0000,1.7167,-22.5516,"10.187:0.000:18.000",0.0000,"A1 actors are outside the blind-corner conflict zone"
40.9318,1,96,366,1.0000,1.0000,1.0000,1.0000,1.0000,1.0000,1.8375,-22.5094,"10.228:0.000:18.000",0.0000,"A1 actors are outside the blind-corner conflict zone"
41.0399,1,96,367,1.0000,1.0000,1.0000,1.0000,1.0000,1.0000,1.9538,-22.4583,"10.270:0.000:18.000",0.0000,"A1 actors are outside the blind-corner conflict zone"
41.1434,1,96,368,1.0000,1.0000,1.0000,1.0000,1.0000,1.0000,2.0509,-22.4127,"10.310:0.000:18.000",0.1035,"A1 actors are outside the blind-corner conflict zone"
41.2444,1,96,369,1.0000,1.0000,1.0000,1.0000,1.0000,1.0000,2.1564,-22.3701,"10.350:0.000:18.000",0.2045,"A1 actors are outside the blind-corner conflict zone"
41.3467,1,96,370,1.0000,1.0000,1.0000,1.0000,1.0000,1.0000,2.2453,-22.3392,"10.389:0.000:18.000",0.0000,"A1 actors are outside the blind-corner conflict zone"
41.4520,1,96,371,1.0000,1.0000,1.0000,1.0000,1.0000,1.0000,2.3863,-22.2902,"10.430:0.000:18.000",0.0000,"A1 actors are outside the blind-corner conflict zone"
41.5526,1,96,372,1.0000,1.0000,1.0000,1.0000,1.0000,1.0000,2.5017,-22.2566,"10.470:0.000:18.000",0.0000,"A1 actors are outside the blind-corner conflict zone"
41.6532,1,96,373,1.0000,1.0000,1.0000,1.0000,1.0000,1.0000,2.5982,-22.2445,"10.509:0.000:18.000",0.1006,"A1 actors are outside the blind-corner conflict zone"
41.7582,1,96,374,1.0000,1.0000,1.0000,1.0000,1.0000,1.0000,2.7021,-22.2389,"10.550:0.000:18.000",0.2056,"A1 actors are outside the blind-corner conflict zone"
41.8651,1,96,375,1.0000,1.0000,1.0000,1.0000,1.0000,1.0000,2.8091,-22.2301,"10.592:0.000:18.000",0.0000,"A1 actors are outside the blind-corner conflict zone"
41.9717,1,96,376,1.0000,1.0000,1.0000,1.0000,1.0000,1.0000,2.9132,-22.2294,"10.633:0.000:18.000",0.0000,"A1 actors are outside the blind-corner conflict zone"
42.0757,1,96,377,1.0000,1.0000,1.0000,1.0000,1.0000,1.0000,2.9990,-22.2398,"10.674:0.000:18.000",0.1040,"A1 actors are outside the blind-corner conflict zone"
42.1817,1,96,378,1.0000,1.0000,1.0000,1.0000,1.0000,1.0000,3.0922,-22.2527,"10.715:0.000:18.000",0.0000,"A1 actors are outside the blind-corner conflict zone"
42.2824,1,96,379,1.0000,1.0000,1.0000,1.0000,1.0000,1.0000,3.1887,-22.2686,"10.754:0.000:18.000",0.0000,"A1 actors are outside the blind-corner conflict zone"
42.3868,1,96,380,1.0000,1.0000,1.0000,1.0000,1.0000,1.0000,3.2857,-22.2788,"10.795:0.000:18.000",0.1044,"A1 actors are outside the blind-corner conflict zone"
42.4927,1,96,381,1.0000,1.0000,1.0000,1.0000,1.0000,1.0000,3.3806,-22.2825,"10.836:0.000:18.000",0.0000,"A1 actors are outside the blind-corner conflict zone"
42.5982,1,96,382,1.0000,1.0000,1.0000,1.0000,1.0000,1.0000,3.4610,-22.2982,"10.878:0.000:18.000",0.0000,"A1 actors are outside the blind-corner conflict zone"
42.7038,1,96,383,1.0000,1.0000,1.0000,1.0000,1.0000,1.0000,3.5490,-22.3290,"10.919:0.000:18.000",0.0000,"A1 actors are outside the blind-corner conflict zone"
42.8064,1,96,384,1.0000,1.0000,1.0000,1.0000,1.0000,1.0000,3.6269,-22.3665,"10.959:0.000:18.000",0.0000,"A1 actors are outside the blind-corner conflict zone"
42.9080,1,96,385,1.0000,1.0000,1.0000,1.0000,1.0000,1.0000,3.7253,-22.4263,"10.998:0.000:18.000",0.0000,"A1 actors are outside the blind-corner conflict zone"
43.0124,1,96,386,1.0000,1.0000,1.0000,1.0000,1.0000,1.0000,3.7969,-22.4914,"11.039:0.000:18.000",0.0000,"A1 actors are outside the blind-corner conflict zone"
43.1166,1,96,387,1.0000,1.0000,1.0000,1.0000,1.0000,1.0000,3.8655,-22.5708,"11.080:0.000:18.000",0.1042,"A1 actors are outside the blind-corner conflict zone"
43.2171,1,96,388,1.0000,1.0000,1.0000,1.0000,1.0000,1.0000,3.9144,-22.6335,"11.119:0.000:18.000",0.0000,"A1 actors are outside the blind-corner conflict zone"
43.3183,1,96,389,1.0000,1.0000,1.0000,1.0000,1.0000,1.0000,3.9758,-22.7273,"11.158:0.000:18.000",0.1012,"A1 actors are outside the blind-corner conflict zone"
43.4246,1,96,390,1.0000,1.0000,1.0000,1.0000,1.0000,1.0000,4.0476,-22.8530,"11.200:0.000:18.000",0.0000,"A1 actors are outside the blind-corner conflict zone"
43.5291,1,96,391,1.0000,1.0000,1.0000,1.0000,1.0000,1.0000,4.0937,-22.9301,"11.241:0.000:18.000",0.0000,"A1 actors are outside the blind-corner conflict zone"
43.6338,1,96,392,1.0000,1.0000,1.0000,1.0000,1.0000,1.0000,4.1516,-23.0569,"11.281:0.000:18.000",0.0000,"A1 actors are outside the blind-corner conflict zone"
43.7395,1,96,393,1.0000,1.0000,1.0000,1.0000,1.0000,1.0000,4.1945,-23.1565,"11.323:0.000:18.000",0.1057,"A1 actors are outside the blind-corner conflict zone"
43.8430,1,96,394,1.0000,1.0000,1.0000,1.0000,1.0000,1.0000,4.2461,-23.2757,"11.363:0.000:18.000",0.2091,"A1 actors are outside the blind-corner conflict zone"
43.9477,1,96,395,1.0000,1.0000,1.0000,1.0000,1.0000,1.0000,4.2922,-23.3744,"11.404:0.000:18.000",0.3139,"A1 actors are outside the blind-corner conflict zone"
44.0499,1,96,396,1.0000,1.0000,1.0000,1.0000,1.0000,1.0000,4.3354,-23.4760,"11.444:0.000:18.000",0.0000,"A1 actors are outside the blind-corner conflict zone"
44.1499,1,96,397,1.0000,1.0000,1.0000,1.0000,1.0000,1.0000,4.3616,-23.5397,"11.483:0.000:18.000",0.0000,"A1 actors are outside the blind-corner conflict zone"
44.3391,1,96,398,1.0000,1.0000,1.0000,1.0000,1.0000,1.0000,4.4147,-23.7032,"11.556:0.000:18.000",0.0000,"A1 actors are outside the blind-corner conflict zone"
44.4392,1,96,399,1.0000,1.0000,1.0000,1.0000,1.0000,1.0000,4.4321,-23.7711,"11.596:0.000:18.000",0.1001,"A1 actors are outside the blind-corner conflict zone"
44.4392,1,96,400,1.0000,1.0000,1.0000,1.0000,1.0000,1.0000,4.4321,-23.7711,"11.599:0.000:18.000",0.1001,"A1 actors are outside the blind-corner conflict zone"
0.1544,1,97,1,1.0000,1.0000,1.0000,1.0000,1.0000,1.0000,-24.0026,-17.1514,"15.752:0.000:18.000",0.0000,"A1 actors are outside the blind-corner conflict zone"
0.2796,1,97,2,1.0000,1.0000,1.0000,1.0000,1.0000,1.0000,-24.0028,-17.1366,"15.703:0.000:18.000",0.1252,"A1 actors are outside the blind-corner conflict zone"
0.3882,1,97,3,1.0000,1.0000,1.0000,1.0000,1.0000,1.0000,-24.0035,-17.1174,"15.661:0.000:18.000",0.2338,"A1 actors are outside the blind-corner conflict zone"
0.5053,1,97,4,1.0000,1.0000,1.0000,1.0000,1.0000,1.0000,-24.0008,-17.0319,"15.615:0.000:18.000",0.0000,"A1 actors are outside the blind-corner conflict zone"
0.6294,1,97,5,1.0000,1.0000,1.0000,1.0000,1.0000,1.0000,-23.9977,-16.9938,"15.567:0.000:18.000",0.0000,"A1 actors are outside the blind-corner conflict zone"
0.7508,1,97,6,1.0000,1.0000,1.0000,1.0000,1.0000,1.0000,-23.9908,-16.9246,"15.519:0.000:18.000",0.0000,"A1 actors are outside the blind-corner conflict zone"
0.8712,1,97,7,1.0000,1.0000,1.0000,1.0000,1.0000,1.0000,-23.9840,-16.8260,"15.472:0.000:18.000",0.1205,"A1 actors are outside the blind-corner conflict zone"
0.9883,1,97,8,1.0000,1.0000,1.0000,1.0000,1.0000,1.0000,-23.9842,-16.7286,"15.427:0.000:18.000",0.2375,"A1 actors are outside the blind-corner conflict zone"
1.1153,1,97,9,1.0000,1.0000,1.0000,1.0000,1.0000,1.0000,-23.9953,-16.5913,"15.377:0.000:18.000",0.0000,"A1 actors are outside the blind-corner conflict zone"
1.2328,1,97,10,1.0000,1.0000,1.0000,1.0000,1.0000,1.0000,-24.0093,-16.4514,"15.331:0.000:18.000",0.0000,"A1 actors are outside the blind-corner conflict zone"
1.3493,1,97,11,1.0000,1.0000,1.0000,1.0000,1.0000,1.0000,-24.0306,-16.3137,"15.286:0.000:18.000",0.1165,"A1 actors are outside the blind-corner conflict zone"
1.4633,1,97,12,1.0000,1.0000,1.0000,1.0000,1.0000,1.0000,-24.0440,-16.1504,"15.241:0.000:18.000",0.2305,"A1 actors are outside the blind-corner conflict zone"
1.5706,1,97,13,1.0000,1.0000,1.0000,1.0000,1.0000,1.0000,-24.0548,-15.9739,"15.199:0.000:18.000",0.0000,"A1 actors are outside the blind-corner conflict zone"
1.7000,1,97,14,1.0000,1.0000,1.0000,1.0000,1.0000,1.0000,-24.0725,-15.7626,"15.149:0.000:18.000",0.0000,"A1 actors are outside the blind-corner conflict zone"
1.8221,1,97,15,1.0000,1.0000,1.0000,1.0000,1.0000,1.0000,-24.0888,-15.5721,"15.101:0.000:18.000",0.1221,"A1 actors are outside the blind-corner conflict zone"
1.9494,1,97,16,1.0000,1.0000,1.0000,1.0000,1.0000,1.0000,-24.1132,-15.3935,"15.052:0.000:18.000",0.2495,"A1 actors are outside the blind-corner conflict zone"
2.0787,1,97,17,1.0000,1.0000,1.0000,0.2000,1.0000,0.8800,-24.1638,-15.2446,"15.001:0.000:18.000",0.0000,"A1 actors are outside the blind-corner conflict zone"
2.2068,1,97,18,1.0000,1.0000,1.0000,1.0000,1.0000,1.0000,-24.2923,-15.2073,"14.951:0.000:18.000",0.0000,"A1 actors are outside the blind-corner conflict zone"
2.3295,1,97,19,1.0000,1.0000,1.0000,1.0000,1.0000,1.0000,-24.3923,-15.2388,"14.903:0.000:18.000",0.0000,"A1 actors are outside the blind-corner conflict zone"
2.4542,1,97,20,1.0000,1.0000,1.0000,1.0000,1.0000,1.0000,-24.4566,-15.2777,"14.855:0.000:18.000",0.0000,"A1 actors are outside the blind-corner conflict zone"
2.5872,1,97,21,1.0000,1.0000,1.0000,1.0000,1.0000,1.0000,-24.4769,-15.2928,"14.803:0.000:18.000",0.0000,"A1 actors are outside the blind-corner conflict zone"
2.6941,1,97,22,1.0000,1.0000,1.0000,1.0000,1.0000,1.0000,-24.4759,-15.2924,"14.761:0.000:18.000",0.1069,"A1 actors are outside the blind-corner conflict zone"
2.7947,1,97,23,1.0000,1.0000,1.0000,1.0000,1.0000,1.0000,-24.4852,-15.2963,"14.722:0.000:18.000",0.2075,"A1 actors are outside the blind-corner conflict zone"
2.9266,1,97,24,1.0000,1.0000,1.0000,1.0000,1.0000,1.0000,-24.4911,-15.2980,"14.671:0.000:18.000",0.0000,"A1 actors are outside the blind-corner conflict zone"
3.0331,1,97,25,1.0000,1.0000,1.0000,1.0000,1.0000,1.0000,-24.4954,-15.2993,"14.629:0.000:18.000",0.1065,"A1 actors are outside the blind-corner conflict zone"
3.1654,1,97,26,1.0000,1.0000,1.0000,1.0000,1.0000,1.0000,-24.4798,-15.2947,"14.577:0.000:18.000",0.2389,"A1 actors are outside the blind-corner conflict zone"
3.2742,1,97,27,1.0000,1.0000,1.0000,1.0000,1.0000,1.0000,-24.4814,-15.2946,"14.535:0.000:18.000",0.3476,"A1 actors are outside the blind-corner conflict zone"
3.3809,1,97,28,1.0000,1.0000,1.0000,1.0000,1.0000,1.0000,-24.4740,-15.2924,"14.493:0.000:18.000",0.4544,"A1 actors are outside the blind-corner conflict zone"
3.4954,1,97,29,1.0000,1.0000,1.0000,1.0000,1.0000,1.0000,-24.4661,-15.2900,"14.449:0.000:18.000",0.5688,"A1 actors are outside the blind-corner conflict zone"
3.6166,1,97,30,1.0000,1.0000,1.0000,1.0000,1.0000,1.0000,-24.4682,-15.2905,"14.402:0.000:18.000",0.6900,"A1 actors are outside the blind-corner conflict zone"
3.7244,1,97,31,1.0000,1.0000,1.0000,1.0000,1.0000,1.0000,-24.4489,-15.2848,"14.359:0.000:18.000",0.7978,"A1 actors are outside the blind-corner conflict zone"
3.8322,1,97,32,1.0000,1.0000,1.0000,1.0000,1.0000,1.0000,-24.4479,-15.2846,"14.317:0.000:18.000",0.9056,"A1 actors are outside the blind-corner conflict zone"
3.9419,1,97,33,1.0000,1.0000,1.0000,1.0000,1.0000,1.0000,-24.4547,-15.2870,"14.275:0.000:18.000",0.0000,"A1 actors are outside the blind-corner conflict zone"
4.0455,1,97,34,1.0000,1.0000,1.0000,1.0000,1.0000,1.0000,-24.4555,-15.2876,"14.234:0.000:18.000",0.0000,"A1 actors are outside the blind-corner conflict zone"
4.1636,1,97,35,1.0000,1.0000,1.0000,1.0000,1.0000,1.0000,-24.4542,-15.2870,"14.188:0.000:18.000",0.0000,"A1 actors are outside the blind-corner conflict zone"
4.3086,1,97,36,1.0000,1.0000,1.0000,1.0000,1.0000,1.0000,-24.4652,-15.2921,"14.132:0.000:18.000",0.1449,"A1 actors are outside the blind-corner conflict zone"
4.4307,1,97,37,1.0000,1.0000,1.0000,1.0000,1.0000,1.0000,-24.4697,-15.2945,"14.084:0.000:18.000",0.0000,"A1 actors are outside the blind-corner conflict zone"
4.5544,1,97,38,1.0000,1.0000,1.0000,1.0000,1.0000,1.0000,-24.4946,-15.3074,"14.036:0.000:18.000",0.0000,"A1 actors are outside the blind-corner conflict zone"
4.6695,1,97,39,1.0000,1.0000,1.0000,1.0000,1.0000,1.0000,-24.4844,-15.3024,"13.991:0.000:18.000",0.0000,"A1 actors are outside the blind-corner conflict zone"
4.7714,1,97,40,1.0000,1.0000,1.0000,1.0000,1.0000,1.0000,-24.4924,-15.3059,"13.951:0.000:18.000",0.0000,"A1 actors are outside the blind-corner conflict zone"
4.8864,1,97,41,1.0000,1.0000,1.0000,1.0000,1.0000,1.0000,-24.4774,-15.3001,"13.906:0.000:18.000",0.1149,"A1 actors are outside the blind-corner conflict zone"
4.9866,1,97,42,1.0000,1.0000,1.0000,1.0000,1.0000,1.0000,-24.4825,-15.3018,"13.867:0.000:18.000",0.2151,"A1 actors are outside the blind-corner conflict zone"
5.0983,1,97,43,1.0000,1.0000,1.0000,1.0000,1.0000,1.0000,-24.4524,-15.2878,"13.824:0.000:18.000",0.0000,"A1 actors are outside the blind-corner conflict zone"
5.2036,1,97,44,1.0000,1.0000,1.0000,1.0000,1.0000,1.0000,-24.4305,-15.2771,"13.783:0.000:18.000",0.0000,"A1 actors are outside the blind-corner conflict zone"
5.3254,1,97,45,1.0000,1.0000,1.0000,1.0000,1.0000,1.0000,-24.4191,-15.2717,"13.735:0.000:18.000",0.0000,"A1 actors are outside the blind-corner conflict zone"
5.4469,1,97,46,1.0000,1.0000,1.0000,1.0000,1.0000,1.0000,-24.4263,-15.2743,"13.688:0.000:18.000",0.0000,"A1 actors are outside the blind-corner conflict zone"
5.5796,1,97,47,1.0000,1.0000,1.0000,1.0000,1.0000,1.0000,-24.4030,-15.2652,"13.636:0.000:18.000",0.0000,"A1 actors are outside the blind-corner conflict zone"
5.6844,1,97,48,1.0000,1.0000,1.0000,1.0000,1.0000,1.0000,-24.4036,-15.2654,"13.595:0.000:18.000",0.0000,"A1 actors are outside the blind-corner conflict zone"
5.8122,1,97,49,1.0000,1.0000,1.0000,1.0000,1.0000,1.0000,-24.4044,-15.2655,"13.545:0.000:18.000",0.1277,"A1 actors are outside the blind-corner conflict zone"
5.9149,1,97,50,1.0000,1.0000,1.0000,1.0000,1.0000,1.0000,-24.4031,-15.2647,"13.505:0.000:18.000",0.0000,"A1 actors are outside the blind-corner conflict zone"
6.0343,1,97,51,1.0000,1.0000,1.0000,1.0000,1.0000,1.0000,-24.4021,-15.2641,"13.459:0.000:18.000",0.0000,"A1 actors are outside the blind-corner conflict zone"
6.1710,1,97,52,1.0000,1.0000,1.0000,1.0000,1.0000,1.0000,-24.3960,-15.2617,"13.405:0.000:18.000",0.0000,"A1 actors are outside the blind-corner conflict zone"
6.2948,1,97,53,1.0000,1.0000,1.0000,1.0000,1.0000,1.0000,-24.3895,-15.2591,"13.357:0.000:18.000",0.0000,"A1 actors are outside the blind-corner conflict zone"
6.4255,1,97,54,1.0000,1.0000,1.0000,1.0000,1.0000,1.0000,-24.3980,-15.2626,"13.306:0.000:18.000",0.1306,"A1 actors are outside the blind-corner conflict zone"
6.5295,1,97,55,1.0000,1.0000,1.0000,1.0000,1.0000,1.0000,-24.3872,-15.2597,"13.265:0.000:18.000",0.0000,"A1 actors are outside the blind-corner conflict zone"
6.6346,1,97,56,1.0000,1.0000,1.0000,1.0000,1.0000,1.0000,-24.3792,-15.2575,"13.224:0.000:18.000",0.0000,"A1 actors are outside the blind-corner conflict zone"
6.7421,1,97,57,1.0000,1.0000,1.0000,1.0000,1.0000,1.0000,-24.3936,-15.2614,"13.183:0.000:18.000",0.1075,"A1 actors are outside the blind-corner conflict zone"
6.8692,1,97,58,1.0000,1.0000,1.0000,1.0000,1.0000,1.0000,-24.3789,-15.2577,"13.133:0.000:18.000",0.2346,"A1 actors are outside the blind-corner conflict zone"
6.9991,1,97,59,1.0000,1.0000,1.0000,1.0000,1.0000,1.0000,-24.3744,-15.2566,"13.082:0.000:18.000",0.0000,"A1 actors are outside the blind-corner conflict zone"
7.1036,1,97,60,1.0000,1.0000,1.0000,1.0000,1.0000,1.0000,-24.3581,-15.2554,"13.042:0.000:18.000",0.0000,"A1 actors are outside the blind-corner conflict zone"
7.2330,1,97,61,1.0000,1.0000,1.0000,1.0000,1.0000,1.0000,-24.3635,-15.2556,"12.991:0.000:18.000",0.1294,"A1 actors are outside the blind-corner conflict zone"
7.3342,1,97,62,1.0000,1.0000,1.0000,1.0000,1.0000,1.0000,-24.3753,-15.2554,"12.952:0.000:18.000",0.2306,"A1 actors are outside the blind-corner conflict zone"
7.4383,1,97,63,1.0000,1.0000,1.0000,1.0000,1.0000,1.0000,-24.3713,-15.2559,"12.911:0.000:18.000",0.3347,"A1 actors are outside the blind-corner conflict zone"
7.5478,1,97,64,1.0000,1.0000,1.0000,1.0000,1.0000,1.0000,-24.3675,-15.2565,"12.868:0.000:18.000",0.0000,"A1 actors are outside the blind-corner conflict zone"
7.6498,1,97,65,1.0000,1.0000,1.0000,1.0000,1.0000,1.0000,-24.3759,-15.2564,"12.829:0.000:18.000",0.0000,"A1 actors are outside the blind-corner conflict zone"
7.7539,1,97,66,1.0000,1.0000,1.0000,1.0000,1.0000,1.0000,-24.3810,-15.2566,"12.788:0.000:18.000",0.0000,"A1 actors are outside the blind-corner conflict zone"
7.8586,1,97,67,1.0000,1.0000,1.0000,1.0000,1.0000,1.0000,-24.3886,-15.2573,"12.747:0.000:18.000",0.1047,"A1 actors are outside the blind-corner conflict zone"
7.9797,1,97,68,1.0000,1.0000,1.0000,1.0000,1.0000,1.0000,-24.3907,-15.2578,"12.700:0.000:18.000",0.0000,"A1 actors are outside the blind-corner conflict zone"
8.1071,1,97,69,1.0000,1.0000,1.0000,1.0000,1.0000,1.0000,-24.3960,-15.2590,"12.650:0.000:18.000",0.1274,"A1 actors are outside the blind-corner conflict zone"
8.2237,1,97,70,1.0000,1.0000,1.0000,1.0000,1.0000,1.0000,-24.4152,-15.2566,"12.605:0.000:18.000",0.0000,"A1 actors are outside the blind-corner conflict zone"
8.3369,1,97,71,1.0000,1.0000,1.0000,1.0000,1.0000,1.0000,-24.4297,-15.2530,"12.561:0.000:18.000",0.0000,"A1 actors are outside the blind-corner conflict zone"
8.4495,1,97,72,1.0000,1.0000,1.0000,1.0000,1.0000,1.0000,-24.4687,-15.2376,"12.517:0.000:18.000",0.0000,"A1 actors are outside the blind-corner conflict zone"
8.5696,1,97,73,1.0000,1.0000,1.0000,1.0000,1.0000,1.0000,-24.5149,-15.2141,"12.470:0.000:18.000",0.0000,"A1 actors are outside the blind-corner conflict zone"
8.6808,1,97,74,1.0000,1.0000,1.0000,1.0000,1.0000,1.0000,-24.5510,-15.1886,"12.426:0.000:18.000",0.0000,"A1 actors are outside the blind-corner conflict zone"
8.7899,1,97,75,1.0000,1.0000,1.0000,1.0000,1.0000,1.0000,-24.6011,-15.1473,"12.384:0.000:18.000",0.1091,"A1 actors are outside the blind-corner conflict zone"
8.8996,1,97,76,1.0000,1.0000,1.0000,1.0000,1.0000,1.0000,-24.6426,-15.1050,"12.341:0.000:18.000",0.0000,"A1 actors are outside the blind-corner conflict zone"
9.0153,1,97,77,1.0000,1.0000,1.0000,1.0000,1.0000,1.0000,-24.6945,-15.0457,"12.296:0.000:18.000",0.1158,"A1 actors are outside the blind-corner conflict zone"
9.1522,1,97,78,1.0000,1.0000,1.0000,1.0000,1.0000,1.0000,-24.7379,-14.9605,"12.243:0.000:18.000",0.0000,"A1 actors are outside the blind-corner conflict zone"
9.2527,1,97,79,1.0000,1.0000,1.0000,1.0000,1.0000,1.0000,-24.7603,-14.8938,"12.203:0.000:18.000",0.1005,"A1 actors are outside the blind-corner conflict zone"
9.3905,1,97,80,1.0000,1.0000,1.0000,1.0000,1.0000,1.0000,-24.7813,-14.7837,"12.150:0.000:18.000",0.0000,"A1 actors are outside the blind-corner conflict zone"
9.5376,1,97,81,1.0000,1.0000,1.0000,1.0000,1.0000,1.0000,-24.7809,-14.6547,"12.092:0.000:18.000",0.0000,"A1 actors are outside the blind-corner conflict zone"
9.6766,1,97,82,1.0000,1.0000,1.0000,1.0000,1.0000,1.0000,-24.7600,-14.5178,"12.038:0.000:18.000",0.0000,"A1 actors are outside the blind-corner conflict zone"
9.8168,1,97,83,1.0000,1.0000,1.0000,1.0000,1.0000,1.0000,-24.7034,-14.3661,"11.983:0.000:18.000",0.0000,"A1 actors are outside the blind-corner conflict zone"
9.9493,1,97,84,1.0000,1.0000,1.0000,1.0000,1.0000,1.0000,-24.6252,-14.2286,"11.932:0.000:18.000",0.0000,"A1 actors are outside the blind-corner conflict zone"
10.0812,1,97,85,1.0000,1.0000,1.0000,1.0000,1.0000,1.0000,-24.5144,-14.0914,"11.880:0.000:18.000",0.0000,"A1 actors are outside the blind-corner conflict zone"
10.1856,1,97,86,1.0000,1.0000,1.0000,1.0000,1.0000,1.0000,-24.4197,-13.9931,"11.840:0.000:18.000",0.0000,"A1 actors are outside the blind-corner conflict zone"
10.3246,1,97,87,1.0000,1.0000,1.0000,1.0000,1.0000,1.0000,-24.2970,-13.8691,"11.785:0.000:18.000",0.1390,"A1 actors are outside the blind-corner conflict zone"
10.4646,1,97,88,1.0000,1.0000,1.0000,1.0000,1.0000,1.0000,-24.1632,-13.7554,"11.731:0.000:18.000",0.2790,"A1 actors are outside the blind-corner conflict zone"
10.6080,1,97,89,1.0000,1.0000,1.0000,1.0000,1.0000,1.0000,-24.0344,-13.6550,"11.675:0.000:18.000",0.0000,"A1 actors are outside the blind-corner conflict zone"
10.7516,1,97,90,1.0000,1.0000,1.0000,1.0000,1.0000,1.0000,-23.9041,-13.5460,"11.619:0.000:18.000",0.0000,"A1 actors are outside the blind-corner conflict zone"
10.8906,1,97,91,1.0000,1.0000,1.0000,1.0000,1.0000,1.0000,-23.7785,-13.4264,"11.565:0.000:18.000",0.0000,"A1 actors are outside the blind-corner conflict zone"
11.0260,1,97,92,1.0000,1.0000,1.0000,1.0000,1.0000,1.0000,-23.6588,-13.3147,"11.512:0.000:18.000",0.1354,"A1 actors are outside the blind-corner conflict zone"
11.1718,1,97,93,1.0000,1.0000,1.0000,1.0000,1.0000,1.0000,-23.5163,-13.1892,"11.455:0.000:18.000",0.2812,"A1 actors are outside the blind-corner conflict zone"
11.3091,1,97,94,1.0000,1.0000,1.0000,1.0000,1.0000,1.0000,-23.4173,-13.0924,"11.401:0.000:18.000",0.0000,"A1 actors are outside the blind-corner conflict zone"
11.4400,1,97,95,1.0000,1.0000,1.0000,1.0000,1.0000,1.0000,-23.3090,-12.9691,"11.350:0.000:18.000",0.1309,"A1 actors are outside the blind-corner conflict zone"
11.5825,1,97,96,1.0000,1.0000,1.0000,1.0000,1.0000,1.0000,-23.2183,-12.8675,"11.295:0.000:18.000",0.0000,"A1 actors are outside the blind-corner conflict zone"
11.6871,1,97,97,1.0000,1.0000,1.0000,1.0000,1.0000,1.0000,-23.1289,-12.7723,"11.254:0.000:18.000",0.0000,"A1 actors are outside the blind-corner conflict zone"
11.8159,1,97,98,1.0000,1.0000,1.0000,1.0000,1.0000,1.0000,-23.0041,-12.6449,"11.204:0.000:18.000",0.0000,"A1 actors are outside the blind-corner conflict zone"
11.9611,1,97,99,1.0000,1.0000,1.0000,1.0000,1.0000,1.0000,-22.8826,-12.5254,"11.147:0.000:18.000",0.0000,"A1 actors are outside the blind-corner conflict zone"
12.0658,1,97,100,1.0000,1.0000,1.0000,1.0000,1.0000,1.0000,-22.8067,-12.4361,"11.106:0.000:18.000",0.1047,"A1 actors are outside the blind-corner conflict zone"
12.1743,1,97,101,1.0000,1.0000,1.0000,1.0000,1.0000,1.0000,-22.7202,-12.3444,"11.064:0.000:18.000",0.2132,"A1 actors are outside the blind-corner conflict zone"
12.2820,1,97,102,1.0000,1.0000,1.0000,1.0000,1.0000,1.0000,-22.6325,-12.2622,"11.022:0.000:18.000",0.3209,"A1 actors are outside the blind-corner conflict zone"
12.3877,1,97,103,1.0000,1.0000,1.0000,1.0000,1.0000,1.0000,-22.5492,-12.1720,"10.981:0.000:18.000",0.4266,"A1 actors are outside the blind-corner conflict zone"
12.4941,1,97,104,1.0000,1.0000,1.0000,1.0000,1.0000,1.0000,-22.4851,-12.0866,"10.939:0.000:18.000",0.0000,"A1 actors are outside the blind-corner conflict zone"
12.5945,1,97,105,1.0000,1.0000,1.0000,1.0000,1.0000,1.0000,-22.4121,-11.9872,"10.900:0.000:18.000",0.0000,"A1 actors are outside the blind-corner conflict zone"
12.7378,1,97,106,1.0000,1.0000,1.0000,1.0000,1.0000,1.0000,-22.3055,-11.8377,"10.844:0.000:18.000",0.1433,"A1 actors are outside the blind-corner conflict zone"
12.8854,1,97,107,1.0000,1.0000,1.0000,1.0000,1.0000,1.0000,-22.2141,-11.7002,"10.787:0.000:18.000",0.0000,"A1 actors are outside the blind-corner conflict zone"
12.9874,1,97,108,1.0000,1.0000,1.0000,1.0000,1.0000,1.0000,-22.1441,-11.5849,"10.747:0.000:18.000",0.1020,"A1 actors are outside the blind-corner conflict zone"
13.0955,1,97,109,1.0000,1.0000,1.0000,1.0000,1.0000,1.0000,-22.0698,-11.4680,"10.705:0.000:18.000",0.2101,"A1 actors are outside the blind-corner conflict zone"
13.2192,1,97,110,1.0000,1.0000,1.0000,1.0000,1.0000,1.0000,-22.0041,-11.3252,"10.657:0.000:18.000",0.0000,"A1 actors are outside the blind-corner conflict zone"
13.3441,1,97,111,1.0000,1.0000,1.0000,1.0000,1.0000,1.0000,-21.9504,-11.1907,"10.608:0.000:18.000",0.1249,"A1 actors are outside the blind-corner conflict zone"
13.4784,1,97,112,1.0000,1.0000,1.0000,1.0000,1.0000,1.0000,-21.9006,-11.0543,"10.555:0.000:18.000",0.2592,"A1 actors are outside the blind-corner conflict zone"
13.6167,1,97,113,1.0000,1.0000,1.0000,1.0000,1.0000,1.0000,-21.8414,-10.8796,"10.501:0.000:18.000",0.0000,"A1 actors are outside the blind-corner conflict zone"
13.7512,1,97,114,1.0000,1.0000,1.0000,1.0000,1.0000,1.0000,-21.8036,-10.7478,"10.449:0.000:18.000",0.0000,"A1 actors are outside the blind-corner conflict zone"
13.8769,1,97,115,1.0000,1.0000,1.0000,1.0000,1.0000,1.0000,-21.7687,-10.6030,"10.400:0.000:18.000",0.0000,"A1 actors are outside the blind-corner conflict zone"
14.0086,1,97,116,1.0000,1.0000,1.0000,1.0000,1.0000,1.0000,-21.7287,-10.4394,"10.349:0.000:18.000",0.0000,"A1 actors are outside the blind-corner conflict zone"
14.1364,1,97,117,1.0000,1.0000,1.0000,1.0000,1.0000,1.0000,-21.6918,-10.3117,"10.299:0.000:18.000",0.1278,"A1 actors are outside the blind-corner conflict zone"
14.2594,1,97,118,1.0000,1.0000,1.0000,1.0000,1.0000,1.0000,-21.6558,-10.1688,"10.251:0.000:18.000",0.2508,"A1 actors are outside the blind-corner conflict zone"
14.3869,1,97,119,1.0000,1.0000,1.0000,1.0000,1.0000,1.0000,-21.6228,-10.0211,"10.201:0.000:18.000",0.0000,"A1 actors are outside the blind-corner conflict zone"
14.5187,1,97,120,1.0000,1.0000,1.0000,1.0000,1.0000,1.0000,-21.5818,-9.8584,"10.150:0.000:18.000",0.1318,"A1 actors are outside the blind-corner conflict zone"
14.6472,1,97,121,1.0000,1.0000,1.0000,1.0000,1.0000,1.0000,-21.5533,-9.7087,"10.100:0.000:18.000",0.2603,"A1 actors are outside the blind-corner conflict zone"
14.7893,1,97,122,1.0000,1.0000,1.0000,1.0000,1.0000,1.0000,-21.5340,-9.5650,"10.044:0.000:18.000",0.0000,"A1 actors are outside the blind-corner conflict zone"
14.9158,1,97,123,1.0000,1.0000,1.0000,1.0000,1.0000,1.0000,-21.5208,-9.4168,"9.995:0.000:18.000",0.0000,"A1 actors are outside the blind-corner conflict zone"
15.0509,1,97,124,1.0000,1.0000,1.0000,1.0000,1.0000,1.0000,-21.5056,-9.2535,"9.942:0.000:18.000",0.1350,"A1 actors are outside the blind-corner conflict zone"
15.1783,1,97,125,1.0000,1.0000,1.0000,1.0000,1.0000,1.0000,-21.4996,-9.1037,"9.892:0.000:18.000",0.2624,"A1 actors are outside the blind-corner conflict zone"
15.3068,1,97,126,1.0000,1.0000,1.0000,1.0000,1.0000,1.0000,-21.4990,-8.9603,"9.842:0.000:18.000",0.0000,"A1 actors are outside the blind-corner conflict zone"
15.4470,1,97,127,1.0000,1.0000,1.0000,1.0000,1.0000,1.0000,-21.5190,-8.8043,"9.788:0.000:18.000",0.1403,"A1 actors are outside the blind-corner conflict zone"
15.5790,1,97,128,1.0000,1.0000,1.0000,1.0000,1.0000,1.0000,-21.5429,-8.6396,"9.736:0.000:18.000",0.0000,"A1 actors are outside the blind-corner conflict zone"
15.7121,1,97,129,1.0000,1.0000,1.0000,1.0000,1.0000,1.0000,-21.5637,-8.4676,"9.684:0.000:18.000",0.1331,"A1 actors are outside the blind-corner conflict zone"
15.8474,1,97,130,1.0000,1.0000,1.0000,1.0000,1.0000,1.0000,-21.5914,-8.3177,"9.631:0.000:18.000",0.2684,"A1 actors are outside the blind-corner conflict zone"
15.9845,1,97,131,1.0000,1.0000,1.0000,1.0000,1.0000,1.0000,-21.6159,-8.1559,"9.578:0.000:18.000",0.0000,"A1 actors are outside the blind-corner conflict zone"
16.1145,1,97,132,1.0000,1.0000,1.0000,1.0000,1.0000,1.0000,-21.6269,-7.9975,"9.527:0.000:18.000",0.0000,"A1 actors are outside the blind-corner conflict zone"
16.2518,1,97,133,1.0000,1.0000,1.0000,1.0000,1.0000,1.0000,-21.6258,-7.8143,"9.474:0.000:18.000",0.1373,"A1 actors are outside the blind-corner conflict zone"
16.3519,1,97,134,1.0000,1.0000,1.0000,1.0000,1.0000,1.0000,-21.6189,-7.7060,"9.435:0.000:18.000",0.0000,"A1 actors are outside the blind-corner conflict zone"
16.4524,1,97,135,1.0000,1.0000,1.0000,1.0000,1.0000,1.0000,-21.6094,-7.6015,"9.396:0.000:18.000",0.1004,"A1 actors are outside the blind-corner conflict zone"
16.5531,1,97,136,1.0000,1.0000,1.0000,1.0000,1.0000,1.0000,-21.5971,-7.4702,"9.356:0.000:18.000",0.2012,"A1 actors are outside the blind-corner conflict zone"
16.6549,1,97,137,1.0000,1.0000,1.0000,1.0000,1.0000,1.0000,-21.6033,-7.3494,"9.317:0.000:18.000",0.0000,"A1 actors are outside the blind-corner conflict zone"
16.7563,1,97,138,1.0000,1.0000,1.0000,1.0000,1.0000,1.0000,-21.6120,-7.2147,"9.277:0.000:18.000",0.0000,"A1 actors are outside the blind-corner conflict zone"
16.8582,1,97,139,1.0000,1.0000,1.0000,1.0000,1.0000,1.0000,-21.6211,-7.0707,"9.237:0.000:18.000",0.0000,"A1 actors are outside the blind-corner conflict zone"
16.9637,1,97,140,1.0000,1.0000,1.0000,1.0000,1.0000,1.0000,-21.6237,-6.9323,"9.196:0.000:18.000",0.0000,"A1 actors are outside the blind-corner conflict zone"
17.0641,1,97,141,1.0000,1.0000,1.0000,1.0000,1.0000,1.0000,-21.6245,-6.8251,"9.157:0.000:18.000",0.0000,"A1 actors are outside the blind-corner conflict zone"
17.1679,1,97,142,1.0000,1.0000,1.0000,1.0000,1.0000,1.0000,-21.6227,-6.7062,"9.116:0.000:18.000",0.0000,"A1 actors are outside the blind-corner conflict zone"
17.2735,1,97,143,1.0000,1.0000,1.0000,1.0000,1.0000,1.0000,-21.6194,-6.5804,"9.075:0.000:18.000",0.0000,"A1 actors are outside the blind-corner conflict zone"
17.3803,1,97,144,1.0000,1.0000,1.0000,1.0000,1.0000,1.0000,-21.6160,-6.4447,"9.034:0.000:18.000",0.0000,"A1 actors are outside the blind-corner conflict zone"
17.4822,1,97,145,1.0000,1.0000,1.0000,1.0000,1.0000,1.0000,-21.6025,-6.2981,"8.994:0.000:18.000",0.0000,"A1 actors are outside the blind-corner conflict zone"
17.5852,1,97,146,1.0000,1.0000,1.0000,1.0000,1.0000,1.0000,-21.5916,-6.2053,"8.954:0.000:18.000",0.1029,"A1 actors are outside the blind-corner conflict zone"
17.6913,1,97,147,1.0000,1.0000,1.0000,1.0000,1.0000,1.0000,-21.5653,-6.0251,"8.912:0.000:18.000",0.0000,"A1 actors are outside the blind-corner conflict zone"
17.7931,1,97,148,1.0000,1.0000,1.0000,1.0000,1.0000,1.0000,-21.5450,-5.9164,"8.873:0.000:18.000",0.0000,"A1 actors are outside the blind-corner conflict zone"
17.8991,1,97,149,1.0000,1.0000,1.0000,1.0000,1.0000,1.0000,-21.5303,-5.8166,"8.831:0.000:18.000",0.0000,"A1 actors are outside the blind-corner conflict zone"
18.0028,1,97,150,1.0000,1.0000,1.0000,1.0000,1.0000,1.0000,-21.5172,-5.6842,"8.791:0.000:18.000",0.0000,"A1 actors are outside the blind-corner conflict zone"
18.1118,1,97,151,1.0000,1.0000,1.0000,1.0000,1.0000,1.0000,-21.5039,-5.5388,"8.748:0.000:18.000",0.1090,"A1 actors are outside the blind-corner conflict zone"
18.2126,1,97,152,1.0000,1.0000,1.0000,1.0000,1.0000,1.0000,-21.4966,-5.4270,"8.709:0.000:18.000",0.0000,"A1 actors are outside the blind-corner conflict zone"
18.3212,1,97,153,1.0000,1.0000,1.0000,1.0000,1.0000,1.0000,-21.4941,-5.3099,"8.667:0.000:18.000",0.0000,"A1 actors are outside the blind-corner conflict zone"
18.4263,1,97,154,1.0000,1.0000,1.0000,1.0000,1.0000,1.0000,-21.4997,-5.1837,"8.626:0.000:18.000",0.0000,"A1 actors are outside the blind-corner conflict zone"
18.5303,1,97,155,1.0000,1.0000,1.0000,1.0000,1.0000,1.0000,-21.5144,-5.0841,"8.585:0.000:18.000",0.1040,"A1 actors are outside the blind-corner conflict zone"
18.6360,1,97,156,1.0000,1.0000,1.0000,1.0000,1.0000,1.0000,-21.5321,-4.9802,"8.544:0.000:18.000",0.0000,"A1 actors are outside the blind-corner conflict zone"
18.7397,1,97,157,1.0000,1.0000,1.0000,1.0000,1.0000,1.0000,-21.5604,-4.8499,"8.504:0.000:18.000",0.0000,"A1 actors are outside the blind-corner conflict zone"
18.8449,1,97,158,1.0000,1.0000,1.0000,1.0000,1.0000,1.0000,-21.5890,-4.7267,"8.462:0.000:18.000",0.1052,"A1 actors are outside the blind-corner conflict zone"
18.9487,1,97,159,1.0000,1.0000,1.0000,1.0000,1.0000,1.0000,-21.6199,-4.6109,"8.422:0.000:18.000",0.0000,"A1 actors are outside the blind-corner conflict zone"
19.0567,1,97,160,1.0000,1.0000,1.0000,1.0000,1.0000,1.0000,-21.6523,-4.5083,"8.380:0.000:18.000",0.0000,"A1 actors are outside the blind-corner conflict zone"
19.1603,1,97,161,1.0000,1.0000,1.0000,1.0000,1.0000,1.0000,-21.6912,-4.3829,"8.339:0.000:18.000",0.1036,"A1 actors are outside the blind-corner conflict zone"
19.2613,1,97,162,1.0000,1.0000,1.0000,1.0000,1.0000,1.0000,-21.7238,-4.2734,"8.300:0.000:18.000",0.0000,"A1 actors are outside the blind-corner conflict zone"
19.3667,1,97,163,1.0000,1.0000,1.0000,1.0000,1.0000,1.0000,-21.7660,-4.1250,"8.259:0.000:18.000",0.1054,"A1 actors are outside the blind-corner conflict zone"
19.4725,1,97,164,1.0000,1.0000,1.0000,1.0000,1.0000,1.0000,-21.7939,-4.0212,"8.218:0.000:18.000",0.0000,"A1 actors are outside the blind-corner conflict zone"
19.5735,1,97,165,1.0000,1.0000,1.0000,1.0000,1.0000,1.0000,-21.8137,-3.9419,"8.178:0.000:18.000",0.0000,"A1 actors are outside the blind-corner conflict zone"
19.6816,1,97,166,1.0000,1.0000,1.0000,1.0000,1.0000,1.0000,-21.8481,-3.8216,"8.136:0.000:18.000",0.0000,"A1 actors are outside the blind-corner conflict zone"
19.7900,1,97,167,1.0000,1.0000,1.0000,1.0000,1.0000,1.0000,-21.8935,-3.6915,"8.094:0.000:18.000",0.0000,"A1 actors are outside the blind-corner conflict zone"
19.8932,1,97,168,1.0000,1.0000,1.0000,1.0000,1.0000,1.0000,-21.9344,-3.5807,"8.054:0.000:18.000",0.0000,"A1 actors are outside the blind-corner conflict zone"
19.9946,1,97,169,1.0000,1.0000,1.0000,1.0000,1.0000,1.0000,-21.9785,-3.4754,"8.014:0.000:18.000",0.0000,"A1 actors are outside the blind-corner conflict zone"
20.0961,1,97,170,1.0000,1.0000,1.0000,1.0000,1.0000,1.0000,-22.0175,-3.3796,"7.974:0.000:18.000",0.1015,"A1 actors are outside the blind-corner conflict zone"
20.1970,1,97,171,1.0000,1.0000,1.0000,1.0000,1.0000,1.0000,-22.0538,-3.2880,"7.935:0.000:18.000",0.2023,"A1 actors are outside the blind-corner conflict zone"
20.2994,1,97,172,1.0000,1.0000,1.0000,1.0000,1.0000,1.0000,-22.0942,-3.1857,"7.895:0.000:18.000",0.0000,"A1 actors are outside the blind-corner conflict zone"
20.4060,1,97,173,1.0000,1.0000,1.0000,1.0000,1.0000,1.0000,-22.1516,-3.0663,"7.854:0.000:18.000",0.0000,"A1 actors are outside the blind-corner conflict zone"
20.5091,1,97,174,1.0000,1.0000,1.0000,1.0000,1.0000,1.0000,-22.2327,-2.9317,"7.813:0.000:18.000",0.1031,"A1 actors are outside the blind-corner conflict zone"
20.6168,1,97,175,1.0000,1.0000,1.0000,1.0000,1.0000,1.0000,-22.2983,-2.8071,"7.771:0.000:18.000",0.2108,"A1 actors are outside the blind-corner conflict zone"
20.7173,1,97,176,1.0000,1.0000,1.0000,1.0000,1.0000,1.0000,-22.3413,-2.7133,"7.732:0.000:18.000",0.0000,"A1 actors are outside the blind-corner conflict zone"
20.8185,1,97,177,1.0000,1.0000,1.0000,1.0000,1.0000,1.0000,-22.3815,-2.6141,"7.693:0.000:18.000",0.1012,"A1 actors are outside the blind-corner conflict zone"
20.9196,1,97,178,1.0000,1.0000,1.0000,1.0000,1.0000,1.0000,-22.4318,-2.4710,"7.653:0.000:18.000",0.0000,"A1 actors are outside the blind-corner conflict zone"
21.0241,1,97,179,1.0000,1.0000,1.0000,1.0000,1.0000,1.0000,-22.4552,-2.3408,"7.613:0.000:18.000",0.0000,"A1 actors are outside the blind-corner conflict zone"
21.1310,1,97,180,1.0000,1.0000,1.0000,1.0000,1.0000,1.0000,-22.4579,-2.2274,"7.571:0.000:18.000",0.1069,"A1 actors are outside the blind-corner conflict zone"
21.2317,1,97,181,1.0000,1.0000,1.0000,1.0000,1.0000,1.0000,-22.4607,-2.1187,"7.532:0.000:18.000",0.2076,"A1 actors are outside the blind-corner conflict zone"
21.3378,1,97,182,1.0000,1.0000,1.0000,1.0000,1.0000,1.0000,-22.4708,-1.9866,"7.490:0.000:18.000",0.3137,"A1 actors are outside the blind-corner conflict zone"
21.4401,1,97,183,1.0000,1.0000,1.0000,1.0000,1.0000,1.0000,-22.4787,-1.8586,"7.450:0.000:18.000",0.4160,"A1 actors are outside the blind-corner conflict zone"
21.5440,1,97,184,1.0000,1.0000,1.0000,1.0000,1.0000,1.0000,-22.4807,-1.7181,"7.410:0.000:18.000",0.0000,"A1 actors are outside the blind-corner conflict zone"
21.6449,1,97,185,1.0000,1.0000,1.0000,1.0000,1.0000,1.0000,-22.4791,-1.5921,"7.370:0.000:18.000",0.0000,"A1 actors are outside the blind-corner conflict zone"
21.7495,1,97,186,1.0000,1.0000,1.0000,1.0000,1.0000,1.0000,-22.4787,-1.4914,"7.330:0.000:18.000",0.0000,"A1 actors are outside the blind-corner conflict zone"
21.8552,1,97,187,1.0000,1.0000,1.0000,1.0000,1.0000,1.0000,-22.4750,-1.3508,"7.288:0.000:18.000",0.1057,"A1 actors are outside the blind-corner conflict zone"
21.9618,1,97,188,1.0000,1.0000,1.0000,1.0000,1.0000,1.0000,-22.4704,-1.2258,"7.247:0.000:18.000",0.0000,"A1 actors are outside the blind-corner conflict zone"
22.0684,1,97,189,1.0000,1.0000,1.0000,1.0000,1.0000,1.0000,-22.4637,-1.0762,"7.205:0.000:18.000",0.0000,"A1 actors are outside the blind-corner conflict zone"
22.1695,1,97,190,1.0000,1.0000,1.0000,1.0000,1.0000,1.0000,-22.4437,-0.9830,"7.166:0.000:18.000",0.1011,"A1 actors are outside the blind-corner conflict zone"
22.2755,1,97,191,1.0000,1.0000,1.0000,1.0000,1.0000,1.0000,-22.4084,-0.8563,"7.125:0.000:18.000",0.0000,"A1 actors are outside the blind-corner conflict zone"
22.3833,1,97,192,1.0000,1.0000,1.0000,1.0000,1.0000,1.0000,-22.3816,-0.7039,"7.082:0.000:18.000",0.1079,"A1 actors are outside the blind-corner conflict zone"
22.4878,1,97,193,1.0000,1.0000,1.0000,1.0000,1.0000,1.0000,-22.3698,-0.5882,"7.042:0.000:18.000",0.0000,"A1 actors are outside the blind-corner conflict zone"
22.5885,1,97,194,1.0000,1.0000,1.0000,1.0000,1.0000,1.0000,-22.3594,-0.4385,"7.002:0.000:18.000",0.0000,"A1 actors are outside the blind-corner conflict zone"
22.6926,1,97,195,1.0000,1.0000,1.0000,1.0000,1.0000,1.0000,-22.3465,-0.3260,"6.962:0.000:18.000",0.0000,"A1 actors are outside the blind-corner conflict zone"
22.7941,1,97,196,1.0000,1.0000,1.0000,1.0000,1.0000,1.0000,-22.3341,-0.1932,"6.922:0.000:18.000",0.1015,"A1 actors are outside the blind-corner conflict zone"
22.8943,1,97,197,1.0000,1.0000,1.0000,1.0000,1.0000,1.0000,-22.3265,-0.0748,"6.883:0.000:18.000",0.2018,"A1 actors are outside the blind-corner conflict zone"
22.9953,1,97,198,1.0000,1.0000,1.0000,1.0000,1.0000,1.0000,-22.3032,0.0827,"6.844:0.000:18.000",0.0000,"A1 actors are outside the blind-corner conflict zone"
23.0977,1,97,199,1.0000,1.0000,1.0000,1.0000,1.0000,1.0000,-22.2754,0.2000,"6.804:0.000:18.000",0.1024,"A1 actors are outside the blind-corner conflict zone"
23.2046,1,97,200,1.0000,1.0000,1.0000,1.0000,1.0000,1.0000,-22.2496,0.3364,"6.762:0.000:18.000",0.0000,"A1 actors are outside the blind-corner conflict zone"
23.3053,1,97,201,1.0000,1.0000,1.0000,1.0000,1.0000,1.0000,-22.2417,0.4534,"6.723:0.000:18.000",0.0000,"A1 actors are outside the blind-corner conflict zone"
23.4107,1,97,202,1.0000,1.0000,1.0000,1.0000,1.0000,1.0000,-22.2339,0.5841,"6.682:0.000:18.000",0.0000,"A1 actors are outside the blind-corner conflict zone"
23.5118,1,97,203,1.0000,1.0000,1.0000,1.0000,1.0000,1.0000,-22.2233,0.6914,"6.642:0.000:18.000",0.1011,"A1 actors are outside the blind-corner conflict zone"
23.6155,1,97,204,1.0000,1.0000,1.0000,1.0000,1.0000,1.0000,-22.2111,0.8161,"6.602:0.000:18.000",0.0000,"A1 actors are outside the blind-corner conflict zone"
23.7202,1,97,205,1.0000,1.0000,1.0000,1.0000,1.0000,1.0000,-22.1992,0.9216,"6.561:0.000:18.000",0.0000,"A1 actors are outside the blind-corner conflict zone"
23.8268,1,97,206,1.0000,1.0000,1.0000,1.0000,1.0000,1.0000,-22.1712,1.0675,"6.520:0.000:18.000",0.0000,"A1 actors are outside the blind-corner conflict zone"
23.9284,1,97,207,1.0000,1.0000,1.0000,1.0000,1.0000,1.0000,-22.1564,1.1863,"6.480:0.000:18.000",0.0000,"A1 actors are outside the blind-corner conflict zone"
24.0312,1,97,208,1.0000,1.0000,1.0000,1.0000,1.0000,1.0000,-22.1496,1.3168,"6.440:0.000:18.000",0.0000,"A1 actors are outside the blind-corner conflict zone"
24.1361,1,97,209,1.0000,1.0000,1.0000,1.0000,1.0000,1.0000,-22.1392,1.5005,"6.399:0.000:18.000",0.1049,"A1 actors are outside the blind-corner conflict zone"
24.2442,1,97,210,1.0000,1.0000,1.0000,1.0000,1.0000,1.0000,-22.1338,1.6372,"6.357:0.000:18.000",0.2129,"A1 actors are outside the blind-corner conflict zone"
24.3481,1,97,211,1.0000,1.0000,1.0000,1.0000,1.0000,1.0000,-22.1219,1.7865,"6.316:0.000:18.000",0.0000,"A1 actors are outside the blind-corner conflict zone"
24.4506,1,97,212,1.0000,1.0000,1.0000,1.0000,1.0000,1.0000,-22.1113,1.8920,"6.276:0.000:18.000",0.0000,"A1 actors are outside the blind-corner conflict zone"
24.5537,1,97,213,1.0000,1.0000,1.0000,1.0000,1.0000,1.0000,-22.0974,2.0059,"6.236:0.000:18.000",0.0000,"A1 actors are outside the blind-corner conflict zone"
24.6570,1,97,214,1.0000,1.0000,1.0000,1.0000,1.0000,1.0000,-22.0779,2.1741,"6.196:0.000:18.000",0.0000,"A1 actors are outside the blind-corner conflict zone"
24.7643,1,97,215,1.0000,1.0000,1.0000,1.0000,1.0000,1.0000,-22.0619,2.3067,"6.154:0.000:18.000",0.0000,"A1 actors are outside the blind-corner conflict zone"
24.8680,1,97,216,1.0000,1.0000,1.0000,1.0000,1.0000,1.0000,-22.0456,2.4263,"6.113:0.000:18.000",0.0000,"A1 actors are outside the blind-corner conflict zone"
24.9741,1,97,217,1.0000,1.0000,1.0000,1.0000,1.0000,1.0000,-22.0219,2.5424,"6.072:0.000:18.000",0.0000,"A1 actors are outside the blind-corner conflict zone"
25.0747,1,97,218,1.0000,1.0000,1.0000,1.0000,1.0000,1.0000,-21.9857,2.6810,"6.033:0.000:18.000",0.0000,"A1 actors are outside the blind-corner conflict zone"
25.1809,1,97,219,1.0000,1.0000,1.0000,1.0000,1.0000,1.0000,-21.9560,2.7714,"5.991:0.000:18.000",0.1062,"A1 actors are outside the blind-corner conflict zone"
25.2814,1,97,220,1.0000,1.0000,1.0000,1.0000,1.0000,1.0000,-21.9057,2.8987,"5.952:0.000:18.000",0.0000,"A1 actors are outside the blind-corner conflict zone"
25.3910,1,97,221,1.0000,1.0000,1.0000,1.0000,1.0000,1.0000,-21.8488,3.0185,"5.910:0.000:18.000",0.0000,"A1 actors are outside the blind-corner conflict zone"
25.4972,1,97,222,1.0000,1.0000,1.0000,1.0000,1.0000,1.0000,-21.7806,3.1588,"5.868:0.000:18.000",0.0000,"A1 actors are outside the blind-corner conflict zone"
25.5993,1,97,223,1.0000,1.0000,1.0000,1.0000,1.0000,1.0000,-21.7428,3.2513,"5.828:0.000:18.000",0.0000,"A1 actors are outside the blind-corner conflict zone"
25.7047,1,97,224,1.0000,1.0000,1.0000,1.0000,1.0000,1.0000,-21.6790,3.3615,"5.787:0.000:18.000",0.0000,"A1 actors are outside the blind-corner conflict zone"
25.8062,1,97,225,1.0000,1.0000,1.0000,1.0000,1.0000,1.0000,-21.6121,3.4649,"5.748:0.000:18.000",0.1015,"A1 actors are outside the blind-corner conflict zone"
25.9128,1,97,226,1.0000,1.0000,1.0000,1.0000,1.0000,1.0000,-21.5335,3.5856,"5.706:0.000:18.000",0.0000,"A1 actors are outside the blind-corner conflict zone"
26.0174,1,97,227,1.0000,1.0000,1.0000,1.0000,1.0000,1.0000,-21.4776,3.6574,"5.665:0.000:18.000",0.0000,"A1 actors are outside the blind-corner conflict zone"
26.1238,1,97,228,1.0000,1.0000,1.0000,1.0000,1.0000,1.0000,-21.3885,3.7648,"5.624:0.000:18.000",0.0000,"A1 actors are outside the blind-corner conflict zone"
26.2304,1,97,229,1.0000,1.0000,1.0000,1.0000,1.0000,1.0000,-21.2988,3.8791,"5.582:0.000:18.000",0.0000,"A1 actors are outside the blind-corner conflict zone"
26.3340,1,97,230,1.0000,1.0000,1.0000,1.0000,1.0000,1.0000,-21.2428,3.9613,"5.542:0.000:18.000",0.0000,"A1 actors are outside the blind-corner conflict zone"
26.4386,1,97,231,1.0000,1.0000,1.0000,1.0000,1.0000,1.0000,-21.1538,4.0681,"5.501:0.000:18.000",0.0000,"A1 actors are outside the blind-corner conflict zone"
26.5454,1,97,232,1.0000,1.0000,1.0000,1.0000,1.0000,1.0000,-21.0792,4.1498,"5.459:0.000:18.000",0.0000,"A1 actors are outside the blind-corner conflict zone"
26.6501,1,97,233,1.0000,1.0000,1.0000,1.0000,1.0000,1.0000,-21.0000,4.2262,"5.418:0.000:18.000",0.0000,"A1 actors are outside the blind-corner conflict zone"
26.7521,1,97,234,1.0000,1.0000,1.0000,1.0000,1.0000,1.0000,-20.8967,4.3149,"5.379:0.000:18.000",0.1020,"A1 actors are outside the blind-corner conflict zone"
26.8538,1,97,235,1.0000,1.0000,1.0000,1.0000,1.0000,1.0000,-20.7927,4.3958,"5.339:0.000:18.000",0.2036,"A1 actors are outside the blind-corner conflict zone"
26.9565,1,97,236,1.0000,1.0000,1.0000,1.0000,1.0000,1.0000,-20.7117,4.4603,"5.299:0.000:18.000",0.0000,"A1 actors are outside the blind-corner conflict zone"
27.0575,1,97,237,1.0000,1.0000,1.0000,1.0000,1.0000,1.0000,-20.6066,4.5444,"5.260:0.000:18.000",0.0000,"A1 actors are outside the blind-corner conflict zone"
27.1582,1,97,238,1.0000,1.0000,1.0000,1.0000,1.0000,1.0000,-20.5372,4.6263,"5.220:0.000:18.000",0.0000,"A1 actors are outside the blind-corner conflict zone"
27.2611,1,97,239,1.0000,1.0000,1.0000,1.0000,1.0000,1.0000,-20.4718,4.7377,"5.180:0.000:18.000",0.0000,"A1 actors are outside the blind-corner conflict zone"
27.3659,1,97,240,1.0000,1.0000,1.0000,1.0000,1.0000,1.0000,-20.4146,4.8441,"5.139:0.000:18.000",0.1048,"A1 actors are outside the blind-corner conflict zone"
27.4710,1,97,241,1.0000,1.0000,1.0000,1.0000,1.0000,1.0000,-20.3725,4.9312,"5.098:0.000:18.000",0.0000,"A1 actors are outside the blind-corner conflict zone"
27.5720,1,97,242,1.0000,1.0000,1.0000,1.0000,1.0000,1.0000,-20.3095,5.0466,"5.059:0.000:18.000",0.0000,"A1 actors are outside the blind-corner conflict zone"
27.6762,1,97,243,1.0000,1.0000,1.0000,1.0000,1.0000,1.0000,-20.2604,5.1652,"5.076:0.000:18.000",0.0000,"A1 actors are outside the blind-corner conflict zone"
27.7809,1,97,244,1.0000,1.0000,1.0000,1.0000,1.0000,1.0000,-20.2205,5.2553,"5.117:0.000:18.000",0.0000,"A1 actors are outside the blind-corner conflict zone"
27.8863,1,97,245,1.0000,1.0000,1.0000,1.0000,1.0000,1.0000,-20.1569,5.3674,"5.158:0.000:18.000",0.0000,"A1 actors are outside the blind-corner conflict zone"
27.9881,1,97,246,1.0000,1.0000,1.0000,1.0000,1.0000,1.0000,-20.1097,5.4590,"5.197:0.000:18.000",0.1018,"A1 actors are outside the blind-corner conflict zone"
28.0924,1,97,247,1.0000,1.0000,1.0000,1.0000,1.0000,1.0000,-20.0486,5.5587,"5.238:0.000:18.000",0.0000,"A1 actors are outside the blind-corner conflict zone"
28.1945,1,97,248,1.0000,1.0000,1.0000,1.0000,1.0000,1.0000,-19.9858,5.6596,"5.278:0.000:18.000",0.0000,"A1 actors are outside the blind-corner conflict zone"
28.2989,1,97,249,1.0000,1.0000,1.0000,1.0000,1.0000,1.0000,-19.9198,5.7590,"5.319:0.000:18.000",0.1044,"A1 actors are outside the blind-corner conflict zone"
28.4008,1,97,250,1.0000,1.0000,1.0000,1.0000,1.0000,1.0000,-19.8513,5.8643,"5.358:0.000:18.000",0.0000,"A1 actors are outside the blind-corner conflict zone"
28.5057,1,97,251,1.0000,1.0000,1.0000,1.0000,1.0000,1.0000,-19.7794,5.9497,"5.399:0.000:18.000",0.0000,"A1 actors are outside the blind-corner conflict zone"
28.6084,1,97,252,1.0000,1.0000,1.0000,1.0000,1.0000,1.0000,-19.6896,6.0431,"5.439:0.000:18.000",0.0000,"A1 actors are outside the blind-corner conflict zone"
28.7113,1,97,253,1.0000,1.0000,1.0000,1.0000,1.0000,1.0000,-19.6169,6.1186,"5.480:0.000:18.000",0.0000,"A1 actors are outside the blind-corner conflict zone"
28.8137,1,97,254,1.0000,1.0000,1.0000,1.0000,1.0000,1.0000,-19.5079,6.2147,"5.519:0.000:18.000",0.0000,"A1 actors are outside the blind-corner conflict zone"
28.9192,1,97,255,1.0000,1.0000,1.0000,1.0000,1.0000,1.0000,-19.4059,6.2884,"5.561:0.000:18.000",0.0000,"A1 actors are outside the blind-corner conflict zone"
29.0194,1,97,256,1.0000,1.0000,1.0000,1.0000,1.0000,1.0000,-19.3159,6.3485,"5.600:0.000:18.000",0.0000,"A1 actors are outside the blind-corner conflict zone"
29.1242,1,97,257,1.0000,1.0000,1.0000,1.0000,1.0000,1.0000,-19.1973,6.4272,"5.641:0.000:18.000",0.0000,"A1 actors are outside the blind-corner conflict zone"
29.2255,1,97,258,1.0000,1.0000,1.0000,1.0000,1.0000,1.0000,-19.1260,6.4662,"5.680:0.000:18.000",0.0000,"A1 actors are outside the blind-corner conflict zone"
29.3266,1,97,259,1.0000,1.0000,1.0000,1.0000,1.0000,1.0000,-18.9987,6.5448,"5.719:0.000:18.000",0.1010,"A1 actors are outside the blind-corner conflict zone"
29.4316,1,97,260,1.0000,1.0000,1.0000,1.0000,1.0000,1.0000,-18.8991,6.6033,"5.760:0.000:18.000",0.2060,"A1 actors are outside the blind-corner conflict zone"
29.5323,1,97,261,1.0000,1.0000,1.0000,1.0000,1.0000,1.0000,-18.7635,6.6674,"5.800:0.000:18.000",0.0000,"A1 actors are outside the blind-corner conflict zone"
29.6333,1,97,262,1.0000,1.0000,1.0000,1.0000,1.0000,1.0000,-18.6593,6.7228,"5.839:0.000:18.000",0.0000,"A1 actors are outside the blind-corner conflict zone"
29.7404,1,97,263,1.0000,1.0000,1.0000,1.0000,1.0000,1.0000,-18.5563,6.7846,"5.881:0.000:18.000",0.0000,"A1 actors are outside the blind-corner conflict zone"
29.8417,1,97,264,1.0000,1.0000,1.0000,1.0000,1.0000,1.0000,-18.4523,6.8505,"5.920:0.000:18.000",0.0000,"A1 actors are outside the blind-corner conflict zone"
29.9454,1,97,265,1.0000,1.0000,1.0000,1.0000,1.0000,1.0000,-18.3478,6.9206,"5.961:0.000:18.000",0.1037,"A1 actors are outside the blind-corner conflict zone"
30.0462,1,97,266,1.0000,1.0000,1.0000,1.0000,1.0000,1.0000,-18.2618,6.9983,"6.000:0.000:18.000",0.0000,"A1 actors are outside the blind-corner conflict zone"
30.1512,1,97,267,1.0000,1.0000,1.0000,1.0000,1.0000,1.0000,-18.1919,7.0705,"6.041:0.000:18.000",0.1050,"A1 actors are outside the blind-corner conflict zone"
30.2528,1,97,268,1.0000,1.0000,1.0000,1.0000,1.0000,1.0000,-18.1175,7.1566,"6.081:0.000:18.000",0.0000,"A1 actors are outside the blind-corner conflict zone"
30.3531,1,97,269,1.0000,1.0000,1.0000,1.0000,1.0000,1.0000,-18.0212,7.2877,"6.120:0.000:18.000",0.0000,"A1 actors are outside the blind-corner conflict zone"
30.4640,1,97,270,1.0000,1.0000,1.0000,1.0000,1.0000,1.0000,-17.9470,7.3967,"6.163:0.000:18.000",0.1109,"A1 actors are outside the blind-corner conflict zone"
30.5641,1,97,271,1.0000,1.0000,1.0000,1.0000,1.0000,1.0000,-17.8999,7.4656,"6.202:0.000:18.000",0.0000,"A1 actors are outside the blind-corner conflict zone"
30.6678,1,97,272,1.0000,1.0000,1.0000,1.0000,1.0000,1.0000,-17.8079,7.5994,"6.243:0.000:18.000",0.0000,"A1 actors are outside the blind-corner conflict zone"
30.7739,1,97,273,1.0000,1.0000,1.0000,1.0000,1.0000,1.0000,-17.7328,7.7036,"6.284:0.000:18.000",0.0000,"A1 actors are outside the blind-corner conflict zone"
30.8741,1,97,274,1.0000,1.0000,1.0000,1.0000,1.0000,1.0000,-17.6591,7.8092,"6.323:0.000:18.000",0.0000,"A1 actors are outside the blind-corner conflict zone"
30.9750,1,97,275,1.0000,1.0000,1.0000,1.0000,1.0000,1.0000,-17.5860,7.9134,"6.362:0.000:18.000",0.0000,"A1 actors are outside the blind-corner conflict zone"
31.0808,1,97,276,1.0000,1.0000,1.0000,1.0000,1.0000,1.0000,-17.4987,8.0216,"6.404:0.000:18.000",0.0000,"A1 actors are outside the blind-corner conflict zone"
31.1846,1,97,277,1.0000,1.0000,1.0000,1.0000,1.0000,1.0000,-17.4110,8.1189,"6.444:0.000:18.000",0.0000,"A1 actors are outside the blind-corner conflict zone"
31.2901,1,97,278,1.0000,1.0000,1.0000,1.0000,1.0000,1.0000,-17.3400,8.2018,"6.485:0.000:18.000",0.0000,"A1 actors are outside the blind-corner conflict zone"
31.3936,1,97,279,1.0000,1.0000,1.0000,1.0000,1.0000,1.0000,-17.2881,8.2663,"6.526:0.000:18.000",0.1035,"A1 actors are outside the blind-corner conflict zone"
31.5011,1,97,280,1.0000,1.0000,1.0000,1.0000,1.0000,1.0000,-17.2179,8.3637,"6.568:0.000:18.000",0.0000,"A1 actors are outside the blind-corner conflict zone"
31.6043,1,97,281,1.0000,1.0000,1.0000,1.0000,1.0000,1.0000,-17.1609,8.4443,"6.608:0.000:18.000",0.0000,"A1 actors are outside the blind-corner conflict zone"
31.7094,1,97,282,1.0000,1.0000,1.0000,1.0000,1.0000,1.0000,-17.0771,8.5484,"6.649:0.000:18.000",0.1051,"A1 actors are outside the blind-corner conflict zone"
31.8119,1,97,283,1.0000,1.0000,1.0000,1.0000,1.0000,1.0000,-16.9986,8.6505,"6.689:0.000:18.000",0.0000,"A1 actors are outside the blind-corner conflict zone"
31.9157,1,97,284,1.0000,1.0000,1.0000,1.0000,1.0000,1.0000,-16.9165,8.7430,"6.729:0.000:18.000",0.1038,"A1 actors are outside the blind-corner conflict zone"
32.0158,1,97,285,1.0000,1.0000,1.0000,1.0000,1.0000,1.0000,-16.8444,8.8161,"6.768:0.000:18.000",0.0000,"A1 actors are outside the blind-corner conflict zone"
32.1200,1,97,286,1.0000,1.0000,1.0000,1.0000,1.0000,1.0000,-16.7439,8.9059,"6.809:0.000:18.000",0.0000,"A1 actors are outside the blind-corner conflict zone"
32.2235,1,97,287,1.0000,1.0000,1.0000,1.0000,1.0000,1.0000,-16.6632,8.9883,"6.849:0.000:18.000",0.0000,"A1 actors are outside the blind-corner conflict zone"
32.3294,1,97,288,1.0000,1.0000,1.0000,1.0000,1.0000,1.0000,-16.5939,9.0615,"6.891:0.000:18.000",0.0000,"A1 actors are outside the blind-corner conflict zone"
32.4316,1,97,289,1.0000,1.0000,1.0000,1.0000,1.0000,1.0000,-16.5017,9.1641,"6.930:0.000:18.000",0.1022,"A1 actors are outside the blind-corner conflict zone"
32.5395,1,97,290,1.0000,1.0000,1.0000,1.0000,1.0000,1.0000,-16.4237,9.2394,"6.973:0.000:18.000",0.2102,"A1 actors are outside the blind-corner conflict zone"
32.6436,1,97,291,1.0000,1.0000,1.0000,1.0000,1.0000,1.0000,-16.3295,9.3550,"7.013:0.000:18.000",0.0000,"A1 actors are outside the blind-corner conflict zone"
32.7487,1,97,292,1.0000,1.0000,1.0000,1.0000,1.0000,1.0000,-16.2259,9.4893,"7.054:0.000:18.000",0.0000,"A1 actors are outside the blind-corner conflict zone"
32.8521,1,97,293,1.0000,1.0000,1.0000,1.0000,1.0000,1.0000,-16.1523,9.5910,"7.094:0.000:18.000",0.0000,"A1 actors are outside the blind-corner conflict zone"
32.9534,1,97,294,1.0000,1.0000,1.0000,1.0000,1.0000,1.0000,-16.0778,9.7049,"7.134:0.000:18.000",0.1013,"A1 actors are outside the blind-corner conflict zone"
33.0669,1,97,295,1.0000,1.0000,1.0000,1.0000,1.0000,1.0000,-16.0167,9.8025,"7.178:0.000:18.000",0.0000,"A1 actors are outside the blind-corner conflict zone"
33.1724,1,97,296,1.0000,1.0000,1.0000,1.0000,1.0000,1.0000,-15.9560,9.8803,"7.219:0.000:18.000",0.0000,"A1 actors are outside the blind-corner conflict zone"
33.2777,1,97,297,1.0000,1.0000,1.0000,1.0000,1.0000,1.0000,-15.8708,9.9751,"7.260:0.000:18.000",0.1053,"A1 actors are outside the blind-corner conflict zone"
33.3862,1,97,298,1.0000,1.0000,1.0000,1.0000,1.0000,1.0000,-15.7655,10.0933,"7.303:0.000:18.000",0.0000,"A1 actors are outside the blind-corner conflict zone"
33.4955,1,97,299,1.0000,1.0000,1.0000,1.0000,1.0000,1.0000,-15.6809,10.1882,"7.345:0.000:18.000",0.0000,"A1 actors are outside the blind-corner conflict zone"
33.6042,1,97,300,1.0000,1.0000,1.0000,1.0000,1.0000,1.0000,-15.6089,10.2685,"7.388:0.000:18.000",0.0000,"A1 actors are outside the blind-corner conflict zone"
33.7050,1,97,301,1.0000,1.0000,1.0000,1.0000,1.0000,1.0000,-15.5383,10.3671,"7.427:0.000:18.000",0.0000,"A1 actors are outside the blind-corner conflict zone"
33.8055,1,97,302,1.0000,1.0000,1.0000,1.0000,1.0000,1.0000,-15.4880,10.4614,"7.466:0.000:18.000",0.0000,"A1 actors are outside the blind-corner conflict zone"
33.9117,1,97,303,1.0000,1.0000,1.0000,1.0000,1.0000,1.0000,-15.4434,10.5464,"7.508:0.000:18.000",0.0000,"A1 actors are outside the blind-corner conflict zone"
34.0141,1,97,304,1.0000,1.0000,1.0000,1.0000,1.0000,1.0000,-15.3844,10.6552,"7.548:0.000:18.000",0.0000,"A1 actors are outside the blind-corner conflict zone"
34.1169,1,97,305,1.0000,1.0000,1.0000,1.0000,1.0000,1.0000,-15.3177,10.7559,"7.588:0.000:18.000",0.0000,"A1 actors are outside the blind-corner conflict zone"
34.2217,1,97,306,1.0000,1.0000,1.0000,1.0000,1.0000,1.0000,-15.2634,10.8413,"7.629:0.000:18.000",0.1048,"A1 actors are outside the blind-corner conflict zone"
34.3220,1,97,307,1.0000,1.0000,1.0000,1.0000,1.0000,1.0000,-15.2092,10.9348,"7.668:0.000:18.000",0.2052,"A1 actors are outside the blind-corner conflict zone"
34.4239,1,97,308,1.0000,1.0000,1.0000,1.0000,1.0000,1.0000,-15.1615,11.0273,"7.707:0.000:18.000",0.0000,"A1 actors are outside the blind-corner conflict zone"
34.5288,1,97,309,1.0000,1.0000,1.0000,1.0000,1.0000,1.0000,-15.1174,11.1289,"7.748:0.000:18.000",0.1049,"A1 actors are outside the blind-corner conflict zone"
34.6288,1,97,310,1.0000,1.0000,1.0000,1.0000,1.0000,1.0000,-15.0802,11.1983,"7.787:0.000:18.000",0.0000,"A1 actors are outside the blind-corner conflict zone"
34.7333,1,97,311,1.0000,1.0000,1.0000,1.0000,1.0000,1.0000,-15.0297,11.2866,"7.828:0.000:18.000",0.0000,"A1 actors are outside the blind-corner conflict zone"
34.8390,1,97,312,1.0000,1.0000,1.0000,1.0000,1.0000,1.0000,-14.9839,11.3905,"7.869:0.000:18.000",0.0000,"A1 actors are outside the blind-corner conflict zone"
34.9412,1,97,313,1.0000,1.0000,1.0000,1.0000,1.0000,1.0000,-14.9609,11.4693,"7.909:0.000:18.000",0.1023,"A1 actors are outside the blind-corner conflict zone"
35.0440,1,97,314,1.0000,1.0000,1.0000,1.0000,1.0000,1.0000,-14.9414,11.5560,"7.949:0.000:18.000",0.0000,"A1 actors are outside the blind-corner conflict zone"
35.1498,1,97,315,1.0000,1.0000,1.0000,1.0000,1.0000,1.0000,-14.9205,11.6723,"7.991:0.000:18.000",0.0000,"A1 actors are outside the blind-corner conflict zone"
35.2556,1,97,316,1.0000,1.0000,1.0000,1.0000,1.0000,1.0000,-14.9161,11.7670,"8.032:0.000:18.000",0.0000,"A1 actors are outside the blind-corner conflict zone"
35.3586,1,97,317,1.0000,1.0000,1.0000,1.0000,1.0000,1.0000,-14.9400,11.9116,"8.072:0.000:18.000",0.0000,"A1 actors are outside the blind-corner conflict zone"
35.4609,1,97,318,1.0000,1.0000,1.0000,1.0000,1.0000,1.0000,-14.9678,12.0367,"8.112:0.000:18.000",0.1023,"A1 actors are outside the blind-corner conflict zone"
35.5657,1,97,319,1.0000,1.0000,1.0000,1.0000,1.0000,1.0000,-14.9878,12.1423,"8.153:0.000:18.000",0.0000,"A1 actors are outside the blind-corner conflict zone"
35.6710,1,97,320,1.0000,1.0000,1.0000,1.0000,1.0000,1.0000,-15.0117,12.2443,"8.194:0.000:18.000",0.0000,"A1 actors are outside the blind-corner conflict zone"
35.7731,1,97,321,1.0000,1.0000,1.0000,1.0000,1.0000,1.0000,-15.0673,12.3735,"8.234:0.000:18.000",0.0000,"A1 actors are outside the blind-corner conflict zone"
35.8766,1,97,322,1.0000,1.0000,1.0000,1.0000,1.0000,1.0000,-15.1097,12.4602,"8.274:0.000:18.000",0.0000,"A1 actors are outside the blind-corner conflict zone"
35.9823,1,97,323,1.0000,1.0000,1.0000,1.0000,1.0000,1.0000,-15.1592,12.5524,"8.315:0.000:18.000",0.0000,"A1 actors are outside the blind-corner conflict zone"
36.0831,1,97,324,1.0000,1.0000,1.0000,1.0000,1.0000,1.0000,-15.2460,12.6670,"8.355:0.000:18.000",0.0000,"A1 actors are outside the blind-corner conflict zone"
36.1881,1,97,325,1.0000,1.0000,1.0000,1.0000,1.0000,1.0000,-15.3207,12.7438,"8.395:0.000:18.000",0.1050,"A1 actors are outside the blind-corner conflict zone"
36.2922,1,97,326,1.0000,1.0000,1.0000,1.0000,1.0000,1.0000,-15.4163,12.8294,"8.436:0.000:18.000",0.2092,"A1 actors are outside the blind-corner conflict zone"
36.3925,1,97,327,1.0000,1.0000,1.0000,1.0000,1.0000,1.0000,-15.5084,12.9193,"8.475:0.000:18.000",0.0000,"A1 actors are outside the blind-corner conflict zone"
36.4966,1,97,328,1.0000,1.0000,1.0000,1.0000,1.0000,1.0000,-15.6014,12.9898,"8.516:0.000:18.000",0.0000,"A1 actors are outside the blind-corner conflict zone"
36.5980,1,97,329,1.0000,1.0000,1.0000,1.0000,1.0000,1.0000,-15.6924,13.0525,"8.555:0.000:18.000",0.0000,"A1 actors are outside the blind-corner conflict zone"
36.7012,1,97,330,1.0000,1.0000,1.0000,1.0000,1.0000,1.0000,-15.8044,13.1235,"8.596:0.000:18.000",0.0000,"A1 actors are outside the blind-corner conflict zone"
36.8017,1,97,331,1.0000,1.0000,1.0000,1.0000,1.0000,1.0000,-15.9065,13.1771,"8.635:0.000:18.000",0.1005,"A1 actors are outside the blind-corner conflict zone"
36.9057,1,97,332,1.0000,1.0000,1.0000,1.0000,1.0000,1.0000,-16.0148,13.2300,"8.675:0.000:18.000",0.0000,"A1 actors are outside the blind-corner conflict zone"
37.0067,1,97,333,1.0000,1.0000,1.0000,1.0000,1.0000,1.0000,-16.1118,13.2795,"8.715:0.000:18.000",0.0000,"A1 actors are outside the blind-corner conflict zone"
37.1081,1,97,334,1.0000,1.0000,1.0000,1.0000,1.0000,1.0000,-16.2116,13.3414,"8.754:0.000:18.000",0.0000,"A1 actors are outside the blind-corner conflict zone"
37.2083,1,97,335,1.0000,1.0000,1.0000,1.0000,1.0000,1.0000,-16.2960,13.3914,"8.793:0.000:18.000",0.1002,"A1 actors are outside the blind-corner conflict zone"
37.3093,1,97,336,1.0000,1.0000,1.0000,1.0000,1.0000,1.0000,-16.3966,13.4395,"8.833:0.000:18.000",0.2012,"A1 actors are outside the blind-corner conflict zone"
37.4160,1,97,337,1.0000,1.0000,1.0000,1.0000,1.0000,1.0000,-16.4970,13.4864,"8.874:0.000:18.000",0.0000,"A1 actors are outside the blind-corner conflict zone"
37.5196,1,97,338,1.0000,1.0000,1.0000,1.0000,1.0000,1.0000,-16.6105,13.5364,"8.915:0.000:18.000",0.0000,"A1 actors are outside the blind-corner conflict zone"
37.6199,1,97,339,1.0000,1.0000,1.0000,1.0000,1.0000,1.0000,-16.7094,13.5816,"8.954:0.000:18.000",0.0000,"A1 actors are outside the blind-corner conflict zone"
37.7279,1,97,340,1.0000,1.0000,1.0000,1.0000,1.0000,1.0000,-16.8175,13.6353,"8.996:0.000:18.000",0.0000,"A1 actors are outside the blind-corner conflict zone"
37.8315,1,97,341,1.0000,1.0000,1.0000,1.0000,1.0000,1.0000,-16.9540,13.6962,"9.036:0.000:18.000",0.0000,"A1 actors are outside the blind-corner conflict zone"
37.9366,1,97,342,1.0000,1.0000,1.0000,1.0000,1.0000,1.0000,-17.0783,13.7539,"9.077:0.000:18.000",0.1052,"A1 actors are outside the blind-corner conflict zone"
38.0421,1,97,343,1.0000,1.0000,1.0000,1.0000,1.0000,1.0000,-17.1972,13.8050,"9.119:0.000:18.000",0.0000,"A1 actors are outside the blind-corner conflict zone"
38.1476,1,97,344,1.0000,1.0000,1.0000,1.0000,1.0000,1.0000,-17.3007,13.8396,"9.160:0.000:18.000",0.0000,"A1 actors are outside the blind-corner conflict zone"
38.2531,1,97,345,1.0000,1.0000,1.0000,1.0000,1.0000,1.0000,-17.4291,13.8736,"9.201:0.000:18.000",0.1055,"A1 actors are outside the blind-corner conflict zone"
38.3539,1,97,346,1.0000,1.0000,1.0000,1.0000,1.0000,1.0000,-17.5471,13.8902,"9.240:0.000:18.000",0.0000,"A1 actors are outside the blind-corner conflict zone"
38.4617,1,97,347,1.0000,1.0000,1.0000,1.0000,1.0000,1.0000,-17.7017,13.9173,"9.282:0.000:18.000",0.1078,"A1 actors are outside the blind-corner conflict zone"
38.5618,1,97,348,1.0000,1.0000,1.0000,1.0000,1.0000,1.0000,-17.8234,13.9512,"9.321:0.000:18.000",0.0000,"A1 actors are outside the blind-corner conflict zone"
38.6674,1,97,349,1.0000,1.0000,1.0000,1.0000,1.0000,1.0000,-17.9437,13.9873,"9.362:0.000:18.000",0.0000,"A1 actors are outside the blind-corner conflict zone"
38.7695,1,97,350,1.0000,1.0000,1.0000,1.0000,1.0000,1.0000,-18.0657,14.0227,"9.402:0.000:18.000",0.0000,"A1 actors are outside the blind-corner conflict zone"
38.8708,1,97,351,1.0000,1.0000,1.0000,1.0000,1.0000,1.0000,-18.1649,14.0576,"9.442:0.000:18.000",0.1013,"A1 actors are outside the blind-corner conflict zone"
38.9725,1,97,352,1.0000,1.0000,1.0000,1.0000,1.0000,1.0000,-18.2793,14.0885,"9.481:0.000:18.000",0.0000,"A1 actors are outside the blind-corner conflict zone"
39.0733,1,97,353,1.0000,1.0000,1.0000,1.0000,1.0000,1.0000,-18.3993,14.1097,"9.521:0.000:18.000",0.0000,"A1 actors are outside the blind-corner conflict zone"
39.1743,1,97,354,1.0000,1.0000,1.0000,1.0000,1.0000,1.0000,-18.4856,14.1333,"9.560:0.000:18.000",0.1010,"A1 actors are outside the blind-corner conflict zone"
39.2753,1,97,355,1.0000,1.0000,1.0000,1.0000,1.0000,1.0000,-18.5878,14.1598,"9.599:0.000:18.000",0.2020,"A1 actors are outside the blind-corner conflict zone"
39.3757,1,97,356,1.0000,1.0000,1.0000,1.0000,1.0000,1.0000,-18.6853,14.1941,"9.639:0.000:18.000",0.0000,"A1 actors are outside the blind-corner conflict zone"
39.4789,1,97,357,1.0000,1.0000,1.0000,1.0000,1.0000,1.0000,-18.8061,14.2412,"9.679:0.000:18.000",0.0000,"A1 actors are outside the blind-corner conflict zone"
39.5843,1,97,358,1.0000,1.0000,1.0000,1.0000,1.0000,1.0000,-18.9091,14.2980,"9.720:0.000:18.000",0.0000,"A1 actors are outside the blind-corner conflict zone"
39.6916,1,97,359,1.0000,1.0000,1.0000,1.0000,1.0000,1.0000,-19.0111,14.3698,"9.762:0.000:18.000",0.0000,"A1 actors are outside the blind-corner conflict zone"
39.7971,1,97,360,1.0000,1.0000,1.0000,1.0000,1.0000,1.0000,-19.1590,14.4537,"9.803:0.000:18.000",0.0000,"A1 actors are outside the blind-corner conflict zone"
39.8973,1,97,361,1.0000,1.0000,1.0000,1.0000,1.0000,1.0000,-19.2343,14.4924,"9.842:0.000:18.000",0.0000,"A1 actors are outside the blind-corner conflict zone"
40.0015,1,97,362,1.0000,1.0000,1.0000,1.0000,1.0000,1.0000,-19.3464,14.5425,"9.883:0.000:18.000",0.0000,"A1 actors are outside the blind-corner conflict zone"
40.1084,1,97,363,1.0000,1.0000,1.0000,1.0000,1.0000,1.0000,-19.4854,14.6054,"9.924:0.000:18.000",0.0000,"A1 actors are outside the blind-corner conflict zone"
40.2109,1,97,364,1.0000,1.0000,1.0000,1.0000,1.0000,1.0000,-19.5984,14.6526,"9.964:0.000:18.000",0.1024,"A1 actors are outside the blind-corner conflict zone"
40.3163,1,97,365,1.0000,1.0000,1.0000,1.0000,1.0000,1.0000,-19.7062,14.7053,"10.005:0.000:18.000",0.2078,"A1 actors are outside the blind-corner conflict zone"
40.4223,1,97,366,1.0000,1.0000,1.0000,1.0000,1.0000,1.0000,-19.7981,14.7671,"10.047:0.000:18.000",0.0000,"A1 actors are outside the blind-corner conflict zone"
40.5235,1,97,367,1.0000,1.0000,1.0000,1.0000,1.0000,1.0000,-19.8910,14.8355,"10.086:0.000:18.000",0.0000,"A1 actors are outside the blind-corner conflict zone"
40.6255,1,97,368,1.0000,1.0000,1.0000,1.0000,1.0000,1.0000,-19.9898,14.9104,"10.126:0.000:18.000",0.0000,"A1 actors are outside the blind-corner conflict zone"
40.7311,1,97,369,1.0000,1.0000,1.0000,1.0000,1.0000,1.0000,-20.0679,14.9803,"10.167:0.000:18.000",0.0000,"A1 actors are outside the blind-corner conflict zone"
40.8344,1,97,370,1.0000,1.0000,1.0000,1.0000,1.0000,1.0000,-20.1252,15.0315,"10.208:0.000:18.000",0.1033,"A1 actors are outside the blind-corner conflict zone"
40.9397,1,97,371,1.0000,1.0000,1.0000,1.0000,1.0000,1.0000,-20.2032,15.1242,"10.249:0.000:18.000",0.0000,"A1 actors are outside the blind-corner conflict zone"
41.0477,1,97,372,1.0000,1.0000,1.0000,1.0000,1.0000,1.0000,-20.2826,15.2400,"10.291:0.000:18.000",0.0000,"A1 actors are outside the blind-corner conflict zone"
41.1489,1,97,373,1.0000,1.0000,1.0000,1.0000,1.0000,1.0000,-20.3273,15.3251,"10.330:0.000:18.000",0.0000,"A1 actors are outside the blind-corner conflict zone"
41.2523,1,97,374,1.0000,1.0000,1.0000,1.0000,1.0000,1.0000,-20.3598,15.4120,"10.371:0.000:18.000",0.0000,"A1 actors are outside the blind-corner conflict zone"
41.3546,1,97,375,1.0000,1.0000,1.0000,1.0000,1.0000,1.0000,-20.3884,15.4979,"10.410:0.000:18.000",0.0000,"A1 actors are outside the blind-corner conflict zone"
41.4582,1,97,376,1.0000,1.0000,1.0000,1.0000,1.0000,1.0000,-20.4142,15.5783,"10.451:0.000:18.000",0.0000,"A1 actors are outside the blind-corner conflict zone"
41.5654,1,97,377,1.0000,1.0000,1.0000,1.0000,1.0000,1.0000,-20.4465,15.6836,"10.493:0.000:18.000",0.1072,"A1 actors are outside the blind-corner conflict zone"
41.6654,1,97,378,1.0000,1.0000,1.0000,1.0000,1.0000,1.0000,-20.4606,15.7552,"10.532:0.000:18.000",0.0000,"A1 actors are outside the blind-corner conflict zone"
41.7691,1,97,379,1.0000,1.0000,1.0000,1.0000,1.0000,1.0000,-20.4652,15.8423,"10.572:0.000:18.000",0.0000,"A1 actors are outside the blind-corner conflict zone"
41.8723,1,97,380,1.0000,1.0000,1.0000,1.0000,1.0000,1.0000,-20.4707,15.9598,"10.612:0.000:18.000",0.0000,"A1 actors are outside the blind-corner conflict zone"
41.9769,1,97,381,1.0000,1.0000,1.0000,1.0000,1.0000,1.0000,-20.4647,16.0809,"10.653:0.000:18.000",0.1046,"A1 actors are outside the blind-corner conflict zone"
42.0853,1,97,382,1.0000,1.0000,1.0000,1.0000,1.0000,1.0000,-20.4532,16.1657,"10.695:0.000:18.000",0.0000,"A1 actors are outside the blind-corner conflict zone"
42.1874,1,97,383,1.0000,1.0000,1.0000,1.0000,1.0000,1.0000,-20.4339,16.2791,"10.735:0.000:18.000",0.0000,"A1 actors are outside the blind-corner conflict zone"
42.2952,1,97,384,1.0000,1.0000,1.0000,1.0000,1.0000,1.0000,-20.4184,16.3815,"10.777:0.000:18.000",0.0000,"A1 actors are outside the blind-corner conflict zone"
42.3991,1,97,385,1.0000,1.0000,1.0000,1.0000,1.0000,1.0000,-20.3929,16.4981,"10.818:0.000:18.000",0.1039,"A1 actors are outside the blind-corner conflict zone"
42.5001,1,97,386,1.0000,1.0000,1.0000,1.0000,1.0000,1.0000,-20.3705,16.6108,"10.857:0.000:18.000",0.2049,"A1 actors are outside the blind-corner conflict zone"
42.6029,1,97,387,1.0000,1.0000,1.0000,1.0000,1.0000,1.0000,-20.3241,16.7609,"10.897:0.000:18.000",0.0000,"A1 actors are outside the blind-corner conflict zone"
42.7115,1,97,388,1.0000,1.0000,1.0000,1.0000,1.0000,1.0000,-20.2859,16.8874,"10.940:0.000:18.000",0.0000,"A1 actors are outside the blind-corner conflict zone"
42.8173,1,97,389,1.0000,1.0000,1.0000,1.0000,1.0000,1.0000,-20.2610,17.0109,"10.981:0.000:18.000",0.1058,"A1 actors are outside the blind-corner conflict zone"
42.9227,1,97,390,1.0000,1.0000,1.0000,1.0000,1.0000,1.0000,-20.2326,17.1556,"11.022:0.000:18.000",0.0000,"A1 actors are outside the blind-corner conflict zone"
43.0263,1,97,391,1.0000,1.0000,1.0000,1.0000,1.0000,1.0000,-20.2046,17.2875,"11.062:0.000:18.000",0.0000,"A1 actors are outside the blind-corner conflict zone"
43.1269,1,97,392,1.0000,1.0000,1.0000,1.0000,1.0000,1.0000,-20.1813,17.4105,"11.102:0.000:18.000",0.1006,"A1 actors are outside the blind-corner conflict zone"
43.2277,1,97,393,1.0000,1.0000,1.0000,1.0000,1.0000,1.0000,-20.1562,17.5412,"11.141:0.000:18.000",0.0000,"A1 actors are outside the blind-corner conflict zone"
43.3318,1,97,394,1.0000,1.0000,1.0000,1.0000,1.0000,1.0000,-20.1322,17.6634,"11.182:0.000:18.000",0.0000,"A1 actors are outside the blind-corner conflict zone"
43.4346,1,97,395,1.0000,1.0000,1.0000,1.0000,1.0000,1.0000,-20.1120,17.8241,"11.222:0.000:18.000",0.0000,"A1 actors are outside the blind-corner conflict zone"
43.4487,1,97,396,1.0000,1.0000,1.0000,1.0000,1.0000,1.0000,-20.1075,17.8545,"11.233:0.000:18.000",0.0000,"A1 actors are outside the blind-corner conflict zone"
0.1523,1,98,1,1.0000,1.0000,1.0000,1.0000,1.0000,1.0000,-24.0026,-17.1514,"15.751:0.000:18.000",0.0000,"A1 actors are outside the blind-corner conflict zone"
0.2731,1,98,2,1.0000,1.0000,1.0000,1.0000,1.0000,1.0000,-24.0028,-17.1373,"15.704:0.000:18.000",0.1208,"A1 actors are outside the blind-corner conflict zone"
0.3800,1,98,3,1.0000,1.0000,1.0000,1.0000,1.0000,1.0000,-24.0039,-17.1155,"15.662:0.000:18.000",0.2277,"A1 actors are outside the blind-corner conflict zone"
0.4865,1,98,4,1.0000,1.0000,1.0000,1.0000,1.0000,1.0000,-24.0045,-17.0488,"15.621:0.000:18.000",0.3342,"A1 actors are outside the blind-corner conflict zone"
0.6120,1,98,5,1.0000,1.0000,1.0000,1.0000,1.0000,1.0000,-24.0045,-16.9926,"15.572:0.000:18.000",0.4597,"A1 actors are outside the blind-corner conflict zone"
0.7425,1,98,6,1.0000,1.0000,1.0000,1.0000,1.0000,1.0000,-23.9953,-16.9280,"15.521:0.000:18.000",0.0000,"A1 actors are outside the blind-corner conflict zone"
0.8722,1,98,7,1.0000,1.0000,1.0000,1.0000,1.0000,1.0000,-23.9719,-16.8055,"15.470:0.000:18.000",0.1297,"A1 actors are outside the blind-corner conflict zone"
0.9734,1,98,8,1.0000,1.0000,1.0000,1.0000,1.0000,1.0000,-23.9484,-16.7093,"15.431:0.000:18.000",0.2309,"A1 actors are outside the blind-corner conflict zone"
1.0991,1,98,9,1.0000,1.0000,1.0000,1.0000,1.0000,1.0000,-23.9104,-16.5784,"15.382:0.000:18.000",0.3566,"A1 actors are outside the blind-corner conflict zone"
1.2054,1,98,10,1.0000,1.0000,1.0000,1.0000,1.0000,1.0000,-23.8781,-16.4441,"15.340:0.000:18.000",0.0000,"A1 actors are outside the blind-corner conflict zone"
1.3374,1,98,11,1.0000,1.0000,1.0000,1.0000,1.0000,1.0000,-23.8329,-16.2944,"15.289:0.000:18.000",0.1320,"A1 actors are outside the blind-corner conflict zone"
1.4719,1,98,12,1.0000,1.0000,1.0000,1.0000,1.0000,1.0000,-23.7678,-16.1226,"15.237:0.000:18.000",0.2665,"A1 actors are outside the blind-corner conflict zone"
1.6017,1,98,13,1.0000,1.0000,1.0000,1.0000,1.0000,1.0000,-23.6957,-15.9505,"15.186:0.000:18.000",0.0000,"A1 actors are outside the blind-corner conflict zone"
1.7195,1,98,14,1.0000,1.0000,1.0000,1.0000,1.0000,1.0000,-23.6304,-15.7946,"15.140:0.000:18.000",0.1178,"A1 actors are outside the blind-corner conflict zone"
1.8340,1,98,15,1.0000,1.0000,1.0000,1.0000,1.0000,1.0000,-23.5778,-15.6489,"15.095:0.000:18.000",0.0000,"A1 actors are outside the blind-corner conflict zone"
1.9502,1,98,16,1.0000,1.0000,1.0000,1.0000,1.0000,1.0000,-23.5321,-15.4764,"15.050:0.000:18.000",0.1162,"A1 actors are outside the blind-corner conflict zone"
2.0742,1,98,17,1.0000,1.0000,1.0000,1.0000,1.0000,1.0000,-23.5322,-15.3371,"15.002:0.000:18.000",0.0000,"A1 actors are outside the blind-corner conflict zone"
2.2006,1,98,18,1.0000,1.0000,1.0000,1.0000,1.0000,1.0000,-23.6250,-15.2703,"14.952:0.000:18.000",0.0000,"A1 actors are outside the blind-corner conflict zone"
2.3242,1,98,19,1.0000,1.0000,1.0000,1.0000,1.0000,1.0000,-23.6992,-15.2530,"14.904:0.000:18.000",0.0000,"A1 actors are outside the blind-corner conflict zone"
2.4374,1,98,20,1.0000,1.0000,1.0000,1.0000,1.0000,1.0000,-23.7652,-15.2501,"14.860:0.000:18.000",0.1132,"A1 actors are outside the blind-corner conflict zone"
2.5555,1,98,21,1.0000,1.0000,1.0000,1.0000,1.0000,1.0000,-23.8052,-15.2499,"14.814:0.000:18.000",0.2313,"A1 actors are outside the blind-corner conflict zone"
2.6882,1,98,22,1.0000,1.0000,1.0000,1.0000,1.0000,1.0000,-23.8502,-15.2453,"14.762:0.000:18.000",0.0000,"A1 actors are outside the blind-corner conflict zone"
2.7992,1,98,23,1.0000,1.0000,1.0000,1.0000,1.0000,1.0000,-23.8243,-15.2470,"14.719:0.000:18.000",0.1110,"A1 actors are outside the blind-corner conflict zone"
2.8997,1,98,24,1.0000,1.0000,1.0000,1.0000,1.0000,1.0000,-23.8073,-15.2475,"14.680:0.000:18.000",0.2115,"A1 actors are outside the blind-corner conflict zone"
3.0256,1,98,25,1.0000,1.0000,1.0000,1.0000,1.0000,1.0000,-23.7946,-15.2483,"14.631:0.000:18.000",0.3374,"A1 actors are outside the blind-corner conflict zone"
3.1308,1,98,26,1.0000,1.0000,1.0000,1.0000,1.0000,1.0000,-23.7796,-15.2505,"14.590:0.000:18.000",0.0000,"A1 actors are outside the blind-corner conflict zone"
3.2547,1,98,27,1.0000,1.0000,1.0000,1.0000,1.0000,1.0000,-23.7766,-15.2501,"14.541:0.000:18.000",0.1239,"A1 actors are outside the blind-corner conflict zone"
3.3733,1,98,28,1.0000,1.0000,1.0000,1.0000,1.0000,1.0000,-23.7550,-15.2517,"14.495:0.000:18.000",0.0000,"A1 actors are outside the blind-corner conflict zone"
3.5044,1,98,29,1.0000,1.0000,1.0000,1.0000,1.0000,1.0000,-23.7630,-15.2516,"14.444:0.000:18.000",0.1311,"A1 actors are outside the blind-corner conflict zone"
3.6190,1,98,30,1.0000,1.0000,1.0000,1.0000,1.0000,1.0000,-23.7522,-15.2523,"14.399:0.000:18.000",0.2457,"A1 actors are outside the blind-corner conflict zone"
3.7396,1,98,31,1.0000,1.0000,1.0000,1.0000,1.0000,1.0000,-23.7543,-15.2532,"14.352:0.000:18.000",0.3663,"A1 actors are outside the blind-corner conflict zone"
3.8506,1,98,32,1.0000,1.0000,1.0000,1.0000,1.0000,1.0000,-23.7592,-15.2535,"14.309:0.000:18.000",0.4773,"A1 actors are outside the blind-corner conflict zone"
3.9540,1,98,33,1.0000,1.0000,1.0000,1.0000,1.0000,1.0000,-23.7494,-15.2526,"14.269:0.000:18.000",0.0000,"A1 actors are outside the blind-corner conflict zone"
4.0600,1,98,34,1.0000,1.0000,1.0000,1.0000,1.0000,1.0000,-23.7464,-15.2525,"14.227:0.000:18.000",0.1061,"A1 actors are outside the blind-corner conflict zone"
4.1673,1,98,35,1.0000,1.0000,1.0000,1.0000,1.0000,1.0000,-23.7560,-15.2523,"14.185:0.000:18.000",0.0000,"A1 actors are outside the blind-corner conflict zone"
4.2675,1,98,36,1.0000,1.0000,1.0000,1.0000,1.0000,1.0000,-23.7643,-15.2515,"14.146:0.000:18.000",0.1002,"A1 actors are outside the blind-corner conflict zone"
4.3698,1,98,37,1.0000,1.0000,1.0000,1.0000,1.0000,1.0000,-23.7646,-15.2515,"14.106:0.000:18.000",0.2025,"A1 actors are outside the blind-corner conflict zone"
4.4856,1,98,38,1.0000,1.0000,1.0000,1.0000,1.0000,1.0000,-23.7704,-15.2504,"14.061:0.000:18.000",0.0000,"A1 actors are outside the blind-corner conflict zone"
4.5893,1,98,39,1.0000,1.0000,1.0000,1.0000,1.0000,1.0000,-23.7686,-15.2507,"14.021:0.000:18.000",0.1037,"A1 actors are outside the blind-corner conflict zone"
4.7013,1,98,40,1.0000,1.0000,1.0000,1.0000,1.0000,1.0000,-23.7740,-15.2492,"13.977:0.000:18.000",0.0000,"A1 actors are outside the blind-corner conflict zone"
4.8022,1,98,41,1.0000,1.0000,1.0000,1.0000,1.0000,1.0000,-23.7709,-15.2499,"13.938:0.000:18.000",0.0000,"A1 actors are outside the blind-corner conflict zone"
4.9073,1,98,42,1.0000,1.0000,1.0000,1.0000,1.0000,1.0000,-23.7650,-15.2512,"13.897:0.000:18.000",0.1051,"A1 actors are outside the blind-corner conflict zone"
5.0315,1,98,43,1.0000,1.0000,1.0000,1.0000,1.0000,1.0000,-23.7595,-15.2526,"13.848:0.000:18.000",0.2293,"A1 actors are outside the blind-corner conflict zone"
5.1316,1,98,44,1.0000,1.0000,1.0000,1.0000,1.0000,1.0000,-23.7398,-15.2579,"13.809:0.000:18.000",0.3294,"A1 actors are outside the blind-corner conflict zone"
5.2564,1,98,45,1.0000,1.0000,1.0000,1.0000,1.0000,1.0000,-23.7329,-15.2593,"13.761:0.000:18.000",0.0000,"A1 actors are outside the blind-corner conflict zone"
5.3800,1,98,46,1.0000,1.0000,1.0000,1.0000,1.0000,1.0000,-23.7186,-15.2612,"13.712:0.000:18.000",0.0000,"A1 actors are outside the blind-corner conflict zone"
5.4973,1,98,47,1.0000,1.0000,1.0000,1.0000,1.0000,1.0000,-23.7096,-15.2618,"13.667:0.000:18.000",0.0000,"A1 actors are outside the blind-corner conflict zone"
5.6139,1,98,48,1.0000,1.0000,1.0000,1.0000,1.0000,1.0000,-23.6913,-15.2632,"13.621:0.000:18.000",0.0000,"A1 actors are outside the blind-corner conflict zone"
5.7456,1,98,49,1.0000,1.0000,1.0000,1.0000,1.0000,1.0000,-23.7098,-15.2589,"13.570:0.000:18.000",0.0000,"A1 actors are outside the blind-corner conflict zone"
5.8542,1,98,50,1.0000,1.0000,1.0000,1.0000,1.0000,1.0000,-23.7032,-15.2623,"13.527:0.000:18.000",0.0000,"A1 actors are outside the blind-corner conflict zone"
5.9801,1,98,51,1.0000,1.0000,1.0000,1.0000,1.0000,1.0000,-23.7182,-15.2528,"13.478:0.000:18.000",0.0000,"A1 actors are outside the blind-corner conflict zone"
6.1066,1,98,52,1.0000,1.0000,1.0000,1.0000,1.0000,1.0000,-23.7060,-15.2622,"13.429:0.000:18.000",0.0000,"A1 actors are outside the blind-corner conflict zone"
6.2393,1,98,53,1.0000,1.0000,1.0000,1.0000,1.0000,1.0000,-23.6933,-15.2750,"13.377:0.000:18.000",0.0000,"A1 actors are outside the blind-corner conflict zone"
6.3551,1,98,54,1.0000,1.0000,1.0000,1.0000,1.0000,1.0000,-23.6892,-15.2796,"13.332:0.000:18.000",0.0000,"A1 actors are outside the blind-corner conflict zone"
6.4560,1,98,55,1.0000,1.0000,1.0000,1.0000,1.0000,1.0000,-23.6882,-15.2815,"13.293:0.000:18.000",0.0000,"A1 actors are outside the blind-corner conflict zone"
6.5793,1,98,56,1.0000,1.0000,1.0000,1.0000,1.0000,1.0000,-23.6701,-15.3043,"13.245:0.000:18.000",0.0000,"A1 actors are outside the blind-corner conflict zone"
6.6838,1,98,57,1.0000,1.0000,1.0000,1.0000,1.0000,1.0000,-23.6824,-15.2894,"13.204:0.000:18.000",0.0000,"A1 actors are outside the blind-corner conflict zone"
6.8034,1,98,58,1.0000,1.0000,1.0000,1.0000,1.0000,1.0000,-23.6963,-15.2744,"13.157:0.000:18.000",0.1195,"A1 actors are outside the blind-corner conflict zone"
6.9160,1,98,59,1.0000,1.0000,1.0000,1.0000,1.0000,1.0000,-23.6819,-15.2924,"13.113:0.000:18.000",0.2322,"A1 actors are outside the blind-corner conflict zone"
7.0405,1,98,60,1.0000,1.0000,1.0000,1.0000,1.0000,1.0000,-23.6832,-15.2906,"13.065:0.000:18.000",0.3567,"A1 actors are outside the blind-corner conflict zone"
7.1417,1,98,61,1.0000,1.0000,1.0000,1.0000,1.0000,1.0000,-23.6887,-15.2846,"13.025:0.000:18.000",0.0000,"A1 actors are outside the blind-corner conflict zone"
7.2606,1,98,62,1.0000,1.0000,1.0000,1.0000,1.0000,1.0000,-23.6888,-15.2849,"12.979:0.000:18.000",0.1189,"A1 actors are outside the blind-corner conflict zone"
7.3648,1,98,63,1.0000,1.0000,1.0000,1.0000,1.0000,1.0000,-23.6957,-15.2770,"12.938:0.000:18.000",0.0000,"A1 actors are outside the blind-corner conflict zone"
7.4940,1,98,64,1.0000,1.0000,1.0000,1.0000,1.0000,1.0000,-23.6876,-15.2852,"12.888:0.000:18.000",0.1292,"A1 actors are outside the blind-corner conflict zone"
7.6070,1,98,65,1.0000,1.0000,1.0000,1.0000,1.0000,1.0000,-23.6784,-15.2966,"12.844:0.000:18.000",0.0000,"A1 actors are outside the blind-corner conflict zone"
7.7075,1,98,66,1.0000,1.0000,1.0000,1.0000,1.0000,1.0000,-23.6975,-15.2766,"12.805:0.000:18.000",0.0000,"A1 actors are outside the blind-corner conflict zone"
7.8289,1,98,67,1.0000,1.0000,1.0000,1.0000,1.0000,1.0000,-23.6934,-15.2812,"12.757:0.000:18.000",0.0000,"A1 actors are outside the blind-corner conflict zone"
7.9410,1,98,68,1.0000,1.0000,1.0000,1.0000,1.0000,1.0000,-23.7050,-15.2621,"12.714:0.000:18.000",0.0000,"A1 actors are outside the blind-corner conflict zone"
8.0598,1,98,69,1.0000,1.0000,1.0000,1.0000,1.0000,1.0000,-23.7120,-15.2457,"12.667:0.000:18.000",0.0000,"A1 actors are outside the blind-corner conflict zone"
8.1667,1,98,70,1.0000,1.0000,1.0000,1.0000,1.0000,1.0000,-23.7241,-15.2097,"12.626:0.000:18.000",0.0000,"A1 actors are outside the blind-corner conflict zone"
8.2835,1,98,71,1.0000,1.0000,1.0000,1.0000,1.0000,1.0000,-23.7290,-15.1842,"12.580:0.000:18.000",0.1168,"A1 actors are outside the blind-corner conflict zone"
8.4143,1,98,72,1.0000,1.0000,1.0000,1.0000,1.0000,1.0000,-23.7326,-15.1264,"12.529:0.000:18.000",0.0000,"A1 actors are outside the blind-corner conflict zone"
8.5404,1,98,73,1.0000,1.0000,1.0000,1.0000,1.0000,1.0000,-23.7306,-15.0576,"12.480:0.000:18.000",0.1261,"A1 actors are outside the blind-corner conflict zone"
8.6647,1,98,74,1.0000,1.0000,1.0000,1.0000,1.0000,1.0000,-23.7194,-14.9909,"12.431:0.000:18.000",0.0000,"A1 actors are outside the blind-corner conflict zone"
8.7911,1,98,75,1.0000,1.0000,1.0000,1.0000,1.0000,1.0000,-23.7055,-14.9406,"12.382:0.000:18.000",0.1264,"A1 actors are outside the blind-corner conflict zone"
8.8932,1,98,76,1.0000,1.0000,1.0000,1.0000,1.0000,1.0000,-23.6719,-14.8673,"12.342:0.000:18.000",0.0000,"A1 actors are outside the blind-corner conflict zone"
8.9966,1,98,77,1.0000,1.0000,1.0000,1.0000,1.0000,1.0000,-23.6296,-14.8097,"12.302:0.000:18.000",0.0000,"A1 actors are outside the blind-corner conflict zone"
9.1072,1,98,78,1.0000,1.0000,1.0000,1.0000,1.0000,1.0000,-23.5515,-14.7303,"12.259:0.000:18.000",0.1106,"A1 actors are outside the blind-corner conflict zone"
9.2388,1,98,79,1.0000,1.0000,1.0000,1.0000,1.0000,1.0000,-23.4675,-14.6595,"12.207:0.000:18.000",0.0000,"A1 actors are outside the blind-corner conflict zone"
9.3546,1,98,80,1.0000,1.0000,1.0000,1.0000,1.0000,1.0000,-23.3602,-14.6118,"12.162:0.000:18.000",0.0000,"A1 actors are outside the blind-corner conflict zone"
9.4639,1,98,81,1.0000,1.0000,1.0000,1.0000,1.0000,1.0000,-23.2467,-14.5736,"12.120:0.000:18.000",0.0000,"A1 actors are outside the blind-corner conflict zone"
9.5736,1,98,82,1.0000,1.0000,1.0000,1.0000,1.0000,1.0000,-23.1406,-14.5493,"12.077:0.000:18.000",0.0000,"A1 actors are outside the blind-corner conflict zone"
9.6895,1,98,83,1.0000,1.0000,1.0000,1.0000,1.0000,1.0000,-22.9992,-14.5207,"12.032:0.000:18.000",0.0000,"A1 actors are outside the blind-corner conflict zone"
9.8167,1,98,84,1.0000,1.0000,1.0000,1.0000,1.0000,1.0000,-22.8592,-14.4957,"11.982:0.000:18.000",0.1271,"A1 actors are outside the blind-corner conflict zone"
9.9391,1,98,85,1.0000,1.0000,1.0000,1.0000,1.0000,1.0000,-22.7321,-14.4739,"11.934:0.000:18.000",0.2496,"A1 actors are outside the blind-corner conflict zone"
10.0518,1,98,86,1.0000,1.0000,1.0000,1.0000,1.0000,1.0000,-22.5814,-14.4510,"11.890:0.000:18.000",0.0000,"A1 actors are outside the blind-corner conflict zone"
10.1674,1,98,87,1.0000,1.0000,1.0000,1.0000,1.0000,1.0000,-22.4507,-14.4358,"11.845:0.000:18.000",0.0000,"A1 actors are outside the blind-corner conflict zone"
10.3033,1,98,88,1.0000,1.0000,1.0000,1.0000,1.0000,1.0000,-22.2889,-14.4336,"11.792:0.000:18.000",0.0000,"A1 actors are outside the blind-corner conflict zone"
10.4183,1,98,89,1.0000,1.0000,1.0000,1.0000,1.0000,1.0000,-22.1500,-14.4405,"11.747:0.000:18.000",0.1150,"A1 actors are outside the blind-corner conflict zone"
10.5552,1,98,90,1.0000,1.0000,1.0000,1.0000,1.0000,1.0000,-21.9942,-14.4307,"11.694:0.000:18.000",0.2519,"A1 actors are outside the blind-corner conflict zone"
10.6713,1,98,91,1.0000,1.0000,1.0000,1.0000,1.0000,1.0000,-21.8464,-14.4211,"11.649:0.000:18.000",0.0000,"A1 actors are outside the blind-corner conflict zone"
10.7873,1,98,92,1.0000,1.0000,1.0000,1.0000,1.0000,1.0000,-21.7077,-14.4143,"11.604:0.000:18.000",0.0000,"A1 actors are outside the blind-corner conflict zone"
10.9130,1,98,93,1.0000,1.0000,1.0000,1.0000,1.0000,1.0000,-21.5559,-14.4109,"11.554:0.000:18.000",0.1257,"A1 actors are outside the blind-corner conflict zone"
11.0286,1,98,94,1.0000,1.0000,1.0000,1.0000,1.0000,1.0000,-21.4309,-14.4069,"11.509:0.000:18.000",0.0000,"A1 actors are outside the blind-corner conflict zone"
11.1476,1,98,95,1.0000,1.0000,1.0000,1.0000,1.0000,1.0000,-21.2899,-14.4053,"11.463:0.000:18.000",0.0000,"A1 actors are outside the blind-corner conflict zone"
11.2729,1,98,96,1.0000,1.0000,1.0000,1.0000,1.0000,1.0000,-21.1453,-14.4044,"11.414:0.000:18.000",0.1252,"A1 actors are outside the blind-corner conflict zone"
11.4074,1,98,97,1.0000,1.0000,1.0000,1.0000,1.0000,1.0000,-20.9855,-14.4155,"11.362:0.000:18.000",0.0000,"A1 actors are outside the blind-corner conflict zone"
11.5236,1,98,98,1.0000,1.0000,1.0000,1.0000,1.0000,1.0000,-20.8525,-14.4334,"11.316:0.000:18.000",0.1162,"A1 actors are outside the blind-corner conflict zone"
11.6492,1,98,99,1.0000,1.0000,1.0000,1.0000,1.0000,1.0000,-20.6946,-14.4474,"11.267:0.000:18.000",0.0000,"A1 actors are outside the blind-corner conflict zone"
11.7723,1,98,100,1.0000,1.0000,1.0000,1.0000,1.0000,1.0000,-20.5466,-14.4610,"11.219:0.000:18.000",0.0000,"A1 actors are outside the blind-corner conflict zone"
11.9078,1,98,101,1.0000,1.0000,1.0000,1.0000,1.0000,1.0000,-20.3785,-14.4673,"11.167:0.000:18.000",0.1355,"A1 actors are outside the blind-corner conflict zone"
12.0454,1,98,102,1.0000,1.0000,1.0000,1.0000,1.0000,1.0000,-20.1942,-14.4791,"11.113:0.000:18.000",0.0000,"A1 actors are outside the blind-corner conflict zone"
12.1721,1,98,103,1.0000,1.0000,1.0000,1.0000,1.0000,1.0000,-20.0439,-14.4860,"11.063:0.000:18.000",0.1266,"A1 actors are outside the blind-corner conflict zone"
12.3042,1,98,104,1.0000,1.0000,1.0000,1.0000,1.0000,1.0000,-19.9063,-14.4868,"11.012:0.000:18.000",0.2588,"A1 actors are outside the blind-corner conflict zone"
12.4423,1,98,105,1.0000,1.0000,1.0000,1.0000,1.0000,1.0000,-19.7397,-14.4919,"10.958:0.000:18.000",0.3968,"A1 actors are outside the blind-corner conflict zone"
12.5748,1,98,106,1.0000,1.0000,1.0000,1.0000,1.0000,1.0000,-19.5871,-14.4931,"10.906:0.000:18.000",0.0000,"A1 actors are outside the blind-corner conflict zone"
12.7045,1,98,107,1.0000,1.0000,1.0000,1.0000,1.0000,1.0000,-19.4274,-14.4995,"10.856:0.000:18.000",0.0000,"A1 actors are outside the blind-corner conflict zone"
12.8360,1,98,108,1.0000,1.0000,1.0000,1.0000,1.0000,1.0000,-19.2757,-14.5151,"10.805:0.000:18.000",0.1315,"A1 actors are outside the blind-corner conflict zone"
12.9636,1,98,109,1.0000,1.0000,1.0000,1.0000,1.0000,1.0000,-19.1094,-14.5435,"10.755:0.000:18.000",0.2591,"A1 actors are outside the blind-corner conflict zone"
13.0987,1,98,110,1.0000,1.0000,1.0000,1.0000,1.0000,1.0000,-18.9784,-14.5684,"10.702:0.000:18.000",0.3942,"A1 actors are outside the blind-corner conflict zone"
13.2406,1,98,111,1.0000,1.0000,1.0000,1.0000,1.0000,1.0000,-18.8024,-14.5994,"10.647:0.000:18.000",0.0000,"A1 actors are outside the blind-corner conflict zone"
13.3837,1,98,112,1.0000,1.0000,1.0000,1.0000,1.0000,1.0000,-18.6551,-14.6197,"10.591:0.000:18.000",0.0000,"A1 actors are outside the blind-corner conflict zone"
13.5160,1,98,113,1.0000,1.0000,1.0000,1.0000,1.0000,1.0000,-18.5041,-14.6405,"10.539:0.000:18.000",0.1323,"A1 actors are outside the blind-corner conflict zone"
13.6561,1,98,114,1.0000,1.0000,1.0000,1.0000,1.0000,1.0000,-18.3629,-14.6569,"10.485:0.000:18.000",0.0000,"A1 actors are outside the blind-corner conflict zone"
13.7940,1,98,115,1.0000,1.0000,1.0000,1.0000,1.0000,1.0000,-18.2011,-14.6853,"10.431:0.000:18.000",0.0000,"A1 actors are outside the blind-corner conflict zone"
13.9470,1,98,116,1.0000,1.0000,1.0000,1.0000,1.0000,1.0000,-18.0100,-14.7293,"10.371:0.000:18.000",0.1530,"A1 actors are outside the blind-corner conflict zone"
14.0917,1,98,117,1.0000,1.0000,1.0000,1.0000,1.0000,1.0000,-17.8453,-14.7820,"10.315:0.000:18.000",0.0000,"A1 actors are outside the blind-corner conflict zone"
14.2259,1,98,118,1.0000,1.0000,1.0000,1.0000,1.0000,1.0000,-17.7039,-14.8312,"10.262:0.000:18.000",0.1342,"A1 actors are outside the blind-corner conflict zone"
14.3580,1,98,119,1.0000,1.0000,1.0000,1.0000,1.0000,1.0000,-17.5571,-14.8908,"10.211:0.000:18.000",0.2663,"A1 actors are outside the blind-corner conflict zone"
14.4887,1,98,120,1.0000,1.0000,1.0000,1.0000,1.0000,1.0000,-17.4271,-14.9425,"10.160:0.000:18.000",0.0000,"A1 actors are outside the blind-corner conflict zone"
14.5909,1,98,121,1.0000,1.0000,1.0000,1.0000,1.0000,1.0000,-17.3267,-14.9828,"10.120:0.000:18.000",0.0000,"A1 actors are outside the blind-corner conflict zone"
14.7210,1,98,122,1.0000,1.0000,1.0000,1.0000,1.0000,1.0000,-17.1809,-15.0378,"10.069:0.000:18.000",0.0000,"A1 actors are outside the blind-corner conflict zone"
14.8485,1,98,123,1.0000,1.0000,1.0000,1.0000,1.0000,1.0000,-17.0266,-15.1081,"10.020:0.000:18.000",0.0000,"A1 actors are outside the blind-corner conflict zone"
14.9963,1,98,124,1.0000,1.0000,1.0000,1.0000,1.0000,1.0000,-16.8572,-15.1796,"9.962:0.000:18.000",0.0000,"A1 actors are outside the blind-corner conflict zone"
15.1232,1,98,125,1.0000,1.0000,1.0000,1.0000,1.0000,1.0000,-16.7245,-15.2400,"9.913:0.000:18.000",0.1269,"A1 actors are outside the blind-corner conflict zone"
15.2512,1,98,126,1.0000,1.0000,1.0000,1.0000,1.0000,1.0000,-16.5900,-15.2973,"9.863:0.000:18.000",0.2549,"A1 actors are outside the blind-corner conflict zone"
15.3821,1,98,127,1.0000,1.0000,1.0000,1.0000,1.0000,1.0000,-16.4549,-15.3694,"9.812:0.000:18.000",0.3858,"A1 actors are outside the blind-corner conflict zone"
15.5194,1,98,128,1.0000,1.0000,1.0000,1.0000,1.0000,1.0000,-16.3375,-15.4367,"9.758:0.000:18.000",0.0000,"A1 actors are outside the blind-corner conflict zone"
15.6496,1,98,129,1.0000,1.0000,1.0000,1.0000,1.0000,1.0000,-16.1905,-15.5289,"9.707:0.000:18.000",0.0000,"A1 actors are outside the blind-corner conflict zone"
15.7949,1,98,130,1.0000,1.0000,1.0000,1.0000,1.0000,1.0000,-16.0377,-15.6039,"9.651:0.000:18.000",0.0000,"A1 actors are outside the blind-corner conflict zone"
15.9326,1,98,131,1.0000,1.0000,1.0000,1.0000,1.0000,1.0000,-15.8754,-15.6775,"9.597:0.000:18.000",0.1377,"A1 actors are outside the blind-corner conflict zone"
16.0726,1,98,132,1.0000,1.0000,1.0000,1.0000,1.0000,1.0000,-15.7247,-15.7358,"9.542:0.000:18.000",0.0000,"A1 actors are outside the blind-corner conflict zone"
16.2094,1,98,133,1.0000,1.0000,1.0000,1.0000,1.0000,1.0000,-15.5778,-15.7914,"9.489:0.000:18.000",0.0000,"A1 actors are outside the blind-corner conflict zone"
16.3445,1,98,134,1.0000,1.0000,1.0000,1.0000,1.0000,1.0000,-15.4400,-15.8501,"9.436:0.000:18.000",0.1351,"A1 actors are outside the blind-corner conflict zone"
16.4755,1,98,135,1.0000,1.0000,1.0000,1.0000,1.0000,1.0000,-15.2760,-15.9196,"9.385:0.000:18.000",0.0000,"A1 actors are outside the blind-corner conflict zone"
16.6151,1,98,136,1.0000,1.0000,1.0000,1.0000,1.0000,1.0000,-15.1402,-15.9892,"9.331:0.000:18.000",0.1395,"A1 actors are outside the blind-corner conflict zone"
16.7155,1,98,137,1.0000,1.0000,1.0000,1.0000,1.0000,1.0000,-15.0342,-16.0521,"9.292:0.000:18.000",0.2400,"A1 actors are outside the blind-corner conflict zone"
16.8453,1,98,138,1.0000,1.0000,1.0000,1.0000,1.0000,1.0000,-14.9141,-16.1360,"9.241:0.000:18.000",0.0000,"A1 actors are outside the blind-corner conflict zone"
16.9858,1,98,139,1.0000,1.0000,1.0000,1.0000,1.0000,1.0000,-14.7752,-16.2430,"9.186:0.000:18.000",0.1404,"A1 actors are outside the blind-corner conflict zone"
17.1201,1,98,140,1.0000,1.0000,1.0000,1.0000,1.0000,1.0000,-14.6575,-16.3310,"9.134:0.000:18.000",0.2747,"A1 actors are outside the blind-corner conflict zone"
17.2531,1,98,141,1.0000,1.0000,1.0000,1.0000,1.0000,1.0000,-14.5183,-16.4343,"9.082:0.000:18.000",0.0000,"A1 actors are outside the blind-corner conflict zone"
17.3961,1,98,142,1.0000,1.0000,1.0000,1.0000,1.0000,1.0000,-14.4078,-16.5344,"9.026:0.000:18.000",0.0000,"A1 actors are outside the blind-corner conflict zone"
17.5371,1,98,143,1.0000,1.0000,1.0000,1.0000,1.0000,1.0000,-14.2968,-16.6319,"8.971:0.000:18.000",0.0000,"A1 actors are outside the blind-corner conflict zone"
17.6576,1,98,144,1.0000,1.0000,1.0000,1.0000,1.0000,1.0000,-14.1975,-16.7215,"8.924:0.000:18.000",0.1205,"A1 actors are outside the blind-corner conflict zone"
17.7954,1,98,145,1.0000,1.0000,1.0000,1.0000,1.0000,1.0000,-14.0546,-16.8709,"8.870:0.000:18.000",0.0000,"A1 actors are outside the blind-corner conflict zone"
17.9282,1,98,146,1.0000,1.0000,1.0000,1.0000,1.0000,1.0000,-13.9508,-16.9913,"8.819:0.000:18.000",0.1329,"A1 actors are outside the blind-corner conflict zone"
18.0795,1,98,147,1.0000,1.0000,1.0000,1.0000,1.0000,1.0000,-13.8552,-17.1047,"8.760:0.000:18.000",0.0000,"A1 actors are outside the blind-corner conflict zone"
18.1799,1,98,148,1.0000,1.0000,1.0000,1.0000,1.0000,1.0000,-13.7750,-17.1910,"8.720:0.000:18.000",0.1005,"A1 actors are outside the blind-corner conflict zone"
18.2811,1,98,149,1.0000,1.0000,1.0000,1.0000,1.0000,1.0000,-13.6935,-17.2746,"8.681:0.000:18.000",0.2016,"A1 actors are outside the blind-corner conflict zone"
18.4139,1,98,150,1.0000,1.0000,1.0000,1.0000,1.0000,1.0000,-13.5795,-17.3866,"8.629:0.000:18.000",0.3345,"A1 actors are outside the blind-corner conflict zone"
18.5494,1,98,151,1.0000,1.0000,1.0000,1.0000,1.0000,1.0000,-13.4455,-17.4881,"8.576:0.000:18.000",0.0000,"A1 actors are outside the blind-corner conflict zone"
18.6879,1,98,152,1.0000,1.0000,1.0000,1.0000,1.0000,1.0000,-13.2998,-17.5810,"8.522:0.000:18.000",0.0000,"A1 actors are outside the blind-corner conflict zone"
18.8190,1,98,153,1.0000,1.0000,1.0000,1.0000,1.0000,1.0000,-13.1817,-17.6707,"8.471:0.000:18.000",0.0000,"A1 actors are outside the blind-corner conflict zone"
18.9205,1,98,154,1.0000,1.0000,1.0000,1.0000,1.0000,1.0000,-13.0955,-17.7412,"8.432:0.000:18.000",0.1015,"A1 actors are outside the blind-corner conflict zone"
19.0606,1,98,155,1.0000,1.0000,1.0000,1.0000,1.0000,1.0000,-12.9604,-17.8345,"8.377:0.000:18.000",0.0000,"A1 actors are outside the blind-corner conflict zone"
19.2015,1,98,156,1.0000,1.0000,1.0000,1.0000,1.0000,1.0000,-12.8443,-17.9120,"8.322:0.000:18.000",0.1409,"A1 actors are outside the blind-corner conflict zone"
19.3321,1,98,157,1.0000,1.0000,1.0000,1.0000,1.0000,1.0000,-12.7040,-18.0099,"8.271:0.000:18.000",0.0000,"A1 actors are outside the blind-corner conflict zone"
19.4689,1,98,158,1.0000,1.0000,1.0000,1.0000,1.0000,1.0000,-12.5705,-18.0938,"8.218:0.000:18.000",0.1368,"A1 actors are outside the blind-corner conflict zone"
19.6114,1,98,159,1.0000,1.0000,1.0000,1.0000,1.0000,1.0000,-12.4455,-18.1825,"8.162:0.000:18.000",0.2793,"A1 actors are outside the blind-corner conflict zone"
19.7442,1,98,160,1.0000,1.0000,1.0000,1.0000,1.0000,1.0000,-12.3147,-18.2938,"8.110:0.000:18.000",0.0000,"A1 actors are outside the blind-corner conflict zone"
19.8870,1,98,161,1.0000,1.0000,1.0000,1.0000,1.0000,1.0000,-12.1796,-18.4055,"8.055:0.000:18.000",0.0000,"A1 actors are outside the blind-corner conflict zone"
20.0261,1,98,162,1.0000,1.0000,1.0000,1.0000,1.0000,1.0000,-12.0483,-18.5078,"8.000:0.000:18.000",0.0000,"A1 actors are outside the blind-corner conflict zone"
20.1688,1,98,163,1.0000,1.0000,1.0000,1.0000,1.0000,1.0000,-11.9040,-18.6194,"7.945:0.000:18.000",0.1426,"A1 actors are outside the blind-corner conflict zone"
20.3080,1,98,164,1.0000,1.0000,1.0000,1.0000,1.0000,1.0000,-11.7924,-18.7015,"7.890:0.000:18.000",0.2819,"A1 actors are outside the blind-corner conflict zone"
20.4089,1,98,165,1.0000,1.0000,1.0000,1.0000,1.0000,1.0000,-11.6872,-18.7748,"7.851:0.000:18.000",0.3828,"A1 actors are outside the blind-corner conflict zone"
20.5532,1,98,166,1.0000,1.0000,1.0000,1.0000,1.0000,1.0000,-11.5526,-18.8610,"7.795:0.000:18.000",0.0000,"A1 actors are outside the blind-corner conflict zone"
20.6941,1,98,167,1.0000,1.0000,1.0000,1.0000,1.0000,1.0000,-11.4186,-18.9528,"7.740:0.000:18.000",0.1409,"A1 actors are outside the blind-corner conflict zone"
20.8334,1,98,168,1.0000,1.0000,1.0000,1.0000,1.0000,1.0000,-11.2586,-19.0748,"7.686:0.000:18.000",0.0000,"A1 actors are outside the blind-corner conflict zone"
20.9662,1,98,169,1.0000,1.0000,1.0000,1.0000,1.0000,1.0000,-11.1457,-19.1678,"7.634:0.000:18.000",0.0000,"A1 actors are outside the blind-corner conflict zone"
21.1081,1,98,170,1.0000,1.0000,1.0000,1.0000,1.0000,1.0000,-11.0326,-19.2610,"7.578:0.000:18.000",0.1419,"A1 actors are outside the blind-corner conflict zone"
21.2096,1,98,171,1.0000,1.0000,1.0000,1.0000,1.0000,1.0000,-10.9431,-19.3314,"7.539:0.000:18.000",0.2434,"A1 actors are outside the blind-corner conflict zone"
21.3218,1,98,172,1.0000,1.0000,1.0000,1.0000,1.0000,1.0000,-10.8372,-19.4165,"7.495:0.000:18.000",0.3555,"A1 actors are outside the blind-corner conflict zone"
21.4685,1,98,173,1.0000,1.0000,1.0000,1.0000,1.0000,1.0000,-10.6867,-19.5408,"7.438:0.000:18.000",0.0000,"A1 actors are outside the blind-corner conflict zone"
21.6153,1,98,174,1.0000,1.0000,1.0000,1.0000,1.0000,1.0000,-10.5507,-19.6452,"7.381:0.000:18.000",0.1468,"A1 actors are outside the blind-corner conflict zone"
21.7159,1,98,175,1.0000,1.0000,1.0000,1.0000,1.0000,1.0000,-10.4459,-19.7276,"7.341:0.000:18.000",0.0000,"A1 actors are outside the blind-corner conflict zone"
21.8607,1,98,176,1.0000,1.0000,1.0000,1.0000,1.0000,1.0000,-10.3435,-19.8154,"7.285:0.000:18.000",0.1448,"A1 actors are outside the blind-corner conflict zone"
22.0079,1,98,177,1.0000,1.0000,1.0000,1.0000,1.0000,1.0000,-10.2033,-19.9498,"7.227:0.000:18.000",0.0000,"A1 actors are outside the blind-corner conflict zone"
22.1116,1,98,178,1.0000,1.0000,1.0000,1.0000,1.0000,1.0000,-10.1249,-20.0348,"7.187:0.000:18.000",0.0000,"A1 actors are outside the blind-corner conflict zone"
22.2635,1,98,179,1.0000,1.0000,1.0000,1.0000,1.0000,1.0000,-9.9945,-20.1671,"7.128:0.000:18.000",0.1519,"A1 actors are outside the blind-corner conflict zone"
22.3695,1,98,180,1.0000,1.0000,1.0000,1.0000,1.0000,1.0000,-9.8988,-20.2583,"7.086:0.000:18.000",0.2579,"A1 actors are outside the blind-corner conflict zone"
22.5105,1,98,181,1.0000,1.0000,1.0000,1.0000,1.0000,1.0000,-9.7850,-20.3660,"7.031:0.000:18.000",0.3989,"A1 actors are outside the blind-corner conflict zone"
22.6197,1,98,182,1.0000,1.0000,1.0000,1.0000,1.0000,1.0000,-9.6803,-20.4523,"6.989:0.000:18.000",0.0000,"A1 actors are outside the blind-corner conflict zone"
22.7460,1,98,183,1.0000,1.0000,1.0000,1.0000,1.0000,1.0000,-9.5641,-20.5447,"6.940:0.000:18.000",0.1263,"A1 actors are outside the blind-corner conflict zone"
22.8491,1,98,184,1.0000,1.0000,1.0000,1.0000,1.0000,1.0000,-9.4602,-20.6238,"6.899:0.000:18.000",0.2295,"A1 actors are outside the blind-corner conflict zone"
22.9815,1,98,185,1.0000,1.0000,1.0000,1.0000,1.0000,1.0000,-9.3372,-20.7081,"6.848:0.000:18.000",0.0000,"A1 actors are outside the blind-corner conflict zone"
23.1301,1,98,186,1.0000,1.0000,1.0000,1.0000,1.0000,1.0000,-9.2021,-20.8013,"6.790:0.000:18.000",0.0000,"A1 actors are outside the blind-corner conflict zone"
23.2386,1,98,187,1.0000,1.0000,1.0000,1.0000,1.0000,1.0000,-9.0891,-20.8692,"6.747:0.000:18.000",0.1085,"A1 actors are outside the blind-corner conflict zone"
23.3387,1,98,188,1.0000,1.0000,1.0000,1.0000,1.0000,1.0000,-8.9772,-20.9396,"6.708:0.000:18.000",0.0000,"A1 actors are outside the blind-corner conflict zone"
23.4759,1,98,189,1.0000,1.0000,1.0000,1.0000,1.0000,1.0000,-8.8631,-21.0122,"6.655:0.000:18.000",0.0000,"A1 actors are outside the blind-corner conflict zone"
23.6224,1,98,190,1.0000,1.0000,1.0000,1.0000,1.0000,1.0000,-8.7075,-21.1103,"6.598:0.000:18.000",0.1465,"A1 actors are outside the blind-corner conflict zone"
23.7697,1,98,191,1.0000,1.0000,1.0000,1.0000,1.0000,1.0000,-8.5705,-21.1997,"6.540:0.000:18.000",0.2938,"A1 actors are outside the blind-corner conflict zone"
23.9147,1,98,192,1.0000,1.0000,1.0000,1.0000,1.0000,1.0000,-8.4207,-21.3096,"6.484:0.000:18.000",0.0000,"A1 actors are outside the blind-corner conflict zone"
24.0505,1,98,193,1.0000,1.0000,1.0000,1.0000,1.0000,1.0000,-8.2771,-21.4085,"6.431:0.000:18.000",0.0000,"A1 actors are outside the blind-corner conflict zone"
24.1527,1,98,194,1.0000,1.0000,1.0000,1.0000,1.0000,1.0000,-8.1768,-21.4792,"6.391:0.000:18.000",0.0000,"A1 actors are outside the blind-corner conflict zone"
24.2905,1,98,195,1.0000,1.0000,1.0000,1.0000,1.0000,1.0000,-8.0641,-21.5577,"6.337:0.000:18.000",0.1377,"A1 actors are outside the blind-corner conflict zone"
24.4394,1,98,196,1.0000,1.0000,1.0000,1.0000,1.0000,1.0000,-7.9185,-21.6662,"6.279:0.000:18.000",0.2867,"A1 actors are outside the blind-corner conflict zone"
24.5417,1,98,197,1.0000,1.0000,1.0000,1.0000,1.0000,1.0000,-7.8121,-21.7401,"6.239:0.000:18.000",0.0000,"A1 actors are outside the blind-corner conflict zone"
0.1400,1,99,1,1.0000,1.0000,1.0000,1.0000,1.0000,1.0000,-23.9969,-17.1327,"15.756:0.000:18.000",0.0000,"A1 actors are outside the blind-corner conflict zone"
0.2590,1,99,2,1.0000,1.0000,1.0000,1.0000,1.0000,1.0000,-23.9962,-17.1124,"15.710:0.000:18.000",0.1190,"A1 actors are outside the blind-corner conflict zone"
0.3803,1,99,3,1.0000,1.0000,1.0000,1.0000,1.0000,1.0000,-23.9935,-17.0727,"15.662:0.000:18.000",0.2403,"A1 actors are outside the blind-corner conflict zone"
0.4857,1,99,4,1.0000,1.0000,1.0000,1.0000,1.0000,1.0000,-23.9865,-17.0211,"15.621:0.000:18.000",0.3457,"A1 actors are outside the blind-corner conflict zone"
0.6044,1,99,5,1.0000,1.0000,1.0000,1.0000,1.0000,1.0000,-23.9748,-16.9654,"15.575:0.000:18.000",0.4643,"A1 actors are outside the blind-corner conflict zone"
0.7359,1,99,6,1.0000,1.0000,1.0000,1.0000,1.0000,1.0000,-23.9448,-16.8688,"15.524:0.000:18.000",0.0000,"A1 actors are outside the blind-corner conflict zone"
0.8633,1,99,7,1.0000,1.0000,1.0000,1.0000,1.0000,1.0000,-23.9170,-16.7842,"15.474:0.000:18.000",0.1274,"A1 actors are outside the blind-corner conflict zone"
0.9636,1,99,8,1.0000,1.0000,1.0000,1.0000,1.0000,1.0000,-23.8956,-16.6949,"15.435:0.000:18.000",0.2277,"A1 actors are outside the blind-corner conflict zone"
1.0653,1,99,9,1.0000,1.0000,1.0000,1.0000,1.0000,1.0000,-23.8763,-16.5925,"15.395:0.000:18.000",0.3294,"A1 actors are outside the blind-corner conflict zone"
1.1999,1,99,10,1.0000,1.0000,1.0000,1.0000,1.0000,1.0000,-23.8648,-16.4769,"15.343:0.000:18.000",0.0000,"A1 actors are outside the blind-corner conflict zone"
1.3280,1,99,11,1.0000,1.0000,1.0000,1.0000,1.0000,1.0000,-23.8558,-16.2947,"15.293:0.000:18.000",0.0000,"A1 actors are outside the blind-corner conflict zone"
1.4487,1,99,12,1.0000,1.0000,1.0000,1.0000,1.0000,1.0000,-23.8307,-16.1518,"15.246:0.000:18.000",0.1207,"A1 actors are outside the blind-corner conflict zone"
1.5775,1,99,13,1.0000,1.0000,1.0000,1.0000,1.0000,1.0000,-23.7980,-15.9738,"15.195:0.000:18.000",0.2495,"A1 actors are outside the blind-corner conflict zone"
1.6973,1,99,14,1.0000,1.0000,1.0000,1.0000,1.0000,1.0000,-23.7513,-15.8200,"15.149:0.000:18.000",0.0000,"A1 actors are outside the blind-corner conflict zone"
1.8277,1,99,15,1.0000,1.0000,1.0000,1.0000,1.0000,1.0000,-23.6922,-15.6380,"15.098:0.000:18.000",0.0000,"A1 actors are outside the blind-corner conflict zone"
1.9289,1,99,16,1.0000,1.0000,1.0000,1.0000,1.0000,1.0000,-23.6502,-15.4848,"15.058:0.000:18.000",0.1012,"A1 actors are outside the blind-corner conflict zone"
2.0648,1,99,17,1.0000,1.0000,1.0000,0.2000,1.0000,0.8800,-23.6332,-15.3071,"15.005:0.000:18.000",0.0000,"A1 actors are outside the blind-corner conflict zone"
2.1655,1,99,18,1.0000,1.0000,1.0000,1.0000,1.0000,1.0000,-23.7152,-15.2326,"14.966:0.000:18.000",0.0000,"A1 actors are outside the blind-corner conflict zone"
2.2800,1,99,19,1.0000,1.0000,1.0000,1.0000,1.0000,1.0000,-23.7942,-15.2089,"14.921:0.000:18.000",0.0000,"A1 actors are outside the blind-corner conflict zone"
2.3815,1,99,20,1.0000,1.0000,1.0000,1.0000,1.0000,1.0000,-23.8546,-15.2097,"14.882:0.000:18.000",0.0000,"A1 actors are outside the blind-corner conflict zone"
2.4834,1,99,21,1.0000,1.0000,1.0000,1.0000,1.0000,1.0000,-23.9015,-15.2150,"14.842:0.000:18.000",0.1019,"A1 actors are outside the blind-corner conflict zone"
2.6118,1,99,22,1.0000,1.0000,1.0000,1.0000,1.0000,1.0000,-23.9115,-15.2144,"14.792:0.000:18.000",0.0000,"A1 actors are outside the blind-corner conflict zone"
2.7309,1,99,23,1.0000,1.0000,1.0000,1.0000,1.0000,1.0000,-23.9026,-15.2152,"14.746:0.000:18.000",0.1191,"A1 actors are outside the blind-corner conflict zone"
2.8560,1,99,24,1.0000,1.0000,1.0000,1.0000,1.0000,1.0000,-23.9002,-15.2158,"14.697:0.000:18.000",0.2442,"A1 actors are outside the blind-corner conflict zone"
2.9678,1,99,25,1.0000,1.0000,1.0000,1.0000,1.0000,1.0000,-23.9031,-15.2152,"14.653:0.000:18.000",0.3560,"A1 actors are outside the blind-corner conflict zone"
3.0754,1,99,26,1.0000,1.0000,1.0000,1.0000,1.0000,1.0000,-23.9106,-15.2149,"14.611:0.000:18.000",0.4636,"A1 actors are outside the blind-corner conflict zone"
3.2006,1,99,27,1.0000,1.0000,1.0000,1.0000,1.0000,1.0000,-23.8978,-15.2161,"14.562:0.000:18.000",0.5888,"A1 actors are outside the blind-corner conflict zone"
3.3177,1,99,28,1.0000,1.0000,1.0000,1.0000,1.0000,1.0000,-23.8879,-15.2183,"14.517:0.000:18.000",0.7059,"A1 actors are outside the blind-corner conflict zone"
3.4465,1,99,29,1.0000,1.0000,1.0000,1.0000,1.0000,1.0000,-23.8604,-15.2263,"14.466:0.000:18.000",0.0000,"A1 actors are outside the blind-corner conflict zone"
3.5690,1,99,30,1.0000,1.0000,1.0000,1.0000,1.0000,1.0000,-23.8514,-15.2291,"14.419:0.000:18.000",0.1225,"A1 actors are outside the blind-corner conflict zone"
3.6960,1,99,31,1.0000,1.0000,1.0000,1.0000,1.0000,1.0000,-23.8462,-15.2310,"14.369:0.000:18.000",0.2495,"A1 actors are outside the blind-corner conflict zone"
3.8128,1,99,32,1.0000,1.0000,1.0000,1.0000,1.0000,1.0000,-23.8347,-15.2346,"14.324:0.000:18.000",0.3663,"A1 actors are outside the blind-corner conflict zone"
3.9406,1,99,33,1.0000,1.0000,1.0000,1.0000,1.0000,1.0000,-23.8143,-15.2433,"14.274:0.000:18.000",0.0000,"A1 actors are outside the blind-corner conflict zone"
4.0563,1,99,34,1.0000,1.0000,1.0000,1.0000,1.0000,1.0000,-23.8359,-15.2354,"14.229:0.000:18.000",0.0000,"A1 actors are outside the blind-corner conflict zone"
4.1854,1,99,35,1.0000,1.0000,1.0000,1.0000,1.0000,1.0000,-23.8289,-15.2382,"14.178:0.000:18.000",0.1290,"A1 actors are outside the blind-corner conflict zone"
4.3106,1,99,36,1.0000,1.0000,1.0000,1.0000,1.0000,1.0000,-23.8367,-15.2350,"14.129:0.000:18.000",0.2543,"A1 actors are outside the blind-corner conflict zone"
4.4184,1,99,37,1.0000,1.0000,1.0000,1.0000,1.0000,1.0000,-23.8392,-15.2342,"14.087:0.000:18.000",0.3620,"A1 actors are outside the blind-corner conflict zone"
4.6917,1,99,38,1.0000,1.0000,1.0000,1.0000,1.0000,1.0000,-23.8417,-15.2335,"13.981:0.000:18.000",0.0000,"A1 actors are outside the blind-corner conflict zone"
4.8124,1,99,39,1.0000,1.0000,1.0000,1.0000,1.0000,1.0000,-23.8236,-15.2398,"13.934:0.000:18.000",0.0000,"A1 actors are outside the blind-corner conflict zone"
4.9548,1,99,40,1.0000,1.0000,1.0000,1.0000,1.0000,1.0000,-23.8258,-15.2393,"13.878:0.000:18.000",0.1424,"A1 actors are outside the blind-corner conflict zone"
5.1050,1,99,41,1.0000,1.0000,1.0000,1.0000,1.0000,1.0000,-23.8318,-15.2370,"13.820:0.000:18.000",0.2927,"A1 actors are outside the blind-corner conflict zone"
5.2169,1,99,42,1.0000,1.0000,1.0000,1.0000,1.0000,1.0000,-23.8418,-15.2342,"13.776:0.000:18.000",0.0000,"A1 actors are outside the blind-corner conflict zone"
5.3623,1,99,43,1.0000,1.0000,1.0000,1.0000,1.0000,1.0000,-23.8388,-15.2351,"13.719:0.000:18.000",0.1455,"A1 actors are outside the blind-corner conflict zone"
5.5123,1,99,44,1.0000,1.0000,1.0000,1.0000,1.0000,1.0000,-23.8414,-15.2341,"13.661:0.000:18.000",0.0000,"A1 actors are outside the blind-corner conflict zone"
5.6541,1,99,45,1.0000,1.0000,1.0000,1.0000,1.0000,1.0000,-23.8444,-15.2333,"13.606:0.000:18.000",0.0000,"A1 actors are outside the blind-corner conflict zone"
5.7596,1,99,46,1.0000,1.0000,1.0000,1.0000,1.0000,1.0000,-23.8291,-15.2377,"13.564:0.000:18.000",0.1055,"A1 actors are outside the blind-corner conflict zone"
5.8983,1,99,47,1.0000,1.0000,1.0000,1.0000,1.0000,1.0000,-23.8234,-15.2398,"13.510:0.000:18.000",0.0000,"A1 actors are outside the blind-corner conflict zone"
6.0374,1,99,48,1.0000,1.0000,1.0000,1.0000,1.0000,1.0000,-23.8217,-15.2399,"13.456:0.000:18.000",0.0000,"A1 actors are outside the blind-corner conflict zone"
6.1777,1,99,49,1.0000,1.0000,1.0000,1.0000,1.0000,1.0000,-23.8268,-15.2386,"13.401:0.000:18.000",0.1403,"A1 actors are outside the blind-corner conflict zone"
6.2833,1,99,50,1.0000,1.0000,1.0000,1.0000,1.0000,1.0000,-23.8293,-15.2379,"13.360:0.000:18.000",0.2459,"A1 actors are outside the blind-corner conflict zone"
6.4163,1,99,51,1.0000,1.0000,1.0000,1.0000,1.0000,1.0000,-23.8165,-15.2423,"13.308:0.000:18.000",0.0000,"A1 actors are outside the blind-corner conflict zone"
6.5215,1,99,52,1.0000,1.0000,1.0000,1.0000,1.0000,1.0000,-23.8140,-15.2432,"13.267:0.000:18.000",0.1052,"A1 actors are outside the blind-corner conflict zone"
6.6621,1,99,53,1.0000,1.0000,1.0000,1.0000,1.0000,1.0000,-23.8078,-15.2451,"13.212:0.000:18.000",0.0000,"A1 actors are outside the blind-corner conflict zone"
6.8108,1,99,54,1.0000,1.0000,1.0000,1.0000,1.0000,1.0000,-23.8058,-15.2459,"13.154:0.000:18.000",0.1487,"A1 actors are outside the blind-corner conflict zone"
6.9224,1,99,55,1.0000,1.0000,1.0000,1.0000,1.0000,1.0000,-23.8065,-15.2457,"13.111:0.000:18.000",0.2603,"A1 actors are outside the blind-corner conflict zone"
7.0258,1,99,56,1.0000,1.0000,1.0000,1.0000,1.0000,1.0000,-23.8239,-15.2429,"13.071:0.000:18.000",0.0000,"A1 actors are outside the blind-corner conflict zone"
7.1337,1,99,57,1.0000,1.0000,1.0000,1.0000,1.0000,1.0000,-23.8120,-15.2452,"13.028:0.000:18.000",0.0000,"A1 actors are outside the blind-corner conflict zone"
7.2798,1,99,58,1.0000,1.0000,1.0000,1.0000,1.0000,1.0000,-23.8284,-15.2419,"12.971:0.000:18.000",0.0000,"A1 actors are outside the blind-corner conflict zone"
7.3900,1,99,59,1.0000,1.0000,1.0000,1.0000,1.0000,1.0000,-23.8337,-15.2410,"12.929:0.000:18.000",0.1102,"A1 actors are outside the blind-corner conflict zone"
7.4927,1,99,60,1.0000,1.0000,1.0000,1.0000,1.0000,1.0000,-23.8187,-15.2433,"12.888:0.000:18.000",0.2129,"A1 actors are outside the blind-corner conflict zone"
7.6267,1,99,61,1.0000,1.0000,1.0000,1.0000,1.0000,1.0000,-23.8144,-15.2436,"12.836:0.000:18.000",0.0000,"A1 actors are outside the blind-corner conflict zone"
7.7831,1,99,62,1.0000,1.0000,1.0000,1.0000,1.0000,1.0000,-23.8031,-15.2453,"12.775:0.000:18.000",0.1565,"A1 actors are outside the blind-corner conflict zone"
7.8860,1,99,63,1.0000,1.0000,1.0000,1.0000,1.0000,1.0000,-23.8006,-15.2455,"12.735:0.000:18.000",0.0000,"A1 actors are outside the blind-corner conflict zone"
8.0061,1,99,64,1.0000,1.0000,1.0000,1.0000,1.0000,1.0000,-23.7962,-15.2456,"12.688:0.000:18.000",0.0000,"A1 actors are outside the blind-corner conflict zone"
8.1179,1,99,65,1.0000,1.0000,1.0000,1.0000,1.0000,1.0000,-23.8147,-15.2419,"12.645:0.000:18.000",0.0000,"A1 actors are outside the blind-corner conflict zone"
8.2618,1,99,66,1.0000,1.0000,1.0000,1.0000,1.0000,1.0000,-23.8211,-15.2400,"12.589:0.000:18.000",0.1438,"A1 actors are outside the blind-corner conflict zone"
8.4119,1,99,67,1.0000,1.0000,1.0000,1.0000,1.0000,1.0000,-23.8639,-15.2205,"12.530:0.000:18.000",0.0000,"A1 actors are outside the blind-corner conflict zone"
8.5221,1,99,68,1.0000,1.0000,1.0000,1.0000,1.0000,1.0000,-23.8856,-15.2028,"12.487:0.000:18.000",0.0000,"A1 actors are outside the blind-corner conflict zone"
8.6701,1,99,69,1.0000,1.0000,1.0000,1.0000,1.0000,1.0000,-23.9168,-15.1700,"12.429:0.000:18.000",0.0000,"A1 actors are outside the blind-corner conflict zone"
8.8117,1,99,70,1.0000,1.0000,1.0000,1.0000,1.0000,1.0000,-23.9545,-15.1165,"12.374:0.000:18.000",0.0000,"A1 actors are outside the blind-corner conflict zone"
8.9526,1,99,71,1.0000,1.0000,1.0000,1.0000,1.0000,1.0000,-23.9931,-15.0382,"12.319:0.000:18.000",0.0000,"A1 actors are outside the blind-corner conflict zone"
9.1036,1,99,72,1.0000,1.0000,1.0000,1.0000,1.0000,1.0000,-24.0289,-14.9419,"12.260:0.000:18.000",0.1510,"A1 actors are outside the blind-corner conflict zone"
9.2290,1,99,73,1.0000,1.0000,1.0000,1.0000,1.0000,1.0000,-24.0371,-14.8551,"12.211:0.000:18.000",0.0000,"A1 actors are outside the blind-corner conflict zone"
9.3403,1,99,74,1.0000,1.0000,1.0000,1.0000,1.0000,1.0000,-24.0276,-14.7709,"12.168:0.000:18.000",0.0000,"A1 actors are outside the blind-corner conflict zone"
9.4811,1,99,75,1.0000,1.0000,1.0000,1.0000,1.0000,1.0000,-23.9937,-14.6607,"12.113:0.000:18.000",0.0000,"A1 actors are outside the blind-corner conflict zone"
9.6257,1,99,76,1.0000,1.0000,1.0000,1.0000,1.0000,1.0000,-23.9161,-14.5306,"12.057:0.000:18.000",0.0000,"A1 actors are outside the blind-corner conflict zone"
9.7477,1,99,77,1.0000,1.0000,1.0000,1.0000,1.0000,1.0000,-23.8228,-14.4135,"12.009:0.000:18.000",0.0000,"A1 actors are outside the blind-corner conflict zone"
9.8845,1,99,78,1.0000,1.0000,1.0000,1.0000,1.0000,1.0000,-23.7102,-14.2782,"11.956:0.000:18.000",0.1368,"A1 actors are outside the blind-corner conflict zone"
9.9894,1,99,79,1.0000,1.0000,1.0000,1.0000,1.0000,1.0000,-23.6275,-14.1873,"11.915:0.000:18.000",0.0000,"A1 actors are outside the blind-corner conflict zone"
10.0958,1,99,80,1.0000,1.0000,1.0000,1.0000,1.0000,1.0000,-23.5265,-14.0983,"11.873:0.000:18.000",0.1064,"A1 actors are outside the blind-corner conflict zone"
10.1964,1,99,81,1.0000,1.0000,1.0000,1.0000,1.0000,1.0000,-23.4462,-14.0256,"11.834:0.000:18.000",0.0000,"A1 actors are outside the blind-corner conflict zone"
10.3442,1,99,82,1.0000,1.0000,1.0000,1.0000,1.0000,1.0000,-23.3041,-13.9152,"11.776:0.000:18.000",0.1478,"A1 actors are outside the blind-corner conflict zone"
10.4539,1,99,83,1.0000,1.0000,1.0000,1.0000,1.0000,1.0000,-23.1924,-13.8380,"11.734:0.000:18.000",0.2575,"A1 actors are outside the blind-corner conflict zone"
10.5718,1,99,84,1.0000,1.0000,1.0000,1.0000,1.0000,1.0000,-23.0850,-13.7546,"11.688:0.000:18.000",0.0000,"A1 actors are outside the blind-corner conflict zone"
10.6791,1,99,85,1.0000,1.0000,1.0000,1.0000,1.0000,1.0000,-23.0040,-13.6855,"11.646:0.000:18.000",0.0000,"A1 actors are outside the blind-corner conflict zone"
10.7841,1,99,86,1.0000,1.0000,1.0000,1.0000,1.0000,1.0000,-22.9032,-13.6163,"11.605:0.000:18.000",0.1051,"A1 actors are outside the blind-corner conflict zone"
10.9111,1,99,87,1.0000,1.0000,1.0000,1.0000,1.0000,1.0000,-22.7749,-13.5399,"11.555:0.000:18.000",0.0000,"A1 actors are outside the blind-corner conflict zone"
11.0570,1,99,88,1.0000,1.0000,1.0000,1.0000,1.0000,1.0000,-22.6377,-13.4491,"11.498:0.000:18.000",0.1459,"A1 actors are outside the blind-corner conflict zone"
11.1583,1,99,89,1.0000,1.0000,1.0000,1.0000,1.0000,1.0000,-22.5337,-13.3748,"11.459:0.000:18.000",0.0000,"A1 actors are outside the blind-corner conflict zone"
11.2918,1,99,90,1.0000,1.0000,1.0000,1.0000,1.0000,1.0000,-22.4134,-13.2824,"11.407:0.000:18.000",0.1336,"A1 actors are outside the blind-corner conflict zone"
11.4285,1,99,91,1.0000,1.0000,1.0000,1.0000,1.0000,1.0000,-22.2815,-13.1840,"11.354:0.000:18.000",0.2702,"A1 actors are outside the blind-corner conflict zone"
11.5705,1,99,92,1.0000,1.0000,1.0000,1.0000,1.0000,1.0000,-22.1424,-13.0803,"11.298:0.000:18.000",0.0000,"A1 actors are outside the blind-corner conflict zone"
11.7018,1,99,93,1.0000,1.0000,1.0000,1.0000,1.0000,1.0000,-22.0148,-12.9944,"11.247:0.000:18.000",0.0000,"A1 actors are outside the blind-corner conflict zone"
11.8403,1,99,94,1.0000,1.0000,1.0000,1.0000,1.0000,1.0000,-21.8694,-12.8962,"11.193:0.000:18.000",0.1385,"A1 actors are outside the blind-corner conflict zone"
11.9869,1,99,95,1.0000,1.0000,1.0000,1.0000,1.0000,1.0000,-21.7337,-12.7894,"11.136:0.000:18.000",0.0000,"A1 actors are outside the blind-corner conflict zone"
12.1181,1,99,96,1.0000,1.0000,1.0000,1.0000,1.0000,1.0000,-21.6095,-12.6892,"11.085:0.000:18.000",0.0000,"A1 actors are outside the blind-corner conflict zone"
12.2459,1,99,97,1.0000,1.0000,1.0000,1.0000,1.0000,1.0000,-21.5032,-12.6038,"11.035:0.000:18.000",0.1277,"A1 actors are outside the blind-corner conflict zone"
12.3671,1,99,98,1.0000,1.0000,1.0000,1.0000,1.0000,1.0000,-21.3620,-12.5020,"10.987:0.000:18.000",0.0000,"A1 actors are outside the blind-corner conflict zone"
12.4977,1,99,99,1.0000,1.0000,1.0000,1.0000,1.0000,1.0000,-21.2438,-12.4230,"10.937:0.000:18.000",0.0000,"A1 actors are outside the blind-corner conflict zone"
12.5979,1,99,100,1.0000,1.0000,1.0000,1.0000,1.0000,1.0000,-21.1491,-12.3666,"10.897:0.000:18.000",0.0000,"A1 actors are outside the blind-corner conflict zone"
12.7320,1,99,101,1.0000,1.0000,1.0000,1.0000,1.0000,1.0000,-21.0273,-12.2952,"10.845:0.000:18.000",0.1340,"A1 actors are outside the blind-corner conflict zone"
12.8641,1,99,102,1.0000,1.0000,1.0000,1.0000,1.0000,1.0000,-20.8896,-12.2265,"10.794:0.000:18.000",0.0000,"A1 actors are outside the blind-corner conflict zone"
13.0035,1,99,103,1.0000,1.0000,1.0000,1.0000,1.0000,1.0000,-20.7578,-12.1605,"10.739:0.000:18.000",0.1394,"A1 actors are outside the blind-corner conflict zone"
13.1215,1,99,104,1.0000,1.0000,1.0000,1.0000,1.0000,1.0000,-20.6337,-12.0984,"10.693:0.000:18.000",0.2574,"A1 actors are outside the blind-corner conflict zone"
13.2471,1,99,105,1.0000,1.0000,1.0000,1.0000,1.0000,1.0000,-20.5015,-12.0302,"10.644:0.000:18.000",0.0000,"A1 actors are outside the blind-corner conflict zone"
13.3734,1,99,106,1.0000,1.0000,1.0000,1.0000,1.0000,1.0000,-20.3598,-11.9639,"10.595:0.000:18.000",0.0000,"A1 actors are outside the blind-corner conflict zone"
13.5088,1,99,107,1.0000,1.0000,1.0000,1.0000,1.0000,1.0000,-20.1959,-11.8993,"10.542:0.000:18.000",0.1353,"A1 actors are outside the blind-corner conflict zone"
13.6317,1,99,108,1.0000,1.0000,1.0000,1.0000,1.0000,1.0000,-20.0474,-11.8366,"10.494:0.000:18.000",0.0000,"A1 actors are outside the blind-corner conflict zone"
13.7656,1,99,109,1.0000,1.0000,1.0000,1.0000,1.0000,1.0000,-19.8966,-11.7739,"10.442:0.000:18.000",0.1340,"A1 actors are outside the blind-corner conflict zone"
13.8897,1,99,110,1.0000,1.0000,1.0000,1.0000,1.0000,1.0000,-19.7523,-11.7136,"10.394:0.000:18.000",0.2581,"A1 actors are outside the blind-corner conflict zone"
13.9921,1,99,111,1.0000,1.0000,1.0000,1.0000,1.0000,1.0000,-19.6437,-11.6730,"10.354:0.000:18.000",0.0000,"A1 actors are outside the blind-corner conflict zone"
14.1164,1,99,112,1.0000,1.0000,1.0000,1.0000,1.0000,1.0000,-19.5169,-11.6284,"10.305:0.000:18.000",0.0000,"A1 actors are outside the blind-corner conflict zone"
14.2421,1,99,113,1.0000,1.0000,1.0000,1.0000,1.0000,1.0000,-19.3733,-11.5662,"10.256:0.000:18.000",0.1257,"A1 actors are outside the blind-corner conflict zone"
14.3567,1,99,114,1.0000,1.0000,1.0000,1.0000,1.0000,1.0000,-19.2484,-11.5075,"10.212:0.000:18.000",0.2404,"A1 actors are outside the blind-corner conflict zone"
14.4852,1,99,115,1.0000,1.0000,1.0000,1.0000,1.0000,1.0000,-19.1170,-11.4662,"10.161:0.000:18.000",0.3689,"A1 actors are outside the blind-corner conflict zone"
14.5927,1,99,116,1.0000,1.0000,1.0000,1.0000,1.0000,1.0000,-18.9803,-11.4247,"10.119:0.000:18.000",0.0000,"A1 actors are outside the blind-corner conflict zone"
14.6991,1,99,117,1.0000,1.0000,1.0000,1.0000,1.0000,1.0000,-18.8757,-11.3924,"10.078:0.000:18.000",0.0000,"A1 actors are outside the blind-corner conflict zone"
14.8047,1,99,118,1.0000,1.0000,1.0000,1.0000,1.0000,1.0000,-18.7637,-11.3636,"10.037:0.000:18.000",0.0000,"A1 actors are outside the blind-corner conflict zone"
14.9058,1,99,119,1.0000,1.0000,1.0000,1.0000,1.0000,1.0000,-18.6144,-11.3400,"9.997:0.000:18.000",0.0000,"A1 actors are outside the blind-corner conflict zone"
15.0373,1,99,120,1.0000,1.0000,1.0000,1.0000,1.0000,1.0000,-18.4479,-11.3262,"9.946:0.000:18.000",0.0000,"A1 actors are outside the blind-corner conflict zone"
15.1577,1,99,121,1.0000,1.0000,1.0000,1.0000,1.0000,1.0000,-18.3088,-11.3063,"9.899:0.000:18.000",0.1203,"A1 actors are outside the blind-corner conflict zone"
15.2630,1,99,122,1.0000,1.0000,1.0000,1.0000,1.0000,1.0000,-18.1835,-11.2928,"9.858:0.000:18.000",0.2257,"A1 actors are outside the blind-corner conflict zone"
15.3696,1,99,123,1.0000,1.0000,1.0000,1.0000,1.0000,1.0000,-18.0690,-11.3021,"9.816:0.000:18.000",0.3322,"A1 actors are outside the blind-corner conflict zone"
15.4771,1,99,124,1.0000,1.0000,1.0000,1.0000,1.0000,1.0000,-17.9529,-11.3190,"9.775:0.000:18.000",0.0000,"A1 actors are outside the blind-corner conflict zone"
15.5840,1,99,125,1.0000,1.0000,1.0000,1.0000,1.0000,1.0000,-17.8187,-11.3541,"9.733:0.000:18.000",0.0000,"A1 actors are outside the blind-corner conflict zone"
15.6866,1,99,126,1.0000,1.0000,1.0000,1.0000,1.0000,1.0000,-17.6867,-11.3988,"9.693:0.000:18.000",0.1026,"A1 actors are outside the blind-corner conflict zone"
15.7885,1,99,127,1.0000,1.0000,1.0000,1.0000,1.0000,1.0000,-17.5673,-11.4490,"9.653:0.000:18.000",0.0000,"A1 actors are outside the blind-corner conflict zone"
15.8944,1,99,128,1.0000,1.0000,1.0000,1.0000,1.0000,1.0000,-17.4381,-11.5010,"9.612:0.000:18.000",0.1059,"A1 actors are outside the blind-corner conflict zone"
16.0011,1,99,129,1.0000,1.0000,1.0000,1.0000,1.0000,1.0000,-17.3012,-11.5405,"9.570:0.000:18.000",0.0000,"A1 actors are outside the blind-corner conflict zone"
16.1046,1,99,130,1.0000,1.0000,1.0000,1.0000,1.0000,1.0000,-17.1893,-11.5712,"9.530:0.000:18.000",0.1035,"A1 actors are outside the blind-corner conflict zone"
16.2085,1,99,131,1.0000,1.0000,1.0000,1.0000,1.0000,1.0000,-17.0528,-11.6174,"9.489:0.000:18.000",0.0000,"A1 actors are outside the blind-corner conflict zone"
16.3139,1,99,132,1.0000,1.0000,1.0000,1.0000,1.0000,1.0000,-16.9346,-11.6580,"9.448:0.000:18.000",0.1054,"A1 actors are outside the blind-corner conflict zone"
16.4156,1,99,133,1.0000,1.0000,1.0000,1.0000,1.0000,1.0000,-16.7953,-11.7043,"9.409:0.000:18.000",0.2071,"A1 actors are outside the blind-corner conflict zone"
16.5193,1,99,134,1.0000,1.0000,1.0000,1.0000,1.0000,1.0000,-16.6914,-11.7348,"9.368:0.000:18.000",0.3108,"A1 actors are outside the blind-corner conflict zone"
16.6250,1,99,135,1.0000,1.0000,1.0000,1.0000,1.0000,1.0000,-16.5583,-11.7846,"9.327:0.000:18.000",0.0000,"A1 actors are outside the blind-corner conflict zone"
16.7259,1,99,136,1.0000,1.0000,1.0000,1.0000,1.0000,1.0000,-16.4459,-11.8251,"9.288:0.000:18.000",0.1008,"A1 actors are outside the blind-corner conflict zone"
16.8335,1,99,137,1.0000,1.0000,1.0000,1.0000,1.0000,1.0000,-16.3176,-11.8555,"9.246:0.000:18.000",0.2084,"A1 actors are outside the blind-corner conflict zone"
16.9368,1,99,138,1.0000,1.0000,1.0000,1.0000,1.0000,1.0000,-16.1738,-11.8861,"9.205:0.000:18.000",0.0000,"A1 actors are outside the blind-corner conflict zone"
17.0434,1,99,139,1.0000,1.0000,1.0000,1.0000,1.0000,1.0000,-16.0536,-11.9140,"9.164:0.000:18.000",0.1067,"A1 actors are outside the blind-corner conflict zone"
17.1479,1,99,140,1.0000,1.0000,1.0000,1.0000,1.0000,1.0000,-15.9336,-11.9431,"9.123:0.000:18.000",0.0000,"A1 actors are outside the blind-corner conflict zone"
17.2500,1,99,141,1.0000,1.0000,1.0000,1.0000,1.0000,1.0000,-15.8275,-11.9728,"9.083:0.000:18.000",0.1021,"A1 actors are outside the blind-corner conflict zone"
17.3610,1,99,142,1.0000,1.0000,1.0000,1.0000,1.0000,1.0000,-15.7153,-12.0106,"9.040:0.000:18.000",0.0000,"A1 actors are outside the blind-corner conflict zone"
17.4677,1,99,143,1.0000,1.0000,1.0000,1.0000,1.0000,1.0000,-15.6039,-12.0543,"8.998:0.000:18.000",0.1068,"A1 actors are outside the blind-corner conflict zone"
17.5750,1,99,144,1.0000,1.0000,1.0000,1.0000,1.0000,1.0000,-15.4842,-12.0977,"8.956:0.000:18.000",0.0000,"A1 actors are outside the blind-corner conflict zone"
17.6766,1,99,145,1.0000,1.0000,1.0000,1.0000,1.0000,1.0000,-15.3703,-12.1420,"8.917:0.000:18.000",0.0000,"A1 actors are outside the blind-corner conflict zone"
17.7820,1,99,146,1.0000,1.0000,1.0000,1.0000,1.0000,1.0000,-15.2522,-12.1901,"8.876:0.000:18.000",0.1055,"A1 actors are outside the blind-corner conflict zone"
17.8868,1,99,147,1.0000,1.0000,1.0000,1.0000,1.0000,1.0000,-15.1592,-12.2273,"8.835:0.000:18.000",0.0000,"A1 actors are outside the blind-corner conflict zone"
17.9892,1,99,148,1.0000,1.0000,1.0000,1.0000,1.0000,1.0000,-15.0413,-12.2812,"8.795:0.000:18.000",0.0000,"A1 actors are outside the blind-corner conflict zone"
18.0968,1,99,149,1.0000,1.0000,1.0000,1.0000,1.0000,1.0000,-14.9082,-12.3376,"8.753:0.000:18.000",0.0000,"A1 actors are outside the blind-corner conflict zone"
18.2005,1,99,150,1.0000,1.0000,1.0000,1.0000,1.0000,1.0000,-14.7893,-12.4066,"8.712:0.000:18.000",0.1037,"A1 actors are outside the blind-corner conflict zone"
18.3040,1,99,151,1.0000,1.0000,1.0000,1.0000,1.0000,1.0000,-14.6889,-12.4676,"8.672:0.000:18.000",0.0000,"A1 actors are outside the blind-corner conflict zone"
18.4107,1,99,152,1.0000,1.0000,1.0000,1.0000,1.0000,1.0000,-14.5934,-12.5360,"8.630:0.000:18.000",0.0000,"A1 actors are outside the blind-corner conflict zone"
18.5128,1,99,153,1.0000,1.0000,1.0000,1.0000,1.0000,1.0000,-14.4893,-12.5947,"8.591:0.000:18.000",0.0000,"A1 actors are outside the blind-corner conflict zone"
18.6181,1,99,154,1.0000,1.0000,1.0000,1.0000,1.0000,1.0000,-14.3796,-12.6605,"8.550:0.000:18.000",0.0000,"A1 actors are outside the blind-corner conflict zone"
18.7222,1,99,155,1.0000,1.0000,1.0000,1.0000,1.0000,1.0000,-14.2623,-12.7412,"8.509:0.000:18.000",0.0000,"A1 actors are outside the blind-corner conflict zone"
18.8258,1,99,156,1.0000,1.0000,1.0000,1.0000,1.0000,1.0000,-14.1685,-12.8149,"8.469:0.000:18.000",0.0000,"A1 actors are outside the blind-corner conflict zone"
18.9264,1,99,157,1.0000,1.0000,1.0000,1.0000,1.0000,1.0000,-14.0657,-12.9001,"8.429:0.000:18.000",0.0000,"A1 actors are outside the blind-corner conflict zone"
19.0341,1,99,158,1.0000,1.0000,1.0000,1.0000,1.0000,1.0000,-13.9662,-12.9759,"8.387:0.000:18.000",0.1077,"A1 actors are outside the blind-corner conflict zone"
19.1373,1,99,159,1.0000,1.0000,1.0000,1.0000,1.0000,1.0000,-13.8623,-13.0379,"8.347:0.000:18.000",0.0000,"A1 actors are outside the blind-corner conflict zone"
19.2408,1,99,160,1.0000,1.0000,1.0000,1.0000,1.0000,1.0000,-13.7434,-13.1157,"8.307:0.000:18.000",0.0000,"A1 actors are outside the blind-corner conflict zone"
19.3438,1,99,161,1.0000,1.0000,1.0000,1.0000,1.0000,1.0000,-13.6324,-13.1901,"8.267:0.000:18.000",0.0000,"A1 actors are outside the blind-corner conflict zone"
19.4527,1,99,162,1.0000,1.0000,1.0000,1.0000,1.0000,1.0000,-13.5230,-13.2652,"8.224:0.000:18.000",0.0000,"A1 actors are outside the blind-corner conflict zone"
19.5550,1,99,163,1.0000,1.0000,1.0000,1.0000,1.0000,1.0000,-13.4233,-13.3445,"8.184:0.000:18.000",0.0000,"A1 actors are outside the blind-corner conflict zone"
19.6556,1,99,164,1.0000,1.0000,1.0000,1.0000,1.0000,1.0000,-13.3380,-13.4255,"8.145:0.000:18.000",0.1006,"A1 actors are outside the blind-corner conflict zone"
19.7633,1,99,165,1.0000,1.0000,1.0000,1.0000,1.0000,1.0000,-13.2544,-13.5277,"8.103:0.000:18.000",0.0000,"A1 actors are outside the blind-corner conflict zone"
19.8682,1,99,166,1.0000,1.0000,1.0000,1.0000,1.0000,1.0000,-13.1620,-13.6228,"8.062:0.000:18.000",0.1049,"A1 actors are outside the blind-corner conflict zone"
19.9732,1,99,167,1.0000,1.0000,1.0000,1.0000,1.0000,1.0000,-13.0776,-13.7097,"8.021:0.000:18.000",0.0000,"A1 actors are outside the blind-corner conflict zone"
20.0755,1,99,168,1.0000,1.0000,1.0000,1.0000,1.0000,1.0000,-13.0116,-13.7849,"7.981:0.000:18.000",0.1023,"A1 actors are outside the blind-corner conflict zone"
20.1772,1,99,169,1.0000,1.0000,1.0000,1.0000,1.0000,1.0000,-12.9383,-13.8726,"7.942:0.000:18.000",0.2040,"A1 actors are outside the blind-corner conflict zone"
20.2839,1,99,170,1.0000,1.0000,1.0000,1.0000,1.0000,1.0000,-12.8454,-13.9874,"7.900:0.000:18.000",0.3107,"A1 actors are outside the blind-corner conflict zone"
20.3919,1,99,171,1.0000,1.0000,1.0000,1.0000,1.0000,1.0000,-12.7577,-14.0922,"7.858:0.000:18.000",0.0000,"A1 actors are outside the blind-corner conflict zone"
20.4980,1,99,172,1.0000,1.0000,1.0000,1.0000,1.0000,1.0000,-12.6940,-14.1792,"7.816:0.000:18.000",0.0000,"A1 actors are outside the blind-corner conflict zone"
20.6041,1,99,173,1.0000,1.0000,1.0000,1.0000,1.0000,1.0000,-12.6118,-14.2788,"7.775:0.000:18.000",0.0000,"A1 actors are outside the blind-corner conflict zone"
20.7093,1,99,174,1.0000,1.0000,1.0000,1.0000,1.0000,1.0000,-12.5374,-14.3628,"7.734:0.000:18.000",0.0000,"A1 actors are outside the blind-corner conflict zone"
20.8190,1,99,175,1.0000,1.0000,1.0000,1.0000,1.0000,1.0000,-12.4441,-14.4864,"7.691:0.000:18.000",0.0000,"A1 actors are outside the blind-corner conflict zone"
20.9261,1,99,176,1.0000,1.0000,1.0000,1.0000,1.0000,1.0000,-12.3583,-14.5904,"7.649:0.000:18.000",0.0000,"A1 actors are outside the blind-corner conflict zone"
21.0335,1,99,177,1.0000,1.0000,1.0000,1.0000,1.0000,1.0000,-12.2841,-14.6830,"7.608:0.000:18.000",0.1074,"A1 actors are outside the blind-corner conflict zone"
21.1387,1,99,178,1.0000,1.0000,1.0000,1.0000,1.0000,1.0000,-12.2067,-14.7793,"7.567:0.000:18.000",0.2126,"A1 actors are outside the blind-corner conflict zone"
21.2471,1,99,179,1.0000,1.0000,1.0000,1.0000,1.0000,1.0000,-12.1139,-14.8861,"7.524:0.000:18.000",0.3210,"A1 actors are outside the blind-corner conflict zone"
21.3531,1,99,180,1.0000,1.0000,1.0000,1.0000,1.0000,1.0000,-12.0402,-14.9712,"7.483:0.000:18.000",0.0000,"A1 actors are outside the blind-corner conflict zone"
21.4628,1,99,181,1.0000,1.0000,1.0000,1.0000,1.0000,1.0000,-11.9669,-15.0355,"7.440:0.000:18.000",0.0000,"A1 actors are outside the blind-corner conflict zone"
21.5659,1,99,182,1.0000,1.0000,1.0000,1.0000,1.0000,1.0000,-11.8754,-15.1176,"7.400:0.000:18.000",0.0000,"A1 actors are outside the blind-corner conflict zone"
21.6713,1,99,183,1.0000,1.0000,1.0000,1.0000,1.0000,1.0000,-11.7775,-15.2039,"7.359:0.000:18.000",0.0000,"A1 actors are outside the blind-corner conflict zone"
21.7724,1,99,184,1.0000,1.0000,1.0000,1.0000,1.0000,1.0000,-11.6883,-15.2669,"7.319:0.000:18.000",0.0000,"A1 actors are outside the blind-corner conflict zone"
21.8767,1,99,185,1.0000,1.0000,1.0000,1.0000,1.0000,1.0000,-11.5698,-15.3364,"7.279:0.000:18.000",0.0000,"A1 actors are outside the blind-corner conflict zone"
21.9834,1,99,186,1.0000,1.0000,1.0000,1.0000,1.0000,1.0000,-11.4560,-15.3977,"7.237:0.000:18.000",0.0000,"A1 actors are outside the blind-corner conflict zone"
22.0885,1,99,187,1.0000,1.0000,1.0000,1.0000,1.0000,1.0000,-11.3489,-15.4462,"7.196:0.000:18.000",0.0000,"A1 actors are outside the blind-corner conflict zone"
22.1975,1,99,188,1.0000,1.0000,1.0000,1.0000,1.0000,1.0000,-11.2406,-15.4935,"7.154:0.000:18.000",0.0000,"A1 actors are outside the blind-corner conflict zone"
22.3038,1,99,189,1.0000,1.0000,1.0000,1.0000,1.0000,1.0000,-11.1235,-15.5405,"7.112:0.000:18.000",0.1062,"A1 actors are outside the blind-corner conflict zone"
22.4118,1,99,190,1.0000,1.0000,1.0000,1.0000,1.0000,1.0000,-10.9881,-15.5854,"7.070:0.000:18.000",0.0000,"A1 actors are outside the blind-corner conflict zone"
22.5155,1,99,191,1.0000,1.0000,1.0000,1.0000,1.0000,1.0000,-10.8562,-15.6299,"7.030:0.000:18.000",0.1037,"A1 actors are outside the blind-corner conflict zone"
22.6179,1,99,192,1.0000,1.0000,1.0000,1.0000,1.0000,1.0000,-10.7312,-15.6803,"6.990:0.000:18.000",0.0000,"A1 actors are outside the blind-corner conflict zone"
22.7203,1,99,193,1.0000,1.0000,1.0000,1.0000,1.0000,1.0000,-10.5898,-15.7358,"6.950:0.000:18.000",0.0000,"A1 actors are outside the blind-corner conflict zone"
22.8208,1,99,194,1.0000,1.0000,1.0000,1.0000,1.0000,1.0000,-10.4914,-15.7768,"6.911:0.000:18.000",0.0000,"A1 actors are outside the blind-corner conflict zone"
22.9222,1,99,195,1.0000,1.0000,1.0000,1.0000,1.0000,1.0000,-10.3841,-15.8426,"6.871:0.000:18.000",0.0000,"A1 actors are outside the blind-corner conflict zone"
23.0255,1,99,196,1.0000,1.0000,1.0000,1.0000,1.0000,1.0000,-10.2928,-15.9059,"6.831:0.000:18.000",0.1033,"A1 actors are outside the blind-corner conflict zone"
23.1288,1,99,197,1.0000,1.0000,1.0000,1.0000,1.0000,1.0000,-10.2230,-15.9555,"6.790:0.000:18.000",0.0000,"A1 actors are outside the blind-corner conflict zone"
23.2293,1,99,198,1.0000,1.0000,1.0000,1.0000,1.0000,1.0000,-10.1232,-16.0209,"6.751:0.000:18.000",0.1005,"A1 actors are outside the blind-corner conflict zone"
23.3346,1,99,199,1.0000,1.0000,1.0000,1.0000,1.0000,1.0000,-10.0335,-16.0827,"6.710:0.000:18.000",0.2058,"A1 actors are outside the blind-corner conflict zone"
23.4403,1,99,200,1.0000,1.0000,1.0000,1.0000,1.0000,1.0000,-9.9406,-16.1325,"6.669:0.000:18.000",0.3115,"A1 actors are outside the blind-corner conflict zone"
23.5440,1,99,201,1.0000,1.0000,1.0000,1.0000,1.0000,1.0000,-9.7985,-16.2003,"6.628:0.000:18.000",0.4152,"A1 actors are outside the blind-corner conflict zone"
23.6504,1,99,202,1.0000,1.0000,1.0000,1.0000,1.0000,1.0000,-9.7044,-16.2581,"6.587:0.000:18.000",0.0000,"A1 actors are outside the blind-corner conflict zone"
23.7550,1,99,203,1.0000,1.0000,1.0000,1.0000,1.0000,1.0000,-9.5892,-16.3381,"6.546:0.000:18.000",0.0000,"A1 actors are outside the blind-corner conflict zone"
23.8569,1,99,204,1.0000,1.0000,1.0000,1.0000,1.0000,1.0000,-9.4622,-16.4370,"6.506:0.000:18.000",0.1019,"A1 actors are outside the blind-corner conflict zone"
23.9599,1,99,205,1.0000,1.0000,1.0000,1.0000,1.0000,1.0000,-9.3639,-16.5195,"6.466:0.000:18.000",0.0000,"A1 actors are outside the blind-corner conflict zone"
24.0607,1,99,206,1.0000,1.0000,1.0000,1.0000,1.0000,1.0000,-9.2784,-16.5922,"6.427:0.000:18.000",0.0000,"A1 actors are outside the blind-corner conflict zone"
24.1643,1,99,207,1.0000,1.0000,1.0000,1.0000,1.0000,1.0000,-9.1938,-16.6730,"6.387:0.000:18.000",0.0000,"A1 actors are outside the blind-corner conflict zone"
24.2681,1,99,208,1.0000,1.0000,1.0000,1.0000,1.0000,1.0000,-9.0900,-16.7821,"6.346:0.000:18.000",0.0000,"A1 actors are outside the blind-corner conflict zone"
24.3734,1,99,209,1.0000,1.0000,1.0000,1.0000,1.0000,1.0000,-9.0123,-16.8620,"6.305:0.000:18.000",0.1053,"A1 actors are outside the blind-corner conflict zone"
24.4775,1,99,210,1.0000,1.0000,1.0000,1.0000,1.0000,1.0000,-8.9261,-16.9315,"6.264:0.000:18.000",0.2094,"A1 actors are outside the blind-corner conflict zone"
24.5816,1,99,211,1.0000,1.0000,1.0000,1.0000,1.0000,1.0000,-8.7940,-17.0112,"6.224:0.000:18.000",0.0000,"A1 actors are outside the blind-corner conflict zone"
24.6831,1,99,212,1.0000,1.0000,1.0000,1.0000,1.0000,1.0000,-8.6539,-17.0889,"6.184:0.000:18.000",0.0000,"A1 actors are outside the blind-corner conflict zone"
24.7903,1,99,213,1.0000,1.0000,1.0000,1.0000,1.0000,1.0000,-8.5092,-17.1616,"6.142:0.000:18.000",0.0000,"A1 actors are outside the blind-corner conflict zone"
24.8946,1,99,214,1.0000,1.0000,1.0000,1.0000,1.0000,1.0000,-8.4125,-17.2091,"6.102:0.000:18.000",0.1043,"A1 actors are outside the blind-corner conflict zone"
24.9972,1,99,215,1.0000,1.0000,1.0000,1.0000,1.0000,1.0000,-8.3007,-17.2755,"6.062:0.000:18.000",0.2069,"A1 actors are outside the blind-corner conflict zone"
25.1004,1,99,216,1.0000,1.0000,1.0000,1.0000,1.0000,1.0000,-8.1707,-17.3641,"6.021:0.000:18.000",0.0000,"A1 actors are outside the blind-corner conflict zone"
25.2031,1,99,217,1.0000,1.0000,1.0000,1.0000,1.0000,1.0000,-8.1019,-17.4309,"5.981:0.000:18.000",0.0000,"A1 actors are outside the blind-corner conflict zone"
25.3089,1,99,218,1.0000,1.0000,1.0000,1.0000,1.0000,1.0000,-8.0201,-17.5132,"5.940:0.000:18.000",0.0000,"A1 actors are outside the blind-corner conflict zone"
25.4124,1,99,219,1.0000,1.0000,1.0000,1.0000,1.0000,1.0000,-7.9185,-17.6029,"5.900:0.000:18.000",0.0000,"A1 actors are outside the blind-corner conflict zone"
25.5151,1,99,220,1.0000,1.0000,1.0000,1.0000,1.0000,1.0000,-7.8625,-17.6516,"5.860:0.000:18.000",0.1028,"A1 actors are outside the blind-corner conflict zone"
25.6217,1,99,221,1.0000,1.0000,1.0000,1.0000,1.0000,1.0000,-7.7703,-17.7290,"5.818:0.000:18.000",0.0000,"A1 actors are outside the blind-corner conflict zone"
25.7225,1,99,222,1.0000,1.0000,1.0000,1.0000,1.0000,1.0000,-7.6752,-17.8197,"5.779:0.000:18.000",0.0000,"A1 actors are outside the blind-corner conflict zone"
25.8269,1,99,223,1.0000,1.0000,1.0000,1.0000,1.0000,1.0000,-7.5936,-17.9141,"5.738:0.000:18.000",0.1044,"A1 actors are outside the blind-corner conflict zone"
25.9346,1,99,224,1.0000,1.0000,1.0000,1.0000,1.0000,1.0000,-7.5236,-18.0033,"5.696:0.000:18.000",0.0000,"A1 actors are outside the blind-corner conflict zone"
26.0374,1,99,225,1.0000,1.0000,1.0000,1.0000,1.0000,1.0000,-7.4648,-18.0951,"5.656:0.000:18.000",0.1028,"A1 actors are outside the blind-corner conflict zone"
26.1435,1,99,226,1.0000,1.0000,1.0000,1.0000,1.0000,1.0000,-7.3931,-18.2092,"5.615:0.000:18.000",0.2088,"A1 actors are outside the blind-corner conflict zone"
26.2443,1,99,227,1.0000,1.0000,1.0000,1.0000,1.0000,1.0000,-7.3346,-18.3112,"5.575:0.000:18.000",0.0000,"A1 actors are outside the blind-corner conflict zone"
26.3507,1,99,228,1.0000,1.0000,1.0000,1.0000,1.0000,1.0000,-7.2743,-18.4367,"5.534:0.000:18.000",0.0000,"A1 actors are outside the blind-corner conflict zone"
26.4549,1,99,229,1.0000,1.0000,1.0000,1.0000,1.0000,1.0000,-7.2304,-18.5639,"5.493:0.000:18.000",0.0000,"A1 actors are outside the blind-corner conflict zone"
26.5550,1,99,230,1.0000,1.0000,1.0000,1.0000,1.0000,1.0000,-7.1979,-18.6747,"5.454:0.000:18.000",0.0000,"A1 actors are outside the blind-corner conflict zone"
26.6607,1,99,231,1.0000,1.0000,1.0000,1.0000,1.0000,1.0000,-7.1678,-18.7945,"5.413:0.000:18.000",0.0000,"A1 actors are outside the blind-corner conflict zone"
26.7655,1,99,232,1.0000,1.0000,1.0000,1.0000,1.0000,1.0000,-7.1298,-18.9210,"5.372:0.000:18.000",0.0000,"A1 actors are outside the blind-corner conflict zone"
26.8732,1,99,233,1.0000,1.0000,1.0000,1.0000,1.0000,1.0000,-7.1229,-19.0496,"5.330:0.000:18.000",0.0000,"A1 actors are outside the blind-corner conflict zone"
26.9757,1,99,234,1.0000,1.0000,1.0000,1.0000,1.0000,1.0000,-7.1332,-19.1925,"5.290:0.000:18.000",0.0000,"A1 actors are outside the blind-corner conflict zone"
27.0830,1,99,235,1.0000,1.0000,1.0000,1.0000,1.0000,1.0000,-7.1507,-19.2943,"5.248:0.000:18.000",0.1074,"A1 actors are outside the blind-corner conflict zone"
27.1883,1,99,236,1.0000,1.0000,1.0000,1.0000,1.0000,1.0000,-7.1765,-19.4485,"5.207:0.000:18.000",0.0000,"A1 actors are outside the blind-corner conflict zone"
27.2964,1,99,237,1.0000,1.0000,1.0000,1.0000,1.0000,1.0000,-7.1975,-19.5398,"5.165:0.000:18.000",0.0000,"A1 actors are outside the blind-corner conflict zone"
27.3973,1,99,238,1.0000,1.0000,1.0000,1.0000,1.0000,1.0000,-7.2161,-19.6204,"5.126:0.000:18.000",0.1009,"A1 actors are outside the blind-corner conflict zone"
27.4986,1,99,239,1.0000,1.0000,1.0000,1.0000,1.0000,1.0000,-7.2304,-19.7357,"5.086:0.000:18.000",0.0000,"A1 actors are outside the blind-corner conflict zone"
27.5994,1,99,240,1.0000,1.0000,1.0000,1.0000,1.0000,1.0000,-7.2430,-19.8608,"5.047:0.000:18.000",0.0000,"A1 actors are outside the blind-corner conflict zone"
27.7044,1,99,241,1.0000,1.0000,1.0000,1.0000,1.0000,1.0000,-7.2670,-19.9604,"5.084:0.000:18.000",0.0000,"A1 actors are outside the blind-corner conflict zone"
27.8096,1,99,242,1.0000,1.0000,1.0000,1.0000,1.0000,1.0000,-7.3048,-20.1133,"5.126:0.000:18.000",0.0000,"A1 actors are outside the blind-corner conflict zone"
27.9110,1,99,243,1.0000,1.0000,1.0000,1.0000,1.0000,1.0000,-7.3482,-20.2460,"5.165:0.000:18.000",0.0000,"A1 actors are outside the blind-corner conflict zone"
28.0117,1,99,244,1.0000,1.0000,1.0000,1.0000,1.0000,1.0000,-7.3780,-20.3845,"5.204:0.000:18.000",0.0000,"A1 actors are outside the blind-corner conflict zone"
28.1185,1,99,245,1.0000,1.0000,1.0000,1.0000,1.0000,1.0000,-7.3976,-20.4705,"5.246:0.000:18.000",0.0000,"A1 actors are outside the blind-corner conflict zone"
28.2190,1,99,246,1.0000,1.0000,1.0000,1.0000,1.0000,1.0000,-7.4381,-20.6087,"5.285:0.000:18.000",0.0000,"A1 actors are outside the blind-corner conflict zone"
28.3259,1,99,247,1.0000,1.0000,1.0000,1.0000,1.0000,1.0000,-7.4835,-20.7432,"5.327:0.000:18.000",0.1070,"A1 actors are outside the blind-corner conflict zone"
28.4297,1,99,248,1.0000,1.0000,1.0000,1.0000,1.0000,1.0000,-7.5299,-20.9184,"5.367:0.000:18.000",0.0000,"A1 actors are outside the blind-corner conflict zone"
28.5360,1,99,249,1.0000,1.0000,1.0000,1.0000,1.0000,1.0000,-7.5534,-21.0162,"5.409:0.000:18.000",0.0000,"A1 actors are outside the blind-corner conflict zone"
28.6390,1,99,250,1.0000,1.0000,1.0000,1.0000,1.0000,1.0000,-7.5781,-21.1520,"5.449:0.000:18.000",0.0000,"A1 actors are outside the blind-corner conflict zone"
28.7457,1,99,251,1.0000,1.0000,1.0000,1.0000,1.0000,1.0000,-7.6031,-21.2977,"5.491:0.000:18.000",0.1067,"A1 actors are outside the blind-corner conflict zone"
28.8480,1,99,252,1.0000,1.0000,1.0000,1.0000,1.0000,1.0000,-7.6141,-21.4317,"5.530:0.000:18.000",0.0000,"A1 actors are outside the blind-corner conflict zone"
28.9562,1,99,253,1.0000,1.0000,1.0000,1.0000,1.0000,1.0000,-7.6212,-21.5338,"5.573:0.000:18.000",0.0000,"A1 actors are outside the blind-corner conflict zone"
29.0590,1,99,254,1.0000,1.0000,1.0000,1.0000,1.0000,1.0000,-7.6198,-21.6696,"5.613:0.000:18.000",0.0000,"A1 actors are outside the blind-corner conflict zone"
29.1598,1,99,255,1.0000,1.0000,1.0000,1.0000,1.0000,1.0000,-7.6093,-21.7995,"5.652:0.000:18.000",0.0000,"A1 actors are outside the blind-corner conflict zone"
29.2637,1,99,256,1.0000,1.0000,1.0000,1.0000,1.0000,1.0000,-7.6028,-21.9233,"5.693:0.000:18.000",0.0000,"A1 actors are outside the blind-corner conflict zone"
29.3687,1,99,257,1.0000,1.0000,1.0000,1.0000,1.0000,1.0000,-7.6024,-22.0512,"5.734:0.000:18.000",0.1050,"A1 actors are outside the blind-corner conflict zone"
29.4703,1,99,258,1.0000,1.0000,1.0000,1.0000,1.0000,1.0000,-7.6007,-22.1702,"5.773:0.000:18.000",0.0000,"A1 actors are outside the blind-corner conflict zone"
29.5761,1,99,259,1.0000,1.0000,1.0000,1.0000,1.0000,1.0000,-7.5929,-22.3345,"5.814:0.000:18.000",0.0000,"A1 actors are outside the blind-corner conflict zone"
29.6830,1,99,260,1.0000,1.0000,1.0000,1.0000,1.0000,1.0000,-7.5947,-22.4784,"5.856:0.000:18.000",0.0000,"A1 actors are outside the blind-corner conflict zone"
29.7877,1,99,261,1.0000,1.0000,1.0000,1.0000,1.0000,1.0000,-7.5947,-22.6263,"5.897:0.000:18.000",0.1047,"A1 actors are outside the blind-corner conflict zone"
29.8955,1,99,262,1.0000,1.0000,1.0000,1.0000,1.0000,1.0000,-7.5905,-22.7480,"5.939:0.000:18.000",0.2125,"A1 actors are outside the blind-corner conflict zone"
29.9969,1,99,263,1.0000,1.0000,1.0000,1.0000,1.0000,1.0000,-7.5884,-22.8881,"5.979:0.000:18.000",0.3139,"A1 actors are outside the blind-corner conflict zone"
30.0973,1,99,264,1.0000,1.0000,1.0000,1.0000,1.0000,1.0000,-7.5912,-23.0002,"6.018:0.000:18.000",0.0000,"A1 actors are outside the blind-corner conflict zone"
30.2046,1,99,265,1.0000,1.0000,1.0000,1.0000,1.0000,1.0000,-7.5889,-23.1226,"6.060:0.000:18.000",0.0000,"A1 actors are outside the blind-corner conflict zone"
30.3049,1,99,266,1.0000,1.0000,1.0000,1.0000,1.0000,1.0000,-7.5948,-23.2310,"6.099:0.000:18.000",0.0000,"A1 actors are outside the blind-corner conflict zone"
30.4112,1,99,267,1.0000,1.0000,1.0000,1.0000,1.0000,1.0000,-7.6076,-23.3646,"6.140:0.000:18.000",0.0000,"A1 actors are outside the blind-corner conflict zone"
30.5128,1,99,268,1.0000,1.0000,1.0000,1.0000,1.0000,1.0000,-7.6111,-23.5012,"6.180:0.000:18.000",0.1015,"A1 actors are outside the blind-corner conflict zone"
30.6171,1,99,269,1.0000,1.0000,1.0000,1.0000,1.0000,1.0000,-7.6030,-23.6260,"6.220:0.000:18.000",0.0000,"A1 actors are outside the blind-corner conflict zone"
30.7209,1,99,270,1.0000,1.0000,1.0000,1.0000,1.0000,1.0000,-7.6026,-23.7180,"6.261:0.000:18.000",0.0000,"A1 actors are outside the blind-corner conflict zone"
30.8262,1,99,271,1.0000,1.0000,1.0000,1.0000,1.0000,1.0000,-7.6015,-23.8164,"6.302:0.000:18.000",0.1053,"A1 actors are outside the blind-corner conflict zone"
30.9277,1,99,272,1.0000,1.0000,1.0000,1.0000,1.0000,1.0000,-7.6007,-23.9474,"6.342:0.000:18.000",0.0000,"A1 actors are outside the blind-corner conflict zone"
31.0319,1,99,273,1.0000,1.0000,1.0000,1.0000,1.0000,1.0000,-7.6058,-24.0872,"6.382:0.000:18.000",0.1043,"A1 actors are outside the blind-corner conflict zone"
31.1349,1,99,274,1.0000,1.0000,1.0000,1.0000,1.0000,1.0000,-7.6131,-24.2215,"6.422:0.000:18.000",0.0000,"A1 actors are outside the blind-corner conflict zone"
31.2358,1,99,275,1.0000,1.0000,1.0000,1.0000,1.0000,1.0000,-7.6146,-24.3307,"6.462:0.000:18.000",0.0000,"A1 actors are outside the blind-corner conflict zone"
31.3366,1,99,276,1.0000,1.0000,1.0000,1.0000,1.0000,1.0000,-7.6159,-24.4246,"6.501:0.000:18.000",0.0000,"A1 actors are outside the blind-corner conflict zone"
31.4429,1,99,277,1.0000,1.0000,1.0000,1.0000,1.0000,1.0000,-7.6408,-24.5415,"6.542:0.000:18.000",0.0000,"A1 actors are outside the blind-corner conflict zone"
31.5442,1,99,278,1.0000,1.0000,1.0000,1.0000,1.0000,1.0000,-7.6762,-24.7025,"6.582:0.000:18.000",0.0000,"A1 actors are outside the blind-corner conflict zone"
31.6479,1,99,279,1.0000,1.0000,1.0000,1.0000,1.0000,1.0000,-7.6936,-24.7829,"6.622:0.000:18.000",0.0000,"A1 actors are outside the blind-corner conflict zone"
31.7563,1,99,280,1.0000,1.0000,1.0000,1.0000,1.0000,1.0000,-7.7310,-24.9319,"6.665:0.000:18.000",0.0000,"A1 actors are outside the blind-corner conflict zone"
31.8583,1,99,281,1.0000,1.0000,1.0000,1.0000,1.0000,1.0000,-7.7547,-25.0430,"6.705:0.000:18.000",0.1021,"A1 actors are outside the blind-corner conflict zone"
31.9651,1,99,282,1.0000,1.0000,1.0000,1.0000,1.0000,1.0000,-7.7790,-25.1479,"6.746:0.000:18.000",0.0000,"A1 actors are outside the blind-corner conflict zone"
32.0704,1,99,283,1.0000,1.0000,1.0000,1.0000,1.0000,1.0000,-7.8131,-25.2764,"6.787:0.000:18.000",0.1053,"A1 actors are outside the blind-corner conflict zone"
32.1746,1,99,284,1.0000,1.0000,1.0000,1.0000,1.0000,1.0000,-7.8470,-25.3677,"6.828:0.000:18.000",0.0000,"A1 actors are outside the blind-corner conflict zone"
32.2811,1,99,285,1.0000,1.0000,1.0000,1.0000,1.0000,1.0000,-7.8862,-25.4895,"6.869:0.000:18.000",0.1065,"A1 actors are outside the blind-corner conflict zone"
32.3838,1,99,286,1.0000,1.0000,1.0000,1.0000,1.0000,1.0000,-7.9419,-25.6180,"6.909:0.000:18.000",0.0000,"A1 actors are outside the blind-corner conflict zone"
32.4894,1,99,287,1.0000,1.0000,1.0000,1.0000,1.0000,1.0000,-8.0129,-25.7441,"6.951:0.000:18.000",0.0000,"A1 actors are outside the blind-corner conflict zone"
32.5956,1,99,288,1.0000,1.0000,1.0000,1.0000,1.0000,1.0000,-8.0732,-25.8482,"6.992:0.000:18.000",0.0000,"A1 actors are outside the blind-corner conflict zone"
32.7007,1,99,289,1.0000,1.0000,1.0000,1.0000,1.0000,1.0000,-8.1414,-25.9508,"7.033:0.000:18.000",0.0000,"A1 actors are outside the blind-corner conflict zone"
32.8073,1,99,290,1.0000,1.0000,1.0000,1.0000,1.0000,1.0000,-8.2211,-26.0618,"7.075:0.000:18.000",0.0000,"A1 actors are outside the blind-corner conflict zone"
32.9153,1,99,291,1.0000,1.0000,1.0000,1.0000,1.0000,1.0000,-8.2868,-26.1553,"7.117:0.000:18.000",0.1080,"A1 actors are outside the blind-corner conflict zone"
33.0178,1,99,292,1.0000,1.0000,1.0000,1.0000,1.0000,1.0000,-8.3528,-26.2524,"7.157:0.000:18.000",0.0000,"A1 actors are outside the blind-corner conflict zone"
33.1256,1,99,293,1.0000,1.0000,1.0000,1.0000,1.0000,1.0000,-8.4151,-26.3333,"7.199:0.000:18.000",0.0000,"A1 actors are outside the blind-corner conflict zone"
33.2346,1,99,294,1.0000,1.0000,1.0000,1.0000,1.0000,1.0000,-8.4957,-26.4343,"7.241:0.000:18.000",0.0000,"A1 actors are outside the blind-corner conflict zone"
33.3424,1,99,295,1.0000,1.0000,1.0000,1.0000,1.0000,1.0000,-8.5664,-26.5311,"7.283:0.000:18.000",0.0000,"A1 actors are outside the blind-corner conflict zone"
33.4478,1,99,296,1.0000,1.0000,1.0000,1.0000,1.0000,1.0000,-8.6366,-26.6325,"7.324:0.000:18.000",0.0000,"A1 actors are outside the blind-corner conflict zone"
33.5563,1,99,297,1.0000,1.0000,1.0000,1.0000,1.0000,1.0000,-8.6866,-26.7211,"7.367:0.000:18.000",0.0000,"A1 actors are outside the blind-corner conflict zone"
33.6635,1,99,298,1.0000,1.0000,1.0000,1.0000,1.0000,1.0000,-8.7622,-26.8562,"7.409:0.000:18.000",0.0000,"A1 actors are outside the blind-corner conflict zone"
33.7718,1,99,299,1.0000,1.0000,1.0000,1.0000,1.0000,1.0000,-8.8098,-26.9548,"7.451:0.000:18.000",0.0000,"A1 actors are outside the blind-corner conflict zone"
33.8734,1,99,300,1.0000,1.0000,1.0000,1.0000,1.0000,1.0000,-8.8502,-27.0483,"7.490:0.000:18.000",0.0000,"A1 actors are outside the blind-corner conflict zone"
33.9831,1,99,301,1.0000,1.0000,1.0000,1.0000,1.0000,1.0000,-8.9071,-27.1910,"7.533:0.000:18.000",0.0000,"A1 actors are outside the blind-corner conflict zone"
34.0893,1,99,302,1.0000,1.0000,1.0000,1.0000,1.0000,1.0000,-8.9402,-27.2970,"7.575:0.000:18.000",0.0000,"A1 actors are outside the blind-corner conflict zone"
34.1917,1,99,303,1.0000,1.0000,1.0000,1.0000,1.0000,1.0000,-8.9568,-27.4025,"7.615:0.000:18.000",0.1023,"A1 actors are outside the blind-corner conflict zone"
34.2941,1,99,304,1.0000,1.0000,1.0000,1.0000,1.0000,1.0000,-8.9668,-27.4798,"7.654:0.000:18.000",0.0000,"A1 actors are outside the blind-corner conflict zone"
34.3972,1,99,305,1.0000,1.0000,1.0000,1.0000,1.0000,1.0000,-8.9828,-27.6116,"7.695:0.000:18.000",0.0000,"A1 actors are outside the blind-corner conflict zone"
34.4974,1,99,306,1.0000,1.0000,1.0000,1.0000,1.0000,1.0000,-8.9870,-27.7066,"7.734:0.000:18.000",0.0000,"A1 actors are outside the blind-corner conflict zone"
34.6044,1,99,307,1.0000,1.0000,1.0000,1.0000,1.0000,1.0000,-8.9820,-27.8427,"7.775:0.000:18.000",0.0000,"A1 actors are outside the blind-corner conflict zone"
34.7098,1,99,308,1.0000,1.0000,1.0000,1.0000,1.0000,1.0000,-8.9723,-27.9553,"7.817:0.000:18.000",0.0000,"A1 actors are outside the blind-corner conflict zone"
34.8111,1,99,309,1.0000,1.0000,1.0000,1.0000,1.0000,1.0000,-8.9629,-28.0437,"7.856:0.000:18.000",0.0000,"A1 actors are outside the blind-corner conflict zone"
34.9121,1,99,310,1.0000,1.0000,1.0000,1.0000,1.0000,1.0000,-8.9450,-28.1642,"7.895:0.000:18.000",0.0000,"A1 actors are outside the blind-corner conflict zone"
35.0129,1,99,311,1.0000,1.0000,1.0000,1.0000,1.0000,1.0000,-8.9259,-28.2513,"7.935:0.000:18.000",0.0000,"A1 actors are outside the blind-corner conflict zone"
35.1161,1,99,312,1.0000,1.0000,1.0000,1.0000,1.0000,1.0000,-8.8899,-28.3736,"7.975:0.000:18.000",0.0000,"A1 actors are outside the blind-corner conflict zone"
35.2219,1,99,313,1.0000,1.0000,1.0000,1.0000,1.0000,1.0000,-8.8629,-28.4800,"8.016:0.000:18.000",0.1058,"A1 actors are outside the blind-corner conflict zone"
35.3277,1,99,314,1.0000,1.0000,1.0000,1.0000,1.0000,1.0000,-8.8389,-28.5869,"8.058:0.000:18.000",0.0000,"A1 actors are outside the blind-corner conflict zone"
35.4303,1,99,315,1.0000,1.0000,1.0000,1.0000,1.0000,1.0000,-8.8186,-28.6786,"8.098:0.000:18.000",0.1026,"A1 actors are outside the blind-corner conflict zone"
35.5332,1,99,316,1.0000,1.0000,1.0000,1.0000,1.0000,1.0000,-8.8009,-28.7485,"8.138:0.000:18.000",0.2055,"A1 actors are outside the blind-corner conflict zone"
35.6386,1,99,317,1.0000,1.0000,1.0000,1.0000,1.0000,1.0000,-8.7703,-28.8583,"8.179:0.000:18.000",0.0000,"A1 actors are outside the blind-corner conflict zone"
35.7398,1,99,318,1.0000,1.0000,1.0000,1.0000,1.0000,1.0000,-8.7324,-28.9637,"8.218:0.000:18.000",0.0000,"A1 actors are outside the blind-corner conflict zone"
35.8467,1,99,319,1.0000,1.0000,1.0000,1.0000,1.0000,1.0000,-8.6855,-29.0856,"8.260:0.000:18.000",0.0000,"A1 actors are outside the blind-corner conflict zone"
35.9486,1,99,320,1.0000,1.0000,1.0000,1.0000,1.0000,1.0000,-8.6381,-29.2077,"8.300:0.000:18.000",0.1019,"A1 actors are outside the blind-corner conflict zone"
36.0547,1,99,321,1.0000,1.0000,1.0000,1.0000,1.0000,1.0000,-8.6082,-29.2889,"8.341:0.000:18.000",0.0000,"A1 actors are outside the blind-corner conflict zone"
36.1593,1,99,322,1.0000,1.0000,1.0000,1.0000,1.0000,1.0000,-8.5474,-29.3991,"8.382:0.000:18.000",0.0000,"A1 actors are outside the blind-corner conflict zone"
36.2609,1,99,323,1.0000,1.0000,1.0000,1.0000,1.0000,1.0000,-8.4924,-29.4856,"8.422:0.000:18.000",0.1016,"A1 actors are outside the blind-corner conflict zone"
36.3649,1,99,324,1.0000,1.0000,1.0000,1.0000,1.0000,1.0000,-8.4229,-29.5885,"8.462:0.000:18.000",0.0000,"A1 actors are outside the blind-corner conflict zone"
36.4731,1,99,325,1.0000,1.0000,1.0000,1.0000,1.0000,1.0000,-8.3435,-29.7015,"8.504:0.000:18.000",0.1082,"A1 actors are outside the blind-corner conflict zone"
36.5773,1,99,326,1.0000,1.0000,1.0000,1.0000,1.0000,1.0000,-8.2673,-29.8016,"8.545:0.000:18.000",0.0000,"A1 actors are outside the blind-corner conflict zone"
36.6806,1,99,327,1.0000,1.0000,1.0000,1.0000,1.0000,1.0000,-8.1934,-29.8887,"8.585:0.000:18.000",0.1033,"A1 actors are outside the blind-corner conflict zone"
36.7836,1,99,328,1.0000,1.0000,1.0000,1.0000,1.0000,1.0000,-8.1051,-29.9901,"8.625:0.000:18.000",0.2063,"A1 actors are outside the blind-corner conflict zone"
36.8859,1,99,329,1.0000,1.0000,1.0000,1.0000,1.0000,1.0000,-8.0266,-30.0777,"8.665:0.000:18.000",0.3086,"A1 actors are outside the blind-corner conflict zone"
36.9897,1,99,330,1.0000,1.0000,1.0000,1.0000,1.0000,1.0000,-7.9390,-30.1713,"8.706:0.000:18.000",0.4125,"A1 actors are outside the blind-corner conflict zone"
37.0973,1,99,331,1.0000,1.0000,1.0000,1.0000,1.0000,1.0000,-7.8571,-30.2698,"8.748:0.000:18.000",0.0000,"A1 actors are outside the blind-corner conflict zone"
37.2037,1,99,332,1.0000,1.0000,1.0000,1.0000,1.0000,1.0000,-7.7535,-30.3920,"8.789:0.000:18.000",0.1064,"A1 actors are outside the blind-corner conflict zone"
37.3052,1,99,333,1.0000,1.0000,1.0000,1.0000,1.0000,1.0000,-7.6684,-30.4814,"8.829:0.000:18.000",0.0000,"A1 actors are outside the blind-corner conflict zone"
37.4076,1,99,334,1.0000,1.0000,1.0000,1.0000,1.0000,1.0000,-7.5881,-30.5725,"8.869:0.000:18.000",0.1024,"A1 actors are outside the blind-corner conflict zone"
37.5124,1,99,335,1.0000,1.0000,1.0000,1.0000,1.0000,1.0000,-7.5072,-30.6634,"8.910:0.000:18.000",0.0000,"A1 actors are outside the blind-corner conflict zone"
37.6154,1,99,336,1.0000,1.0000,1.0000,1.0000,1.0000,1.0000,-7.4309,-30.7566,"8.950:0.000:18.000",0.0000,"A1 actors are outside the blind-corner conflict zone"
37.7199,1,99,337,1.0000,1.0000,1.0000,1.0000,1.0000,1.0000,-7.3392,-30.8725,"8.990:0.000:18.000",0.1045,"A1 actors are outside the blind-corner conflict zone"
37.8255,1,99,338,1.0000,1.0000,1.0000,1.0000,1.0000,1.0000,-7.2328,-30.9927,"9.032:0.000:18.000",0.0000,"A1 actors are outside the blind-corner conflict zone"
37.9281,1,99,339,1.0000,1.0000,1.0000,1.0000,1.0000,1.0000,-7.1664,-31.0832,"9.072:0.000:18.000",0.1026,"A1 actors are outside the blind-corner conflict zone"
38.0300,1,99,340,1.0000,1.0000,1.0000,1.0000,1.0000,1.0000,-7.0802,-31.2072,"9.111:0.000:18.000",0.0000,"A1 actors are outside the blind-corner conflict zone"
38.1412,1,99,341,1.0000,1.0000,1.0000,1.0000,1.0000,1.0000,-7.0058,-31.3062,"9.155:0.000:18.000",0.0000,"A1 actors are outside the blind-corner conflict zone"
38.2473,1,99,342,1.0000,1.0000,1.0000,1.0000,1.0000,1.0000,-6.9146,-31.4162,"9.196:0.000:18.000",0.0000,"A1 actors are outside the blind-corner conflict zone"
38.3558,1,99,343,1.0000,1.0000,1.0000,1.0000,1.0000,1.0000,-6.8386,-31.5265,"9.239:0.000:18.000",0.1085,"A1 actors are outside the blind-corner conflict zone"
38.4699,1,99,344,1.0000,1.0000,1.0000,1.0000,1.0000,1.0000,-6.7509,-31.6512,"9.283:0.000:18.000",0.0000,"A1 actors are outside the blind-corner conflict zone"
38.5758,1,99,345,1.0000,1.0000,1.0000,1.0000,1.0000,1.0000,-6.6762,-31.7488,"9.324:0.000:18.000",0.1058,"A1 actors are outside the blind-corner conflict zone"
38.7009,1,99,346,1.0000,1.0000,1.0000,1.0000,1.0000,1.0000,-6.5703,-31.8742,"9.373:0.000:18.000",0.2309,"A1 actors are outside the blind-corner conflict zone"
38.8734,1,99,347,1.0000,1.0000,1.0000,1.0000,1.0000,1.0000,-6.4367,-32.0245,"9.440:0.000:18.000",0.4034,"A1 actors are outside the blind-corner conflict zone"
39.0852,1,99,348,1.0000,1.0000,1.0000,1.0000,1.0000,1.0000,-6.2553,-32.1967,"9.523:0.000:18.000",0.0000,"A1 actors are outside the blind-corner conflict zone"
39.2080,1,99,349,1.0000,1.0000,1.0000,1.0000,1.0000,1.0000,-6.1478,-32.2801,"9.571:0.000:18.000",0.0000,"A1 actors are outside the blind-corner conflict zone"
39.3209,1,99,350,1.0000,1.0000,1.0000,1.0000,1.0000,1.0000,-6.0333,-32.3491,"9.615:0.000:18.000",0.1129,"A1 actors are outside the blind-corner conflict zone"
39.4305,1,99,351,1.0000,1.0000,1.0000,1.0000,1.0000,1.0000,-5.9124,-32.4107,"9.658:0.000:18.000",0.0000,"A1 actors are outside the blind-corner conflict zone"
39.5639,1,99,352,1.0000,1.0000,1.0000,1.0000,1.0000,1.0000,-5.7790,-32.4701,"9.710:0.000:18.000",0.0000,"A1 actors are outside the blind-corner conflict zone"
39.6988,1,99,353,1.0000,1.0000,1.0000,1.0000,1.0000,1.0000,-5.6353,-32.5173,"9.762:0.000:18.000",0.0000,"A1 actors are outside the blind-corner conflict zone"
39.8291,1,99,354,1.0000,1.0000,1.0000,1.0000,1.0000,1.0000,-5.4876,-32.5514,"9.813:0.000:18.000",0.1302,"A1 actors are outside the blind-corner conflict zone"
39.9310,1,99,355,1.0000,1.0000,1.0000,1.0000,1.0000,1.0000,-5.3522,-32.5645,"9.853:0.000:18.000",0.0000,"A1 actors are outside the blind-corner conflict zone"
40.0318,1,99,356,1.0000,1.0000,1.0000,1.0000,1.0000,1.0000,-5.2333,-32.5739,"9.892:0.000:18.000",0.0000,"A1 actors are outside the blind-corner conflict zone"
40.1338,1,99,357,1.0000,1.0000,1.0000,1.0000,1.0000,1.0000,-5.1101,-32.5853,"9.932:0.000:18.000",0.1020,"A1 actors are outside the blind-corner conflict zone"
40.2599,1,99,358,1.0000,1.0000,1.0000,1.0000,1.0000,1.0000,-4.9582,-32.5963,"9.981:0.000:18.000",0.0000,"A1 actors are outside the blind-corner conflict zone"
40.3845,1,99,359,1.0000,1.0000,1.0000,1.0000,1.0000,1.0000,-4.8374,-32.6212,"10.030:0.000:18.000",0.1246,"A1 actors are outside the blind-corner conflict zone"
40.5043,1,99,360,1.0000,1.0000,1.0000,1.0000,1.0000,1.0000,-4.7414,-32.6491,"10.076:0.000:18.000",0.0000,"A1 actors are outside the blind-corner conflict zone"
40.6052,1,99,361,1.0000,1.0000,1.0000,1.0000,1.0000,1.0000,-4.6659,-32.6737,"10.116:0.000:18.000",0.1008,"A1 actors are outside the blind-corner conflict zone"
40.7342,1,99,362,1.0000,1.0000,1.0000,1.0000,1.0000,1.0000,-4.5252,-32.7367,"10.166:0.000:18.000",0.0000,"A1 actors are outside the blind-corner conflict zone"
40.8583,1,99,363,1.0000,1.0000,1.0000,1.0000,1.0000,1.0000,-4.4003,-32.8051,"10.215:0.000:18.000",0.0000,"A1 actors are outside the blind-corner conflict zone"
40.9896,1,99,364,1.0000,1.0000,1.0000,1.0000,1.0000,1.0000,-4.3100,-32.8509,"10.266:0.000:18.000",0.0000,"A1 actors are outside the blind-corner conflict zone"
41.1137,1,99,365,1.0000,1.0000,1.0000,1.0000,1.0000,1.0000,-4.1929,-32.9053,"10.314:0.000:18.000",0.1241,"A1 actors are outside the blind-corner conflict zone"
41.2376,1,99,366,1.0000,1.0000,1.0000,1.0000,1.0000,1.0000,-4.0872,-32.9727,"10.362:0.000:18.000",0.0000,"A1 actors are outside the blind-corner conflict zone"
41.3914,1,99,367,1.0000,1.0000,1.0000,1.0000,1.0000,1.0000,-3.9741,-33.0682,"10.422:0.000:18.000",0.0000,"A1 actors are outside the blind-corner conflict zone"
41.5114,1,99,368,1.0000,1.0000,1.0000,1.0000,1.0000,1.0000,-3.8879,-33.1525,"10.469:0.000:18.000",0.0000,"A1 actors are outside the blind-corner conflict zone"
41.6448,1,99,369,1.0000,1.0000,1.0000,1.0000,1.0000,1.0000,-3.7899,-33.2755,"10.521:0.000:18.000",0.0000,"A1 actors are outside the blind-corner conflict zone"
41.7459,1,99,370,1.0000,1.0000,1.0000,1.0000,1.0000,1.0000,-3.7370,-33.3400,"10.561:0.000:18.000",0.0000,"A1 actors are outside the blind-corner conflict zone"
41.8738,1,99,371,1.0000,1.0000,1.0000,1.0000,1.0000,1.0000,-3.6648,-33.4440,"10.611:0.000:18.000",0.1279,"A1 actors are outside the blind-corner conflict zone"
41.9955,1,99,372,1.0000,1.0000,1.0000,1.0000,1.0000,1.0000,-3.6001,-33.5303,"10.658:0.000:18.000",0.0000,"A1 actors are outside the blind-corner conflict zone"
42.1146,1,99,373,1.0000,1.0000,1.0000,1.0000,1.0000,1.0000,-3.5278,-33.6380,"10.704:0.000:18.000",0.0000,"A1 actors are outside the blind-corner conflict zone"
42.2302,1,99,374,1.0000,1.0000,1.0000,1.0000,1.0000,1.0000,-3.4548,-33.7435,"10.750:0.000:18.000",0.0000,"A1 actors are outside the blind-corner conflict zone"
42.3306,1,99,375,1.0000,1.0000,1.0000,1.0000,1.0000,1.0000,-3.3833,-33.8654,"10.789:0.000:18.000",0.0000,"A1 actors are outside the blind-corner conflict zone"
42.4445,1,99,376,1.0000,1.0000,1.0000,1.0000,1.0000,1.0000,-3.3171,-33.9826,"10.833:0.000:18.000",0.1139,"A1 actors are outside the blind-corner conflict zone"
42.5495,1,99,377,1.0000,1.0000,1.0000,1.0000,1.0000,1.0000,-3.2680,-34.0829,"10.874:0.000:18.000",0.0000,"A1 actors are outside the blind-corner conflict zone"
42.6682,1,99,378,1.0000,1.0000,1.0000,1.0000,1.0000,1.0000,-3.2145,-34.2144,"10.920:0.000:18.000",0.0000,"A1 actors are outside the blind-corner conflict zone"
42.7894,1,99,379,1.0000,1.0000,1.0000,1.0000,1.0000,1.0000,-3.1511,-34.3501,"10.968:0.000:18.000",0.0000,"A1 actors are outside the blind-corner conflict zone"
42.8942,1,99,380,1.0000,1.0000,1.0000,1.0000,1.0000,1.0000,-3.0934,-34.4546,"11.009:0.000:18.000",0.1048,"A1 actors are outside the blind-corner conflict zone"
43.0158,1,99,381,1.0000,1.0000,1.0000,1.0000,1.0000,1.0000,-3.0375,-34.5735,"11.056:0.000:18.000",0.0000,"A1 actors are outside the blind-corner conflict zone"
43.1433,1,99,382,1.0000,1.0000,1.0000,1.0000,1.0000,1.0000,-2.9853,-34.7038,"11.106:0.000:18.000",0.0000,"A1 actors are outside the blind-corner conflict zone"
43.2447,1,99,383,1.0000,1.0000,1.0000,1.0000,1.0000,1.0000,-2.9420,-34.8249,"11.145:0.000:18.000",0.0000,"A1 actors are outside the blind-corner conflict zone"
43.3765,1,99,384,1.0000,1.0000,1.0000,1.0000,1.0000,1.0000,-2.8889,-34.9858,"11.197:0.000:18.000",0.0000,"A1 actors are outside the blind-corner conflict zone"
43.4769,1,99,385,1.0000,1.0000,1.0000,1.0000,1.0000,1.0000,-2.8634,-35.1116,"11.236:0.000:18.000",0.0000,"A1 actors are outside the blind-corner conflict zone"
43.4769,1,99,386,1.0000,1.0000,1.0000,1.0000,1.0000,1.0000,-2.8551,-35.1598,"11.252:0.000:18.000",0.0000,"A1 actors are outside the blind-corner conflict zone"
0.1681,1,100,1,1.0000,1.0000,1.0000,1.0000,1.0000,1.0000,-23.9998,-17.1503,"15.745:0.000:18.000",0.0000,"A1 actors are outside the blind-corner conflict zone"
0.3225,1,100,2,1.0000,1.0000,1.0000,1.0000,1.0000,1.0000,-24.0002,-17.1369,"15.685:0.000:18.000",0.1544,"A1 actors are outside the blind-corner conflict zone"
0.4324,1,100,3,1.0000,1.0000,1.0000,1.0000,1.0000,1.0000,-24.0020,-17.1197,"15.642:0.000:18.000",0.2644,"A1 actors are outside the blind-corner conflict zone"
0.5609,1,100,4,1.0000,1.0000,1.0000,1.0000,1.0000,1.0000,-24.0087,-17.0582,"15.592:0.000:18.000",0.3929,"A1 actors are outside the blind-corner conflict zone"
0.6785,1,100,5,1.0000,1.0000,1.0000,1.0000,1.0000,1.0000,-24.0185,-16.9787,"15.546:0.000:18.000",0.0000,"A1 actors are outside the blind-corner conflict zone"
0.7786,1,100,6,1.0000,1.0000,1.0000,1.0000,1.0000,1.0000,-24.0252,-16.9149,"15.507:0.000:18.000",0.1001,"A1 actors are outside the blind-corner conflict zone"
0.8798,1,100,7,1.0000,1.0000,1.0000,1.0000,1.0000,1.0000,-24.0372,-16.8123,"15.468:0.000:18.000",0.2012,"A1 actors are outside the blind-corner conflict zone"
1.0058,1,100,8,1.0000,1.0000,1.0000,1.0000,1.0000,1.0000,-24.0534,-16.7012,"15.419:0.000:18.000",0.3273,"A1 actors are outside the blind-corner conflict zone"
1.1347,1,100,9,1.0000,1.0000,1.0000,1.0000,1.0000,1.0000,-24.0761,-16.5690,"15.368:0.000:18.000",0.4562,"A1 actors are outside the blind-corner conflict zone"
1.2559,1,100,10,1.0000,1.0000,1.0000,1.0000,1.0000,1.0000,-24.0994,-16.4350,"15.321:0.000:18.000",0.0000,"A1 actors are outside the blind-corner conflict zone"
1.3735,1,100,11,1.0000,1.0000,1.0000,1.0000,1.0000,1.0000,-24.1168,-16.2893,"15.275:0.000:18.000",0.1177,"A1 actors are outside the blind-corner conflict zone"
1.4757,1,100,12,1.0000,1.0000,1.0000,1.0000,1.0000,1.0000,-24.1226,-16.1500,"15.235:0.000:18.000",0.2198,"A1 actors are outside the blind-corner conflict zone"
1.6064,1,100,13,1.0000,1.0000,1.0000,1.0000,1.0000,1.0000,-24.1287,-15.9524,"15.185:0.000:18.000",0.3505,"A1 actors are outside the blind-corner conflict zone"
1.7328,1,100,14,1.0000,1.0000,1.0000,1.0000,1.0000,1.0000,-24.1154,-15.7630,"15.135:0.000:18.000",0.0000,"A1 actors are outside the blind-corner conflict zone"
1.8589,1,100,15,1.0000,1.0000,1.0000,1.0000,1.0000,1.0000,-24.1082,-15.5679,"15.086:0.000:18.000",0.0000,"A1 actors are outside the blind-corner conflict zone"
1.9602,1,100,16,1.0000,1.0000,1.0000,1.0000,1.0000,1.0000,-24.1156,-15.4479,"15.047:0.000:18.000",0.0000,"A1 actors are outside the blind-corner conflict zone"
2.0965,1,100,17,1.0000,1.0000,1.0000,1.0000,1.0000,1.0000,-24.1830,-15.3101,"14.993:0.000:18.000",0.0000,"A1 actors are outside the blind-corner conflict zone"
2.2346,1,100,18,1.0000,1.0000,1.0000,1.0000,1.0000,1.0000,-24.3299,-15.2707,"14.940:0.000:18.000",0.0000,"A1 actors are outside the blind-corner conflict zone"
2.3581,1,100,19,1.0000,1.0000,1.0000,1.0000,1.0000,1.0000,-24.4248,-15.2873,"14.891:0.000:18.000",0.0000,"A1 actors are outside the blind-corner conflict zone"
2.4788,1,100,20,1.0000,1.0000,1.0000,1.0000,1.0000,1.0000,-24.5032,-15.3041,"14.844:0.000:18.000",0.1207,"A1 actors are outside the blind-corner conflict zone"
2.6001,1,100,21,1.0000,1.0000,1.0000,1.0000,1.0000,1.0000,-24.5376,-15.3079,"14.797:0.000:18.000",0.0000,"A1 actors are outside the blind-corner conflict zone"
2.7284,1,100,22,1.0000,1.0000,1.0000,1.0000,1.0000,1.0000,-24.5214,-15.3068,"14.747:0.000:18.000",0.1283,"A1 actors are outside the blind-corner conflict zone"
2.8469,1,100,23,1.0000,1.0000,1.0000,1.0000,1.0000,1.0000,-24.5078,-15.3065,"14.701:0.000:18.000",0.2468,"A1 actors are outside the blind-corner conflict zone"
2.9594,1,100,24,1.0000,1.0000,1.0000,1.0000,1.0000,1.0000,-24.5109,-15.3068,"14.657:0.000:18.000",0.3593,"A1 actors are outside the blind-corner conflict zone"
3.0595,1,100,25,1.0000,1.0000,1.0000,1.0000,1.0000,1.0000,-24.5141,-15.3071,"14.618:0.000:18.000",0.0000,"A1 actors are outside the blind-corner conflict zone"
3.1750,1,100,26,1.0000,1.0000,1.0000,1.0000,1.0000,1.0000,-24.4769,-15.3038,"14.573:0.000:18.000",0.1155,"A1 actors are outside the blind-corner conflict zone"
3.2847,1,100,27,1.0000,1.0000,1.0000,1.0000,1.0000,1.0000,-24.4844,-15.3044,"14.530:0.000:18.000",0.0000,"A1 actors are outside the blind-corner conflict zone"
3.4110,1,100,28,1.0000,1.0000,1.0000,1.0000,1.0000,1.0000,-24.4897,-15.3048,"14.481:0.000:18.000",0.1263,"A1 actors are outside the blind-corner conflict zone"
3.5247,1,100,29,1.0000,1.0000,1.0000,1.0000,1.0000,1.0000,-24.4849,-15.3041,"14.436:0.000:18.000",0.2400,"A1 actors are outside the blind-corner conflict zone"
3.6511,1,100,30,1.0000,1.0000,1.0000,1.0000,1.0000,1.0000,-24.4907,-15.3045,"14.387:0.000:18.000",0.3663,"A1 actors are outside the blind-corner conflict zone"
3.7698,1,100,31,1.0000,1.0000,1.0000,1.0000,1.0000,1.0000,-24.5052,-15.3048,"14.341:0.000:18.000",0.0000,"A1 actors are outside the blind-corner conflict zone"
3.8866,1,100,32,1.0000,1.0000,1.0000,1.0000,1.0000,1.0000,-24.4839,-15.3037,"14.295:0.000:18.000",0.0000,"A1 actors are outside the blind-corner conflict zone"
3.9976,1,100,33,1.0000,1.0000,1.0000,1.0000,1.0000,1.0000,-24.5112,-15.3047,"14.252:0.000:18.000",0.0000,"A1 actors are outside the blind-corner conflict zone"
4.1078,1,100,34,1.0000,1.0000,1.0000,1.0000,1.0000,1.0000,-24.5052,-15.3044,"14.209:0.000:18.000",0.0000,"A1 actors are outside the blind-corner conflict zone"
4.2208,1,100,35,1.0000,1.0000,1.0000,1.0000,1.0000,1.0000,-24.5076,-15.3045,"14.165:0.000:18.000",0.1130,"A1 actors are outside the blind-corner conflict zone"
4.3532,1,100,36,1.0000,1.0000,1.0000,1.0000,1.0000,1.0000,-24.5344,-15.3047,"14.113:0.000:18.000",0.2453,"A1 actors are outside the blind-corner conflict zone"
4.4607,1,100,37,1.0000,1.0000,1.0000,1.0000,1.0000,1.0000,-24.5445,-15.3049,"14.071:0.000:18.000",0.0000,"A1 actors are outside the blind-corner conflict zone"
4.5777,1,100,38,1.0000,1.0000,1.0000,1.0000,1.0000,1.0000,-24.5290,-15.3048,"14.026:0.000:18.000",0.1171,"A1 actors are outside the blind-corner conflict zone"
4.6952,1,100,39,1.0000,1.0000,1.0000,1.0000,1.0000,1.0000,-24.5248,-15.3048,"13.980:0.000:18.000",0.0000,"A1 actors are outside the blind-corner conflict zone"
4.8126,1,100,40,1.0000,1.0000,1.0000,1.0000,1.0000,1.0000,-24.5306,-15.3049,"13.934:0.000:18.000",0.0000,"A1 actors are outside the blind-corner conflict zone"
4.9353,1,100,41,1.0000,1.0000,1.0000,1.0000,1.0000,1.0000,-24.5254,-15.3043,"13.886:0.000:18.000",0.1227,"A1 actors are outside the blind-corner conflict zone"
5.0363,1,100,42,1.0000,1.0000,1.0000,1.0000,1.0000,1.0000,-24.5232,-15.3040,"13.847:0.000:18.000",0.2237,"A1 actors are outside the blind-corner conflict zone"
5.1406,1,100,43,1.0000,1.0000,1.0000,1.0000,1.0000,1.0000,-24.4985,-15.3055,"13.806:0.000:18.000",0.3280,"A1 actors are outside the blind-corner conflict zone"
5.2460,1,100,44,1.0000,1.0000,1.0000,1.0000,1.0000,1.0000,-24.4842,-15.3046,"13.765:0.000:18.000",0.4335,"A1 actors are outside the blind-corner conflict zone"
5.3490,1,100,45,1.0000,1.0000,1.0000,1.0000,1.0000,1.0000,-24.4685,-15.3035,"13.725:0.000:18.000",0.0000,"A1 actors are outside the blind-corner conflict zone"
5.4497,1,100,46,1.0000,1.0000,1.0000,1.0000,1.0000,1.0000,-24.4582,-15.3042,"13.686:0.000:18.000",0.0000,"A1 actors are outside the blind-corner conflict zone"
5.5513,1,100,47,1.0000,1.0000,1.0000,1.0000,1.0000,1.0000,-24.4384,-15.3046,"13.646:0.000:18.000",0.0000,"A1 actors are outside the blind-corner conflict zone"
5.6597,1,100,48,1.0000,1.0000,1.0000,1.0000,1.0000,1.0000,-24.4431,-15.3041,"13.604:0.000:18.000",0.0000,"A1 actors are outside the blind-corner conflict zone"
5.7632,1,100,49,1.0000,1.0000,1.0000,1.0000,1.0000,1.0000,-24.4373,-15.3046,"13.563:0.000:18.000",0.1036,"A1 actors are outside the blind-corner conflict zone"
5.8715,1,100,50,1.0000,1.0000,1.0000,1.0000,1.0000,1.0000,-24.4304,-15.3049,"13.521:0.000:18.000",0.2118,"A1 actors are outside the blind-corner conflict zone"
5.9767,1,100,51,1.0000,1.0000,1.0000,1.0000,1.0000,1.0000,-24.4350,-15.3056,"13.480:0.000:18.000",0.0000,"A1 actors are outside the blind-corner conflict zone"
6.0838,1,100,52,1.0000,1.0000,1.0000,1.0000,1.0000,1.0000,-24.4428,-15.3054,"13.438:0.000:18.000",0.0000,"A1 actors are outside the blind-corner conflict zone"
6.1855,1,100,53,1.0000,1.0000,1.0000,1.0000,1.0000,1.0000,-24.4400,-15.3060,"13.399:0.000:18.000",0.1017,"A1 actors are outside the blind-corner conflict zone"
6.2875,1,100,54,1.0000,1.0000,1.0000,1.0000,1.0000,1.0000,-24.4437,-15.3056,"13.359:0.000:18.000",0.0000,"A1 actors are outside the blind-corner conflict zone"
6.3934,1,100,55,1.0000,1.0000,1.0000,1.0000,1.0000,1.0000,-24.4596,-15.3050,"13.318:0.000:18.000",0.1059,"A1 actors are outside the blind-corner conflict zone"
6.4937,1,100,56,1.0000,1.0000,1.0000,1.0000,1.0000,1.0000,-24.4659,-15.3059,"13.278:0.000:18.000",0.0000,"A1 actors are outside the blind-corner conflict zone"
6.5980,1,100,57,1.0000,1.0000,1.0000,1.0000,1.0000,1.0000,-24.4457,-15.3039,"13.238:0.000:18.000",0.0000,"A1 actors are outside the blind-corner conflict zone"
6.6995,1,100,58,1.0000,1.0000,1.0000,1.0000,1.0000,1.0000,-24.4760,-15.3054,"13.198:0.000:18.000",0.0000,"A1 actors are outside the blind-corner conflict zone"
6.7996,1,100,59,1.0000,1.0000,1.0000,1.0000,1.0000,1.0000,-24.4614,-15.3045,"13.159:0.000:18.000",0.0000,"A1 actors are outside the blind-corner conflict zone"
6.9000,1,100,60,1.0000,1.0000,1.0000,1.0000,1.0000,1.0000,-24.4587,-15.3045,"13.120:0.000:18.000",0.0000,"A1 actors are outside the blind-corner conflict zone"
7.0076,1,100,61,1.0000,1.0000,1.0000,1.0000,1.0000,1.0000,-24.4627,-15.3038,"13.078:0.000:18.000",0.0000,"A1 actors are outside the blind-corner conflict zone"
7.1134,1,100,62,1.0000,1.0000,1.0000,1.0000,1.0000,1.0000,-24.4446,-15.3067,"13.037:0.000:18.000",0.1058,"A1 actors are outside the blind-corner conflict zone"
7.2214,1,100,63,1.0000,1.0000,1.0000,1.0000,1.0000,1.0000,-24.4306,-15.3085,"12.995:0.000:18.000",0.0000,"A1 actors are outside the blind-corner conflict zone"
7.3269,1,100,64,1.0000,1.0000,1.0000,1.0000,1.0000,1.0000,-24.4175,-15.3105,"12.954:0.000:18.000",0.1056,"A1 actors are outside the blind-corner conflict zone"
7.4317,1,100,65,1.0000,1.0000,1.0000,1.0000,1.0000,1.0000,-24.4149,-15.3112,"12.913:0.000:18.000",0.0000,"A1 actors are outside the blind-corner conflict zone"
7.5377,1,100,66,1.0000,1.0000,1.0000,1.0000,1.0000,1.0000,-24.4284,-15.3093,"12.871:0.000:18.000",0.0000,"A1 actors are outside the blind-corner conflict zone"
7.6444,1,100,67,1.0000,1.0000,1.0000,1.0000,1.0000,1.0000,-24.4161,-15.3116,"12.830:0.000:18.000",0.1067,"A1 actors are outside the blind-corner conflict zone"
7.7518,1,100,68,1.0000,1.0000,1.0000,1.0000,1.0000,1.0000,-24.3864,-15.3168,"12.788:0.000:18.000",0.0000,"A1 actors are outside the blind-corner conflict zone"
7.8563,1,100,69,1.0000,1.0000,1.0000,1.0000,1.0000,1.0000,-24.3972,-15.3148,"12.747:0.000:18.000",0.0000,"A1 actors are outside the blind-corner conflict zone"
7.9692,1,100,70,1.0000,1.0000,1.0000,1.0000,1.0000,1.0000,-24.3792,-15.3181,"12.703:0.000:18.000",0.1129,"A1 actors are outside the blind-corner conflict zone"
8.0724,1,100,71,1.0000,1.0000,1.0000,1.0000,1.0000,1.0000,-24.3922,-15.3143,"12.663:0.000:18.000",0.0000,"A1 actors are outside the blind-corner conflict zone"
8.1738,1,100,72,1.0000,1.0000,1.0000,1.0000,1.0000,1.0000,-24.3886,-15.3175,"12.623:0.000:18.000",0.0000,"A1 actors are outside the blind-corner conflict zone"
8.2761,1,100,73,1.0000,1.0000,1.0000,1.0000,1.0000,1.0000,-24.4146,-15.2996,"12.583:0.000:18.000",0.0000,"A1 actors are outside the blind-corner conflict zone"
8.3818,1,100,74,1.0000,1.0000,1.0000,1.0000,1.0000,1.0000,-24.4446,-15.2689,"12.542:0.000:18.000",0.0000,"A1 actors are outside the blind-corner conflict zone"
8.4868,1,100,75,1.0000,1.0000,1.0000,1.0000,1.0000,1.0000,-24.4595,-15.2493,"12.501:0.000:18.000",0.0000,"A1 actors are outside the blind-corner conflict zone"
8.5890,1,100,76,1.0000,1.0000,1.0000,1.0000,1.0000,1.0000,-24.4793,-15.2153,"12.461:0.000:18.000",0.0000,"A1 actors are outside the blind-corner conflict zone"
8.6937,1,100,77,1.0000,1.0000,1.0000,1.0000,1.0000,1.0000,-24.5007,-15.1644,"12.420:0.000:18.000",0.0000,"A1 actors are outside the blind-corner conflict zone"
8.7997,1,100,78,1.0000,1.0000,1.0000,1.0000,1.0000,1.0000,-24.5177,-15.1049,"12.379:0.000:18.000",0.1060,"A1 actors are outside the blind-corner conflict zone"
8.9055,1,100,79,1.0000,1.0000,1.0000,1.0000,1.0000,1.0000,-24.5288,-15.0487,"12.338:0.000:18.000",0.0000,"A1 actors are outside the blind-corner conflict zone"
9.0072,1,100,80,1.0000,1.0000,1.0000,1.0000,1.0000,1.0000,-24.5339,-14.9967,"12.298:0.000:18.000",0.1017,"A1 actors are outside the blind-corner conflict zone"
9.1103,1,100,81,1.0000,1.0000,1.0000,1.0000,1.0000,1.0000,-24.5332,-14.9463,"12.258:0.000:18.000",0.0000,"A1 actors are outside the blind-corner conflict zone"
9.2110,1,100,82,1.0000,1.0000,1.0000,1.0000,1.0000,1.0000,-24.5226,-14.8618,"12.219:0.000:18.000",0.0000,"A1 actors are outside the blind-corner conflict zone"
9.3147,1,100,83,1.0000,1.0000,1.0000,1.0000,1.0000,1.0000,-24.4932,-14.7610,"12.178:0.000:18.000",0.1036,"A1 actors are outside the blind-corner conflict zone"
9.4162,1,100,84,1.0000,1.0000,1.0000,1.0000,1.0000,1.0000,-24.4630,-14.6726,"12.139:0.000:18.000",0.0000,"A1 actors are outside the blind-corner conflict zone"
9.5225,1,100,85,1.0000,1.0000,1.0000,1.0000,1.0000,1.0000,-24.4258,-14.5807,"12.097:0.000:18.000",0.0000,"A1 actors are outside the blind-corner conflict zone"
9.6259,1,100,86,1.0000,1.0000,1.0000,1.0000,1.0000,1.0000,-24.3890,-14.4924,"12.057:0.000:18.000",0.0000,"A1 actors are outside the blind-corner conflict zone"
9.7310,1,100,87,1.0000,1.0000,1.0000,1.0000,1.0000,1.0000,-24.3284,-14.3744,"12.016:0.000:18.000",0.1050,"A1 actors are outside the blind-corner conflict zone"
9.8313,1,100,88,1.0000,1.0000,1.0000,1.0000,1.0000,1.0000,-24.2830,-14.2842,"11.977:0.000:18.000",0.2053,"A1 actors are outside the blind-corner conflict zone"
9.9322,1,100,89,1.0000,1.0000,1.0000,1.0000,1.0000,1.0000,-24.2082,-14.1381,"11.937:0.000:18.000",0.0000,"A1 actors are outside the blind-corner conflict zone"
10.0356,1,100,90,1.0000,1.0000,1.0000,1.0000,1.0000,1.0000,-24.1348,-14.0271,"11.897:0.000:18.000",0.0000,"A1 actors are outside the blind-corner conflict zone"
10.1368,1,100,91,1.0000,1.0000,1.0000,1.0000,1.0000,1.0000,-24.0534,-13.9297,"11.858:0.000:18.000",0.0000,"A1 actors are outside the blind-corner conflict zone"
10.2431,1,100,92,1.0000,1.0000,1.0000,1.0000,1.0000,1.0000,-23.9799,-13.8446,"11.816:0.000:18.000",0.1063,"A1 actors are outside the blind-corner conflict zone"
10.3434,1,100,93,1.0000,1.0000,1.0000,1.0000,1.0000,1.0000,-23.9001,-13.7648,"11.777:0.000:18.000",0.0000,"A1 actors are outside the blind-corner conflict zone"
10.4443,1,100,94,1.0000,1.0000,1.0000,1.0000,1.0000,1.0000,-23.8169,-13.6905,"11.738:0.000:18.000",0.0000,"A1 actors are outside the blind-corner conflict zone"
10.5478,1,100,95,1.0000,1.0000,1.0000,1.0000,1.0000,1.0000,-23.7518,-13.6370,"11.697:0.000:18.000",0.0000,"A1 actors are outside the blind-corner conflict zone"
10.6498,1,100,96,1.0000,1.0000,1.0000,1.0000,1.0000,1.0000,-23.6392,-13.5391,"11.658:0.000:18.000",0.0000,"A1 actors are outside the blind-corner conflict zone"
10.7538,1,100,97,1.0000,1.0000,1.0000,1.0000,1.0000,1.0000,-23.5422,-13.4752,"11.617:0.000:18.000",0.0000,"A1 actors are outside the blind-corner conflict zone"
10.8588,1,100,98,1.0000,1.0000,1.0000,1.0000,1.0000,1.0000,-23.4335,-13.4212,"11.576:0.000:18.000",0.0000,"A1 actors are outside the blind-corner conflict zone"
10.9632,1,100,99,1.0000,1.0000,1.0000,1.0000,1.0000,1.0000,-23.3136,-13.3462,"11.535:0.000:18.000",0.1044,"A1 actors are outside the blind-corner conflict zone"
11.0646,1,100,100,1.0000,1.0000,1.0000,1.0000,1.0000,1.0000,-23.2208,-13.2761,"11.496:0.000:18.000",0.0000,"A1 actors are outside the blind-corner conflict zone"
11.1681,1,100,101,1.0000,1.0000,1.0000,1.0000,1.0000,1.0000,-23.1417,-13.2132,"11.455:0.000:18.000",0.1035,"A1 actors are outside the blind-corner conflict zone"
11.2702,1,100,102,1.0000,1.0000,1.0000,1.0000,1.0000,1.0000,-23.0492,-13.1453,"11.416:0.000:18.000",0.2056,"A1 actors are outside the blind-corner conflict zone"
11.3720,1,100,103,1.0000,1.0000,1.0000,1.0000,1.0000,1.0000,-22.9404,-13.0680,"11.376:0.000:18.000",0.0000,"A1 actors are outside the blind-corner conflict zone"
11.4747,1,100,104,1.0000,1.0000,1.0000,1.0000,1.0000,1.0000,-22.8395,-12.9914,"11.336:0.000:18.000",0.0000,"A1 actors are outside the blind-corner conflict zone"
11.5765,1,100,105,1.0000,1.0000,1.0000,1.0000,1.0000,1.0000,-22.7503,-12.9277,"11.296:0.000:18.000",0.0000,"A1 actors are outside the blind-corner conflict zone"
11.6769,1,100,106,1.0000,1.0000,1.0000,1.0000,1.0000,1.0000,-22.6725,-12.8732,"11.257:0.000:18.000",0.1004,"A1 actors are outside the blind-corner conflict zone"
11.7791,1,100,107,1.0000,1.0000,1.0000,1.0000,1.0000,1.0000,-22.5740,-12.8099,"11.217:0.000:18.000",0.2025,"A1 actors are outside the blind-corner conflict zone"
11.8844,1,100,108,1.0000,1.0000,1.0000,1.0000,1.0000,1.0000,-22.4578,-12.7378,"11.176:0.000:18.000",0.3079,"A1 actors are outside the blind-corner conflict zone"
11.9858,1,100,109,1.0000,1.0000,1.0000,1.0000,1.0000,1.0000,-22.3629,-12.6856,"11.137:0.000:18.000",0.0000,"A1 actors are outside the blind-corner conflict zone"
12.0884,1,100,110,1.0000,1.0000,1.0000,1.0000,1.0000,1.0000,-22.2553,-12.6323,"11.097:0.000:18.000",0.0000,"A1 actors are outside the blind-corner conflict zone"
12.1922,1,100,111,1.0000,1.0000,1.0000,1.0000,1.0000,1.0000,-22.1286,-12.5707,"11.056:0.000:18.000",0.1038,"A1 actors are outside the blind-corner conflict zone"
12.3029,1,100,112,1.0000,1.0000,1.0000,1.0000,1.0000,1.0000,-22.0363,-12.5208,"11.013:0.000:18.000",0.2145,"A1 actors are outside the blind-corner conflict zone"
12.4076,1,100,113,1.0000,1.0000,1.0000,1.0000,1.0000,1.0000,-21.8979,-12.4405,"10.972:0.000:18.000",0.3191,"A1 actors are outside the blind-corner conflict zone"
12.5111,1,100,114,1.0000,1.0000,1.0000,1.0000,1.0000,1.0000,-21.8102,-12.3780,"10.932:0.000:18.000",0.0000,"A1 actors are outside the blind-corner conflict zone"
12.6167,1,100,115,1.0000,1.0000,1.0000,1.0000,1.0000,1.0000,-21.6906,-12.2862,"10.890:0.000:18.000",0.0000,"A1 actors are outside the blind-corner conflict zone"
12.7225,1,100,116,1.0000,1.0000,1.0000,1.0000,1.0000,1.0000,-21.6076,-12.2362,"10.849:0.000:18.000",0.1058,"A1 actors are outside the blind-corner conflict zone"
12.8293,1,100,117,1.0000,1.0000,1.0000,1.0000,1.0000,1.0000,-21.4926,-12.1734,"10.808:0.000:18.000",0.0000,"A1 actors are outside the blind-corner conflict zone"
12.9321,1,100,118,1.0000,1.0000,1.0000,1.0000,1.0000,1.0000,-21.3800,-12.1177,"10.767:0.000:18.000",0.0000,"A1 actors are outside the blind-corner conflict zone"
13.0394,1,100,119,1.0000,1.0000,1.0000,1.0000,1.0000,1.0000,-21.2478,-12.0547,"10.726:0.000:18.000",0.0000,"A1 actors are outside the blind-corner conflict zone"
13.1413,1,100,120,1.0000,1.0000,1.0000,1.0000,1.0000,1.0000,-21.1533,-12.0038,"10.686:0.000:18.000",0.0000,"A1 actors are outside the blind-corner conflict zone"
13.2418,1,100,121,1.0000,1.0000,1.0000,1.0000,1.0000,1.0000,-21.0147,-11.9313,"10.647:0.000:18.000",0.0000,"A1 actors are outside the blind-corner conflict zone"
13.3477,1,100,122,1.0000,1.0000,1.0000,1.0000,1.0000,1.0000,-20.9128,-11.8769,"10.605:0.000:18.000",0.1059,"A1 actors are outside the blind-corner conflict zone"
13.4545,1,100,123,1.0000,1.0000,1.0000,1.0000,1.0000,1.0000,-20.8007,-11.8129,"10.564:0.000:18.000",0.0000,"A1 actors are outside the blind-corner conflict zone"
13.5594,1,100,124,1.0000,1.0000,1.0000,1.0000,1.0000,1.0000,-20.6989,-11.7509,"10.523:0.000:18.000",0.0000,"A1 actors are outside the blind-corner conflict zone"
13.6609,1,100,125,1.0000,1.0000,1.0000,1.0000,1.0000,1.0000,-20.6040,-11.6978,"10.483:0.000:18.000",0.1016,"A1 actors are outside the blind-corner conflict zone"
13.7666,1,100,126,1.0000,1.0000,1.0000,1.0000,1.0000,1.0000,-20.4638,-11.6100,"10.442:0.000:18.000",0.0000,"A1 actors are outside the blind-corner conflict zone"
13.8727,1,100,127,1.0000,1.0000,1.0000,1.0000,1.0000,1.0000,-20.3660,-11.5566,"10.401:0.000:18.000",0.0000,"A1 actors are outside the blind-corner conflict zone"
13.9759,1,100,128,1.0000,1.0000,1.0000,1.0000,1.0000,1.0000,-20.2474,-11.5070,"10.360:0.000:18.000",0.0000,"A1 actors are outside the blind-corner conflict zone"
14.0807,1,100,129,1.0000,1.0000,1.0000,1.0000,1.0000,1.0000,-20.1188,-11.4610,"10.320:0.000:18.000",0.1047,"A1 actors are outside the blind-corner conflict zone"
14.1818,1,100,130,1.0000,1.0000,1.0000,1.0000,1.0000,1.0000,-20.0260,-11.4340,"10.280:0.000:18.000",0.0000,"A1 actors are outside the blind-corner conflict zone"
14.2930,1,100,131,1.0000,1.0000,1.0000,1.0000,1.0000,1.0000,-19.8991,-11.3983,"10.237:0.000:18.000",0.0000,"A1 actors are outside the blind-corner conflict zone"
14.3974,1,100,132,1.0000,1.0000,1.0000,1.0000,1.0000,1.0000,-19.8104,-11.3731,"10.196:0.000:18.000",0.0000,"A1 actors are outside the blind-corner conflict zone"
14.5002,1,100,133,1.0000,1.0000,1.0000,1.0000,1.0000,1.0000,-19.7020,-11.3351,"10.156:0.000:18.000",0.0000,"A1 actors are outside the blind-corner conflict zone"
14.6041,1,100,134,1.0000,1.0000,1.0000,1.0000,1.0000,1.0000,-19.5648,-11.2740,"10.115:0.000:18.000",0.1039,"A1 actors are outside the blind-corner conflict zone"
14.7084,1,100,135,1.0000,1.0000,1.0000,1.0000,1.0000,1.0000,-19.4667,-11.2293,"10.075:0.000:18.000",0.2082,"A1 actors are outside the blind-corner conflict zone"
14.8119,1,100,136,1.0000,1.0000,1.0000,1.0000,1.0000,1.0000,-19.3285,-11.1620,"10.034:0.000:18.000",0.3117,"A1 actors are outside the blind-corner conflict zone"
14.9164,1,100,137,1.0000,1.0000,1.0000,1.0000,1.0000,1.0000,-19.2313,-11.1027,"9.994:0.000:18.000",0.0000,"A1 actors are outside the blind-corner conflict zone"
15.0222,1,100,138,1.0000,1.0000,1.0000,1.0000,1.0000,1.0000,-19.1063,-11.0258,"9.952:0.000:18.000",0.0000,"A1 actors are outside the blind-corner conflict zone"
15.1237,1,100,139,1.0000,1.0000,1.0000,1.0000,1.0000,1.0000,-18.9935,-10.9628,"9.913:0.000:18.000",0.1015,"A1 actors are outside the blind-corner conflict zone"
15.2245,1,100,140,1.0000,1.0000,1.0000,1.0000,1.0000,1.0000,-18.9146,-10.9294,"9.873:0.000:18.000",0.0000,"A1 actors are outside the blind-corner conflict zone"
15.3263,1,100,141,1.0000,1.0000,1.0000,1.0000,1.0000,1.0000,-18.7762,-10.8634,"9.834:0.000:18.000",0.0000,"A1 actors are outside the blind-corner conflict zone"
15.4344,1,100,142,1.0000,1.0000,1.0000,1.0000,1.0000,1.0000,-18.6729,-10.8141,"9.792:0.000:18.000",0.1081,"A1 actors are outside the blind-corner conflict zone"
15.5415,1,100,143,1.0000,1.0000,1.0000,1.0000,1.0000,1.0000,-18.5219,-10.7573,"9.750:0.000:18.000",0.0000,"A1 actors are outside the blind-corner conflict zone"
15.6460,1,100,144,1.0000,1.0000,1.0000,1.0000,1.0000,1.0000,-18.4109,-10.7165,"9.709:0.000:18.000",0.1045,"A1 actors are outside the blind-corner conflict zone"
15.7491,1,100,145,1.0000,1.0000,1.0000,1.0000,1.0000,1.0000,-18.2870,-10.6792,"9.669:0.000:18.000",0.0000,"A1 actors are outside the blind-corner conflict zone"
15.8563,1,100,146,1.0000,1.0000,1.0000,1.0000,1.0000,1.0000,-18.1812,-10.6450,"9.627:0.000:18.000",0.0000,"A1 actors are outside the blind-corner conflict zone"
15.9601,1,100,147,1.0000,1.0000,1.0000,1.0000,1.0000,1.0000,-18.0439,-10.6051,"9.587:0.000:18.000",0.0000,"A1 actors are outside the blind-corner conflict zone"
16.0652,1,100,148,1.0000,1.0000,1.0000,1.0000,1.0000,1.0000,-17.8820,-10.5650,"9.546:0.000:18.000",0.0000,"A1 actors are outside the blind-corner conflict zone"
16.1716,1,100,149,1.0000,1.0000,1.0000,1.0000,1.0000,1.0000,-17.7471,-10.5237,"9.504:0.000:18.000",0.1065,"A1 actors are outside the blind-corner conflict zone"
16.2758,1,100,150,1.0000,1.0000,1.0000,1.0000,1.0000,1.0000,-17.6385,-10.4832,"9.463:0.000:18.000",0.0000,"A1 actors are outside the blind-corner conflict zone"
16.3817,1,100,151,1.0000,1.0000,1.0000,1.0000,1.0000,1.0000,-17.4925,-10.4202,"9.422:0.000:18.000",0.1059,"A1 actors are outside the blind-corner conflict zone"
16.4849,1,100,152,1.0000,1.0000,1.0000,1.0000,1.0000,1.0000,-17.3951,-10.3826,"9.382:0.000:18.000",0.0000,"A1 actors are outside the blind-corner conflict zone"
16.5876,1,100,153,1.0000,1.0000,1.0000,1.0000,1.0000,1.0000,-17.2721,-10.3291,"9.342:0.000:18.000",0.0000,"A1 actors are outside the blind-corner conflict zone"
16.6938,1,100,154,1.0000,1.0000,1.0000,1.0000,1.0000,1.0000,-17.1487,-10.2793,"9.300:0.000:18.000",0.0000,"A1 actors are outside the blind-corner conflict zone"
16.7981,1,100,155,1.0000,1.0000,1.0000,1.0000,1.0000,1.0000,-17.0618,-10.2462,"9.260:0.000:18.000",0.1043,"A1 actors are outside the blind-corner conflict zone"
16.9028,1,100,156,1.0000,1.0000,1.0000,1.0000,1.0000,1.0000,-16.9334,-10.1934,"9.219:0.000:18.000",0.2090,"A1 actors are outside the blind-corner conflict zone"
17.0032,1,100,157,1.0000,1.0000,1.0000,1.0000,1.0000,1.0000,-16.8381,-10.1561,"9.180:0.000:18.000",0.0000,"A1 actors are outside the blind-corner conflict zone"
17.1108,1,100,158,1.0000,1.0000,1.0000,1.0000,1.0000,1.0000,-16.7100,-10.1115,"9.138:0.000:18.000",0.1075,"A1 actors are outside the blind-corner conflict zone"
17.2161,1,100,159,1.0000,1.0000,1.0000,1.0000,1.0000,1.0000,-16.6067,-10.0693,"9.097:0.000:18.000",0.0000,"A1 actors are outside the blind-corner conflict zone"
17.3197,1,100,160,1.0000,1.0000,1.0000,1.0000,1.0000,1.0000,-16.5066,-10.0236,"9.056:0.000:18.000",0.1035,"A1 actors are outside the blind-corner conflict zone"
17.4207,1,100,161,1.0000,1.0000,1.0000,1.0000,1.0000,1.0000,-16.3792,-9.9440,"9.017:0.000:18.000",0.0000,"A1 actors are outside the blind-corner conflict zone"
17.5242,1,100,162,1.0000,1.0000,1.0000,1.0000,1.0000,1.0000,-16.2896,-9.8827,"8.977:0.000:18.000",0.0000,"A1 actors are outside the blind-corner conflict zone"
17.6312,1,100,163,1.0000,1.0000,1.0000,1.0000,1.0000,1.0000,-16.2062,-9.8077,"8.935:0.000:18.000",0.0000,"A1 actors are outside the blind-corner conflict zone"
17.7328,1,100,164,1.0000,1.0000,1.0000,1.0000,1.0000,1.0000,-16.1213,-9.7178,"8.895:0.000:18.000",0.1016,"A1 actors are outside the blind-corner conflict zone"
17.8374,1,100,165,1.0000,1.0000,1.0000,1.0000,1.0000,1.0000,-16.0513,-9.6405,"8.854:0.000:18.000",0.0000,"A1 actors are outside the blind-corner conflict zone"
17.9405,1,100,166,1.0000,1.0000,1.0000,1.0000,1.0000,1.0000,-15.9390,-9.5244,"8.814:0.000:18.000",0.0000,"A1 actors are outside the blind-corner conflict zone"
18.0768,1,100,167,1.0000,1.0000,1.0000,1.0000,1.0000,1.0000,-15.8142,-9.4088,"8.761:0.000:18.000",0.0000,"A1 actors are outside the blind-corner conflict zone"
18.1809,1,100,168,1.0000,1.0000,1.0000,1.0000,1.0000,1.0000,-15.7551,-9.3555,"8.720:0.000:18.000",0.1042,"A1 actors are outside the blind-corner conflict zone"
18.2875,1,100,169,1.0000,1.0000,1.0000,1.0000,1.0000,1.0000,-15.6506,-9.2550,"8.679:0.000:18.000",0.2107,"A1 actors are outside the blind-corner conflict zone"
18.3892,1,100,170,1.0000,1.0000,1.0000,1.0000,1.0000,1.0000,-15.5660,-9.1804,"8.639:0.000:18.000",0.0000,"A1 actors are outside the blind-corner conflict zone"
18.4948,1,100,171,1.0000,1.0000,1.0000,1.0000,1.0000,1.0000,-15.4466,-9.0887,"8.598:0.000:18.000",0.0000,"A1 actors are outside the blind-corner conflict zone"
18.5972,1,100,172,1.0000,1.0000,1.0000,1.0000,1.0000,1.0000,-15.3442,-9.0181,"8.558:0.000:18.000",0.1024,"A1 actors are outside the blind-corner conflict zone"
18.7031,1,100,173,1.0000,1.0000,1.0000,1.0000,1.0000,1.0000,-15.2308,-8.9633,"8.517:0.000:18.000",0.0000,"A1 actors are outside the blind-corner conflict zone"
18.8083,1,100,174,1.0000,1.0000,1.0000,1.0000,1.0000,1.0000,-15.1380,-8.9203,"8.476:0.000:18.000",0.0000,"A1 actors are outside the blind-corner conflict zone"
18.9148,1,100,175,1.0000,1.0000,1.0000,1.0000,1.0000,1.0000,-15.0354,-8.8665,"8.434:0.000:18.000",0.0000,"A1 actors are outside the blind-corner conflict zone"
19.0150,1,100,176,1.0000,1.0000,1.0000,1.0000,1.0000,1.0000,-14.9341,-8.8041,"8.395:0.000:18.000",0.0000,"A1 actors are outside the blind-corner conflict zone"
19.1178,1,100,177,1.0000,1.0000,1.0000,1.0000,1.0000,1.0000,-14.8238,-8.7405,"8.355:0.000:18.000",0.0000,"A1 actors are outside the blind-corner conflict zone"
19.2184,1,100,178,1.0000,1.0000,1.0000,1.0000,1.0000,1.0000,-14.7371,-8.6924,"8.316:0.000:18.000",0.1006,"A1 actors are outside the blind-corner conflict zone"
19.3279,1,100,179,1.0000,1.0000,1.0000,1.0000,1.0000,1.0000,-14.6121,-8.6163,"8.273:0.000:18.000",0.2102,"A1 actors are outside the blind-corner conflict zone"
19.4332,1,100,180,1.0000,1.0000,1.0000,1.0000,1.0000,1.0000,-14.5154,-8.5452,"8.232:0.000:18.000",0.0000,"A1 actors are outside the blind-corner conflict zone"
19.5373,1,100,181,1.0000,1.0000,1.0000,1.0000,1.0000,1.0000,-14.4158,-8.4721,"8.191:0.000:18.000",0.0000,"A1 actors are outside the blind-corner conflict zone"
19.6390,1,100,182,1.0000,1.0000,1.0000,1.0000,1.0000,1.0000,-14.3037,-8.3855,"8.152:0.000:18.000",0.1017,"A1 actors are outside the blind-corner conflict zone"
19.7418,1,100,183,1.0000,1.0000,1.0000,1.0000,1.0000,1.0000,-14.2086,-8.3112,"8.112:0.000:18.000",0.2045,"A1 actors are outside the blind-corner conflict zone"
19.8451,1,100,184,1.0000,1.0000,1.0000,1.0000,1.0000,1.0000,-14.1200,-8.2445,"8.071:0.000:18.000",0.0000,"A1 actors are outside the blind-corner conflict zone"
19.9479,1,100,185,1.0000,1.0000,1.0000,1.0000,1.0000,1.0000,-14.0085,-8.1520,"8.031:0.000:18.000",0.0000,"A1 actors are outside the blind-corner conflict zone"
20.0516,1,100,186,1.0000,1.0000,1.0000,1.0000,1.0000,1.0000,-13.9255,-8.0675,"7.991:0.000:18.000",0.0000,"A1 actors are outside the blind-corner conflict zone"
20.1569,1,100,187,1.0000,1.0000,1.0000,1.0000,1.0000,1.0000,-13.8212,-7.9359,"7.950:0.000:18.000",0.1052,"A1 actors are outside the blind-corner conflict zone"
20.2624,1,100,188,1.0000,1.0000,1.0000,1.0000,1.0000,1.0000,-13.7331,-7.8335,"7.909:0.000:18.000",0.0000,"A1 actors are outside the blind-corner conflict zone"
20.3638,1,100,189,1.0000,1.0000,1.0000,1.0000,1.0000,1.0000,-13.6475,-7.7371,"7.869:0.000:18.000",0.0000,"A1 actors are outside the blind-corner conflict zone"
20.4708,1,100,190,1.0000,1.0000,1.0000,1.0000,1.0000,1.0000,-13.5442,-7.6125,"7.827:0.000:18.000",0.0000,"A1 actors are outside the blind-corner conflict zone"
20.5747,1,100,191,1.0000,1.0000,1.0000,1.0000,1.0000,1.0000,-13.4537,-7.5102,"7.787:0.000:18.000",0.1039,"A1 actors are outside the blind-corner conflict zone"
20.6798,1,100,192,1.0000,1.0000,1.0000,1.0000,1.0000,1.0000,-13.3788,-7.4262,"7.746:0.000:18.000",0.2090,"A1 actors are outside the blind-corner conflict zone"
20.7870,1,100,193,1.0000,1.0000,1.0000,1.0000,1.0000,1.0000,-13.2932,-7.3306,"7.704:0.000:18.000",0.0000,"A1 actors are outside the blind-corner conflict zone"
20.8962,1,100,194,1.0000,1.0000,1.0000,1.0000,1.0000,1.0000,-13.1844,-7.2249,"7.661:0.000:18.000",0.0000,"A1 actors are outside the blind-corner conflict zone"
21.0025,1,100,195,1.0000,1.0000,1.0000,1.0000,1.0000,1.0000,-13.0997,-7.1537,"7.620:0.000:18.000",0.1062,"A1 actors are outside the blind-corner conflict zone"
21.1064,1,100,196,1.0000,1.0000,1.0000,1.0000,1.0000,1.0000,-12.9803,-7.0407,"7.580:0.000:18.000",0.2101,"A1 actors are outside the blind-corner conflict zone"
21.2073,1,100,197,1.0000,1.0000,1.0000,1.0000,1.0000,1.0000,-12.9104,-6.9788,"7.540:0.000:18.000",0.3110,"A1 actors are outside the blind-corner conflict zone"
21.3096,1,100,198,1.0000,1.0000,1.0000,1.0000,1.0000,1.0000,-12.8060,-6.9002,"7.500:0.000:18.000",0.4133,"A1 actors are outside the blind-corner conflict zone"
21.4134,1,100,199,1.0000,1.0000,1.0000,1.0000,1.0000,1.0000,-12.7175,-6.8423,"7.460:0.000:18.000",0.0000,"A1 actors are outside the blind-corner conflict zone"
21.5171,1,100,200,1.0000,1.0000,1.0000,1.0000,1.0000,1.0000,-12.6238,-6.7822,"7.419:0.000:18.000",0.1037,"A1 actors are outside the blind-corner conflict zone"
21.6229,1,100,201,1.0000,1.0000,1.0000,1.0000,1.0000,1.0000,-12.5273,-6.7211,"7.378:0.000:18.000",0.0000,"A1 actors are outside the blind-corner conflict zone"
21.7266,1,100,202,1.0000,1.0000,1.0000,1.0000,1.0000,1.0000,-12.4168,-6.6531,"7.338:0.000:18.000",0.0000,"A1 actors are outside the blind-corner conflict zone"
21.8327,1,100,203,1.0000,1.0000,1.0000,1.0000,1.0000,1.0000,-12.3098,-6.5867,"7.296:0.000:18.000",0.1062,"A1 actors are outside the blind-corner conflict zone"
21.9368,1,100,204,1.0000,1.0000,1.0000,1.0000,1.0000,1.0000,-12.2023,-6.4920,"7.256:0.000:18.000",0.0000,"A1 actors are outside the blind-corner conflict zone"
22.0391,1,100,205,1.0000,1.0000,1.0000,1.0000,1.0000,1.0000,-12.1132,-6.4215,"7.216:0.000:18.000",0.1024,"A1 actors are outside the blind-corner conflict zone"
22.1403,1,100,206,1.0000,1.0000,1.0000,1.0000,1.0000,1.0000,-12.0291,-6.3513,"7.176:0.000:18.000",0.0000,"A1 actors are outside the blind-corner conflict zone"
22.2421,1,100,207,1.0000,1.0000,1.0000,1.0000,1.0000,1.0000,-11.9234,-6.2355,"7.137:0.000:18.000",0.0000,"A1 actors are outside the blind-corner conflict zone"
22.3501,1,100,208,1.0000,1.0000,1.0000,1.0000,1.0000,1.0000,-11.8447,-6.1493,"7.094:0.000:18.000",0.0000,"A1 actors are outside the blind-corner conflict zone"
22.4532,1,100,209,1.0000,1.0000,1.0000,1.0000,1.0000,1.0000,-11.7600,-6.0110,"7.054:0.000:18.000",0.0000,"A1 actors are outside the blind-corner conflict zone"
22.5542,1,100,210,1.0000,1.0000,1.0000,1.0000,1.0000,1.0000,-11.7179,-5.9165,"7.015:0.000:18.000",0.1010,"A1 actors are outside the blind-corner conflict zone"
22.6557,1,100,211,1.0000,1.0000,1.0000,1.0000,1.0000,1.0000,-11.6596,-5.7998,"6.975:0.000:18.000",0.0000,"A1 actors are outside the blind-corner conflict zone"
22.7607,1,100,212,1.0000,1.0000,1.0000,1.0000,1.0000,1.0000,-11.6071,-5.6908,"6.934:0.000:18.000",0.0000,"A1 actors are outside the blind-corner conflict zone"
22.8667,1,100,213,1.0000,1.0000,1.0000,1.0000,1.0000,1.0000,-11.5451,-5.5637,"6.893:0.000:18.000",0.1060,"A1 actors are outside the blind-corner conflict zone"
22.9720,1,100,214,1.0000,1.0000,1.0000,1.0000,1.0000,1.0000,-11.4934,-5.4722,"6.852:0.000:18.000",0.2113,"A1 actors are outside the blind-corner conflict zone"
23.0728,1,100,215,1.0000,1.0000,1.0000,1.0000,1.0000,1.0000,-11.4250,-5.3706,"6.813:0.000:18.000",0.0000,"A1 actors are outside the blind-corner conflict zone"
23.1765,1,100,216,1.0000,1.0000,1.0000,1.0000,1.0000,1.0000,-11.3581,-5.2687,"6.772:0.000:18.000",0.0000,"A1 actors are outside the blind-corner conflict zone"
23.2773,1,100,217,1.0000,1.0000,1.0000,1.0000,1.0000,1.0000,-11.3044,-5.1876,"6.733:0.000:18.000",0.1008,"A1 actors are outside the blind-corner conflict zone"
23.3841,1,100,218,1.0000,1.0000,1.0000,1.0000,1.0000,1.0000,-11.2255,-5.0721,"6.691:0.000:18.000",0.2076,"A1 actors are outside the blind-corner conflict zone"
23.4847,1,100,219,1.0000,1.0000,1.0000,1.0000,1.0000,1.0000,-11.1550,-4.9691,"6.652:0.000:18.000",0.3082,"A1 actors are outside the blind-corner conflict zone"
23.5903,1,100,220,1.0000,1.0000,1.0000,1.0000,1.0000,1.0000,-11.0714,-4.8331,"6.611:0.000:18.000",0.0000,"A1 actors are outside the blind-corner conflict zone"
23.6910,1,100,221,1.0000,1.0000,1.0000,1.0000,1.0000,1.0000,-11.0124,-4.7234,"6.571:0.000:18.000",0.1007,"A1 actors are outside the blind-corner conflict zone"
23.7947,1,100,222,1.0000,1.0000,1.0000,1.0000,1.0000,1.0000,-10.9587,-4.6174,"6.531:0.000:18.000",0.0000,"A1 actors are outside the blind-corner conflict zone"
23.8963,1,100,223,1.0000,1.0000,1.0000,1.0000,1.0000,1.0000,-10.9074,-4.4922,"6.491:0.000:18.000",0.0000,"A1 actors are outside the blind-corner conflict zone"
24.0014,1,100,224,1.0000,1.0000,1.0000,1.0000,1.0000,1.0000,-10.8743,-4.4013,"6.450:0.000:18.000",0.1051,"A1 actors are outside the blind-corner conflict zone"
24.1067,1,100,225,1.0000,1.0000,1.0000,1.0000,1.0000,1.0000,-10.8335,-4.2804,"6.409:0.000:18.000",0.0000,"A1 actors are outside the blind-corner conflict zone"
24.2123,1,100,226,1.0000,1.0000,1.0000,1.0000,1.0000,1.0000,-10.7959,-4.1528,"6.368:0.000:18.000",0.0000,"A1 actors are outside the blind-corner conflict zone"
24.3146,1,100,227,1.0000,1.0000,1.0000,1.0000,1.0000,1.0000,-10.7632,-4.0227,"6.328:0.000:18.000",0.0000,"A1 actors are outside the blind-corner conflict zone"
24.4193,1,100,228,1.0000,1.0000,1.0000,1.0000,1.0000,1.0000,-10.7353,-3.8978,"6.287:0.000:18.000",0.0000,"A1 actors are outside the blind-corner conflict zone"
24.5239,1,100,229,1.0000,1.0000,1.0000,1.0000,1.0000,1.0000,-10.6919,-3.7697,"6.247:0.000:18.000",0.1046,"A1 actors are outside the blind-corner conflict zone"
24.6301,1,100,230,1.0000,1.0000,1.0000,1.0000,1.0000,1.0000,-10.6464,-3.6308,"6.205:0.000:18.000",0.2108,"A1 actors are outside the blind-corner conflict zone"
24.7323,1,100,231,1.0000,1.0000,1.0000,1.0000,1.0000,1.0000,-10.6175,-3.5290,"6.165:0.000:18.000",0.0000,"A1 actors are outside the blind-corner conflict zone"
24.8375,1,100,232,1.0000,1.0000,1.0000,1.0000,1.0000,1.0000,-10.5906,-3.4159,"6.124:0.000:18.000",0.1053,"A1 actors are outside the blind-corner conflict zone"
24.9392,1,100,233,1.0000,1.0000,1.0000,1.0000,1.0000,1.0000,-10.5585,-3.3021,"6.085:0.000:18.000",0.2069,"A1 actors are outside the blind-corner conflict zone"
25.0443,1,100,234,1.0000,1.0000,1.0000,1.0000,1.0000,1.0000,-10.5182,-3.1754,"6.044:0.000:18.000",0.0000,"A1 actors are outside the blind-corner conflict zone"
25.1454,1,100,235,1.0000,1.0000,1.0000,1.0000,1.0000,1.0000,-10.4867,-3.0812,"6.004:0.000:18.000",0.1011,"A1 actors are outside the blind-corner conflict zone"
25.2487,1,100,236,1.0000,1.0000,1.0000,1.0000,1.0000,1.0000,-10.4410,-2.9723,"5.964:0.000:18.000",0.2045,"A1 actors are outside the blind-corner conflict zone"
25.3532,1,100,237,1.0000,1.0000,1.0000,1.0000,1.0000,1.0000,-10.3882,-2.8544,"5.923:0.000:18.000",0.0000,"A1 actors are outside the blind-corner conflict zone"
25.4567,1,100,238,1.0000,1.0000,1.0000,1.0000,1.0000,1.0000,-10.3382,-2.7614,"5.883:0.000:18.000",0.1034,"A1 actors are outside the blind-corner conflict zone"
25.5579,1,100,239,1.0000,1.0000,1.0000,1.0000,1.0000,1.0000,-10.2857,-2.6819,"5.843:0.000:18.000",0.0000,"A1 actors are outside the blind-corner conflict zone"
25.6621,1,100,240,1.0000,1.0000,1.0000,1.0000,1.0000,1.0000,-10.1880,-2.5658,"5.803:0.000:18.000",0.0000,"A1 actors are outside the blind-corner conflict zone"
25.7650,1,100,241,1.0000,1.0000,1.0000,1.0000,1.0000,1.0000,-10.1177,-2.4933,"5.763:0.000:18.000",0.0000,"A1 actors are outside the blind-corner conflict zone"
25.8659,1,100,242,1.0000,1.0000,1.0000,1.0000,1.0000,1.0000,-10.0325,-2.4253,"5.723:0.000:18.000",0.0000,"A1 actors are outside the blind-corner conflict zone"
25.9662,1,100,243,1.0000,1.0000,1.0000,1.0000,1.0000,1.0000,-9.9398,-2.3589,"5.684:0.000:18.000",0.0000,"A1 actors are outside the blind-corner conflict zone"
26.0687,1,100,244,1.0000,1.0000,1.0000,1.0000,1.0000,1.0000,-9.8055,-2.2731,"5.644:0.000:18.000",0.0000,"A1 actors are outside the blind-corner conflict zone"
26.1735,1,100,245,1.0000,1.0000,1.0000,1.0000,1.0000,1.0000,-9.7000,-2.2097,"5.603:0.000:18.000",0.1048,"A1 actors are outside the blind-corner conflict zone"
26.2737,1,100,246,1.0000,1.0000,1.0000,1.0000,1.0000,1.0000,-9.6045,-2.1307,"5.564:0.000:18.000",0.0000,"A1 actors are outside the blind-corner conflict zone"
26.3749,1,100,247,1.0000,1.0000,1.0000,1.0000,1.0000,1.0000,-9.5186,-2.0504,"5.525:0.000:18.000",0.0000,"A1 actors are outside the blind-corner conflict zone"
26.4776,1,100,248,1.0000,1.0000,1.0000,1.0000,1.0000,1.0000,-9.4027,-1.9460,"5.485:0.000:18.000",0.1027,"A1 actors are outside the blind-corner conflict zone"
26.5797,1,100,249,1.0000,1.0000,1.0000,1.0000,1.0000,1.0000,-9.3150,-1.8814,"5.445:0.000:18.000",0.0000,"A1 actors are outside the blind-corner conflict zone"
26.6853,1,100,250,1.0000,1.0000,1.0000,1.0000,1.0000,1.0000,-9.2159,-1.8181,"5.404:0.000:18.000",0.0000,"A1 actors are outside the blind-corner conflict zone"
26.7899,1,100,251,1.0000,1.0000,1.0000,1.0000,1.0000,1.0000,-9.0920,-1.7429,"5.363:0.000:18.000",0.0000,"A1 actors are outside the blind-corner conflict zone"
26.8963,1,100,252,1.0000,1.0000,1.0000,1.0000,1.0000,1.0000,-9.0021,-1.6829,"5.321:0.000:18.000",0.0000,"A1 actors are outside the blind-corner conflict zone"
27.0018,1,100,253,1.0000,1.0000,1.0000,1.0000,1.0000,1.0000,-8.9037,-1.6058,"5.280:0.000:18.000",0.1055,"A1 actors are outside the blind-corner conflict zone"
27.1059,1,100,254,1.0000,1.0000,1.0000,1.0000,1.0000,1.0000,-8.8274,-1.5467,"5.240:0.000:18.000",0.2096,"A1 actors are outside the blind-corner conflict zone"
27.2072,1,100,255,1.0000,1.0000,1.0000,1.0000,1.0000,1.0000,-8.7247,-1.4591,"5.200:0.000:18.000",0.0000,"A1 actors are outside the blind-corner conflict zone"
27.3110,1,100,256,1.0000,1.0000,1.0000,1.0000,1.0000,1.0000,-8.6114,-1.3752,"5.160:0.000:18.000",0.0000,"A1 actors are outside the blind-corner conflict zone"
27.4125,1,100,257,1.0000,1.0000,1.0000,1.0000,1.0000,1.0000,-8.5068,-1.2969,"5.120:0.000:18.000",0.0000,"A1 actors are outside the blind-corner conflict zone"
27.5162,1,100,258,1.0000,1.0000,1.0000,1.0000,1.0000,1.0000,-8.4064,-1.2262,"5.080:0.000:18.000",0.0000,"A1 actors are outside the blind-corner conflict zone"
27.6216,1,100,259,1.0000,1.0000,1.0000,1.0000,1.0000,1.0000,-8.2845,-1.1492,"5.057:0.000:18.000",0.0000,"A1 actors are outside the blind-corner conflict zone"
27.7257,1,100,260,1.0000,1.0000,1.0000,1.0000,1.0000,1.0000,-8.1643,-1.0631,"5.097:0.000:18.000",0.0000,"A1 actors are outside the blind-corner conflict zone"
27.8276,1,100,261,1.0000,1.0000,1.0000,1.0000,1.0000,1.0000,-8.0782,-0.9910,"5.137:0.000:18.000",0.0000,"A1 actors are outside the blind-corner conflict zone"
27.9286,1,100,262,1.0000,1.0000,1.0000,1.0000,1.0000,1.0000,-8.0072,-0.9301,"5.176:0.000:18.000",0.1009,"A1 actors are outside the blind-corner conflict zone"
28.0327,1,100,263,1.0000,1.0000,1.0000,1.0000,1.0000,1.0000,-7.9153,-0.8284,"5.217:0.000:18.000",0.0000,"A1 actors are outside the blind-corner conflict zone"
28.1356,1,100,264,1.0000,1.0000,1.0000,1.0000,1.0000,1.0000,-7.8266,-0.7161,"5.257:0.000:18.000",0.0000,"A1 actors are outside the blind-corner conflict zone"
28.2372,1,100,265,1.0000,1.0000,1.0000,1.0000,1.0000,1.0000,-7.7687,-0.6523,"5.297:0.000:18.000",0.1017,"A1 actors are outside the blind-corner conflict zone"
28.3425,1,100,266,1.0000,1.0000,1.0000,1.0000,1.0000,1.0000,-7.6728,-0.5761,"5.338:0.000:18.000",0.0000,"A1 actors are outside the blind-corner conflict zone"
28.4487,1,100,267,1.0000,1.0000,1.0000,1.0000,1.0000,1.0000,-7.5735,-0.4965,"5.379:0.000:18.000",0.0000,"A1 actors are outside the blind-corner conflict zone"
28.5514,1,100,268,1.0000,1.0000,1.0000,1.0000,1.0000,1.0000,-7.4571,-0.3992,"5.419:0.000:18.000",0.1027,"A1 actors are outside the blind-corner conflict zone"
28.6531,1,100,269,1.0000,1.0000,1.0000,1.0000,1.0000,1.0000,-7.3711,-0.3430,"5.459:0.000:18.000",0.2044,"A1 actors are outside the blind-corner conflict zone"
28.7571,1,100,270,1.0000,1.0000,1.0000,1.0000,1.0000,1.0000,-7.2561,-0.2605,"5.500:0.000:18.000",0.3083,"A1 actors are outside the blind-corner conflict zone"
28.8640,1,100,271,1.0000,1.0000,1.0000,1.0000,1.0000,1.0000,-7.1455,-0.1613,"5.541:0.000:18.000",0.0000,"A1 actors are outside the blind-corner conflict zone"
28.9669,1,100,272,1.0000,1.0000,1.0000,1.0000,1.0000,1.0000,-7.0371,-0.0756,"5.581:0.000:18.000",0.1030,"A1 actors are outside the blind-corner conflict zone"
29.0690,1,100,273,1.0000,1.0000,1.0000,1.0000,1.0000,1.0000,-6.9322,0.0098,"5.621:0.000:18.000",0.0000,"A1 actors are outside the blind-corner conflict zone"
29.1715,1,100,274,1.0000,1.0000,1.0000,1.0000,1.0000,1.0000,-6.8463,0.0912,"5.661:0.000:18.000",0.1026,"A1 actors are outside the blind-corner conflict zone"
29.2763,1,100,275,1.0000,1.0000,1.0000,1.0000,1.0000,1.0000,-6.7613,0.1714,"5.702:0.000:18.000",0.0000,"A1 actors are outside the blind-corner conflict zone"
29.3813,1,100,276,1.0000,1.0000,1.0000,1.0000,1.0000,1.0000,-6.6710,0.2768,"5.743:0.000:18.000",0.0000,"A1 actors are outside the blind-corner conflict zone"
29.4819,1,100,277,1.0000,1.0000,1.0000,1.0000,1.0000,1.0000,-6.5745,0.3947,"5.782:0.000:18.000",0.0000,"A1 actors are outside the blind-corner conflict zone"
29.5831,1,100,278,1.0000,1.0000,1.0000,1.0000,1.0000,1.0000,-6.4800,0.4924,"5.822:0.000:18.000",0.0000,"A1 actors are outside the blind-corner conflict zone"
29.6831,1,100,279,1.0000,1.0000,1.0000,1.0000,1.0000,1.0000,-6.4105,0.5800,"5.861:0.000:18.000",0.0000,"A1 actors are outside the blind-corner conflict zone"
29.7861,1,100,280,1.0000,1.0000,1.0000,1.0000,1.0000,1.0000,-6.3462,0.6869,"5.901:0.000:18.000",0.1030,"A1 actors are outside the blind-corner conflict zone"
29.8955,1,100,281,1.0000,1.0000,1.0000,1.0000,1.0000,1.0000,-6.2919,0.8212,"5.944:0.000:18.000",0.0000,"A1 actors are outside the blind-corner conflict zone"
30.0025,1,100,282,1.0000,1.0000,1.0000,1.0000,1.0000,1.0000,-6.2569,0.9198,"5.985:0.000:18.000",0.1070,"A1 actors are outside the blind-corner conflict zone"
30.1055,1,100,283,1.0000,1.0000,1.0000,1.0000,1.0000,1.0000,-6.2211,1.0359,"6.025:0.000:18.000",0.0000,"A1 actors are outside the blind-corner conflict zone"
30.2102,1,100,284,1.0000,1.0000,1.0000,1.0000,1.0000,1.0000,-6.1901,1.1289,"6.066:0.000:18.000",0.0000,"A1 actors are outside the blind-corner conflict zone"
30.3547,1,100,285,1.0000,1.0000,1.0000,1.0000,1.0000,1.0000,-6.1141,1.3237,"6.123:0.000:18.000",0.0000,"A1 actors are outside the blind-corner conflict zone"
30.4559,1,100,286,1.0000,1.0000,1.0000,1.0000,1.0000,1.0000,-6.0615,1.4323,"6.162:0.000:18.000",0.0000,"A1 actors are outside the blind-corner conflict zone"
30.5584,1,100,287,1.0000,1.0000,1.0000,1.0000,1.0000,1.0000,-6.0095,1.5301,"6.202:0.000:18.000",0.0000,"A1 actors are outside the blind-corner conflict zone"
30.6615,1,100,288,1.0000,1.0000,1.0000,1.0000,1.0000,1.0000,-5.9357,1.6564,"6.242:0.000:18.000",0.1031,"A1 actors are outside the blind-corner conflict zone"
30.7670,1,100,289,1.0000,1.0000,1.0000,1.0000,1.0000,1.0000,-5.8702,1.7877,"6.283:0.000:18.000",0.2086,"A1 actors are outside the blind-corner conflict zone"
30.8744,1,100,290,1.0000,1.0000,1.0000,1.0000,1.0000,1.0000,-5.8167,1.9149,"6.325:0.000:18.000",0.0000,"A1 actors are outside the blind-corner conflict zone"
30.9813,1,100,291,1.0000,1.0000,1.0000,1.0000,1.0000,1.0000,-5.7701,2.0175,"6.367:0.000:18.000",0.0000,"A1 actors are outside the blind-corner conflict zone"
31.0848,1,100,292,1.0000,1.0000,1.0000,1.0000,1.0000,1.0000,-5.7290,2.1038,"6.407:0.000:18.000",0.1034,"A1 actors are outside the blind-corner conflict zone"
31.1870,1,100,293,1.0000,1.0000,1.0000,1.0000,1.0000,1.0000,-5.6885,2.2076,"6.447:0.000:18.000",0.2056,"A1 actors are outside the blind-corner conflict zone"
31.2884,1,100,294,1.0000,1.0000,1.0000,1.0000,1.0000,1.0000,-5.6474,2.3188,"6.487:0.000:18.000",0.3070,"A1 actors are outside the blind-corner conflict zone"
31.3924,1,100,295,1.0000,1.0000,1.0000,1.0000,1.0000,1.0000,-5.5852,2.4464,"6.527:0.000:18.000",0.4111,"A1 actors are outside the blind-corner conflict zone"
31.5004,1,100,296,1.0000,1.0000,1.0000,1.0000,1.0000,1.0000,-5.5231,2.5710,"6.569:0.000:18.000",0.0000,"A1 actors are outside the blind-corner conflict zone"
31.6064,1,100,297,1.0000,1.0000,1.0000,1.0000,1.0000,1.0000,-5.4757,2.6718,"6.611:0.000:18.000",0.0000,"A1 actors are outside the blind-corner conflict zone"
31.7107,1,100,298,1.0000,1.0000,1.0000,1.0000,1.0000,1.0000,-5.4239,2.7675,"6.651:0.000:18.000",0.0000,"A1 actors are outside the blind-corner conflict zone"
31.8122,1,100,299,1.0000,1.0000,1.0000,1.0000,1.0000,1.0000,-5.3701,2.8511,"6.691:0.000:18.000",0.0000,"A1 actors are outside the blind-corner conflict zone"
31.9136,1,100,300,1.0000,1.0000,1.0000,1.0000,1.0000,1.0000,-5.2924,2.9739,"6.731:0.000:18.000",0.1014,"A1 actors are outside the blind-corner conflict zone"
32.0182,1,100,301,1.0000,1.0000,1.0000,1.0000,1.0000,1.0000,-5.2312,3.0668,"6.771:0.000:18.000",0.0000,"A1 actors are outside the blind-corner conflict zone"
32.1240,1,100,302,1.0000,1.0000,1.0000,1.0000,1.0000,1.0000,-5.1482,3.1844,"6.813:0.000:18.000",0.1058,"A1 actors are outside the blind-corner conflict zone"
32.2290,1,100,303,1.0000,1.0000,1.0000,1.0000,1.0000,1.0000,-5.0825,3.2731,"6.854:0.000:18.000",0.0000,"A1 actors are outside the blind-corner conflict zone"
32.3310,1,100,304,1.0000,1.0000,1.0000,1.0000,1.0000,1.0000,-4.9918,3.3778,"6.893:0.000:18.000",0.1020,"A1 actors are outside the blind-corner conflict zone"
32.4363,1,100,305,1.0000,1.0000,1.0000,1.0000,1.0000,1.0000,-4.9241,3.4628,"6.934:0.000:18.000",0.2074,"A1 actors are outside the blind-corner conflict zone"
32.5375,1,100,306,1.0000,1.0000,1.0000,1.0000,1.0000,1.0000,-4.8488,3.5583,"6.974:0.000:18.000",0.0000,"A1 actors are outside the blind-corner conflict zone"
32.6408,1,100,307,1.0000,1.0000,1.0000,1.0000,1.0000,1.0000,-4.7610,3.6626,"7.014:0.000:18.000",0.0000,"A1 actors are outside the blind-corner conflict zone"
32.7423,1,100,308,1.0000,1.0000,1.0000,1.0000,1.0000,1.0000,-4.6897,3.7451,"7.054:0.000:18.000",0.1015,"A1 actors are outside the blind-corner conflict zone"
32.8436,1,100,309,1.0000,1.0000,1.0000,1.0000,1.0000,1.0000,-4.6348,3.8035,"7.093:0.000:18.000",0.0000,"A1 actors are outside the blind-corner conflict zone"
32.9467,1,100,310,1.0000,1.0000,1.0000,1.0000,1.0000,1.0000,-4.5323,3.9183,"7.133:0.000:18.000",0.0000,"A1 actors are outside the blind-corner conflict zone"
33.0527,1,100,311,1.0000,1.0000,1.0000,1.0000,1.0000,1.0000,-4.4735,3.9856,"7.175:0.000:18.000",0.0000,"A1 actors are outside the blind-corner conflict zone"
33.1562,1,100,312,1.0000,1.0000,1.0000,1.0000,1.0000,1.0000,-4.3900,4.0654,"7.215:0.000:18.000",0.1035,"A1 actors are outside the blind-corner conflict zone"
33.2621,1,100,313,1.0000,1.0000,1.0000,1.0000,1.0000,1.0000,-4.2793,4.1701,"7.256:0.000:18.000",0.2094,"A1 actors are outside the blind-corner conflict zone"
33.3638,1,100,314,1.0000,1.0000,1.0000,1.0000,1.0000,1.0000,-4.1994,4.2347,"7.296:0.000:18.000",0.3111,"A1 actors are outside the blind-corner conflict zone"
33.4679,1,100,315,1.0000,1.0000,1.0000,1.0000,1.0000,1.0000,-4.1285,4.3059,"7.337:0.000:18.000",0.0000,"A1 actors are outside the blind-corner conflict zone"
33.5710,1,100,316,1.0000,1.0000,1.0000,1.0000,1.0000,1.0000,-4.0382,4.4000,"7.377:0.000:18.000",0.0000,"A1 actors are outside the blind-corner conflict zone"
33.6754,1,100,317,1.0000,1.0000,1.0000,1.0000,1.0000,1.0000,-3.9606,4.4841,"7.418:0.000:18.000",0.1044,"A1 actors are outside the blind-corner conflict zone"
33.7782,1,100,318,1.0000,1.0000,1.0000,1.0000,1.0000,1.0000,-3.8855,4.5599,"7.458:0.000:18.000",0.2072,"A1 actors are outside the blind-corner conflict zone"
33.8848,1,100,319,1.0000,1.0000,1.0000,1.0000,1.0000,1.0000,-3.8078,4.6655,"7.499:0.000:18.000",0.0000,"A1 actors are outside the blind-corner conflict zone"
33.9910,1,100,320,1.0000,1.0000,1.0000,1.0000,1.0000,1.0000,-3.7552,4.7635,"7.541:0.000:18.000",0.1062,"A1 actors are outside the blind-corner conflict zone"
34.0932,1,100,321,1.0000,1.0000,1.0000,1.0000,1.0000,1.0000,-3.6969,4.8895,"7.581:0.000:18.000",0.0000,"A1 actors are outside the blind-corner conflict zone"
34.1942,1,100,322,1.0000,1.0000,1.0000,1.0000,1.0000,1.0000,-3.6578,4.9888,"7.620:0.000:18.000",0.0000,"A1 actors are outside the blind-corner conflict zone"
34.2979,1,100,323,1.0000,1.0000,1.0000,1.0000,1.0000,1.0000,-3.6108,5.0848,"7.660:0.000:18.000",0.0000,"A1 actors are outside the blind-corner conflict zone"
34.4020,1,100,324,1.0000,1.0000,1.0000,1.0000,1.0000,1.0000,-3.5349,5.2036,"7.701:0.000:18.000",0.1041,"A1 actors are outside the blind-corner conflict zone"
34.5081,1,100,325,1.0000,1.0000,1.0000,1.0000,1.0000,1.0000,-3.4915,5.2822,"7.742:0.000:18.000",0.2102,"A1 actors are outside the blind-corner conflict zone"
34.6096,1,100,326,1.0000,1.0000,1.0000,1.0000,1.0000,1.0000,-3.4546,5.3741,"7.782:0.000:18.000",0.0000,"A1 actors are outside the blind-corner conflict zone"
34.7150,1,100,327,1.0000,1.0000,1.0000,1.0000,1.0000,1.0000,-3.4319,5.4666,"7.823:0.000:18.000",0.0000,"A1 actors are outside the blind-corner conflict zone"
34.8191,1,100,328,1.0000,1.0000,1.0000,1.0000,1.0000,1.0000,-3.4147,5.5701,"7.864:0.000:18.000",0.0000,"A1 actors are outside the blind-corner conflict zone"
34.9197,1,100,329,1.0000,1.0000,1.0000,1.0000,1.0000,1.0000,-3.4018,5.6432,"7.903:0.000:18.000",0.0000,"A1 actors are outside the blind-corner conflict zone"
35.0233,1,100,330,1.0000,1.0000,1.0000,1.0000,1.0000,1.0000,-3.3993,5.7464,"7.943:0.000:18.000",0.0000,"A1 actors are outside the blind-corner conflict zone"
35.1272,1,100,331,1.0000,1.0000,1.0000,1.0000,1.0000,1.0000,-3.4064,5.8354,"7.984:0.000:18.000",0.1039,"A1 actors are outside the blind-corner conflict zone"
35.2292,1,100,332,1.0000,1.0000,1.0000,1.0000,1.0000,1.0000,-3.4087,5.9417,"8.024:0.000:18.000",0.2059,"A1 actors are outside the blind-corner conflict zone"
35.3312,1,100,333,1.0000,1.0000,1.0000,1.0000,1.0000,1.0000,-3.4233,6.0802,"8.063:0.000:18.000",0.0000,"A1 actors are outside the blind-corner conflict zone"
35.4348,1,100,334,1.0000,1.0000,1.0000,1.0000,1.0000,1.0000,-3.4487,6.1929,"8.104:0.000:18.000",0.0000,"A1 actors are outside the blind-corner conflict zone"
35.5354,1,100,335,1.0000,1.0000,1.0000,1.0000,1.0000,1.0000,-3.4862,6.3161,"8.143:0.000:18.000",0.0000,"A1 actors are outside the blind-corner conflict zone"
35.6439,1,100,336,1.0000,1.0000,1.0000,1.0000,1.0000,1.0000,-3.5406,6.4423,"8.185:0.000:18.000",0.0000,"A1 actors are outside the blind-corner conflict zone"
35.7452,1,100,337,1.0000,1.0000,1.0000,1.0000,1.0000,1.0000,-3.6096,6.5662,"8.225:0.000:18.000",0.1013,"A1 actors are outside the blind-corner conflict zone"
35.8498,1,100,338,1.0000,1.0000,1.0000,1.0000,1.0000,1.0000,-3.6623,6.6496,"8.266:0.000:18.000",0.2059,"A1 actors are outside the blind-corner conflict zone"
35.9510,1,100,339,1.0000,1.0000,1.0000,1.0000,1.0000,1.0000,-3.7257,6.7744,"8.305:0.000:18.000",0.0000,"A1 actors are outside the blind-corner conflict zone"
36.0524,1,100,340,1.0000,1.0000,1.0000,1.0000,1.0000,1.0000,-3.7743,6.8831,"8.345:0.000:18.000",0.1014,"A1 actors are outside the blind-corner conflict zone"
36.1560,1,100,341,1.0000,1.0000,1.0000,1.0000,1.0000,1.0000,-3.8252,7.0072,"8.385:0.000:18.000",0.0000,"A1 actors are outside the blind-corner conflict zone"
36.2582,1,100,342,1.0000,1.0000,1.0000,1.0000,1.0000,1.0000,-3.8705,7.1407,"8.425:0.000:18.000",0.1023,"A1 actors are outside the blind-corner conflict zone"
36.3589,1,100,343,1.0000,1.0000,1.0000,1.0000,1.0000,1.0000,-3.9077,7.2484,"8.464:0.000:18.000",0.2029,"A1 actors are outside the blind-corner conflict zone"
36.4632,1,100,344,1.0000,1.0000,1.0000,1.0000,1.0000,1.0000,-3.9522,7.3859,"8.505:0.000:18.000",0.3073,"A1 actors are outside the blind-corner conflict zone"
36.5646,1,100,345,1.0000,1.0000,1.0000,1.0000,1.0000,1.0000,-3.9735,7.4811,"8.544:0.000:18.000",0.0000,"A1 actors are outside the blind-corner conflict zone"
36.6660,1,100,346,1.0000,1.0000,1.0000,1.0000,1.0000,1.0000,-4.0010,7.5820,"8.584:0.000:18.000",0.0000,"A1 actors are outside the blind-corner conflict zone"
36.7715,1,100,347,1.0000,1.0000,1.0000,1.0000,1.0000,1.0000,-4.0558,7.7434,"8.625:0.000:18.000",0.0000,"A1 actors are outside the blind-corner conflict zone"
36.8775,1,100,348,1.0000,1.0000,1.0000,1.0000,1.0000,1.0000,-4.0881,7.8294,"8.667:0.000:18.000",0.0000,"A1 actors are outside the blind-corner conflict zone"
36.9810,1,100,349,1.0000,1.0000,1.0000,1.0000,1.0000,1.0000,-4.1519,7.9642,"8.707:0.000:18.000",0.0000,"A1 actors are outside the blind-corner conflict zone"
37.0840,1,100,350,1.0000,1.0000,1.0000,1.0000,1.0000,1.0000,-4.1932,8.0513,"8.747:0.000:18.000",0.0000,"A1 actors are outside the blind-corner conflict zone"
37.1903,1,100,351,1.0000,1.0000,1.0000,1.0000,1.0000,1.0000,-4.2593,8.1691,"8.788:0.000:18.000",0.1062,"A1 actors are outside the blind-corner conflict zone"
37.2947,1,100,352,1.0000,1.0000,1.0000,1.0000,1.0000,1.0000,-4.3527,8.2805,"8.829:0.000:18.000",0.0000,"A1 actors are outside the blind-corner conflict zone"
37.4004,1,100,353,1.0000,1.0000,1.0000,1.0000,1.0000,1.0000,-4.4178,8.3516,"8.870:0.000:18.000",0.1057,"A1 actors are outside the blind-corner conflict zone"
37.5016,1,100,354,1.0000,1.0000,1.0000,1.0000,1.0000,1.0000,-4.5173,8.4422,"8.910:0.000:18.000",0.0000,"A1 actors are outside the blind-corner conflict zone"
37.6027,1,100,355,1.0000,1.0000,1.0000,1.0000,1.0000,1.0000,-4.5874,8.5139,"8.949:0.000:18.000",0.0000,"A1 actors are outside the blind-corner conflict zone"
37.7029,1,100,356,1.0000,1.0000,1.0000,1.0000,1.0000,1.0000,-4.6527,8.5826,"8.988:0.000:18.000",0.0000,"A1 actors are outside the blind-corner conflict zone"
37.8061,1,100,357,1.0000,1.0000,1.0000,1.0000,1.0000,1.0000,-4.7536,8.6953,"9.029:0.000:18.000",0.0000,"A1 actors are outside the blind-corner conflict zone"
37.9113,1,100,358,1.0000,1.0000,1.0000,1.0000,1.0000,1.0000,-4.8224,8.7679,"9.070:0.000:18.000",0.0000,"A1 actors are outside the blind-corner conflict zone"
38.0135,1,100,359,1.0000,1.0000,1.0000,1.0000,1.0000,1.0000,-4.9323,8.8816,"9.110:0.000:18.000",0.0000,"A1 actors are outside the blind-corner conflict zone"
38.1145,1,100,360,1.0000,1.0000,1.0000,1.0000,1.0000,1.0000,-5.0174,8.9701,"9.149:0.000:18.000",0.1010,"A1 actors are outside the blind-corner conflict zone"
38.2175,1,100,361,1.0000,1.0000,1.0000,1.0000,1.0000,1.0000,-5.0689,9.0329,"9.189:0.000:18.000",0.2040,"A1 actors are outside the blind-corner conflict zone"
38.3228,1,100,362,1.0000,1.0000,1.0000,1.0000,1.0000,1.0000,-5.1743,9.1829,"9.230:0.000:18.000",0.0000,"A1 actors are outside the blind-corner conflict zone"
38.4239,1,100,363,1.0000,1.0000,1.0000,1.0000,1.0000,1.0000,-5.2379,9.2751,"9.270:0.000:18.000",0.1011,"A1 actors are outside the blind-corner conflict zone"
38.5272,1,100,364,1.0000,1.0000,1.0000,1.0000,1.0000,1.0000,-5.3127,9.3763,"9.310:0.000:18.000",0.2044,"A1 actors are outside the blind-corner conflict zone"
38.6309,1,100,365,1.0000,1.0000,1.0000,1.0000,1.0000,1.0000,-5.3875,9.4694,"9.350:0.000:18.000",0.0000,"A1 actors are outside the blind-corner conflict zone"
38.7312,1,100,366,1.0000,1.0000,1.0000,1.0000,1.0000,1.0000,-5.4638,9.5503,"9.389:0.000:18.000",0.0000,"A1 actors are outside the blind-corner conflict zone"
38.8345,1,100,367,1.0000,1.0000,1.0000,1.0000,1.0000,1.0000,-5.5475,9.6583,"9.430:0.000:18.000",0.0000,"A1 actors are outside the blind-corner conflict zone"
38.9350,1,100,368,1.0000,1.0000,1.0000,1.0000,1.0000,1.0000,-5.6208,9.7519,"9.469:0.000:18.000",0.1005,"A1 actors are outside the blind-corner conflict zone"
39.0406,1,100,369,1.0000,1.0000,1.0000,1.0000,1.0000,1.0000,-5.7022,9.8563,"9.510:0.000:18.000",0.0000,"A1 actors are outside the blind-corner conflict zone"
39.1475,1,100,370,1.0000,1.0000,1.0000,1.0000,1.0000,1.0000,-5.7676,9.9564,"9.552:0.000:18.000",0.1068,"A1 actors are outside the blind-corner conflict zone"
39.2492,1,100,371,1.0000,1.0000,1.0000,1.0000,1.0000,1.0000,-5.8339,10.0498,"9.591:0.000:18.000",0.2086,"A1 actors are outside the blind-corner conflict zone"
39.3540,1,100,372,1.0000,1.0000,1.0000,1.0000,1.0000,1.0000,-5.9118,10.1594,"9.632:0.000:18.000",0.0000,"A1 actors are outside the blind-corner conflict zone"
39.4560,1,100,373,1.0000,1.0000,1.0000,1.0000,1.0000,1.0000,-5.9839,10.2720,"9.672:0.000:18.000",0.0000,"A1 actors are outside the blind-corner conflict zone"
39.5587,1,100,374,1.0000,1.0000,1.0000,1.0000,1.0000,1.0000,-6.0279,10.3413,"9.712:0.000:18.000",0.1027,"A1 actors are outside the blind-corner conflict zone"
39.6604,1,100,375,1.0000,1.0000,1.0000,1.0000,1.0000,1.0000,-6.0882,10.4387,"9.752:0.000:18.000",0.0000,"A1 actors are outside the blind-corner conflict zone"
39.7637,1,100,376,1.0000,1.0000,1.0000,1.0000,1.0000,1.0000,-6.1680,10.5509,"9.792:0.000:18.000",0.0000,"A1 actors are outside the blind-corner conflict zone"
39.8713,1,100,377,1.0000,1.0000,1.0000,1.0000,1.0000,1.0000,-6.2566,10.6599,"9.834:0.000:18.000",0.1076,"A1 actors are outside the blind-corner conflict zone"
39.9759,1,100,378,1.0000,1.0000,1.0000,1.0000,1.0000,1.0000,-6.3262,10.7489,"9.875:0.000:18.000",0.0000,"A1 actors are outside the blind-corner conflict zone"
40.0766,1,100,379,1.0000,1.0000,1.0000,1.0000,1.0000,1.0000,-6.4085,10.8330,"9.914:0.000:18.000",0.0000,"A1 actors are outside the blind-corner conflict zone"
40.1839,1,100,380,1.0000,1.0000,1.0000,1.0000,1.0000,1.0000,-6.4933,10.9204,"9.956:0.000:18.000",0.0000,"A1 actors are outside the blind-corner conflict zone"
40.2857,1,100,381,1.0000,1.0000,1.0000,1.0000,1.0000,1.0000,-6.5717,11.0258,"9.996:0.000:18.000",0.0000,"A1 actors are outside the blind-corner conflict zone"
40.3877,1,100,382,1.0000,1.0000,1.0000,1.0000,1.0000,1.0000,-6.6349,11.1104,"10.035:0.000:18.000",0.0000,"A1 actors are outside the blind-corner conflict zone"
40.4908,1,100,383,1.0000,1.0000,1.0000,1.0000,1.0000,1.0000,-6.6992,11.1943,"10.076:0.000:18.000",0.1031,"A1 actors are outside the blind-corner conflict zone"
40.5933,1,100,384,1.0000,1.0000,1.0000,1.0000,1.0000,1.0000,-6.7519,11.2776,"10.116:0.000:18.000",0.2057,"A1 actors are outside the blind-corner conflict zone"
40.6955,1,100,385,1.0000,1.0000,1.0000,1.0000,1.0000,1.0000,-6.8026,11.3651,"10.156:0.000:18.000",0.0000,"A1 actors are outside the blind-corner conflict zone"
40.8005,1,100,386,1.0000,1.0000,1.0000,1.0000,1.0000,1.0000,-6.8555,11.4848,"10.196:0.000:18.000",0.0000,"A1 actors are outside the blind-corner conflict zone"
40.9068,1,100,387,1.0000,1.0000,1.0000,1.0000,1.0000,1.0000,-6.8961,11.5864,"10.238:0.000:18.000",0.1063,"A1 actors are outside the blind-corner conflict zone"
41.0135,1,100,388,1.0000,1.0000,1.0000,1.0000,1.0000,1.0000,-6.9253,11.6927,"10.280:0.000:18.000",0.2130,"A1 actors are outside the blind-corner conflict zone"
41.1184,1,100,389,1.0000,1.0000,1.0000,1.0000,1.0000,1.0000,-6.9405,11.8012,"10.320:0.000:18.000",0.0000,"A1 actors are outside the blind-corner conflict zone"
41.2254,1,100,390,1.0000,1.0000,1.0000,1.0000,1.0000,1.0000,-6.9546,11.8986,"10.362:0.000:18.000",0.0000,"A1 actors are outside the blind-corner conflict zone"
41.3297,1,100,391,1.0000,1.0000,1.0000,1.0000,1.0000,1.0000,-6.9631,11.9679,"10.403:0.000:18.000",0.1043,"A1 actors are outside the blind-corner conflict zone"
41.4356,1,100,392,1.0000,1.0000,1.0000,1.0000,1.0000,1.0000,-6.9647,12.0651,"10.444:0.000:18.000",0.0000,"A1 actors are outside the blind-corner conflict zone"
41.5387,1,100,393,1.0000,1.0000,1.0000,1.0000,1.0000,1.0000,-6.9619,12.1775,"10.484:0.000:18.000",0.1031,"A1 actors are outside the blind-corner conflict zone"
41.6390,1,100,394,1.0000,1.0000,1.0000,1.0000,1.0000,1.0000,-6.9533,12.2624,"10.523:0.000:18.000",0.0000,"A1 actors are outside the blind-corner conflict zone"
41.7454,1,100,395,1.0000,1.0000,1.0000,1.0000,1.0000,1.0000,-6.9209,12.3801,"10.565:0.000:18.000",0.0000,"A1 actors are outside the blind-corner conflict zone"
41.8461,1,100,396,1.0000,1.0000,1.0000,1.0000,1.0000,1.0000,-6.8945,12.4595,"10.604:0.000:18.000",0.0000,"A1 actors are outside the blind-corner conflict zone"
41.9507,1,100,397,1.0000,1.0000,1.0000,1.0000,1.0000,1.0000,-6.8548,12.5726,"10.645:0.000:18.000",0.0000,"A1 actors are outside the blind-corner conflict zone"
42.0549,1,100,398,1.0000,1.0000,1.0000,1.0000,1.0000,1.0000,-6.8318,12.6467,"10.686:0.000:18.000",0.1042,"A1 actors are outside the blind-corner conflict zone"
42.1574,1,100,399,1.0000,1.0000,1.0000,1.0000,1.0000,1.0000,-6.7660,12.7771,"10.726:0.000:18.000",0.0000,"A1 actors are outside the blind-corner conflict zone"
42.2649,1,100,400,1.0000,1.0000,1.0000,1.0000,1.0000,1.0000,-6.7030,12.8754,"10.768:0.000:18.000",0.0000,"A1 actors are outside the blind-corner conflict zone"
42.3675,1,100,401,1.0000,1.0000,1.0000,1.0000,1.0000,1.0000,-6.6508,12.9434,"10.808:0.000:18.000",0.1026,"A1 actors are outside the blind-corner conflict zone"
42.4683,1,100,402,1.0000,1.0000,1.0000,1.0000,1.0000,1.0000,-6.5727,13.0394,"10.847:0.000:18.000",0.2034,"A1 actors are outside the blind-corner conflict zone"
42.5737,1,100,403,1.0000,1.0000,1.0000,1.0000,1.0000,1.0000,-6.4740,13.1561,"10.888:0.000:18.000",0.0000,"A1 actors are outside the blind-corner conflict zone"
42.6781,1,100,404,1.0000,1.0000,1.0000,1.0000,1.0000,1.0000,-6.4035,13.2495,"10.929:0.000:18.000",0.0000,"A1 actors are outside the blind-corner conflict zone"
42.7821,1,100,405,1.0000,1.0000,1.0000,1.0000,1.0000,1.0000,-6.3497,13.3367,"10.969:0.000:18.000",0.0000,"A1 actors are outside the blind-corner conflict zone"
42.8876,1,100,406,1.0000,1.0000,1.0000,1.0000,1.0000,1.0000,-6.2854,13.4479,"11.010:0.000:18.000",0.0000,"A1 actors are outside the blind-corner conflict zone"
42.9941,1,100,407,1.0000,1.0000,1.0000,1.0000,1.0000,1.0000,-6.2057,13.5730,"11.052:0.000:18.000",0.0000,"A1 actors are outside the blind-corner conflict zone"
43.0957,1,100,408,1.0000,1.0000,1.0000,1.0000,1.0000,1.0000,-6.1263,13.6875,"11.092:0.000:18.000",0.1016,"A1 actors are outside the blind-corner conflict zone"
43.1978,1,100,409,1.0000,1.0000,1.0000,1.0000,1.0000,1.0000,-6.0368,13.8050,"11.131:0.000:18.000",0.0000,"A1 actors are outside the blind-corner conflict zone"
43.3028,1,100,410,1.0000,1.0000,1.0000,1.0000,1.0000,1.0000,-5.9608,13.8693,"11.172:0.000:18.000",0.0000,"A1 actors are outside the blind-corner conflict zone"
43.4071,1,100,411,1.0000,1.0000,1.0000,1.0000,1.0000,1.0000,-5.8457,13.9442,"11.213:0.000:18.000",0.0000,"A1 actors are outside the blind-corner conflict zone"
43.4154,1,100,412,1.0000,1.0000,1.0000,1.0000,1.0000,1.0000,-5.8260,13.9579,"11.220:0.000:18.000",0.0082,"A1 actors are outside the blind-corner conflict zone"
0.2903,1,101,1,1.0000,1.0000,1.0000,1.0000,1.0000,1.0000,-23.9998,-17.1503,"15.697:0.000:18.000",0.0000,"A1 actors are outside the blind-corner conflict zone"
0.4077,1,101,2,1.0000,1.0000,1.0000,1.0000,1.0000,1.0000,-24.0006,-17.1301,"15.651:0.000:18.000",0.1174,"A1 actors are outside the blind-corner conflict zone"
0.5194,1,101,3,1.0000,1.0000,1.0000,1.0000,1.0000,1.0000,-24.0033,-17.1024,"15.607:0.000:18.000",0.0000,"A1 actors are outside the blind-corner conflict zone"
0.6468,1,101,4,1.0000,1.0000,1.0000,1.0000,1.0000,1.0000,-24.0111,-17.0301,"15.558:0.000:18.000",0.1274,"A1 actors are outside the blind-corner conflict zone"
0.7699,1,101,5,1.0000,1.0000,1.0000,1.0000,1.0000,1.0000,-24.0226,-16.9363,"15.510:0.000:18.000",0.2505,"A1 actors are outside the blind-corner conflict zone"
0.8815,1,101,6,1.0000,1.0000,1.0000,1.0000,1.0000,1.0000,-24.0307,-16.8562,"15.466:0.000:18.000",0.3621,"A1 actors are outside the blind-corner conflict zone"
0.9994,1,101,7,1.0000,1.0000,1.0000,1.0000,1.0000,1.0000,-24.0532,-16.7296,"15.420:0.000:18.000",0.0000,"A1 actors are outside the blind-corner conflict zone"
1.1092,1,101,8,1.0000,1.0000,1.0000,1.0000,1.0000,1.0000,-24.0681,-16.6238,"15.377:0.000:18.000",0.1099,"A1 actors are outside the blind-corner conflict zone"
1.2165,1,101,9,1.0000,1.0000,1.0000,1.0000,1.0000,1.0000,-24.0737,-16.5125,"15.335:0.000:18.000",0.0000,"A1 actors are outside the blind-corner conflict zone"
1.3260,1,101,10,1.0000,1.0000,1.0000,1.0000,1.0000,1.0000,-24.0650,-16.3880,"15.293:0.000:18.000",0.1095,"A1 actors are outside the blind-corner conflict zone"
1.4415,1,101,11,1.0000,1.0000,1.0000,1.0000,1.0000,1.0000,-24.0515,-16.2275,"15.248:0.000:18.000",0.0000,"A1 actors are outside the blind-corner conflict zone"
1.5552,1,101,12,1.0000,1.0000,1.0000,1.0000,1.0000,1.0000,-24.0370,-16.0810,"15.203:0.000:18.000",0.1137,"A1 actors are outside the blind-corner conflict zone"
1.6725,1,101,13,1.0000,1.0000,1.0000,1.0000,1.0000,1.0000,-24.0184,-15.9021,"15.158:0.000:18.000",0.2310,"A1 actors are outside the blind-corner conflict zone"
1.7855,1,101,14,1.0000,1.0000,1.0000,1.0000,1.0000,1.0000,-23.9963,-15.7475,"15.113:0.000:18.000",0.3440,"A1 actors are outside the blind-corner conflict zone"
1.9009,1,101,15,1.0000,1.0000,1.0000,1.0000,1.0000,1.0000,-23.9797,-15.5944,"15.068:0.000:18.000",0.0000,"A1 actors are outside the blind-corner conflict zone"
2.0073,1,101,16,1.0000,1.0000,1.0000,1.0000,1.0000,1.0000,-23.9723,-15.4155,"15.027:0.000:18.000",0.0000,"A1 actors are outside the blind-corner conflict zone"
2.1190,1,101,17,1.0000,1.0000,1.0000,1.0000,1.0000,1.0000,-24.0256,-15.3105,"14.983:0.000:18.000",0.0000,"A1 actors are outside the blind-corner conflict zone"
2.2354,1,101,18,1.0000,1.0000,1.0000,1.0000,1.0000,1.0000,-24.1211,-15.2790,"14.938:0.000:18.000",0.0000,"A1 actors are outside the blind-corner conflict zone"
2.3507,1,101,19,1.0000,1.0000,1.0000,1.0000,1.0000,1.0000,-24.1735,-15.2809,"14.893:0.000:18.000",0.0000,"A1 actors are outside the blind-corner conflict zone"
2.4613,1,101,20,1.0000,1.0000,1.0000,1.0000,1.0000,1.0000,-24.2215,-15.2861,"14.850:0.000:18.000",0.1106,"A1 actors are outside the blind-corner conflict zone"
2.5802,1,101,21,1.0000,1.0000,1.0000,1.0000,1.0000,1.0000,-24.2623,-15.2877,"14.804:0.000:18.000",0.0000,"A1 actors are outside the blind-corner conflict zone"
2.7072,1,101,22,1.0000,1.0000,1.0000,1.0000,1.0000,1.0000,-24.2753,-15.2855,"14.754:0.000:18.000",0.1270,"A1 actors are outside the blind-corner conflict zone"
2.8406,1,101,23,1.0000,1.0000,1.0000,1.0000,1.0000,1.0000,-24.2800,-15.2850,"14.702:0.000:18.000",0.0000,"A1 actors are outside the blind-corner conflict zone"
2.9507,1,101,24,1.0000,1.0000,1.0000,1.0000,1.0000,1.0000,-24.2982,-15.2801,"14.659:0.000:18.000",0.1102,"A1 actors are outside the blind-corner conflict zone"
3.0693,1,101,25,1.0000,1.0000,1.0000,1.0000,1.0000,1.0000,-24.3050,-15.2787,"14.613:0.000:18.000",0.2288,"A1 actors are outside the blind-corner conflict zone"
3.1732,1,101,26,1.0000,1.0000,1.0000,1.0000,1.0000,1.0000,-24.3063,-15.2787,"14.572:0.000:18.000",0.3326,"A1 actors are outside the blind-corner conflict zone"
3.3056,1,101,27,1.0000,1.0000,1.0000,1.0000,1.0000,1.0000,-24.3054,-15.2788,"14.521:0.000:18.000",0.4650,"A1 actors are outside the blind-corner conflict zone"
3.4269,1,101,28,1.0000,1.0000,1.0000,1.0000,1.0000,1.0000,-24.3004,-15.2798,"14.473:0.000:18.000",0.5863,"A1 actors are outside the blind-corner conflict zone"
3.5284,1,101,29,1.0000,1.0000,1.0000,1.0000,1.0000,1.0000,-24.3019,-15.2796,"14.434:0.000:18.000",0.6878,"A1 actors are outside the blind-corner conflict zone"
3.6308,1,101,30,1.0000,1.0000,1.0000,1.0000,1.0000,1.0000,-24.3009,-15.2801,"14.394:0.000:18.000",0.7902,"A1 actors are outside the blind-corner conflict zone"
3.7566,1,101,31,1.0000,1.0000,1.0000,1.0000,1.0000,1.0000,-24.3173,-15.2759,"14.345:0.000:18.000",0.0000,"A1 actors are outside the blind-corner conflict zone"
3.8825,1,101,32,1.0000,1.0000,1.0000,1.0000,1.0000,1.0000,-24.3199,-15.2772,"14.296:0.000:18.000",0.0000,"A1 actors are outside the blind-corner conflict zone"
3.9897,1,101,33,1.0000,1.0000,1.0000,1.0000,1.0000,1.0000,-24.3271,-15.2738,"14.254:0.000:18.000",0.1072,"A1 actors are outside the blind-corner conflict zone"
4.1143,1,101,34,1.0000,1.0000,1.0000,1.0000,1.0000,1.0000,-24.3229,-15.2764,"14.205:0.000:18.000",0.0000,"A1 actors are outside the blind-corner conflict zone"
4.2333,1,101,35,1.0000,1.0000,1.0000,1.0000,1.0000,1.0000,-24.3328,-15.2694,"14.159:0.000:18.000",0.0000,"A1 actors are outside the blind-corner conflict zone"
4.3398,1,101,36,1.0000,1.0000,1.0000,1.0000,1.0000,1.0000,-24.3396,-15.2640,"14.117:0.000:18.000",0.1065,"A1 actors are outside the blind-corner conflict zone"
4.4474,1,101,37,1.0000,1.0000,1.0000,1.0000,1.0000,1.0000,-24.3446,-15.2618,"14.075:0.000:18.000",0.2141,"A1 actors are outside the blind-corner conflict zone"
4.5478,1,101,38,1.0000,1.0000,1.0000,1.0000,1.0000,1.0000,-24.3481,-15.2601,"14.036:0.000:18.000",0.0000,"A1 actors are outside the blind-corner conflict zone"
4.6704,1,101,39,1.0000,1.0000,1.0000,1.0000,1.0000,1.0000,-24.3642,-15.2528,"13.988:0.000:18.000",0.0000,"A1 actors are outside the blind-corner conflict zone"
4.7814,1,101,40,1.0000,1.0000,1.0000,1.0000,1.0000,1.0000,-24.3655,-15.2523,"13.945:0.000:18.000",0.0000,"A1 actors are outside the blind-corner conflict zone"
4.9001,1,101,41,1.0000,1.0000,1.0000,1.0000,1.0000,1.0000,-24.3490,-15.2605,"13.899:0.000:18.000",0.1187,"A1 actors are outside the blind-corner conflict zone"
5.0144,1,101,42,1.0000,1.0000,1.0000,1.0000,1.0000,1.0000,-24.3650,-15.2546,"13.854:0.000:18.000",0.2329,"A1 actors are outside the blind-corner conflict zone"
5.1350,1,101,43,1.0000,1.0000,1.0000,1.0000,1.0000,1.0000,-24.3741,-15.2504,"13.807:0.000:18.000",0.3536,"A1 actors are outside the blind-corner conflict zone"
5.2422,1,101,44,1.0000,1.0000,1.0000,1.0000,1.0000,1.0000,-24.3708,-15.2520,"13.765:0.000:18.000",0.4607,"A1 actors are outside the blind-corner conflict zone"
5.3560,1,101,45,1.0000,1.0000,1.0000,1.0000,1.0000,1.0000,-24.3761,-15.2504,"13.721:0.000:18.000",0.0000,"A1 actors are outside the blind-corner conflict zone"
5.4635,1,101,46,1.0000,1.0000,1.0000,1.0000,1.0000,1.0000,-24.3806,-15.2484,"13.679:0.000:18.000",0.0000,"A1 actors are outside the blind-corner conflict zone"
5.5800,1,101,47,1.0000,1.0000,1.0000,1.0000,1.0000,1.0000,-24.3802,-15.2490,"13.634:0.000:18.000",0.0000,"A1 actors are outside the blind-corner conflict zone"
5.6871,1,101,48,1.0000,1.0000,1.0000,1.0000,1.0000,1.0000,-24.3768,-15.2502,"13.592:0.000:18.000",0.0000,"A1 actors are outside the blind-corner conflict zone"
5.8044,1,101,49,1.0000,1.0000,1.0000,1.0000,1.0000,1.0000,-24.3728,-15.2521,"13.546:0.000:18.000",0.1173,"A1 actors are outside the blind-corner conflict zone"
5.9117,1,101,50,1.0000,1.0000,1.0000,1.0000,1.0000,1.0000,-24.3734,-15.2520,"13.504:0.000:18.000",0.2246,"A1 actors are outside the blind-corner conflict zone"
6.0415,1,101,51,1.0000,1.0000,1.0000,1.0000,1.0000,1.0000,-24.3936,-15.2428,"13.454:0.000:18.000",0.0000,"A1 actors are outside the blind-corner conflict zone"
6.1466,1,101,52,1.0000,1.0000,1.0000,1.0000,1.0000,1.0000,-24.3961,-15.2419,"13.413:0.000:18.000",0.1051,"A1 actors are outside the blind-corner conflict zone"
6.2922,1,101,53,1.0000,1.0000,1.0000,1.0000,1.0000,1.0000,-24.3966,-15.2415,"13.356:0.000:18.000",0.0000,"A1 actors are outside the blind-corner conflict zone"
6.4107,1,101,54,1.0000,1.0000,1.0000,1.0000,1.0000,1.0000,-24.3893,-15.2454,"13.310:0.000:18.000",0.1184,"A1 actors are outside the blind-corner conflict zone"
6.5165,1,101,55,1.0000,1.0000,1.0000,1.0000,1.0000,1.0000,-24.3990,-15.2399,"13.268:0.000:18.000",0.0000,"A1 actors are outside the blind-corner conflict zone"
6.6279,1,101,56,1.0000,1.0000,1.0000,1.0000,1.0000,1.0000,-24.3817,-15.2483,"13.225:0.000:18.000",0.0000,"A1 actors are outside the blind-corner conflict zone"
6.7504,1,101,57,1.0000,1.0000,1.0000,1.0000,1.0000,1.0000,-24.3964,-15.2423,"13.177:0.000:18.000",0.1225,"A1 actors are outside the blind-corner conflict zone"
6.8605,1,101,58,1.0000,1.0000,1.0000,1.0000,1.0000,1.0000,-24.3897,-15.2442,"13.134:0.000:18.000",0.2326,"A1 actors are outside the blind-corner conflict zone"
6.9764,1,101,59,1.0000,1.0000,1.0000,1.0000,1.0000,1.0000,-24.3932,-15.2433,"13.089:0.000:18.000",0.3485,"A1 actors are outside the blind-corner conflict zone"
7.1016,1,101,60,1.0000,1.0000,1.0000,1.0000,1.0000,1.0000,-24.3882,-15.2445,"13.040:0.000:18.000",0.0000,"A1 actors are outside the blind-corner conflict zone"
7.2166,1,101,61,1.0000,1.0000,1.0000,1.0000,1.0000,1.0000,-24.3855,-15.2451,"12.995:0.000:18.000",0.0000,"A1 actors are outside the blind-corner conflict zone"
7.3264,1,101,62,1.0000,1.0000,1.0000,1.0000,1.0000,1.0000,-24.3772,-15.2474,"12.953:0.000:18.000",0.1098,"A1 actors are outside the blind-corner conflict zone"
7.4419,1,101,63,1.0000,1.0000,1.0000,1.0000,1.0000,1.0000,-24.3611,-15.2502,"12.907:0.000:18.000",0.0000,"A1 actors are outside the blind-corner conflict zone"
7.5653,1,101,64,1.0000,1.0000,1.0000,1.0000,1.0000,1.0000,-24.3572,-15.2503,"12.859:0.000:18.000",0.0000,"A1 actors are outside the blind-corner conflict zone"
7.6854,1,101,65,1.0000,1.0000,1.0000,1.0000,1.0000,1.0000,-24.3834,-15.2476,"12.813:0.000:18.000",0.0000,"A1 actors are outside the blind-corner conflict zone"
7.8029,1,101,66,1.0000,1.0000,1.0000,1.0000,1.0000,1.0000,-24.3891,-15.2467,"12.767:0.000:18.000",0.1175,"A1 actors are outside the blind-corner conflict zone"
7.9072,1,101,67,1.0000,1.0000,1.0000,1.0000,1.0000,1.0000,-24.3921,-15.2466,"12.726:0.000:18.000",0.0000,"A1 actors are outside the blind-corner conflict zone"
8.0185,1,101,68,1.0000,1.0000,1.0000,1.0000,1.0000,1.0000,-24.3785,-15.2502,"12.683:0.000:18.000",0.0000,"A1 actors are outside the blind-corner conflict zone"
8.1417,1,101,69,1.0000,1.0000,1.0000,1.0000,1.0000,1.0000,-24.4081,-15.2360,"12.635:0.000:18.000",0.1232,"A1 actors are outside the blind-corner conflict zone"
8.2500,1,101,70,1.0000,1.0000,1.0000,1.0000,1.0000,1.0000,-24.4266,-15.2228,"12.592:0.000:18.000",0.0000,"A1 actors are outside the blind-corner conflict zone"
8.6395,1,101,71,1.0000,1.0000,1.0000,1.0000,1.0000,1.0000,-24.4873,-15.1255,"12.440:0.000:18.000",0.0000,"A1 actors are outside the blind-corner conflict zone"
8.7686,1,101,72,1.0000,1.0000,1.0000,1.0000,1.0000,1.0000,-24.5079,-15.0648,"12.390:0.000:18.000",0.1290,"A1 actors are outside the blind-corner conflict zone"
8.8933,1,101,73,1.0000,1.0000,1.0000,1.0000,1.0000,1.0000,-24.5324,-14.9589,"12.341:0.000:18.000",0.0000,"A1 actors are outside the blind-corner conflict zone"
9.0005,1,101,74,1.0000,1.0000,1.0000,1.0000,1.0000,1.0000,-24.5439,-14.8615,"12.300:0.000:18.000",0.1072,"A1 actors are outside the blind-corner conflict zone"
9.1009,1,101,75,1.0000,1.0000,1.0000,1.0000,1.0000,1.0000,-24.5351,-14.7817,"12.261:0.000:18.000",0.0000,"A1 actors are outside the blind-corner conflict zone"
9.2261,1,101,76,1.0000,1.0000,1.0000,1.0000,1.0000,1.0000,-24.4997,-14.6834,"12.212:0.000:18.000",0.1252,"A1 actors are outside the blind-corner conflict zone"
9.3276,1,101,77,1.0000,1.0000,1.0000,1.0000,1.0000,1.0000,-24.4625,-14.6068,"12.172:0.000:18.000",0.0000,"A1 actors are outside the blind-corner conflict zone"
9.4526,1,101,78,1.0000,1.0000,1.0000,1.0000,1.0000,1.0000,-24.3924,-14.4854,"12.123:0.000:18.000",0.0000,"A1 actors are outside the blind-corner conflict zone"
9.5861,1,101,79,1.0000,1.0000,1.0000,1.0000,1.0000,1.0000,-24.2990,-14.3586,"12.071:0.000:18.000",0.0000,"A1 actors are outside the blind-corner conflict zone"
9.7001,1,101,80,1.0000,1.0000,1.0000,1.0000,1.0000,1.0000,-24.2047,-14.2477,"12.027:0.000:18.000",0.1140,"A1 actors are outside the blind-corner conflict zone"
9.8154,1,101,81,1.0000,1.0000,1.0000,1.0000,1.0000,1.0000,-24.1310,-14.1587,"11.982:0.000:18.000",0.0000,"A1 actors are outside the blind-corner conflict zone"
9.9361,1,101,82,1.0000,1.0000,1.0000,1.0000,1.0000,1.0000,-24.0338,-14.0509,"11.935:0.000:18.000",0.1207,"A1 actors are outside the blind-corner conflict zone"
10.0580,1,101,83,1.0000,1.0000,1.0000,1.0000,1.0000,1.0000,-23.9286,-13.9457,"11.887:0.000:18.000",0.0000,"A1 actors are outside the blind-corner conflict zone"
10.1673,1,101,84,1.0000,1.0000,1.0000,1.0000,1.0000,1.0000,-23.8083,-13.8611,"11.845:0.000:18.000",0.0000,"A1 actors are outside the blind-corner conflict zone"
10.2915,1,101,85,1.0000,1.0000,1.0000,1.0000,1.0000,1.0000,-23.7020,-13.8014,"11.796:0.000:18.000",0.0000,"A1 actors are outside the blind-corner conflict zone"
10.4079,1,101,86,1.0000,1.0000,1.0000,1.0000,1.0000,1.0000,-23.5868,-13.7393,"11.751:0.000:18.000",0.0000,"A1 actors are outside the blind-corner conflict zone"
10.5371,1,101,87,1.0000,1.0000,1.0000,1.0000,1.0000,1.0000,-23.4464,-13.6658,"11.700:0.000:18.000",0.0000,"A1 actors are outside the blind-corner conflict zone"
10.6455,1,101,88,1.0000,1.0000,1.0000,1.0000,1.0000,1.0000,-23.3304,-13.6047,"11.658:0.000:18.000",0.1084,"A1 actors are outside the blind-corner conflict zone"
10.7776,1,101,89,1.0000,1.0000,1.0000,1.0000,1.0000,1.0000,-23.2067,-13.5352,"11.607:0.000:18.000",0.2406,"A1 actors are outside the blind-corner conflict zone"
10.8922,1,101,90,1.0000,1.0000,1.0000,1.0000,1.0000,1.0000,-23.0806,-13.4655,"11.562:0.000:18.000",0.0000,"A1 actors are outside the blind-corner conflict zone"
10.9984,1,101,91,1.0000,1.0000,1.0000,1.0000,1.0000,1.0000,-22.9492,-13.3961,"11.520:0.000:18.000",0.0000,"A1 actors are outside the blind-corner conflict zone"
11.1261,1,101,92,1.0000,1.0000,1.0000,1.0000,1.0000,1.0000,-22.8402,-13.3393,"11.471:0.000:18.000",0.0000,"A1 actors are outside the blind-corner conflict zone"
11.2422,1,101,93,1.0000,1.0000,1.0000,1.0000,1.0000,1.0000,-22.7287,-13.2681,"11.425:0.000:18.000",0.1161,"A1 actors are outside the blind-corner conflict zone"
11.3485,1,101,94,1.0000,1.0000,1.0000,1.0000,1.0000,1.0000,-22.6273,-13.1950,"11.384:0.000:18.000",0.2224,"A1 actors are outside the blind-corner conflict zone"
11.4578,1,101,95,1.0000,1.0000,1.0000,1.0000,1.0000,1.0000,-22.5193,-13.1111,"11.341:0.000:18.000",0.0000,"A1 actors are outside the blind-corner conflict zone"
11.5739,1,101,96,1.0000,1.0000,1.0000,1.0000,1.0000,1.0000,-22.4139,-13.0243,"11.296:0.000:18.000",0.0000,"A1 actors are outside the blind-corner conflict zone"
11.6888,1,101,97,1.0000,1.0000,1.0000,1.0000,1.0000,1.0000,-22.3141,-12.9298,"11.251:0.000:18.000",0.0000,"A1 actors are outside the blind-corner conflict zone"
11.8116,1,101,98,1.0000,1.0000,1.0000,1.0000,1.0000,1.0000,-22.2132,-12.8285,"11.203:0.000:18.000",0.0000,"A1 actors are outside the blind-corner conflict zone"
11.9318,1,101,99,1.0000,1.0000,1.0000,1.0000,1.0000,1.0000,-22.0897,-12.7210,"11.156:0.000:18.000",0.1202,"A1 actors are outside the blind-corner conflict zone"
12.0402,1,101,100,1.0000,1.0000,1.0000,1.0000,1.0000,1.0000,-22.0021,-12.6335,"11.114:0.000:18.000",0.2286,"A1 actors are outside the blind-corner conflict zone"
12.1512,1,101,101,1.0000,1.0000,1.0000,1.0000,1.0000,1.0000,-21.8879,-12.5280,"11.071:0.000:18.000",0.0000,"A1 actors are outside the blind-corner conflict zone"
12.2641,1,101,102,1.0000,1.0000,1.0000,1.0000,1.0000,1.0000,-21.7813,-12.4298,"11.027:0.000:18.000",0.0000,"A1 actors are outside the blind-corner conflict zone"
12.3800,1,101,103,1.0000,1.0000,1.0000,1.0000,1.0000,1.0000,-21.6731,-12.3271,"10.982:0.000:18.000",0.1159,"A1 actors are outside the blind-corner conflict zone"
12.5149,1,101,104,1.0000,1.0000,1.0000,1.0000,1.0000,1.0000,-21.5473,-12.2146,"10.929:0.000:18.000",0.0000,"A1 actors are outside the blind-corner conflict zone"
12.6451,1,101,105,1.0000,1.0000,1.0000,1.0000,1.0000,1.0000,-21.4209,-12.1131,"10.878:0.000:18.000",0.1302,"A1 actors are outside the blind-corner conflict zone"
12.7812,1,101,106,1.0000,1.0000,1.0000,1.0000,1.0000,1.0000,-21.2823,-12.0241,"10.825:0.000:18.000",0.0000,"A1 actors are outside the blind-corner conflict zone"
12.9113,1,101,107,1.0000,1.0000,1.0000,1.0000,1.0000,1.0000,-21.1394,-11.9397,"10.774:0.000:18.000",0.1300,"A1 actors are outside the blind-corner conflict zone"
13.0190,1,101,108,1.0000,1.0000,1.0000,1.0000,1.0000,1.0000,-21.0138,-11.8706,"10.732:0.000:18.000",0.2377,"A1 actors are outside the blind-corner conflict zone"
13.1327,1,101,109,1.0000,1.0000,1.0000,1.0000,1.0000,1.0000,-20.8897,-11.8014,"10.688:0.000:18.000",0.3515,"A1 actors are outside the blind-corner conflict zone"
13.2400,1,101,110,1.0000,1.0000,1.0000,1.0000,1.0000,1.0000,-20.8118,-11.7550,"10.646:0.000:18.000",0.0000,"A1 actors are outside the blind-corner conflict zone"
13.3569,1,101,111,1.0000,1.0000,1.0000,1.0000,1.0000,1.0000,-20.6960,-11.6912,"10.601:0.000:18.000",0.0000,"A1 actors are outside the blind-corner conflict zone"
13.4681,1,101,112,1.0000,1.0000,1.0000,1.0000,1.0000,1.0000,-20.5822,-11.6354,"10.557:0.000:18.000",0.0000,"A1 actors are outside the blind-corner conflict zone"
13.5848,1,101,113,1.0000,1.0000,1.0000,1.0000,1.0000,1.0000,-20.4469,-11.5735,"10.512:0.000:18.000",0.1167,"A1 actors are outside the blind-corner conflict zone"
13.6912,1,101,114,1.0000,1.0000,1.0000,1.0000,1.0000,1.0000,-20.3003,-11.5201,"10.470:0.000:18.000",0.0000,"A1 actors are outside the blind-corner conflict zone"
13.8092,1,101,115,1.0000,1.0000,1.0000,1.0000,1.0000,1.0000,-20.1774,-11.4684,"10.424:0.000:18.000",0.0000,"A1 actors are outside the blind-corner conflict zone"
13.9218,1,101,116,1.0000,1.0000,1.0000,1.0000,1.0000,1.0000,-20.0505,-11.4168,"10.380:0.000:18.000",0.1126,"A1 actors are outside the blind-corner conflict zone"
14.0433,1,101,117,1.0000,1.0000,1.0000,1.0000,1.0000,1.0000,-19.9171,-11.3627,"10.333:0.000:18.000",0.0000,"A1 actors are outside the blind-corner conflict zone"
14.1566,1,101,118,1.0000,1.0000,1.0000,1.0000,1.0000,1.0000,-19.7920,-11.3133,"10.289:0.000:18.000",0.1133,"A1 actors are outside the blind-corner conflict zone"
14.2657,1,101,119,1.0000,1.0000,1.0000,1.0000,1.0000,1.0000,-19.6898,-11.2683,"10.246:0.000:18.000",0.0000,"A1 actors are outside the blind-corner conflict zone"
14.3872,1,101,120,1.0000,1.0000,1.0000,1.0000,1.0000,1.0000,-19.5465,-11.1998,"10.199:0.000:18.000",0.0000,"A1 actors are outside the blind-corner conflict zone"
14.5277,1,101,121,1.0000,1.0000,1.0000,1.0000,1.0000,1.0000,-19.4103,-11.1413,"10.144:0.000:18.000",0.0000,"A1 actors are outside the blind-corner conflict zone"
14.6293,1,101,122,1.0000,1.0000,1.0000,1.0000,1.0000,1.0000,-19.2961,-11.0968,"10.104:0.000:18.000",0.1016,"A1 actors are outside the blind-corner conflict zone"
14.7618,1,101,123,1.0000,1.0000,1.0000,1.0000,1.0000,1.0000,-19.1501,-11.0404,"10.053:0.000:18.000",0.0000,"A1 actors are outside the blind-corner conflict zone"
14.8844,1,101,124,1.0000,1.0000,1.0000,1.0000,1.0000,1.0000,-19.0292,-10.9973,"10.005:0.000:18.000",0.1226,"A1 actors are outside the blind-corner conflict zone"
15.0322,1,101,125,1.0000,1.0000,1.0000,1.0000,1.0000,1.0000,-18.8714,-10.9467,"9.947:0.000:18.000",0.2704,"A1 actors are outside the blind-corner conflict zone"
15.2038,1,101,126,1.0000,1.0000,1.0000,1.0000,1.0000,1.0000,-18.6749,-10.8816,"9.880:0.000:18.000",0.0000,"A1 actors are outside the blind-corner conflict zone"
15.4449,1,101,127,1.0000,1.0000,1.0000,1.0000,1.0000,1.0000,-18.4034,-10.7901,"9.786:0.000:18.000",0.2411,"A1 actors are outside the blind-corner conflict zone"
15.5620,1,101,128,1.0000,1.0000,1.0000,1.0000,1.0000,1.0000,-18.2491,-10.7478,"9.741:0.000:18.000",0.0000,"A1 actors are outside the blind-corner conflict zone"
15.6854,1,101,129,1.0000,1.0000,1.0000,1.0000,1.0000,1.0000,-18.0976,-10.7307,"9.693:0.000:18.000",0.0000,"A1 actors are outside the blind-corner conflict zone"
15.7974,1,101,130,1.0000,1.0000,1.0000,1.0000,1.0000,1.0000,-17.9635,-10.7187,"9.649:0.000:18.000",0.1120,"A1 actors are outside the blind-corner conflict zone"
15.9047,1,101,131,1.0000,1.0000,1.0000,1.0000,1.0000,1.0000,-17.8319,-10.7025,"9.607:0.000:18.000",0.2193,"A1 actors are outside the blind-corner conflict zone"
16.0100,1,101,132,1.0000,1.0000,1.0000,1.0000,1.0000,1.0000,-17.7223,-10.6825,"9.566:0.000:18.000",0.3246,"A1 actors are outside the blind-corner conflict zone"
16.1551,1,101,133,1.0000,1.0000,1.0000,1.0000,1.0000,1.0000,-17.5358,-10.6580,"9.509:0.000:18.000",0.0000,"A1 actors are outside the blind-corner conflict zone"
16.2575,1,101,134,1.0000,1.0000,1.0000,1.0000,1.0000,1.0000,-17.4072,-10.6419,"9.469:0.000:18.000",0.0000,"A1 actors are outside the blind-corner conflict zone"
16.3584,1,101,135,1.0000,1.0000,1.0000,1.0000,1.0000,1.0000,-17.2991,-10.6290,"9.430:0.000:18.000",0.0000,"A1 actors are outside the blind-corner conflict zone"
16.4909,1,101,136,1.0000,1.0000,1.0000,1.0000,1.0000,1.0000,-17.1299,-10.5997,"9.378:0.000:18.000",0.1325,"A1 actors are outside the blind-corner conflict zone"
16.6221,1,101,137,1.0000,1.0000,1.0000,1.0000,1.0000,1.0000,-16.9817,-10.5699,"9.327:0.000:18.000",0.0000,"A1 actors are outside the blind-corner conflict zone"
16.7517,1,101,138,1.0000,1.0000,1.0000,1.0000,1.0000,1.0000,-16.8323,-10.5465,"9.277:0.000:18.000",0.0000,"A1 actors are outside the blind-corner conflict zone"
16.8857,1,101,139,1.0000,1.0000,1.0000,1.0000,1.0000,1.0000,-16.6792,-10.5253,"9.224:0.000:18.000",0.0000,"A1 actors are outside the blind-corner conflict zone"
17.0076,1,101,140,1.0000,1.0000,1.0000,1.0000,1.0000,1.0000,-16.5447,-10.5063,"9.177:0.000:18.000",0.1219,"A1 actors are outside the blind-corner conflict zone"
17.1126,1,101,141,1.0000,1.0000,1.0000,1.0000,1.0000,1.0000,-16.4157,-10.4937,"9.136:0.000:18.000",0.0000,"A1 actors are outside the blind-corner conflict zone"
17.2434,1,101,142,1.0000,1.0000,1.0000,1.0000,1.0000,1.0000,-16.2661,-10.4765,"9.085:0.000:18.000",0.1308,"A1 actors are outside the blind-corner conflict zone"
17.3717,1,101,143,1.0000,1.0000,1.0000,1.0000,1.0000,1.0000,-16.1016,-10.4563,"9.035:0.000:18.000",0.0000,"A1 actors are outside the blind-corner conflict zone"
17.5024,1,101,144,1.0000,1.0000,1.0000,1.0000,1.0000,1.0000,-15.9550,-10.4388,"8.984:0.000:18.000",0.0000,"A1 actors are outside the blind-corner conflict zone"
17.6250,1,101,145,1.0000,1.0000,1.0000,1.0000,1.0000,1.0000,-15.8218,-10.4286,"8.936:0.000:18.000",0.0000,"A1 actors are outside the blind-corner conflict zone"
17.7653,1,101,146,1.0000,1.0000,1.0000,1.0000,1.0000,1.0000,-15.6351,-10.4157,"8.881:0.000:18.000",0.1403,"A1 actors are outside the blind-corner conflict zone"
17.8875,1,101,147,1.0000,1.0000,1.0000,1.0000,1.0000,1.0000,-15.5002,-10.4067,"8.834:0.000:18.000",0.0000,"A1 actors are outside the blind-corner conflict zone"
18.0140,1,101,148,1.0000,1.0000,1.0000,1.0000,1.0000,1.0000,-15.3619,-10.3906,"8.784:0.000:18.000",0.1265,"A1 actors are outside the blind-corner conflict zone"
18.1593,1,101,149,1.0000,1.0000,1.0000,1.0000,1.0000,1.0000,-15.1941,-10.3633,"8.728:0.000:18.000",0.0000,"A1 actors are outside the blind-corner conflict zone"
18.2669,1,101,150,1.0000,1.0000,1.0000,1.0000,1.0000,1.0000,-15.0584,-10.3382,"8.686:0.000:18.000",0.0000,"A1 actors are outside the blind-corner conflict zone"
18.3962,1,101,151,1.0000,1.0000,1.0000,1.0000,1.0000,1.0000,-14.9167,-10.3176,"8.635:0.000:18.000",0.1293,"A1 actors are outside the blind-corner conflict zone"
18.5301,1,101,152,1.0000,1.0000,1.0000,1.0000,1.0000,1.0000,-14.7494,-10.2953,"8.583:0.000:18.000",0.0000,"A1 actors are outside the blind-corner conflict zone"
18.6586,1,101,153,1.0000,1.0000,1.0000,1.0000,1.0000,1.0000,-14.6100,-10.2780,"8.533:0.000:18.000",0.0000,"A1 actors are outside the blind-corner conflict zone"
18.7979,1,101,154,1.0000,1.0000,1.0000,1.0000,1.0000,1.0000,-14.4544,-10.2634,"8.479:0.000:18.000",0.0000,"A1 actors are outside the blind-corner conflict zone"
18.8986,1,101,155,1.0000,1.0000,1.0000,1.0000,1.0000,1.0000,-14.3243,-10.2553,"8.439:0.000:18.000",0.1008,"A1 actors are outside the blind-corner conflict zone"
19.0411,1,101,156,1.0000,1.0000,1.0000,1.0000,1.0000,1.0000,-14.1475,-10.2421,"8.384:0.000:18.000",0.2432,"A1 actors are outside the blind-corner conflict zone"
19.1807,1,101,157,1.0000,1.0000,1.0000,1.0000,1.0000,1.0000,-13.9840,-10.2351,"8.329:0.000:18.000",0.3829,"A1 actors are outside the blind-corner conflict zone"
19.3244,1,101,158,1.0000,1.0000,1.0000,1.0000,1.0000,1.0000,-13.7954,-10.2345,"8.273:0.000:18.000",0.0000,"A1 actors are outside the blind-corner conflict zone"
19.4593,1,101,159,1.0000,1.0000,1.0000,1.0000,1.0000,1.0000,-13.6173,-10.2125,"8.221:0.000:18.000",0.1349,"A1 actors are outside the blind-corner conflict zone"
19.5832,1,101,160,1.0000,1.0000,1.0000,1.0000,1.0000,1.0000,-13.4905,-10.1872,"8.172:0.000:18.000",0.0000,"A1 actors are outside the blind-corner conflict zone"
19.6971,1,101,161,1.0000,1.0000,1.0000,1.0000,1.0000,1.0000,-13.3571,-10.1629,"8.128:0.000:18.000",0.0000,"A1 actors are outside the blind-corner conflict zone"
19.8189,1,101,162,1.0000,1.0000,1.0000,1.0000,1.0000,1.0000,-13.1973,-10.1482,"8.080:0.000:18.000",0.1218,"A1 actors are outside the blind-corner conflict zone"
19.9396,1,101,163,1.0000,1.0000,1.0000,1.0000,1.0000,1.0000,-13.0365,-10.1329,"8.033:0.000:18.000",0.2424,"A1 actors are outside the blind-corner conflict zone"
20.0508,1,101,164,1.0000,1.0000,1.0000,1.0000,1.0000,1.0000,-12.8825,-10.1278,"7.990:0.000:18.000",0.0000,"A1 actors are outside the blind-corner conflict zone"
20.1569,1,101,165,1.0000,1.0000,1.0000,1.0000,1.0000,1.0000,-12.7590,-10.1288,"7.949:0.000:18.000",0.1061,"A1 actors are outside the blind-corner conflict zone"
20.2671,1,101,166,1.0000,1.0000,1.0000,1.0000,1.0000,1.0000,-12.5986,-10.1388,"7.906:0.000:18.000",0.0000,"A1 actors are outside the blind-corner conflict zone"
20.3829,1,101,167,1.0000,1.0000,1.0000,1.0000,1.0000,1.0000,-12.4682,-10.1499,"7.861:0.000:18.000",0.1158,"A1 actors are outside the blind-corner conflict zone"
20.5120,1,101,168,1.0000,1.0000,1.0000,1.0000,1.0000,1.0000,-12.2799,-10.1651,"7.810:0.000:18.000",0.0000,"A1 actors are outside the blind-corner conflict zone"
20.6172,1,101,169,1.0000,1.0000,1.0000,1.0000,1.0000,1.0000,-12.1470,-10.1817,"7.769:0.000:18.000",0.0000,"A1 actors are outside the blind-corner conflict zone"
20.7187,1,101,170,1.0000,1.0000,1.0000,1.0000,1.0000,1.0000,-12.0207,-10.2000,"7.730:0.000:18.000",0.0000,"A1 actors are outside the blind-corner conflict zone"
20.8301,1,101,171,1.0000,1.0000,1.0000,1.0000,1.0000,1.0000,-11.8782,-10.2309,"7.686:0.000:18.000",0.1113,"A1 actors are outside the blind-corner conflict zone"
20.9615,1,101,172,1.0000,1.0000,1.0000,1.0000,1.0000,1.0000,-11.7113,-10.2607,"7.635:0.000:18.000",0.0000,"A1 actors are outside the blind-corner conflict zone"
21.0741,1,101,173,1.0000,1.0000,1.0000,1.0000,1.0000,1.0000,-11.5959,-10.2780,"7.591:0.000:18.000",0.1126,"A1 actors are outside the blind-corner conflict zone"
21.1850,1,101,174,1.0000,1.0000,1.0000,1.0000,1.0000,1.0000,-11.4725,-10.3052,"7.548:0.000:18.000",0.2235,"A1 actors are outside the blind-corner conflict zone"
21.3185,1,101,175,1.0000,1.0000,1.0000,1.0000,1.0000,1.0000,-11.3424,-10.3384,"7.496:0.000:18.000",0.3570,"A1 actors are outside the blind-corner conflict zone"
21.4185,1,101,176,1.0000,1.0000,1.0000,1.0000,1.0000,1.0000,-11.2188,-10.3726,"7.457:0.000:18.000",0.0000,"A1 actors are outside the blind-corner conflict zone"
21.5212,1,101,177,1.0000,1.0000,1.0000,1.0000,1.0000,1.0000,-11.0757,-10.4152,"7.417:0.000:18.000",0.0000,"A1 actors are outside the blind-corner conflict zone"
21.6269,1,101,178,1.0000,1.0000,1.0000,1.0000,1.0000,1.0000,-10.9477,-10.4465,"7.375:0.000:18.000",0.0000,"A1 actors are outside the blind-corner conflict zone"
21.7488,1,101,179,1.0000,1.0000,1.0000,1.0000,1.0000,1.0000,-10.8156,-10.4732,"7.328:0.000:18.000",0.0000,"A1 actors are outside the blind-corner conflict zone"
21.8520,1,101,180,1.0000,1.0000,1.0000,1.0000,1.0000,1.0000,-10.6878,-10.4975,"7.288:0.000:18.000",0.1032,"A1 actors are outside the blind-corner conflict zone"
21.9809,1,101,181,1.0000,1.0000,1.0000,1.0000,1.0000,1.0000,-10.5567,-10.5221,"7.237:0.000:18.000",0.2321,"A1 actors are outside the blind-corner conflict zone"
22.1024,1,101,182,1.0000,1.0000,1.0000,1.0000,1.0000,1.0000,-10.4137,-10.5323,"7.190:0.000:18.000",0.0000,"A1 actors are outside the blind-corner conflict zone"
22.2134,1,101,183,1.0000,1.0000,1.0000,1.0000,1.0000,1.0000,-10.2499,-10.5416,"7.147:0.000:18.000",0.0000,"A1 actors are outside the blind-corner conflict zone"
22.3178,1,101,184,1.0000,1.0000,1.0000,1.0000,1.0000,1.0000,-10.0976,-10.5645,"7.106:0.000:18.000",0.1044,"A1 actors are outside the blind-corner conflict zone"
22.4320,1,101,185,1.0000,1.0000,1.0000,1.0000,1.0000,1.0000,-9.9909,-10.5940,"7.061:0.000:18.000",0.0000,"A1 actors are outside the blind-corner conflict zone"
22.5494,1,101,186,1.0000,1.0000,1.0000,1.0000,1.0000,1.0000,-9.8703,-10.6347,"7.016:0.000:18.000",0.1174,"A1 actors are outside the blind-corner conflict zone"
22.6651,1,101,187,1.0000,1.0000,1.0000,1.0000,1.0000,1.0000,-9.7291,-10.6851,"6.970:0.000:18.000",0.0000,"A1 actors are outside the blind-corner conflict zone"
22.7676,1,101,188,1.0000,1.0000,1.0000,1.0000,1.0000,1.0000,-9.6091,-10.7133,"6.930:0.000:18.000",0.1025,"A1 actors are outside the blind-corner conflict zone"
22.8714,1,101,189,1.0000,1.0000,1.0000,1.0000,1.0000,1.0000,-9.4738,-10.7395,"6.890:0.000:18.000",0.2063,"A1 actors are outside the blind-corner conflict zone"
22.9915,1,101,190,1.0000,1.0000,1.0000,1.0000,1.0000,1.0000,-9.3348,-10.7675,"6.843:0.000:18.000",0.0000,"A1 actors are outside the blind-corner conflict zone"
23.1228,1,101,191,1.0000,1.0000,1.0000,1.0000,1.0000,1.0000,-9.1946,-10.8095,"6.792:0.000:18.000",0.0000,"A1 actors are outside the blind-corner conflict zone"
23.2245,1,101,192,1.0000,1.0000,1.0000,1.0000,1.0000,1.0000,-9.0709,-10.8530,"6.752:0.000:18.000",0.1017,"A1 actors are outside the blind-corner conflict zone"
23.3293,1,101,193,1.0000,1.0000,1.0000,1.0000,1.0000,1.0000,-8.9569,-10.8902,"6.711:0.000:18.000",0.2065,"A1 actors are outside the blind-corner conflict zone"
23.4483,1,101,194,1.0000,1.0000,1.0000,1.0000,1.0000,1.0000,-8.8132,-10.9310,"6.665:0.000:18.000",0.3255,"A1 actors are outside the blind-corner conflict zone"
23.5627,1,101,195,1.0000,1.0000,1.0000,1.0000,1.0000,1.0000,-8.6786,-10.9607,"6.620:0.000:18.000",0.0000,"A1 actors are outside the blind-corner conflict zone"
23.6709,1,101,196,1.0000,1.0000,1.0000,1.0000,1.0000,1.0000,-8.5202,-10.9865,"6.578:0.000:18.000",0.0000,"A1 actors are outside the blind-corner conflict zone"
23.7870,1,101,197,1.0000,1.0000,1.0000,1.0000,1.0000,1.0000,-8.3902,-11.0106,"6.533:0.000:18.000",0.0000,"A1 actors are outside the blind-corner conflict zone"
23.9038,1,101,198,1.0000,1.0000,1.0000,1.0000,1.0000,1.0000,-8.2721,-11.0360,"6.487:0.000:18.000",0.1168,"A1 actors are outside the blind-corner conflict zone"
24.0264,1,101,199,1.0000,1.0000,1.0000,1.0000,1.0000,1.0000,-8.1212,-11.0636,"6.440:0.000:18.000",0.2394,"A1 actors are outside the blind-corner conflict zone"
24.1438,1,101,200,1.0000,1.0000,1.0000,1.0000,1.0000,1.0000,-8.0053,-11.0776,"6.394:0.000:18.000",0.0000,"A1 actors are outside the blind-corner conflict zone"
24.2685,1,101,201,1.0000,1.0000,1.0000,1.0000,1.0000,1.0000,-7.8702,-11.0919,"6.345:0.000:18.000",0.0000,"A1 actors are outside the blind-corner conflict zone"
24.3966,1,101,202,1.0000,1.0000,1.0000,1.0000,1.0000,1.0000,-7.7077,-11.1243,"6.295:0.000:18.000",0.1280,"A1 actors are outside the blind-corner conflict zone"
24.5047,1,101,203,1.0000,1.0000,1.0000,1.0000,1.0000,1.0000,-7.5555,-11.1542,"6.253:0.000:18.000",0.2362,"A1 actors are outside the blind-corner conflict zone"
24.6067,1,101,204,1.0000,1.0000,1.0000,1.0000,1.0000,1.0000,-7.4416,-11.1774,"6.213:0.000:18.000",0.3382,"A1 actors are outside the blind-corner conflict zone"
24.7120,1,101,205,1.0000,1.0000,1.0000,1.0000,1.0000,1.0000,-7.2924,-11.2083,"6.172:0.000:18.000",0.0000,"A1 actors are outside the blind-corner conflict zone"
24.8241,1,101,206,1.0000,1.0000,1.0000,1.0000,1.0000,1.0000,-7.1652,-11.2402,"6.128:0.000:18.000",0.0000,"A1 actors are outside the blind-corner conflict zone"
24.9272,1,101,207,1.0000,1.0000,1.0000,1.0000,1.0000,1.0000,-7.0369,-11.2716,"6.088:0.000:18.000",0.0000,"A1 actors are outside the blind-corner conflict zone"
25.0596,1,101,208,1.0000,1.0000,1.0000,1.0000,1.0000,1.0000,-6.9129,-11.3213,"6.037:0.000:18.000",0.0000,"A1 actors are outside the blind-corner conflict zone"
25.1614,1,101,209,1.0000,1.0000,1.0000,1.0000,1.0000,1.0000,-6.8051,-11.3824,"5.997:0.000:18.000",0.1017,"A1 actors are outside the blind-corner conflict zone"
25.2669,1,101,210,1.0000,1.0000,1.0000,1.0000,1.0000,1.0000,-6.7127,-11.4552,"5.956:0.000:18.000",0.0000,"A1 actors are outside the blind-corner conflict zone"
25.3729,1,101,211,1.0000,1.0000,1.0000,1.0000,1.0000,1.0000,-6.6224,-11.5292,"5.914:0.000:18.000",0.0000,"A1 actors are outside the blind-corner conflict zone"
25.4976,1,101,212,1.0000,1.0000,1.0000,1.0000,1.0000,1.0000,-6.5128,-11.6271,"5.866:0.000:18.000",0.0000,"A1 actors are outside the blind-corner conflict zone"
25.6180,1,101,213,1.0000,1.0000,1.0000,1.0000,1.0000,1.0000,-6.4061,-11.7475,"5.819:0.000:18.000",0.0000,"A1 actors are outside the blind-corner conflict zone"
25.7539,1,101,214,1.0000,1.0000,1.0000,1.0000,1.0000,1.0000,-6.2891,-11.8823,"5.766:0.000:18.000",0.0000,"A1 actors are outside the blind-corner conflict zone"
25.8802,1,101,215,1.0000,1.0000,1.0000,1.0000,1.0000,1.0000,-6.1982,-12.0059,"5.717:0.000:18.000",0.1263,"A1 actors are outside the blind-corner conflict zone"
25.9963,1,101,216,1.0000,1.0000,1.0000,1.0000,1.0000,1.0000,-6.1073,-12.1252,"5.671:0.000:18.000",0.2424,"A1 actors are outside the blind-corner conflict zone"
26.1159,1,101,217,1.0000,1.0000,1.0000,1.0000,1.0000,1.0000,-6.0440,-12.2211,"5.625:0.000:18.000",0.0000,"A1 actors are outside the blind-corner conflict zone"
26.2402,1,101,218,1.0000,1.0000,1.0000,1.0000,1.0000,1.0000,-5.9615,-12.3573,"5.576:0.000:18.000",0.0000,"A1 actors are outside the blind-corner conflict zone"
26.3609,1,101,219,1.0000,1.0000,1.0000,1.0000,1.0000,1.0000,-5.8959,-12.4558,"5.529:0.000:18.000",0.1207,"A1 actors are outside the blind-corner conflict zone"
26.4875,1,101,220,1.0000,1.0000,1.0000,1.0000,1.0000,1.0000,-5.7957,-12.5896,"5.480:0.000:18.000",0.2473,"A1 actors are outside the blind-corner conflict zone"
26.6041,1,101,221,1.0000,1.0000,1.0000,1.0000,1.0000,1.0000,-5.7192,-12.6975,"5.434:0.000:18.000",0.0000,"A1 actors are outside the blind-corner conflict zone"
26.7328,1,101,222,1.0000,1.0000,1.0000,1.0000,1.0000,1.0000,-5.6447,-12.8087,"5.384:0.000:18.000",0.0000,"A1 actors are outside the blind-corner conflict zone"
26.8599,1,101,223,1.0000,1.0000,1.0000,1.0000,1.0000,1.0000,-5.5557,-12.9204,"5.334:0.000:18.000",0.0000,"A1 actors are outside the blind-corner conflict zone"
26.9794,1,101,224,1.0000,1.0000,1.0000,1.0000,1.0000,1.0000,-5.4657,-13.0264,"5.288:0.000:18.000",0.1195,"A1 actors are outside the blind-corner conflict zone"
27.0977,1,101,225,1.0000,1.0000,1.0000,1.0000,1.0000,1.0000,-5.3781,-13.1139,"5.242:0.000:18.000",0.0000,"A1 actors are outside the blind-corner conflict zone"
27.2150,1,101,226,1.0000,1.0000,1.0000,1.0000,1.0000,1.0000,-5.2715,-13.2181,"5.196:0.000:18.000",0.1173,"A1 actors are outside the blind-corner conflict zone"
27.3352,1,101,227,1.0000,1.0000,1.0000,1.0000,1.0000,1.0000,-5.1592,-13.3238,"5.149:0.000:18.000",0.0000,"A1 actors are outside the blind-corner conflict zone"
27.4608,1,101,228,1.0000,1.0000,1.0000,1.0000,1.0000,1.0000,-5.0298,-13.4500,"5.100:0.000:18.000",0.0000,"A1 actors are outside the blind-corner conflict zone"
27.5827,1,101,229,1.0000,1.0000,1.0000,1.0000,1.0000,1.0000,-4.9353,-13.5470,"5.053:0.000:18.000",0.0000,"A1 actors are outside the blind-corner conflict zone"
27.7039,1,101,230,1.0000,1.0000,1.0000,1.0000,1.0000,1.0000,-4.8228,-13.6521,"5.063:0.000:18.000",0.0000,"A1 actors are outside the blind-corner conflict zone"
27.8273,1,101,231,1.0000,1.0000,1.0000,1.0000,1.0000,1.0000,-4.7093,-13.7648,"5.111:0.000:18.000",0.0000,"A1 actors are outside the blind-corner conflict zone"
27.9561,1,101,232,1.0000,1.0000,1.0000,1.0000,1.0000,1.0000,-4.5928,-13.8933,"5.162:0.000:18.000",0.0000,"A1 actors are outside the blind-corner conflict zone"
28.0746,1,101,233,1.0000,1.0000,1.0000,1.0000,1.0000,1.0000,-4.4943,-14.0002,"5.208:0.000:18.000",0.0000,"A1 actors are outside the blind-corner conflict zone"
28.1926,1,101,234,1.0000,1.0000,1.0000,1.0000,1.0000,1.0000,-4.3926,-14.0936,"5.254:0.000:18.000",0.1180,"A1 actors are outside the blind-corner conflict zone"
28.3241,1,101,235,1.0000,1.0000,1.0000,1.0000,1.0000,1.0000,-4.2664,-14.2026,"5.305:0.000:18.000",0.0000,"A1 actors are outside the blind-corner conflict zone"
28.4455,1,101,236,1.0000,1.0000,1.0000,1.0000,1.0000,1.0000,-4.1467,-14.3119,"5.352:0.000:18.000",0.1214,"A1 actors are outside the blind-corner conflict zone"
28.5653,1,101,237,1.0000,1.0000,1.0000,1.0000,1.0000,1.0000,-4.0369,-14.4231,"5.399:0.000:18.000",0.0000,"A1 actors are outside the blind-corner conflict zone"
28.6865,1,101,238,1.0000,1.0000,1.0000,1.0000,1.0000,1.0000,-3.9346,-14.5418,"5.446:0.000:18.000",0.0000,"A1 actors are outside the blind-corner conflict zone"
28.8158,1,101,239,1.0000,1.0000,1.0000,1.0000,1.0000,1.0000,-3.8374,-14.6601,"5.497:0.000:18.000",0.1293,"A1 actors are outside the blind-corner conflict zone"
28.9379,1,101,240,1.0000,1.0000,1.0000,1.0000,1.0000,1.0000,-3.7302,-14.7742,"5.545:0.000:18.000",0.2514,"A1 actors are outside the blind-corner conflict zone"
29.0659,1,101,241,1.0000,1.0000,1.0000,1.0000,1.0000,1.0000,-3.6222,-14.8801,"5.594:0.000:18.000",0.0000,"A1 actors are outside the blind-corner conflict zone"
29.1939,1,101,242,1.0000,1.0000,1.0000,1.0000,1.0000,1.0000,-3.5095,-14.9791,"5.644:0.000:18.000",0.0000,"A1 actors are outside the blind-corner conflict zone"
29.3220,1,101,243,1.0000,1.0000,1.0000,1.0000,1.0000,1.0000,-3.3979,-15.0688,"5.694:0.000:18.000",0.0000,"A1 actors are outside the blind-corner conflict zone"
29.4289,1,101,244,1.0000,1.0000,1.0000,1.0000,1.0000,1.0000,-3.2864,-15.1671,"5.736:0.000:18.000",0.1069,"A1 actors are outside the blind-corner conflict zone"
29.5310,1,101,245,1.0000,1.0000,1.0000,1.0000,1.0000,1.0000,-3.2113,-15.2410,"5.776:0.000:18.000",0.2090,"A1 actors are outside the blind-corner conflict zone"
29.6664,1,101,246,1.0000,1.0000,1.0000,1.0000,1.0000,1.0000,-3.0976,-15.3589,"5.829:0.000:18.000",0.0000,"A1 actors are outside the blind-corner conflict zone"
29.7921,1,101,247,1.0000,1.0000,1.0000,1.0000,1.0000,1.0000,-2.9994,-15.4699,"5.878:0.000:18.000",0.0000,"A1 actors are outside the blind-corner conflict zone"
29.9158,1,101,248,1.0000,1.0000,1.0000,1.0000,1.0000,1.0000,-2.8961,-15.5864,"5.926:0.000:18.000",0.0000,"A1 actors are outside the blind-corner conflict zone"
30.0357,1,101,249,1.0000,1.0000,1.0000,1.0000,1.0000,1.0000,-2.8043,-15.6977,"5.973:0.000:18.000",0.0000,"A1 actors are outside the blind-corner conflict zone"
30.1582,1,101,250,1.0000,1.0000,1.0000,1.0000,1.0000,1.0000,-2.7181,-15.8013,"6.020:0.000:18.000",0.1225,"A1 actors are outside the blind-corner conflict zone"
30.2799,1,101,251,1.0000,1.0000,1.0000,1.0000,1.0000,1.0000,-2.6162,-15.9372,"6.068:0.000:18.000",0.0000,"A1 actors are outside the blind-corner conflict zone"
30.4057,1,101,252,1.0000,1.0000,1.0000,1.0000,1.0000,1.0000,-2.5414,-16.0320,"6.117:0.000:18.000",0.0000,"A1 actors are outside the blind-corner conflict zone"
30.5297,1,101,253,1.0000,1.0000,1.0000,1.0000,1.0000,1.0000,-2.4389,-16.1519,"6.165:0.000:18.000",0.0000,"A1 actors are outside the blind-corner conflict zone"
30.6534,1,101,254,1.0000,1.0000,1.0000,1.0000,1.0000,1.0000,-2.3451,-16.2812,"6.214:0.000:18.000",0.0000,"A1 actors are outside the blind-corner conflict zone"
30.7611,1,101,255,1.0000,1.0000,1.0000,1.0000,1.0000,1.0000,-2.2841,-16.3851,"6.256:0.000:18.000",0.0000,"A1 actors are outside the blind-corner conflict zone"
30.8877,1,101,256,1.0000,1.0000,1.0000,1.0000,1.0000,1.0000,-2.1992,-16.5199,"6.305:0.000:18.000",0.0000,"A1 actors are outside the blind-corner conflict zone"
31.0092,1,101,257,1.0000,1.0000,1.0000,1.0000,1.0000,1.0000,-2.1063,-16.6624,"6.352:0.000:18.000",0.0000,"A1 actors are outside the blind-corner conflict zone"
31.1275,1,101,258,1.0000,1.0000,1.0000,1.0000,1.0000,1.0000,-2.0231,-16.7992,"6.398:0.000:18.000",0.0000,"A1 actors are outside the blind-corner conflict zone"
31.2337,1,101,259,1.0000,1.0000,1.0000,1.0000,1.0000,1.0000,-1.9682,-16.9065,"6.440:0.000:18.000",0.1063,"A1 actors are outside the blind-corner conflict zone"
31.3525,1,101,260,1.0000,1.0000,1.0000,1.0000,1.0000,1.0000,-1.8864,-17.0255,"6.486:0.000:18.000",0.2251,"A1 actors are outside the blind-corner conflict zone"
31.4860,1,101,261,1.0000,1.0000,1.0000,1.0000,1.0000,1.0000,-1.7933,-17.1580,"6.538:0.000:18.000",0.0000,"A1 actors are outside the blind-corner conflict zone"
31.6048,1,101,262,1.0000,1.0000,1.0000,1.0000,1.0000,1.0000,-1.7358,-17.2813,"6.585:0.000:18.000",0.0000,"A1 actors are outside the blind-corner conflict zone"
31.7094,1,101,263,1.0000,1.0000,1.0000,1.0000,1.0000,1.0000,-1.6958,-17.3743,"6.625:0.000:18.000",0.0000,"A1 actors are outside the blind-corner conflict zone"
31.8316,1,101,264,1.0000,1.0000,1.0000,1.0000,1.0000,1.0000,-1.6522,-17.5061,"6.673:0.000:18.000",0.1222,"A1 actors are outside the blind-corner conflict zone"
31.9448,1,101,265,1.0000,1.0000,1.0000,1.0000,1.0000,1.0000,-1.6061,-17.6431,"6.717:0.000:18.000",0.2354,"A1 actors are outside the blind-corner conflict zone"
32.0650,1,101,266,1.0000,1.0000,1.0000,1.0000,1.0000,1.0000,-1.5733,-17.7865,"6.764:0.000:18.000",0.0000,"A1 actors are outside the blind-corner conflict zone"
32.1884,1,101,267,1.0000,1.0000,1.0000,1.0000,1.0000,1.0000,-1.5256,-17.9607,"6.812:0.000:18.000",0.0000,"A1 actors are outside the blind-corner conflict zone"
32.3063,1,101,268,1.0000,1.0000,1.0000,1.0000,1.0000,1.0000,-1.4933,-18.0994,"6.858:0.000:18.000",0.0000,"A1 actors are outside the blind-corner conflict zone"
32.4298,1,101,269,1.0000,1.0000,1.0000,1.0000,1.0000,1.0000,-1.4614,-18.2235,"6.906:0.000:18.000",0.1235,"A1 actors are outside the blind-corner conflict zone"
32.5338,1,101,270,1.0000,1.0000,1.0000,1.0000,1.0000,1.0000,-1.4299,-18.3443,"6.947:0.000:18.000",0.2275,"A1 actors are outside the blind-corner conflict zone"
32.6661,1,101,271,1.0000,1.0000,1.0000,1.0000,1.0000,1.0000,-1.3844,-18.5283,"6.999:0.000:18.000",0.0000,"A1 actors are outside the blind-corner conflict zone"
32.7821,1,101,272,1.0000,1.0000,1.0000,1.0000,1.0000,1.0000,-1.3574,-18.6651,"7.044:0.000:18.000",0.0000,"A1 actors are outside the blind-corner conflict zone"
32.8847,1,101,273,1.0000,1.0000,1.0000,1.0000,1.0000,1.0000,-1.3401,-18.7916,"7.084:0.000:18.000",0.0000,"A1 actors are outside the blind-corner conflict zone"
33.0029,1,101,274,1.0000,1.0000,1.0000,1.0000,1.0000,1.0000,-1.3234,-18.9100,"7.130:0.000:18.000",0.0000,"A1 actors are outside the blind-corner conflict zone"
33.1291,1,101,275,1.0000,1.0000,1.0000,1.0000,1.0000,1.0000,-1.3033,-19.0541,"7.179:0.000:18.000",0.1261,"A1 actors are outside the blind-corner conflict zone"
33.2330,1,101,276,1.0000,1.0000,1.0000,1.0000,1.0000,1.0000,-1.2867,-19.1783,"7.220:0.000:18.000",0.2301,"A1 actors are outside the blind-corner conflict zone"
33.3506,1,101,277,1.0000,1.0000,1.0000,1.0000,1.0000,1.0000,-1.2685,-19.3008,"7.265:0.000:18.000",0.3477,"A1 actors are outside the blind-corner conflict zone"
33.4823,1,101,278,1.0000,1.0000,1.0000,1.0000,1.0000,1.0000,-1.2482,-19.4561,"7.317:0.000:18.000",0.0000,"A1 actors are outside the blind-corner conflict zone"
33.5842,1,101,279,1.0000,1.0000,1.0000,1.0000,1.0000,1.0000,-1.2314,-19.5929,"7.357:0.000:18.000",0.0000,"A1 actors are outside the blind-corner conflict zone"
33.6931,1,101,280,1.0000,1.0000,1.0000,1.0000,1.0000,1.0000,-1.2134,-19.7151,"7.399:0.000:18.000",0.0000,"A1 actors are outside the blind-corner conflict zone"
33.7989,1,101,281,1.0000,1.0000,1.0000,1.0000,1.0000,1.0000,-1.1858,-19.8457,"7.440:0.000:18.000",0.1058,"A1 actors are outside the blind-corner conflict zone"
33.9065,1,101,282,1.0000,1.0000,1.0000,1.0000,1.0000,1.0000,-1.1499,-19.9751,"7.482:0.000:18.000",0.0000,"A1 actors are outside the blind-corner conflict zone"
34.0304,1,101,283,1.0000,1.0000,1.0000,1.0000,1.0000,1.0000,-1.1150,-20.0875,"7.531:0.000:18.000",0.0000,"A1 actors are outside the blind-corner conflict zone"
34.1511,1,101,284,1.0000,1.0000,1.0000,1.0000,1.0000,1.0000,-1.0821,-20.1908,"7.578:0.000:18.000",0.0000,"A1 actors are outside the blind-corner conflict zone"
34.2685,1,101,285,1.0000,1.0000,1.0000,1.0000,1.0000,1.0000,-1.0240,-20.3033,"7.623:0.000:18.000",0.0000,"A1 actors are outside the blind-corner conflict zone"
34.3887,1,101,286,1.0000,1.0000,1.0000,1.0000,1.0000,1.0000,-0.9507,-20.4157,"7.670:0.000:18.000",0.1202,"A1 actors are outside the blind-corner conflict zone"
34.5111,1,101,287,1.0000,1.0000,1.0000,1.0000,1.0000,1.0000,-0.8763,-20.5198,"7.718:0.000:18.000",0.2426,"A1 actors are outside the blind-corner conflict zone"
34.6314,1,101,288,1.0000,1.0000,1.0000,1.0000,1.0000,1.0000,-0.7901,-20.6380,"7.765:0.000:18.000",0.0000,"A1 actors are outside the blind-corner conflict zone"
34.7560,1,101,289,1.0000,1.0000,1.0000,1.0000,1.0000,1.0000,-0.6990,-20.7404,"7.814:0.000:18.000",0.0000,"A1 actors are outside the blind-corner conflict zone"
34.8758,1,101,290,1.0000,1.0000,1.0000,1.0000,1.0000,1.0000,-0.6103,-20.8251,"7.860:0.000:18.000",0.1198,"A1 actors are outside the blind-corner conflict zone"
34.9966,1,101,291,1.0000,1.0000,1.0000,1.0000,1.0000,1.0000,-0.4863,-20.9103,"7.907:0.000:18.000",0.0000,"A1 actors are outside the blind-corner conflict zone"
35.1123,1,101,292,1.0000,1.0000,1.0000,1.0000,1.0000,1.0000,-0.3960,-20.9578,"7.953:0.000:18.000",0.0000,"A1 actors are outside the blind-corner conflict zone"
35.2280,1,101,293,1.0000,1.0000,1.0000,1.0000,1.0000,1.0000,-0.2901,-21.0043,"7.998:0.000:18.000",0.1157,"A1 actors are outside the blind-corner conflict zone"
35.3405,1,101,294,1.0000,1.0000,1.0000,1.0000,1.0000,1.0000,-0.1705,-21.0469,"8.042:0.000:18.000",0.0000,"A1 actors are outside the blind-corner conflict zone"
35.4550,1,101,295,1.0000,1.0000,1.0000,1.0000,1.0000,1.0000,-0.0498,-21.0789,"8.086:0.000:18.000",0.1145,"A1 actors are outside the blind-corner conflict zone"
35.5671,1,101,296,1.0000,1.0000,1.0000,1.0000,1.0000,1.0000,0.0903,-21.1032,"8.130:0.000:18.000",0.0000,"A1 actors are outside the blind-corner conflict zone"
35.6723,1,101,297,1.0000,1.0000,1.0000,1.0000,1.0000,1.0000,0.2009,-21.1158,"8.171:0.000:18.000",0.0000,"A1 actors are outside the blind-corner conflict zone"
35.7807,1,101,298,1.0000,1.0000,1.0000,1.0000,1.0000,1.0000,0.3269,-21.1302,"8.213:0.000:18.000",0.0000,"A1 actors are outside the blind-corner conflict zone"
35.8905,1,101,299,1.0000,1.0000,1.0000,1.0000,1.0000,1.0000,0.4737,-21.1433,"8.256:0.000:18.000",0.1099,"A1 actors are outside the blind-corner conflict zone"
36.0094,1,101,300,1.0000,1.0000,1.0000,1.0000,1.0000,1.0000,0.6196,-21.1576,"8.302:0.000:18.000",0.0000,"A1 actors are outside the blind-corner conflict zone"
36.1216,1,101,301,1.0000,1.0000,1.0000,1.0000,1.0000,1.0000,0.7249,-21.1747,"8.346:0.000:18.000",0.0000,"A1 actors are outside the blind-corner conflict zone"
36.2255,1,101,302,1.0000,1.0000,1.0000,1.0000,1.0000,1.0000,0.8186,-21.1992,"8.387:0.000:18.000",0.0000,"A1 actors are outside the blind-corner conflict zone"
36.3332,1,101,303,1.0000,1.0000,1.0000,1.0000,1.0000,1.0000,0.9411,-21.2447,"8.429:0.000:18.000",0.0000,"A1 actors are outside the blind-corner conflict zone"
36.4423,1,101,304,1.0000,1.0000,1.0000,1.0000,1.0000,1.0000,1.0905,-21.2858,"8.471:0.000:18.000",0.0000,"A1 actors are outside the blind-corner conflict zone"
36.5690,1,101,305,1.0000,1.0000,1.0000,1.0000,1.0000,1.0000,1.2410,-21.2915,"8.521:0.000:18.000",0.0000,"A1 actors are outside the blind-corner conflict zone"
36.6790,1,101,306,1.0000,1.0000,1.0000,1.0000,1.0000,1.0000,1.3675,-21.2983,"8.564:0.000:18.000",0.0000,"A1 actors are outside the blind-corner conflict zone"
36.7920,1,101,307,1.0000,1.0000,1.0000,1.0000,1.0000,1.0000,1.4909,-21.3107,"8.608:0.000:18.000",0.1130,"A1 actors are outside the blind-corner conflict zone"
36.9016,1,101,308,1.0000,1.0000,1.0000,1.0000,1.0000,1.0000,1.6208,-21.3238,"8.650:0.000:18.000",0.2226,"A1 actors are outside the blind-corner conflict zone"
37.0149,1,101,309,1.0000,1.0000,1.0000,1.0000,1.0000,1.0000,1.7233,-21.3432,"8.695:0.000:18.000",0.0000,"A1 actors are outside the blind-corner conflict zone"
37.1269,1,101,310,1.0000,1.0000,1.0000,1.0000,1.0000,1.0000,1.8563,-21.3784,"8.738:0.000:18.000",0.0000,"A1 actors are outside the blind-corner conflict zone"
37.2304,1,101,311,1.0000,1.0000,1.0000,1.0000,1.0000,1.0000,1.9779,-21.4072,"8.779:0.000:18.000",0.1036,"A1 actors are outside the blind-corner conflict zone"
37.3410,1,101,312,1.0000,1.0000,1.0000,1.0000,1.0000,1.0000,2.0896,-21.4316,"8.822:0.000:18.000",0.2141,"A1 actors are outside the blind-corner conflict zone"
37.4464,1,101,313,1.0000,1.0000,1.0000,1.0000,1.0000,1.0000,2.2007,-21.4477,"8.863:0.000:18.000",0.3195,"A1 actors are outside the blind-corner conflict zone"
37.5593,1,101,314,1.0000,1.0000,1.0000,1.0000,1.0000,1.0000,2.3296,-21.4647,"8.907:0.000:18.000",0.0000,"A1 actors are outside the blind-corner conflict zone"
37.6666,1,101,315,1.0000,1.0000,1.0000,1.0000,1.0000,1.0000,2.4342,-21.4851,"8.949:0.000:18.000",0.0000,"A1 actors are outside the blind-corner conflict zone"
37.7806,1,101,316,1.0000,1.0000,1.0000,1.0000,1.0000,1.0000,2.5585,-21.5060,"8.993:0.000:18.000",0.1140,"A1 actors are outside the blind-corner conflict zone"
37.8847,1,101,317,1.0000,1.0000,1.0000,1.0000,1.0000,1.0000,2.6893,-21.5410,"9.034:0.000:18.000",0.2182,"A1 actors are outside the blind-corner conflict zone"
37.9941,1,101,318,1.0000,1.0000,1.0000,1.0000,1.0000,1.0000,2.8123,-21.5765,"9.076:0.000:18.000",0.0000,"A1 actors are outside the blind-corner conflict zone"
38.0949,1,101,319,1.0000,1.0000,1.0000,1.0000,1.0000,1.0000,2.9338,-21.5970,"9.116:0.000:18.000",0.0000,"A1 actors are outside the blind-corner conflict zone"
38.2008,1,101,320,1.0000,1.0000,1.0000,1.0000,1.0000,1.0000,3.0698,-21.6125,"9.157:0.000:18.000",0.1058,"A1 actors are outside the blind-corner conflict zone"
38.3061,1,101,321,1.0000,1.0000,1.0000,1.0000,1.0000,1.0000,3.2136,-21.6322,"9.198:0.000:18.000",0.2112,"A1 actors are outside the blind-corner conflict zone"
38.4323,1,101,322,1.0000,1.0000,1.0000,1.0000,1.0000,1.0000,3.3727,-21.6554,"9.247:0.000:18.000",0.3373,"A1 actors are outside the blind-corner conflict zone"
38.5365,1,101,323,1.0000,1.0000,1.0000,1.0000,1.0000,1.0000,3.5166,-21.6820,"9.288:0.000:18.000",0.0000,"A1 actors are outside the blind-corner conflict zone"
38.6550,1,101,324,1.0000,1.0000,1.0000,1.0000,1.0000,1.0000,3.6613,-21.7044,"9.334:0.000:18.000",0.1186,"A1 actors are outside the blind-corner conflict zone"
38.7605,1,101,325,1.0000,1.0000,1.0000,1.0000,1.0000,1.0000,3.8053,-21.7190,"9.375:0.000:18.000",0.0000,"A1 actors are outside the blind-corner conflict zone"
38.8810,1,101,326,1.0000,1.0000,1.0000,1.0000,1.0000,1.0000,3.9286,-21.7325,"9.422:0.000:18.000",0.0000,"A1 actors are outside the blind-corner conflict zone"
39.0029,1,101,327,1.0000,1.0000,1.0000,1.0000,1.0000,1.0000,4.0582,-21.7519,"9.470:0.000:18.000",0.0000,"A1 actors are outside the blind-corner conflict zone"
39.1237,1,101,328,1.0000,1.0000,1.0000,1.0000,1.0000,1.0000,4.2011,-21.7831,"9.517:0.000:18.000",0.0000,"A1 actors are outside the blind-corner conflict zone"
39.2486,1,101,329,1.0000,1.0000,1.0000,1.0000,1.0000,1.0000,4.3538,-21.8090,"9.566:0.000:18.000",0.1249,"A1 actors are outside the blind-corner conflict zone"
39.3543,1,101,330,1.0000,1.0000,1.0000,1.0000,1.0000,1.0000,4.4678,-21.8260,"9.607:0.000:18.000",0.0000,"A1 actors are outside the blind-corner conflict zone"
39.4553,1,101,331,1.0000,1.0000,1.0000,1.0000,1.0000,1.0000,4.5814,-21.8495,"9.646:0.000:18.000",0.0000,"A1 actors are outside the blind-corner conflict zone"
39.5784,1,101,332,1.0000,1.0000,1.0000,1.0000,1.0000,1.0000,4.7022,-21.8758,"9.694:0.000:18.000",0.0000,"A1 actors are outside the blind-corner conflict zone"
39.6977,1,101,333,1.0000,1.0000,1.0000,1.0000,1.0000,1.0000,4.8516,-21.8992,"9.741:0.000:18.000",0.0000,"A1 actors are outside the blind-corner conflict zone"
39.8167,1,101,334,1.0000,1.0000,1.0000,1.0000,1.0000,1.0000,4.9690,-21.9059,"9.787:0.000:18.000",0.0000,"A1 actors are outside the blind-corner conflict zone"
39.9401,1,101,335,1.0000,1.0000,1.0000,1.0000,1.0000,1.0000,5.1284,-21.9161,"9.835:0.000:18.000",0.0000,"A1 actors are outside the blind-corner conflict zone"
40.0596,1,101,336,1.0000,1.0000,1.0000,1.0000,1.0000,1.0000,5.2581,-21.9128,"9.882:0.000:18.000",0.0000,"A1 actors are outside the blind-corner conflict zone"
40.1775,1,101,337,1.0000,1.0000,1.0000,1.0000,1.0000,1.0000,5.4239,-21.9057,"9.928:0.000:18.000",0.0000,"A1 actors are outside the blind-corner conflict zone"
40.2994,1,101,338,1.0000,1.0000,1.0000,1.0000,1.0000,1.0000,5.5789,-21.9058,"9.976:0.000:18.000",0.1219,"A1 actors are outside the blind-corner conflict zone"
40.4188,1,101,339,1.0000,1.0000,1.0000,1.0000,1.0000,1.0000,5.7320,-21.9020,"10.022:0.000:18.000",0.2413,"A1 actors are outside the blind-corner conflict zone"
40.5404,1,101,340,1.0000,1.0000,1.0000,1.0000,1.0000,1.0000,5.8601,-21.8969,"10.069:0.000:18.000",0.0000,"A1 actors are outside the blind-corner conflict zone"
40.6612,1,101,341,1.0000,1.0000,1.0000,1.0000,1.0000,1.0000,5.9995,-21.9002,"10.117:0.000:18.000",0.1208,"A1 actors are outside the blind-corner conflict zone"
40.7670,1,101,342,1.0000,1.0000,1.0000,1.0000,1.0000,1.0000,6.0850,-21.9033,"10.158:0.000:18.000",0.2266,"A1 actors are outside the blind-corner conflict zone"
40.8670,1,101,343,1.0000,1.0000,1.0000,1.0000,1.0000,1.0000,6.1949,-21.9121,"10.197:0.000:18.000",0.3266,"A1 actors are outside the blind-corner conflict zone"
40.9928,1,101,344,1.0000,1.0000,1.0000,1.0000,1.0000,1.0000,6.3156,-21.9326,"10.246:0.000:18.000",0.0000,"A1 actors are outside the blind-corner conflict zone"
41.1284,1,101,345,1.0000,1.0000,1.0000,1.0000,1.0000,1.0000,6.4511,-21.9661,"10.299:0.000:18.000",0.0000,"A1 actors are outside the blind-corner conflict zone"
41.2442,1,101,346,1.0000,1.0000,1.0000,1.0000,1.0000,1.0000,6.5513,-22.0042,"10.344:0.000:18.000",0.0000,"A1 actors are outside the blind-corner conflict zone"
41.3687,1,101,347,1.0000,1.0000,1.0000,1.0000,1.0000,1.0000,6.6623,-22.0597,"10.393:0.000:18.000",0.1245,"A1 actors are outside the blind-corner conflict zone"
41.4732,1,101,348,1.0000,1.0000,1.0000,1.0000,1.0000,1.0000,6.7684,-22.1165,"10.433:0.000:18.000",0.2291,"A1 actors are outside the blind-corner conflict zone"
41.5808,1,101,349,1.0000,1.0000,1.0000,1.0000,1.0000,1.0000,6.8549,-22.1697,"10.475:0.000:18.000",0.0000,"A1 actors are outside the blind-corner conflict zone"
41.6926,1,101,350,1.0000,1.0000,1.0000,1.0000,1.0000,1.0000,6.9250,-22.2281,"10.519:0.000:18.000",0.0000,"A1 actors are outside the blind-corner conflict zone"
41.8043,1,101,351,1.0000,1.0000,1.0000,1.0000,1.0000,1.0000,6.9969,-22.3017,"10.562:0.000:18.000",0.1117,"A1 actors are outside the blind-corner conflict zone"
41.9050,1,101,352,1.0000,1.0000,1.0000,1.0000,1.0000,1.0000,7.0763,-22.3891,"10.602:0.000:18.000",0.2124,"A1 actors are outside the blind-corner conflict zone"
42.0058,1,101,353,1.0000,1.0000,1.0000,1.0000,1.0000,1.0000,7.1515,-22.4836,"10.641:0.000:18.000",0.0000,"A1 actors are outside the blind-corner conflict zone"
42.1086,1,101,354,1.0000,1.0000,1.0000,1.0000,1.0000,1.0000,7.2172,-22.5720,"10.681:0.000:18.000",0.0000,"A1 actors are outside the blind-corner conflict zone"
42.2087,1,101,355,1.0000,1.0000,1.0000,1.0000,1.0000,1.0000,7.2832,-22.6942,"10.720:0.000:18.000",0.0000,"A1 actors are outside the blind-corner conflict zone"
42.3110,1,101,356,1.0000,1.0000,1.0000,1.0000,1.0000,1.0000,7.3273,-22.7984,"10.760:0.000:18.000",0.0000,"A1 actors are outside the blind-corner conflict zone"
42.4356,1,101,357,1.0000,1.0000,1.0000,1.0000,1.0000,1.0000,7.3659,-22.9414,"10.809:0.000:18.000",0.0000,"A1 actors are outside the blind-corner conflict zone"
42.5646,1,101,358,1.0000,1.0000,1.0000,1.0000,1.0000,1.0000,7.3910,-23.1007,"10.859:0.000:18.000",0.0000,"A1 actors are outside the blind-corner conflict zone"
42.6689,1,101,359,1.0000,1.0000,1.0000,1.0000,1.0000,1.0000,7.3977,-23.2366,"10.900:0.000:18.000",0.1043,"A1 actors are outside the blind-corner conflict zone"
42.7755,1,101,360,1.0000,1.0000,1.0000,1.0000,1.0000,1.0000,7.4129,-23.3829,"10.941:0.000:18.000",0.2109,"A1 actors are outside the blind-corner conflict zone"
42.8964,1,101,361,1.0000,1.0000,1.0000,1.0000,1.0000,1.0000,7.4299,-23.5558,"10.988:0.000:18.000",0.3318,"A1 actors are outside the blind-corner conflict zone"
43.0248,1,101,362,1.0000,1.0000,1.0000,1.0000,1.0000,1.0000,7.4376,-23.7088,"11.038:0.000:18.000",0.0000,"A1 actors are outside the blind-corner conflict zone"
43.1454,1,101,363,1.0000,1.0000,1.0000,1.0000,1.0000,1.0000,7.4308,-23.8520,"11.085:0.000:18.000",0.0000,"A1 actors are outside the blind-corner conflict zone"
43.2649,1,101,364,1.0000,1.0000,1.0000,1.0000,1.0000,1.0000,7.4258,-23.9647,"11.132:0.000:18.000",0.0000,"A1 actors are outside the blind-corner conflict zone"
43.3888,1,101,365,1.0000,1.0000,1.0000,1.0000,1.0000,1.0000,7.4217,-24.1128,"11.180:0.000:18.000",0.0000,"A1 actors are outside the blind-corner conflict zone"
43.4660,1,101,366,1.0000,1.0000,1.0000,1.0000,1.0000,1.0000,7.4084,-24.2654,"11.220:0.000:18.000",0.0000,"A1 actors are outside the blind-corner conflict zone"
